time (s),yaw,pitch,roll,battery,acc_x,acc_y,acc_z,gyro_roll,gyro_pitch,gyro_yaw,altitude (m),loop rate (Hz),target altitude (m)
0.0,54.54427204611211,-0.5198198870033791,0.686139348288371,47,0.008493420667946339,0.012802967801690102,0.9986016750335693,-0.12498826533555984,-0.002866171533241868,-0.02186371199786663,1.1544025412012121e-07,282.74935957934474,0.0
0.05,54.54408359467895,-0.541473029638278,0.7035732657658571,47,0.00857508834451437,0.014241048134863377,0.9979699850082397,0.085955411195755,0.0845133364200592,0.10819443315267563,1.0167801102067691e-07,282.74935957934474,0.0
0.101,54.54332030521074,-0.5597105281436427,0.7104142538735286,47,0.012177872471511364,0.012604884803295135,0.9977161884307861,-0.13180391490459442,-0.12222585082054138,-0.007399025373160839,9.351981413800734e-08,282.74935957934474,0.0
0.152,54.542633463355635,-0.541740248709511,0.7130609854885102,47,0.010167044587433338,0.013106709346175194,0.999512255191803,0.1278158575296402,-0.159336656332016,0.09455088526010513,8.263682745322853e-08,282.74935957934474,0.0
0.202,54.54716935469197,-0.554404591789392,0.6703117366830053,47,0.009305374696850777,0.008558129891753197,0.9989985823631287,-0.11178753525018692,0.05478191748261452,0.002351692644879222,7.619382903302607e-08,282.74935957934474,0.0
0.253,54.550400155398705,-0.5841545819775854,0.677298366392022,47,0.009892288595438004,0.012981254607439041,0.997540295124054,-0.14531847834587097,0.053263723850250244,-0.062455546110868454,6.721672200923873e-08,282.74935957934474,0.0
0.303,54.55189899295082,-0.5269433480820782,0.6992157263708556,47,0.008553692139685154,0.013283904641866684,0.9982161521911621,-0.2831108868122101,-0.1700287014245987,0.03049229271709919,6.18567452552749e-08,282.74935957934474,0.0
0.353,54.55381574776306,-0.5398853668192597,0.6580851642473912,47,0.008555550128221512,0.010746568441390991,0.999757707118988,0.004013566765934229,0.03559986874461174,-0.050762467086315155,7.812346632318062e-05,282.74935957934474,0.0
0.404,54.555128946337724,-0.5382923068988307,0.6554901380946155,47,0.009236200712621212,0.01004062406718731,0.9998094439506531,0.10270535945892334,-0.061056602746248245,0.09164740145206451,7.787689919556019e-05,285.7544624608257,0.0
0.454,54.5529293863041,-0.5569727579599547,0.6384214769881545,47,0.008685034699738026,0.012071092613041401,0.9989892840385437,-0.15613067150115967,-0.037581637501716614,-0.2016337513923645,6.899503787584977e-05,285.7544624608257,0.0
0.505,54.55563407881088,-0.5812783666746104,0.6864862426988447,47,0.00821385346353054,0.01329303439706564,0.9996586441993713,-0.12669548392295837,-0.19241471588611603,0.0067625888623297215,6.366500148118561e-05,285.7544624608257,0.0
0.555,54.55695670461346,-0.5950552830801503,0.710131634679942,47,0.009985268115997314,0.013063273392617702,0.9999875426292419,-0.010001997463405132,-0.20979417860507965,-0.01307555940002203,5.6452892104864604e-05,285.7544624608257,0.0
0.606,54.5568326576179,-0.5869845696958427,0.717177104405578,47,0.010625144466757774,0.014503727667033672,0.9981037378311157,0.07778292149305344,-0.10518404096364975,-0.021750308573246002,5.203083840990985e-05,285.7544624608257,0.0
0.658,54.557315705844104,-0.5924283010994337,0.7199337622830642,47,0.008666756562888622,0.011892326176166534,0.9986574053764343,-0.1561543494462967,-0.040083274245262146,-0.0704144686460495,4.599022767910361e-05,285.7544624608257,0.0
0.708,54.55344859836724,-0.5311231269960078,0.6886303815125092,47,0.010357317514717579,0.012066696770489216,1.000198483467102,-0.32663220167160034,0.03810306265950203,-0.17064768075942993,4.07261806344889e-05,285.7544624608257,0.0
0.758,54.55361703605656,-0.5067906251867994,0.672997995609941,47,0.007485214155167341,0.008871839381754398,1.0000001192092896,-0.030012374743819237,-0.057710468769073486,0.08358652889728546,3.7574747072583195e-05,285.7544624608257,0.0
0.809,54.55411705880485,-0.5096749433206736,0.6832497318893955,47,0.008048179559409618,0.012505372986197472,0.9985612630844116,-0.07740127295255661,0.018539870157837868,0.002583303488790989,3.331065866282706e-05,285.7544624608257,0.0
0.859,54.55511359304379,-0.5101624768746573,0.6718560367778738,47,0.008009115234017372,0.011008698493242264,1.0001956224441528,0.04354562982916832,0.1631346195936203,0.11238184571266174,3.072070599443187e-05,285.7544624608257,0.0
0.909,54.55641260436164,-0.5117376661920343,0.6763129354489051,47,0.007022849749773741,0.010228407569229603,0.9974020719528198,-0.0853811725974083,-0.06809727102518082,0.04573835805058479,2.7239113049130856e-05,284.32104121475055,0.0
0.959,54.554924927952584,-0.49283881217416325,0.6701977823759736,47,0.0073219770565629005,0.010878787375986576,0.9986981153488159,0.039641644805669785,0.019263235852122307,0.057280659675598145,2.515727729963808e-05,284.32104121475055,0.0
1.01,54.55603116904813,-0.5340258571653553,0.6652703478605084,47,0.008946120738983154,0.010860903188586235,1.0003535747528076,-0.21066562831401825,-0.11360134929418564,-0.009338967502117157,2.2312716336172883e-05,284.32104121475055,0.0
1.06,54.555465113651785,-0.5334353231312847,0.6600941405394457,47,0.00914972648024559,0.010728748515248299,1.0004723072052002,0.1155361607670784,-0.07773202657699585,-0.03931412845849991,2.06074632669032e-05,284.32104121475055,0.0
1.11,54.55407838204641,-0.5304197335131543,0.6664792885751518,47,0.009212465956807137,0.010028011165559292,0.9969678521156311,-0.20736545324325562,0.16078157722949982,0.029088880866765976,1.8208331641585033e-05,284.32104121475055,0.0
1.161,54.55235842543322,-0.5447327539699731,0.6787834039090372,47,0.010241149924695492,0.013468791730701923,0.9998164772987366,-0.13626986742019653,-0.08858359605073929,-0.294273316860199,1.6790540302328276e-05,284.32104121475055,0.0
1.211,54.55166591861579,-0.5258365570971647,0.6789799276783747,47,0.009331220760941505,0.01258697360754013,0.9975829720497131,-0.11713480204343796,-0.09264251589775085,-0.1306447982788086,1.488906704556682e-05,284.32104121475055,0.0
1.261,54.554968522651016,-0.5356692589348836,0.6825114874915288,47,0.010064927861094475,0.013632383197546005,0.9982445240020752,-0.009365190751850605,-0.13913984596729279,-0.09209319949150085,1.376257038099343e-05,284.32104121475055,0.0
1.312,54.555985268384035,-0.5060817201465497,0.6874634441464218,47,0.006973632145673037,0.010378469713032246,0.9978367686271667,-0.021622296422719955,-0.13106997311115265,0.08837199211120605,1.226739733671757e-05,284.32104121475055,0.0
1.362,54.556246928072454,-0.5163592494509607,0.6548265934854763,47,0.009350375272333622,0.011291285045444965,0.9970556497573853,0.21292296051979065,-0.05708979442715645,0.17480190098285675,1.1370265072194329e-05,284.32104121475055,0.0
1.412,54.558042973476354,-0.5185607830140372,0.6707210701859492,47,0.009245107881724834,0.0105150006711483,1.0017293691635132,0.16368795931339264,-0.11656341701745987,0.0588872991502285,1.0150432156638116e-05,284.32104121475055,0.0
1.463,54.560524236136324,-0.503666024980357,0.6867176067995036,47,0.007135903928428888,0.013746166601777077,0.9964950084686279,-0.021371304988861084,-0.01171613484621048,-0.01029534824192524,9.40538164319803e-06,294.523137420125,0.0
1.513,54.56119382694951,-0.5095594435937242,0.6956179901020011,47,0.005489193368703127,0.012116133235394955,0.996282696723938,-0.20197317004203796,0.1396322250366211,0.10238724201917648,8.378276811504921e-06,294.523137420125,0.0
1.563,54.5626426643631,-0.5593144084753773,0.7260782405036923,47,0.002792770741507411,0.016358649358153343,1.0011409521102905,-0.2673555910587311,-0.022263115271925926,0.054752614349126816,0.00019270251972246382,294.523137420125,0.0
1.614,54.56261517033111,-0.5324435977692351,0.6981153609215894,47,0.008902214467525482,0.01391452457755804,0.9983500242233276,-0.16763384640216827,-0.19825682044029236,-0.03895161673426628,0.00028830868788911273,294.523137420125,0.0
1.664,54.56552774050566,-0.5171619263078009,0.7006107344428766,47,0.008806283585727215,0.012326976284384727,0.9982627034187317,-0.17288479208946228,-0.1823422759771347,0.10834143310785294,0.0002672868071556979,294.523137420125,0.0
1.714,54.56844340632635,-0.5062504382599644,0.7132757915590816,47,0.0094965361058712,0.014000950381159782,0.9965949654579163,-0.5475125312805176,-0.176252543926239,0.14484943449497223,0.00023842676131805704,294.523137420125,0.0
1.764,54.56864797941662,-0.534376277608748,0.7243739790150141,47,0.011368630453944206,0.013135842978954315,1.0012518167495728,0.11035092920064926,-0.022512413561344147,0.08677452057600021,0.00021301492950432575,294.523137420125,0.0
1.815,54.5680768063665,-0.539377809186805,0.6568768164955965,47,0.00827421061694622,0.010267519392073154,0.9974879026412964,-0.16460931301116943,0.07215344160795212,0.13458390533924103,0.00019758292941417027,294.523137420125,0.0
1.865,54.566726049606345,-0.5310091836459362,0.6833121654616559,47,0.011307858861982822,0.011461695656180382,0.9977416396141052,0.07361733168363571,-0.025511978194117546,-0.04432427138090134,0.0001765579142264305,294.523137420125,0.0
1.915,54.56598148997917,-0.5286509123803796,0.6752304461012261,47,0.00968906283378601,0.01229960285127163,0.9984220266342163,-0.0471624955534935,-0.16490738093852997,-0.0576847568154335,0.00016349390474599813,294.523137420125,0.0
1.966,54.56341936153358,-0.5688593644278273,0.6612870688027328,47,0.009687329642474651,0.009787341579794884,0.9988464713096619,-0.2902502715587616,0.017676595598459244,-0.19954632222652435,0.00014532830886471605,280.9689174705252,0.0
2.016,54.563199703471035,-0.5557371232414012,0.6875951667401721,47,0.008131956681609154,0.014095266349613667,0.9981511831283569,-0.040155258029699326,-0.020490512251853943,-0.009138260968029499,0.00013427337754894986,280.9689174705252,0.0
2.067,54.56579359772703,-0.563983653406909,0.6537060371418507,47,0.010238139890134335,0.010830415412783623,0.998031735420227,0.05217532068490982,0.10706743597984314,0.18165414035320282,0.00011951281022183567,280.9689174705252,0.0
2.117,54.56596657398267,-0.5358852315111537,0.656266821036935,47,0.009166828356683254,0.00993575993925333,0.9974128007888794,-0.0076835607178509235,0.035355884581804276,0.03057659976184368,0.00011063679489066249,280.9689174705252,0.0
2.168,54.56443699916404,-0.5220411391706837,0.710439080829411,47,0.006404364015907049,0.014780850149691105,0.9886505603790283,0.1155092865228653,0.13486066460609436,0.08235874772071838,9.861480324464715e-05,280.9689174705252,0.0
2.219,54.567151042167765,-0.5113997070328352,0.6926066921949887,47,0.009206281043589115,0.01677847094833851,0.9987868070602417,0.09065642207860947,-0.4447862207889557,0.294526606798172,9.138689604109463e-05,280.9689174705252,0.0
2.269,54.56793642720221,-0.52924606480359,0.6587258439984115,47,0.007936456240713596,0.012782003730535507,0.9971935749053955,0.17310501635074615,-0.4290773272514343,0.07029275596141815,8.16305282366814e-05,280.9689174705252,0.0
2.319,54.57505257241832,-0.5084834763121453,0.7425636823240467,47,0.007915941998362541,0.012975817546248436,0.9998175501823425,-0.26690953969955444,0.17493276298046112,0.5595985651016235,7.56944716430856e-05,280.9689174705252,0.0
2.37,54.57847214934284,-0.481951543237495,0.6616133079818443,47,0.00769327487796545,0.010941045358777046,1.0006904602050781,-0.20576848089694977,0.19232431054115295,0.2166246473789215,6.727742783867295e-05,280.9689174705252,0.0
2.42,54.58014043519923,-0.49925663106699564,0.6286115177047651,47,0.010031069628894329,0.009758222848176956,0.9964755177497864,-0.2645384967327118,0.04833639785647392,0.13058210909366608,6.226667775022654e-05,280.9689174705252,0.0
2.47,54.5830980461369,-0.5295288520822115,0.6502727126560515,47,0.009425565600395203,0.00994204729795456,0.9968241453170776,-0.136091947555542,0.012091324664652348,-0.2261759638786316,5.5610920853915084e-05,280.9689174705252,0.0
2.521,54.58046558636943,-0.603831337308059,0.6703244999957177,47,0.012046742253005505,0.014849529601633549,1.0002652406692505,0.34165433049201965,0.06322019547224045,0.15450520813465118,5.152860600326022e-05,286.98624700650015,0.0
2.572,54.58343897407133,-0.6095417237192403,0.6792213474192412,47,0.011364190839231014,0.011811407282948494,0.9989811778068542,-0.014238765463232994,-0.033933911472558975,-0.014016503468155861,4.599000072133744e-05,286.98624700650015,0.0
2.622,54.58638474792144,-0.5678132039734078,0.70480699168454,47,0.007386237382888794,0.01296747475862503,0.9994138479232788,0.005848891567438841,0.049299221485853195,0.20138080418109894,4.265674611121214e-05,286.98624700650015,0.0
2.673,54.58632061881536,-0.5402254208617884,0.6813051952177978,47,0.010430720634758472,0.013507012277841568,0.9988095760345459,-0.05322151258587837,0.050935447216033936,0.02925676666200161,3.812529485301619e-05,286.98624700650015,0.0
2.724,54.58568983403373,-0.5716530275933965,0.6905191173806992,47,0.010778120718896389,0.011440727859735489,0.9973239302635193,-0.19326776266098022,0.0950826033949852,-0.18677446246147156,3.537159386860071e-05,286.98624700650015,0.0
2.775,54.58912020670479,-0.5612315631323644,0.6640077270984454,47,0.009543300606310368,0.012246369384229183,0.9974880218505859,-0.15689873695373535,-0.11966852843761444,-0.09507495164871216,3.1541144878790024e-05,286.98624700650015,0.0
2.826,54.58930480004293,-0.5697379323580171,0.6807850127556702,47,0.011822436936199665,0.012031729333102703,0.9952987432479858,-0.06490704417228699,-0.29259487986564636,-0.02369522862136364,2.8202030109063035e-05,286.98624700650015,0.0
2.876,54.58909996845017,-0.5616597712428892,0.6875455418024012,47,0.010312058962881565,0.012644879519939423,0.999789297580719,0.08075239509344101,-0.036797381937503815,0.017830893397331238,2.614759837306423e-05,286.98624700650015,0.0
2.926,54.58800523127236,-0.5735895269966697,0.6805461891268869,47,0.010586555115878582,0.011171597056090832,0.9977710247039795,-0.13641351461410522,-0.0769943818449974,-0.07625279575586319,2.333457119455225e-05,286.98624700650015,0.0
2.977,54.587904467987755,-0.5609177649829453,0.6928278802554169,47,0.009179865010082722,0.010382059030234814,0.9993274807929993,-0.2920413911342621,-0.23085209727287292,0.022010812535881996,2.1639863526554913e-05,286.98624700650015,0.0
3.028,54.58967989132326,-0.5652946209450019,0.7129889762201733,47,0.009203762747347355,0.013789902441203594,0.9986117482185364,0.06176651641726494,-0.12140533328056335,-0.1346808224916458,1.9312906441785683e-05,286.98624700650015,0.0
3.079,54.592807733289206,-0.552197437446924,0.6768729630061525,47,0.00966299045830965,0.012676309794187546,1.0001691579818726,0.1140955239534378,0.06623024493455887,0.14246736466884613,1.7886741197406532e-05,248.11026323572906,0.0
3.129,54.59716301496986,-0.5527565535847128,0.6942624861972132,47,0.00905350036919117,0.011081242933869362,1.0001461505889893,-0.33500614762306213,-0.05916924029588699,-0.12241898477077484,1.5966165752688396e-05,248.11026323572906,0.0
3.179,54.597313136870426,-0.5401963799567888,0.6833342418054645,47,0.005411716178059578,0.009779931977391243,0.9984170794487,-1.2694936990737915,1.4465776681900024,0.1965222805738449,1.4818006948791614e-05,248.11026323572906,0.0
3.229,54.59545508741856,-0.5389134221758717,0.6904585190918333,47,0.008957077749073505,0.009170450270175934,0.9930675029754639,0.00547011336311698,-0.10740785300731659,0.006941189523786306,1.325979732218471e-05,248.11026323572906,0.0
3.28,54.59758182481686,-0.5252978000842867,0.7292278181747044,47,0.008965179324150085,0.012271679937839508,1.000357985496521,-0.17945979535579681,0.3883790373802185,-0.9452259540557861,1.232311962556192e-05,248.11026323572906,0.0
3.33,54.58692576332252,-0.2729800496670328,0.40367590259714686,47,-0.030826576054096222,0.03995976969599724,0.9837492108345032,1.2304704189300537,-2.127761125564575,-5.7175469398498535,1.1038395896401143e-05,248.11026323572906,0.0
3.38,54.14570317437521,0.6690645117874404,1.0312497699236463,47,-0.03974083065986633,0.032369744032621384,1.0221706628799438,8.601935386657715,-30.290508270263672,-29.19149398803711,1.0250710513717336e-05,248.11026323572906,0.0
3.43,51.81786619416781,2.0978649083080456,3.217542110281765,47,-0.05076039582490921,0.13240768015384674,0.979943037033081,-37.10468292236328,-17.600740432739258,-99.8994140625,9.163111091247343e-06,248.11026323572906,0.0
3.481,49.26257660267895,-3.6572751738324105,-2.874239531695697,47,0.45101138949394226,-0.31658926606178284,1.0595682859420776,6.18520450592041,1.256795048713684,5.697025299072266,8.495967630876449e-06,248.11026323572906,0.0
3.531,49.34311707157391,-1.4020283738037993,-0.5719004465999977,47,0.00013293347728904337,0.026798514649271965,1.0024523735046387,0.36770549416542053,-0.5088082551956177,-0.22050242125988007,7.5701250342966035e-06,248.11026323572906,0.0
3.581,49.33338084330321,-0.7794306731724329,-0.006073873653265275,47,0.004851453006267548,0.011381929740309715,0.999962568283081,0.09785918891429901,-0.3204664885997772,0.0343921072781086,7.014263118254667e-06,285.5988015797358,0.0
3.631,49.307990085434625,-0.015167997235665222,0.0689232053849057,47,-0.02014496736228466,0.011259788647294044,1.0065473318099976,-1.9656052589416504,0.17877912521362305,-2.7449560165405273,6.248523346056601e-06,285.5988015797358,0.0
3.681,49.2217225328906,-0.1405634005738762,0.3870893113210798,47,-0.001939944108016789,0.007937770336866379,0.9940721392631531,-2.957794189453125,2.758110284805298,-2.3060052394866943,5.785719769742776e-06,285.5988015797358,0.0
3.731,49.09893765461839,-0.2484223006926766,0.5944491639797805,47,-0.005499701015651226,-0.0035093624610453844,1.0067055225372314,0.39352110028266907,-1.2683722972869873,-6.462332725524902,5.138230156450685e-06,285.5988015797358,0.0
3.781,48.780925832519465,0.19009383660657145,0.7635079542489372,47,-0.011239218525588512,-0.0061272792518138885,1.002110242843628,4.116011142730713,-0.5528472661972046,-11.782454490661621,4.729696048085893e-06,285.5988015797358,0.0
3.833,48.595102658316186,-0.5241835443062908,0.30494395210347475,47,0.036497876048088074,-0.0042244018986821175,1.0449002981185913,-9.483525276184082,9.683959007263184,1.6091718673706055,4.198072779689636e-06,285.5988015797358,0.0
3.884,48.668689601044285,-0.4764888590930783,0.5858154132600055,47,0.007322616875171661,-0.011187580414116383,0.9893072843551636,-2.751849412918091,1.8898032903671265,3.239046096801758,3.7288938324932633e-06,285.5988015797358,0.0
3.934,48.79701887922144,-0.7671922019658717,1.1556813678498605,47,0.01562759466469288,0.03876201808452606,0.9981292486190796,-0.9802337884902954,1.7100900411605835,3.3149867057800293,3.4220462159884528e-06,285.5988015797358,0.0
3.984,48.84765898537642,-0.46165450836299265,1.2319268946648272,47,-0.0009860747959464788,0.012364426627755165,1.0055981874465942,1.0152192115783691,-2.063419818878174,0.28722184896469116,3.001370799216081e-06,285.5988015797358,0.0
4.034,48.846875787097396,-0.4337416503714722,1.086050125385298,47,0.018232623115181923,0.018575457856059074,0.9949621558189392,-0.4675754904747009,-0.3903358578681946,0.22918428480625153,2.741958573889412e-06,285.5988015797358,0.0
4.085,48.932144141656394,-0.6915104969190846,1.288742854651623,47,0.013430037535727024,0.02962139993906021,1.0002148151397705,0.6198524236679077,-1.3135769367218018,3.765961170196533,2.4024132562659555e-06,285.5988015797358,0.0
4.135,49.06899080493188,-0.5011629573299923,1.021324041398757,47,0.002923460677266121,0.01825275830924511,0.9973200559616089,-0.8918625712394714,0.3312702178955078,3.8356311321258545,2.2014898591057844e-06,275.8866013286851,0.0
4.186,49.0941884603105,-0.3968747524882526,1.0779824624955756,47,0.010221237316727638,0.015116115100681782,0.9980372190475464,-1.1527734994888306,-0.050891075283288956,-0.06454974412918091,1.9379463037397004e-06,275.8866013286851,0.0
4.236,49.108744138213105,-0.6436442274447864,1.0812275221021423,47,0.016870254650712013,0.02216115966439247,0.9961255788803101,-3.2467615604400635,2.8456709384918213,0.38021203875541687,1.77808642390068e-06,275.8866013286851,0.0
4.29,49.15053149566451,-0.7609877413392834,1.1589526024016947,47,0.01185795571655035,0.016310494393110275,1.0035572052001953,0.020157041028141975,0.5529912710189819,1.019840955734253,1.6283843276150208e-06,275.8866013286851,0.0
4.34,49.160121955460646,-0.620690223509712,1.246397105666644,47,0.008886679075658321,0.025008846074342728,1.0034128427505493,1.943963885307312,-2.2357378005981445,-0.12130242586135864,1.4129926327721517e-06,275.8866013286851,0.0
4.391,49.16719279526597,-0.3143952223832854,0.9470216973962323,47,-0.0018687359988689423,0.015201463364064693,1.001299500465393,3.938230514526367,-4.0650811195373535,0.3259320855140686,1.230821939656834e-06,275.8866013286851,0.0
4.441,49.173345290819476,0.22307642488137422,0.7820420984641174,47,-0.010764511302113533,0.013741048984229565,1.0045198202133179,4.898094177246094,-5.885244369506836,3.427253484725952,0.00030906919308522606,275.8866013286851,0.0
4.492,49.052978808741074,-0.04083222774566043,0.4057610416043492,47,0.0007787759532220662,0.0061288014985620975,1.0055454969406128,-2.0221638679504395,-8.020365715026855,-7.509795665740967,0.0009875322814808316,275.8866013286851,0.0
4.542,49.251758322815,1.0086680434828772,0.803814737783602,47,-0.012888370081782341,0.029640357941389084,1.0085577964782715,13.512776374816895,-12.025954246520996,19.76844024658203,0.0019460931935454202,275.8866013286851,0.0
4.592,49.3031296262258,-0.2611188836253572,-0.5991016019379457,47,0.018768751993775368,-0.016661539673805237,1.0325782299041748,4.029428958892822,-6.933090686798096,-5.232306003570557,0.00282547949365332,275.8866013286851,0.0
4.643,49.33081076719546,0.06536843759006059,-0.44361653155719083,47,0.004397835116833448,0.0005671393009833992,0.9890952706336975,27.704282760620117,10.50414752960205,7.638676643371582,0.004249125092449594,275.8866013286851,0.0
4.693,49.54622540083861,-0.11548805846603409,-0.8593844576818175,47,0.03497804328799248,-0.02339296229183674,1.0953009128570557,8.69785213470459,-0.6089971661567688,5.6771745681762695,0.00531038478109915,298.7608804045872,0.0
4.743,49.397589804531975,-1.2673531847614685,-0.9890758901847393,47,0.046105463057756424,-0.0030352883040905,1.0542012453079224,-6.091310501098633,10.169526100158691,-11.325521469116211,0.006445012804921229,298.7608804045872,0.0
4.794,49.04761917638038,-1.0900392062064166,-0.3603990339829962,47,-0.00012838853581342846,-0.00495358370244503,1.1063156127929688,-8.362478256225586,-4.4420166015625,-4.950033187866211,0.007654547315164031,298.7608804045872,0.0
4.844,48.939072054818396,-1.5207880872147386,-1.1661711819338476,47,0.039646346122026443,-0.06654428690671921,1.0461055040359497,-9.965145111083984,20.73597526550293,-9.088793754577637,0.010795576663521923,298.7608804045872,0.0
4.894,48.1431565725821,-1.6555350657594667,-1.9907289832441255,47,0.01785421185195446,-0.06934113055467606,1.0247105360031128,0.7220474481582642,20.054553985595703,-31.489797592163086,0.01377526505955854,298.7608804045872,0.0
4.945,46.904156752226825,-1.5821088003029997,-1.979829165550508,47,0.017929477617144585,-0.019436514005064964,1.0102615356445312,-21.45743179321289,25.4808292388916,-44.98615646362305,0.019459375560025537,298.7608804045872,0.0
4.995,45.39744657858098,-0.9846786999032072,1.234733752071422,47,-0.0234201829880476,0.09288321435451508,0.8340507745742798,12.285202980041504,18.23933219909668,-53.608154296875,0.02443243527536679,298.7608804045872,0.0
5.045,44.39781272903753,1.4684627154802747,4.016813029725961,47,-0.09022581577301025,0.16017769277095795,0.8667524456977844,-2.853778123855591,-9.849584579467773,-7.95703125,0.032206355845090004,298.7608804045872,0.0
5.096,45.07943813922482,2.5782480500519127,4.352849033222679,47,-0.04287257790565491,0.06450988352298737,0.9511703848838806,11.473012924194336,-39.35555648803711,39.01276779174805,0.03674954011911467,298.7608804045872,0.0
5.146,46.70733931661159,1.6564444311058377,1.092797583369703,47,0.05315277352929115,-0.05620032921433449,0.9244495630264282,17.07579803466797,-16.20526695251465,48.72295379638672,0.04280551679330627,298.7608804045872,0.0
5.197,46.88084646455838,-0.8976057553258572,-2.324811726128284,47,0.0794256180524826,-0.12519696354866028,1.0985699892044067,11.666520118713379,0.0679602399468422,-44.06011199951172,0.04649569916542535,285.11345251852356,0.0
5.247,45.02010160545916,-1.4813020511370067,-2.0505252402533474,47,0.029906470328569412,-0.0026775372680276632,0.9511225819587708,29.350383758544922,18.340015411376953,-68.55162811279297,0.05107699403586838,285.11345251852356,0.0
5.297,42.53841667107309,-0.11311501537351111,0.5881333525754354,47,-0.03798140212893486,0.07873795926570892,1.0875974893569946,9.691475868225098,66.00794219970703,-69.6087875366211,0.05378770476969054,285.11345251852356,0.0
5.348,40.641286825098454,2.0184249396625553,4.964932377607633,47,-0.0931088775396347,0.15782304108142853,1.024114966392517,-8.927693367004395,7.750204086303711,-45.60917663574219,0.05691880750845214,285.11345251852356,0.0
5.399,39.93129601288096,3.4516879692709157,8.038771722952673,47,-0.09827584773302078,0.16996583342552185,0.9851829409599304,-13.083059310913086,34.48018264770508,-5.188988208770752,0.058616523137853024,285.11345251852356,0.0
5.45,40.07016861068454,3.6300788659953076,8.371490114759279,47,-0.05620606243610382,0.1441945880651474,1.0343966484069824,-12.176841735839844,-3.0723960399627686,8.407339096069336,0.06105033912990208,285.11345251852356,0.0
5.5,40.1470916148397,2.925636910571113,7.453174912506061,47,-0.027053965255618095,0.07802612334489822,0.9554272890090942,-7.7847185134887695,16.141536712646484,-4.203836917877197,0.06241054314013913,285.11345251852356,0.0
5.55,39.547893282400864,2.2853645718037376,6.154162959385899,47,-0.04020833969116211,0.0867776870727539,0.9217007756233215,-1.9745635986328125,2.545722007751465,-29.601926803588867,0.06429550351969118,285.11345251852356,0.0
5.601,38.827786824425054,3.3542281797992626,6.557315115839551,47,-0.10281788557767868,0.1252853274345398,0.9456840753555298,-1.0347821712493896,-16.704748153686523,-10.257513046264648,0.06542144835254861,285.11345251852356,0.0
5.651,38.629065199948904,3.3206639923809402,4.5465620109164595,47,-0.05444089695811272,0.03359803929924965,1.0252165794372559,-5.300319194793701,-0.5365554094314575,-14.987969398498535,0.06657339001636503,285.11345251852356,0.0
5.702,37.998976601153615,4.1144963567673525,4.44963627820159,47,-0.1003429964184761,0.07955829054117203,0.9123534560203552,-4.266803741455078,7.200822830200195,-17.15215301513672,0.06693563342287803,285.11345251852356,0.0
5.752,37.3697414343947,3.9499076241371296,4.488934298919546,47,-0.049873288720846176,0.10462319105863571,0.9344655871391296,-1.3202531337738037,-6.571404933929443,-23.035032272338867,0.06698924166221884,284.9391304347826,0.0
5.803,36.73394568933524,4.172417239385455,5.752004636597426,47,-0.09432797133922577,0.157918781042099,1.1037352085113525,-4.365200519561768,-39.76569747924805,-5.808828830718994,0.06621046268164052,284.9391304347826,0.0
5.853,37.09633918631327,2.7098514467508363,5.449235902298153,47,0.01517533790320158,0.07576902210712433,1.076006293296814,-27.84564208984375,-1.0934460163116455,11.358646392822266,0.06565289971187233,284.9391304347826,0.0
5.903,36.55951611140283,-0.1011838262742575,6.16813697277118,47,0.03100661188364029,0.1640717089176178,0.9340441226959229,-15.99694538116455,-6.833104610443115,-36.93061828613281,0.06439933024978466,284.9391304347826,0.0
5.954,36.20558818358286,0.2360164820297704,6.735113411544474,47,-0.0074083199724555016,0.13258381187915802,1.1499757766723633,-12.023923873901367,-39.33077621459961,8.616445541381836,0.06319832052896497,284.9391304347826,0.0
6.004,36.72833561514399,-1.2573245229866394,4.064988953545899,47,0.039578214287757874,0.013642648234963417,1.0353093147277832,-24.760669708251953,-13.49622917175293,14.14030647277832,0.061752802027085454,284.9391304347826,0.0
6.055,37.36356426896436,-2.295221423009742,2.824853011373014,47,0.051252853125333786,0.03938752040266991,0.9100666046142578,-22.667707443237305,-13.972574234008789,28.93366050720215,0.06112427750082466,284.9391304347826,0.0
6.105,38.46783097744237,-4.404007624120332,1.2819644474167342,47,0.14285366237163544,-0.011351021006703377,0.9030857086181641,-2.7160627841949463,-9.052557945251465,28.508718490600586,0.06006348739575923,284.9391304347826,0.0
6.158,38.836317226620125,-6.660430296535871,0.35545148677465266,47,0.1454533189535141,-0.0018783253617584705,0.8669700622558594,0.13512401282787323,9.96279239654541,4.075185775756836,0.059217643409112355,284.9391304347826,0.0
6.208,38.89711855237474,-5.465970136248232,1.5580184571290214,47,0.046395689249038696,0.0374436192214489,0.8792742490768433,31.992298126220703,12.586947441101074,5.828460693359375,0.05740889450102302,284.9391304347826,0.0
6.258,38.83226128646961,-2.56743310332826,2.031252475511321,47,-0.004563646391034126,0.06784391403198242,0.927511990070343,48.39359664916992,11.660928726196289,-16.01715087890625,0.05547214998121877,289.7018925265921,0.0
6.309,38.87904370572565,2.9214484240531196,2.9033299238040158,47,-0.15297560393810272,0.0611991323530674,1.15989089012146,19.063508987426758,-7.397380352020264,22.252641677856445,0.05209878234537736,289.7018925265921,0.0
6.359,39.70504023571963,3.4934044817449577,1.5199197738582375,47,-0.04081234708428383,-0.018692150712013245,1.0757676362991333,5.294697284698486,-0.79180508852005,18.189922332763672,0.049884585854669594,289.7018925265921,0.0
6.409,39.95872663202684,3.3009201989925328,0.2002303536016781,47,-0.053415048867464066,-0.014453290030360222,1.1665877103805542,6.081784248352051,-8.062402725219727,2.7072348594665527,0.04646986391098378,289.7018925265921,0.0
6.459,39.774704255751004,2.5937016630392797,-0.03453491211034175,47,-0.028786972165107727,-0.001050026505254209,1.1343566179275513,-4.437521457672119,10.97258186340332,-8.847272872924805,0.04424494547549163,289.7018925265921,0.0
6.51,39.50067772188279,2.3379531920251093,1.004837990332863,47,-0.04651490971446037,0.03455769270658493,1.2195733785629272,-1.7334489822387695,-7.0929741859436035,-4.5366926193237305,0.04182220765167544,289.7018925265921,0.0
6.56,39.46261195845182,1.0812211528006261,0.1271542790960575,47,0.007329786662012339,-0.055368706583976746,1.0923683643341064,-28.664905548095703,17.270893096923828,-3.029083490371704,0.04098862136979497,289.7018925265921,0.0
6.61,38.70960283400382,-1.4861199521577946,-1.7471097331429324,47,0.05628516897559166,-0.06800249218940735,0.9990332126617432,-0.3377620279788971,7.524864196777344,-37.42471694946289,0.041222247489100146,289.7018925265921,0.0
6.66,37.80916447724485,-2.2043224756001574,-1.4207966318507608,47,0.06323233991861343,0.0027807801961898804,0.9794692993164062,-9.372429847717285,9.884625434875488,-27.58607292175293,0.042411482916369626,289.7018925265921,0.0
6.71,36.98431565764395,-3.288866024379723,-0.0985060685818086,47,0.07578004151582718,0.019609984010457993,0.858169674873352,1.2646503448486328,-4.128617286682129,-17.392000198364258,0.04579224542657294,289.7018925265921,0.0
6.761,36.42175259153191,-3.193057397379158,-0.12438417260891717,47,0.04955805465579033,-0.020496653392910957,0.9072794914245605,-5.471145153045654,-7.957254409790039,-15.516793251037598,0.0508382542121684,289.7018925265921,0.0
6.811,35.6833550395645,-2.8592695462276483,1.298649173929473,47,0.004983451683074236,0.08320508897304535,0.5692024230957031,12.82101058959961,-3.491055488586426,-22.55097770690918,0.05482050816594504,278.43228890069037,0.0
6.861,35.56184291107194,0.5200959375032167,2.5258882899052613,47,-0.056102488189935684,0.032906968146562576,0.8880605697631836,13.729045867919922,-18.282066345214844,9.610562324523926,0.05910295807120895,278.43228890069037,0.0
6.911,35.54853717640144,2.737869612326284,2.10828790981594,47,-0.1292385756969452,0.07069054991006851,1.0365508794784546,32.79852294921875,-10.50572395324707,-3.576709508895874,0.06566486347751668,278.43228890069037,0.0
6.961,36.030380473672025,5.141830128540203,3.1194400988219493,47,-0.09911644458770752,0.06374432891607285,1.1187211275100708,2.737100124359131,14.628193855285645,17.522647857666016,0.07051179615928826,278.43228890069037,0.0
7.012,36.49648873725048,4.467063836161715,2.8092671806123004,47,-0.04331677407026291,0.005757562350481749,0.9834324717521667,9.933879852294922,18.099407196044922,12.179447174072266,0.07262410154986104,278.43228890069037,0.0
7.062,36.60116371764003,3.964569327174498,2.396225532651941,47,-0.07526706159114838,0.05324668809771538,1.1369954347610474,8.586624145507812,12.231614112854004,-2.718550443649292,0.07482661559684721,278.43228890069037,0.0
7.112,36.54149666502724,4.699656127427137,3.2748836714136584,47,-0.07585880905389786,0.04851160943508148,1.4429433345794678,-7.021307468414307,15.382524490356445,-1.8493036031723022,0.0758775816548056,278.43228890069037,0.0
7.163,36.36795078507588,3.2607079732548376,3.392849706121008,47,-0.03465810418128967,0.04431367293000221,1.0809729099273682,-23.113630294799805,22.513572692871094,-6.200091361999512,0.07847853791456091,278.43228890069037,0.0
7.213,36.059677667213904,1.622001250795874,4.177067446119923,47,0.00817235466092825,0.1106639876961708,0.9945500493049622,-21.74248504638672,19.934324264526367,-12.877311706542969,0.08125879952671408,278.43228890069037,0.0
7.263,35.905514348239,0.7759659470861425,6.792424286417929,47,-0.008351181633770466,0.17439401149749756,1.0202828645706177,-17.648136138916016,-15.380364418029785,7.35500955581665,0.08675431512188227,278.43228890069037,0.0
7.314,36.41971987423657,-1.1517517422085146,4.24880735041829,47,0.07861265540122986,-0.010373449884355068,0.8982437252998352,-20.545894622802734,-24.975839614868164,8.646482467651367,0.09142701462124284,278.43228890069037,0.0
7.364,36.15688140203557,-2.5492525172057494,1.8132458145478942,47,0.046631261706352234,0.024585654959082603,0.7586266994476318,3.7276084423065186,-19.588882446289062,-11.860795974731445,0.09955680275902853,282.55887900835353,0.0
7.414,35.89886300762002,-1.7280554828889425,1.5576149463873505,47,0.018766580149531364,0.03671780973672867,0.806387186050415,20.678298950195312,-14.829197883605957,-8.436544418334961,0.10527150171720262,282.55887900835353,0.0
7.465,35.824562208092956,-0.198396207754719,1.0103160744480266,47,-0.03361840918660164,0.0032574229408055544,0.7973849177360535,16.002573013305664,-0.9082671999931335,8.486186981201172,0.11371672406458279,282.55887900835353,0.0
7.515,35.83887743168428,0.801096876814444,-0.5736238261244834,47,-0.04835394397377968,-0.027613840997219086,0.8869637846946716,22.135313034057617,-12.915681838989258,-10.997257232666016,0.11946333017835954,282.55887900835353,0.0
7.566,35.439263875207956,4.034018860198703,-0.07345424586407963,47,-0.11331416666507721,0.03365950286388397,1.1659786701202393,20.231338500976562,17.658802032470703,-3.8809733390808105,0.12680488759395,282.55887900835353,0.0
7.617,35.27309753760551,4.396330813809578,1.5353306050880164,47,-0.0791427344083786,0.059227898716926575,0.9702944755554199,11.276886940002441,3.5705716609954834,-10.814332008361816,0.1311465535000704,282.55887900835353,0.0
7.667,35.056560849832834,5.82836994411775,3.356479869076871,47,-0.10500629246234894,0.06212906166911125,1.0033183097839355,27.47209358215332,8.625432014465332,1.121012568473816,0.13680311104597404,282.55887900835353,0.0
7.717,35.22738543857312,5.916912903984145,2.65308692632597,47,-0.08364878594875336,0.0045130811631679535,1.0028938055038452,5.977004051208496,-4.595806121826172,6.035378456115723,0.14063866629023636,282.55887900835353,0.0
7.768,35.409292219415796,5.481165152350069,-0.5052022641051481,47,-0.05193792283535004,-0.058909203857183456,1.0587551593780518,18.25243377685547,-27.202709197998047,1.228438138961792,0.14646593662053084,282.55887900835353,0.0
7.818,34.92408229802518,4.5871136275492885,-0.6991703665132275,47,-0.08795464783906937,0.019205132499337196,0.9805703163146973,-10.550492286682129,14.872459411621094,-19.5457706451416,0.15030973702859057,282.55887900835353,0.0
7.868,34.652201383314015,5.706637092456159,0.9850448473758225,47,-0.12958277761936188,0.015447637066245079,1.054263710975647,2.534055471420288,10.908428192138672,5.183957099914551,0.1557976320426157,275.6508937960042,0.0
7.919,34.83816989550517,4.785319359599256,1.5622615906144472,47,-0.04768560454249382,0.04688359797000885,0.9638159275054932,-0.9985640048980713,30.774869918823242,-7.124556541442871,0.15957862527027647,275.6508937960042,0.0
7.969,34.330549835829714,5.822194003628481,3.550873404934127,47,-0.14909861981868744,0.08684941381216049,1.0018223524093628,10.260641098022461,-11.687870025634766,-7.671577453613281,0.16593536182992796,275.6508937960042,0.0
8.02,34.58949650490675,6.6232427915752945,4.922517892776956,47,-0.1403806358575821,0.1435556858778,0.8972041010856628,1.3125401735305786,-35.38410949707031,14.170025825500488,0.1729620844334286,275.6508937960042,0.0
8.07,35.704930444618896,6.579703129142277,2.664356245536051,47,-0.0696101039648056,-0.007572716102004051,1.0091159343719482,-11.56906509399414,-14.416672706604004,38.10439682006836,0.17802232934484025,275.6508937960042,0.0
8.12,36.386655913718435,4.966573900036807,0.34726877738860473,47,-0.07163114100694656,-0.024651698768138885,0.9648669362068176,7.398411750793457,-29.08449935913086,14.865249633789062,0.18533643638043681,275.6508937960042,0.0
8.171,36.766251839905436,5.526280493044275,-0.18300682432149212,47,-0.1201389878988266,-0.020008020102977753,1.0260486602783203,2.2704012393951416,-0.7693812251091003,14.866964340209961,0.18977029631468645,275.6508937960042,0.0
8.221,37.12384203129653,5.21158324266964,-0.2998249144561528,47,-0.06312674283981323,-0.020821189507842064,0.873406708240509,0.38585495948791504,35.92889404296875,1.4468759298324585,0.19575794201399704,275.6508937960042,0.0
8.272,36.96579850201186,5.3561070465464145,1.3121582068991458,47,-0.12353439629077911,0.08617791533470154,0.8325098156929016,-0.3231313228607178,-6.035600185394287,-5.458915710449219,0.19966121555031768,275.6508937960042,0.0
8.323,36.95657095089748,5.599322704359337,3.8789876559019483,47,-0.05734429880976677,0.13394047319889069,0.8862190246582031,-4.588829040527344,9.374054908752441,3.9435946941375732,0.20515609168425494,275.6508937960042,0.0
8.373,36.95750314436312,6.377827270983075,5.410123177086961,47,-0.21670040488243103,0.05935429036617279,1.2015531063079834,25.250837326049805,-57.51493835449219,12.063291549682617,0.20806028158086542,275.6508937960042,0.0
8.423,38.65830918752666,6.077271916152419,-0.3262346982857073,47,-0.025157161056995392,-0.130418598651886,1.0725747346878052,-21.30896759033203,3.0994040966033936,50.269107818603516,0.2117029487353559,281.9131603710176,0.0
8.474,39.168747403899445,4.587433916159397,-5.828309580569594,47,-0.09097720682621002,-0.18918953835964203,1.137986421585083,-14.4585599899292,-24.818546295166016,-5.528843402862549,0.21464581851883674,281.9131603710176,0.0
8.524,38.488025587025234,4.571604040626475,-6.026658463617056,47,-0.09578237682580948,-0.08380825072526932,0.9401415586471558,-32.903072357177734,25.704172134399414,-25.013063430786133,0.21883762612519453,281.9131603710176,0.0
8.575,37.630150604317755,4.392561184129708,-2.7759283126075305,47,-0.09124448895454407,0.06183119863271713,0.9144424200057983,-24.066740036010742,-11.09825325012207,-25.629003524780273,0.22178396103092868,281.9131603710176,0.0
8.625,37.34120813578813,5.518546861445969,0.8783270109076078,47,-0.13883140683174133,0.083041712641716,0.9845874905586243,-9.320470809936523,0.21125036478042603,20.483949661254883,0.22591519607502328,281.9131603710176,0.0
8.675,38.32262372820407,5.792702753396643,2.082383479015841,47,-0.08100807666778564,0.046836964786052704,0.9318747520446777,-1.8186960220336914,-1.4856330156326294,52.80425262451172,0.2288785704296903,281.9131603710176,0.0
8.726,40.10402426089679,4.615709663361275,1.2840769672570018,47,-0.041369300335645676,0.0037755053490400314,1.0375336408615112,-16.58528709411621,-1.56647527217865,55.54973220825195,0.23346975415133334,281.9131603710176,0.0
8.776,41.75619198356055,2.582826978690117,0.07917962875328988,47,0.019739918410778046,-0.07778812944889069,0.948074221611023,3.8902828693389893,13.631184577941895,35.622291564941406,0.23615719669559188,281.9131603710176,0.0
8.826,41.9039283853527,-0.12230413981868478,-1.5352727129655641,47,0.07933943718671799,-0.04898731783032417,0.9319947957992554,-5.444684982299805,-0.7064852118492126,-21.38703727722168,0.24013819491129113,281.9131603710176,0.0
8.876,40.075813887604525,-0.2656540126198191,-3.2891920070622946,47,-0.01012113131582737,-0.0694955587387085,0.9133439660072327,45.185298919677734,-48.82809829711914,-71.53514862060547,0.2426884952313761,281.9131603710176,0.0
8.927,37.710764765068305,3.3115430891278423,-5.051253701865233,47,-0.15010708570480347,-0.0718526840209961,1.1408588886260986,41.13071060180664,-49.35209274291992,-83.57756805419922,0.24555683423561414,281.9131603710176,0.0
8.977,36.15933292327566,8.300859076569012,-2.2863975985323193,47,-0.26049646735191345,0.048857271671295166,1.0573755502700806,-2.442284345626831,19.77366828918457,-0.46999678015708923,0.24726308186753534,284.74568906992533,0.0
9.028,37.550338277426484,8.098650448821015,-1.2793283310491819,47,-0.06340748071670532,-0.05624714866280556,0.9417338371276855,-13.866092681884766,7.099996566772461,56.161441802978516,0.2495272960152006,284.74568906992533,0.0
9.078,38.28508924046759,5.153460154829689,-2.933356984592353,47,-0.03850124776363373,-0.0682673379778862,1.0340754985809326,-13.526304244995117,-6.23504114151001,1.3301117420196533,0.2513511929839264,284.74568906992533,0.0
9.128,38.289959736958004,5.177141265689578,-2.0395100319150754,47,-0.13155114650726318,-0.008873695507645607,1.0173691511154175,-24.241037368774414,9.938604354858398,16.599634170532227,0.2520786387732048,284.74568906992533,0.0
9.179,39.59705375813673,3.5912778846918894,-2.859679649786474,47,0.0006604226073250175,-0.09244991838932037,0.9436824917793274,-22.301528930664062,7.646304607391357,32.90237808227539,0.2529458277847915,284.74568906992533,0.0
9.229,39.85553910513341,2.06305315235168,-3.2551275203633048,47,-0.051775239408016205,-0.041458845138549805,1.0073140859603882,-26.294431686401367,10.97516918182373,-0.08018168807029724,0.25346748937093605,284.74568906992533,0.0
9.28,40.224372780482845,2.7032890973311425,-1.4726118083428095,47,-0.07239029556512833,-0.017891859635710716,0.9671890735626221,-11.704679489135742,-6.0012898445129395,25.572668075561523,0.2544319978131476,284.74568906992533,0.0
9.33,41.2328930956431,1.1164511301838758,-3.1171084957488637,47,0.03801247105002403,-0.1045101210474968,1.0954102277755737,-18.714197158813477,6.072342872619629,26.22983169555664,0.2546958200747401,284.74568906992533,0.0
9.38,41.25451544698978,-0.8117394724279903,-2.378925828194247,47,0.03728729486465454,0.006940310820937157,0.8980588912963867,2.3396899700164795,13.25109577178955,-14.001142501831055,0.2554309925409115,284.74568906992533,0.0
9.43,41.00521473146526,0.013182708748518637,-0.38342314638854935,47,-0.017115604132413864,0.03351425379514694,1.054682970046997,5.526438236236572,-1.5930274724960327,0.6550532579421997,0.2556783511077898,284.74568906992533,0.0
9.481,41.16338142366512,0.1428812285619763,0.2943071430582711,47,-0.006164288613945246,-0.0008838947396725416,0.9601543545722961,-4.692430019378662,13.352483749389648,5.068843841552734,0.25573008612884757,263.89228639738263,0.0
9.531,41.28686707732319,0.05782758494264961,0.18892552627010054,47,0.004643225576728582,0.0036498333793133497,1.0591859817504883,2.071033239364624,3.6908795833587646,0.6102518439292908,0.256089543746062,263.89228639738263,0.0
9.581,41.28758828981048,0.016763812977137423,0.3098747375877641,47,-0.00361506175249815,1.2144516404077876e-05,0.9264069199562073,-7.89824914932251,6.398056983947754,2.943345069885254,0.25654118297845063,263.89228639738263,0.0
9.632,41.33168686088783,-0.4933412202334307,-0.1357777458450901,47,0.021139074116945267,-0.012621397152543068,1.0335850715637207,0.24443481862545013,5.078827857971191,-4.511540412902832,0.25685080008363464,263.89228639738263,0.0
9.682,41.14214312093674,-0.12960602656966966,1.0242918896004098,47,-0.023442087695002556,0.04903188720345497,0.9732564091682434,2.0130367279052734,5.262348651885986,-2.265303611755371,0.25735770591303064,263.89228639738263,0.0
9.732,41.33901111892494,0.156150452885296,1.2093881134390552,47,0.006293572019785643,0.01666499301791191,0.9971857666969299,-2.744258403778076,4.759539604187012,5.2675395011901855,0.2575951397208077,263.89228639738263,0.0
9.783,41.323426594484815,0.04323397672432072,1.6282038823866407,47,-0.006214214023202658,0.039798539131879807,0.990854799747467,5.61173152923584,-6.745950698852539,-0.3490545451641083,0.25765181670740117,263.89228639738263,0.0
9.833,41.42680430478138,-0.11871212044178114,1.8475335794061611,47,0.015702618286013603,0.04184413701295853,1.0228615999221802,-1.0151762962341309,0.3249967396259308,1.9250372648239136,0.25767225782481895,263.89228639738263,0.0
9.884,41.56459909180334,-0.20429623282882123,1.6892936322434031,47,0.00867400411516428,0.017686573788523674,1.0242679119110107,-0.8275925517082214,-6.956782341003418,6.967398643493652,0.2574213042249257,263.89228639738263,0.0
9.934,41.65712188161106,-0.5632875564479649,1.0499102414614248,47,0.01003212295472622,0.02081386372447014,1.032120943069458,-1.9142183065414429,-0.6978281140327454,-2.7382900714874268,0.2569393369260363,263.89228639738263,0.0
9.985,41.6687999335075,-0.2485853111345802,1.4627509580133735,47,-0.009595554322004318,0.028476590290665627,0.9856367111206055,-9.289234161376953,7.088848114013672,3.52347993850708,0.2560448319601475,263.89228639738263,0.0
10.035,41.90214062567583,-0.577841803133813,0.8641066095562246,47,0.022086016833782196,-0.002319325925782323,0.9218879342079163,-3.564664125442505,-4.844254970550537,6.004867076873779,0.25558326947907944,286.4374786587448,0.0
10.085,41.93040874887461,-0.7657490606520875,0.4667155441636898,47,0.009716048836708069,0.014865763485431671,0.9829134345054626,0.5836895108222961,-4.072482585906982,-1.8886457681655884,0.25554028394658834,286.4374786587448,0.0
10.136,42.06068966025884,-0.5823153352190119,0.5390031538695345,47,0.017089800909161568,0.007965362630784512,0.9853268265724182,0.6488490700721741,-2.361398458480835,6.722846508026123,0.25582466997162245,286.4374786587448,0.0
10.186,42.14302823610807,-0.8610254127652207,0.3333641962530269,47,0.020404305309057236,0.010694533586502075,1.0135527849197388,2.8616957664489746,-2.271998643875122,0.14038260281085968,0.2557419908215484,286.4374786587448,0.0
10.236,42.190060446418954,-0.5302033362658628,0.8696968191164688,47,-0.0017474122578278184,0.019776752218604088,1.0143407583236694,1.9753327369689941,-0.6610583066940308,4.483204364776611,0.2556569068292636,286.4374786587448,0.0
10.286,42.41541309768241,-0.5693328371203481,0.10783171287264422,47,0.0183259267359972,-0.01956651173532009,1.028367042541504,0.18527641892433167,-0.6279317140579224,3.6406142711639404,0.2553812682372549,286.4374786587448,0.0
10.337,42.40512882463946,-0.5832406755033767,-0.32453836066978353,47,0.001078429981134832,-0.011410677805542946,1.0404853820800781,-3.302990436553955,-0.4147219955921173,0.3750837743282318,0.25535422387244544,286.4374786587448,0.0
10.387,42.50286581837246,-0.8756559918078393,-0.5335690681930911,47,0.026731599122285843,-0.017239246517419815,0.976898193359375,-5.839756965637207,5.878427505493164,1.9698383808135986,0.255691435755239,286.4374786587448,0.0
10.437,42.41285903785104,-1.1061037257378443,-0.23371124098621412,47,0.016723409295082092,0.009848237968981266,0.9867052435874939,0.5488486886024475,1.2392418384552002,-3.947836399078369,0.2568946810991581,286.4374786587448,0.0
10.488,42.2923473572609,-0.8516810870842902,0.5706568267259756,47,0.007826571352779865,0.026990709826350212,0.9963540434837341,0.13163301348686218,4.81633996963501,-3.887385606765747,0.25783333101213696,286.4374786587448,0.0
10.538,42.225888194618484,-0.5247107598807732,1.4489656848037271,47,0.002940749516710639,0.040024932473897934,1.002427339553833,1.7666771411895752,-0.019225401803851128,-0.30129867792129517,0.2595602696327125,286.4374786587448,0.0
10.589,42.2928729432647,-0.4607051107454,1.5023797545177016,47,0.011776543222367764,0.016972890123724937,1.0209511518478394,-1.4756805896759033,0.14664290845394135,3.225722074508667,0.26059127120442127,286.22246485601204,0.0
10.639,42.374291394274344,-0.6851766380647146,1.0199804038111766,47,0.016049237921833992,0.0044402447529137135,1.0023109912872314,-3.5985958576202393,0.2551096975803375,2.394848346710205,0.26242621846265857,286.22246485601204,0.0
10.689,42.38638454443792,-0.974544566336351,0.8239734761386005,47,0.01912629045546055,0.01603212021291256,0.9541466236114502,-0.2130105048418045,1.8559294939041138,-0.6800494194030762,0.263884564915527,286.22246485601204,0.0
10.74,42.43126968034446,-1.0997191480123738,0.6178791367961618,47,0.028389932587742805,0.004662069492042065,1.0159744024276733,-0.8736332654953003,-0.7394455671310425,1.6214622259140015,0.26639666827336234,286.22246485601204,0.0
10.79,42.363066185147524,-1.4217260599746933,0.8794357535385934,47,0.02399708889424801,0.02635011449456215,0.991227924823761,2.0903546810150146,4.349910259246826,-4.546968460083008,0.26800758352784154,286.22246485601204,0.0
10.84,42.31792018723312,-0.9354107009580807,1.5131636174338596,47,0.01087216567248106,0.03673529624938965,0.9974196553230286,-1.3618274927139282,0.27138271927833557,1.90239417552948,0.2705144725521697,286.22246485601204,0.0
10.891,42.39807538071332,-0.9811397831818927,1.570861686386075,47,0.020599745213985443,0.01863734982907772,1.0057111978530884,0.8109266757965088,-1.8924174308776855,2.588555335998535,0.27172781843289834,286.22246485601204,0.0
10.941,42.42828895272738,-1.137752924500537,1.5630756727043162,47,0.021010564640164375,0.03399333357810974,0.9862521290779114,-2.5140957832336426,3.6954193115234375,-0.8760910630226135,0.27302459270974466,286.22246485601204,0.0
10.991,42.47422603300897,-0.9392470381391418,1.9324153310197085,47,0.013900167308747768,0.03634442761540413,0.9941426515579224,1.0884953737258911,-0.3422912061214447,3.9841935634613037,0.27388807181636554,286.22246485601204,0.0
11.042,42.616601971638104,-1.0442484431183756,1.6239612128916874,47,0.023539451882243156,0.01989562064409256,1.0149755477905273,-0.7168676853179932,-2.327152967453003,3.9164507389068604,0.27480434619053656,286.22246485601204,0.0
11.092,42.72634347153322,-1.2025073186423163,1.1858192448927312,47,0.01904412917792797,0.009568576700985432,1.0055217742919922,-3.5920674800872803,2.739509344100952,4.783602237701416,0.27551300198325734,268.46982013697755,0.0
11.143,42.86465825933052,-1.323486785096581,0.31137264217265453,47,0.02747783437371254,-0.009113183245062828,0.9754085540771484,0.29485487937927246,2.263573169708252,0.6163729429244995,0.2763168698918939,268.46982013697755,0.0
11.193,42.81928774123537,-1.271074443369455,0.2689152267963473,47,0.02086489647626877,0.006298957858234644,0.9663497805595398,2.0105316638946533,0.8679773211479187,0.416263610124588,0.27656727667682945,268.46982013697755,0.0
11.243,42.79868385219131,-1.4275972359626123,0.3391690484547522,47,0.032229769974946976,0.00985304731875658,0.9880021214485168,2.2893548011779785,2.8135271072387695,-3.231522798538208,0.2770289329828477,268.46982013697755,0.0
11.293,42.694199449791334,-1.255215949353015,0.9382970903079897,47,0.011983945965766907,0.03490319848060608,0.9938250780105591,2.397986650466919,2.640732765197754,-0.7223300337791443,0.2771618922135972,268.46982013697755,0.0
11.344,42.66960458997304,-0.949717285924764,1.5753192145101782,47,0.014424036256968975,0.03522660955786705,0.9935047626495361,-0.8532147407531738,4.865161418914795,-2.3069915771484375,0.27689923037855885,268.46982013697755,0.0
11.394,42.6739774931241,-0.7827164746871765,1.8889425472842585,47,0.01669282652437687,0.04054119810461998,0.9874587059020996,0.7827390432357788,-1.7156331539154053,2.000286102294922,0.27656638237452547,268.46982013697755,0.0
11.445,42.7045013380724,-0.9650088174822996,1.880384891915684,47,0.01969202049076557,0.034779880195856094,1.0136340856552124,-1.1685620546340942,0.12838436663150787,-0.1000010296702385,0.2758927149342101,268.46982013697755,0.0
11.495,42.75518658273169,-0.9569242993211163,1.744916038877302,47,0.01911996677517891,0.024624813348054886,1.0378586053848267,-1.6537487506866455,-0.38983118534088135,2.634702205657959,0.274864048820583,268.46982013697755,0.0
11.546,42.739166370448714,-1.131804145405641,1.6774268492001279,47,0.01604865863919258,0.028654569759964943,0.9956653714179993,-3.9408183097839355,2.8549587726593018,-2.1407957077026367,0.2745827154170508,268.46982013697755,0.0
11.596,42.69189469963114,-1.0184260336576076,1.832452089737478,47,0.010423468425869942,0.0333893783390522,0.9900902509689331,-2.4690029621124268,-0.33728262782096863,0.03370308130979538,0.2742923104284503,268.46982013697755,0.0
11.646,42.762119530793214,-1.0410457688800587,1.5173209107841457,47,0.024200407788157463,0.017051594331860542,1.0101361274719238,-0.5596319437026978,-4.9371657371521,3.1117453575134277,0.2744295422077817,284.7650213863806,0.0
11.697,42.77048205142867,-1.278472793567826,1.1231130651427288,47,0.021277910098433495,0.013166465796530247,0.9976438879966736,-2.204015016555786,-0.7882689237594604,-1.3973920345306396,0.27461948313570206,284.7650213863806,0.0
11.747,42.72833321659596,-1.3561737319452158,1.2616430435284338,47,0.027715740725398064,0.028070058673620224,1.0309791564941406,0.9347118735313416,-2.0742292404174805,-1.5781376361846924,0.2747063069293013,284.7650213863806,0.0
11.797,42.66836912687055,-1.4333274610050273,1.53101152353289,47,0.024491749703884125,0.03266821429133415,1.0117467641830444,-1.9090425968170166,-0.7870911955833435,-1.4031317234039307,0.274737317750671,284.7650213863806,0.0
11.848,42.61069727252743,-1.2350238414151078,1.6758694886791166,47,0.011879968456923962,0.032810796052217484,1.0124478340148926,-3.3354976177215576,-2.4161226749420166,-0.4351675808429718,0.27495275106775435,284.7650213863806,0.0
11.898,42.63072711258269,-1.2515041128193127,1.542662024634612,47,0.024086760357022285,0.022725727409124374,0.9985619783401489,-1.838386058807373,-3.943795919418335,0.37276604771614075,0.2755019295817633,284.7650213863806,0.0
11.948,42.63335168188526,-1.6382842226529368,1.0273680272526162,47,0.039120353758335114,0.010497795417904854,1.0150690078735352,-4.82314920425415,0.832585334777832,-1.6975213289260864,0.2758613133647279,284.7650213863806,0.0
11.999,42.525504190838326,-1.7949650250589702,0.8830036551464271,47,0.028159331530332565,0.014181217178702354,0.9507089853286743,-2.9783854484558105,-2.5256576538085938,-2.2110514640808105,0.2763182081784769,284.7650213863806,0.0
12.049,42.47539718322756,-2.0771578608046912,1.122997634312136,47,0.048900917172431946,0.028442079201340675,0.9757091403007507,3.940324544906616,-1.6337088346481323,-3.7372641563415527,0.276574908256081,284.7650213863806,0.0
12.099,42.35910901984689,-2.0508376874463203,1.909136271726928,47,0.02890189364552498,0.05067075788974762,1.012591004371643,3.3696682453155518,-1.646172285079956,-1.3968936204910278,0.27712385156538183,284.7650213863806,0.0
12.149,42.361709601594384,-1.8699558655906692,2.095768702571357,47,0.025923628360033035,0.035515330731868744,0.9931991100311279,1.3244121074676514,3.1888794898986816,-0.08348368108272552,0.2774142935385563,284.7650213863806,0.0
12.2,42.455039616237144,-1.620841929062887,1.5575475847499254,47,0.02949962578713894,0.0057021803222596645,1.0040658712387085,-0.21817249059677124,1.402941107749939,4.5301313400268555,0.2774240890362613,285.6377008989376,0.0
12.25,42.444947777858694,-1.8330031999958016,1.0665569445847651,47,0.03536304086446762,0.017525259405374527,0.9712613224983215,0.5460664629936218,5.450463771820068,-5.4383769035339355,0.2773392863317948,285.6377008989376,0.0
12.301,42.35023666729471,-1.3439207944312306,1.9456747843800275,47,0.012956464663147926,0.051024965941905975,0.9834451079368591,4.408670425415039,0.16095919907093048,2.2861649990081787,0.2773966996493136,285.6377008989376,0.0
12.351,42.481839396251004,-1.2928510151568675,1.8537235979869573,47,0.03138904273509979,0.0232417993247509,0.9922332167625427,3.1434333324432373,-0.4813687205314636,3.863694429397583,0.27726757474545716,285.6377008989376,0.0
12.401,42.530234249206664,-1.4229030081915826,1.3699989221262883,47,0.02640402689576149,0.021239273250102997,1.0256317853927612,1.4356037378311157,-1.3244781494140625,0.5363102555274963,0.27732042826346914,285.6377008989376,0.0
12.453,42.66686855529915,-1.3817149743576072,0.8543577337506484,47,0.030704315751791,-0.006200126837939024,1.029091715812683,-1.4445130825042725,0.8463942408561707,4.960174083709717,0.27728528137278763,285.6377008989376,0.0
12.503,42.60619474581552,-1.5891292727471735,0.4506436204161132,47,0.02034016139805317,0.01258673146367073,0.9676233530044556,-1.5950524806976318,5.561908721923828,-5.784168243408203,0.277123065477963,285.6377008989376,0.0
12.553,42.5221594515867,-1.081428510769304,1.0455577033942958,47,0.011283478699624538,0.0280455369502306,0.9795785546302795,2.092317819595337,-0.04321225360035896,-0.04133350029587746,0.27712309555924064,285.6377008989376,0.0
12.604,42.55033724674677,-1.1956676580681709,0.974612444740739,47,0.028788546100258827,0.00978655181825161,0.9873101711273193,1.54625403881073,0.06629090756177902,1.326964259147644,0.2770615831795249,285.6377008989376,0.0
12.657,42.5320080360437,-1.2809108414177177,0.9830271054042745,47,0.022306332364678383,0.018936382606625557,0.9824920892715454,2.194328546524048,0.10806329548358917,-1.2082982063293457,0.27706194534620404,285.6377008989376,0.0
12.708,42.55964465985253,-1.1116043351869822,0.9784929112924357,47,0.021628068760037422,0.009710589423775673,0.9939796328544617,1.104524850845337,0.9766029715538025,1.2513006925582886,0.27721603553380453,285.07469584720997,0.0
12.758,42.497319350324936,-1.1690052101710613,1.37743249945362,47,0.019018283113837242,0.04535307362675667,0.9959487318992615,4.19836950302124,1.4477169513702393,-3.4136154651641846,0.27704450449233925,285.07469584720997,0.0
12.809,42.47430477812763,-0.7667756705212401,2.104911591666057,47,0.009140892885625362,0.03979194164276123,1.0404448509216309,2.3603193759918213,1.0875829458236694,2.4140024185180664,0.27661667908588883,285.07469584720997,0.0
12.859,42.49366824320994,-0.9715607825979549,1.97083895560898,47,0.019374819472432137,0.02928146719932556,1.0229769945144653,-2.489008903503418,4.99824857711792,-2.0408732891082764,0.2760202947292529,285.07469584720997,0.0
12.909,42.46825062905856,-0.8311323232917279,2.203481909026516,47,0.007817316800355911,0.04051314294338226,0.9893592000007629,-3.425405979156494,2.4363200664520264,1.9107681512832642,0.2755463465750704,285.07469584720997,0.0
12.96,42.499303219631315,-1.0269612343335064,1.8026336563989116,47,0.026117686182260513,0.017138926312327385,0.998016893863678,-3.8350539207458496,5.172001361846924,-3.8178982734680176,0.2753886806069677,285.07469584720997,0.0
13.01,42.31037273785864,-1.0167596479506174,2.410131302668319,47,0.003655883716419339,0.07005855441093445,0.9538031816482544,1.0212664604187012,-1.5435214042663574,-1.6007276773452759,0.2754131362769641,285.07469584720997,0.0
13.06,42.47468893494716,-0.5490293989392347,2.4119814474725723,47,0.015189222060143948,0.02449074015021324,1.0232096910476685,-3.354011297225952,-2.5258305072784424,6.5142998695373535,0.2754506192295927,285.07469584720997,0.0
13.111,42.50943906596097,-0.9760464606329329,1.942119790632173,47,0.016242632642388344,0.03662877529859543,0.9795312881469727,-0.7097026705741882,-0.6684538125991821,-1.982064962387085,0.27549486830078423,285.07469584720997,0.0
13.161,42.52133412402963,-0.8839245256629754,2.2484735807263676,47,0.01904999278485775,0.045563552528619766,1.002380132675171,-3.1411497592926025,0.8082734942436218,3.32267427444458,0.27523158351154486,285.07469584720997,0.0
13.211,42.58969233626771,-1.1017485600966028,2.2301329684201927,47,0.023779286071658134,0.0324978306889534,0.998977541923523,-1.696451187133789,-3.6190013885498047,2.2852351665496826,0.27492094206074497,285.07469584720997,0.0
13.262,42.637454226586485,-1.4332206041440945,2.214114499386329,47,0.027294890955090523,0.04289324954152107,0.9840938448905945,-1.9850542545318604,2.5840365886688232,0.08924616128206253,0.27461418713541025,285.5988015797358,0.0
13.312,42.65580923121712,-1.4558266148457912,2.1782475976764455,47,0.025803329423069954,0.03407527133822441,1.007682204246521,-0.06220683082938194,-3.140754222869873,1.6473941802978516,0.2746455421890393,285.5988015797358,0.0
13.363,42.7100764491388,-1.6560553033235743,1.7567138015701913,47,0.034976013004779816,0.02393694780766964,1.0050153732299805,-3.5045135021209717,-0.8184406161308289,0.4146938621997833,0.27471263147162794,285.5988015797358,0.0
13.413,42.654752036605004,-1.710292957855466,1.6987363833264746,47,0.028500322252511978,0.028767380863428116,0.9824725985527039,-1.3685611486434937,2.5482237339019775,-1.863290548324585,0.27463185854869354,285.5988015797358,0.0
13.463,42.594584812869954,-1.5867050623383119,1.8643154150156667,47,0.02554086409509182,0.03770868107676506,1.0156816244125366,3.0238473415374756,0.5713901519775391,-2.0600037574768066,0.2744162386441779,285.5988015797358,0.0
13.514,42.54591521631103,-1.4591357196723371,2.126964016163639,47,0.02505635842680931,0.03978298604488373,0.9994068145751953,1.7786149978637695,1.6770414113998413,0.01182757318019867,0.27420164298000305,285.5988015797358,0.0
13.564,42.52888996109381,-1.4835515225472804,1.884702469571643,47,0.025859657675027847,0.026670819148421288,1.0064878463745117,-0.07563041150569916,0.8701860308647156,-2.218107223510742,0.27375268994270846,285.5988015797358,0.0
13.614,42.43810848667221,-1.369443032626221,2.0384667533063787,47,0.017517924308776855,0.0476699024438858,0.9684523344039917,-0.18116460740566254,2.5693163871765137,-2.8801968097686768,0.27279578269975574,285.5988015797358,0.0
13.665,42.45666593066947,-1.2642522843809014,2.2532140444079833,47,0.025239868089556694,0.03798551857471466,1.0140736103057861,0.7428951859474182,-2.378481149673462,2.4635062217712402,0.27257385792072825,285.5988015797358,0.0
13.715,42.430245066966364,-1.5458300032405732,2.066825586527698,47,0.02603648602962494,0.0378742516040802,1.0106568336486816,-0.9941529035568237,1.964555025100708,-3.9728829860687256,0.27216125082422277,285.5988015797358,0.0
13.765,42.38638695380477,-1.2037434279718995,2.3234060956837164,47,0.01223035715520382,0.043981604278087616,0.9959957003593445,-2.056724786758423,0.38577723503112793,0.9418925642967224,0.272298052733579,285.5988015797358,0.0
13.815,42.423164486331956,-1.1619248761283536,2.349534213218176,47,0.021558841690421104,0.03752000257372856,1.0004113912582397,1.8091427087783813,-5.190882205963135,1.985753059387207,0.2726121022561359,283.22668647444124,0.0
13.866,42.47108795831621,-1.460933819149594,1.8577006114345254,47,0.03734097257256508,0.019913071766495705,1.0010578632354736,-1.690924048423767,2.2271568775177,-0.7854825258255005,0.27291610560375934,283.22668647444124,0.0
13.916,42.39089276343388,-1.5765584077829102,2.0464317992840164,47,0.026410289108753204,0.04853583499789238,0.9660524129867554,1.4547464847564697,-0.6237009167671204,-1.0449610948562622,0.2736065470126793,283.22668647444124,0.0
13.966,42.39924947178515,-1.615773231254502,2.4534973404588887,47,0.03519754856824875,0.054628532379865646,0.9667251110076904,3.337059736251831,-1.5351547002792358,0.1193494126200676,0.27410521483132516,283.22668647444124,0.0
14.017,42.40601981578798,-1.4109481881270916,2.6552344044362384,47,0.017717279493808746,0.050654519349336624,1.0205262899398804,2.2255423069000244,-3.4104866981506348,1.511834740638733,0.2745483340933393,283.22668647444124,0.0
14.067,42.49654976106681,-0.9506763673192995,1.9836485105515256,47,0.006027391646057367,0.011308141984045506,1.0148930549621582,-1.3986337184906006,1.4911658763885498,1.3883230686187744,0.2745476611660569,283.22668647444124,0.0
14.118,42.45189578363021,-0.45728236046791865,1.9168073168282074,47,-0.013155926018953323,0.03598329797387123,0.9956574440002441,2.1579620838165283,-5.2972731590271,3.8361167907714844,0.2742089873123772,283.22668647444124,0.0
14.168,42.62205827031959,-0.43306873714540084,1.3365712348839502,47,0.01669861376285553,0.0040189241990447044,1.0018049478530884,1.4029990434646606,-1.6233230829238892,2.143263816833496,0.27371250690553434,283.22668647444124,0.0
14.218,42.61295452848936,-0.45232252032582204,1.2221100552169033,47,0.003506740555167198,0.0325763113796711,1.0034536123275757,5.520338535308838,-5.733619689941406,-0.3696487545967102,0.27311025213112217,283.22668647444124,0.0
14.269,42.78701013437263,-0.7935397910229339,0.5364296924631506,47,0.04382145777344704,-0.014097589999437332,1.0681384801864624,-1.3454662561416626,2.3519182205200195,1.0470353364944458,0.27272896666970065,283.22668647444124,0.0
14.319,42.65205475446829,-1.4440790334119302,0.31463567118287633,47,0.02268163487315178,0.01993638463318348,1.016720175743103,-1.4060180187225342,1.9964278936386108,-7.697937965393066,0.27217179053612844,287.1827456350565,0.0
14.37,42.52020122095597,-1.3546325570789761,1.2159858665975996,47,0.029082901775836945,0.033584944903850555,0.9992361068725586,-2.625591516494751,1.3590056896209717,-1.5399730205535889,0.27184050034489865,287.1827456350565,0.0
14.42,42.37595559202826,-1.548818940362146,1.5947408640327723,47,0.027596672996878624,0.042668137699365616,0.9806302189826965,-2.144639730453491,7.164003849029541,-8.929231643676758,0.27140528932729296,287.1827456350565,0.0
14.47,42.18327031427934,-1.1185911580812888,2.8264680370687825,47,0.0010583866387605667,0.08093209564685822,0.9515831470489502,1.3115808963775635,-0.8942203521728516,-0.8316072821617126,0.2711369011775334,287.1827456350565,0.0
14.52,42.262509388644546,-0.785933607775481,2.943423600544901,47,0.019418371841311455,0.03703870251774788,0.9963796138763428,1.6557579040527344,-3.897920608520508,4.332740306854248,0.27074599447692793,287.1827456350565,0.0
14.571,42.34701378833142,-1.1172396917414504,2.0570549568537224,47,0.02815127931535244,0.016706883907318115,1.0141929388046265,-0.7096344828605652,-1.2477235794067383,1.745096206665039,0.2703392219491225,287.1827456350565,0.0
14.621,42.3839513913714,-1.3444815816028814,1.5076330539675515,47,0.02588266134262085,0.01415517833083868,0.9941158294677734,-0.918239176273346,0.32547977566719055,0.7531847953796387,0.2695173991815041,287.1827456350565,0.0
14.671,42.368451470673726,-1.4826147298381747,1.316446398560423,47,0.029038481414318085,0.02468174323439598,0.9987707138061523,1.0674238204956055,-0.08158150315284729,-2.3925604820251465,0.26913771769929906,287.1827456350565,0.0
14.721,42.2962924071594,-1.3722239118803774,1.7842662994036655,47,0.02218400128185749,0.05000343918800354,1.0063155889511108,-0.47587621212005615,0.7739754319190979,-1.9907969236373901,0.2687070306824012,287.1827456350565,0.0
14.772,42.29004261865816,-1.2927645629796563,2.3585843582230948,47,0.018830973654985428,0.049437034875154495,0.9990970492362976,0.09879077225923538,-1.308724045753479,1.699260950088501,0.26829160439489935,287.1827456350565,0.0
14.822,42.402081638416014,-1.3423845115009025,2.08555580918364,47,0.029511434957385063,0.024752939119935036,0.9977788925170898,-1.5145354270935059,-0.9074506163597107,3.4065184593200684,0.26818288815262603,287.1827456350565,0.0
14.873,42.46619014460944,-1.368120510080108,1.4815186507549873,47,0.022723523899912834,0.01637553796172142,0.9820266962051392,0.2950069010257721,-1.7363892793655396,1.5909245014190674,0.2681478455307639,296.9418761061947,0.0
14.923,42.5074584170214,-1.4553728901762795,1.2074272345945414,47,0.03019898757338524,0.01784379594027996,1.000223159790039,-0.03658539801836014,-1.0726460218429565,2.1894805431365967,0.2681255675762194,296.9418761061947,0.0
14.974,42.55170425205595,-1.6714990905388254,1.061210609653356,47,0.03080243058502674,0.016350185498595238,0.9943252205848694,-0.2248581349849701,-0.1148027703166008,0.36464279890060425,0.26843861220165527,296.9418761061947,0.0
15.024,42.542843426485625,-1.4954029405885305,1.217321758136489,47,0.016099192202091217,0.029140079393982887,1.0139793157577515,-0.8429062962532043,-0.8774258494377136,0.021859947592020035,0.2687059345272737,296.9418761061947,0.0
15.074,42.603338626968,-1.3461431195570133,1.330465613468549,47,0.02059783600270748,0.023814847692847252,0.9848529100418091,-1.616190791130066,0.0015568449161946774,2.0609939098358154,0.26893501194711433,296.9418761061947,0.0
15.125,42.67311021418876,-1.2622588369881726,1.0805359329189486,47,0.022619793191552162,0.011518510058522224,0.9930212497711182,-0.7757769823074341,0.12041836977005005,2.8079843521118164,0.26876366215829184,296.9418761061947,0.0
15.175,42.753919687213646,-1.3568667464451372,0.6216002563390475,47,0.02884259819984436,-0.0044940076768398285,0.9961223602294922,0.37099143862724304,-2.7375383377075195,2.6164541244506836,0.2680985153221163,296.9418761061947,0.0
15.225,42.76604515542017,-1.4450026467649293,0.3891169739265385,47,0.02262660302221775,0.00675192242488265,0.9873391389846802,1.1595779657363892,-0.1785697191953659,-0.46193405985832214,0.2676535023945819,296.9418761061947,0.0
15.275,42.761279328830035,-1.371585170647903,0.5228743575601681,47,0.02468181401491165,0.01881878264248371,1.0074485540390015,1.6781235933303833,-0.5065252780914307,-0.7602211833000183,0.26678265169436016,296.9418761061947,0.0
15.326,42.726219637962075,-1.2024316561928463,1.0806306751747115,47,0.01648692600429058,0.03301754593849182,1.0073243379592896,0.6787413358688354,0.467071533203125,0.5896271467208862,0.2659059464840999,296.9418761061947,0.0
15.376,42.80861247982218,-1.2884778625799276,1.1880075898352749,47,0.027974724769592285,0.009865219704806805,1.0081207752227783,-2.283698797225952,-2.0303573608398438,4.862667560577393,0.26480504969735524,296.9418761061947,0.0
15.427,42.89182510848703,-1.6191086289439978,0.3370260421285543,47,0.0306768286973238,-0.010100775398314,0.9810870289802551,-0.2537725269794464,1.7279914617538452,-3.1574647426605225,0.26421648234810163,283.3606269423051,0.0
15.477,42.773417150911165,-1.3642849441743214,0.6050954741257328,47,0.016535993665456772,0.028072359040379524,1.0286805629730225,-0.2754998505115509,3.2998478412628174,-2.0575015544891357,0.2637245483784621,283.3606269423051,0.0
15.528,42.72556070932734,-1.1978836442997571,1.648403413169365,47,0.013784787617623806,0.05368766561150551,0.9847899675369263,-0.04091007634997368,0.2310822755098343,-0.11830335855484009,0.26346332846766835,283.3606269423051,0.0
15.578,42.829040255249524,-1.1051763399743673,2.368546337329225,47,0.02207784168422222,0.05406349152326584,0.9699429273605347,-1.0116522312164307,-1.5105270147323608,7.065540313720703,0.2625940091059002,283.3606269423051,0.0
15.628,43.120151824637546,-1.5727960455521708,1.796387274336961,47,0.03875621035695076,0.0080088060349226,0.9762009978294373,-0.20887203514575958,-3.3770720958709717,7.320975303649902,0.2617582356933183,283.3606269423051,0.0
15.679,43.27705630294848,-1.6692978913186693,0.8768708677449192,47,0.029457222670316696,-0.01045604795217514,1.001535177230835,5.269749164581299,-6.062283515930176,5.020746231079102,0.260513501537119,283.3606269423051,0.0
15.729,43.356038453579,-1.7140809063694211,0.26993626369840207,47,0.030586417764425278,-0.00013104776735417545,1.0106656551361084,-1.9991233348846436,5.554206371307373,0.011242078617215157,0.2596412573777916,283.3606269423051,0.0
15.779,43.36046001286031,-1.5610411671283462,0.3612952223932759,47,0.024792779237031937,0.008010891266167164,1.0052236318588257,-0.4835304915904999,1.779185175895691,-0.1614326536655426,0.2579902632355266,283.3606269423051,0.0
15.83,43.327869413705095,-1.430610901552001,0.8473764915386011,47,0.020570332184433937,0.03518853709101677,0.9502415060997009,3.430400848388672,-0.348897784948349,-1.2890512943267822,0.25699068282160425,283.3606269423051,0.0
15.88,43.41696214835555,-0.8999033802211595,1.1558185204616847,47,0.015990128740668297,0.018665414303541183,1.0111048221588135,1.1809680461883545,-2.775761127471924,4.931938171386719,0.2554263371348324,283.3606269423051,0.0
15.93,43.57357388845629,-1.183623747215427,0.07241426581139379,47,0.0370161198079586,-0.02227521501481533,1.0547752380371094,-0.332048624753952,-4.912242889404297,3.032569408416748,0.2536470184409943,283.78240866035185,0.0
15.981,43.52315502812943,-1.5019144950236967,-0.5840553666902842,47,0.023978007957339287,-0.018305504694581032,1.039164662361145,-4.192103385925293,3.6217193603515625,-4.481947422027588,0.2525157104314325,283.78240866035185,0.0
16.031,43.35453438911705,-1.555289368643678,-0.23478774157575782,47,0.023147964850068092,0.010213830508291721,0.9717919826507568,-4.732966899871826,4.95350456237793,-6.384067535400391,0.25148612022136974,283.78240866035185,0.0
16.082,43.16424098164229,-1.3443511307117515,0.7648006392518047,47,0.014935130253434181,0.04476400837302208,0.9506586790084839,4.986672401428223,-1.9404999017715454,-6.379550933837891,0.25017123746645964,283.78240866035185,0.0
16.132,43.10347990982671,-1.1010963042321755,1.6822344336995465,47,0.019502459093928337,0.043201372027397156,0.9718174338340759,1.131654143333435,-0.19790515303611755,1.025706171989441,0.2491350597135613,283.78240866035185,0.0
16.182,43.136228105699736,-1.2808761831262974,1.501641098893226,47,0.029288431629538536,0.023081768304109573,1.038404941558838,2.9117438793182373,-2.7938311100006104,-1.1748411655426025,0.24852329759291447,283.78240866035185,0.0
16.233,43.11274925651554,-1.2684155768249434,1.40183949402659,47,0.023277174681425095,0.021750090643763542,1.0263147354125977,-1.660061240196228,2.614466667175293,-0.51567143201828,0.24741606310668987,283.78240866035185,0.0
16.283,43.08944443658887,-1.3973401862367378,1.4424970368086112,47,0.024354442954063416,0.025641148909926414,0.9993095397949219,-1.3037112951278687,1.5879229307174683,-1.2151505947113037,0.24669388030535022,283.78240866035185,0.0
16.334,43.086931827514405,-1.470399216483202,1.4419706086265827,47,0.024440469220280647,0.021632347255945206,0.992000162601471,0.3047507107257843,0.17770683765411377,0.37816208600997925,0.24615849261001582,283.78240866035185,0.0
16.384,43.09535258971479,-1.4626360107931142,1.1287246850772261,47,0.027186935767531395,0.012049663811922073,0.9916666746139526,-3.007887601852417,4.002041816711426,-0.8947382569313049,0.24586234567694096,283.78240866035185,0.0
16.434,43.038323420066774,-1.4235789805692285,1.4290047942745578,47,0.024867521598935127,0.037537626922130585,0.9640037417411804,0.14966453611850739,-2.321089029312134,-0.47952890396118164,0.24540930130906738,283.78240866035185,0.0
16.485,43.08039299643366,-1.4792504922567782,1.5655635157058112,47,0.03140070289373398,0.02538556605577469,0.9956644773483276,0.0712505653500557,-0.73963862657547,0.6741549372673035,0.24507945094812117,280.5742190113051,0.0
16.535,43.10586977652646,-1.463831682542063,1.446201455427075,47,0.023602129891514778,0.0210750550031662,0.9903603196144104,0.7598708868026733,-2.369906187057495,1.4697645902633667,0.24425612654162393,280.5742190113051,0.0
16.585,43.17363653701644,-1.323521063421418,1.1574438589917975,47,0.021998438984155655,0.013088083826005459,0.9873911142349243,0.11303025484085083,-0.02360490895807743,2.4203782081604004,0.2436152146715347,280.5742190113051,0.0
16.636,43.23538318308806,-1.4463806703203175,0.8405304166660804,47,0.035209156572818756,0.006026966962963343,1.0069092512130737,1.4676591157913208,-0.10681178420782089,0.1821938455104828,0.24261317459572798,280.5742190113051,0.0
16.686,43.19426634648433,-1.617532293561412,0.9636493386485459,47,0.027626704424619675,0.02824208326637745,1.010440468788147,2.7192225456237793,1.9227296113967896,-2.396389961242676,0.24209929888894763,280.5742190113051,0.0
16.736,43.20652994776693,-1.2864710606787655,1.353490199367154,47,0.01710466668009758,0.023877274245023727,1.0356155633926392,-2.4905853271484375,2.884275436401367,2.7486259937286377,0.24130020448097106,280.5742190113051,0.0
16.786,43.24782430391385,-1.283748536081994,1.2225686447114927,47,0.018548989668488503,0.016451720148324966,0.9703019857406616,-0.906014084815979,1.4233568906784058,0.0955338105559349,0.24061823453948863,280.5742190113051,0.0
16.837,43.29726198879157,-1.1099289963521586,0.9923954552121971,47,0.01831655763089657,0.007251860573887825,0.9841580986976624,0.8514015078544617,1.0914666652679443,2.3191978931427,0.2400394405517561,280.5742190113051,0.0
16.887,43.334162996181526,-1.1074028269058576,0.4400989576525221,47,0.022534940391778946,-0.004987975582480431,0.9863014817237854,1.964317798614502,-1.1666920185089111,-0.8996007442474365,0.23955184442565394,280.5742190113051,0.0
16.937,43.24862046565545,-0.8147331824003143,0.3540170163320274,47,0.0019359018187969923,0.016796395182609558,1.0030755996704102,1.4263710975646973,0.634651780128479,-2.6569483280181885,0.2390536409069721,280.5742190113051,0.0
16.988,43.248658198998484,-0.6710667972775767,0.4942948830677821,47,0.018429623916745186,0.008135638199746609,1.0334745645523071,0.3029315769672394,-0.9349204301834106,0.8298131227493286,0.23877003565067376,281.7616552465404,0.0
17.038,43.17634966749315,-0.9438003245387586,0.5372985737016337,47,0.018996935337781906,0.01630941778421402,0.9951828718185425,-0.791220486164093,0.5036227107048035,-3.6945078372955322,0.23813639570446127,281.7616552465404,0.0
17.089,43.09455822733485,-0.9290254523985709,0.879695533687293,47,0.018146155402064323,0.020907070487737656,1.0147244930267334,-0.13262823224067688,0.035774849355220795,-1.442588210105896,0.23782046345249389,281.7616552465404,0.0
17.139,43.02004829875783,-1.1782830171736898,1.2410468769228074,47,0.022847693413496017,0.03273054212331772,0.9988280534744263,-0.8974035382270813,2.9791204929351807,-3.8906373977661133,0.2373150475775354,281.7616552465404,0.0
17.189,42.88189935157253,-1.1475002783004973,1.9586777222667842,47,0.01430760882794857,0.05794098973274231,0.9542816281318665,0.5251513123512268,2.7378180027008057,-4.0050048828125,0.23675741321724056,281.7616552465404,0.0
17.24,42.82411746915358,-0.832378379692064,2.4620254922713363,47,0.008936424739658833,0.05106194317340851,1.0177773237228394,2.6045572757720947,-1.8168845176696777,0.5530363321304321,0.236411963269203,281.7616552465404,0.0
17.29,42.92115283665931,-0.9269336170800623,2.0573962874031544,47,0.020963575690984726,0.022884821519255638,1.027543306350708,-1.3982644081115723,-2.23050594329834,1.7795683145523071,0.23614414160537,281.7616552465404,0.0
17.341,42.909775721624875,-0.9274651265679829,1.782908971261215,47,0.008974533528089523,0.030101103708148003,0.9775716662406921,-2.1260550022125244,0.4661363959312439,-0.6121585369110107,0.23595865076821373,281.7616552465404,0.0
17.391,42.96792952137447,-0.876069776543394,1.5215292501991544,47,0.01838829182088375,0.014176415279507637,1.0083650350570679,-1.1111936569213867,-0.618813693523407,1.7375186681747437,0.23544661228083658,281.7616552465404,0.0
17.442,42.96495871537729,-1.0753282565767275,1.4785348321320855,47,0.019906040281057358,0.03366122394800186,0.9753097295761108,0.4247394800186157,-1.9656450748443604,0.22357997298240662,0.23539289322525553,281.7616552465404,0.0
17.492,43.02481997409,-1.0665419946065462,1.5159918457082575,47,0.021447360515594482,0.024915579706430435,0.99802565574646,0.8745914101600647,-0.1284026950597763,2.1057660579681396,0.2353326449805362,281.7616552465404,0.0
17.543,43.03862803623836,-1.142035008942416,1.456468095944683,47,0.020200448110699654,0.027074741199612617,0.9854665398597717,1.9327259063720703,-0.29772165417671204,-0.5349360108375549,0.23534584978889975,283.20756245779876,0.0
17.594,43.09691623019593,-0.9717037857143616,1.3331149660677564,47,0.01621798798441887,0.01764623075723648,1.019654631614685,-0.9973458051681519,-0.16719628870487213,3.0458717346191406,0.23540595705954034,283.20756245779876,0.0
17.645,43.152819390750906,-1.0579887098031422,1.1157199771275237,47,0.021613214164972305,0.01734156161546707,0.9874444603919983,0.6901118159294128,-2.545105218887329,0.8338484764099121,0.23537052255586552,283.20756245779876,0.0
17.695,43.197691563802714,-1.054368046319981,0.9152282340314535,47,0.019721081480383873,0.012988639064133167,0.9955548048019409,-1.1655313968658447,0.29288482666015625,1.2532683610916138,0.23538797835130176,283.20756245779876,0.0
17.745,43.22381194334335,-0.9898992048218281,0.8818874488649622,47,0.01245255209505558,0.020170236006379128,0.9973720908164978,0.7089694738388062,-0.895122230052948,1.1784443855285645,0.23531181367355633,283.20756245779876,0.0
17.796,43.30738651280632,-0.913063584152819,0.7853543229263107,47,0.01646045409142971,0.004289889242500067,1.0045452117919922,-1.3962563276290894,1.0947191715240479,3.183340549468994,0.23500355126861605,283.20756245779876,0.0
17.846,43.321498446878486,-1.0681571240491712,0.43369840492870165,47,0.020357415080070496,0.005999043118208647,0.9774529337882996,0.9647030234336853,0.5610863566398621,-2.5801703929901123,0.2348869160568126,283.20756245779876,0.0
17.896,43.29438559749913,-0.7892234433392369,0.6403299978180315,47,0.007791230920702219,0.013975854031741619,1.0022367238998413,0.28941017389297485,-1.199723243713379,2.365009069442749,0.2347871774461857,283.20756245779876,0.0
17.946,43.33965965553726,-0.937681528409311,0.47155636756123315,47,0.01806931383907795,0.006001096218824387,1.0018353462219238,-0.4418904781341553,0.8649306893348694,-1.0322667360305786,0.23467300408421168,283.20756245779876,0.0
17.997,43.28225643171908,-0.7484447391174199,0.6390173103349037,47,0.007331512868404388,0.01767614483833313,0.9948171377182007,1.7998250722885132,-0.684112012386322,-0.5373767018318176,0.23410643217059432,283.20756245779876,0.0
18.047,43.28752702997461,-0.6393496457682185,0.7027376306626336,47,0.004007479175925255,0.012851882725954056,1.0102944374084473,-2.1040098667144775,-3.339020013809204,1.1235147714614868,0.2338761059439187,283.20756245779876,0.0
18.098,43.28273321213218,-0.7469326917780442,0.7079368836831487,47,0.015887107700109482,0.014894379302859306,0.9584211111068726,-0.28635960817337036,-0.7463602423667908,-4.463879108428955,0.2336764982257961,288.704845814978,0.0
18.148,43.17694437995316,-0.3015668210820697,1.7276648076718009,47,-0.000993007910437882,0.053613271564245224,1.0323632955551147,-1.8427345752716064,-6.2880401611328125,2.6793761253356934,0.23378851482345467,288.704845814978,0.0
18.199,43.43846383097286,-0.7227762093981343,1.0147610005224759,47,0.0339641347527504,-0.0063705663196742535,0.9861227869987488,0.5298240780830383,-7.49597692489624,5.083723068237305,0.2339328850362728,288.704845814978,0.0
18.249,43.40145304303939,-0.7981578100936068,0.7060030625595146,47,0.007406402844935656,0.024987241253256798,1.0146715641021729,-2.270585060119629,1.701220989227295,-1.2097902297973633,0.23382020127805794,288.704845814978,0.0
18.299,43.543873096579205,-0.9384017478721847,0.8184464440194309,47,0.030105700716376305,0.0002301434869877994,0.9963440299034119,1.6302120685577393,-5.530761241912842,7.275393486022949,0.23401036119715707,288.704845814978,0.0
18.35,43.664539949321664,-1.3885190916803323,-0.06104120445967415,47,0.03182129189372063,-0.018667396157979965,1.0313442945480347,2.8707077503204346,-2.2707972526550293,1.2301744222640991,0.23419649902740913,288.704845814978,0.0
18.4,43.682599724731936,-1.580248483792163,-0.52077846619173,47,0.03355087339878082,-0.01788506470620632,1.0422824621200562,-3.691577434539795,4.648428440093994,-0.8826002478599548,0.2342742965162754,288.704845814978,0.0
18.451,43.55658976155004,-1.5511695658119204,-0.7969275395617905,47,0.017879167571663857,-0.01581343077123165,1.003121256828308,-4.379395008087158,7.564587593078613,-7.061469078063965,0.23455224701172833,288.704845814978,0.0
18.501,43.34378558689169,-0.9611371381141066,0.3945339810937486,47,-0.0035323495976626873,0.03676985204219818,0.9769783020019531,-0.7483667731285095,2.757410764694214,-3.8133797645568848,0.23443856830528725,288.704845814978,0.0
18.551,43.30971916069493,-0.8606768905499551,1.0843591571702775,47,0.0175334345549345,0.02715298905968666,0.9787403345108032,-2.5972189903259277,2.4493582248687744,-0.7768040895462036,0.2340944183874295,288.704845814978,0.0
18.601,43.31276412694161,-0.8841461018482757,1.285610224370649,47,0.011889446526765823,0.02528219297528267,0.9599605202674866,0.3514181673526764,-3.4219236373901367,1.654508113861084,0.23379672960642653,269.03810134701735,0.0
18.653,43.37830503182307,-0.8510915717376083,1.0099926186779602,47,0.01452604215592146,0.012882620096206665,0.9810076951980591,0.863685667514801,-2.07058048248291,1.0629971027374268,0.2335342626170064,269.03810134701735,0.0
18.703,43.443424211834184,-0.5415423888982204,0.7172741408936758,47,0.0027613395359367132,0.005908293649554253,1.0165789127349854,0.510062575340271,-5.158321380615234,4.081343173980713,0.2331973408905736,269.03810134701735,0.0
18.753,43.532854410754204,-0.323515823710705,0.3578088946820575,47,-0.006943688727915287,0.008057072758674622,0.9831511974334717,0.03858691453933716,-4.828060626983643,0.6349078416824341,0.2320269603385972,269.03810134701735,0.0
18.803,43.569563888169334,0.5995565267876543,1.4547595101548876,47,-0.04167058318853378,0.06313518434762955,0.9524053335189819,-5.861722469329834,-7.258413791656494,3.8956878185272217,0.23147464111787694,269.03810134701735,0.0
18.854,44.16130498724237,1.920936444098226,2.4648302921136267,47,-0.06603361666202545,0.05854688957333565,0.8823192715644836,-8.010528564453125,-21.769939422607422,33.83019256591797,0.23089273430864524,269.03810134701735,0.0
18.904,45.326015651753764,1.835734337841483,1.0433940213144708,47,-0.01874927431344986,-0.01989034190773964,0.8929171562194824,-6.997633934020996,-11.82249641418457,42.943450927734375,0.23037429418319896,269.03810134701735,0.0
18.954,46.561296468177474,0.5138928535240193,-0.2760332549246751,47,0.012836579233407974,-0.0245120357722044,0.8773761987686157,3.328204870223999,3.102306604385376,22.777944564819336,0.22876291673313148,269.03810134701735,0.0
19.005,47.135652653463,0.24245007682002243,-0.7131602070950285,47,0.0015462442534044385,-0.029013050720095634,0.9249860048294067,15.581544876098633,-4.74693489074707,20.168607711791992,0.22744944798885297,269.03810134701735,0.0
19.055,47.71717886036059,-0.28003538772010794,-1.3543588325534426,47,0.04973893240094185,-0.032497383654117584,0.9929085969924927,18.36967658996582,15.919031143188477,2.5279572010040283,0.22449812265805,269.03810134701735,0.0
19.106,47.52211569103154,-0.5021754604770536,0.09801980182196324,47,0.01008723583072424,0.06420702487230301,1.0074195861816406,13.726999282836914,1.0853997468948364,-5.878774166107178,0.22204382882315116,269.03810134701735,0.0
19.156,47.659402299988656,0.3395473566306644,1.5108727324837312,47,-0.026227254420518875,0.0531587228178978,1.0581014156341553,7.3497090339660645,-6.202661991119385,21.08682632446289,0.2178296124459835,279.4525951096009,0.0
19.207,48.94290967433132,0.08758822434554431,0.8219726452485411,46,0.01950209215283394,-0.022242633625864983,1.0694316625595093,-13.351068496704102,0.48365771770477295,34.325008392333984,0.2147167784508996,279.4525951096009,0.0
19.257,49.70130974361542,-0.9847027441162787,0.7097223763956473,46,0.013941174373030663,0.012677893042564392,0.9537276029586792,-21.543445587158203,24.299732208251953,22.805845260620117,0.20949449840679454,279.4525951096009,0.0
19.307,50.528003708867125,-0.22719530345220817,1.4482288516206514,46,-0.02862793393433094,0.018377069383859634,0.8884965181350708,-0.5739471316337585,5.259515762329102,31.86897087097168,0.20437780524800506,279.4525951096009,0.0
19.358,51.67405183720371,0.0885801125359716,-0.30598267392348844,46,0.007827511057257652,-0.05198230221867561,0.9654759168624878,0.41161054372787476,-2.0601282119750977,37.82887649536133,0.2005655287164381,279.4525951096009,0.0
19.408,52.320673772786364,-0.31625477732121926,-1.573866553079939,46,0.042951229959726334,-0.07701633125543594,0.9695060849189758,22.523632049560547,21.048229217529297,1.6407266855239868,0.19673848295313723,279.4525951096009,0.0
19.458,51.181278447217586,0.12991187543487273,-1.0765267084472825,47,-0.024652335792779922,0.012239230796694756,0.9807132482528687,37.50708770751953,25.498943328857422,-58.72649383544922,0.190197564463899,279.4525951096009,0.0
19.509,48.88972876732524,3.3699510204946383,2.152373274568698,47,-0.1017879918217659,0.1188824325799942,0.8375208973884583,69.30131530761719,9.04705810546875,-74.4798583984375,0.1829672996983444,279.4525951096009,0.0
19.559,46.955043742463126,7.117463535429369,5.966353071271337,47,-0.2306719720363617,0.22216300666332245,1.2088717222213745,34.41291809082031,5.04030179977417,-43.280521392822266,0.17757195017841354,279.4525951096009,0.0
19.61,47.631920521431866,8.731724271603397,5.365651289138758,47,-0.0774933323264122,0.038634344935417175,0.9680222868919373,-2.2578859329223633,-21.17047882080078,56.23904800415039,0.16894131307241705,279.4525951096009,0.0
19.66,48.602708195816014,5.314986040230902,0.9032346552006053,47,-0.015117591246962547,-0.09579015523195267,1.192743182182312,12.814294815063477,-28.929710388183594,8.346996307373047,0.16291535646924887,279.4525951096009,0.0
19.71,48.04565651066938,4.424117842593351,-1.860905545917479,47,-0.10811600089073181,-0.06499224901199341,1.0975544452667236,-13.78608512878418,-0.19275054335594177,-32.59996032714844,0.15409411048277483,282.1027710519236,0.0
19.761,47.7500186781355,7.042113837381418,0.07937532547558145,47,-0.20773567259311676,0.05412916839122772,1.026971459388733,-17.196212768554688,7.147839546203613,20.574329376220703,0.1482087103154676,282.1027710519236,0.0
19.811,48.93960608816193,5.380987502298964,-0.21324566969037445,47,-0.01859908550977707,-0.053451020270586014,1.0096263885498047,-21.832103729248047,17.793582916259766,20.37978744506836,0.13999240994261491,282.1027710519236,0.0
19.862,48.2819588270808,2.7347710034387935,-0.7032329020801923,47,-0.024108361452817917,-0.041078101843595505,1.0079041719436646,5.091807842254639,37.06671142578125,-53.11402130126953,0.13485397231313626,282.1027710519236,0.0
19.912,46.23261043771656,4.023288276168391,2.4934841807708983,47,-0.12120550870895386,0.13257502019405365,0.9792866110801697,17.119121551513672,19.705432891845703,-54.8514518737793,0.12781913655939658,282.1027710519236,0.0
19.963,45.49417433753426,6.419760824530707,5.675295199466938,47,-0.15656296908855438,0.14678224921226501,1.0129075050354004,6.033330917358398,13.883505821228027,-11.21687126159668,0.12284556022124099,282.1027710519236,0.0
20.013,45.346834888363745,6.57055120448716,5.412487171761373,47,-0.11305961012840271,0.0814453512430191,0.9358230829238892,-32.51445007324219,-24.019960403442383,-6.278939247131348,0.11568750738307601,282.1027710519236,0.0
20.063,45.11532581088075,5.2440470091960165,1.8315281170777629,47,-0.07556463778018951,-0.0625694990158081,0.8848808407783508,-53.30959701538086,-61.87647247314453,-20.357070922851562,0.11051655947727232,282.1027710519236,0.0
20.114,43.621892128102516,4.357983827095345,-0.8163653378521138,47,-0.05313212051987648,0.024650417268276215,1.025757074356079,57.446224212646484,20.905866622924805,-52.1159782409668,0.10216994326828699,282.1027710519236,0.0
20.164,42.199868824440344,5.519337363259148,-0.4398191979590009,47,-0.11141487210988998,0.016264667734503746,1.02288818359375,-7.232187271118164,-9.848344802856445,-27.3126277923584,0.09635296085481278,282.1027710519236,0.0
20.214,41.37837730039844,5.630760969727774,0.6977981012267895,47,-0.07381749153137207,0.048022761940956116,0.9335016012191772,27.318769454956055,-10.183873176574707,-23.214624404907227,0.08783894456273512,285.7155313351499,0.0
20.264,41.9356640717743,4.2692585501406946,2.325905458122345,47,-0.04492972791194916,-0.046458639204502106,1.009933590888977,-75.7799072265625,-32.86775207519531,30.983497619628906,0.08254440703305273,285.7155313351499,0.0
20.315,42.43299069465713,0.571564278286004,3.5139282112314,47,-0.0011298279277980328,0.05180208384990692,1.0277256965637207,-31.968727111816406,-5.3795671463012695,6.2884626388549805,0.0752166960551576,285.7155313351499,0.0
20.365,42.552034972558594,0.6775728230239728,1.5923041051988742,47,-0.04451615735888481,-0.06199732422828674,1.0456606149673462,-15.138753890991211,6.299586296081543,6.386178016662598,0.07045746457471212,285.7155313351499,0.0
20.415,42.701737106181426,0.893303210166828,1.0613631650174296,47,-0.036419592797756195,0.004788974300026894,0.9973912239074707,-3.9692788124084473,1.417405366897583,2.116607189178467,0.06386886112411716,285.7155313351499,0.0
20.466,42.54523109381223,0.9703706919081977,1.4532289548587072,47,-0.0108186025172472,0.05829175189137459,0.9679009318351746,-12.16547966003418,3.6044201850891113,-13.461003303527832,0.05791875761367951,285.7155313351499,0.0
20.516,42.445182290257364,0.45444311797599485,0.7438391579151151,47,-0.024684451520442963,0.0012591383419930935,0.9238325357437134,6.4101362228393555,-4.700039386749268,-7.997398853302002,0.05428880694124654,285.7155313351499,0.0
20.567,42.48822247500189,-0.49989285830663654,1.4894992797903854,47,0.0635019838809967,0.08125247061252594,1.0135045051574707,5.262551307678223,-9.339343070983887,-0.3863794207572937,0.049155970096943315,285.7155313351499,0.0
20.617,42.47498338558298,0.041053149410198955,0.7399886606904351,47,0.0015876591205596924,0.014200177974998951,0.9989668726921082,0.3750847578048706,-0.3716243803501129,-0.5610460638999939,0.045962843910564266,285.7155313351499,0.0
20.667,42.469716234053834,-0.00046661722235626253,0.8222442221881432,47,0.00606329832226038,0.01808752678334713,1.0013132095336914,1.1496877670288086,-1.2888256311416626,-0.13199001550674438,0.04154597570783517,285.7155313351499,0.0
20.718,42.46564341131824,0.25704235860009306,0.5508453899709997,47,-0.006772358901798725,0.009595254436135292,1.0005208253860474,-0.40046191215515137,0.4083367884159088,0.18026788532733917,0.038827637454690596,285.7155313351499,0.0
20.769,42.47234587764704,0.1073035012725332,0.6299728965096448,47,-0.00021219589689280838,0.010477668605744839,0.9969519972801208,-0.047858625650405884,0.09265069663524628,-0.0047501628287136555,0.03493961135687303,285.55991285403053,0.0
20.819,42.47382876601047,0.0648632135343647,0.70422575691495,47,-0.0007110274746082723,0.013448629528284073,1.000396966934204,-0.024499978870153427,0.039343878626823425,0.0005048491875641048,0.03234223867287772,285.55991285403053,0.0
20.869,42.47600740982209,0.1028098331951406,0.6686623600606142,47,-0.0016237625386565924,0.009844427928328514,1.0001084804534912,-0.07464667409658432,-0.12808112800121307,0.35090866684913635,0.028819959695078463,285.55991285403053,0.0
20.919,42.47536097019549,0.12913995031843697,0.6187234081500421,47,-0.002216540277004242,0.010660874657332897,1.0011053085327148,0.12829263508319855,-0.04795742407441139,0.045434195548295975,0.026688420801162745,285.55991285403053,0.0
20.971,42.4764641653908,0.12591493460689662,0.6357396074778955,46,-0.003354414599016309,0.01303165964782238,1.00033438205719,0.00689306715503335,-0.1815364509820938,-0.06529384851455688,0.023808324489730515,285.55991285403053,0.0
21.022,42.47821717818176,0.13777633123769184,0.5952250719189426,46,-0.0028520419728010893,0.008414924144744873,0.9998927712440491,0.0015026349574327469,-0.3083704710006714,-0.0092150354757905,0.02206390741198227,285.55991285403053,0.0
21.072,42.479171284061174,0.1355380095301794,0.568240378683798,46,-0.0039024115540087223,0.010403357446193695,0.9982524514198303,-0.19452013075351715,-0.09065327793359756,0.09489413350820541,0.01969102489470581,285.55991285403053,0.0
21.122,42.48059935098219,0.05799302920515185,0.5928914415790962,46,0.0037817147094756365,0.01252923347055912,1.0026805400848389,0.32740265130996704,-0.11697446554899216,-0.3325318694114685,0.01825820908330949,285.55991285403053,0.0
21.173,42.4777260313113,-0.02009560264317642,0.657691586735926,46,0.007076556794345379,0.012100139632821083,1.0041534900665283,2.789419651031494,-0.6131981611251831,-0.5262122750282288,0.01629872946842266,285.55991285403053,0.0
21.223,42.48074946409944,0.37937964901690835,0.40417713736446637,47,-0.021094758063554764,-0.0068915593437850475,0.9833173155784607,-1.661129355430603,0.511942446231842,0.3022652864456177,0.015105778345968357,285.55991285403053,0.0
21.273,42.497014794252514,0.1697653246211119,0.6004975337011375,47,0.01971236616373062,0.02258145995438099,1.0103238821029663,-0.44325828552246094,0.233793243765831,-0.14963743090629578,0.013475381693579662,285.55991285403053,0.0
21.324,42.493027398394226,0.10321867051863173,0.6153413281336195,47,-0.0027247597463428974,0.007512256968766451,0.9961737394332886,0.40326592326164246,-0.3328963816165924,-0.10553901642560959,0.012024503629436514,276.5414386497,0.0
21.374,42.478836347570315,0.11242644164815144,0.6193173104865022,47,0.016572538763284683,0.00769219221547246,1.012040138244629,-0.4212404489517212,-0.5027633905410767,-0.4659753739833832,0.011145124161592065,276.5414386497,0.0
21.425,42.45419261402407,0.1569825373509159,0.6339898217331714,47,-0.003485878463834524,0.005583008751273155,0.9940446615219116,0.9089343547821045,-0.696605920791626,-0.6418294310569763,0.009938282701797075,276.5414386497,0.0
21.475,42.4051864499376,0.2339252380632818,0.5860935680392445,47,-0.0011566516477614641,-0.00749175576493144,0.9931311011314392,0.008120684884488583,0.12924383580684662,0.6086614727973938,0.009198024259001516,276.5414386497,0.0
21.526,42.42172553100104,0.2578585580363381,0.4819447720009023,47,-0.00978473387658596,0.0036811663303524256,1.0015809535980225,-1.5683989524841309,0.2626926898956299,1.12057626247406,0.00818481609380984,276.5414386497,0.0
21.576,42.43277647949017,0.17183925555422944,0.5681299470187631,47,0.0019308581249788404,0.013567066751420498,0.9977469444274902,-1.8169084787368774,1.621107578277588,0.4110063314437866,0.0075722349734442616,276.5414386497,0.0
21.626,42.43946775871879,0.02084952397303742,0.6888375948760924,47,0.0023020287044346333,0.011419064365327358,1.00439453125,-0.10566650331020355,-0.152016744017601,0.3942810595035553,0.006732943565213344,276.5414386497,0.0
21.677,42.44538559306533,0.023680101798445784,0.6707294716403874,47,-0.0019127685809507966,0.011489824391901493,0.9991287589073181,0.06293065845966339,-0.2860693037509918,0.22818587720394135,0.006225266728408709,276.5414386497,0.0
21.727,42.448413264191814,0.06880734839201577,0.7114982782849956,46,-0.0008070673211477697,0.015657834708690643,1.0004491806030273,0.13675250113010406,-0.40573710203170776,-0.3886864185333252,0.00575725810131666,276.5414386497,0.0
21.778,42.42551820445927,0.22564118081052636,0.6341314632685617,46,-0.014436552301049232,0.0047484091483056545,0.994059145450592,1.0489556789398193,-0.7923537492752075,-1.1595416069030762,0.005121606295301968,276.5414386497,0.0
21.828,42.32290020752358,0.2864018595625297,0.5132776716686184,46,0.0013821329921483994,0.012455400079488754,1.0014314651489258,0.05477313697338104,-0.15566423535346985,-4.748934745788574,0.0045756421371025875,286.2029341521665,0.0
21.878,42.2620803518422,-0.04375852511378758,0.6761081431270112,46,-0.0029915415216237307,0.01156674325466156,1.0056538581848145,-0.5250188708305359,-0.23351864516735077,0.23680703341960907,0.0042374046796525575,286.2029341521665,0.0
21.929,42.27154928791701,-0.05025515081824318,0.7953600574192564,46,0.0004695599200204015,0.000116083821922075,0.9667330384254456,1.6261799335479736,-2.4185378551483154,0.01961839385330677,0.0037728862723050115,286.2029341521665,0.0
21.979,42.32573780093848,0.125831396389963,0.722854462106007,47,0.003932868130505085,0.014810457825660706,1.008705973625183,-1.4949077367782593,0.537851870059967,0.36811351776123047,0.0034892819458851787,286.2029341521665,0.0
22.03,42.31825444358662,0.12292672631763024,0.711894748457301,47,2.0492954718065448e-05,0.013968635350465775,1.0022835731506348,0.11063962429761887,-0.5040651559829712,0.22687192261219025,0.003094465109340279,286.2029341521665,0.0
22.08,42.32294548404775,0.15795769974425358,0.6810002671178331,47,-0.0034199198707938194,0.01248870138078928,0.9967358112335205,0.18384207785129547,-0.3697108328342438,-0.17343831062316895,0.002858107375002898,286.2029341521665,0.0
22.13,42.321697621630946,0.16579790018996463,0.7023453868671029,47,-0.0013063419610261917,0.0161606352776289,1.0004503726959229,0.261473149061203,-1.3401278257369995,0.213525652885437,0.002537988745723716,286.2029341521665,0.0
22.18,42.34736135263269,0.0841468130668858,0.7946602254100249,47,-0.008534986525774002,-0.0004635681980289519,0.9891443252563477,0.1038987934589386,0.21260063350200653,0.7561195492744446,0.0023466405817926398,286.2029341521665,0.0
22.23,42.35644773382026,0.0844224668136821,0.5339190197853934,46,0.039207905530929565,0.005875663366168737,1.0135537385940552,1.2290436029434204,0.45991450548171997,0.021235857158899307,0.0020844770461880997,286.2029341521665,0.0
22.281,42.35124852397261,0.14091562862309032,0.6058658603343494,46,-0.00327363726682961,0.011577173136174679,0.9973633885383606,0.4740740954875946,-0.15453286468982697,0.20140932500362396,0.0019228737651681162,286.2029341521665,0.0
22.331,42.35543776197585,0.14338130750125463,0.5598063026793177,46,-0.002955148695036769,0.0018196459859609604,0.9976372122764587,-0.48309892416000366,1.0180739164352417,0.46476560831069946,0.001682233585263442,286.2029341521665,0.0
22.382,42.36389232839471,0.12713561924891026,0.6222482891564117,46,-0.0007263859151862562,0.012908853590488434,1.0007054805755615,-0.33405497670173645,0.07942717522382736,0.1120784804224968,0.0015385721713459608,294.792240652235,0.0
22.432,42.368490882871384,0.1615849904241705,0.621157176566236,46,-0.005831185262650251,0.009048140607774258,0.9933874011039734,0.03207825869321823,-0.1106981486082077,0.030009781941771507,0.0013419166727239352,294.792240652235,0.0
22.483,42.36475068253518,0.07849647359588154,0.6701972173904804,47,0.004046794958412647,0.019185736775398254,0.998151957988739,0.21907281875610352,0.14397600293159485,-0.02261372096836567,0.0012240496831510924,294.792240652235,0.0
22.533,42.36327446947706,0.14262913005868186,0.6576045222863042,47,-0.003975685220211744,0.007887925021350384,0.9928391575813293,-0.053790364414453506,0.2679818570613861,-0.5794060230255127,0.001067288584202194,294.792240652235,0.0
22.584,42.36219064216146,0.1229354692691036,0.6550908776251965,47,0.0005824004765599966,0.009947285056114197,0.9968801140785217,0.0830572172999382,-0.31727808713912964,-0.040581751614809036,0.0009334277599479436,294.792240652235,0.0
22.634,42.362501542514345,0.10297958939822584,0.6209034949217127,47,-0.0020160037092864513,0.011231490410864353,0.9975031018257141,-0.3156329393386841,-0.07289112359285355,-0.11904308944940567,0.0008544347116245459,294.792240652235,0.0
22.685,42.36294976607398,0.10335759044748782,0.5934211407376201,47,-0.0015726309502497315,0.008073323406279087,0.9964443445205688,-0.09902947396039963,0.17729398608207703,-0.05078624561429024,0.0007496242653787946,294.792240652235,0.0
22.735,42.36175702726556,0.11708269136307593,0.6252329175660221,47,-0.002696521580219269,0.011597583070397377,0.9977701306343079,-0.1331355720758438,-0.031300440430641174,-0.06448923051357269,0.0006872028338730718,294.792240652235,0.0
22.786,42.3795424083722,0.061937591928860655,0.5624013288119755,47,0.011983764357864857,0.010150551795959473,1.002345085144043,2.857903003692627,-1.6245334148406982,1.7070566415786743,0.0006040034170228002,294.792240652235,0.0
22.836,42.37005467161015,0.18304271929699542,0.727178498112945,47,-0.0022223773412406445,0.0104953208938241,1.0074876546859741,4.117893695831299,-3.686134099960327,-1.4183021783828735,0.000554540456504773,294.792240652235,0.0
22.886,42.317688320770706,0.23007641792409006,0.8377877022702691,47,-0.023349296301603317,0.009762778878211975,0.9471734166145325,3.2990245819091797,-0.6632631421089172,-1.2976359128952026,0.0004877083218813035,294.792240652235,0.0
22.937,42.32067600464398,0.6734883540928083,0.22590060902129525,47,-0.01458396203815937,-0.005618967115879059,0.992621898651123,-0.18657580018043518,-0.042569082230329514,-0.31135815382003784,0.0004451486742217972,284.5718162697605,0.0
22.987,42.26110337486325,0.6848121163211314,0.6434696036669497,47,0.011733491905033588,0.03060794062912464,1.0496326684951782,3.2952535152435303,-0.5693615674972534,-5.876081943511963,0.00040668295637797465,284.5718162697605,0.0
23.038,42.220908290677414,0.3375466699149651,-0.5025583795645098,47,0.004175681620836258,-0.0289294496178627,1.0293771028518677,0.46604108810424805,-15.275851249694824,11.63437271118164,0.0003552216433375266,284.5718162697605,0.0
23.089,42.8401543986551,1.0175350133874157,-1.1329575964656333,47,-0.013366851024329662,0.00783387478441,1.0725599527359009,49.643714904785156,-1.7853947877883911,13.37689208984375,0.00031069665734059836,284.5718162697605,0.0
23.139,43.32368198087051,4.613454253547489,-0.8424897712615317,47,-0.19045469164848328,-0.010455637238919735,1.1146584749221802,73.55258178710938,-24.475875854492188,51.12261962890625,0.00028463120432026246,284.5718162697605,0.0
23.189,46.15647210438937,9.118387698691546,-1.1807648177991168,46,-0.16860456764698029,-0.05719343200325966,1.4028077125549316,-15.956241607666016,-16.357425689697266,120.25680541992188,0.00025012931368600017,284.5718162697605,0.0
23.24,50.00273231102046,2.511128059017702,-3.933942323912197,46,0.12043125182390213,-0.13479135930538177,1.251846194267273,-72.33539581298828,30.98187255859375,58.080020904541016,0.0002297577425147355,284.5718162697605,0.0
23.29,49.951853778358725,-3.5082446932618963,-3.877031641831224,46,0.15197588503360748,-0.06397833675146103,1.2011417150497437,-14.63858413696289,0.06611307710409164,-42.4715576171875,0.000620302334554362,284.5718162697605,0.0
23.341,48.30538999995492,-3.272096786314496,-5.358433423602533,46,0.052254825830459595,0.06157063692808151,1.0851391553878784,4.2565460205078125,-80.14871215820312,-49.103515625,0.002862054578112777,284.5718162697605,0.0
23.391,47.64232726658213,1.1802560185455468,-6.296224754232299,46,-0.10752267390489578,-0.1009807139635086,1.1667673587799072,-27.8233585357666,-28.748291015625,7.54036283493042,0.009161388416967276,284.5718162697605,0.0
23.441,48.12999530793252,1.3318892253849253,-6.593108496954493,47,-0.01655130833387375,-0.17428386211395264,1.0010652542114258,-61.5923957824707,55.49919128417969,24.21154022216797,0.01567332163875283,284.78435632808254,0.0
23.492,48.109799897423606,-2.53418701602311,-7.114812383353483,47,0.08532578498125076,-0.11637606471776962,0.7857822179794312,-17.866060256958008,2.6261143684387207,-31.983657836914062,0.028490584467213347,284.78435632808254,0.0
23.542,46.70374580113992,-2.384333486036021,-5.010053320562606,47,-0.003677306231111288,0.0027103496249765158,0.8765990138053894,-19.098552703857422,14.592991828918457,-68.94483947753906,0.03877627432631697,284.78435632808254,0.0
23.593,45.19754433870332,-0.8413884031005259,-0.7960412281051911,47,-0.012736717239022255,0.0481935553252697,0.6404377818107605,-32.11271667480469,-6.024576187133789,-12.21536922454834,0.054958290606453124,284.78435632808254,0.0
23.644,45.106757694685555,-0.47606994011122733,-0.03560655029327189,47,-0.004933713003993034,0.046250320971012115,0.8264001607894897,28.61130142211914,-39.179473876953125,-1.695147156715393,0.07082207788635801,284.78435632808254,0.0
23.694,45.06601758685426,0.40960557926710656,-0.9147319835477739,46,-0.01389183010905981,-0.021355867385864258,0.8836212158203125,3.7637808322906494,-34.684974670410156,1.8395264148712158,0.08081683982638578,284.78435632808254,0.0
23.744,45.19268497082882,-0.14161300509591648,-3.3977639637054495,46,0.042055804282426834,-0.12561193108558655,0.7895737290382385,-4.5233330726623535,-5.345102787017822,2.4203925132751465,0.09467994662071658,284.78435632808254,0.0
23.795,44.39981857944948,-1.6700537913337934,-5.155121668546917,46,0.06001650169491768,-0.09379231929779053,0.9050341248512268,24.047569274902344,10.961243629455566,-48.15068817138672,0.10323824211367183,284.78435632808254,0.0
23.845,42.55705790434839,0.2892541796038583,-1.4861028875111255,46,-0.08397375792264938,0.05899037793278694,0.9632007479667664,14.460025787353516,27.085691452026367,-41.010250091552734,0.11529342923735689,284.78435632808254,0.0
23.897,42.5120572955474,2.299484254522669,-0.6586076196937208,46,-0.034791458398103714,-0.06214260309934616,1.0131093263626099,6.530706405639648,4.222551345825195,17.7391357421875,0.12271789844468413,284.78435632808254,0.0
23.947,42.63677345733238,1.0624491790448705,-3.7372466066402668,46,0.015152616426348686,-0.1376076489686966,1.0639424324035645,-0.24815912544727325,-4.964358329772949,-5.00696325302124,0.13200812449762125,284.78435632808254,0.0
23.997,42.16497488999683,-0.07277908648003084,-4.598355061377301,46,0.013693932443857193,-0.07372557371854782,0.9351083636283875,-0.2791004478931427,-7.037136554718018,-17.023778915405273,0.1372262313269248,296.6898210369951,0.0
24.048,41.84021164071045,-0.29238283737803117,-3.746994061292874,46,0.017942681908607483,-0.028047878295183182,0.9899454116821289,-6.18952751159668,5.52454948425293,-2.2380521297454834,0.14333624644061352,296.6898210369951,0.0
24.098,41.9570279257478,-0.34540380075779337,-3.052188645236883,46,0.004377559293061495,-0.05497773736715317,0.961661696434021,8.682761192321777,-17.17178726196289,10.239928245544434,0.1468533838286726,296.6898210369951,0.0
24.149,42.289639765374204,-1.156552983368369,-4.50516166778855,46,0.05665428563952446,-0.11684276908636093,1.04551100730896,2.3333489894866943,4.987102031707764,-1.7187690734863281,0.15100743683281165,296.6898210369951,0.0
24.199,41.95666377702356,-1.8734615149353324,-4.377046080532948,47,0.03458293899893761,-0.04393349587917328,0.9993717670440674,1.5824857950210571,11.51986312866211,-12.180826187133789,0.15313125394291024,296.6898210369951,0.0
24.249,41.890537624676995,-0.9797345618173289,-2.7639193843505403,47,-0.0024489297065883875,-0.03515974432229996,1.0000801086425781,-2.650672435760498,1.3904699087142944,11.599691390991211,0.1557250936794598,296.6898210369951,0.0
24.3,42.02078716551625,-1.6145742090172372,-2.442640057749674,47,0.034924138337373734,-0.01821252331137657,0.9777580499649048,4.498391151428223,12.912659645080566,-5.003077030181885,0.157314961392202,296.6898210369951,0.0
24.35,42.10685026015106,-0.9190123100777167,-1.6890448675259044,47,-0.0035954320337623358,-0.025144482031464577,0.9715754389762878,3.2859933376312256,-2.2460601329803467,13.436897277832031,0.1591614460365847,296.6898210369951,0.0
24.4,42.45392449430338,-1.2527961242361254,-3.109173368562156,47,0.04163602367043495,-0.08774929493665695,0.9757542014122009,5.364229202270508,2.281724691390991,1.7369056940078735,0.16036420667573148,296.6898210369951,0.0
24.45,42.337124687399545,-1.0177956573855176,-3.2716477668131305,46,0.004232791252434254,-0.05946475639939308,1.0127149820327759,4.0122270584106445,2.912635087966919,-0.6586904525756836,0.16287033470858198,296.6898210369951,0.0
24.501,42.36377066790828,-0.9683358609131575,-3.230753502568394,46,0.020651109516620636,-0.0586978942155838,1.0084474086761475,4.570191860198975,2.9806325435638428,-0.9276492595672607,0.16520711928183085,296.6898210369951,0.0
24.551,42.38095722536688,-0.7451760716635599,-3.4902220912095996,46,0.009765219874680042,-0.0733058899641037,1.0187286138534546,-0.12224442511796951,4.506878852844238,2.01659893989563,0.16647509851071818,282.95918505025975,0.0
24.602,42.32096945002737,-0.9856363427221253,-3.4661090664498726,46,0.018366124480962753,-0.059642717242240906,0.9960670471191406,-4.123358726501465,9.974756240844727,-4.670739650726318,0.16866891303645137,282.95918505025975,0.0
24.652,42.15632596980955,-1.049601874682872,-2.897317151024778,46,0.020941710099577904,-0.03415729105472565,0.976184606552124,0.559199333190918,5.496187686920166,-5.5405778884887695,0.17024641529195506,282.95918505025975,0.0
24.702,42.094023578915845,-0.7778977872337378,-2.216184565332537,47,0.011150137521326542,-0.034360118210315704,1.0207051038742065,-1.0070147514343262,-0.997131884098053,2.788451671600342,0.17183737788570316,282.95918505025975,0.0
24.753,42.13909423614983,-1.2503871475106885,-2.766978811062439,47,0.038871169090270996,-0.06597691774368286,0.9931614398956299,-0.47292670607566833,10.320117950439453,-4.141539573669434,0.1727528159779586,282.95918505025975,0.0
24.803,41.85424554718406,-1.0956990320205353,-2.415024687542634,47,0.013738826848566532,-0.035230979323387146,1.031522274017334,5.120100975036621,7.5827531814575195,-7.59385347366333,0.17391407372938464,282.95918505025975,0.0
24.853,41.57506838601261,-0.7562254034252962,-1.2087636794305594,47,0.008560022339224815,0.0022821547463536263,0.9722563028335571,5.669922351837158,10.293595314025879,-8.532306671142578,0.17491642017411813,282.95918505025975,0.0
24.904,41.388634385265156,-0.559610159481813,-0.7054910209868087,47,0.013310405425727367,-0.008916916325688362,0.9922454357147217,4.442605495452881,0.5618720054626465,-3.9218173027038574,0.176578402703548,282.95918505025975,0.0
24.954,41.20241196588545,-0.7307479658938986,-0.7770656863854617,46,0.019676873460412025,-0.008304733783006668,0.9870098829269409,4.661024570465088,2.5141570568084717,-8.9432373046875,0.17734874224133204,282.95918505025975,0.0
25.004,41.00612086937093,-0.0578298661339542,-0.13620647516155032,46,-0.02708289586007595,0.0075855678878724575,1.0095852613449097,3.0563130378723145,-6.121809959411621,-1.3498902320861816,0.17903991281084064,282.95918505025975,0.0
25.054,41.07242806689465,-0.05185368145215688,-0.19196665822131004,46,0.014386788941919804,-0.010788566432893276,0.9517786502838135,1.3104403018951416,-2.290440082550049,1.9496443271636963,0.180100345100679,285.6571545324525,0.0
25.105,41.104114931742366,0.15384165295048435,-1.1815095798397932,46,-0.021811215206980705,-0.053405873477458954,1.056261658668518,2.0318589210510254,-4.702259063720703,0.8519344329833984,0.18129344012263157,285.6571545324525,0.0
25.156,40.989654686118925,0.22319508247421452,-1.6897729351238355,46,-0.004376474302262068,-0.022302627563476562,0.9452093839645386,-1.355319619178772,12.893332481384277,-10.258886337280273,0.18197722408575276,285.6571545324525,0.0
25.207,40.73028857237321,0.9936614390383859,-0.4705843562811803,47,-0.03747307136654854,0.014374575577676296,0.9755659103393555,2.3628199100494385,0.07802382111549377,3.925304651260376,0.18273008440150604,285.6571545324525,0.0
25.257,40.876321220023584,0.30441459033478135,-0.8353121152997977,47,0.02951534278690815,-0.03969451040029526,1.0336270332336426,4.979882717132568,-4.253130912780762,-0.12566246092319489,0.1835341608706236,285.6571545324525,0.0
25.307,40.73176349888247,-0.12352083970423658,-0.9365006335358957,47,0.003363740397617221,-0.0041856407187879086,0.9859535098075867,2.545761823654175,13.081245422363281,-6.8944478034973145,0.18470978960866274,285.6571545324525,0.0
25.357,40.550780149775235,0.29310336634530126,-0.14904671372668762,47,-0.006916217505931854,0.0057045649737119675,1.019822597503662,4.795475482940674,3.6655092239379883,-2.014519691467285,0.18596724473081677,285.6571545324525,0.0
25.408,40.45405913874795,0.03631602939593398,0.6697549585634293,47,-0.0029902951791882515,0.03896225616335869,1.0139386653900146,1.158115267753601,1.1828745603561401,-4.68406343460083,0.18742380317445906,285.6571545324525,0.0
25.458,40.51963925272281,0.3792375424385332,1.3281568452803532,46,-0.010200060904026031,0.028977135196328163,0.9730126261711121,-0.05436434596776962,-3.8315088748931885,6.08128023147583,0.18780166113559102,285.6571545324525,0.0
25.508,40.696326349415635,0.727985468424601,0.5130241280669053,46,-0.02566327154636383,-0.011430989019572735,0.9988052248954773,1.1464619636535645,-13.846501350402832,7.41731071472168,0.18884916486283468,285.6571545324525,0.0
25.558,40.91304640009099,0.6918544097984282,-0.92190022897245,46,-0.012376825325191021,-0.05377133935689926,1.0138169527053833,2.297370433807373,-4.622366905212402,3.825263023376465,0.18946523932081794,285.6571545324525,0.0
25.609,40.891108565253106,0.8000273792760416,-2.282827293684169,46,-0.014132070355117321,-0.040423180907964706,1.007110357284546,-0.8543286919593811,0.6780918836593628,-4.7367682456970215,0.18993335637294284,222.53310696095076,0.0
25.659,40.76977971863152,1.0510748165164554,-1.6649497571142795,46,-0.02470484748482704,-0.02144809626042843,1.008939266204834,3.650749921798706,-1.8069257736206055,-0.5316148996353149,0.1898529702409423,222.53310696095076,0.0
25.709,40.695719748266896,0.872195364385874,-1.4230501084033214,46,-0.015985162928700447,-0.020040525123476982,1.0069258213043213,-0.9461657404899597,5.480536937713623,-5.355980396270752,0.1893988071748972,222.53310696095076,0.0
25.759,40.56054184190614,1.1064191799219538,-0.5963227716495774,46,-0.02151959389448166,0.015484649688005447,1.0060120820999146,1.5848675966262817,-0.4273792505264282,-2.083540916442871,0.18928695067496293,222.53310696095076,0.0
25.809,40.53406318257537,1.0870267908283304,-0.13633232245956525,46,-0.01254845317453146,0.006559329107403755,0.9859130382537842,-2.6468160152435303,3.19840145111084,-0.9449664950370789,0.18940454452067046,222.53310696095076,0.0
25.86,40.55041646571843,1.1119115105376443,-0.044971321061016555,46,-0.020835712552070618,-0.005944238044321537,0.9878519773483276,3.225208044052124,-2.9707980155944824,2.5022847652435303,0.1899488484449938,222.53310696095076,0.0
25.91,40.606098453225655,1.091927736012228,-0.43104378421959816,46,-0.014231029897928238,-0.01688341051340103,1.026635766029358,-0.04808409512042999,1.4224656820297241,0.35674917697906494,0.19057387690631988,222.53310696095076,0.0
25.96,40.59562413634535,0.8190138585293887,-0.38844274275188256,46,-0.0011775927850976586,0.006299332249909639,0.9835385680198669,1.5367945432662964,0.18616247177124023,-0.6622880697250366,0.19233773151630504,222.53310696095076,0.0
26.011,40.66718248542369,0.8054084109379456,-0.07105149381828703,46,-0.011746237054467201,-0.004993786104023457,1.0628199577331543,3.162659168243408,-5.090374946594238,5.651176452636719,0.19419486574507808,222.53310696095076,0.0
26.061,40.76854578392018,0.6413263257950321,-0.49833914450247324,46,-0.017195478081703186,-0.018437329679727554,0.9929158687591553,-8.138439178466797,1.7343695163726807,0.19880235195159912,0.19599087311668653,222.53310696095076,0.0
26.111,40.77060257540452,0.8279222611183239,-0.5244288318477621,46,-0.020400872454047203,-0.005984016228467226,0.9414098262786865,3.1309120655059814,-5.198708534240723,0.7833783626556396,0.198556446542016,222.53310696095076,0.0
26.161,40.79226964256818,0.9745322920954222,-0.8840762800834447,46,-0.020393723621964455,-0.02249344438314438,1.0147076845169067,3.177953004837036,0.6439583897590637,-0.8740198016166687,0.20030035213812003,285.7349955719054,0.0
26.211,40.773038641218434,1.2692436347255087,-0.7266132780932396,46,-0.026887904852628708,-0.0054513877257704735,1.0155459642410278,-0.6671450138092041,-0.013438166119158268,0.4461364150047302,0.20278169908946816,285.7349955719054,0.0
26.262,40.85726012342998,1.3949527868606741,-0.7352451071085659,46,-0.024663539603352547,-0.013952861540019512,0.970028281211853,-1.6210674047470093,-1.7313613891601562,3.155611991882324,0.2053094374333131,285.7349955719054,0.0
26.312,40.99580021315781,1.485647174263567,-1.521520173557794,46,-0.024001887068152428,-0.04727767035365105,0.990202784538269,-0.882323145866394,-4.015107154846191,4.340396881103516,0.20693626137788834,285.7349955719054,0.0
26.362,41.07084988381349,1.1859917121267323,-2.3625846585733163,46,-0.005944440141320229,-0.05143415927886963,0.9817938208580017,3.083277702331543,-2.167248010635376,-0.2719717025756836,0.20968107671827294,285.7349955719054,0.0
26.413,41.01568334448357,1.0011450568489053,-2.2173389616867447,46,-0.00904895830899477,-0.023657331243157387,1.0301785469055176,2.3352749347686768,-2.771841287612915,-1.3956574201583862,0.21160909067176079,285.7349955719054,0.0
26.463,40.997278851825854,1.038672095248703,-1.8628547048885815,46,-0.022826898843050003,-0.027873985469341278,1.0467544794082642,-0.22232943773269653,-1.401078224182129,0.7189815640449524,0.21375263529855806,285.7349955719054,0.0
26.513,40.99592032177735,0.9435219357147078,-1.864287537597103,46,-0.021450264379382133,-0.03572964668273926,0.9850776195526123,-3.200263261795044,2.1001014709472656,-1.1179492473602295,0.21490787369788986,285.7349955719054,0.0
26.564,40.951965821720535,1.2545240181680415,-1.772851436062068,46,-0.03193407133221626,-0.030936120077967644,0.9851347208023071,-1.518291711807251,-0.3481504023075104,-0.012760861776769161,0.21621354821804117,285.7349955719054,0.0
26.614,40.92911878168031,1.1617244270941378,-1.7341546661415874,46,-0.012810597196221352,-0.026252036914229393,0.979301929473877,-0.2835901975631714,-2.287294387817383,-1.9985942840576172,0.21715620980587197,285.7349955719054,0.0
26.664,40.90382779212014,1.2026026639827125,-1.435068100903899,46,-0.026449771597981453,-0.02228652313351631,1.0120956897735596,-1.675463080406189,-3.2526774406433105,2.4068450927734375,0.21867017804804606,284.26323280243986,0.0
26.715,40.94328644143322,1.1087676383373484,-1.6940486725351516,46,-0.015625208616256714,-0.039059095084667206,0.9900816082954407,-2.581019639968872,0.6813382506370544,-0.06259864568710327,0.21981907067609233,284.26323280243986,0.0
26.766,40.92203110959336,1.147580452639511,-1.6881030344123997,46,-0.025176318362355232,-0.026873618364334106,1.0093727111816406,-0.8476812839508057,-1.1000624895095825,1.177538275718689,0.22126767658907948,284.26323280243986,0.0
26.816,40.97204752253681,0.9818187265078478,-1.891609795360692,46,-0.007970839738845825,-0.04274760186672211,0.9795373678207397,-1.9241443872451782,2.189523935317993,-0.6157447099685669,0.22213877909229085,284.26323280243986,0.0
26.866,40.92157191799916,0.9007441566247905,-1.685148694620463,46,-0.022787166759371758,-0.01713811419904232,1.0018130540847778,1.2570911645889282,-2.8306846618652344,0.251865953207016,0.22319525109112254,284.26323280243986,0.0
26.917,40.9924828305958,0.943928503905756,-1.5344651305301436,46,-0.008242122828960419,-0.03049263171851635,1.0148838758468628,-1.5257505178451538,-0.795322060585022,1.7633399963378906,0.22398155221448746,284.26323280243986,0.0
26.967,41.00790186352409,0.7300208396346466,-1.6598544413880223,46,-0.014286690391600132,-0.027710650116205215,1.0103906393051147,-1.7184958457946777,-0.030461590737104416,-0.16289331018924713,0.22485819645781002,284.26323280243986,0.0
27.017,41.05226147318013,0.6450877756033399,-1.9689214616298967,46,-0.007999747060239315,-0.042162373661994934,1.0095903873443604,-3.796142101287842,0.957763135433197,0.5765005946159363,0.2253950368572342,284.26323280243986,0.0
27.068,40.983574931619394,0.6284296627501219,-1.994980238992727,46,-0.019140850752592087,-0.028358524665236473,0.9742347598075867,-0.8101600408554077,-0.20198117196559906,-2.56619930267334,0.22632290978562078,284.26323280243986,0.0
27.118,40.953968398482075,0.7478781689888552,-1.6266844855199714,46,-0.016080264002084732,-0.018711498007178307,0.9703016877174377,-0.13842961192131042,1.3246897459030151,-0.7546326518058777,0.22697345968270208,284.26323280243986,0.0
27.168,40.98013776068566,0.7885285236204805,-1.3626399443569628,46,-0.00786924734711647,-0.01893668621778488,1.0097541809082031,1.0566905736923218,-0.48252177238464355,1.7908202409744263,0.22831190915921706,284.26323280243986,0.0
27.218,41.024555717633305,0.7788845866339066,-1.4300533357811633,46,-0.014149845577776432,-0.024553978815674782,1.0104762315750122,-0.5918244123458862,-2.266240119934082,1.7016007900238037,0.22929527165045693,280.517924023542,0.0
27.268,41.111332996997156,0.5908322294993115,-1.6881458141621415,46,-0.005494586657732725,-0.039242349565029144,0.9736769199371338,-1.2780789136886597,-0.8745149970054626,3.027435541152954,0.2298910137842641,280.517924023542,0.0
27.318,41.151352028218085,0.5894843719104947,-1.9926446464134229,46,-0.01646782085299492,-0.03834930807352066,0.9938806295394897,1.66192626953125,-1.9293299913406372,1.0299209356307983,0.23118685472582937,280.517924023542,0.0
27.369,41.189559068714516,0.7432683477485899,-2.04959859052225,46,-0.01399454940110445,-0.039362985640764236,1.0203777551651,1.3477706909179688,-0.26106056571006775,0.9309873580932617,0.2318547289616421,280.517924023542,0.0
27.419,41.20931521653332,0.7678816004206377,-1.7631779957644718,46,-0.01804177649319172,-0.028409119695425034,1.0140259265899658,-1.3021986484527588,0.947844386100769,2.369408130645752,0.23222097835229358,280.517924023542,0.0
27.469,41.31148015470219,0.6366118229845197,-2.1712295239791493,46,-0.00769388722255826,-0.053064487874507904,0.9872088432312012,-1.1310508251190186,0.13726286590099335,2.109238862991333,0.23240927999732067,280.517924023542,0.0
27.52,41.32577285382702,0.711764216908584,-2.7016334772517028,46,-0.018584268167614937,-0.056919630616903305,0.9949421286582947,-0.17090897262096405,0.9876890778541565,-0.40396803617477417,0.23224491062770872,280.517924023542,0.0
27.571,41.32010851459112,0.8028246892340118,-2.7871911324840823,46,-0.01523473672568798,-0.047316327691078186,0.9919649958610535,-0.319465696811676,0.23660710453987122,0.3137792646884918,0.23212295085168433,280.517924023542,0.0
27.621,41.29430269384051,0.6897185633917596,-2.6972440605620105,46,-0.008539903908967972,-0.04161611571907997,1.0076079368591309,2.470041513442993,-2.6695027351379395,-1.5261439085006714,0.23222110585644487,280.517924023542,0.0
27.671,41.270415339147775,0.7709592850316699,-2.595154565146524,46,-0.012539226561784744,-0.042689770460128784,1.0331616401672363,-2.403486967086792,0.7521741390228271,-0.1946420967578888,0.23210938850550775,280.517924023542,0.0
27.722,41.20564740989726,0.6301532557380994,-2.3839988599235054,46,-0.013260859064757824,-0.03487805277109146,1.001794457435608,-0.9889096617698669,-0.01581432856619358,-2.4351511001586914,0.23153835252304064,280.517924023542,0.0
27.773,41.14376467554049,0.5424283706975664,-2.0421075125259476,46,-0.0073014539666473866,-0.031243862584233284,0.9795671105384827,-1.4503902196884155,0.5598632097244263,-2.0159354209899902,0.23116340113785663,285.61824991487913,0.0
27.823,41.06766533232058,0.5179801668139493,-1.5375307090369479,46,-0.009126569144427776,-0.0132554080337286,0.9802784323692322,0.039717547595500946,-0.3065342903137207,-0.5826080441474915,0.22990351990456503,285.61824991487913,0.0
27.874,41.064311006379484,0.38603925352308804,-1.3002678769922584,46,0.0006669000722467899,-0.017378484830260277,1.0120618343353271,1.300494909286499,-0.9052037596702576,-0.48385676741600037,0.22925470173793494,285.61824991487913,0.0
27.924,41.06745027559245,0.2629125447295825,-1.2200202552377457,46,-0.006916188169270754,-0.023989545181393623,1.0054123401641846,-1.2863620519638062,-0.9209889769554138,1.556782841682434,0.22828598532686833,285.61824991487913,0.0
27.975,41.116589256281706,0.23620703006222274,-1.5786712230547126,46,-0.004520466085523367,-0.0385766364634037,0.9868079423904419,-0.4237530827522278,0.2617415189743042,0.9368250370025635,0.22763717357910762,285.61824991487913,0.0
28.025,41.12947081297461,0.17188111969144848,-1.7815331683441178,46,-0.000762270181439817,-0.03169171139597893,0.9855615496635437,1.4123421907424927,-0.4902026951313019,0.9267893433570862,0.22681684738752486,285.61824991487913,0.0
28.075,41.13206677080919,0.11817881027924208,-1.722968669586931,46,-0.0016229499597102404,-0.02765359915792942,1.0003647804260254,0.26232051849365234,0.10889604687690735,-0.3274862766265869,0.22614971147752216,285.61824991487913,0.0
28.126,41.14744630085107,0.3515893829836494,-1.6329994305770417,46,-0.012585568241775036,-0.032104287296533585,1.0091975927352905,-0.6061986088752747,-1.9022427797317505,1.2859902381896973,0.22483433877787723,285.61824991487913,0.0
28.176,41.19945594236149,0.5722525191816935,-1.7483580472571398,46,-0.019033895805478096,-0.036950234323740005,0.9772213697433472,-0.4280373454093933,-1.5296400785446167,2.269666910171509,0.22402536476243107,285.61824991487913,0.0
28.226,41.31537441064578,0.5661993342822969,-2.307248765583696,46,-0.002195824636146426,-0.0581718347966671,0.9884856343269348,-1.0763728618621826,-0.09809058904647827,2.996579885482788,0.2228144482608998,285.61824991487913,0.0
28.277,41.34823282194682,0.4320668217158935,-2.7020692253416136,46,-0.008166434243321419,-0.056343141943216324,0.9893537759780884,0.8242106437683105,-2.1417834758758545,0.9973669052124023,0.22196509977185583,285.3073940548262,0.0
28.328,41.37908136097206,0.37962061030556615,-3.13089608004246,46,-0.0032553167548030615,-0.06034580245614052,1.004514217376709,0.6153154969215393,-0.14906315505504608,-0.8273787498474121,0.22085496660641174,285.3073940548262,0.0
28.378,41.304092439632115,0.4494597730182358,-2.8829354187328624,46,-0.013142977841198444,-0.03389715403318405,0.9985410571098328,-0.7201300859451294,0.46827009320259094,-2.455742597579956,0.22017648276443164,285.3073940548262,0.0
28.428,41.318143956558615,0.6448809760393637,-2.459013026688272,46,-0.014120209962129593,-0.040591925382614136,1.0028588771820068,0.8696048259735107,-3.3776657581329346,2.6021125316619873,0.21943284985881698,285.3073940548262,0.0
28.478,41.34739383498552,0.4923491969446155,-2.6240649886867486,46,-0.0069468067958951,-0.04839346557855606,0.9942688941955566,-2.0103228092193604,0.7307676672935486,-0.7922881841659546,0.21846594623499038,285.3073940548262,0.0
28.529,41.35987626162493,0.40714745244281964,-2.9101366955407433,46,0.0005908752209506929,-0.0577235072851181,1.0038446187973022,-0.12324628978967667,-1.712230920791626,-0.5318076610565186,0.21633417794331666,285.3073940548262,0.0
28.579,41.27391155521551,0.46845956724906385,-2.708089873993969,46,-0.01746414415538311,-0.03913832828402519,1.0056078433990479,0.32127875089645386,-2.004410743713379,-1.6034104824066162,0.21432467502803035,285.3073940548262,0.0
28.63,41.270771241622796,0.48611426174699024,-2.659725742635081,46,-0.003825846826657653,-0.04706395044922829,0.9970396757125854,-1.533240556716919,0.9457613825798035,-0.9565955400466919,0.21306274953971352,285.3073940548262,0.0
28.68,41.20185216710529,0.40327355445351765,-2.173898180899442,46,-0.013691757805645466,-0.027726180851459503,0.9971680641174316,0.8016968965530396,-1.7451374530792236,-1.055550217628479,0.2116005268535585,285.3073940548262,0.0
28.73,41.228021145662375,0.485672930666973,-1.9863801044697245,46,-0.005577318370342255,-0.032820284366607666,0.9948834180831909,0.3102681338787079,-0.6353197693824768,1.3796087503433228,0.21061441523746152,285.3073940548262,0.0
28.78,41.265594665159625,0.5050228086030133,-2.14932482966048,46,-0.01360263954848051,-0.04549623280763626,1.003786563873291,0.012318573892116547,-1.436231255531311,1.9339185953140259,0.20913798944148562,285.3073940548262,0.0
28.832,41.3194219082265,0.2935208276364303,-2.673893398941978,46,0.00535742798820138,-0.05140006169676781,0.9858234524726868,-0.8691794276237488,2.198441743850708,-1.2780795097351074,0.20857329981977246,285.5793558929666,0.0
28.882,41.297273653610176,0.4257445929762019,-2.4611941859272903,46,-0.012342797592282295,-0.03731453791260719,1.008083701133728,0.3156322240829468,-2.2928521633148193,1.7880445718765259,0.20729195675528508,285.5793558929666,0.0
28.932,41.33523660867044,0.3061694566875983,-2.615266172807111,46,-0.0020371642895042896,-0.04683133214712143,1.0099680423736572,-0.40766891837120056,-0.6541739106178284,-0.7835127711296082,0.20645333981929195,285.5793558929666,0.0
28.983,41.3520302849405,0.4125896600037204,-2.4472704468498137,46,-0.00958256609737873,-0.03952351212501526,1.012200951576233,-1.4241104125976562,-1.835795521736145,2.46437668800354,0.20546508305176697,285.5793558929666,0.0
29.033,41.42855732726781,0.21523543720660535,-2.8931976711828775,46,0.004714441951364279,-0.06396574527025223,0.9882242679595947,-0.13001324236392975,0.08583858609199524,1.8199381828308105,0.2052176440564232,285.5793558929666,0.0
29.084,41.40499698050616,0.11539701516781445,-3.0173145841369857,46,-0.006262954790145159,-0.05056735873222351,0.9824320673942566,-0.9463648796081543,0.6919915676116943,-0.5286179780960083,0.2057053854919423,285.5793558929666,0.0
29.135,41.4125050708924,0.2501999734347472,-2.9485171282649656,46,-0.007270518224686384,-0.04729820787906647,0.9946922063827515,-0.22807925939559937,-0.4528827667236328,-0.2857111692428589,0.2058843151697822,285.5793558929666,0.0
29.185,41.43584521569992,0.374607543470522,-2.929856153972135,46,-0.007945618592202663,-0.053128790110349655,0.9959527850151062,0.11101999133825302,-0.47832754254341125,2.170642137527466,0.20595108681622942,285.5793558929666,0.0
29.235,41.4678863522094,0.011699339325817194,-3.41254911494224,46,0.008371111005544662,-0.06442736834287643,0.9945717453956604,1.1113852262496948,-0.26586809754371643,-1.14363431930542,0.205777142162673,285.5793558929666,0.0
29.286,41.42809936291172,-0.07190921095036723,-3.308329054370306,46,-0.0032575149089097977,-0.051801953464746475,1.0121549367904663,-0.1402830332517624,0.47496843338012695,-1.3471980094909668,0.20487746105079374,285.5793558929666,0.0
29.336,41.393153030164434,-0.10895288331991139,-2.9707193579437594,46,0.004973472096025944,-0.04698492959141731,1.0070929527282715,-0.9681656956672668,1.5715534687042236,-1.1201528310775757,0.2043009590878374,285.5793558929666,0.0
29.386,41.36886724208785,0.06808873116298673,-3.0348437668920942,46,-0.012369976378977299,-0.06058346480131149,0.9947972893714905,-1.2898192405700684,5.659475803375244,-1.8060979843139648,0.20368868394908698,270.3212168084558,0.0
29.436,41.284937569834774,0.4159940172383437,-2.53391572266938,46,-0.0074087041430175304,-0.03101382404565811,0.9719144105911255,2.5974135398864746,3.117142677307129,-1.2123477458953857,0.2028932666060774,270.3212168084558,0.0
29.486,41.32632940360526,0.18881744634698153,-2.474391368242245,46,0.009449196979403496,-0.054636940360069275,1.0035905838012695,1.900445580482483,2.29811692237854,0.9389554262161255,0.20243155373754237,270.3212168084558,0.0
29.537,41.2087795374794,0.13297835947046804,-2.016502276097342,46,-0.009610837325453758,-0.014121998101472855,0.9553497433662415,2.233901262283325,5.418760299682617,-3.2257351875305176,0.20204584778530507,270.3212168084558,0.0
29.587,41.28465967164986,0.1390664561168364,-1.7636342366107216,46,0.013058068230748177,-0.0377274714410305,1.030535340309143,3.270381212234497,-0.4349811375141144,3.3251335620880127,0.20175978647292736,270.3212168084558,0.0
29.637,41.26113446630218,0.19309503281713472,-2.112609717827406,46,-0.01520688645541668,-0.042439647018909454,1.0443602800369263,-2.3443796634674072,3.7957851886749268,-1.944683313369751,0.20151457769111317,270.3212168084558,0.0
29.688,41.21732395652642,0.40997516291542085,-1.487513985873122,46,-0.01646018959581852,-0.018905963748693466,0.9543709754943848,-0.8733234405517578,2.9314353466033936,0.5167450904846191,0.20176740033155963,270.3212168084558,0.0
29.738,41.30330112667717,0.2084064063756438,-1.9377752098559056,46,0.006235420238226652,-0.04868701100349426,1.017080545425415,-0.3171446919441223,3.5658493041992188,0.24516750872135162,0.20236265542290793,270.3212168084558,0.0
29.788,41.24776017027813,0.5136982066166295,-1.6422221410123985,46,-0.022688327357172966,-0.02168908156454563,0.9750627279281616,-3.117709159851074,2.596416711807251,0.8288056254386902,0.2030795734815283,270.3212168084558,0.0
29.839,41.33052535290853,0.300301304230728,-1.419040125520114,46,0.007493400946259499,-0.02367096021771431,0.948165774345398,2.3874011039733887,0.48407435417175293,1.6078827381134033,0.2040295864100312,270.3212168084558,0.0
29.889,41.36476297375122,0.24857663575945652,-1.7777182420012565,46,-0.004693391267210245,-0.036844491958618164,1.0679296255111694,3.0149881839752197,-3.11505126953125,1.694663643836975,0.20463563001362853,280.31170219875696,0.0
29.94,41.38549971668068,0.09735016858251794,-1.8333681613420785,46,0.0014519627438858151,-0.032857246696949005,1.0524150133132935,-2.2202672958374023,2.35528826713562,-0.5683667063713074,0.20493486616818163,280.31170219875696,0.0
29.99,41.340791130783465,-0.04049954817384846,-1.2916531995438114,46,-0.004982378333806992,-0.0035838831681758165,0.9937171339988708,-4.671146392822266,1.4435231685638428,-1.173658013343811,0.20546152638805387,280.31170219875696,0.0
30.04,41.39126741595989,0.1440404585814563,-0.9735384000874426,46,-0.006828811019659042,-0.019480198621749878,1.0027146339416504,-3.407447338104248,-1.4445375204086304,2.5218617916107178,0.2063007319947832,280.31170219875696,0.0
30.09,41.423032152949986,0.0688293566868497,-1.1638817769575438,46,-0.0025074263103306293,-0.0247195977717638,0.9739553928375244,1.256876826286316,0.5782761573791504,-0.16263830661773682,0.2067933464517324,280.31170219875696,0.0
30.141,41.39727505964821,0.1740939525444602,-1.1030256257231252,46,-0.004732187371701002,-0.01699955016374588,1.0498813390731812,0.2625272274017334,1.5047777891159058,-1.1516189575195312,0.2071889275952153,280.31170219875696,0.0
30.191,41.31532958784363,0.45143498798103476,-1.0646690814394595,46,-0.011200817301869392,-0.023891368880867958,1.1183090209960938,-4.260888576507568,0.4134104549884796,-1.8744007349014282,0.20805843059997192,280.31170219875696,0.0
30.241,41.23882824524371,0.05647815224931802,-1.2048795520661617,46,0.0009245450492016971,-0.022688275203108788,1.0028159618377686,-4.851768970489502,-2.715691566467285,-2.7980563640594482,0.2094785977540499,280.31170219875696,0.0
30.292,41.18668325854341,-0.046282992748948586,-1.6329464863449532,46,0.004182256292551756,-0.04016388952732086,1.004517912864685,-7.648696422576904,1.1785862445831299,-1.603468894958496,0.21058420972712,280.31170219875696,0.0
30.344,41.094586683036994,-0.3747314132992688,-1.589997911919353,46,0.011683015152812004,-0.020263319835066795,0.9324325323104858,-1.1547635793685913,0.9138744473457336,-1.7765041589736938,0.21313936793570556,280.31170219875696,0.0
30.394,41.12360326674646,-0.88853827729282,-1.345749320495376,46,0.02830161713063717,-0.01808747462928295,0.9008909463882446,-0.5158746242523193,1.1587860584259033,-0.22495323419570923,0.21531296161261285,280.31170219875696,0.0
30.444,41.16725308380114,-0.9102125865524582,-1.003549543648252,46,0.018616124987602234,-0.005218162201344967,0.8787972331047058,4.090447902679443,-2.246533155441284,3.5763490200042725,0.21874995669787242,286.53531903265474,0.0
30.495,41.31950503716421,-0.6983009172832759,-1.7260648643118717,46,0.019369840621948242,-0.052330244332551956,0.9956871271133423,5.249948024749756,-2.798548698425293,3.072700262069702,0.22099949176270217,286.53531903265474,0.0
30.545,41.25883775296664,-0.5372617815796825,-1.8803726909113005,46,0.0008596049156039953,-0.027384523302316666,0.9887330532073975,4.032658576965332,-2.6867945194244385,-2.557922124862671,0.22444632215546964,286.53531903265474,0.0
30.596,41.256113673479724,-0.3237069088566372,-1.9532554137548035,46,0.018301334232091904,-0.03962959721684456,1.0379655361175537,-4.304421901702881,1.5018726587295532,0.06949447840452194,0.22661425754737374,286.53531903265474,0.0
30.646,41.124296687683426,-0.962211779279955,-2.1098457614828092,46,0.024016588926315308,-0.038122326135635376,1.0170098543167114,-5.126229286193848,2.9719960689544678,-6.596858978271484,0.22975533334087408,286.53531903265474,0.0
30.696,40.87517334272784,-1.0292360165452683,-1.636159321279519,46,0.008855368942022324,-0.012052911333739758,0.9997231960296631,-5.69435453414917,11.629483222961426,-7.994101047515869,0.23349892052073234,286.53531903265474,0.0
30.747,40.721579139360614,-0.738063588808501,-1.1340506087539035,46,0.009532659314572811,-0.01254376769065857,1.008797526359558,-0.4839645326137543,2.0630974769592285,-2.6351237297058105,0.23617810241395312,286.53531903265474,0.0
30.797,40.61573759482374,-0.748027680944211,-0.6381003143165356,46,0.007662666961550713,0.0032133841887116432,0.9722416400909424,-1.8221293687820435,4.583131790161133,-3.8938937187194824,0.24002906519107114,286.53531903265474,0.0
30.852,40.613081971745885,-0.5339491785223908,-0.25958555481611356,46,0.006078151986002922,0.0013452672865241766,0.9777961373329163,1.5374131202697754,-3.2135932445526123,3.2404417991638184,0.24248079277097584,286.53531903265474,0.0
30.902,40.752451551057106,-0.6547762665556028,-0.9501886423721381,46,0.015876932069659233,-0.030839618295431137,0.9965227842330933,2.792536497116089,-1.2555370330810547,1.2609219551086426,0.24536202683888164,286.53531903265474,0.0
30.952,40.76735055043909,-0.6698257135584764,-0.763743144579099,46,0.010651115328073502,-0.0034239308442920446,0.975134551525116,4.0829973220825195,-2.9942266941070557,1.0502597093582153,0.24708638208402664,286.53531903265474,0.0
31.003,40.81426610157175,-0.7640427430282375,-0.6265864453487837,46,0.013641927391290665,-0.0017235396662726998,1.0155779123306274,0.44480013847351074,4.18224573135376,-0.9301908016204834,0.24965668326272109,284.1861914763873,0.0
31.053,40.86661296637104,-0.3364668211299102,-0.1465263646793433,46,-0.007124458905309439,-0.0030478709377348423,0.9991711378097534,1.2057995796203613,-3.5141966342926025,6.779572486877441,0.25141106520717493,284.1861914763873,0.0
31.103,40.97692155670364,-0.05502450581702991,-0.7531985909618669,46,-0.008743999525904655,-0.01051449216902256,0.971798837184906,0.14058911800384521,1.6587755680084229,-2.0970404148101807,0.25399354017794795,284.1861914763873,0.0
31.153,41.019701484064726,0.5781772769834758,-0.47586997506108936,46,-0.022287800908088684,-0.004725877661257982,0.9848792552947998,4.701434135437012,-8.36451244354248,9.119373321533203,0.25578022976230774,284.1861914763873,0.0
31.204,41.2619220955725,-0.302038473253181,-1.5735001797071408,46,0.031432025134563446,-0.04484447091817856,0.9696120023727417,3.455965518951416,-0.4561706781387329,1.216927170753479,0.2583271281083579,284.1861914763873,0.0
31.254,41.320265135871914,-0.1261938359624095,-1.9133726490920937,46,-0.007905911654233932,-0.045464031398296356,1.0607608556747437,4.18721342086792,-6.744145393371582,5.951992511749268,0.2596407868693606,284.1861914763873,0.0
31.304,41.49815698648143,-0.5571681626728332,-3.235776782574026,46,0.02791714482009411,-0.0926586166024208,1.0540771484375,1.7539414167404175,-1.7362496852874756,0.5653505325317383,0.2611967626347376,284.1861914763873,0.0
31.355,41.28132223152074,-0.7866976737350949,-3.6099539106227367,46,0.011533256620168686,-0.04767775163054466,1.0136243104934692,-3.524061441421509,9.360262870788574,-8.336098670959473,0.2627300481962498,284.1861914763873,0.0
31.407,41.06596277995544,-0.48584023272530785,-2.3595784379498705,46,-0.011045427061617374,-0.002238874090835452,0.9826128482818604,-1.1381627321243286,4.482880115509033,-7.767707824707031,0.26380463093614737,284.1861914763873,0.0
31.457,40.912307885125365,0.14301903811859712,-0.2784565743148089,46,-0.00927127618342638,0.01847846619784832,0.9732297658920288,-0.25959333777427673,2.629380702972412,-0.23415207862854004,0.2656977233527253,284.1861914763873,0.0
31.508,40.94094097148156,0.27322269776274816,0.11736324834122987,46,-0.007722817827016115,0.004246059339493513,0.9637828469276428,1.2817432880401611,-0.6393991112709045,1.954903483390808,0.2671192341387752,271.61662997021114,0.0
31.558,41.02539488631125,0.25687541700055705,-0.4437126580939891,46,-0.0009927772916853428,-0.029173215851187706,0.9877373576164246,2.228515625,-0.6806499361991882,2.9635543823242188,0.2695762896237794,271.61662997021114,0.0
31.608,41.099764513666415,0.0656941606121277,-1.389509359734415,46,0.007181141525506973,-0.043552860617637634,0.9990887641906738,1.0568397045135498,0.7577019333839417,1.6565741300582886,0.27095942274847,271.61662997021114,0.0
31.659,41.077975312408206,0.0516109342691448,-1.7401339168466072,46,-0.004010351374745369,-0.03198426589369774,1.0026639699935913,0.5946018695831299,0.6069017052650452,-1.4969487190246582,0.2731077107362032,271.61662997021114,0.0
31.709,41.08171914456947,0.14438971742896822,-1.6633128771036367,46,-0.001791476970538497,-0.022114308550953865,1.0123976469039917,-0.7049896717071533,1.9428988695144653,-0.8426266312599182,0.2747122373330969,271.61662997021114,0.0
31.759,41.07073951285035,0.1406366226388679,-1.3088529726135014,46,0.0007342539611272514,-0.015539882704615593,0.9935624003410339,0.7567625045776367,-1.2313514947891235,1.2174898386001587,0.27692254506017056,271.61662997021114,0.0
31.81,41.13645699046672,-0.009134635774425356,-1.6326147763865053,46,0.006655300967395306,-0.04020208865404129,1.0081045627593994,-0.46697574853897095,-0.2384244054555893,-0.21998503804206848,0.27837854178337024,271.61662997021114,0.0
31.86,41.08503993185658,0.055146055875270605,-1.822085559365906,46,-0.008663119748234749,-0.02608107216656208,1.0100997686386108,0.3663831353187561,0.6054531931877136,-2.841721773147583,0.28092088022917877,271.61662997021114,0.0
31.91,41.06710808404165,0.28612593058933156,-1.4438180621059635,46,-0.006608972325921059,-0.02538609504699707,0.997981071472168,-0.09131059795618057,0.9095894694328308,0.8356819748878479,0.28298839333461995,271.61662997021114,0.0
31.961,41.022397543496126,0.004968387786794592,-1.3840183039964644,46,0.004648922476917505,-0.018711388111114502,0.981720507144928,0.10147833079099655,1.3664453029632568,-3.0966999530792236,0.2855370958818832,271.61662997021114,0.0
32.011,40.99295100654459,0.14918222953666957,-1.060975161206165,46,-0.0035024757962673903,-0.013966674916446209,0.9979589581489563,1.1311882734298706,-0.03898266330361366,0.8285081386566162,0.2872591536376622,271.61662997021114,0.0
32.061,40.98851683491386,0.15734541995082485,-0.7635423593613355,46,-0.011734990403056145,-0.00560413021594286,0.9915710091590881,0.3621547520160675,-2.986074686050415,1.0951663255691528,0.2894047989158336,275.2529203307521,0.0
32.111,41.11106826512019,0.013030295179499444,-1.0797940965846862,46,0.0124423298984766,-0.033760495483875275,1.000759243965149,-0.6192567944526672,-0.30968523025512695,2.9668636322021484,0.29035252563081215,275.2529203307521,0.0
32.162,41.09065869199954,-0.10145503649221542,-1.480623068276655,46,-0.000931836140807718,-0.031604837626218796,1.026918888092041,-0.3140779435634613,-0.5518722534179688,-2.110520601272583,0.29153308994260735,275.2529203307521,0.0
32.212,41.06218420152321,0.08376151579138849,-1.3804472025347674,46,-0.0020745310466736555,-0.024387134239077568,1.0155537128448486,-2.7324955463409424,0.915145993232727,-0.2166251540184021,0.29235793679605404,275.2529203307521,0.0
32.263,41.04500205200807,0.012691601345728103,-1.2397179046037166,46,-0.00022220579558052123,-0.016407819464802742,0.9991847276687622,-1.9385871887207031,0.2668885588645935,-0.15221890807151794,0.29346393331228676,275.2529203307521,0.0
32.313,41.02490806534814,0.0168754078583795,-1.2038812688167084,46,-0.004616491496562958,-0.01823577843606472,0.9930733442306519,-1.3990000486373901,0.3474917411804199,-1.4513804912567139,0.2945197177742711,275.2529203307521,0.0
32.364,41.011441940499665,0.04581884763548664,-1.1476732360870967,46,0.00020732166012749076,-0.016813931986689568,0.984818696975708,-0.5064492225646973,2.3830184936523438,-0.8911814093589783,0.29490411889504947,275.2529203307521,0.0
32.414,41.039862382256636,0.01583012813204541,-0.9786064533595418,46,0.003137331921607256,-0.017330637201666832,0.9993481636047363,1.635759949684143,-1.8881807327270508,2.460339307785034,0.295217498036889,275.2529203307521,0.0
32.465,41.07576393923453,-0.2503762723370352,-1.3370924136771143,46,0.007786295842379332,-0.027763988822698593,0.9927160143852234,-1.2217854261398315,2.248204469680786,-1.3636292219161987,0.29588469233185927,275.2529203307521,0.0
32.515,41.07408548369873,-0.018988881406695864,-1.1962327772567547,46,-0.007492962758988142,-0.018238771706819534,0.9704669117927551,2.0511112213134766,-1.87742280960083,2.4660561084747314,0.29632939490153587,275.2529203307521,0.0
32.565,41.14284171615063,-0.3147789337776913,-1.5843483302139585,46,0.01716616563498974,-0.03294210880994797,0.9842420816421509,-0.9736660718917847,1.8474551439285278,-0.9871604442596436,0.2963957735698347,275.2529203307521,0.0
32.616,41.06591778284778,-0.18793205049779807,-1.1651408690302567,46,-0.006972352508455515,-0.0002193730033468455,0.9812653660774231,3.703357458114624,-0.8529502749443054,-2.4190592765808105,0.2962597407627603,284.1091918986656,0.0
32.666,41.111345268222365,0.16692764886014938,-0.8949780223762023,46,-0.0011833467287942767,-0.0164782851934433,0.9812126755714417,2.447464942932129,-4.205319881439209,3.0112900733947754,0.29611774936288954,284.1091918986656,0.0
32.716,41.13734939711026,0.16397916536226556,-1.3619195035315599,46,-0.00866745412349701,-0.031365495175123215,1.0392574071884155,-2.9318459033966064,-1.612524151802063,-0.302493155002594,0.2962061256994225,284.1091918986656,0.0
32.767,41.15216210770172,-0.10483735347737942,-1.2353928917133818,46,0.0061767869628965855,-0.01642034202814102,0.9966614246368408,-4.161919593811035,-4.229409217834473,-0.28047099709510803,0.296197152058529,284.1091918986656,0.0
32.817,41.22178266436066,0.048686590393644216,-1.4375012293579372,46,-0.005892764776945114,-0.036008402705192566,1.0024640560150146,-2.7475650310516357,-5.092498302459717,4.114912986755371,0.29617328738461074,284.1091918986656,0.0
32.867,41.29362114905191,-0.08706819844503459,-2.156125045137442,46,0.009643690660595894,-0.0444151870906353,1.033398985862732,-3.556084632873535,-2.5809195041656494,-0.8645883798599243,0.2961990841229056,284.1091918986656,0.0
32.917,41.27953899297001,-0.22756356802997021,-1.8654852582279862,46,0.004637562669813633,-0.02467084489762783,1.0175367593765259,-4.0956878662109375,0.7023249864578247,0.637409508228302,0.29644655261376446,284.1091918986656,0.0
32.968,41.31689358906132,-0.6034910575267475,-1.760350958273084,46,0.01554635725915432,-0.03204726055264473,0.9894281029701233,-7.78258752822876,0.26254430413246155,0.6157866716384888,0.2966903684024578,284.1091918986656,0.0
33.018,41.32813154671037,-0.7851952295258642,-1.5588414642914667,46,0.011572562158107758,-0.021550219506025314,0.9957051873207092,-5.980494022369385,-0.361830472946167,2.699286937713623,0.296781751121125,284.1091918986656,0.0
33.069,41.44937523235437,-1.0668471604388619,-1.7566544334622702,46,0.02461160533130169,-0.041477419435977936,0.9974745512008667,-7.131261348724365,1.8844058513641357,3.412099838256836,0.2967781934978411,284.1091918986656,0.0
33.119,41.510137041079034,-1.3863118693196368,-2.001804575221191,46,0.02790537104010582,-0.04092467203736305,1.0156327486038208,-2.604011297225952,-1.1400092840194702,1.4195963144302368,0.2962225967879444,285.67661081596515,0.0
33.169,41.555279321957244,-1.6379430493750526,-2.166506008329506,46,0.029270755127072334,-0.047172702848911285,1.0078849792480469,-5.506999492645264,6.049394130706787,-0.5227543115615845,0.29596538355691265,285.67661081596515,0.0
33.22,41.505037008659656,-1.5132051566094051,-2.0365600600624707,46,0.017473626881837845,-0.025806963443756104,1.037742018699646,-1.8073415756225586,1.2433607578277588,-0.8893970847129822,0.2955649700630132,285.67661081596515,0.0
33.27,41.51555033059949,-1.56808753166952,-1.4773478462685503,46,0.0297833364456892,-0.012873905710875988,1.0049138069152832,-4.666604518890381,5.098884105682373,1.3818734884262085,0.2951760949759706,285.67661081596515,0.0
33.321,41.58829924500132,-1.6830266201553434,-1.3762126587825343,46,0.02701909840106964,-0.030968813225626945,0.9565707445144653,-1.8289105892181396,-0.10770034790039062,3.1152095794677734,0.2945045393602978,285.67661081596515,0.0
33.371,41.590988133924355,-1.797924298978289,-1.3846175951837754,46,0.035696882754564285,-0.01568465866148472,0.9851444363594055,1.703018069267273,1.0656590461730957,-2.2181575298309326,0.29387057647930315,285.67661081596515,0.0
33.421,41.558783263690046,-1.7811239866949184,-0.7660689350644324,46,0.029023531824350357,-0.00513477623462677,1.0196280479431152,2.015035390853882,-0.9581624865531921,2.1171441078186035,0.29303612700241,285.67661081596515,0.0
33.472,41.65466966389532,-2.0845934760640086,-1.2403640148136008,46,0.04433169960975647,-0.037771500647068024,0.9883908629417419,-1.9922038316726685,2.1400563716888428,0.9756043553352356,0.29251788415045465,285.67661081596515,0.0
33.522,41.644816537228756,-2.076786985908233,-1.5331805244345666,46,0.02918054349720478,-0.029146354645490646,1.0312166213989258,1.5218490362167358,-1.6326357126235962,-0.10812929272651672,0.29182665925636947,285.67661081596515,0.0
33.572,41.64689996527068,-2.1452785092300894,-1.5229205210785748,46,0.04113316163420677,-0.02256794460117817,1.021240234375,-2.2306768894195557,6.078959941864014,-2.5400235652923584,0.29086516251947125,285.67661081596515,0.0
33.623,41.51368284119115,-1.9462978100972448,-0.3497718643058954,46,0.022189535200595856,0.0309737678617239,0.9647371768951416,-3.560044050216675,3.2377123832702637,-1.9776899814605713,0.2904974475317615,285.67661081596515,0.0
33.673,41.68140956998188,-2.070287208203706,-0.1369150846247856,46,0.04887077957391739,-0.020983662456274033,0.9761025905609131,2.0525176525115967,-5.402589797973633,6.589582920074463,0.28942320004631655,285.81287904599657,0.0
33.724,41.7287700381316,-2.533530727162729,-1.3009459529584728,46,0.050796814262866974,-0.041880011558532715,1.0167707204818726,0.41037341952323914,1.1574745178222656,-3.23095703125,0.28876477734636946,285.81287904599657,0.0
33.774,41.62386150888888,-2.2229789260946506,-1.0718435769092982,46,0.025446061044931412,-0.013626489788293839,0.988939642906189,3.21126389503479,-2.2617173194885254,-0.7799015045166016,0.28825704570246136,285.81287904599657,0.0
33.824,41.60164684635942,-2.262575871406933,-1.3728888072264094,46,0.046730346977710724,-0.030967798084020615,0.98320072889328,2.967301368713379,4.199552536010742,-5.073457717895508,0.2884856629981225,285.81287904599657,0.0
33.875,41.39646782786231,-1.9144194790860696,-1.202785029536669,46,0.02384539134800434,-0.016561729833483696,0.9472910761833191,4.4680094718933105,5.233926296234131,-4.3311238288879395,0.2889912455066033,285.81287904599657,0.0
33.925,41.2431762750306,-1.7024494030521897,-0.8209741858764124,46,0.024897662922739983,0.003284996608272195,0.9713194966316223,4.999195575714111,3.5107815265655518,-6.5668535232543945,0.2893439740332552,285.81287904599657,0.0
33.975,41.20870030299607,-1.3281060402556348,-0.4524040689424671,46,0.023952549323439598,-0.010214746929705143,0.9922030568122864,4.828673839569092,-1.9960577487945557,1.2538177967071533,0.28921339391133044,285.81287904599657,0.0
34.026,41.185370531531156,-1.2252883702850457,-0.47391686168060393,46,0.014375119470059872,-0.003802750026807189,1.021268367767334,2.209815740585327,-2.535487174987793,-1.4541822671890259,0.2891540966283934,285.81287904599657,0.0
34.076,41.2217640824185,-1.1518394539073418,-0.4606715616563391,46,0.02473498322069645,-0.011832973919808865,1.0432186126708984,-2.806178569793701,2.133920907974243,2.132343053817749,0.2883018562980028,285.81287904599657,0.0
34.126,41.240762833833564,-1.5135614589303141,-0.6747965512495687,46,0.03132452815771103,-0.01829163171350956,0.9711449146270752,-2.944929599761963,5.426041603088379,-0.662784218788147,0.287193096891529,285.81287904599657,0.0
34.177,41.19555979969589,-1.5719399851251754,-0.8949061774632997,46,0.02832864411175251,-0.021623995155096054,0.9703938961029053,-2.1563854217529297,5.385590076446533,-1.8969733715057373,0.2853307103835311,285.81287904599657,0.0
34.227,41.09256036933493,-1.4457049846672303,-0.8334699741919875,46,0.02133048139512539,-0.009105626493692398,0.9873468279838562,1.320891261100769,1.5150645971298218,-3.226304531097412,0.28411903784342213,284.78435632808254,0.0
34.277,41.03280922587777,-1.4674516637393853,-0.8004480129957818,46,0.03176053613424301,-0.012682200409471989,0.9806175231933594,-0.6942497491836548,2.72064208984375,-3.626901388168335,0.2821723908180403,284.78435632808254,0.0
34.327,40.8875801508193,-1.4197674369427669,-0.12821310803864552,46,0.016570284962654114,0.02131875790655613,1.0187476873397827,4.136763572692871,2.006429433822632,-4.403845310211182,0.2810324474193182,284.78435632808254,0.0
34.378,40.816592169253134,-1.1552140042311436,0.8984851366849043,46,0.020049693062901497,0.029095960780978203,1.0359920263290405,-0.5623643398284912,1.9915335178375244,0.9821581244468689,0.2791640285442228,284.78435632808254,0.0
34.429,40.85005035940011,-1.3132163574069677,1.0104146224492385,46,0.028855890035629272,0.020081937313079834,1.0229077339172363,-3.605234146118164,3.9388601779937744,0.08455607295036316,0.27740590693462847,284.78435632808254,0.0
34.479,40.883916356795986,-1.379355879877072,1.0745061629215154,46,0.02127891778945923,0.012951148673892021,0.9967012405395508,0.014483668841421604,-1.2829310894012451,2.5442748069763184,0.2749639546421303,284.78435632808254,0.0
34.529,40.914537489762914,-1.361598185872994,0.8675601968269068,46,0.021921008825302124,0.016255583614110947,1.0005378723144531,-0.9361705780029297,2.445772409439087,-0.4358309805393219,0.2730381625743363,284.78435632808254,0.0
34.579,41.00382779884208,-1.2844443174470617,0.7507568515512323,46,0.02801528014242649,0.004157706629484892,1.0119051933288574,-0.6701931357383728,-2.731471538543701,4.128283977508545,0.26997150164056877,284.78435632808254,0.0
34.629,41.05816558880064,-1.3954666381122343,0.42494684397497445,46,0.019491644576191902,0.000360680278390646,0.9999296069145203,0.06924549490213394,-1.800252079963684,0.4342193305492401,0.267953565018127,284.78435632808254,0.0
34.68,41.140738335609925,-1.3274115715331307,-0.024246459669699134,46,0.027038278058171272,-0.011091893538832664,1.0199358463287354,-0.48909080028533936,-1.9301249980926514,2.466478109359741,0.2652395684504262,284.78435632808254,0.0
34.73,41.09515283898576,-1.4861626195191786,-0.061488988129646975,46,0.02613227814435959,0.01136193610727787,0.9879210591316223,-2.2269351482391357,1.0359328985214233,-2.6753313541412354,0.2627697694575677,285.5988015797358,0.0
34.781,41.12680047867995,-1.4973754409682052,0.2698616178267248,46,0.028476620092988014,0.010425237938761711,1.0034326314926147,-1.6120437383651733,-2.954854965209961,3.367421865463257,0.2611928140772776,285.5988015797358,0.0
34.832,41.16222555913058,-1.679591504899147,0.08932815654793176,46,0.029821859672665596,-0.0006899522850289941,1.0170211791992188,-0.9211312532424927,-1.3354171514511108,-1.0731390714645386,0.25905033573699854,285.5988015797358,0.0
34.882,41.14528140663159,-1.6786717298161329,0.19612771263197906,46,0.029026003554463387,0.009258382953703403,0.9815229773521423,-1.2657067775726318,0.7512803077697754,0.33038046956062317,0.25792799656822174,285.5988015797358,0.0
34.933,41.17416844905535,-1.839224965984847,0.14660088876742955,46,0.0378713496029377,-0.0009316542418673635,0.9980485439300537,-1.1468011140823364,-0.7469799518585205,0.1580866426229477,0.25645224017582613,285.5988015797358,0.0
34.983,41.14518406050643,-1.8584078644035764,0.4435778712629942,46,0.028370846062898636,0.01753821410238743,0.9770763516426086,-0.2625884711742401,-2.2518088817596436,-0.09988223016262054,0.2557675054476323,285.5988015797358,0.0
35.034,41.15934599486583,-1.730018064407953,0.45039733462653553,46,0.0255903247743845,0.0029629517812281847,0.9957491159439087,-0.1788473278284073,-3.01650333404541,0.25188493728637695,0.25445212315770416,285.5988015797358,0.0
35.085,41.17980358852956,-1.6322072086245059,0.2683022395447303,46,0.028785331174731255,-0.0009405985474586487,1.0069342851638794,-0.023899074643850327,-3.069416046142578,1.3411492109298706,0.2535801458179465,285.5988015797358,0.0
35.135,41.21834152639855,-1.8744502488942285,-0.05270909186014644,46,0.04169391095638275,-0.0052839647978544235,1.0013773441314697,-0.2391090989112854,0.8352989554405212,0.09522707760334015,0.25220524204431466,285.5988015797358,0.0
35.186,41.19731025904176,-1.8887680749962328,-0.011718442786432363,46,0.030975690111517906,0.0011263730702921748,1.0165268182754517,-0.5494036078453064,-2.1530792713165283,0.27000197768211365,0.2514950397675465,285.5988015797358,0.0
35.236,41.21225738335085,-1.770272187260304,0.09349795303017322,46,0.02517406828701496,-0.001985077513381839,0.9785289168357849,-0.7311795949935913,-1.9067481756210327,0.6317065954208374,0.2503582382142061,285.5988015797358,0.0
35.287,41.24823573218632,-1.6120393340640928,0.1368626950978493,46,0.02385054901242256,0.0027050613425672054,0.9880257248878479,-0.16578789055347443,-0.24091719090938568,2.084181547164917,0.24965684399166313,287.45829620999245,0.0
35.337,41.37656980991202,-1.7270987944870326,-0.5564851580845636,46,0.03672301769256592,-0.027506209909915924,0.9866527915000916,1.6844902038574219,-1.0239826440811157,1.4510847330093384,0.24856509922844558,287.45829620999245,0.0
35.387,41.3679136620464,-1.7455691247864622,-0.8223804038118292,46,0.0270802341401577,-0.010391746647655964,0.9682163596153259,4.080990314483643,-1.7982702255249023,-0.23281492292881012,0.24784797238207218,287.45829620999245,0.0
35.438,41.39341524020119,-1.6045491586110985,-0.6975363501273375,46,0.03174645081162453,-0.009931287728250027,1.0106585025787354,2.2870707511901855,0.21806740760803223,0.6481314301490784,0.2469122280352707,287.45829620999245,0.0
35.488,41.38443938253494,-1.709672739201339,-0.4797733090917477,46,0.0331743061542511,0.0039021698758006096,1.0030198097229004,1.9362432956695557,1.5650321245193481,-1.1973071098327637,0.2463606477845899,287.45829620999245,0.0
35.538,41.40043601312562,-1.4939432016165444,-0.028184187654194105,46,0.019640272483229637,0.00588720990344882,1.010780930519104,0.6241334080696106,-1.9591238498687744,2.8537631034851074,0.24598701686923344,287.45829620999245,0.0
35.589,41.49484714090646,-1.2107008503018954,-0.7634716143802024,46,0.013581516221165657,-0.03430742397904396,0.9674492478370667,2.3768835067749023,-1.3412282466888428,1.3976107835769653,0.24557006405928347,287.45829620999245,0.0
35.639,41.52935725471307,-1.2378551270088294,-1.293991647720217,46,0.027857542037963867,-0.03243135288357735,1.0144039392471313,0.03372717648744583,0.619354248046875,0.40080395340919495,0.24498559396256975,287.45829620999245,0.0
35.69,41.469587573770724,-1.362517465868398,-1.2467720567974372,46,0.02141629531979561,-0.010613792575895786,1.022657036781311,-1.2234089374542236,-1.58697509765625,-1.6253422498703003,0.24447888234983367,287.45829620999245,0.0
35.74,41.499449051344946,-1.3806418651491459,-1.1732788256338913,46,0.02842707186937332,-0.022297784686088562,1.0181740522384644,-1.532700538635254,0.8008676767349243,-0.14067192375659943,0.24381201068718805,287.45829620999245,0.0
35.79,41.47607178956187,-1.3466990383099378,-1.0922168849060458,46,0.0213099867105484,-0.013163621537387371,0.9742572903633118,-0.894472599029541,-1.2719316482543945,0.49581196904182434,0.24325285079012948,287.45829620999245,0.0
35.841,41.449921827497505,-1.3851341327208102,-0.7081031731211089,46,0.022542409598827362,0.0036526184994727373,0.9634807705879211,3.0321953296661377,1.0160291194915771,-1.9179747104644775,0.24315691691960226,278.70981460562166,0.0
35.891,41.4445079934275,-1.3361697366650593,-0.41047057047087915,46,0.02508491836488247,-0.0022238215897232294,1.0190991163253784,-0.10612381994724274,3.3446338176727295,-0.41280046105384827,0.24245733775932168,278.70981460562166,0.0
35.942,41.43325409506887,-1.1797694640714445,-0.14529570854870755,46,0.013696982525289059,-0.006084569729864597,0.9995713233947754,1.9545204639434814,-2.7793829441070557,1.7024673223495483,0.2418291264221276,278.70981460562166,0.0
35.992,41.49232062957615,-1.3904368850733035,-0.6338085716919899,46,0.03294418007135391,-0.024012042209506035,1.0004884004592896,1.1893582344055176,1.9656802415847778,-0.8428193926811218,0.24095053816323683,278.70981460562166,0.0
36.042,41.41365123900193,-1.2777135388435024,-0.604732460601236,46,0.01507355086505413,-0.0030622268095612526,1.0113805532455444,-0.2847418487071991,2.9824628829956055,-1.6893597841262817,0.24047604333997905,278.70981460562166,0.0
36.092,41.38584463675503,-1.1987554751971303,-0.20273744530878018,46,0.01949969306588173,0.002833527745679021,0.9858790636062622,1.0255030393600464,0.2906090021133423,0.13460040092468262,0.24019690163717575,278.70981460562166,0.0
36.143,41.42127884717845,-1.229340893857883,-0.5271558100600298,46,0.0274424497038126,-0.023603226989507675,0.9967699646949768,0.20363585650920868,1.7987439632415771,0.2638339698314667,0.23993385842951417,278.70981460562166,0.0
36.193,41.35796552664686,-1.1909013174336587,-0.48482223021664983,46,0.015580621547996998,-0.0004906405229121447,1.0107604265213013,1.264151930809021,-0.8286870121955872,-1.3590494394302368,0.2397357627813414,278.70981460562166,0.0
36.243,41.39492016151622,-1.2042195962364797,-0.4459337904215895,46,0.027888448908925056,-0.0069261896423995495,0.98582923412323,-1.9552834033966064,1.276597023010254,1.3187155723571777,0.23971588750148423,278.70981460562166,0.0
36.293,41.40041331960055,-1.2335900975468783,-0.6510646398407473,46,0.018299458548426628,-0.015228857286274433,1.0081875324249268,0.39437374472618103,-3.381171226501465,0.6290496587753296,0.23959743953729082,278.70981460562166,0.0
36.344,41.38245664511751,-1.3399753891669917,-0.8113387410425353,46,0.02569584548473358,-0.014684130437672138,1.0019649267196655,-0.30561453104019165,1.8608629703521729,-2.4211649894714355,0.23957156169817384,284.05146959230666,0.0
36.394,41.31250558363199,-1.1998646108815134,-0.39549469311117236,46,0.019005829468369484,0.0057257115840911865,1.0118505954742432,-0.7641361951828003,-0.6224764585494995,0.12534858286380768,0.23900443875050753,284.05146959230666,0.0
36.444,41.33356902760644,-1.159970804778726,-0.2594732560324775,46,0.018644828349351883,-0.010365027002990246,0.9882376194000244,-1.2455846071243286,-0.5734248161315918,1.1667827367782593,0.23858416033725366,284.05146959230666,0.0
36.495,41.367905462110734,-1.281093440104459,-0.6650851668590926,46,0.02703646942973137,-0.017442509531974792,0.9962881803512573,-0.1303049921989441,1.934274673461914,-1.7297635078430176,0.23794515590853318,284.05146959230666,0.0
36.545,41.30648064805244,-1.308476456640015,-0.4754492823474169,46,0.022122763097286224,0.00044401345076039433,1.0002753734588623,1.4136087894439697,-1.9153894186019897,0.03275107964873314,0.2377771540976893,284.05146959230666,0.0
36.596,41.315783248298615,-1.4607695462870622,-0.31530039105950186,46,0.030299659818410873,-0.0021350036840885878,1.001624584197998,-2.902580738067627,1.5986709594726562,-0.8449276089668274,0.23798250445644378,284.05146959230666,0.0
36.646,41.290710631813496,-1.3551514565391032,-0.07119095911717886,46,0.017445994541049004,0.002836774103343487,1.0004856586456299,-0.1536937952041626,-1.625859260559082,2.1745152473449707,0.23797592152919975,284.05146959230666,0.0
36.697,41.335344385583014,-1.4093245268706918,-0.33370712347229325,46,0.026872530579566956,-0.012106728740036488,0.9869838356971741,0.04879593476653099,1.6254433393478394,-1.780150294303894,0.23831442129848812,284.05146959230666,0.0
36.747,41.315066912564454,-1.3280909290244585,-0.2293961209010241,46,0.02277602255344391,0.00014024748816154897,0.9795496463775635,1.7197545766830444,-2.4882290363311768,1.684823989868164,0.23845322511699427,284.05146959230666,0.0
36.797,41.358137766772174,-1.3606407574760593,-0.4710859442216235,46,0.026052886620163918,-0.015578112564980984,1.0157585144042969,1.1391263008117676,-0.4066111743450165,0.780303418636322,0.23846711215819658,284.05146959230666,0.0
36.848,41.3781989160294,-1.3576486298123758,-0.9896839221252482,46,0.02280806191265583,-0.03296057879924774,1.0178557634353638,-0.4748656153678894,-0.9244078397750854,1.0857512950897217,0.2383888360486193,284.05146959230666,0.0
36.898,41.31294455238229,-1.3936334015161416,-1.0826651969091048,46,0.01744060590863228,-0.012720281258225441,0.9813807606697083,1.0049527883529663,1.447262167930603,-2.859457492828369,0.23821392661657698,281.06305702606716,0.0
36.949,41.28488987663952,-1.3160594778147958,-0.9403315217327635,46,0.02832498401403427,-0.012743443250656128,0.9842417240142822,-0.4371732473373413,1.420060396194458,-0.9690413475036621,0.2385317507219377,281.06305702606716,0.0
36.999,41.19690145337354,-1.3617152162619461,-0.49224395579613106,46,0.02014610730111599,0.012473874725401402,0.992186427116394,0.5393499732017517,0.4862598180770874,-2.9610116481781006,0.2388600285148655,281.06305702606716,0.0
37.05,41.2217386916749,-1.1460980666273735,0.01905099805093507,46,0.021583683788776398,-0.002080976264551282,0.988447904586792,-0.03591948747634888,-3.514148235321045,3.233872652053833,0.23928612240139246,281.06305702606716,0.0
37.1,41.26666085592104,-1.3631189298658928,-0.30812149668097216,46,0.025994380936026573,-0.008865493349730968,1.006823182106018,-0.09637989848852158,-0.09765864163637161,-0.3754177987575531,0.23961953426782473,281.06305702606716,0.0
37.15,41.302439650113115,-1.2861058524841487,-0.3960222673302435,46,0.01946580968797207,-0.010834570042788982,1.013816475868225,-1.6642829179763794,-1.2619822025299072,1.5288280248641968,0.2399541328131925,281.06305702606716,0.0
37.2,41.304655751300174,-0.9815626553547565,-0.8214947708858388,46,0.003177878214046359,-0.02324373461306095,1.0035655498504639,-2.535592555999756,2.307420253753662,-2.3081562519073486,0.2402008235651411,281.06305702606716,0.0
37.251,41.236136731189106,-0.12647514219506134,-0.3353149905221087,46,-0.018984805792570114,0.008756873197853565,0.9901663064956665,0.9749910831451416,-4.5579514503479,1.8914661407470703,0.24048177041128332,281.06305702606716,0.0
37.301,41.508740681694626,-0.9057858308964035,-0.9958335173828262,46,0.057745929807424545,-0.04768438637256622,1.0142511129379272,-1.9822611808776855,-1.1178841590881348,6.776553153991699,0.24061514863785907,281.06305702606716,0.0
37.352,41.50545168979275,-1.9944947150523322,-2.0106427140730743,46,0.04656326025724411,-0.044850144535303116,1.0089292526245117,-2.9077444076538086,0.8596785664558411,-3.5325913429260254,0.24083968327589875,281.06305702606716,0.0
37.402,41.43745617790963,-1.7130137852396323,-1.8619454669256312,46,0.016714124009013176,-0.025196371600031853,0.9944055676460266,0.4526776969432831,-2.9338560104370117,-1.5667239427566528,0.2409957563871275,277.07121152067646,0.0
37.452,41.429961200932055,-1.6830444662639679,-2.6033289115165577,46,0.03912913054227829,-0.06411098688840866,1.033955454826355,-1.705767273902893,2.3800487518310547,-2.8957860469818115,0.24130294917870374,277.07121152067646,0.0
37.502,41.1482996285176,-1.642489030569899,-2.0141539618864823,46,0.018070347607135773,-0.009173654951155186,1.012774109840393,-1.5608558654785156,1.3485649824142456,-8.076593399047852,0.24140996589766728,277.07121152067646,0.0
37.553,40.98418624137607,-1.64719953941801,-1.1170573560197066,46,0.03375183418393135,-0.00847618281841278,0.98904949426651,-2.284201145172119,2.6097123622894287,-5.818521499633789,0.24174457721189116,277.07121152067646,0.0
37.603,40.764467787844666,-1.514110236472652,-0.07795372431735774,46,0.015776989981532097,0.0349096953868866,0.9807007312774658,-2.5025203227996826,0.95641028881073,-6.041496753692627,0.24213889222665996,277.07121152067646,0.0
37.654,40.77094473899419,-1.402498824824081,0.6847552432386041,46,0.02882389724254608,0.014311868697404861,0.9547135233879089,0.862074077129364,-2.4600932598114014,2.469447374343872,0.24262075898420263,277.07121152067646,0.0
37.704,40.78164922610584,-1.4965837352211704,0.3214741406933515,46,0.024805760011076927,0.00016136244812514633,0.9867516160011292,1.4916905164718628,-0.9028669595718384,1.0028012990951538,0.24295378902257708,277.07121152067646,0.0
37.754,40.8439913741944,-1.6316449282567627,-0.2239767720634874,46,0.04211348295211792,-0.01938515156507492,1.0042082071304321,1.333606243133545,-2.038010358810425,0.9305539727210999,0.24372780894728235,277.07121152067646,0.0
37.805,40.84125609719971,-1.9739832647167908,-0.5273622314986023,46,0.03945646807551384,-0.0030951343942433596,0.9907220602035522,1.6321336030960083,-2.464921474456787,-0.6098887324333191,0.244094001982008,277.07121152067646,0.0
37.855,40.89440181593549,-1.9540674161079976,-0.6906495556064839,46,0.04330609738826752,-0.024140896275639534,0.9925941228866577,3.570857048034668,0.39347171783447266,1.322550892829895,0.24477550687482397,277.07121152067646,0.0
37.907,40.7945539310089,-1.8828405942649902,-0.5825364114389716,46,0.02144022472202778,0.0036495958920568228,1.0230048894882202,-1.0471898317337036,1.0529354810714722,-4.112575054168701,0.2453412911645626,277.07121152067646,0.0
37.957,40.87195490163483,-1.512437610067745,-0.4745782973145278,46,0.028209058567881584,-0.025090917944908142,0.999173104763031,-0.20666858553886414,0.06115865334868431,3.7215964794158936,0.2464098210403124,284.20544789266836,0.0
38.008,40.850895820600726,-1.420240187542699,-0.6954303599326939,46,0.01187237910926342,-0.007662484887987375,0.9582315683364868,0.5555425882339478,2.1435906887054443,-0.6532268524169922,0.24748980502913998,284.20544789266836,0.0
38.058,40.966292989428375,-1.3488040139008137,-1.0639490336925328,46,0.03661225736141205,-0.034333597868680954,1.0002418756484985,2.8655622005462646,-0.35071861743927,3.042907238006592,0.2479596003122572,284.20544789266836,0.0
38.108,40.948270637379544,-1.3991824609913777,-1.4330665222840455,46,0.01595015451312065,-0.024913541972637177,1.0307270288467407,0.23947696387767792,-0.16678206622600555,-1.3655675649642944,0.2485841361162731,284.20544789266836,0.0
38.158,40.99884362051132,-1.1964083005814141,-1.438952001887275,46,0.021676676347851753,-0.027093539014458656,0.9823273420333862,1.4261679649353027,-1.5632725954055786,2.0065348148345947,0.24881006772912503,284.20544789266836,0.0
38.208,41.01751705003729,-1.0414336100944577,-1.661638020423305,46,0.012330812402069569,-0.032186537981033325,1.0101138353347778,1.3358197212219238,-2.527559995651245,1.3227317333221436,0.2489467797018646,284.20544789266836,0.0
38.259,41.03704592030727,-1.127964280675062,-1.939191642174313,46,0.02608725056052208,-0.03542553260922432,1.0014240741729736,0.7168565392494202,1.765708088874817,-1.3235410451889038,0.24874725107652634,284.20544789266836,0.0
38.309,40.949399505529016,-1.2044536413463283,-1.4924905994884836,46,0.020353306084871292,-0.01107841171324253,1.007178783416748,1.0883713960647583,1.0653749704360962,-1.8350622653961182,0.2483738207086554,284.20544789266836,0.0
38.36,40.95796429370051,-1.3545501617896651,-1.23224027973836,46,0.0327766053378582,-0.026809796690940857,1.0100488662719727,1.0569450855255127,-2.2827835083007812,0.8843645453453064,0.2481371902072329,284.20544789266836,0.0
38.41,40.86597820299784,-1.4463732600794563,-1.1285800270601516,46,0.017348360270261765,-0.012537194415926933,1.0072869062423706,-1.6742337942123413,2.5609209537506104,-3.7666029930114746,0.24772066927917258,284.20544789266836,0.0
38.46,40.84600204861513,-1.2761668766150507,-0.8627877868340958,46,0.02311313897371292,-0.014539879746735096,1.012393593788147,-2.1784045696258545,0.742339015007019,-0.17308296263217926,0.24754975385660014,284.20544789266836,0.0
38.511,40.79727264023297,-1.25562073794256,-0.48720782612078695,46,0.015434701927006245,0.003825117601081729,0.963055431842804,0.36771976947784424,-0.8307331800460815,-0.7167200446128845,0.24713640122038258,286.8292416056897,0.0
38.562,40.867583317933004,-1.2437676734833076,-0.5291571084658065,46,0.026775149628520012,-0.019123250618577003,0.9957489967346191,-1.1878141164779663,0.7247180342674255,2.477466106414795,0.24726977386749244,286.8292416056897,0.0
38.612,40.88601015616016,-1.396254765220147,-0.7976399322999059,46,0.02301953360438347,-0.014170820824801922,0.9982743263244629,0.9233831763267517,-0.687294602394104,0.26047560572624207,0.2477390388160722,286.8292416056897,0.0
38.662,40.94229955826517,-1.4445302747880455,-0.817607255449706,46,0.03344264253973961,-0.017417723312973976,1.015468716621399,0.005889303516596556,-0.11060214787721634,0.9339999556541443,0.24814434583182376,286.8292416056897,0.0
38.713,40.94499654148956,-1.4753129099025617,-1.0739130879309842,46,0.02361150272190571,-0.024155598133802414,0.998931348323822,-1.546368956565857,1.9204895496368408,-0.9056169986724854,0.24854993491867705,286.8292416056897,0.0
38.763,40.91949060298012,-1.3982250821947442,-0.8669163015236111,46,0.02078547328710556,-0.009563195519149303,0.9697227478027344,0.3240131437778473,-1.1171287298202515,0.8777894377708435,0.24894231122091667,286.8292416056897,0.0
38.813,40.9578769601645,-1.2919253314635268,-0.8169187419054174,46,0.021063005551695824,-0.010293272323906422,0.9968213438987732,1.6040418148040771,-1.2292038202285767,0.8362820744514465,0.24977863748009838,286.8292416056897,0.0
38.863,41.02911460661578,-1.1528979338039398,-0.8540105223341806,46,0.021597763523459435,-0.01884881965816021,1.0168579816818237,-1.5033349990844727,-0.8168849349021912,2.719090461730957,0.2502217158066132,286.8292416056897,0.0
38.914,41.0996638691176,-1.262395884043938,-0.9652853278165996,46,0.022638866677880287,-0.020177796483039856,0.9948954582214355,0.5569974184036255,-1.7520406246185303,2.294574022293091,0.2505708416935559,286.8292416056897,0.0
38.964,41.16250861170847,-1.4054888748371208,-1.3241610186605295,46,0.024215104058384895,-0.0254487507045269,1.0089747905731201,-1.4599645137786865,2.3366594314575195,-0.47746923565864563,0.25068049175165213,286.8292416056897,0.0
39.015,41.17256317534794,-1.2517260343023986,-1.0768950491289735,46,0.01875428482890129,-0.012001379393041134,0.9972860813140869,0.11685466766357422,-0.4860072433948517,1.143209457397461,0.25095416360415723,286.8292416056897,0.0
39.065,41.211756437058405,-1.2523636697623248,-1.2117062614087812,46,0.022831924259662628,-0.02562907338142395,1.0084837675094604,-0.8184154033660889,0.42455413937568665,0.5974207520484924,0.250786118106311,283.43722124611435,0.0
39.115,41.22068752982213,-1.213062144306743,-1.3133617386119707,46,0.0201945211738348,-0.02570931613445282,0.996404767036438,-1.1398855447769165,0.4867703318595886,1.157041311264038,0.2504058037935134,283.43722124611435,0.0
39.166,41.24586020253568,-1.264477758767756,-1.3726939740175734,46,0.021718576550483704,-0.022859390825033188,0.9877089858055115,-0.012919234111905098,0.4573517441749573,-0.22196616232395172,0.25040215243671493,283.43722124611435,0.0
39.216,41.27686803818028,-1.0913205243230888,-1.2860299662080092,46,0.01754407398402691,-0.024059629067778587,0.9958227276802063,0.7368451952934265,-2.958127737045288,2.9461958408355713,0.2503405998004972,283.43722124611435,0.0
39.267,41.31245731960479,-1.3816095700451176,-1.604052631967119,46,0.0323546826839447,-0.03274303674697876,0.99098801612854,0.0521048828959465,0.7776603698730469,-1.1094410419464111,0.2507057292607396,283.43722124611435,0.0
39.317,41.26908639482953,-1.4439038627941134,-1.5381150840945106,46,0.025481050834059715,-0.02066776715219021,1.0127214193344116,-1.0472829341888428,0.26523882150650024,-0.9291181564331055,0.25081042048250274,283.43722124611435,0.0
39.367,41.23491633482788,-1.394418018256532,-1.1800998480999834,46,0.022559357807040215,-0.012144439853727818,1.0059536695480347,0.32913294434547424,-2.324259042739868,-0.5250070095062256,0.2511080191762335,283.43722124611435,0.0
39.417,41.230313991305614,-1.373077905616395,-0.986727520759101,46,0.019442729651927948,-0.017371896654367447,0.9827178716659546,-1.8392630815505981,2.249798059463501,0.0016370086232200265,0.251496202204384,283.43722124611435,0.0
39.467,41.256087112389,-1.3835962405743207,-0.9667225434473459,46,0.026100676506757736,-0.02005469985306263,0.9891573786735535,-0.23295246064662933,-0.36071017384529114,1.0397313833236694,0.2524020060841107,283.43722124611435,0.0
39.518,41.27251477575893,-1.3715603569062236,-1.104727397101143,46,0.024335414171218872,-0.02223409153521061,0.9879719018936157,1.6631473302841187,-2.223403215408325,0.608967125415802,0.25304312779231014,283.43722124611435,0.0
39.569,41.281148093407054,-1.280517447496494,-1.1180427728415496,46,0.018418364226818085,-0.016740938648581505,1.0036119222640991,-0.28075653314590454,-1.6275572776794434,0.23339346051216125,0.2539509741979426,280.4428991709013,0.0
39.619,41.33774791672446,-1.2876309612974173,-1.2711113342824258,46,0.02611815184354782,-0.03150830790400505,1.0053879022598267,-0.5303463339805603,0.22348037362098694,2.5097482204437256,0.25461983947322586,280.4428991709013,0.0
39.67,41.35072091195959,-1.381432443834044,-1.5457310292109192,46,0.022861428558826447,-0.030668441206216812,1.0076247453689575,0.4197874367237091,-0.9165785908699036,0.05379050225019455,0.25561364525152497,280.4428991709013,0.0
39.72,41.3586678160517,-1.3541608927684383,-1.6169768598156964,46,0.024436254054307938,-0.02470451593399048,0.9853470921516418,0.41339612007141113,0.6397231221199036,-0.5663333535194397,0.25631145844112924,280.4428991709013,0.0
39.77,41.35039408031515,-1.1797410840457496,-1.3525737633813915,46,0.012326541356742382,-0.020590856671333313,1.01085364818573,1.5838894844055176,-1.5078837871551514,0.941469669342041,0.25754617316640516,280.4428991709013,0.0
39.821,41.395320522127065,-1.1618576979363995,-1.431538486156781,46,0.023943159729242325,-0.027943173423409462,1.001183032989502,-0.17905616760253906,0.6336426138877869,0.6326532959938049,0.2583911551578365,280.4428991709013,0.0
39.871,41.40087173756554,-1.265847287726873,-1.5831847083637103,46,0.021884536370635033,-0.0358467660844326,1.0129514932632446,-0.6856521368026733,0.24797950685024261,-0.04668118804693222,0.259610988532372,280.4428991709013,0.0
39.922,41.3527714104118,-1.3137043802266097,-1.6425514887954678,46,0.019399987533688545,-0.022913942113518715,0.9967353940010071,-2.2056891918182373,0.19911108911037445,-2.569523572921753,0.26031731347284714,280.4428991709013,0.0
39.972,41.367395897457264,-1.320090396919477,-1.5473082387095396,46,0.027363445609807968,-0.03129534795880318,1.0012552738189697,-1.342756748199463,-0.37272846698760986,0.6946197152137756,0.2610969505277499,280.4428991709013,0.0
40.022,41.318247622776944,-1.4615733855387767,-1.6106532425991493,46,0.02232752926647663,-0.02194056287407875,0.9739486575126648,0.5000717639923096,-0.177855983376503,-2.715057134628296,0.26160105277692275,280.4428991709013,0.0
40.073,41.279165410315535,-1.221849901839655,-1.3060711812895824,46,0.02035561390221119,-0.021579191088676453,1.0187970399856567,-0.8260430097579956,-1.938546895980835,1.7619014978408813,0.2625277290371087,280.4428991709013,0.0
40.123,41.26856512178884,-1.4953705820168872,-1.4201288786550907,46,0.027782592922449112,-0.023238958790898323,0.9888340830802917,-1.3488789796829224,-0.1488121747970581,-2.1208794116973877,0.26313114987981917,298.4844861941361,0.0
40.173,41.24282454849491,-1.4132894677571568,-1.1614640400864336,46,0.022365815937519073,-0.015785109251737595,0.9914541244506836,-0.6271817684173584,0.8671835660934448,0.668713390827179,0.2642365874259636,298.4844861941361,0.0
40.224,41.25372238093398,-1.5681386294617057,-1.3158413425209945,46,0.032440029084682465,-0.025019800290465355,0.9913608431816101,1.1116384267807007,-0.8958138823509216,-0.401076078414917,0.2647949130913758,298.4844861941361,0.0
40.275,41.213564470783986,-1.5996568772119748,-1.2826219701594872,46,0.02656758949160576,-0.018013257533311844,0.9963099360466003,0.10279598087072372,0.008403845131397247,-1.5707725286483765,0.26544777450542556,298.4844861941361,0.0
40.325,41.21256211517171,-1.525617963373736,-1.1502420714908075,46,0.029704121872782707,-0.01670089177787304,1.014254093170166,0.4879758954048157,-0.8595902919769287,0.9904340505599976,0.2659105110597002,298.4844861941361,0.0
40.375,41.20290099869507,-1.5829898224172658,-1.1452556359431214,46,0.025451431050896645,-0.020217012614011765,0.9964678287506104,-0.5567740201950073,0.025206198915839195,-0.5391349792480469,0.26656415341214157,298.4844861941361,0.0
40.425,41.19855290155067,-1.4762723450049373,-0.9132656450056131,46,0.022026818245649338,-0.010158649645745754,0.9711012840270996,-1.2066353559494019,1.168524980545044,0.3726659417152405,0.26708299468683305,298.4844861941361,0.0
40.476,41.271419498791744,-1.4458806120746432,-0.9908114534758584,46,0.029893850907683372,-0.02266792207956314,1.0032416582107544,0.8329281806945801,-1.6638237237930298,1.920094609260559,0.26774818890049795,298.4844861941361,0.0
40.526,41.32041528086859,-1.3612168791948642,-1.3145028737587632,46,0.018880410119891167,-0.03165329620242119,1.0024691820144653,0.28529471158981323,-1.826931357383728,1.8764374256134033,0.26845167628965894,298.4844861941361,0.0
40.577,41.38654156052186,-1.4212517975271803,-1.7541122300091194,46,0.029529865831136703,-0.043293390423059464,0.9932054877281189,0.6516118049621582,-0.8119881749153137,1.838245153427124,0.269087287708442,298.4844861941361,0.0
40.627,41.39755511106814,-1.6192323560732385,-2.089606829473149,46,0.03200525417923927,-0.03890771418809891,1.0050042867660522,-0.037171438336372375,1.8276928663253784,-1.052579402923584,0.2699307404156175,298.4844861941361,0.0
40.677,41.34269881481681,-1.423666054919947,-1.756684982857875,46,0.016649531200528145,-0.019429277628660202,0.9975016117095947,-0.044185977429151535,0.4353891611099243,-1.170306921005249,0.27039102822264066,284.86172235805486,0.0
40.728,41.41108316033579,-1.2975019807165205,-1.692381840036961,46,0.025586159899830818,-0.0396210215985775,1.0033464431762695,-1.2062485218048096,-0.7707627415657043,3.1532020568847656,0.27091728856820013,284.86172235805486,0.0
40.778,41.40270297999644,-1.46453220523463,-1.8083749593529932,46,0.02767503820359707,-0.025850923731923103,0.9737342596054077,1.481989860534668,-2.0016047954559326,-1.2814877033233643,0.27120710609932097,284.86172235805486,0.0
40.828,41.40678627864335,-1.3903710085547336,-1.6819508320058911,46,0.026050830259919167,-0.02452513761818409,1.0208271741867065,-1.5703277587890625,1.7300180196762085,0.8256351947784424,0.2717056097751812,284.86172235805486,0.0
40.879,41.39125282376228,-1.5173969005904961,-1.5446435421138909,46,0.024927206337451935,-0.02251269295811653,1.0056335926055908,1.1656357049942017,-0.8975383639335632,-1.8487350940704346,0.27212841855895037,284.86172235805486,0.0
40.929,41.387860518254115,-1.3958647436276135,-1.3714914160369986,46,0.02387510985136032,-0.026472855359315872,0.9954566955566406,-0.5411900281906128,0.7235254049301147,1.63582181930542,0.2731124248390762,284.86172235805486,0.0
40.98,41.35172709188373,-1.5282743937099241,-1.3966533105596766,46,0.024380339309573174,-0.019631357863545418,0.9888548851013184,-0.09276585280895233,1.121605634689331,-1.7118397951126099,0.27367208113707997,284.86172235805486,0.0
41.03,41.376125164886645,-1.5058529032429075,-1.3994307359530853,46,0.029197905212640762,-0.027785619720816612,0.9985623955726624,-0.5329397320747375,-0.035949334502220154,0.9147474765777588,0.2742602891544045,284.86172235805486,0.0
41.081,41.3606604350053,-1.512968628498618,-1.4814563777507395,46,0.025985192507505417,-0.02715141884982586,1.009385108947754,-1.6325891017913818,0.8312323093414307,-0.1725199818611145,0.274430020888273,284.86172235805486,0.0
41.132,41.376875329751876,-1.6212819543647294,-1.5750172311542499,46,0.03510905057191849,-0.03331463038921356,0.9808641076087952,1.1016100645065308,0.5210356712341309,-0.21463444828987122,0.2747364290449191,284.86172235805486,0.0
41.182,41.318528569087825,-1.73033584117557,-1.5889866943388649,46,0.0258114505559206,-0.01675930619239807,1.0109307765960693,0.2887516915798187,1.2101681232452393,-2.0360331535339355,0.2749125692577594,286.7704088609326,0.0
41.232,41.280598114043,-1.519188825123975,-1.1571662430436356,46,0.022697901353240013,-0.012066126801073551,0.9918116927146912,-1.386557936668396,1.0330172777175903,-0.35669636726379395,0.2750941810045313,286.7704088609326,0.0
41.282,41.30062791026596,-1.5121452660781238,-1.0911540784019609,46,0.029899101704359055,-0.019051091745495796,0.9893949627876282,0.23556479811668396,0.7188009023666382,-0.43793579936027527,0.27514861692384507,286.7704088609326,0.0
41.333,41.30806705242085,-1.5216738029064807,-1.1657490903984697,46,0.02719579078257084,-0.022577643394470215,1.0143872499465942,0.43984901905059814,-1.7804657220840454,1.5743403434753418,0.27554599279943864,286.7704088609326,0.0
41.383,41.34044994978271,-1.4720960906292497,-1.5188030112215989,46,0.0229612085968256,-0.03705048933625221,0.9966840744018555,-0.508372962474823,1.096388339996338,0.15512903034687042,0.2756662093298924,286.7704088609326,0.0
41.433,41.36348930872206,-1.522336415790578,-1.8311453822977442,46,0.03311466425657272,-0.037331391125917435,1.0188157558441162,-0.962216854095459,-0.028650565072894096,0.599215567111969,0.2756345073219173,286.7704088609326,0.0
41.484,41.32011384147233,-1.8278608219810313,-1.4533511415982752,46,0.03279450908303261,-0.013668379746377468,0.9746091365814209,-0.47313418984413147,1.537548542022705,-1.5710852146148682,0.2757000285117191,286.7704088609326,0.0
41.534,41.29176124232719,-1.7296830187915775,-1.1380990066419088,46,0.026783062145113945,-0.010957560501992702,1.0124822854995728,-0.671030580997467,1.095377802848816,-0.7907599210739136,0.27566584846312825,286.7704088609326,0.0
41.584,41.28811135015321,-1.4793367064600853,-0.7524963632128775,46,0.0164796095341444,-0.009060323238372803,1.0078353881835938,-0.4079682528972626,-1.367698311805725,1.7563104629516602,0.27568270105779524,286.7704088609326,0.0
41.634,41.33653385956355,-1.7425814148033392,-1.2151754401657047,46,0.038528766483068466,-0.03342125564813614,0.9855992794036865,-3.3648018836975098,3.1974008083343506,-0.9232682585716248,0.27557531281685116,286.7704088609326,0.0
41.685,41.26378687503105,-1.6009731569212133,-0.9217261580643484,46,0.01932785101234913,-0.0036137786228209734,0.9688381552696228,4.637906074523926,2.655261516571045,-1.078845739364624,0.2754564160878078,286.7704088609326,0.0
41.735,41.33129810695101,-1.4607450826336388,-0.6679770773737214,46,0.024916842579841614,-0.009381468407809734,0.9948325157165527,2.336437225341797,-2.233189821243286,4.344637393951416,0.27532895061410523,285.5793558929666,0.0
41.786,41.41826789313594,-1.6648295991971087,-1.193411541115279,46,0.03510870039463043,-0.024707235395908356,1.016098141670227,0.7530728578567505,-0.28181707859039307,0.056669194251298904,0.2752853800155994,285.5793558929666,0.0
41.836,41.49874858405268,-1.6745666267227701,-1.2456178123328887,46,0.03315091133117676,-0.03529758378863335,1.00288987159729,-0.6463671326637268,-2.200157403945923,5.532762050628662,0.2752347599979628,285.5793558929666,0.0
41.887,41.54495087417243,-2.059874100403912,-2.0729494324434863,46,0.043462514877319336,-0.04765762761235237,1.01288902759552,0.3112477958202362,0.9353832006454468,-3.228288173675537,0.2749908629895571,285.5793558929666,0.0
41.937,41.411016788886435,-1.8085741573068337,-1.6435785065414348,46,0.0209005456417799,-0.011607110500335693,1.0099889039993286,-0.9352279305458069,2.143157958984375,-2.6768875122070312,0.27500806586608173,285.5793558929666,0.0
41.987,41.38880071875826,-1.670544485496014,-1.1489983123848184,46,0.031024176627397537,-0.01270336378365755,0.988224983215332,-1.2203372716903687,-0.22873534262180328,-0.4031555652618408,0.2751545508973703,285.5793558929666,0.0
42.038,41.40084162856174,-1.6768527949751306,-1.1061233717566321,46,0.02895071543753147,-0.023561110720038414,0.9667646288871765,-0.28105688095092773,-0.5127249360084534,1.0331854820251465,0.27526422297804604,285.5793558929666,0.0
42.089,41.403094484975675,-1.6753549283748326,-1.232587971415478,46,0.02874901331961155,-0.021864688023924828,0.9628152847290039,2.46103572845459,2.097515106201172,-1.860265851020813,0.27533549406037083,285.5793558929666,0.0
42.139,41.412035985415386,-1.399925717495028,-1.2312945738501795,46,0.0271653700619936,-0.027493411675095558,0.9773250818252563,4.018795013427734,0.260741651058197,1.3657559156417847,0.2754168929820453,285.5793558929666,0.0
42.189,41.388903131870194,-1.5551772836431388,-1.6155069024804367,46,0.034000858664512634,-0.028338797390460968,1.0512616634368896,5.900941371917725,-5.253779888153076,-3.0506343841552734,0.2754591718382052,285.5793558929666,0.0
42.24,41.333058926300644,-1.4652229422578669,-1.346883915868922,46,0.02020983211696148,-0.0176935363560915,1.0290976762771606,-5.2327961921691895,5.525580883026123,-0.3169895112514496,0.2752178737293978,285.5793558929666,0.0
42.29,41.330431443202336,-1.4539193850953867,-1.2650914887493794,46,0.024409737437963486,-0.023630280047655106,0.9699084758758545,-0.5862165093421936,-0.7205953598022461,0.006728957407176495,0.2750167085084924,291.02858728837083,0.0
42.34,41.29927315166196,-1.36594664057538,-1.1932837728084658,46,0.0223168283700943,-0.014634789898991585,0.986648678779602,1.7626954317092896,-2.0547430515289307,-0.4052544832229614,0.2748455641688482,291.02858728837083,0.0
42.391,41.27840919776634,-1.269920385631136,-0.9276845193123918,46,0.017898378893733025,-0.012605295516550541,1.0150527954101562,-0.7932191491127014,1.6508715152740479,-0.5595591068267822,0.27455288405985884,291.02858728837083,0.0
42.442,41.321015088415784,-1.2357127000575638,-0.8710302270710447,46,0.02169477753341198,-0.018238957971334457,1.0031392574310303,0.5289467573165894,-1.4431250095367432,2.2606723308563232,0.27427341400310346,291.02858728837083,0.0
42.492,41.38861531137582,-1.3117500908300912,-1.4168881046890902,46,0.025532474741339684,-0.04265505075454712,1.0021382570266724,-0.8112407326698303,0.6210988163948059,1.6022369861602783,0.27396696547594124,291.02858728837083,0.0
42.542,41.35813927878401,-1.3539661721655671,-1.6410584476748846,46,0.021533237770199776,-0.028073923662304878,0.9665772914886475,0.07270757108926773,1.5047619342803955,-1.118574619293213,0.27374932517639705,291.02858728837083,0.0
42.593,41.34802035723593,-1.329617395709172,-1.5409658538782436,46,0.027249889448285103,-0.02649131417274475,1.0046526193618774,1.5292253494262695,4.063057713210583e-05,-0.816200852394104,0.27345061048520164,291.02858728837083,0.0
42.643,41.291212708974165,-1.2738238713530754,-1.010778067219196,46,0.020329592749476433,-0.0032558003440499306,1.0291545391082764,-0.9080503582954407,0.12173625081777573,-0.22228677570819855,0.27318975749983593,291.02858728837083,0.0
42.693,41.31216735188963,-1.372186543646398,-0.6265581794069519,46,0.022111346945166588,-0.008806084282696247,0.9954506754875183,-1.4968496561050415,0.8271079659461975,0.7087708115577698,0.27302654036045765,291.02858728837083,0.0
42.744,41.36820195082755,-1.287680806734402,-0.7650208855390485,46,0.021446596831083298,-0.02433806098997593,0.9991844892501831,-1.4319764375686646,1.3100541830062866,2.663602113723755,0.27288123467312836,291.02858728837083,0.0
42.794,41.35548267239852,-1.4661237383917776,-1.0339217182327098,46,0.022419529035687447,-0.017763257026672363,0.989918053150177,-0.2952972650527954,2.5369083881378174,-1.9333086013793945,0.27276269486073357,116.34362431000527,0.0
42.845,41.38415563353903,-1.3167800160360663,-0.8882628146076798,46,0.023305537179112434,-0.018640106543898582,0.9987584948539734,0.46348151564598083,-1.8910861015319824,2.7235822677612305,0.27265854339030837,116.34362431000527,0.0
42.895,41.42347572941626,-1.412109541780601,-1.2489534816005323,46,0.02415376715362072,-0.03217170387506485,0.9953035712242126,-1.5625395774841309,-0.2633455991744995,1.4669995307922363,0.2725777129458146,116.34362431000527,0.0
42.945,41.43062369679846,-1.564830025346096,-1.7946304082478326,46,0.03060460463166237,-0.04358505830168724,1.0016671419143677,-0.9922201633453369,0.03962774574756622,-1.0095165967941284,0.2722154469616889,116.34362431000527,0.0
42.995,41.32963312251836,-1.6135513518438678,-1.58619655760495,46,0.027818620204925537,-0.014885732904076576,0.9830559492111206,0.6033204197883606,3.8355653285980225,-3.9365549087524414,0.272040116602459,116.34362431000527,0.0
43.046,41.24688914540904,-1.567772421068993,-0.7594179608312033,46,0.028582779690623283,0.007782480679452419,1.0160483121871948,0.8015100359916687,-1.7135820388793945,-0.7676249146461487,0.2718168766120471,116.34362431000527,0.0
43.096,41.21719141819657,-1.555882037947834,-0.2960828926292273,46,0.024614375084638596,0.004487136844545603,0.9962586760520935,-0.4203294813632965,-1.5647780895233154,-0.9980930089950562,0.2715992722133368,116.34362431000527,0.0
43.146,41.25819004283041,-1.486379036154322,-0.24010802121386263,46,0.02673969231545925,-0.010967387817800045,0.9870190024375916,-0.40776166319847107,1.0496509075164795,2.3338258266448975,0.271413632114736,116.34362431000527,0.0
43.197,41.28315050206667,-1.6937150774723226,-0.7063352987050069,46,0.03595126420259476,-0.018885120749473572,1.0060997009277344,1.9017796516418457,-0.11193998157978058,-0.9118747711181641,0.2713776357496359,116.34362431000527,0.0
43.247,41.24126945993196,-1.5928062763398017,-0.5656416900535736,46,0.023237721994519234,-0.0043187071569263935,0.9931992292404175,0.5123185515403748,1.2381484508514404,-0.03970782086253166,0.2714960199660701,116.34362431000527,0.0
43.297,41.27400675821833,-1.503370891586298,-0.6788319638128677,46,0.029003648087382317,-0.01803714781999588,0.9957383275032043,1.1501303911209106,0.263420045375824,-0.1195676401257515,0.27149575340674464,116.34362431000527,0.0
43.347,41.258010902340175,-1.4697122531213482,-0.7837267905253962,46,0.023323092609643936,-0.01199430227279663,0.9984045028686523,0.4454258382320404,1.0648605823516846,-0.6691586375236511,0.2715275978125582,281.57250268528463,0.0
43.398,41.25124137507692,-1.367273385253012,-0.7352354035201808,46,0.023002592846751213,-0.013407601043581963,0.9956592917442322,4.8490118980407715,1.5821261405944824,1.009109616279602,0.27148876549559076,281.57250268528463,0.0
43.449,41.23249127337776,-1.3703691107603757,-0.6622648577783194,46,0.022078897804021835,-0.006620835512876511,1.0066370964050293,1.3687567710876465,1.0066717863082886,-0.5906161665916443,0.27129593204799096,281.57250268528463,0.0
43.5,41.25870845612996,-1.3166276970457376,-0.5256807432790841,46,0.025148803368210793,-0.01350757759064436,1.0176256895065308,-0.06933598220348358,-0.41582176089286804,1.0505048036575317,0.27100081917652447,281.57250268528463,0.0
43.55,41.2629190993405,-1.4030250682452374,-0.5723722203773236,46,0.021716643124818802,-0.009848365560173988,0.9884435534477234,-1.4879307746887207,1.4399555921554565,0.3897460401058197,0.27055170939630685,281.57250268528463,0.0
43.6,41.27583302187556,-1.349900473609997,-0.7075013884673794,46,0.023003889247775078,-0.016178423538804054,1.0033658742904663,-0.795451819896698,0.29292774200439453,-0.18972966074943542,0.2703738459834395,281.57250268528463,0.0
43.651,41.259744236482454,-1.2313483198205057,-0.6562451070867285,46,0.014432666823267937,-0.011616467498242855,0.9850174188613892,0.6385517120361328,-0.814254641532898,0.306273490190506,0.26983486453852273,281.57250268528463,0.0
43.702,41.284564272162434,-1.2840711888252307,-0.9636986747767344,46,0.027183767408132553,-0.02262718230485916,0.9821388721466064,-1.673102617263794,1.3084267377853394,-0.35282620787620544,0.26950342618736695,281.57250268528463,0.0
43.752,41.268460980867324,-1.2161050871096708,-0.8801055886139562,46,0.02013981156051159,-0.01476751547306776,1.0041677951812744,2.981739044189453,-4.960572242736816,1.2251330614089966,0.2692858397678971,281.57250268528463,0.0
43.802,41.301045980563984,-1.396698665612654,-1.2881351855583543,46,0.028617197647690773,-0.03182677924633026,1.006241798400879,-1.9029057025909424,2.5440256595611572,-1.5705454349517822,0.26892039108367116,281.57250268528463,0.0
43.852,41.20615127064288,-1.3951372328929597,-1.0738523920615606,46,0.021770574152469635,-0.009305479004979134,0.9925264716148376,-1.197485327720642,-0.5667336583137512,-2.2307591438293457,0.26878831446114193,281.57250268528463,0.0
43.904,41.19244101423394,-1.4264655344429724,-0.82693779191009,46,0.028833478689193726,-0.013592536561191082,0.9949977397918701,2.401170253753662,-1.6937977075576782,0.017108095809817314,0.26865999851751676,271.7574186860179,0.0
43.955,41.10046742746265,-1.4410524690191973,-0.5361839238974524,46,0.01993708871304989,0.007208341732621193,1.0033150911331177,-0.7037984728813171,1.0807822942733765,-3.3140978813171387,0.2684945359973682,271.7574186860179,0.0
44.005,41.091997034826335,-1.2527870954572304,-0.16556779432783525,46,0.02122778631746769,-0.0027013705112040043,0.9850767254829407,-0.9541594982147217,0.42519399523735046,1.2572916746139526,0.26809462509818294,271.7574186860179,0.0
44.056,41.071031133612365,-1.2500635138003942,-0.04285750047667516,46,0.017665496096014977,0.0075538270175457,0.9688252210617065,1.8829911947250366,-0.2332047075033188,-0.8960787653923035,0.2679012403691783,271.7574186860179,0.0
44.106,41.14179121800914,-1.1061174009087507,-0.007285271308406156,46,0.021442115306854248,-0.005860381759703159,1.0180410146713257,1.8047199249267578,-0.8610859513282776,2.4953432083129883,0.2677074925389932,271.7574186860179,0.0
44.157,41.20206283556129,-1.0139028641398675,-0.23797819426389177,46,0.015593520365655422,-0.013020162470638752,0.9774613380432129,1.0543795824050903,-0.47175800800323486,2.837097406387329,0.2673701397225177,271.7574186860179,0.0
44.207,41.29262813371058,-1.267674519108316,-0.7062067135247717,46,0.03278467431664467,-0.015481512062251568,1.033524751663208,1.4502309560775757,-0.908165693283081,-0.26640236377716064,0.26674017453857246,271.7574186860179,0.0
44.257,41.34148962930278,-1.1270621980806963,-1.0303101734117368,46,0.014673661440610886,-0.030287815257906914,1.036203384399414,-3.9152612686157227,2.5519745349884033,2.0632481575012207,0.26628709047980115,271.7574186860179,0.0
44.308,41.3159876418523,-1.035741526185141,-1.1035327247389632,46,0.008683914318680763,-0.01291677076369524,0.957084596157074,0.22637952864170074,-0.8825637698173523,-1.6481897830963135,0.2652825949662133,271.7574186860179,0.0
44.358,41.340788170037754,-0.841415249670884,-0.6604339756944994,46,0.01965816505253315,-0.009492113254964352,0.9969279170036316,-1.5355634689331055,0.6234196424484253,2.5385172367095947,0.26459162150988597,271.7574186860179,0.0
44.408,41.36113432729123,-1.0392425327875394,-0.9719078511636238,46,0.021845770999789238,-0.0233758594840765,0.9782477617263794,1.978336215019226,-1.067351222038269,-1.660789966583252,0.26347205211741065,271.7574186860179,0.0
44.459,41.38189094170862,-0.9184324649579613,-1.0974148953674245,46,0.018241140991449356,-0.028171811252832413,1.0095006227493286,1.696643352508545,-0.47684717178344727,2.5235049724578857,0.2626326053319666,282.0268961807423,0.0
44.509,41.36722219012851,-1.1809815408352706,-1.5434672384518295,46,0.029446497559547424,-0.031065186485648155,1.0163824558258057,0.4546675682067871,3.6274023056030273,-5.214334964752197,0.26112217055427894,282.0268961807423,0.0
44.559,41.20483304274749,-0.8700633150542998,-0.47620409958055554,46,0.004131433088332415,0.016550805419683456,0.98616623878479,0.8520851731300354,1.4483109712600708,-0.9764436483383179,0.2599123417744592,282.0268961807423,0.0
44.609,41.231145901380124,-0.8082036243833913,0.11141224883646707,46,0.01426663901656866,0.0075891343876719475,0.9889973402023315,1.3250924348831177,1.2043778896331787,0.731630802154541,0.25816639835872873,282.0268961807423,0.0
44.659,41.25882897053766,-0.6304741264399774,0.10685741273212779,46,0.0010935579193755984,-0.004812623839825392,0.9856338500976562,1.4357868432998657,-1.1633667945861816,1.9996421337127686,0.2571263651081869,282.0268961807423,0.0
44.71,41.33829030944618,-0.5994158528761768,-0.656961029599462,46,0.017379427328705788,-0.0264228917658329,0.9616225957870483,2.397263526916504,-1.9237006902694702,0.6257725954055786,0.25558224359979753,282.0268961807423,0.0
44.76,41.332935319637066,-0.6983190816181025,-0.7717609409473664,46,0.01712486334145069,-0.007673464249819517,1.057901382446289,4.385218620300293,-2.7146034240722656,-0.019594397395849228,0.25448277922683826,282.0268961807423,0.0
44.811,41.358343906691154,-0.7248730688618044,-0.6555663027214318,46,0.0119819650426507,-0.005510666873306036,1.0541369915008545,-2.5514297485351562,-0.1433144211769104,0.7922409176826477,0.25282085700580065,282.0268961807423,0.0
44.861,41.3827449563836,-0.7032013228076875,-0.7083183895469504,46,0.011857898905873299,-0.011714636348187923,0.9736086130142212,-3.2780587673187256,3.110149383544922,-0.5439834594726562,0.2511916634500049,282.0268961807423,0.0
44.911,41.34425761268344,-0.44260601583079195,-0.2317509393673124,46,-0.0007815458229742944,0.005795514676719904,0.9696354269981384,1.2522157430648804,-0.16217736899852753,0.9126529097557068,0.2500691031771813,282.0268961807423,0.0
44.961,41.3686017182203,-0.5831088670011229,-0.10441866384700223,46,0.01576891914010048,0.0008903099806047976,1.0198428630828857,2.4150869846343994,0.711653470993042,-1.7178168296813965,0.24869318520675482,289.54190252657736,0.0
45.012,41.39366714269544,-0.48268443776059194,0.0628123026037674,46,0.008132943883538246,-0.00017533496429678053,1.0158418416976929,-1.031167984008789,1.064886450767517,3.4240894317626953,0.24775711775635834,289.54190252657736,0.0
45.062,41.427277938836966,-0.7559653245382304,-0.20548619103425947,46,0.01629529893398285,-0.0026766040828078985,0.9813019633293152,0.5051518678665161,2.2533316612243652,-1.8556700944900513,0.24614581439555372,289.54190252657736,0.0
45.112,41.47641567916838,-0.4465260536665569,-0.1396172782431133,46,0.006625092588365078,-0.008203410543501377,1.019977331161499,-0.3021845817565918,-1.1984971761703491,3.8336079120635986,0.24536821483944446,289.54190252657736,0.0
45.163,41.54361597999708,-0.6918308994592131,-0.7134480261579965,46,0.018446648493409157,-0.021349819377064705,0.9810981750488281,-1.0591356754302979,-1.4758058786392212,0.47144463658332825,0.24419602768828053,289.54190252657736,0.0
45.213,41.525991481788125,-0.8379361031525023,-0.7941082587132907,46,0.016633523628115654,-0.010137897916138172,1.0077413320541382,-2.2426342964172363,1.5323166847229004,-1.0503458976745605,0.24350290510921088,289.54190252657736,0.0
45.263,41.52245158981631,-0.9631902220377865,-0.7385876383359934,46,0.020504463464021683,-0.00993969477713108,1.014420747756958,-1.2437812089920044,-0.8195774555206299,-0.8990766406059265,0.24212766717027678,289.54190252657736,0.0
45.313,41.43749055660473,-0.9508915981199908,-0.25939052530765,46,0.010413325391709805,0.014730206690728664,0.9817968010902405,-1.0334343910217285,0.9946855902671814,-2.240945816040039,0.24192614311343377,289.54190252657736,0.0
45.364,41.44981048266457,-0.9017289377138031,0.06886305293667609,46,0.018378404900431633,0.0031531467102468014,0.9954510927200317,-1.6355582475662231,0.32360026240348816,1.4910125732421875,0.24200026427685847,289.54190252657736,0.0
45.414,41.464653627377935,-1.0560138894716131,-0.1924969144619191,46,0.02077130600810051,-0.010970618575811386,0.9941098093986511,-0.571161150932312,-0.17079472541809082,-0.5836747884750366,0.24195707280133355,289.54190252657736,0.0
45.464,41.454127834677706,-1.0110768865176445,-0.3055868999125844,46,0.018491245806217194,-0.004254999104887247,0.9986137747764587,0.7167193293571472,0.11185096949338913,-0.530471920967102,0.2423792608959211,289.54190252657736,0.0
45.515,41.44964714033619,-0.9797793021114856,-0.2749710641450017,46,0.016007479280233383,-0.004035593941807747,1.0268367528915405,-0.13436263799667358,0.5994443893432617,0.5005035996437073,0.24257741910907918,286.16388073957836,0.0
45.565,41.44377355294562,-1.0551609088245875,-0.29994032483205274,46,0.01407884992659092,-0.007814163342118263,0.9741026759147644,-1.2136967182159424,1.6559094190597534,-0.5050895810127258,0.24284398939921661,286.16388073957836,0.0
45.615,41.44666743730754,-0.9181033285196817,-0.34558555023257154,46,0.015245506539940834,-0.005967754404991865,0.9843237400054932,0.4460359811782837,-0.9526352882385254,0.23395377397537231,0.24321847408953928,286.16388073957836,0.0
45.666,41.45239990701924,-0.885373484350929,-0.3585372310720751,46,0.016355101019144058,-0.0049319337122142315,0.9928054213523865,2.070279121398926,-0.6956642866134644,0.604982852935791,0.24360404331655305,286.16388073957836,0.0
45.716,41.434989531715416,-1.0444732004396886,-0.2789926810815448,46,0.018586410209536552,0.0025840257294476032,1.0001485347747803,1.7319879531860352,0.6327965259552002,-0.9442614316940308,0.24425905464385558,286.16388073957836,0.0
45.766,41.450335993038614,-0.9350844375272295,-0.16766528836534542,46,0.016206681728363037,-0.006558270659297705,1.0176334381103516,-0.06988069415092468,2.156752109527588,0.9599046111106873,0.24549162186861828,286.16388073957836,0.0
45.816,41.42262722033601,-0.9803031278444626,-0.17149983700584837,46,0.009711661376059055,-0.0010314991232007742,1.0025343894958496,-1.6242117881774902,1.6657867431640625,0.1407468318939209,0.24590815077405334,286.16388073957836,0.0
45.867,41.48570116223996,-0.7574958082762501,-0.26068035711076354,46,0.012398140504956245,-0.01335778459906578,0.9908748865127563,-0.9241935014724731,-1.7703362703323364,3.169661045074463,0.2465867886241232,286.16388073957836,0.0
45.917,41.54776517011676,-0.8908983952898598,-0.7969398573656753,46,0.019319023936986923,-0.026813309639692307,0.9841225147247314,0.6099636554718018,-1.788042664527893,-0.4246513843536377,0.2471276450111337,286.16388073957836,0.0
45.968,41.5383167288458,-0.8253988784345376,-0.889166129691999,46,0.012019816786050797,-0.014550775289535522,1.0030958652496338,-0.28711581230163574,-0.5661004185676575,1.0678727626800537,0.24798744450978147,286.16388073957836,0.0
46.018,41.55549917309068,-0.9696181493185304,-0.8465647074719357,46,0.021491000428795815,-0.013953922316432,1.0009756088256836,0.17908987402915955,-2.8749513626098633,-0.3381913900375366,0.24859534540601141,286.16388073957836,0.0
46.068,41.5407161078381,-1.0625589166511547,-0.614427144492618,46,0.022336557507514954,-0.0029631585348397493,1.0142492055892944,-1.433648705482483,0.026674190536141396,-0.9724088907241821,0.24996903110204619,276.59614877341073,0.0
46.119,41.50256533890863,-1.0101708823342948,-0.07138394450758488,46,0.010580895468592644,0.010139730758965015,0.9981973171234131,-1.529849886894226,-0.7764206528663635,-0.14885097742080688,0.2508231940584112,276.59614877341073,0.0
46.169,41.58144324203193,-1.1331653965137556,-0.2905283120818807,46,0.028038233518600464,-0.018788494169712067,0.986009955406189,-1.5974997282028198,0.8661743998527527,1.5830332040786743,0.252127492941421,276.59614877341073,0.0
46.22,41.558890687884414,-1.03278130278225,-0.40339069064596617,46,0.010547461919486523,-0.002998465672135353,1.0015579462051392,1.1373188495635986,-1.683462142944336,-0.033546216785907745,0.2528112937784178,276.59614877341073,0.0
46.271,41.62121711336228,-1.0294785896518908,-0.5559041796212993,46,0.024364545941352844,-0.01801357977092266,0.9932461977005005,-0.6007817983627319,-0.5768246650695801,1.3684664964675903,0.253689438395377,276.59614877341073,0.0
46.321,41.606382880939584,-1.0054075594282215,-0.7728985846926512,46,0.012797655537724495,-0.014973454177379608,0.9870898723602295,-0.5448960661888123,-0.8174505829811096,-0.7083369493484497,0.2542973700127489,276.59614877341073,0.0
46.372,41.6227711406507,-0.9856150980861936,-0.8890755826060276,46,0.023297544568777084,-0.020222440361976624,1.0005207061767578,1.7253679037094116,-1.8777800798416138,0.39961111545562744,0.2543408963106721,276.59614877341073,0.0
46.422,41.56230904829058,-1.028046249771959,-0.8158545327717548,46,0.014467635191977024,-0.006072727497667074,1.0150142908096313,-0.22825025022029877,0.5239283442497253,-2.2015647888183594,0.2542827507441998,276.59614877341073,0.0
46.472,41.582242628880536,-0.904898319993187,-0.4841754404456024,46,0.016511080786585808,-0.006070856004953384,0.9927411079406738,-0.3553009629249573,-1.2564808130264282,2.03743839263916,0.25424125793040453,276.59614877341073,0.0
46.522,41.58921934567197,-1.0622223831931468,-0.6216379813613057,46,0.021220333874225616,-0.010790913365781307,1.0014749765396118,-0.41783764958381653,0.037918396294116974,-1.314701795578003,0.2534885256217027,276.59614877341073,0.0
46.573,41.571788621049066,-0.8996573214310782,-0.52360858222436,46,0.008723903447389603,-0.010481380857527256,1.0066020488739014,-0.6894716620445251,0.915529727935791,0.43045106530189514,0.2531299988992106,285.1909974841912,0.0
46.623,41.57033043617299,-0.8335248845955219,-0.6621462576976117,46,0.011527572758495808,-0.012600542977452278,0.998427152633667,0.20913952589035034,-0.4680700898170471,-1.1546814441680908,0.25260819331779344,285.1909974841912,0.0
46.673,41.57582201802052,-0.7880997774227253,-0.5980714640475849,46,0.016184823587536812,-0.012181583791971207,0.9801713824272156,0.8329851031303406,-2.1780028343200684,1.4475067853927612,0.2526343183099887,285.1909974841912,0.0
46.724,41.595289374724445,-0.9537525736430484,-0.8810170408182502,46,0.02182028442621231,-0.02315691113471985,1.0161455869674683,0.455131471157074,0.06851103156805038,-1.2176059484481812,0.25299979788378485,285.1909974841912,0.0
46.774,41.53060669021762,-0.970911179951898,-0.6763638423056962,46,0.01261575985699892,-0.0003817523829638958,1.0069222450256348,0.4978932738304138,0.31806424260139465,-2.255256175994873,0.2532741890318439,285.1909974841912,0.0
46.824,41.54461103035373,-0.9379699558577347,-0.46102976549883057,46,0.022804463282227516,-0.011440569534897804,1.010317325592041,-2.6762633323669434,2.5524046421051025,0.23010411858558655,0.25434875140168106,285.1909974841912,0.0
46.874,41.517885167177376,-1.0223260334641016,-0.43135467671874655,46,0.013454567641019821,-0.003896604757755995,0.9872667193412781,1.090415596961975,-0.2979888617992401,-0.39152464270591736,0.25512341387268483,285.1909974841912,0.0
46.925,41.52901473035002,-0.9500832693848233,-0.3848605286622392,46,0.01903233304619789,-0.010318153537809849,0.9784542918205261,1.308029294013977,-1.5749616622924805,0.41542258858680725,0.2560325566863652,285.1909974841912,0.0
46.975,41.54526683261965,-0.9198841531080555,-0.5937481382456566,46,0.014794142916798592,-0.01916857622563839,1.0093435049057007,0.05592812970280647,-0.6431664228439331,0.9606517553329468,0.2563769738565,285.1909974841912,0.0
47.027,41.55875730163198,-1.1196633860305445,-0.9904177610808826,46,0.023596173152327538,-0.02398485690355301,1.0072740316390991,1.0085530281066895,-3.117790937423706,-0.6555637717247009,0.2563118547139896,285.1909974841912,0.0
47.077,41.47901247424771,-1.143662253008892,-0.8247604369758113,46,0.016933653503656387,-0.004253638442605734,0.9886966347694397,-0.13092057406902313,1.665042519569397,-2.93738055229187,0.2562774614465254,285.1909974841912,0.0
47.128,41.44534350057732,-0.8718086386240871,-0.4372589796362396,46,0.01422648224979639,-0.004944722168147564,1.0082677602767944,-2.1857376098632812,1.9523545503616333,0.8594096302986145,0.25603320651801265,285.7155313351499,0.0
47.178,41.43307566182822,-0.9877850405593055,-0.24123734362458824,46,0.015052313916385174,0.0020087582524865866,0.9617182612419128,2.14231276512146,-1.4404282569885254,-1.0603152513504028,0.255676331017821,285.7155313351499,0.0
47.228,41.47588692905474,-0.8561303944931816,-0.2928050769220698,46,0.01727980747818947,-0.009795974008738995,0.9980409741401672,1.0952184200286865,0.785530686378479,1.6847503185272217,0.25516280944672604,285.7155313351499,0.0
47.279,41.499848665503265,-0.8102117842008065,-0.5223390949435389,46,0.014526907354593277,-0.013842828571796417,1.010887861251831,1.1798678636550903,-0.8257657289505005,1.4826815128326416,0.2545742670788412,285.7155313351499,0.0
47.33,41.51954495799518,-0.9523612234537433,-0.7961214988375419,46,0.020025242120027542,-0.018593406304717064,1.016702651977539,0.9296915531158447,-2.311447858810425,-0.6025400757789612,0.2535710354913038,285.7155313351499,0.0
47.38,41.50743602152444,-0.9434641189357478,-0.7977694328693923,46,0.015928834676742554,-0.01092030480504036,1.0025759935379028,-3.474611520767212,1.7107912302017212,-0.1297469437122345,0.25327224949795063,285.7155313351499,0.0
47.431,41.48176348196426,-0.8507004033880208,-0.3812086829166685,46,0.007097923196852207,0.00835337396711111,0.9751089215278625,-0.18802493810653687,-0.20652075111865997,-1.00966477394104,0.2532650289462503,285.7155313351499,0.0
47.481,41.537236858337316,-0.6508002208289869,-0.21521610748803324,46,0.011211286298930645,-0.003930520266294479,1.007358431816101,-0.1306941956281662,-0.09167498350143433,1.747953176498413,0.2535609636702175,285.7155313351499,0.0
47.532,41.58204258287078,-0.6352329592081003,-0.36844074303322955,46,0.01168845035135746,-0.010052632540464401,1.0064502954483032,0.4808214604854584,-2.193112850189209,2.2135136127471924,0.25382066730035496,285.7155313351499,0.0
47.583,41.67145123308763,-0.8361674756304873,-0.8962672322771412,46,0.021106641739606857,-0.030073435977101326,1.0114954710006714,-0.5709710121154785,-1.1681369543075562,2.143585205078125,0.25383437592106506,285.7155313351499,0.0
47.633,41.652620184511385,-0.9488353918563703,-1.255877312875022,46,0.013612529262900352,-0.022398613393306732,0.9993146061897278,-0.984943151473999,-0.973583459854126,-0.935543417930603,0.25338365238765687,285.7155313351499,0.0
47.684,41.65509417473061,-0.8241893546680967,-1.1964193817018827,46,0.014085983857512474,-0.022872673347592354,0.998004674911499,-1.0574313402175903,-0.457823246717453,0.784594714641571,0.25305526475441387,288.03076500480705,0.0
47.734,41.61300873629773,-0.884973447913043,-1.189947873717195,46,0.014862483367323875,-0.013642522506415844,0.9939852952957153,0.029628178104758263,-0.12234967201948166,-2.543325424194336,0.2526895814742077,288.03076500480705,0.0
47.785,41.59589532019345,-0.8155225332908572,-0.9665633755785411,46,0.013825574889779091,-0.014640131033957005,1.0090135335922241,-0.33837342262268066,0.5419026017189026,1.0295363664627075,0.25218589242162404,288.03076500480705,0.0
47.836,41.56485862730856,-0.9811020669323456,-0.9502122580777816,46,0.018329545855522156,-0.008044928312301636,0.9787563681602478,0.9266024231910706,-0.33739766478538513,-2.1206142902374268,0.251922728644176,288.03076500480705,0.0
47.886,41.53675102033499,-0.8663245533056156,-0.6722517468880265,46,0.01742432825267315,0.0001942574162967503,1.0093138217926025,-1.453771948814392,1.074915885925293,-0.6299156546592712,0.25229071566450273,288.03076500480705,0.0
47.936,41.532025197256104,-0.8681933551328805,-0.4708249211022723,46,0.013801033608615398,-0.008064785972237587,0.973402738571167,1.6353363990783691,-2.029008626937866,0.8309254050254822,0.25292397427127655,288.03076500480705,0.0
47.987,41.571552939440856,-0.9657110075734506,-0.9523920900310827,46,0.02317913807928562,-0.02870050258934498,0.9954519271850586,-1.614973783493042,2.746182918548584,-0.15605725347995758,0.2532864897150272,288.03076500480705,0.0
48.037,41.51982041505901,-0.9715844423087602,-1.055889486133497,46,0.01689941994845867,-0.014751000329852104,1.0133134126663208,2.06817889213562,-1.9244810342788696,-0.7793115973472595,0.25376110743523655,288.03076500480705,0.0
48.088,41.492272649923066,-1.0336235910878817,-0.8364707807386121,46,0.019699951633810997,-0.004503598902374506,0.9910145998001099,1.0587741136550903,0.4984460175037384,-1.7123889923095703,0.2542934513678102,288.03076500480705,0.0
48.139,41.46833157490546,-0.8913201591568837,-0.36852273058022256,46,0.011113373562693596,0.0070163472555577755,0.9922362565994263,-0.5666024088859558,3.1469321250915527,0.10695788264274597,0.25417417852998797,288.03076500480705,0.0
48.189,41.53490872962792,-0.7393873186642511,-0.4907741600515383,46,0.01726510375738144,-0.020981747657060623,1.0061603784561157,1.3662889003753662,-1.1393675804138184,2.844848871231079,0.25423390448156896,286.4766067891537,0.0
48.239,41.56127798512796,-0.7447461801292136,-0.7707627159343002,46,0.012000546790659428,-0.01912912167608738,0.9798018336296082,1.7785676717758179,-1.1237045526504517,1.2477084398269653,0.2541546310735048,286.4766067891537,0.0
48.29,41.57625628212807,-0.7558103636713402,-1.0170355020309665,46,0.01067255437374115,-0.018220659345388412,1.001078486442566,1.7273327112197876,-0.3033311069011688,-0.9076765775680542,0.2539413831281694,286.4766067891537,0.0
48.34,41.611716069773934,-0.6084566738759393,-1.0898033943587266,46,0.013664115220308304,-0.026467090472579002,1.0212146043777466,0.5646454691886902,0.12802568078041077,2.127161979675293,0.25413782449864286,286.4766067891537,0.0
48.391,41.56295743284241,-0.8343894887921206,-1.1102640098205199,46,0.016032639890909195,-0.008280394598841667,1.000043272972107,0.32951849699020386,2.761991262435913,-3.8455593585968018,0.254138110131666,286.4766067891537,0.0
48.441,41.53657350783686,-0.5035989400066933,-0.5054980582558384,46,0.003044907469302416,-0.003652743762359023,0.9847632646560669,0.9098239541053772,0.5110496282577515,1.9057106971740723,0.2542126810280164,286.4766067891537,0.0
48.491,41.56247246609158,-0.6268386624063954,-0.6158288467702039,46,0.011514471843838692,-0.012223277240991592,0.9965555667877197,1.8907935619354248,-0.1626487523317337,-1.0331494808197021,0.2542756378946096,286.4766067891537,0.0
48.541,41.56397621505484,-0.5390005212124912,-0.6704582709147332,46,0.009296688251197338,-0.014413367956876755,1.0047268867492676,-0.5524165034294128,1.466264009475708,1.7713942527770996,0.2544951084299494,286.4766067891537,0.0
48.592,41.56333423496451,-0.6856571385707877,-0.9524453843937359,46,0.014170750975608826,-0.018786873668432236,1.0122801065444946,1.1543453931808472,0.8959550857543945,-2.1283698081970215,0.2546731827774021,286.4766067891537,0.0
48.642,41.53952393277099,-0.5045331480753128,-0.6151817020871715,46,0.007822524756193161,-0.00660231476649642,0.9960373044013977,-0.2793131470680237,-1.0237737894058228,1.1486016511917114,0.2545770767668079,286.4766067891537,0.0
48.693,41.51959433350131,-0.5394450436259103,-0.5110433996059723,46,0.0035167743917554617,-0.0003866799233946949,1.0016636848449707,-1.6879099607467651,2.14614200592041,-1.7646563053131104,0.2544823890124672,286.4766067891537,0.0
48.743,41.560450560690825,-0.353422725096548,-0.4645691376488374,46,0.01008464116603136,-0.017146723344922066,0.9873504638671875,1.0649904012680054,-1.4960027933120728,1.988887906074524,0.25409660026882214,276.050019744636,0.0
48.793,41.55694866378979,-0.4718095324729892,-0.7284162809265081,46,0.009039792232215405,-0.011621545068919659,1.0150275230407715,-0.9345136880874634,0.4613106846809387,-0.6711199283599854,0.2531895228165271,276.050019744636,0.0
48.845,41.595180532649564,-0.49557134520733315,-0.8341458908655125,46,0.013970240950584412,-0.023854898288846016,1.0056688785552979,-0.8892064094543457,-1.3290648460388184,1.7572453022003174,0.25216503455353073,276.050019744636,0.0
48.895,41.52481460879593,-0.7479711331833176,-0.8281889294513263,46,0.013384148478507996,-0.0016007032245397568,1.0028183460235596,-1.9282923936843872,1.1181738376617432,-2.9561767578125,0.25173770725145966,276.050019744636,0.0
48.945,41.49794285128146,-0.7681545950558155,-0.31601758756050435,45,0.015320699661970139,0.0017771872226148844,1.0046956539154053,-0.0363297276198864,-0.4343799352645874,0.4365732967853546,0.2511581226126814,276.050019744636,0.0
48.996,41.46063699861935,-0.6672892250353283,0.2697415308256048,45,-0.0015389129985123873,0.019830230623483658,0.9820886254310608,0.6150766611099243,-0.40161409974098206,-0.6600483059883118,0.2515366265833245,276.050019744636,0.0
49.046,41.58930717966751,-0.5846356961639928,-0.019698064217707294,45,0.020033719018101692,-0.022650139406323433,1.008839726448059,-2.352620840072632,0.9286982417106628,4.216663360595703,0.2517387760275515,276.050019744636,0.0
49.096,41.60916198247096,-0.8553944746583809,-0.6767985021572931,45,0.018453646451234818,-0.02875695750117302,0.985598623752594,0.10940777510404587,-1.3856172561645508,-0.42100709676742554,0.2517614989960368,276.050019744636,0.0
49.146,41.62786728055394,-0.868888939153224,-1.2838223465484744,45,0.02201787754893303,-0.0350935235619545,0.9953892230987549,0.2724285423755646,0.41702520847320557,-0.23382294178009033,0.25108485386317164,276.050019744636,0.0
49.197,41.542360882163756,-0.8527179325038382,-1.0517103278701805,46,0.008448350243270397,-0.0017939084209501743,1.002804160118103,-1.8651256561279297,1.0911568403244019,-1.8918794393539429,0.25012810769672805,276.050019744636,0.0
49.247,41.578301977749106,-0.8718523462796983,-0.7112092685357685,46,0.018452728167176247,-0.015910746529698372,0.9876729249954224,-0.24230621755123138,0.4260789453983307,0.96759033203125,0.25018452093273713,276.050019744636,0.0
49.297,41.49903360662122,-0.7148708033120764,-0.08199543167281728,46,-0.004102644044905901,0.02144966833293438,0.9955031275749207,1.0709692239761353,0.17928378283977509,-1.4929052591323853,0.24976886818197602,282.25464333781963,0.0
49.348,41.64311419498991,-0.7314860469356834,-0.314476373776813,46,0.030843527987599373,-0.03099070116877556,1.0014082193374634,2.790210247039795,-0.03984929248690605,3.5111663341522217,0.24966346370320502,282.25464333781963,0.0
49.398,41.6099056954045,-0.7678548153863157,-0.8526997766934896,46,0.0051248325034976006,-0.020705578848719597,0.9888401031494141,1.0609145164489746,0.9598298668861389,-0.1441364288330078,0.24927662694270317,282.25464333781963,0.0
49.449,41.60944014734257,-0.7962205007314951,-1.0876822278736986,46,0.016121532768011093,-0.021928269416093826,0.9944787621498108,0.19577078521251678,1.6912875175476074,-1.5395421981811523,0.2487792766093049,282.25464333781963,0.0
49.499,41.56469717702295,-0.7071380202973622,-0.8182918492232698,46,0.009473996236920357,-0.004009181167930365,1.012384057044983,0.33338019251823425,0.3301554024219513,-0.9269877672195435,0.24837001599624609,282.25464333781963,0.0
49.549,41.589458996662486,-0.5795644469355911,-0.7248485927110903,46,0.012428568676114082,-0.018911676481366158,1.0012496709823608,-0.011829747818410397,-0.6010151505470276,2.1439383029937744,0.24850796453303153,282.25464333781963,0.0
49.599,41.52115158142887,-0.6981474771164042,-0.6035792943307671,46,0.010764651000499725,0.002263852162286639,0.9813754558563232,2.1979575157165527,0.9923607707023621,-3.0995705127716064,0.24802690467653346,282.25464333781963,0.0
49.65,41.56772983532197,-0.5381369438500131,-0.2597265170537676,46,0.012277845293283463,-0.010405990295112133,1.0143612623214722,-0.5768898129463196,-1.3398751020431519,4.221287727355957,0.24798635644457143,282.25464333781963,0.0
49.701,41.578411536480395,-0.8015100116166385,-0.7111189878820903,46,0.01514579076319933,-0.013871906325221062,0.9896586537361145,-0.44156786799430847,-0.8605251908302307,-1.8864922523498535,0.24749569755572298,282.25464333781963,0.0
49.751,41.583734257642796,-0.73806251290199,-0.7399542473355801,46,0.01633531227707863,-0.01510508731007576,1.0087776184082031,0.5223891139030457,-0.2580927312374115,0.8449485301971436,0.24718755003199563,282.25464333781963,0.0
49.801,41.541610711957134,-0.6515226477044713,-0.5222787986345078,46,0.0016276909736916423,-0.0038206300232559443,0.9990769028663635,-0.9169464707374573,-0.5249026417732239,0.852029025554657,0.24691850854186495,282.25464333781963,0.0
49.851,41.577831888592215,-0.5774690536950287,-0.3582021550726765,46,0.009317081421613693,-0.008080708794295788,0.9775633215904236,0.002212469233199954,0.6663053035736084,1.0641733407974243,0.2468368591850973,285.61824991487913,0.0
49.902,41.6170164472874,-0.6057744579430165,-0.5160103384926223,46,0.013672237284481525,-0.014040688052773476,1.0127476453781128,0.4097813665866852,0.4118465781211853,0.6476238965988159,0.24721267526038349,285.61824991487913,0.0
49.952,41.61788654179274,-0.6303609655267474,-0.3771659512056675,45,0.004384598229080439,-0.0028474347200244665,1.0025997161865234,0.8961458802223206,-3.007922410964966,2.166931390762329,0.24778653199410255,285.61824991487913,0.0
50.002,41.67259507782069,-0.7666651106449035,-0.5392357148312618,45,0.01873851753771305,-0.012474569492042065,0.9888684153556824,-1.2009910345077515,0.9771682024002075,-1.0569541454315186,0.24866846993852693,285.61824991487913,0.0
50.053,41.70779607611694,-0.6478278395237903,-0.6528318120072215,45,0.012188605032861233,-0.022723613306879997,1.0012826919555664,-0.33299943804740906,-0.5861039757728577,2.781665563583374,0.24879988117774957,285.61824991487913,0.0
50.103,41.68557658983737,-0.7869378360185196,-1.0418273801671847,45,0.010104627348482609,-0.015964867547154427,0.9907787442207336,0.9557266235351562,-0.5155594944953918,-3.616581439971924,0.24867924715003092,285.61824991487913,0.0
50.153,41.64761781302323,-0.5127662317793508,-0.5908534616910658,45,0.006540121044963598,-0.0031081901397556067,1.0011873245239258,-0.16537214815616608,0.30894890427589417,0.927004337310791,0.2484687928911546,285.61824991487913,0.0
50.203,41.6742563444238,-0.6956733962967675,-0.5430997560752127,46,0.01647726446390152,-0.009142903611063957,0.9957409501075745,0.8316084146499634,-1.1386795043945312,0.6739951968193054,0.24825298268498594,285.61824991487913,0.0
50.254,41.696842577493385,-0.7319113556551567,-0.817177360109063,46,0.011073611676692963,-0.02419564686715603,1.0064036846160889,-0.020212406292557716,-0.9924589991569519,0.44240066409111023,0.2479309920182131,285.61824991487913,0.0
50.304,41.65031434560091,-0.7503874373269144,-0.9903200611443617,46,0.012924298644065857,-0.01653224043548107,0.998170793056488,-0.6547626852989197,1.8496816158294678,-2.3350582122802734,0.24818994394407548,285.61824991487913,0.0
50.354,41.63466342108508,-0.5438832823129517,-0.6258142975361516,46,0.007178246043622494,-0.013058869168162346,0.9942364692687988,0.7001156210899353,0.0411529615521431,1.1926525831222534,0.2487384964585696,245.42445874780574,0.0
50.405,41.63915747074825,-0.6629073797104935,-0.7677292472796164,46,0.013615511357784271,-0.012154124677181244,0.9987236261367798,1.0765190124511719,-0.486249178647995,-1.47207510471344,0.24940389841828697,245.42445874780574,0.0
50.457,41.63417302775995,-0.6084875561660266,-0.8644076019269904,46,0.01281602494418621,-0.01957234926521778,1.01469087600708,-0.8268625736236572,1.0629308223724365,0.4506757855415344,0.2503129755286311,245.42445874780574,0.0
50.507,41.58882735407926,-0.7594133142326736,-0.8378012683464834,46,0.012557443231344223,-0.009703505784273148,0.9775219559669495,0.3169246017932892,0.5428422093391418,-2.9205567836761475,0.2507713102487084,245.42445874780574,0.0
50.557,41.539174917956174,-0.5689159122961046,-0.37408172825075686,46,0.006835626438260078,0.00482516922056675,1.0095421075820923,1.1298046112060547,-1.3929235935211182,0.02754075638949871,0.25095082900396404,245.42445874780574,0.0
50.607,41.535570759749326,-0.54742845344558,-0.22684104489281717,46,0.005302648060023785,-0.0033637017477303743,1.004714846611023,-1.5838106870651245,1.4023535251617432,-0.658576488494873,0.250924964265453,245.42445874780574,0.0
50.658,41.55489218003492,-0.5732241084716162,-0.22204013762945607,46,0.012476294301450253,-0.00983583927154541,0.9884706735610962,-0.4006117284297943,-0.9830300807952881,1.7494361400604248,0.25083392166035784,245.42445874780574,0.0
50.708,41.57094955328875,-0.6421996448674699,-0.6881478342130694,45,0.010229134000837803,-0.01960248500108719,0.9975350499153137,0.42307212948799133,0.7899882197380066,-0.7502016425132751,0.2503064984182139,245.42445874780574,0.0
50.758,41.56378773632769,-0.537026921039213,-0.614631546027034,45,0.009825191460549831,-0.010182058438658714,0.9807334542274475,1.277947187423706,-0.8359876275062561,1.6752681732177734,0.2492156569699354,245.42445874780574,0.0
50.809,41.570821604455354,-0.5307653807637558,-0.6431293911784249,45,0.005117187742143869,-0.008479839190840721,1.0071684122085571,0.4012751281261444,1.1617181301116943,-0.5773084759712219,0.24776673881606187,245.42445874780574,0.0
50.859,41.61573450633669,-0.5532651532409706,-0.8161074765998061,45,0.015449829399585724,-0.02736414037644863,1.009276270866394,-0.1366390734910965,-1.1049383878707886,1.6564576625823975,0.24513126035058122,245.42445874780574,0.0
50.909,41.58547023102415,-0.6466738436680697,-1.0317543234434046,45,0.008632571436464787,-0.014905967749655247,0.9753312468528748,-0.025502555072307587,1.7184500694274902,-2.235643148422241,0.2437806806680189,285.3462140281652,0.0
50.959,41.553368688952865,-0.5287990084025245,-0.6578765871313833,45,0.008977792225778103,-0.0012521843891590834,1.009302020072937,1.2093932628631592,-0.7781556844711304,0.3772430717945099,0.2425582413799232,285.3462140281652,0.0
51.01,41.565102218783565,-0.5381338990147264,-0.4574217839977512,45,0.009797394275665283,-0.007918222807347775,1.0112228393554688,-0.907140851020813,0.7985504865646362,0.8582578301429749,0.24217004820441387,285.3462140281652,0.0
51.06,41.583515456531835,-0.6261257106632903,-0.5676263673186073,45,0.01264700572937727,-0.015235344879329205,0.9997299313545227,-0.2396167814731598,-0.08096028119325638,-1.0649794340133667,0.24195837422047156,285.3462140281652,0.0
51.111,41.592143705469944,-0.49886002671531354,-0.6405527197486514,45,0.006201580166816711,-0.01483817771077156,0.9979182481765747,-0.3278657793998718,0.4152284860610962,1.4768242835998535,0.24136218254732622,285.3462140281652,0.0
51.161,41.593694643573635,-0.5455399218910907,-0.7608371854017693,45,0.009280182421207428,-0.013624587096273899,0.9935920238494873,-0.3491978645324707,-0.4899654686450958,-0.5549222230911255,0.24108445489170396,285.3462140281652,0.0
51.212,41.596296874075875,-0.5425065433858649,-0.6589245237011866,45,0.013020886108279228,-0.015056796371936798,1.0037158727645874,0.33431172370910645,-0.28546953201293945,0.5845648646354675,0.24103629407065477,285.3462140281652,0.0
51.262,41.57584390467244,-0.5723614399006882,-0.642792230682323,45,0.006072263233363628,-0.008067707531154156,0.9952025413513184,-0.46887555718421936,1.2025660276412964,-0.9573774933815002,0.24057521563705342,285.3462140281652,0.0
51.312,41.577549240148585,-0.5646929966431814,-0.48088970426414024,45,0.01441277377307415,-0.0025751166976988316,0.9954005479812622,0.32774484157562256,0.38936933875083923,-4.1526611312292516e-05,0.24039478564043887,285.3462140281652,0.0
51.362,41.56499267298999,-0.6418269167429842,-0.3634059070659993,45,0.010567319579422474,-0.0013983907410874963,1.0133249759674072,-0.0790296271443367,-0.19638490676879883,-0.3924223780632019,0.2398617989641296,285.3462140281652,0.0
51.413,41.56748640921356,-0.6107394207392506,-0.20270046898664248,46,0.008395378477871418,-0.002322111278772354,0.9939548969268799,-0.0381457693874836,-0.5436015129089355,1.1139425039291382,0.2395214367211347,285.3462140281652,0.0
51.463,41.60273337215185,-0.6567025127793696,-0.43465302459890737,46,0.01372593455016613,-0.01231250911951065,1.012529969215393,-0.6560571789741516,0.701819658279419,0.27534663677215576,0.23983263829647614,283.4946941534302,0.0
51.513,41.60303615305339,-0.5748382490749482,-0.3881094206159471,46,0.003509341971948743,-0.006938193924725056,0.977776825428009,-1.1169090270996094,0.5553971529006958,1.1747491359710693,0.24074307363999242,283.4946941534302,0.0
51.564,41.655467507435226,-0.5446249786497758,-0.6703875585032061,46,0.009276001714169979,-0.023610485717654228,0.9893260598182678,0.10467393696308136,-1.0531314611434937,1.3046292066574097,0.24180027125174947,283.4946941534302,0.0
51.614,41.642942646859645,-0.5902883069477657,-0.8821325335032342,46,0.012666184455156326,-0.010090729221701622,0.9966889023780823,0.29343995451927185,0.22799374163150787,-2.3452117443084717,0.2428722278903068,283.4946941534302,0.0
51.665,41.630635032932545,-0.47708740131014105,-0.663860393158369,45,0.010349241085350513,-0.007151613477617502,1.0131510496139526,0.5832338929176331,-0.6436010003089905,1.1989877223968506,0.24357451091292207,283.4946941534302,0.0
51.715,41.65738827477858,-0.7369985843950357,-0.777846858842091,45,0.02037549950182438,-0.015348028391599655,0.9984545111656189,-1.9859782457351685,2.068424940109253,-0.6524872183799744,0.24511894383006855,283.4946941534302,0.0
51.765,41.61734627848115,-0.6654169950691277,-0.6151107286090366,45,0.006698876153677702,-0.006395214702934027,0.9918009638786316,2.0486605167388916,-1.021615743637085,-0.6611952185630798,0.2460914407705312,283.4946941534302,0.0
51.816,41.592935941459984,-0.6081701846275421,-0.1524053739399857,45,0.007817577570676804,0.010217413306236267,0.990803599357605,-0.5813104510307312,1.5622280836105347,-0.1802854686975479,0.24744223522481204,283.4946941534302,0.0
51.866,41.66799022877,-0.5973999270369418,-0.2220570955828403,45,0.014786768704652786,-0.015092835761606693,1.0081063508987427,0.8009145259857178,0.3415900468826294,2.8611695766448975,0.24845039701118132,283.4946941534302,0.0
51.917,41.68547605729106,-0.5467472156111277,-0.6461554485538528,46,0.003237317781895399,-0.02317570522427559,1.002550721168518,0.8684242367744446,-1.5110957622528076,0.4200008809566498,0.24948592126351404,283.4946941534302,0.0
51.967,41.69363225347636,-0.6401724570843162,-0.7989883037150646,46,0.019358621910214424,-0.011942035518586636,0.9814916253089905,-0.8125490546226501,1.3859655857086182,-0.8068622350692749,0.25000133919103656,285.7155313351499,0.0
52.017,41.66405534273295,-0.6819687236028832,-0.47724559401309463,46,0.012850688770413399,0.0035233020316809416,1.0087724924087524,-0.9220470190048218,-0.17228029668331146,-0.9512274861335754,0.2507876250916386,285.7155313351499,0.0
52.068,41.66255388147555,-0.3917823593060133,0.09797934719277421,46,-0.0012743845582008362,0.015116141177713871,1.0003265142440796,1.8206472396850586,-1.0665477514266968,2.538492202758789,0.251282669661344,285.7155313351499,0.0
52.118,41.765133981524286,-0.18968393538414122,0.15813558997341226,46,-0.002559484215453267,-0.0033693350851535797,1.0004920959472656,1.0926158428192139,0.9296438694000244,5.73533296585083,0.2513833593810343,285.7155313351499,0.0
52.169,41.8808645351777,-0.4772433538621924,-0.48872958586246606,45,0.018174635246396065,-0.022880736738443375,1.0018284320831299,0.09260647743940353,-1.308395266532898,0.43907514214515686,0.25076214070758845,285.7155313351499,0.0
52.22,41.859770096858504,-0.5313853959333745,-0.529462853120514,45,0.004261186812072992,-0.000832815479952842,1.0028210878372192,0.2684359848499298,-1.9262441396713257,0.697181761264801,0.2501769149062205,285.7155313351499,0.0
52.27,41.9019755310758,-0.5038760104614761,-0.4336261561853871,45,0.006882126443088055,-0.011956875212490559,1.0100260972976685,-1.5031404495239258,-0.3584457337856293,0.6249439120292664,0.2500969568029968,285.7155313351499,0.0
52.32,41.909746740309934,-0.4090534502446742,-0.4371344786520856,45,-0.00030995404813438654,-0.002762452233582735,0.9957653284072876,-1.904037594795227,-0.717300534248352,0.7075974941253662,0.24988908841711885,285.7155313351499,0.0
52.371,41.98322388906859,-0.31868425406333006,-0.7413718641652318,45,0.009151450358331203,-0.021919509395956993,1.0123907327651978,-0.3104615807533264,-1.5002188682556152,0.8024749159812927,0.24956384619505365,285.7155313351499,0.0
52.421,41.98374707882438,-0.30444479837403315,-0.8571799277704626,45,0.003272433066740632,-0.013870134949684143,1.0006810426712036,-0.4643615484237671,-0.7811746001243591,0.6196714043617249,0.24887158365236503,285.7155313351499,0.0
52.472,42.03716518679394,-0.31917049103941286,-1.0444458009355746,45,0.010524415411055088,-0.024742430076003075,0.999974250793457,-0.005881935823708773,-3.9746010303497314,3.1238975524902344,0.24800750863251683,285.7155313351499,0.0
52.522,42.0414022425712,-0.5857847397228424,-1.3621668574080916,45,0.009972695261240005,-0.018978362902998924,0.9727792739868164,-1.582809567451477,-0.794060468673706,-2.2361717224121094,0.24611438466533,287.06481418109644,0.0
52.572,42.05818860490824,-0.6244055842206943,-1.3582706212958662,45,0.017955726012587547,-0.028450043871998787,1.012648582458496,0.2624491751194,-2.5805230140686035,1.2185423374176025,0.24451189365378256,287.06481418109644,0.0
52.622,41.979985584285096,-0.8132633150394613,-1.2565153322774811,45,0.013877267017960548,-0.007831854745745659,1.001842737197876,-1.4177963733673096,0.6010062098503113,-3.9012062549591064,0.2432977096828471,287.06481418109644,0.0
52.672,41.974176274128105,-0.7273358727157198,-0.9193264975608164,45,0.015245744958519936,-0.017770109698176384,1.0131521224975586,-0.05057358369231224,-2.2144808769226074,1.1588878631591797,0.24230659838080496,287.06481418109644,0.0
52.723,41.940289615500454,-0.841322140478089,-0.892983360493836,45,0.011232479475438595,-0.008913320489227772,0.9828978180885315,-1.907935380935669,2.2596991062164307,-1.8498668670654297,0.2419093227793998,287.06481418109644,0.0
52.773,41.95414802175936,-0.6475655802993736,-0.943506446797335,45,0.012919362634420395,-0.023533813655376434,0.9826982021331787,-1.122628927230835,0.23874203860759735,1.5649818181991577,0.241734653236771,287.06481418109644,0.0
52.823,41.95512918272706,-0.7991507110902379,-1.3394674171004024,45,0.016802815720438957,-0.03151003643870354,0.9967054128646851,1.9534857273101807,-2.5333268642425537,-0.03634171187877655,0.24181289898638078,287.06481418109644,0.0
52.873,41.93924521812663,-0.7929095474533671,-1.520480241256908,45,0.013629461638629436,-0.02578558772802353,0.9843944907188416,0.7192076444625854,0.7689239978790283,-0.416631281375885,0.24179853320837677,287.06481418109644,0.0
52.924,41.92745908643265,-0.7856464238877361,-1.3592067176089897,45,0.013281305320560932,-0.021241644397377968,1.0159752368927002,1.2177789211273193,-1.112539291381836,-0.2279093861579895,0.24238653348227668,287.06481418109644,0.0
52.974,41.90278156573609,-0.9103387531932392,-1.1434083130620136,45,0.018088793382048607,-0.010371487587690353,0.9954060912132263,-2.0805108547210693,2.1271870136260986,-1.5107276439666748,0.2426112167419659,287.06481418109644,0.0
53.025,41.891903153019015,-0.8169278555231276,-0.33001059059398585,45,0.00738706486299634,0.010099700652062893,0.9752127528190613,1.7227529287338257,-1.0601071119308472,1.5632269382476807,0.2425804840203854,287.06481418109644,0.0
53.075,41.99125478135487,-0.8726362155315212,-0.5857431360077725,45,0.021650530397892,-0.024783777073025703,1.0157182216644287,1.1558395624160767,0.5520982146263123,1.4441781044006348,0.24244620529508906,204.9701412305136,0.0
53.125,42.009493207122404,-0.8286223965031416,-0.9606235262322868,45,0.011092804372310638,-0.024999594315886497,0.9891772270202637,1.0067912340164185,1.117865800857544,1.6453629732131958,0.24176584999921902,204.9701412305136,0.0
53.175,42.058254453777806,-0.8609943046269325,-1.4541344963456582,45,0.018003439530730247,-0.041050173342227936,1.00509512424469,1.292781949043274,1.0606694221496582,0.47807854413986206,0.2411345740037294,204.9701412305136,0.0
53.226,42.029816810894175,-0.8778427144469217,-1.6119786294750886,45,0.014691175892949104,-0.026846207678318024,0.9904950261116028,-0.3017616868019104,1.3581403493881226,-0.9073952436447144,0.24131873650936975,204.9701412305136,0.0
53.276,41.970998972180745,-0.7553476929359854,-1.2078699889479472,45,0.006159721873700619,-0.005268195178359747,1.0008745193481445,1.831881046295166,0.20561692118644714,-2.446125030517578,0.24092433107444244,204.9701412305136,0.0
53.327,41.96519329438037,-0.35915231433994205,-0.6059892817326358,45,0.00047321562306024134,-0.002053625416010618,0.9977205991744995,0.7577522397041321,-0.3825460374355316,3.1558995246887207,0.24079487233714433,204.9701412305136,0.0
53.377,42.035868585202806,-0.5693433858923795,-0.864057346082732,45,0.016375064849853516,-0.022172678261995316,1.0084725618362427,0.4926411509513855,0.24130211770534515,0.27196255326271057,0.24094995401033245,204.9701412305136,0.0
53.427,42.056000310982135,-0.5614157733432419,-1.0675185807051668,45,0.0067554498091340065,-0.02676895074546337,0.9933838844299316,-0.2610069215297699,1.080649495124817,1.0682744979858398,0.24146959966361015,204.9701412305136,0.0
53.478,42.046604367951424,-0.6312869370639158,-1.506476967105318,45,0.01208796352148056,-0.038739077746868134,1.0078074932098389,0.6984742879867554,-0.8883859515190125,-0.798828661441803,0.24281927198992506,204.9701412305136,0.0
53.528,41.97867063304596,-0.6435940462709913,-1.5149007827934775,45,0.008960532955825329,-0.02122274599969387,1.0133345127105713,-1.220373511314392,2.237575054168701,-3.0430185794830322,0.24384404303609702,204.9701412305136,0.0
53.579,41.9114950529925,-0.6299768552380708,-1.0193967808854831,45,0.008142796345055103,-0.0069795637391507626,0.9860692024230957,-1.1608867645263672,1.5787452459335327,-0.7596793174743652,0.2450241662874987,285.7155313351499,0.0
53.63,41.90007693837133,-0.5950268148415225,-0.7583468216037945,45,0.010722339153289795,-0.010862309485673904,1.0037184953689575,-0.45849350094795227,0.6894972920417786,-0.39848294854164124,0.24555258664986945,285.7155313351499,0.0
53.68,41.92378954472723,-0.5895020028827034,-0.9398665263097588,45,0.017122779041528702,-0.023546723648905754,1.0074446201324463,-2.099874258041382,-1.5973517894744873,1.208345890045166,0.24618289142419586,285.7155313351499,0.0
53.73,41.877804654335826,-0.7166496533956,-0.9049977357925201,45,0.010031014680862427,-0.010383611544966698,0.9838618040084839,-0.14622598886489868,-0.31819021701812744,-1.8238965272903442,0.24650144457865153,285.7155313351499,0.0
53.781,41.89342662338134,-0.8274157688435708,-0.8770796892610018,45,0.02095385268330574,-0.01927167735993862,1.0021843910217285,-0.5287272334098816,2.6250975131988525,-0.40764835476875305,0.24684252689576966,285.7155313351499,0.0
53.832,41.84081542664799,-0.72443982174663,-0.6260631702643702,45,0.0006688092253170907,-0.0046648005954921246,0.9964942932128906,-0.90168297290802,0.26987865567207336,-0.46594566106796265,0.24720647093698117,285.7155313351499,0.0
53.882,41.863068640108466,-0.6917469240912479,-0.43554475070008203,45,0.011330702342092991,-0.004826802294701338,0.9846177697181702,0.2708171606063843,0.13915175199508667,0.2921583950519562,0.24748407194492533,285.7155313351499,0.0
53.932,41.92475562885879,-0.7011278855029199,-0.7868032464648511,45,0.017214659601449966,-0.02716214954853058,1.0128519535064697,-0.27931907773017883,0.10854803770780563,1.670379638671875,0.24772954335929437,285.7155313351499,0.0
53.982,41.90454746148199,-0.7585796953589495,-0.7035305651170121,45,0.0097269918769598,-0.0029525200370699167,0.9933581948280334,1.2166221141815186,-1.3519920110702515,-0.48462873697280884,0.24783655198338728,285.7155313351499,0.0
54.033,41.978405580339306,-0.7884954673400423,-0.9601367350154829,45,0.02321515791118145,-0.03182167559862137,1.0040515661239624,-1.7319531440734863,0.1921105831861496,2.1791796684265137,0.2478528503890248,285.7155313351499,0.0
54.083,41.93426901660922,-0.8664070641610898,-1.0077994652799707,45,0.00700035085901618,-0.010238108225166798,1.0077269077301025,-0.11959953606128693,-0.9758215546607971,-1.3330506086349487,0.2476214144362846,285.7155313351499,0.0
54.134,41.951829279759,-0.8774559341410205,-0.9969923069058108,45,0.0184293482452631,-0.02426813915371895,0.9949055314064026,0.10450839251279831,2.316955089569092,-1.0183390378952026,0.24796648942003224,285.8908049894349,0.0
54.184,41.89194950407118,-0.7308074770233997,-0.6254130251259497,45,0.002326848916709423,0.004752120468765497,0.9926540851593018,0.5554288625717163,1.2471404075622559,-0.6540650725364685,0.2484162371448043,285.8908049894349,0.0
54.234,41.95190178890191,-0.7011303026387645,-0.7540202553512072,45,0.022673942148685455,-0.020528024062514305,0.9946766495704651,1.4260913133621216,0.4088703393936157,0.8474624752998352,0.24892552345054758,285.8908049894349,0.0
54.285,41.94431667022652,-0.6452956531851229,-1.0119900587058661,45,0.009488679468631744,-0.020581694319844246,1.0130233764648438,1.4640464782714844,-0.950435996055603,0.5734743475914001,0.2491853186327242,285.8908049894349,0.0
54.335,41.91452786175479,-0.654319680325178,-1.1007099181935018,45,0.013469687663018703,-0.010941999964416027,1.0108269453048706,0.6168418526649475,0.4952410161495209,-2.401108741760254,0.24926002586308926,285.8908049894349,0.0
54.385,41.90722497612095,-0.6524078431176152,-1.0271252175333396,45,0.017329907044768333,-0.02188938297331333,1.0044676065444946,-1.7269041538238525,-0.42335113883018494,1.5604294538497925,0.2491760716171791,285.8908049894349,0.0
54.436,41.833531517531156,-0.7086330369892747,-0.8641516074606884,46,0.0019918610341846943,-0.007945476099848747,0.9660822749137878,0.28807875514030457,-0.315558522939682,-2.330604076385498,0.24917000404559742,285.8908049894349,0.0
54.486,41.85157519894429,-0.6535122993604364,-0.8524140501589549,46,0.017106181010603905,-0.01577765867114067,1.0023936033248901,1.4912570714950562,-0.739475667476654,-0.4268238842487335,0.24923002915994655,285.8908049894349,0.0
54.536,41.777889324764594,-0.7175909668690733,-0.5038863773055028,46,0.013505489565432072,0.003390517318621278,1.0153907537460327,0.8253913521766663,-0.3090430796146393,-0.8870762586593628,0.2489984871947777,285.8908049894349,0.0
54.587,41.791000929407154,-0.7577730872434487,-0.5378225761299213,46,0.01409676019102335,-0.01629861444234848,1.0197062492370605,-1.9104082584381104,1.5107929706573486,1.01283597946167,0.24872169648737474,285.8908049894349,0.0
54.637,41.785613431610976,-0.9241177957512331,-0.7499172320275516,46,0.018188532441854477,-0.016959121450781822,0.9852991700172424,-1.028214454650879,0.1681210994720459,-1.2779781818389893,0.24837709150901544,285.8908049894349,0.0
54.687,41.74647864371902,-0.7866194623878909,-0.58022298727264,45,0.00833756010979414,-0.00596226891502738,1.0024514198303223,0.002202438423410058,0.6709267497062683,-0.8326818346977234,0.24819163994045174,242.96495394774954,0.0
54.738,41.74197696671142,-0.6962978611551179,-0.18793191292222913,45,0.011390537023544312,0.004704838152974844,0.9827179908752441,1.0270886421203613,-0.6768505573272705,0.6920713186264038,0.2478042381528625,242.96495394774954,0.0
54.789,41.7820467380899,-0.5521427979218246,-0.2841978770574784,45,0.009638885036110878,-0.012558087706565857,1.017181158065796,-0.20735307037830353,1.8666199445724487,1.655158519744873,0.24757625819520787,242.96495394774954,0.0
54.839,41.82756696762681,-0.5285931149564757,-0.6433117754677556,45,0.008925652131438255,-0.02059303969144821,0.9987869262695312,1.8061120510101318,-0.8388828635215759,0.7203280925750732,0.24722429761365552,242.96495394774954,0.0
54.89,41.886619378514375,-0.6442925691735563,-1.1601205653910556,45,0.01736943982541561,-0.03508619964122772,1.00178062915802,1.2741087675094604,-0.39948928356170654,1.174417495727539,0.2468964682728329,242.96495394774954,0.0
54.94,41.852467581911924,-0.6932726198283694,-1.2340923111851732,45,0.008077757433056831,-0.01685910113155842,1.0121859312057495,-0.5986554622650146,1.0904366970062256,-1.0333125591278076,0.24655018421916713,242.96495394774954,0.0
54.99,41.828940743505214,-0.6422337271601246,-0.6421178321657327,45,0.006796691101044416,0.0009311570320278406,0.9801273345947266,-0.41395285725593567,1.2835379838943481,-0.16056863963603973,0.24553708255373777,242.96495394774954,0.0
55.041,41.87135117411226,-0.5964321653537656,-0.5014433139979702,45,0.013556376099586487,-0.007621589582413435,1.0033389329910278,-0.3641470670700073,-0.49318844079971313,1.260664463043213,0.2449383591236368,242.96495394774954,0.0
55.092,41.8694236912177,-0.4785703303045689,-0.4253515637413692,45,0.0015387152088806033,-0.002190649276599288,0.9937301874160767,-1.0031468868255615,-0.7642732262611389,0.537277102470398,0.24338796303625365,242.96495394774954,0.0
55.142,41.93674354520926,-0.4512446334075637,-0.69911338301797,45,0.015993859618902206,-0.02388472482562065,1.0117478370666504,-0.22689254581928253,-1.365336537361145,1.2169798612594604,0.24217075169195046,242.96495394774954,0.0
55.193,41.93057896487859,-0.667345960162514,-0.9643212378616389,45,0.014987420290708542,-0.018510982394218445,0.9998317956924438,-1.2498173713684082,0.7211325168609619,-0.7288256287574768,0.24095736387582953,285.92978389801624,0.0
55.243,41.92194823041011,-0.6775325795280311,-0.969523567538747,45,0.009470250457525253,-0.017361730337142944,0.991905689239502,0.7809730172157288,-0.9317110180854797,-0.6138635277748108,0.2401543899212022,285.92978389801624,0.0
55.293,41.888460061375696,-0.5408800033376913,-0.8387443059345334,45,0.006315972190350294,-0.009976028464734554,1.0142533779144287,0.22906899452209473,-0.39149999618530273,-0.8119251132011414,0.2394924133664361,285.92978389801624,0.0
55.344,41.87685670766526,-0.6213517900053257,-0.5900989850781562,45,0.014958619140088558,-0.003476125653833151,0.9928468465805054,-1.5553804636001587,1.0561130046844482,-0.5951316356658936,0.2390846699355635,285.92978389801624,0.0
55.395,41.87227848282983,-0.6251863872894352,-0.3438465727358801,45,0.007922165095806122,-0.005704171024262905,1.0029984712600708,-0.49619168043136597,-1.7694281339645386,1.7582530975341797,0.23861730840229986,285.92978389801624,0.0
55.446,41.92290766561294,-0.629846571187912,-0.7854588662046638,45,0.014919738285243511,-0.028029676526784897,0.9979179501533508,-0.15828227996826172,0.5388501882553101,-1.037552833557129,0.2384211313962117,285.92978389801624,0.0
55.496,41.88495934565857,-0.6680893112538184,-0.7763289747067127,45,0.01387459971010685,-0.007548390422016382,1.0033372640609741,0.7362351417541504,0.18257176876068115,0.6290743947029114,0.23928419577639812,285.92978389801624,0.0
55.546,41.89657729065271,-0.877461158853568,-0.8587501120203296,45,0.021018873900175095,-0.015961604192852974,1.0121082067489624,-0.062052808701992035,0.5684745907783508,-0.4658617675304413,0.23910752623947862,285.92978389801624,0.0
55.596,41.84341546024416,-0.8247654919847331,-0.5934191936733386,45,0.007903494872152805,-0.004220510367304087,0.9862076044082642,-0.33992889523506165,0.5090421438217163,-0.6662375926971436,0.23890788059774043,285.92978389801624,0.0
55.646,41.863717832417905,-0.8421419184416544,-0.7185767149053273,45,0.01955132558941841,-0.01723717339336872,0.9924942255020142,-0.32002782821655273,1.393799901008606,-2.279890537261963,0.23851405142122337,285.92978389801624,0.0
55.697,41.81178527508747,-0.687478609501096,-0.40698885444588473,45,0.0027895495295524597,-0.0008997838012874126,0.9918442368507385,-0.35439035296440125,-1.2610933780670166,3.342660665512085,0.23792622489993542,285.92978389801624,0.0
55.747,41.84720442190551,-0.9450522366427176,-0.9146363606215474,45,0.018625875934958458,-0.02289148047566414,1.0032600164413452,0.443819135427475,0.3986547887325287,-2.954594850540161,0.23739999200052342,286.0467844233786,0.0
55.797,41.76944394314543,-0.6959237669158477,-0.6638966145806646,45,-0.00046422757441177964,0.0015062890015542507,0.9916477203369141,-0.032551828771829605,0.6903566718101501,0.3906559646129608,0.23662469191751906,286.0467844233786,0.0
55.848,41.818520160784146,-0.7949348044060466,-0.7771914575597324,45,0.024872882291674614,-0.024372773244976997,0.9975671768188477,0.02329801768064499,1.5041340589523315,-0.14532069861888885,0.23603913557028172,286.0467844233786,0.0
55.898,41.7599385263698,-0.863753067331774,-0.7445720176272554,45,0.008637476712465286,-0.00405131746083498,0.9961879849433899,1.6646333932876587,-0.6720626354217529,-1.2190841436386108,0.2361538151384835,286.0467844233786,0.0
55.948,41.7683375308752,-0.605491351266177,-0.3543415142175581,45,0.008140875957906246,-0.0033465849701315165,0.9802529811859131,-0.23722538352012634,0.023665444925427437,1.711913824081421,0.23606898917561933,286.0467844233786,0.0
55.999,41.803274918778065,-0.6946356217013862,-0.5241340199427162,45,0.015921184793114662,-0.016263946890830994,1.0019357204437256,1.4121036529541016,-0.38513755798339844,0.26793479919433594,0.23656362994950447,286.0467844233786,0.0
56.049,41.800507194049885,-0.6785344560019242,-0.5703217148917162,45,0.013783964328467846,-0.012638179585337639,1.0070345401763916,0.5922206044197083,0.03956278786063194,0.527195394039154,0.23711750166125972,286.0467844233786,0.0
56.101,41.80318204325947,-0.7767738963743082,-0.5652236123022202,45,0.01530526950955391,-0.008267010562121868,0.9953978061676025,0.6615954637527466,1.8129417896270752,-0.6740067005157471,0.23738616376516464,286.0467844233786,0.0
56.154,41.82092983872162,-0.640693949993321,-0.47205643957886956,45,0.012167843990027905,-0.00962417759001255,1.0041824579238892,0.27189648151397705,0.19275540113449097,0.775253176689148,0.23804580386375132,286.0467844233786,0.0
56.204,41.81861872346835,-0.5067710001501402,-0.533482612532572,45,0.006545534823089838,-0.01085088960826397,1.0176358222961426,1.0868942737579346,-1.1629815101623535,0.6483392119407654,0.2384479018815258,286.0467844233786,0.0
56.254,41.86911341537459,-0.6541313739475638,-0.788832448801841,45,0.016602735966444016,-0.02293836884200573,0.9909412264823914,-0.3325885534286499,0.6431489586830139,-0.8871994018554688,0.23924183744182928,286.0467844233786,0.0
56.305,41.81918622290271,-0.5202123258146812,-0.7154624054488162,45,-0.0019740492571145296,-0.008795598521828651,1.0060027837753296,-0.5609451532363892,-1.105420470237732,1.2663910388946533,0.2399907919661892,282.42569523937783,0.0
56.355,41.830944851547684,-0.5041518008190933,-0.8430717319260287,45,0.008382721804082394,-0.0198622215539217,0.9887802600860596,0.046806756407022476,-0.1052844449877739,-1.73346745967865,0.24129042019907326,282.42569523937783,0.0
56.407,41.7909257674529,-0.2369513140363587,-0.7515290769574241,45,-0.00589015195146203,-0.011451506055891514,0.9886729717254639,-0.6564134359359741,-1.257311463356018,0.17070280015468597,0.24241607185463873,282.42569523937783,0.0
56.457,41.83752488920419,-0.40047665574037156,-1.1937963794501796,45,0.019753778353333473,-0.029930278658866882,0.9800124168395996,0.9758813381195068,-2.7523303031921387,0.4848029911518097,0.24433696192148796,282.42569523937783,0.0
56.507,41.84449133625859,-0.5406982185011129,-1.7674626728263514,45,0.009741732850670815,-0.0458143875002861,0.9960086941719055,1.374061107635498,-4.417938709259033,0.041110359132289886,0.24552948385151216,282.42569523937783,0.0
56.558,41.74694432126813,-0.3861569931593857,-2.223510481894507,45,0.002703390084207058,-0.03302498534321785,0.9997321963310242,1.5969833135604858,-1.5960044860839844,-6.3818583488464355,0.24638109835456978,282.42569523937783,0.0
56.608,41.57640372485184,-0.003407445937718571,-1.215809179587434,45,-0.006617628503590822,0.0024178815074265003,1.0157482624053955,3.707035779953003,-5.034459590911865,-1.9597551822662354,0.24699028671694884,282.42569523937783,0.0
56.664,41.54821912210325,0.21473511084234403,-0.749041682512768,45,-0.013277481310069561,0.005192258860915899,1.0275834798812866,1.0222651958465576,-0.32582443952560425,-2.7167959213256836,0.2470876131783799,282.42569523937783,0.0
56.714,41.41908214509219,1.6447490738575317,1.9602884215568903,45,-0.05954701453447342,0.09804437309503555,0.9433779716491699,5.406200885772705,-4.560373783111572,0.6687170267105103,0.24780598097742595,282.42569523937783,0.0
56.765,41.96688734585,2.4552147799926787,1.5913890252462093,45,-0.04731150344014168,-0.014431167393922806,0.9879813194274902,0.827754020690918,-10.796089172363281,18.98198127746582,0.2483237890130927,282.42569523937783,0.0
56.815,42.456038954404946,3.3835026140542777,0.4175133480043817,45,-0.09678570926189423,0.03155560418963432,0.8570446372032166,10.997333526611328,-1.7999603748321533,8.787605285644531,0.24857658063322774,281.59140651225243,0.0
56.865,42.864683982043104,5.326504994825,1.9525557884290599,45,-0.14627830684185028,0.08928630501031876,0.7935518622398376,18.338850021362305,-18.078779220581055,28.372116088867188,0.24847267259867836,281.59140651225243,0.0
56.916,44.324718100983816,8.58286365042918,3.317521903439737,45,-0.21174342930316925,0.07428890466690063,0.7359558939933777,29.759441375732422,-21.633424758911133,48.50139236450195,0.2473564297325363,281.59140651225243,0.0
56.966,45.81847691525403,11.423509707892618,2.4203191704143343,45,-0.24464906752109528,0.0192186888307333,0.6777918338775635,54.421417236328125,-14.84919548034668,62.0029182434082,0.24538232265613868,281.59140651225243,0.0
57.016,47.95774371187603,15.06516532361838,0.6234042558510666,45,-0.3182738423347473,-0.01568078063428402,0.6182981729507446,58.850975036621094,-7.105492115020752,52.01816940307617,0.24100758958570834,281.59140651225243,0.0
57.067,50.16554829280998,19.926632323337525,-0.7517642705394745,45,-0.35917967557907104,-0.05226191505789757,0.7914136052131653,90.37391662597656,16.478530883789062,56.83766174316406,0.23349902660096072,281.59140651225243,0.0
57.117,51.839595100309495,22.70247654118019,-3.203095695517527,45,-0.3852829039096832,-0.13990147411823273,0.8286868929862976,74.74411010742188,-24.092798233032227,67.70764923095703,0.22624412439688188,281.59140651225243,0.0
57.167,54.25522163299324,21.96426672303706,-10.425817217537196,45,-0.2476653903722763,-0.3997834622859955,1.227128028869629,61.04490280151367,20.930116653442383,68.92607879638672,0.21224140545870637,281.59140651225243,0.0
57.218,54.66790498421452,19.48173326128141,-15.512596256148548,45,-0.2390154004096985,-0.41632410883903503,1.3098934888839722,23.65624237060547,71.0904769897461,-53.20879364013672,0.20131115998029167,281.59140651225243,0.0
57.268,50.024690062947606,13.63153358606098,-8.641968052319575,45,-0.12732964754104614,0.03604668378829956,1.2045491933822632,14.245532989501953,106.86656188964844,-192.4442901611328,0.1896142306815565,281.59140651225243,0.0
57.318,44.65670018117945,16.05122836430341,-0.03987676824990308,45,-0.40488171577453613,0.1586449295282364,0.7920421957969666,15.77285099029541,12.60287857055664,-165.84117126464844,0.17165556248703676,281.59140651225243,0.0
57.369,40.56770332120633,21.65663714077257,-0.3569774146906167,45,-0.49215593934059143,-0.047197870910167694,0.9495287537574768,46.5496711730957,-95.94922637939453,-95.76712799072266,0.15348202985007012,269.8516373930387,0.0
57.419,39.44924816463973,18.188526999260084,-0.007851706508008833,45,-0.17943549156188965,-0.04176736995577812,1.4572573900222778,-310.4098205566406,75.93059539794922,-60.199928283691406,0.1423031827138595,269.8516373930387,0.0
57.47,38.92506562922918,2.3304703888804044,-3.3053892337022717,45,0.25151485204696655,-0.41323602199554443,0.9484810829162598,29.492652893066406,36.85234069824219,-16.66330909729004,0.12723806424893555,269.8516373930387,0.0
57.52,36.786224274942846,-2.262254265588378,-4.921502176931529,45,0.0849655345082283,-0.17002180218696594,0.30660364031791687,-25.336288452148438,308.1055908203125,-55.1688117980957,0.11812841223256676,269.8516373930387,0.0
57.571,36.31578624904743,-2.829921480769618,1.982526046156121,45,0.037769172340631485,-0.13966336846351624,0.9898073077201843,-62.23712921142578,-12.667328834533691,-11.65700912475586,0.10583085738329294,269.8516373930387,0.0
57.621,36.35650384037825,-1.143877149704867,0.9571115389597336,45,0.008064036257565022,-0.004717827308923006,0.9945977926254272,-3.0738112926483154,-0.42120739817619324,0.11957984417676926,0.09845638514323769,269.8516373930387,0.0
57.671,36.3541628519625,-0.6358320003188893,0.6028453793607864,45,-0.001006307196803391,0.003199778962880373,1.0008946657180786,-0.138259157538414,-0.15094397962093353,0.06157739832997322,0.08846748396179296,269.8516373930387,0.0
57.722,36.35338721939447,-0.3708281905125221,0.41444303594276355,45,0.0006712638423778117,0.004248438868671656,0.9970662593841553,-0.062095366418361664,-0.10040727257728577,-0.11778243631124496,0.08245509346104989,269.8516373930387,0.0
57.773,36.353679661469215,-0.2523872799548049,0.32555187565368987,45,0.0013611858012154698,0.005366350989788771,1.0006741285324097,-0.044577550143003464,-0.13611723482608795,-0.15995348989963531,0.07419429603911291,269.8516373930387,0.0
57.824,36.35300037588882,-0.16228585138136647,0.3142776999850758,45,0.0011316814925521612,0.0066819945350289345,0.997563898563385,0.04878050833940506,-0.19049212336540222,-0.0024668313562870026,0.0691966563500033,269.8516373930387,0.0
57.874,36.35237776448527,-0.14755566570497441,0.26437877191253756,45,0.0031460055615752935,0.0038442981895059347,1.0022521018981934,-0.18250319361686707,-0.0727647915482521,-0.16519410908222198,0.062269652360510325,269.8516373930387,0.0
57.925,36.34947739683244,-0.10180458380397535,0.25359193791714446,45,0.0004258633707650006,0.00546772126108408,0.9987056255340576,-0.10912369936704636,-0.12277475744485855,-0.004577456973493099,0.058051217441812214,286.3592544548372,0.0
57.975,36.35130359955596,-0.09291529323936043,0.25829161330175265,45,0.0019912903662770987,0.004654260817915201,1.0017850399017334,-0.0455184206366539,-0.07086630165576935,0.19869358837604523,0.05223526578976017,286.3592544548372,0.0
58.026,36.34976897308415,-0.06403952662805014,0.2959696775685264,45,0.0009505599155090749,0.006139790639281273,1.0001140832901,0.035387154668569565,-0.17222800850868225,-0.15570209920406342,0.04863235212749834,286.3592544548372,0.0
58.076,36.35151330634271,-0.03451493652299931,0.24057006670433354,45,-0.0014182217419147491,0.003201649524271488,1.001133918762207,-0.28148597478866577,-0.11928832530975342,-0.15085336565971375,0.04349730995677774,286.3592544548372,0.0
58.126,36.35028575978586,-0.042690402057240485,0.2252265303369799,45,0.002131968503817916,0.0027021742425858974,0.9988409876823425,-0.05227670073509216,0.01800392009317875,-0.013529133051633835,0.04029306206019514,286.3592544548372,0.0
58.176,36.35056373618502,-0.061155662495774164,0.2058508778145685,45,0.0021112451795488596,0.002814624225720763,0.9967811107635498,0.0431988462805748,-0.247755765914917,0.023963050916790962,0.03579348586304685,286.3592544548372,0.0
58.227,36.35168250038133,-0.02569801332175639,0.17470550070303653,45,-0.00020109648176003247,0.0017509919125586748,0.9999989867210388,-0.08779273182153702,-0.06734448671340942,0.056384578347206116,0.03170758405772782,286.3592544548372,0.0
58.277,36.35351129251625,-0.036892958182377984,0.21547420035273793,45,0.001954123144969344,0.0047097052447497845,1.000654935836792,-0.1303817182779312,0.42226678133010864,-0.04588715732097626,0.029228098664989512,286.3592544548372,0.0
58.327,36.35567690887214,-0.04114711101219195,0.17624716770348278,45,-0.00035992838093079627,0.003286508144810796,0.9963163733482361,0.0003279185912106186,0.1431887447834015,0.11115540564060211,0.02555929427976,286.3592544548372,0.0
58.378,36.35686564475928,-0.09044113172335591,0.2002774929344657,45,0.002994741778820753,0.004358077887445688,0.9953896999359131,-0.057558901607990265,0.13016781210899353,-0.050382476300001144,0.023314278517217586,286.3592544548372,0.0
58.428,36.35306644125125,-0.06843364329581783,0.2597065730931068,45,-0.00013126712292432785,0.006472286768257618,1.0001181364059448,-0.2668488919734955,-0.18564118444919586,0.019482649862766266,0.020291840560422606,286.3592544548372,0.0
58.478,36.349969588428614,-0.06088294720442541,0.23135063711178835,45,-0.0015139690367504954,0.002479549264535308,1.001609206199646,-0.3029865324497223,-0.22345678508281708,-0.09863834083080292,0.018516825512255704,282.78748651564183,0.0
58.528,36.34893183911511,-0.06702500412926389,0.2126958722251079,45,0.002612550975754857,0.0048584467731416225,0.9979913830757141,0.1591099500656128,-0.12074116617441177,-0.01215579267591238,0.016152336483158496,282.78748651564183,0.0
58.578,36.35091906911127,-0.06318435294576222,0.21742250524361573,45,0.002735475543886423,0.005021824035793543,0.999708890914917,-0.03116307407617569,-0.02776312455534935,-0.024083442986011505,0.014720861124815434,282.78748651564183,0.0
58.629,36.35032142386387,-0.08149714451750292,0.23211206869666953,45,0.004190605599433184,0.004266832955181599,0.9979804754257202,-0.015073973685503006,0.03737514838576317,-0.007208646275103092,0.012793681492351492,282.78748651564183,0.0
58.679,36.35272183922269,-0.08180012578859193,0.20235532877602602,45,7.930830179248005e-05,0.005737303756177425,0.9971165060997009,-0.07163899391889572,0.09932159632444382,-0.12090684473514557,0.011641070737031434,282.78748651564183,0.0
58.73,36.35427248276486,-0.07840268270442645,0.19385056116015062,45,0.0010106383124366403,0.002354821190237999,0.9982606768608093,-0.08273284137248993,-0.1844092309474945,0.11426574736833572,0.010115124244507022,282.78748651564183,0.0
58.78,36.3565234610645,-0.0510302429901873,0.22286011246150092,45,4.0214141336036846e-05,0.004455594811588526,0.9967223405838013,0.19153231382369995,-0.062159184366464615,0.13338588178157806,0.00922161213437669,282.78748651564183,0.0
58.83,36.35655743070518,-0.041115415566600026,0.2553385806502394,45,-0.0011131428182125092,0.0066133057698607445,0.9980865716934204,0.08795132488012314,-0.12125810980796814,-0.034749288111925125,0.007929044367802613,282.78748651564183,0.0
58.881,36.354567035037206,-0.06464479677244968,0.2605603233716873,45,0.001705171074718237,0.0042106639593839645,0.9999474287033081,0.1044117733836174,-0.10817509144544601,0.20874886214733124,0.007153774234267887,282.78748651564183,0.0
58.931,36.356960532221656,-0.06511622366606659,0.2619518945979308,45,0.0023400401696562767,0.004716941155493259,0.9988991618156433,-0.011436673812568188,-0.16358226537704468,-0.11980810761451721,0.006147925617845105,282.78748651564183,0.0
58.981,36.35534552591404,-0.04208293127275445,0.27310670222931077,45,-0.0007649590843357146,0.0040953801944851875,0.9983339309692383,-0.09205254912376404,-0.2546772360801697,-0.018357621505856514,0.005565630017614724,267.5962740844711,0.0
59.032,36.35472451029043,-0.013364646633839475,0.2118351302330589,45,0.0014752264833077788,0.000396862393245101,0.998632550239563,-0.03513511270284653,-0.15591099858283997,-0.12045495957136154,0.004795562564886196,267.5962740844711,0.0
59.082,36.35723677030258,-0.044349871530225966,0.2241989822861217,45,0.0019091545837000012,0.004499845672398806,1.0009750127792358,-0.10005563497543335,-0.07345963269472122,-0.1131671741604805,0.004350661735484886,267.5962740844711,0.0
59.133,36.35882459152802,-0.05327289648277987,0.23421323519835388,45,0.0020824528764933348,0.0019375564297661185,0.9985039830207825,-0.1017187312245369,0.1295524388551712,-0.06093943864107132,0.003762543579334271,267.5962740844711,0.0
59.183,36.358443905841796,-0.0759152603571996,0.2058049051581853,45,0.0004691249050665647,0.0018838595133274794,0.999821126461029,0.09862659126520157,-0.16049332916736603,0.06333187967538834,0.0034213410617980246,267.5962740844711,0.0
59.233,36.356177933971516,-0.05403721897638609,0.2363054205768732,45,0.0008344839443452656,0.005282500758767128,0.999042809009552,0.0737556740641594,-0.1494414508342743,-0.010364819318056107,0.002971701020225635,267.5962740844711,0.0
59.284,36.357718832629274,-0.03785098899473734,0.25909902162435683,45,0.0009861846920102835,0.004446884151548147,0.9994663596153259,-0.11751003563404083,-0.09873894602060318,0.2470923364162445,0.002704729093938986,267.5962740844711,0.0
59.334,36.359677028986404,-0.05414888841287212,0.22508335480420374,45,-0.00021098529396113008,0.0034785198513418436,0.9990085959434509,-0.08271987736225128,-0.140054851770401,-0.12471672147512436,0.0023478464724176347,267.5962740844711,0.0
59.384,36.36089078787011,-0.02855749154848148,0.20768703188753548,45,-0.0004549174045678228,0.0032994691282510757,0.9993043541908264,-0.1136402115225792,-0.10406603664159775,0.06528196483850479,0.0020451532949009392,267.5962740844711,0.0
59.435,36.359518393057,-0.07689455949120833,0.18487517405302054,45,0.00391228124499321,0.001507735694758594,0.9996469616889954,0.08733654022216797,-0.04512187838554382,-0.009194697253406048,0.0018646022346034943,267.5962740844711,0.0
59.485,36.360955439780355,-0.04541878804991518,0.18298037518067367,45,-0.0005650077946484089,0.0015622407663613558,0.9979488849639893,0.11099810898303986,0.04579939320683479,0.2541351914405823,0.0016983132546856594,267.5962740844711,0.0
59.536,36.36356441950217,-0.05638980781030249,0.1676250021498287,45,0.0017412269953638315,0.0029475484043359756,0.9983678460121155,-0.05314469709992409,0.15510676801204681,-0.07605421543121338,0.0014764909570828696,285.46273735792556,0.0
59.586,36.36519878834597,-0.05932212080013584,0.1654876284892124,45,0.00028244039276614785,0.0034259483218193054,1.0002609491348267,-0.03875124827027321,0.15439264476299286,0.14221510291099548,0.0012838518108306176,285.46273735792556,0.0
59.636,36.36664111705823,-0.04148024117584881,0.1988410189709185,45,-0.0002744013618212193,0.0008692803676240146,0.9981916546821594,-0.1863098293542862,-0.15637806057929993,-0.0665438175201416,0.0011705699158702698,285.46273735792556,0.0
59.686,36.36867645769957,-0.04977853179926881,0.2303587286127145,45,0.000570496718864888,0.0029598968103528023,0.9968592524528503,-0.008623653091490269,0.13945865631103516,0.31018683314323425,0.001019929946392657,285.46273735792556,0.0
59.736,36.370857123493906,-0.03329428643179748,0.2278233844018592,45,-0.0004016548627987504,0.003049611346796155,0.9987985491752625,-0.06199042126536369,-0.011241218075156212,0.20700839161872864,0.0009325208102816631,285.46273735792556,0.0
59.787,36.369982172739434,-0.033600268146568295,0.2390130670749405,45,0.0007412125705741346,0.004153150133788586,0.9961622953414917,-0.0772504210472107,0.13160987198352814,-0.14346513152122498,0.0008538980813902322,285.46273735792556,0.0
59.838,36.36915431591016,-0.02188935004761677,0.2343920387199323,45,-0.0001805672945920378,0.0047667911276221275,0.9967613220214844,0.1732393503189087,-0.18674656748771667,0.13795198500156403,0.0007481202728987407,285.46273735792556,0.0
59.889,36.37091363912542,-0.04546192765671348,0.24867076105102295,45,0.0009442694135941565,0.002843389054760337,1.000398874282837,-0.13317975401878357,0.0020103100687265396,0.011549249291419983,0.000652894840648554,285.46273735792556,0.0
59.939,36.37173868171344,-0.04572564967804398,0.23789714672279047,45,0.00046471477253362536,0.0035578617826104164,0.9982118010520935,0.08004213869571686,-0.13031642138957977,0.09703263640403748,0.0005946617244901719,285.46273735792556,0.0
59.99,36.37027038722964,-0.0290571871519387,0.22416434055642576,45,-0.0009322547703050077,0.0034790239296853542,0.9987964630126953,-0.43304499983787537,-0.07571818679571152,-0.0848824679851532,0.0005163153621120742,285.46273735792556,0.0
60.04,36.371052971420106,-0.04489269161321108,0.22156225169138474,45,0.00090922845993191,0.003364687552675605,0.9999015927314758,-0.03369416296482086,0.1929900348186493,-0.05633016675710678,0.00046952944114022493,285.46273735792556,0.0
60.091,36.37213982239879,-0.045463703492834434,0.22779303673087886,45,0.002352573210373521,0.0019641558174043894,0.9992411732673645,-0.058245111256837845,-0.10181499272584915,-0.050680000334978104,0.00040586989294464146,280.89365121885885,0.0
60.141,36.37503122125814,-0.04235897078291847,0.23940594691465086,45,0.0009576310985721648,0.004627327434718609,0.9995481371879578,-0.1656850129365921,-0.014560476876795292,0.07198207825422287,0.0003685658040054179,280.89365121885885,0.0
60.192,36.37480529907378,-0.025627105849973658,0.2610268366808797,45,0.00012069987860741094,0.004484858829528093,0.9997583031654358,-0.28783494234085083,-0.18416105210781097,-0.18865220248699188,0.0003195510576729873,280.89365121885885,0.0
60.242,36.37450602476159,-0.049138185636356246,0.2310305949132574,45,0.002364523010328412,0.002848194446414709,0.9959484934806824,-0.03130129352211952,0.041820820420980453,0.05664984881877899,0.0002904132935572504,280.89365121885885,0.0
60.292,36.37722818814842,-0.06917631750586861,0.20200380458564632,45,0.001346781151369214,0.0013466321397572756,0.9994024634361267,0.18869566917419434,-0.13431084156036377,0.12673035264015198,0.00025037526175599486,280.89365121885885,0.0
60.343,36.3789782301212,-0.08427787161336601,0.25366740116142017,45,0.0009991552215069532,0.005694722291082144,0.996687114238739,-0.18296273052692413,0.014940128661692142,0.0033343536779284477,0.00022563211600364744,280.89365121885885,0.0
60.395,36.38136556069778,-0.06899294089126427,0.24332756106549516,45,0.00019261565466877073,0.005462090019136667,1.0000128746032715,0.01750614494085312,-0.1292775273323059,0.15059341490268707,0.00019335986746097484,280.89365121885885,0.0
60.445,36.3815218276648,-0.04259917210790606,0.24754229199646996,45,-0.00015909192734397948,0.004307365044951439,0.9993840456008911,-0.03438214585185051,-0.13409459590911865,0.11700166761875153,0.00016575655530682058,280.89365121885885,0.0
60.495,36.380863121804104,-0.06614704870240902,0.2269763477697426,45,0.0024596319999545813,0.0031467326916754246,0.998466968536377,-0.19070720672607422,-0.20636259019374847,-0.18244846165180206,0.00014999750172689727,280.89365121885885,0.0
60.546,36.38194745917852,-0.07207462679591921,0.24765304959864362,45,0.001008391845971346,0.004223916679620743,0.9975942373275757,-0.22153355181217194,-0.022581133991479874,-0.004638207145035267,0.00012916164223638623,280.89365121885885,0.0
60.597,36.38430287095012,-0.09413356968236092,0.2570675695950085,45,0.0022327464539557695,0.006675656419247389,1.0004510879516602,-0.13758935034275055,-0.0034473128616809845,0.05337894707918167,0.00011705517488275919,285.46273735792556,0.0
60.647,36.385346236850985,-0.09191884133646351,0.26608050741653627,45,0.0033839500974863768,0.005171452648937702,0.9976188540458679,-0.05674780160188675,0.05371222272515297,0.0787842720746994,0.00010120168349458398,285.46273735792556,0.0
60.698,36.38816924974902,-0.058372124211683,0.2820449964693782,45,-0.0005467369337566197,0.004573480226099491,0.9989280104637146,0.05217093974351883,-0.11303552240133286,0.16263455152511597,9.19774801924223e-05,285.46273735792556,0.0
60.748,36.39012124086693,-0.04693223940042818,0.23745473648059087,45,-0.0004400447360239923,0.0031327116303145885,0.9986261129379272,-0.018279988318681717,-0.07982878386974335,-0.002252593170851469,7.985230047822876e-05,285.46273735792556,0.0
60.798,36.39041757358113,-0.03293709230612568,0.24509198299328896,45,-0.00026505216374062,0.0036816454958170652,0.9987996220588684,-0.06108107045292854,-0.13362015783786774,0.1847774088382721,7.274622247631986e-05,285.46273735792556,0.0
60.849,36.39045404376181,-0.049353054167192066,0.23698102080551975,45,0.0002313855366082862,0.002525066491216421,0.9957006573677063,-0.19522567093372345,-0.018329143524169922,-0.1201164647936821,6.314456567795007e-05,285.46273735792556,0.0
60.899,36.39066849715568,-0.04820279745908739,0.22553057430409998,45,0.0032621584832668304,0.004496459383517504,0.9995865821838379,0.054890602827072144,0.08666159212589264,0.0013189857127144933,5.715721394663859e-05,285.46273735792556,0.0
60.949,36.392210223418296,-0.05721776260231723,0.24529074431936423,45,0.0019382881000638008,0.0033822893165051937,1.0000500679016113,-0.054615288972854614,-0.08976712077856064,-0.04776841029524803,4.899618613915397e-05,285.46273735792556,0.0
61.0,36.39043181402011,-0.05787800540690262,0.24841876110818709,45,-0.00046754302456974983,0.0058935233391821384,1.0013948678970337,0.10260718315839767,-0.13876385986804962,-0.03068872168660164,4.414596118040818e-05,285.46273735792556,0.0
61.05,36.392002490393864,-0.07012369235826842,0.2188216476781527,45,0.003077275352552533,0.0023054582998156548,0.9998870491981506,-0.16540728509426117,-0.09039358794689178,0.12725822627544403,3.789356878336386e-05,285.46273735792556,0.0
61.1,36.391992268215326,-0.09844609056863894,0.25423705809560154,45,0.0031372581142932177,0.005053998902440071,0.9969483613967896,-0.06472097337245941,0.04296542704105377,0.07548606395721436,3.431342319168884e-05,285.46273735792556,0.0
61.151,36.39429743977108,-0.10705842769542893,0.24305730044193208,45,0.0016800557496026158,0.007304382976144552,1.0008059740066528,-0.1375252902507782,-0.06719942390918732,0.01753394305706024,2.9665000988564778e-05,282.2926369632521,0.0
61.201,36.3965181203367,-0.08503706280554346,0.25390553855029224,45,9.786053851712495e-05,0.005027236416935921,0.998198390007019,-0.3896239399909973,0.04753441363573074,0.012911281548440456,2.696945555092543e-05,282.2926369632521,0.0
61.252,36.39697614139863,-0.0644557397744285,0.23719724121631405,45,0.0009774065110832453,0.0050859046168625355,0.9990419745445251,0.09704149514436722,-0.0019928542897105217,0.01401705015450716,2.3412834876862097e-05,282.2926369632521,0.0
61.302,36.400805263933826,-0.06150612141569987,0.23565484377076368,45,0.0018012647051364183,0.005172318778932095,0.9968513250350952,0.29305315017700195,-0.053847987204790115,0.2091141641139984,2.125812436237069e-05,282.2926369632521,0.0
61.352,36.40161740098642,-0.05716760582154874,0.23621888199303936,45,0.0023690650705248117,0.006035665515810251,0.9989464282989502,-0.14365829527378082,-0.22802822291851044,0.004247209057211876,1.8418485566621547e-05,282.2926369632521,0.0
61.403,36.403470826984886,-0.04985246931927625,0.22802463624857566,45,0.0021646313834935427,0.0017772041028365493,0.9982779026031494,-0.16826750338077545,-0.13350807130336761,-0.1666431725025177,1.6690248512994845e-05,282.2926369632521,0.0
61.453,36.40171268563306,-0.05741130220085521,0.23122763240681216,45,0.0006811598432250321,0.006483857054263353,0.997603714466095,0.04166660085320473,0.17737159132957458,-0.24654746055603027,1.4341503132810373e-05,282.2926369632521,0.0
61.503,36.40040961543418,-0.060076548821048494,0.24696107946781143,45,0.001534246955998242,0.006589116528630257,0.998008131980896,-0.0896582156419754,-0.0918094664812088,-0.257089763879776,1.235492568278164e-05,282.2926369632521,0.0
61.554,36.40015718507589,-0.03261597845115573,0.24353786135188005,45,-0.00015914553659968078,0.004199264105409384,0.9959775805473328,-0.26065394282341003,0.05685010552406311,0.0643400102853775,1.1205551738675022e-05,282.2926369632521,0.0
61.604,36.401108612389905,-0.02150963816016017,0.27653606530394514,45,-0.0008381743682548404,0.005592187866568565,0.9980844259262085,0.14350448548793793,0.006295382976531982,0.2449810951948166,1.0175864492498319e-05,282.2926369632521,0.0
61.654,36.40495297984,-0.01520096552218286,0.25803073076019073,45,-0.001556660165078938,0.00346208899281919,0.9990445375442505,-0.27803635597229004,-0.02467803843319416,0.17945724725723267,8.829407882045379e-06,282.2926369632521,0.0
61.711,36.4079492350132,-0.05292119529541757,0.29127946789221093,45,0.0019991761073470116,0.0045822556130588055,0.9957202672958374,-0.036349546164274216,0.014474366791546345,-0.09294214844703674,7.653874228334287e-06,275.5422414925765,0.0
61.762,36.407363035540456,-0.05230256810212026,0.28612829844784454,45,0.0006746626459062099,0.003811309579759836,1.0013842582702637,0.05329011753201485,-0.36820730566978455,0.06996363401412964,6.955095502555655e-06,275.5422414925765,0.0
