time,thrust,velocity,yaw,pitch,roll,battery,x,y,z,yaw obs,pitch obs,roll obs,x obs,y obs,z obs,loop rate (Hz),target altitude (m)
0.0,0.0,-4.252972463974972e-25,-7.782212435692678,-0.15847790722648086,0.4768602077694501,51,0.5025796442576391,0.5587796655917812,7.452191432305254e-24,-7.781833251180942,-0.16855325671202465,0.4802388263462429,0.5022904365837035,0.5581477433205796,0.0,285.7551076796193,0.0
0.05,0.0,-3.1295274101766208e-25,-7.780086159821915,-0.18212842471094456,0.4773539625502022,51,0.5050389707457399,0.5604541001231309,-1.559525189286584e-23,-7.780654767886082,-0.18096511025645917,0.47083506962047733,0.5054326490757358,0.5607972552263906,0.0,285.7551076796193,0.0
0.101,0.0,-2.382539582227809e-25,-7.781600369903309,-0.177144550129245,0.43898687399527814,51,0.5066287569535893,0.5601848038848432,-2.2338894604790642e-23,-7.782266679799831,-0.1674730507029191,0.47073424611288506,0.5067558170829862,0.5605200445286581,5.777960600539512e-06,285.7551076796193,0.0
0.151,0.0,-4.47922322530555e-25,-7.783088106135615,-0.1332479576478451,0.46951176281474566,51,0.5087757813380296,0.5585113445098906,-4.2569125761287644e-23,-7.78362470829158,-0.15056758248573532,0.4503606088934366,0.5091090881931508,0.5583014454898299,0.0,285.7551076796193,0.0
0.201,0.0,2.225551029459465e-25,-7.782281981132099,-0.13329781165775945,0.5161820478534428,51,0.5116390206042911,0.5583386567619831,-2.1183451459525554e-23,-7.782163864342917,-0.13869061017173565,0.5127886498400426,0.5119561215476249,0.5581789025292827,0.0,285.7551076796193,0.0
0.251,0.0,-4.761911092021454e-27,-7.785936411407176,-0.15340925462099597,0.49130353712407304,51,0.5115432209544596,0.5589116690609864,-2.015150803438672e-23,-7.784611352249261,-0.13831881972618829,0.49756554548541854,0.5116402761980097,0.5590115700811157,0.0,285.7551076796193,0.0
0.301,0.0,-9.617068206836535e-27,-7.788627941117774,-0.14417996611313635,0.4856854973996072,51,0.5114540166684717,0.5589717462328503,-2.0547171431704194e-23,-7.7880623797475135,-0.14951769980294938,0.47728845002921005,0.5111976888321879,0.5588661112075252,0.0,285.7551076796193,0.0
0.351,0.0,9.10879977051512e-27,-7.790247618771782,-0.14127507182679708,0.4543784577436886,51,0.5121576784534599,0.5593376851002407,-2.0862766031423977e-23,-7.789429319655983,-0.13715529916037758,0.46506730302973986,0.5122673816566529,0.5594149781193459,0.0,285.7551076796193,0.0
0.402,0.0,3.792296255909007e-25,-7.788676027782634,-0.11689440321889386,0.4809604397689079,51,0.5101189804840702,0.559993377791353,-8.286337312803201e-24,-7.7901642522879255,-0.12500748909351272,0.4764247064844605,0.5103758364018752,0.5600482941635958,0.0,286.3442431744333,0.0
0.452,0.0,-5.647414339813257e-26,-7.790602146122023,-0.14704541986035494,0.4759488543007736,51,0.5081381604975616,0.5602201599904784,-8.267243051365105e-24,-7.790633251461839,-0.14506583772216256,0.4718046446766913,0.5078072222355923,0.5603127697912854,0.0,286.3442431744333,0.0
0.503,0.0,-1.1537927805093598e-25,-7.788920398961887,-0.14328135895132324,0.5087469462988282,51,0.5082249839632301,0.5609575916630876,-1.605825928092704e-23,-7.789849340025496,-0.1482271939328829,0.4940579839477143,0.5081298907316153,0.5609166255951432,0.0,286.3442431744333,0.0
0.553,0.0,9.633636457126709e-26,-7.790372741151293,-0.14143183753550698,0.49239850023838705,51,0.5080352860016525,0.5613272393452665,-1.5516386782871178e-23,-7.791134881387867,-0.11887077076934306,0.4788370605673244,0.5080340659587218,0.5614442362058373,1.4865200484932942e-06,286.3442431744333,0.0
0.603,0.0,-3.021652113597011e-26,-7.791093131941438,-0.14665938607827153,0.504730257230882,51,0.5080857257248814,0.5604509644837274,-1.7532906129268157e-23,-7.790806395313657,-0.1469759617964,0.5045709263231706,0.5078525394410409,0.5606085595209709,0.0,286.3442431744333,0.0
0.654,0.0,3.2878480790156803e-25,-7.7908097388207835,-0.14041906271878613,0.4490220845380658,51,0.5090009487910642,0.559232283815773,9.242365477701525e-25,-7.791199918477372,-0.1406577296187985,0.47618839146580927,0.5091633754379433,0.5590579947997056,0.0,286.3442431744333,0.0
0.704,0.0,-4.0478124376503525e-26,-7.793967965594021,-0.12207647826236358,0.42796811757682257,51,0.5096550483265149,0.5578267750622388,4.231194506005112e-24,-7.793533726574697,-0.12596782413078486,0.43435883116577284,0.5097965870092529,0.5576540856151223,0.0,286.3442431744333,0.0
0.754,0.0,-4.545637766303872e-26,-7.794673996745969,-0.12412083837748922,0.40472017697787444,51,0.50971911630232,0.5576941697026421,2.7947001220364756e-24,-7.794446556184432,-0.12456213124612395,0.43247670255061826,0.5097524035448847,0.5576620609642552,1.8964829430821077e-08,286.3442431744333,0.0
0.805,0.0,-6.141272270586838e-26,-7.798652197586526,-0.14899607731247577,0.4250083796899906,51,0.509295813593308,0.5583181295601117,7.376373217776487e-24,-7.798835410293849,-0.12824224289517783,0.43974353281970635,0.5092588887639484,0.55826934943959,0.0,286.3442431744333,0.0
0.855,0.0,-3.611811928035416e-25,-7.79761494443554,-0.18119573791252003,0.5087664829111403,51,0.5080271721921787,0.5604743200854928,-1.9664674401829653e-23,-7.799204236646719,-0.15459831801350168,0.47159954472384435,0.5078428801683607,0.560836308049602,1.9335907185858457e-06,286.3442431744333,0.0
0.905,0.0,3.454955000626707e-25,-7.797274080545444,-0.2017960091398564,0.4669815453430322,51,0.5044447430413385,0.5637994410769153,4.2274669741593423e-23,-7.7972211654414725,-0.1852653561264159,0.4784458512491414,0.5042918323131792,0.5640377372891058,1.3526428020884696e-06,275.5428195975136,0.0
0.956,0.0,-2.9415294602322334e-26,-7.793578541491011,-0.1792446105180974,0.4319799802531076,51,0.5034171351930297,0.5656578738955844,1.3001977028115613e-23,-7.795788391705228,-0.19565275283976485,0.42682812344942006,0.5035241688244244,0.5656918328239404,1.5267011574325331e-06,275.5428195975136,0.0
1.006,40008.0,0.013736486107060106,-7.795952861387866,-0.18328055510077454,0.46892515595658507,51,0.5045407937278367,0.5660340340663933,1.761536365868467e-23,-7.795442885059805,-0.1807953879519279,0.44130556613920247,0.5042915811183606,0.5661000377935874,0.0,275.5428195975136,0.0
1.057,39968.0,0.013991519346717215,-7.739828716289243,-0.21302952419209498,0.6308013715218882,51,0.5034088035767302,0.5636554368404572,2.2794990478521117e-09,-7.767232124881046,-0.16330202719528294,0.589021501983815,0.5040627971297472,0.564355925434954,4.868011976298315e-05,275.5428195975136,0.0
1.107,39983.0,0.00781498588386366,-7.784330202849972,-0.08758577529857725,0.8477707898950176,51,0.5027857698409193,0.5605668211695578,2.160275254140779e-10,-7.77016047591312,-0.15717798678372427,0.7687947470094587,0.5027037525161,0.5603428559902275,1.7046221529821298e-05,275.5428195975136,0.0
1.157,40008.0,0.010236417720270627,-7.8463495982067,0.10953571732241446,0.8536077853528731,51,0.502069949267391,0.562175693953525,1.205752915699701e-08,-7.822495060842393,0.024754022856465215,0.6827927714699376,0.5014716452361851,0.5610464039166777,0.0,275.5428195975136,0.0
1.208,39970.0,0.01127639398048845,-7.867788521705775,-0.2443325598877157,0.5058788707384734,51,0.5001508693702973,0.5626299130179898,5.3932514889864645e-08,-7.8768957794231325,-0.2675019022135481,0.5589581069174643,0.5000515856948275,0.5628832557638321,2.747796095930749e-05,275.5428195975136,0.0
1.258,39995.0,0.011643949768570683,-7.796150373631556,-0.6287918861339588,0.4021879604406208,51,0.497151982260973,0.5619217284791801,1.1684314661938613e-07,-7.806480497226662,-0.46749012532759066,0.36236658016540824,0.4973915370793942,0.562070035142209,1.9166717258299025e-05,275.5428195975136,0.0
1.308,39987.0,0.003763618617037013,-7.816445340412947,-1.2675412236428711,0.8538904323399368,51,0.49532574201858653,0.561198632705334,1.459126254090786e-07,-7.781052646196884,-1.0918766902764816,0.718909240228436,0.49508962090658515,0.5611690373558528,1.2901378447925315e-05,275.5428195975136,0.0018977258664785615
1.358,40021.0,-0.0005602974155630788,-8.179582985709416,-1.6272306745732894,0.6907536745565926,51,0.494176757175103,0.559389249368845,1.1496330528350316e-07,-8.0561389775874,-1.4529276237915947,0.6909570412121979,0.49408646186105515,0.5593664885833305,3.4702699410713593e-06,275.5428195975136,0.010420169314426797
1.409,40021.0,-0.0021835543561127962,-8.49170010606062,-1.7332931612775575,1.0587906971150498,51,0.49436557859873675,0.557238460170402,3.689613290753994e-08,-8.386936392447966,-1.8570565551387208,0.9890434012797215,0.49447715314320534,0.5570446010981973,1.6420693892719205e-05,275.5428195975136,0.020287418750654762
1.459,40030.0,0.004396557789540326,-8.749616471557738,-1.3080321673782684,0.42571788827187695,51,0.49466716449107356,0.5564629539932089,0.0005595413514516192,-8.67518452620557,-1.2700419340189957,0.5581846910411856,0.4946341362666017,0.5566879248592966,0.00030799749599828374,286.0411898349756,0.03012926857167797
1.509,39431.0,0.0037363037209026053,-8.927554782815498,-1.3291734502244446,0.2839038201125045,51,0.4952699944314126,0.5554286622220488,0.0018799231474642504,-8.873177208790864,-1.1482429827301834,0.026706640755226007,0.49538792161625306,0.555292577084765,0.0019878604446895865,286.0411898349756,0.039993038063611874
1.559,39829.0,0.008268834080589175,-8.950879120990862,-1.0891534368824876,0.3030168596767551,51,0.4960510677560946,0.5543726280619554,0.0025954678417702656,-8.94545750939504,-0.9098466582354485,-0.011795911495556428,0.49622808337406793,0.5542299951853643,0.002731958811602377,286.0411898349756,0.05128362578098866
1.61,39252.0,0.01977786040963124,-8.965119761453506,-0.47046527371142927,0.12567794870376006,51,0.49768149441084863,0.5526390349116286,0.004573696484275468,-8.949347890479594,-0.2933973954869393,-0.0931835506316236,0.49777270719049294,0.5525502968641837,0.004556112236293589,286.0411898349756,0.0611013159744177
1.66,38172.0,0.010679214615830756,-9.053891103599357,-0.2520773701273611,-0.0784301395900188,51,0.5001158651336087,0.5501918747880623,0.010629833166219443,-9.035481381975062,-0.06703935210465348,-0.24498941805295993,0.49983734811840946,0.5506839420352775,0.009485693379235766,286.0411898349756,0.07096264550101083
1.71,37976.0,0.007907255822260418,-9.06065164804107,-0.49347489453104515,0.9831390242915246,51,0.501325274266602,0.5481950969849678,0.013951911708274816,-9.054565593006476,-0.46599484068470887,0.7315636605630806,0.5016004580904108,0.5479002173140153,0.014486760213974282,286.0411898349756,0.080766575902944
1.761,38267.0,0.006995684726846089,-9.115863216222525,-0.5987324664118436,1.0693388650455868,51,0.5023652580707217,0.5450836659830486,0.019018101884517212,-9.102944586319722,-0.5227185704845717,1.1002957226703516,0.5023958537110237,0.5446539635835069,0.01899462581404867,286.0411898349756,0.09080962265652859
1.811,38401.0,0.007240697943177778,-9.116814331844816,-0.9556785514407846,0.4999171821798838,51,0.5040750991755396,0.5456152753981945,0.02162027545673514,-9.105281812345092,-0.8561237095153195,0.5930243852994489,0.5043241758171542,0.5456102772398186,0.022001979420603026,286.0411898349756,0.10070223170681192
1.861,38754.0,0.006885462948735504,-9.086404751386883,-0.8611363294021874,0.514425770730694,51,0.5120128636614552,0.5458022161547836,0.024783620025693315,-9.09221655400324,-0.8854233805634131,0.4791538025172553,0.5116480411081579,0.5454608626745316,0.024763777914361376,286.0411898349756,0.11052948175585708
1.911,39135.0,0.008600933265627076,-9.078746841108014,-0.5985311007017748,0.6325895157250067,51,0.5184553650907928,0.5485371105107388,0.026306288908940392,-9.083881165563573,-0.5934521804818971,0.6251629016030377,0.5196972303190914,0.5489965160272137,0.026566156434441573,286.0411898349756,0.12172879086367638
1.962,39793.0,0.005950178802230085,-9.154129928670931,-1.1342402631654667,0.9441098881881986,51,0.52716336652836,0.553716751426708,0.026855366035601746,-9.131839217965062,-0.998832972413586,0.864798761583568,0.5274945204022862,0.5537793376322525,0.02697975245234381,284.9895980793587,0.13156836071959088
2.012,40463.0,0.010314811481762722,-9.018343749619067,-0.7359184645155735,0.532690859372699,51,0.5325825096978015,0.5540768537660092,0.026138878617620293,-9.061024818428992,-0.8659514497013833,0.7782985340270482,0.5336524730319298,0.5544305567045118,0.02612889320288288,284.9895980793587,0.14138497092709656
2.062,41393.0,-0.0012952416121477224,-8.80820250854179,-4.465905743992139,1.829628134836692,51,0.5417812877861627,0.5572009852984388,0.023118479685001574,-8.897470922142164,-1.2672087162444232,0.5467219967427334,0.542072537605303,0.5572314920742432,0.023313194414418446,284.9895980793587,0.1512418205199504
2.112,41922.0,-0.012780652852603186,-7.6651632432593715,-5.576324748958012,2.478106449165572,51,0.5459769076191918,0.5592585991474538,0.02080300451954194,-8.024579336551554,-5.606985263585334,2.572741113129878,0.5471848965998765,0.5598593577043462,0.020545484295958278,284.9895980793587,0.16106051069554883
2.163,41737.0,0.0018952255530357168,-7.153315930326561,-3.320638624713027,1.4685196369692335,51,0.5488748187450433,0.5614064826066375,0.018712410036124654,-7.367768720427972,-4.186598215308605,1.9251077811142188,0.5491697916086408,0.5616274770651369,0.01870229490957598,284.9895980793587,0.17095303974353337
2.213,41824.0,0.003493439891536715,-6.886100619502998,-0.9667745534046432,0.3219174723714722,51,0.5490935046396702,0.5624737521425812,0.017763017905407262,-7.025723890733917,-1.4042113045632243,0.7135564587115656,0.5494396351264468,0.5628310091608141,0.01775115389883827,284.9895980793587,0.18079568955407554
2.263,41623.0,0.006093940316290173,-6.919808170953395,-1.0335223295819222,0.42474480952343063,51,0.5473453574454691,0.562905144237639,0.017957217955651052,-6.885046870005176,-1.047025371243594,0.29004034932522343,0.5470731055746414,0.5628215017843173,0.018014695607802684,284.9895980793587,0.1920640376102637
2.313,41323.0,0.005253926791440219,-7.027696681203385,-0.8313139865132132,0.948962689438087,51,0.5490537457964141,0.5638250794647781,0.01930924708152304,-6.990645266653268,-0.889221659684835,0.8579636939442632,0.5493291630719263,0.5640294225486091,0.019606074256500454,284.9895980793587,0.20185696818068521
2.364,41018.0,0.00830022195549679,-7.244390984494609,-0.8790769169805327,-0.07379992922307299,51,0.5494395006434216,0.5644239205164078,0.022104272952643,-7.137991278102877,-0.8078470893874581,0.3209409748458586,0.5495894155743963,0.5644113788723063,0.02231427017812255,284.9895980793587,0.2117486172426727
2.414,41130.0,0.007792913232651909,-7.548522418910523,-0.910199845165826,0.1735199172107181,51,0.5496299242050985,0.5635968008737646,0.02433343403322729,-7.426955003162833,-0.8883955458594628,-0.11417011863279303,0.549747858701095,0.5635577975782785,0.024862702910071605,284.9895980793587,0.22167174582682148
2.464,40752.0,0.01317338026793627,-7.775017692823754,-0.7035796547244493,0.41293416895716406,51,0.5504132006985964,0.5621552134179293,0.029166098619996736,-7.710326524020395,-0.7266380992269638,0.14235602929301677,0.550449654845702,0.5620555428586663,0.02946555930076591,284.9895980793587,0.23145479654552825
2.515,40506.0,0.017535781361970967,-7.944636691421978,-0.8886560902676067,-0.1135995911782523,51,0.5530687982770982,0.5595284865221574,0.035342586924667886,-7.8872354027282325,-0.8044694404376648,-0.13908773010149003,0.5523934450737913,0.5604537491272732,0.03393812713709209,285.79594151846453,0.24129812634650671
2.565,40407.0,0.010297964880255674,-8.01596069430523,-0.8942222133436192,-0.2360755321746941,51,0.5561106508709722,0.5561836696022225,0.03947123747435785,-8.003355286104513,-0.8491733446204708,-0.32828251763567384,0.5563780340779191,0.5558692785907136,0.03990341162198127,285.79594151846453,0.2511913353863827
2.615,40532.0,0.017587129914386972,-8.018469127809356,-0.6519247305315212,0.6951374489348584,51,0.5601827831562433,0.5533464725489081,0.04556015370401697,-8.022694886190207,-0.7953123976737486,0.3175640120181701,0.5600927328540569,0.553201081603392,0.04441152091744912,285.79594151846453,0.2610907843319922
2.666,40757.0,0.008427140526486507,-8.120344361161465,-0.3240074244416798,0.6835692061095905,51,0.5622372264213408,0.5528986153755895,0.049214865521688696,-8.092559864492403,-0.4576729240261936,0.7847676366607301,0.5626001705674518,0.5527916935266187,0.04987751338380565,285.79594151846453,0.27240169173687623
2.716,41616.0,0.009445266962049587,-8.311230753015577,-0.6798481110663547,0.38870345127236533,51,0.5683769534654031,0.5499631374147066,0.053798247394074926,-8.238970717048156,-0.41928365997282835,0.4106913907636271,0.5675361331115637,0.5502750057311327,0.053440311650272104,285.79594151846453,0.28226466123638083
2.767,41817.0,0.018515139960012934,-8.34338647589825,-0.606859097564115,0.415829784068942,51,0.5729178487621578,0.55233570764089,0.05642982002983325,-8.333528073708493,-0.5392659422958975,0.36763019751439313,0.5736049611896898,0.5523605108380115,0.056951083603452364,285.79594151846453,0.292072391581617
2.817,42256.0,0.02094632569816763,-8.286421794996043,-0.2808374526862837,0.6584443413825946,51,0.5787458544938642,0.5546329471507226,0.060236213423074746,-8.31057638216878,-0.26583494318847284,0.6892861128715109,0.5786341402369135,0.5551759740638693,0.06007729090141501,285.79594151846453,0.3019832803510091
2.867,42299.0,0.0110455449796112,-8.174231961389584,-0.27711753954276536,0.6034466823225542,51,0.5823099424012089,0.5544489897430765,0.06265320966449532,-8.1938420499358,-0.10630950508777429,0.659288805119764,0.5829530951088053,0.554565884625906,0.06326355091912995,285.79594151846453,0.311916448781284
2.918,43188.0,0.012364856597262473,-8.151286763282512,-0.48471645499522026,0.3630817025744032,51,0.5839797557845833,0.5539511622505505,0.06468315826275857,-8.14783653458891,-0.32300386262337766,0.432774049454777,0.5845522591253748,0.5541563180538369,0.06489445154360575,285.79594151846453,0.3217511387137928
2.968,44140.0,0.01344403501163583,-8.169382286620417,-0.3336279794553219,0.6615727744359188,51,0.5848071984538855,0.5534802006428398,0.06489854558525936,-8.171015438474745,-0.5346991401448964,0.5601317327534632,0.5850151565036029,0.5534695287737915,0.06534143862804397,285.79594151846453,0.3329964071210343
3.018,44958.0,0.013860333653616391,-8.09874341203111,0.19135638251964182,0.7933661592629779,51,0.5890127041749237,0.5532826339552852,0.06435417752421718,-8.131463093374423,0.11193102010267492,0.7258485816821637,0.5887830364625144,0.5530311151271317,0.06479382339864971,285.75510797668204,0.3427641780729612
3.069,45932.0,0.022098203089320693,-7.950641220137721,-0.5965981428135092,0.37532607154676545,51,0.5925599454243983,0.5535590910288577,0.06288171832990572,-7.981581792259034,-0.38145393864595223,0.45037180856486125,0.593160039431974,0.5536728023174499,0.0632016393459344,285.75510797668204,0.3525778683260713
3.119,46717.0,0.013066817982289767,-7.5805201610533475,-0.694528944711946,0.6416221287451361,51,0.597886506498859,0.5532368015522579,0.05949208765472991,-7.667838745683099,-0.7202292599835334,0.522122870491659,0.5980032524982251,0.5533440290466791,0.060065865862819964,285.75510797668204,0.3624558775985559
3.169,47666.0,0.012266315025959382,-7.138667846796461,-0.6337695707472699,0.5465233960612953,51,0.6037731062473378,0.5509391660538098,0.05705474808533417,-7.238044934626558,-0.5308722177494952,0.5622573365921184,0.6047722285854348,0.5507278395114699,0.05719991537164066,285.75510797668204,0.37226180797064856
3.22,47973.0,0.0076119656039080365,-6.776491511376913,-0.8202930619714053,0.6971885926836393,51,0.612325291831245,0.5515302558924351,0.053816602939907365,-6.8633338191964635,-0.8144960676965807,0.6057160720674415,0.6127551813870086,0.5513617291479695,0.05432253177123621,285.75510797668204,0.3822253759386166
3.27,48398.0,0.008025558707577983,-6.657954631150537,-0.6429982328371714,0.7963574155144943,51,0.6182462835169269,0.5525683759827191,0.05238195746126524,-6.674903293280739,-0.7040503811425579,0.7483305336830882,0.6190973993191041,0.5527400060931003,0.05272647185742467,285.75510797668204,0.39207298567049775
3.32,48251.0,0.011082268917118276,-6.537671075320295,-0.8297675694604674,0.7899652193064765,51,0.6279533970950029,0.5499700041440084,0.05217657075447328,-6.579155510863987,-0.9733733269066269,0.7287566207150152,0.6281699980043026,0.5499585901584788,0.05264080722804869,285.75510797668204,0.40326233492866903
3.37,47987.0,0.009600936987764454,-6.486116295285357,-0.7916864226561697,0.36938531090587373,51,0.6323507494805335,0.5482046915531288,0.053616424275660386,-6.493122520117301,-1.0095401261943444,0.3993740032814525,0.6333923603982484,0.5480303341232821,0.0544467230520593,285.75510797668204,0.4130580254576196
3.42,47854.0,0.009955908546029306,-6.578012152271269,-0.8131503156733157,0.2137091585137192,51,0.6392770363709429,0.5453857831678632,0.05727611352218565,-6.556285696950808,-0.9582524660391667,0.12763232989499265,0.6391220489180288,0.5453571147168015,0.05769670413320589,285.75510797668204,0.4229116751011286
3.471,47621.0,0.01040133439223622,-6.916071439857876,-1.1337207108545735,0.27304650631262817,51,0.6458197986998901,0.545715351121592,0.06084483057273143,-6.843282770530476,-1.2231291205231032,0.12678987979078873,0.6470923390932258,0.545720837593653,0.0621136733779272,285.75510797668204,0.43271776547054297
3.521,47187.0,0.011004260738008968,-7.505163458045419,-0.9296207813962211,0.32766925683085163,51,0.6554840865359889,0.5489352421567821,0.06925536050126539,-7.291617934183568,-1.164385508187892,0.2577187913621636,0.655575227998782,0.5483362963964599,0.06938589240099531,285.75510797668204,0.44273013269003003
3.571,45763.0,0.008542880742307288,-8.110625567250917,-0.8782776018335698,0.5645446199810963,51,0.6632371456791801,0.5531646676242047,0.07718551792398233,-7.847479555790956,-0.9085933915739997,0.3995526367319225,0.6646881539742684,0.5539334124656665,0.07904514335187635,285.91851338332935,0.4525375030380182
3.622,45065.0,0.012276731695308182,-8.699773825442167,-0.6854648699785313,0.5939079465551973,51,0.6748576882525841,0.5620942066138689,0.09133448681907884,-8.50765964026494,-0.7498895756551681,0.6008424029967423,0.6757380899837817,0.5626250330205597,0.09257707497104893,285.91851338332935,0.46378205145658435
3.672,44937.0,0.014690295103303936,-9.20694763345207,-0.6502637662031722,0.47152937248073923,51,0.688166415156893,0.5740266053691431,0.10857132255540816,-9.032295794162406,-0.6889849930232738,0.5084083834833634,0.6851721133485473,0.5714082050327427,0.10478027809386073,285.91851338332935,0.4736537408268574
3.723,42755.0,0.013498272094005836,-9.72939754170285,-0.7530577486484441,0.4832172254000613,51,0.6988725718044945,0.5844735118880584,0.12221840926879302,-9.518855726998815,-0.7871433649451771,0.4454851577646657,0.6998224107560257,0.5851843895931317,0.1236778734590071,285.91851338332935,0.4835423499353666
3.773,42879.0,0.009258101936028905,-10.199019182304855,-0.8305146162088829,0.48350048431166154,51,0.7075064922016382,0.6019966331126847,0.1431081972287133,-10.043367125298378,-0.9444622020543323,0.43943011336250853,0.707305984906794,0.5983833026654052,0.13892182034791198,285.91851338332935,0.49362367610528923
3.823,42494.0,0.007664266020778041,-10.621862040666887,-0.9447522795759379,0.3549737920484511,51,0.707169938678245,0.6133056627479265,0.15670233792319954,-10.476553769904688,-0.9443652460227377,0.37641685491389765,0.7078167105635171,0.614694847495231,0.1583390901864004,285.91851338332935,0.5034227265823615
3.874,42161.0,0.01132264715108952,-10.998700523528793,-0.6078651657046215,0.41559676690363134,51,0.7056593794009361,0.6299218640047071,0.17772928799211818,-10.877925591823626,-0.6881720122460696,0.3571207644393363,0.705994449291011,0.6279524184225146,0.17635371388797766,285.91851338332935,0.5132933359652561
3.924,42086.0,0.012851457678496176,-11.357907674974362,-0.3965188106033196,0.4444873598520668,51,0.7018483699749226,0.6433491323389827,0.1913871406189661,-11.24478665568125,-0.4344105412057696,0.38620398682224366,0.7017351233454105,0.6447556643083114,0.192960635141688,285.91851338332935,0.523074106717399
3.974,41466.0,0.01291283705642212,-11.6098040941188,-0.44047139313719463,0.33383648817978423,51,0.6941891672370002,0.6599720760853576,0.21241314342802922,-11.529186784478659,-0.416281220415632,0.35675295320166434,0.6969049096370306,0.6572776996113662,0.20847916166931627,285.91851338332935,0.5330585543642279
4.024,41631.0,0.00981083607697572,-11.82683157342049,-0.6300474218178431,0.3906433339065982,51,0.687933712577929,0.6693557766791379,0.22520330443454678,-11.769222003837337,-0.6408789386977533,0.42864858684871815,0.6869676839562011,0.6709463413266821,0.2274733191357394,285.91851338332935,0.5443406222107625
4.075,43399.0,0.009352324424309468,-12.014184364104501,-0.7287426880762565,0.3931981137401886,51,0.6770412582273727,0.6835064028395487,0.24215952337187568,-11.961148005207075,-0.7506630682994204,0.4620353419646284,0.6783310454716022,0.6830642390658643,0.2413190859403596,280.29262567368585,0.5541825120343903
4.125,42556.0,0.023592427045997684,-12.193471243725284,-0.8480257530380055,0.3732922608316475,51,0.6700657317561705,0.6906178582503967,0.2534079931994947,-12.138529827570252,-0.8372944008308665,0.4706078640549753,0.6693472798750881,0.6916304163201429,0.2547564329876956,280.29262567368585,0.56416667968627
4.175,43474.0,0.014885276173139473,-12.302563087688585,-0.6250110245273169,0.43684079808126,51,0.6588746793477976,0.7009832030664257,0.26854470642440953,-12.27705318780826,-0.6642580368835964,0.49506603810447014,0.659720734175157,0.6999506521193869,0.2678951382370668,280.29262567368585,0.57395377034499
4.226,42492.0,0.010616258360356692,-12.351180016906586,-0.5666912352686249,0.3823193457226295,51,0.6513820156281284,0.7104377228608423,0.27865044576225045,-12.340466745746495,-0.5133300578894406,0.40528951134148333,0.6499461248716565,0.7121513310364669,0.28085216952203107,280.29262567368585,0.5839481778385566
4.276,43082.0,0.011785141350224371,-12.36396904531493,-0.5312837536251468,0.26283780252695516,51,0.6420462142488742,0.726431270127517,0.2951334470387299,-12.35356686284655,-0.3848360214435681,0.2944506227049716,0.6423952498273093,0.7253698764669501,0.2940090679159444,280.29262567368585,0.5937414684033158
4.326,37009.0,0.01721222737868749,-12.33513590058637,-0.23783089580611977,0.10107661334992958,51,0.6387720840669397,0.7366439260496348,0.3171396140326642,-12.337948489291664,-0.09362280800638129,0.1347211023484368,0.6378530104136895,0.7381624475996336,0.3196893760536014,280.29262567368585,0.6035938380638854
4.376,41557.0,0.013838575383982766,-12.309317911744161,-0.08848577380935695,0.1727988763670929,51,0.6326519447235018,0.7496885213527146,0.33303993195735226,-12.304724179260997,0.12019962950179483,0.13648582266786063,0.6328261532538506,0.7503544684290698,0.33483217949052607,280.29262567368585,0.6148213467436776
4.427,44688.0,0.014631807926913034,-12.309725455555737,-0.12875676886888215,0.03869687743055565,51,0.6285917501875498,0.7536709732282337,0.3379387194119676,-12.306426211619067,-0.01131519477737725,0.03961454753984418,0.627994187753024,0.7546309686352999,0.3392584328424085,280.29262567368585,0.6246769963573461
4.477,45597.0,0.012911972855761731,-12.240517373154594,-0.4317775345034849,0.13411941647759096,51,0.6228133722970566,0.7631358420792939,0.34362743097932325,-12.25507657705208,-0.3110493211121047,0.10809754704197296,0.6227817444914823,0.7634309525838747,0.3443647855696515,280.29262567368585,0.6345759653095352
4.527,46460.0,0.013936687537811531,-12.18706923811311,-0.8366967367664421,0.17290776138523084,51,0.6185073569595931,0.767649496351869,0.34648381308755666,-12.196228800909813,-0.7298036407519445,0.18623332168985782,0.6179580717023436,0.7685394960383465,0.34746102342373025,280.29262567368585,0.644519613576752
4.578,47144.0,0.009909089632170867,-12.173283968952687,-0.8879998393520664,0.08493201497713232,51,0.6124789491436538,0.7686716694059327,0.3503531131164264,-12.172755332094884,-0.8692233051694871,0.12307580269610809,0.612649497419273,0.7692246433941552,0.3509654988284784,280.29262567368585,0.6544657818086981
4.628,47007.0,0.01150763314213334,-12.211136644391287,-0.8409717934049115,0.07206934522582804,51,0.60916401384934,0.7684253039585083,0.35351926409419576,-12.201783351041483,-0.8266726462155782,0.13535600612662285,0.6085739049831079,0.7684367767224265,0.3546210984211796,278.854465880262,0.664300711737917
4.679,47939.0,0.009608220211667455,-12.264803407231591,-0.9403572561918271,0.32413457464766005,51,0.6020835059545511,0.7702215039196447,0.3571948484677255,-12.243803155019021,-0.9803711682144112,0.33921613006007206,0.602327422492734,0.7701054378052599,0.3577844820168063,278.854465880262,0.674157201334978
4.729,48276.0,0.02018112204358205,-12.262854760039914,-0.8627167136775984,0.47734042688026007,51,0.5977494840649862,0.7730590760442462,0.3592711149625884,-12.264626430168502,-0.862384167095985,0.5338226573563465,0.5970217162084989,0.773369788585655,0.36019137066534856,278.854465880262,0.684040210529951
4.779,45153.0,0.008041156024000748,-12.29416133290651,-0.7443249689181619,0.5332322174660329,51,0.5900213847072445,0.7782548852987393,0.3744786574858949,-12.272514916672579,-0.7783283078871045,0.5958379643891145,0.5898101447239098,0.7783697789019902,0.3750162479377669,278.854465880262,0.6941100568749416
4.83,45171.0,0.013569205098024971,-12.381581520836068,-0.7611343712929514,0.2960423004605467,51,0.5847272686088487,0.7810807194004021,0.3832091585159464,-12.357602035088103,-0.7345765065485815,0.37475385708127873,0.5838353087934911,0.7817203747764625,0.3853965854193332,278.854465880262,0.7053889247692211
4.88,45525.0,0.02129312507774121,-12.462484177848236,-0.8155942916379272,0.06064278143933748,51,0.5816427006603778,0.7835853854606806,0.3951004763902079,-12.435322743210637,-0.8099002961092266,0.09280856134934842,0.5814596563805112,0.7835990555543431,0.39565335315517297,278.854465880262,0.715244054389775
4.93,46153.0,0.01139532750276076,-12.523812659060109,-0.6296932110033023,0.1855687578620047,51,0.5789800455038284,0.7863124231648969,0.40465411526378703,-12.496109486251532,-0.6750541318955608,0.15866453346549353,0.5793871685939713,0.7857945483181122,0.4034325002240246,278.854465880262,0.7250800243052231
4.981,46431.0,0.012904512695857212,-12.580076493687327,-0.7189979282644722,0.16732498083263422,51,0.5796014173574898,0.7859642313060318,0.41026446172299114,-12.560207586296796,-0.6660907671195323,0.14051299687496224,0.5795969889177476,0.7861210463710541,0.4117247954530723,278.854465880262,0.7349219541300003
5.031,47072.0,0.012310692495905419,-12.608126752433234,-0.6725283393949812,0.3321930322406807,51,0.581274927833708,0.7901931521054383,0.41617422890210376,-12.601292289963737,-0.684137416939923,0.24376008937641414,0.5815725019177578,0.7908005933272202,0.4178299950168394,278.854465880262,0.7450090802119302
5.081,47346.0,0.012586060335901927,-12.653599475149306,-0.6500947634687063,0.29954234809196134,51,0.5806559621827775,0.7950476603404296,0.42417470037576793,-12.636512726825673,-0.6019161809258584,0.3194549090468382,0.5807839632315919,0.7955894387516366,0.4253693141417707,278.854465880262,0.7549006092777454
5.132,47570.0,0.0086496869543458,-12.730602133270647,-0.6687091586927661,0.36196719279370554,51,0.5806938728645262,0.7943572719103945,0.43255777320280286,-12.705679261108829,-0.6553797317110187,0.35594933191073974,0.5805998813974378,0.7946254431669362,0.4312591324413562,274.05519462002667,0.7647690986943081
5.182,47596.0,0.017008408116468032,-12.793182202422464,-0.6028751291917942,0.18608193320829405,51,0.5820297020239213,0.7939944981801746,0.4381569883516892,-12.761218171487322,-0.5964060648770334,0.23380574893237577,0.5822893853298501,0.7940737455285048,0.43937447631933674,274.05519462002667,0.7745952287548253
5.232,47703.0,0.013076962340541853,-12.894688598701507,-0.60351570350462,0.23671571118329118,51,0.580808884630556,0.7917520338677868,0.4488551048922052,-12.856708363400992,-0.6105978238849002,0.22792761662461164,0.5809172942887816,0.7924710251289806,0.44856750946957086,274.05519462002667,0.7859967347744651
5.283,46046.0,0.009790640086033624,-13.01825937147949,-0.7705607979481924,0.2389209426765498,51,0.579950766695317,0.7900846186995013,0.45786891362431464,-12.978442253916533,-0.7236643688162082,0.22359238790191102,0.5799018593631923,0.7898555601288129,0.45965096908281355,274.05519462002667,0.7958569443168958
5.333,46204.0,0.011074749994539352,-13.173190029470321,-0.7359885816235422,0.2922466278132118,51,0.5792591082277795,0.7900756735502924,0.47341116501122826,-13.122676954998845,-0.8342598581762787,0.2507964372245545,0.5793046688152327,0.7899867468336362,0.4723585865491145,274.05519462002667,0.8057511133436125
5.383,44156.0,0.008597917358845021,-13.287108083277152,-0.8359138282365952,0.195440089610228,51,0.578198862933221,0.7911454862579995,0.4864572413383812,-13.259609578915727,-0.9443315249746883,0.1824017147522489,0.5782301361635372,0.7911861518059414,0.4877920404630566,274.05519462002667,0.8156662420485785
5.433,44006.0,0.008593861523953703,-13.383935045153464,-1.1422572631122916,0.07680373056366466,51,0.5762549394628791,0.7914856167281978,0.5078652408922489,-13.353960178960707,-1.200193678670739,0.056125104557524876,0.5761826491106671,0.7914323093923652,0.5063452970999192,274.05519462002667,0.8254726924123306
5.484,42895.0,0.007660679121598879,-13.48237831814436,-1.036905109487312,0.14068691195161673,51,0.5776537509744933,0.7924911170442414,0.5210633570576033,-13.456752580867754,-1.1486079750729217,0.10681845705437679,0.5777559353849424,0.7926123854731474,0.5234472281460386,274.05519462002667,0.835367661427111
5.534,43630.0,0.010298377358550846,-13.572209642318668,-0.8126059889596392,0.25170325534010995,51,0.5774157897189304,0.791365794572736,0.5412967369031425,-13.553641907245707,-0.8968180722526785,0.236223775021009,0.5779286426505361,0.7917486396687928,0.5401225579491272,274.05519462002667,0.8451765917544429
5.584,42796.0,0.011293774755147944,-13.59134776737238,-0.6475617448423018,0.3538954780316785,51,0.577197665125086,0.7885152053478028,0.5544351846798729,-13.591502228615616,-0.6595949570221087,0.32322342070951415,0.5772078300482425,0.7882100080840996,0.5571865364559262,274.05519462002667,0.8564348999630498
5.634,43161.0,0.011510149993056305,-13.599237517470298,-0.5184181603896395,0.19145997456087988,51,0.5762652648442401,0.7843877278951561,0.5738430099625397,-13.595507249323541,-0.5059952914644854,0.20957170514602744,0.5768647010844428,0.7842953970584652,0.5729178920747392,274.05519462002667,0.866323309074543
5.685,42603.0,0.016795758284488718,-13.585620542516986,-0.4505159196340853,0.2779490292481817,51,0.5737553610813211,0.7830930415143836,0.5862165740953021,-13.589121472069124,-0.44967502712474966,0.2423187823784193,0.573527639314617,0.782826730547211,0.5884525315236729,284.6164793082213,0.8762060382731116
5.735,43929.0,0.017659850522530152,-13.558458045410514,-0.4205292264659351,0.2209428064159367,51,0.572161804606072,0.7787789743365093,0.6034130361414286,-13.569481033656457,-0.4175755298176275,0.2080815276623713,0.5718028892021118,0.7786132204881511,0.6027752892047218,284.6164793082213,0.8860243284546782
5.785,43743.0,0.012089973465691068,-13.536244261766958,-0.49505353105711386,0.21366017386071628,51,0.5721559973894563,0.7796531611587162,0.6132854766851036,-13.54058014160249,-0.47577590381250207,0.2186679431446803,0.5721501255779547,0.7795683999947268,0.6152404179652761,284.6164793082213,0.8959665767442385
5.835,44317.0,0.01240659672241575,-13.480381470070009,-0.39682350030732105,0.31820325593676585,51,0.5693702100242571,0.7758354182835534,0.6284285727163191,-13.499362836067354,-0.4526666274317288,0.27930269166855914,0.5693531354214421,0.7762930588279959,0.6289052657352839,284.6164793082213,0.9058650257047682
5.886,43654.0,0.014436964267706442,-13.423419087157617,-0.5096512518916816,0.21286277400009593,51,0.5687284265131011,0.7739595625158261,0.6383470698207832,-13.437914172926812,-0.5277456160223765,0.23674348329575648,0.5685486889187953,0.773544184096813,0.6401765048212595,284.6164793082213,0.915746074929276
5.936,44465.0,0.015078118164947966,-13.386663580008921,-0.7100498688265797,0.24526648587106956,51,0.5662360329287927,0.7722515536703117,0.6523093604452643,-13.39885694603719,-0.7417535267092216,0.23984901031650935,0.5664971533855605,0.772023290995036,0.6519625657067029,284.6164793082213,0.9255956846356821
5.986,44770.0,0.009350526498213193,-13.323869263234732,-0.7445980089462036,0.25035328687878405,51,0.5634369984382708,0.7723611747919589,0.6601255861842347,-13.347127520269465,-0.815935005511459,0.2530720736434132,0.5630952609580786,0.7723972722812243,0.661972935874727,284.6164793082213,0.9368570327977672
6.036,44880.0,0.013420711985698304,-13.250748658300365,-0.8153396665206556,0.2712549718971515,51,0.5609399398573376,0.7740739186918654,0.671796375515857,-13.274220791663575,-0.893199486990475,0.29891107482486184,0.5609210519730795,0.7738921314200173,0.6723083806735127,284.6164793082213,0.9467168423476212
6.086,45484.0,0.00890578266932684,-13.146928757127645,-0.8499717337218434,0.2115617522010164,51,0.5584662581498427,0.7776094816547175,0.6780877507671639,-13.170356431207656,-0.8874628269803216,0.24313280183239347,0.5581432696886492,0.7781971784535925,0.6798261362968449,284.6164793082213,0.9565356925205414
6.137,46223.0,0.009641721428089051,-13.078399283208451,-0.7311235542825337,0.3260485352006733,51,0.5537436519742729,0.780031674195746,0.6854793227515307,-13.109949134518976,-0.7819833829208033,0.2957613194296088,0.5538914343455822,0.7807401872306724,0.6861831652178917,284.6164793082213,0.9664614210658975
6.187,46774.0,0.011336711422006294,-13.002614532285072,-0.7201729794309767,0.3164410397683573,51,0.5517546368000035,0.78145597334229,0.6900288016323729,-13.025317773261552,-0.7503753149554486,0.3540304720163051,0.5513633591697303,0.781738110230631,0.6915053247904088,284.11512346881153,0.9762880311183799
6.238,47358.0,0.008546796643010963,-12.872576970887085,-0.7685831956120862,0.3379604876305323,51,0.5450329498611969,0.7833509280388236,0.6975192235896044,-12.921899919153988,-0.8207080954989325,0.38110089815661946,0.5452111874060835,0.7838303513766084,0.6979509097251168,284.11512346881153,0.9861434407353382
6.288,46467.0,0.010929493455709892,-12.788193180810282,-0.7421597490466351,0.4437423367318598,51,0.5396505937606043,0.7821461299258378,0.7032643772673747,-12.826283247997841,-0.8044984380616476,0.4602908379212435,0.5388305595187282,0.7820957879945257,0.7048343056996397,284.11512346881153,0.9959584909678657
6.338,47578.0,0.02087531716675039,-12.654226315850142,-0.8296501644183961,0.3936931557885418,51,0.5342078889632493,0.7814699681702001,0.710526040263131,-12.711729206736708,-0.8669904320342307,0.5017899693410977,0.5343538108980174,0.781243342638419,0.711142100093937,284.11512346881153,1.007209879283213
6.389,47811.0,0.01202126623168961,-12.538002595015113,-0.7750031440252699,0.4798310126976015,51,0.5284255647253867,0.7825673577856221,0.7149867580563272,-12.58977112933157,-0.8887935973740982,0.5436679031946234,0.5274955646878806,0.7827874470445835,0.7164810831821088,284.11512346881153,1.0170773687146955
6.439,47000.0,0.021112176255509516,-12.416042837961088,-0.8270870928255568,0.4242549550287043,51,0.5200840910682281,0.7844648381676691,0.723180181674864,-12.472167475020365,-0.8363283374163839,0.45692700505227124,0.5193989261297335,0.784726055801076,0.7242676305052109,284.11512346881153,1.0269273784136783
6.489,46984.0,0.00928553568478196,-12.378934529242139,-0.9081159653355658,0.4570837932878508,51,0.5138084353711371,0.7832515338499945,0.7334693412124632,-12.396722538454995,-0.9102332484354714,0.5040066988718767,0.5152633278216333,0.7834716008051839,0.7317365932279183,284.11512346881153,1.036864546781362
6.54,46851.0,0.013755350584997545,-12.342753995073977,-0.9184440830976374,0.48353927289993154,51,0.5075670081105673,0.7838771645573985,0.7400470046957197,-12.355454905605866,-0.9689523920652269,0.5356580663956941,0.5071259611229625,0.7839528714634271,0.7412792877164822,284.11512346881153,1.0467590758009613
6.59,46868.0,0.013933185476528387,-12.279581256364459,-0.9640637814580856,0.3843320681283804,51,0.4985077178953414,0.7835097743414798,0.7508516279376222,-12.297514245426672,-1.0162445722653812,0.4703739462141502,0.5005088869219957,0.7838223906980711,0.7490327395645381,284.11512346881153,1.056603885581895
6.64,46229.0,0.008430303476115964,-12.234817861244327,-0.9404468283705756,0.2994423433923757,51,0.49372031260874033,0.7829660847734493,0.7594652554736463,-12.25226043133391,-0.9661021099926297,0.3717477610246911,0.4931279690663252,0.7829551504028335,0.7607267800996159,284.11512346881153,1.0664185758186295
6.691,46231.0,0.009703408823504511,-12.223530392636007,-0.9068264881975648,0.2515180055257653,51,0.48398412559113524,0.784885792916819,0.7736883733331373,-12.224277814310522,-0.9256782382136612,0.24386215982851317,0.4848346802173407,0.7846466741849888,0.7730712683206191,284.11512346881153,1.0777889623162662
6.741,44892.0,0.012276068848852734,-12.298791096750923,-0.8927040879075541,0.1587719381967115,51,0.4767566422866771,0.7847353934154729,0.7836454272928384,-12.275086522155258,-0.8762649703270962,0.19154720458709332,0.4757303090062796,0.784970172391151,0.7856350018787478,288.4754072963372,1.0876843313221682
6.791,45600.0,0.010377992147286066,-12.387710496506465,-0.8703289092590798,0.1621731111681385,51,0.4712473825633466,0.7856699074228303,0.799495813894564,-12.361048174191057,-0.8342043045992964,0.15897935841440938,0.4713150348730566,0.7851111089707495,0.7987005536160457,288.4754072963372,1.0976187397313226
6.841,45044.0,0.014872578510240122,-12.508297777458674,-0.8095156627867913,0.2866682488277981,51,0.4673230530378332,0.7878819697207385,0.8093959508880754,-12.46622752868134,-0.7976088189427067,0.20807017812931364,0.4669130201577309,0.7879776340493789,0.8108023283354963,288.4754072963372,1.1074523896805124
6.892,45332.0,0.011463521908087651,-12.588962768862402,-0.8837610320113743,0.26155537967030773,51,0.4613709562161511,0.7879757844461394,0.8254406668508403,-12.557299953159033,-0.8379228016232974,0.28545070196845684,0.46176508325309124,0.788597252266566,0.8244247940383264,288.4754072963372,1.117349638656036
6.942,43419.0,0.009709823730671524,-12.703966788020724,-0.8153149142444466,0.22247326068008358,51,0.4592088114592392,0.7876356503384264,0.8379896157143294,-12.670283304468184,-0.7909268368629394,0.22590607382887304,0.4587434974105889,0.78755255469305,0.8400918327000738,288.4754072963372,1.127277247169559
6.992,43664.0,0.010326769825875838,-12.807094457651745,-0.8248854020143309,0.2519948695041468,51,0.45450651280066046,0.7873753712397784,0.8578625339402153,-12.773143534046952,-0.8169577782480543,0.21958746857195896,0.45503712938895885,0.7875056038278994,0.8565930163631696,288.4754072963372,1.1371341367664725
7.043,42092.0,0.008442365185835543,-12.908975720613494,-0.8644137379435654,0.1726583948182961,51,0.4510021085524166,0.7856995636616462,0.8708681147712599,-12.879298427992257,-0.8423815093363629,0.23534106251843215,0.45046400108946344,0.7855835654928877,0.8732037092037983,288.4754072963372,1.1470128260279382
7.093,42108.0,0.009889870490632256,-12.94876161007224,-0.8178543447651868,0.3467603834291505,51,0.45092146298195496,0.7849575211525915,0.8907221192812215,-12.941779735214554,-0.7992615604679155,0.29790377570926946,0.45072966198452313,0.7845450189003315,0.8910333138686263,288.4754072963372,1.1582174550528896
7.143,42573.0,0.007735576965711299,-12.97522402047509,-0.8120627696260088,0.3775102150467216,51,0.45011812785732,0.7859551210385955,0.9029041867183345,-12.972290561880891,-0.8034672043930482,0.34068942707651895,0.45007127484355586,0.7860438463835907,0.9050407696875526,288.4754072963372,1.168073344661813
7.193,43652.0,0.008931108839146355,-12.97385658722188,-0.8684294146494298,0.3844905385308939,51,0.44978721136836053,0.7851970938884235,0.9200099834928417,-12.971319650183785,-0.8572545903456101,0.3216297191676584,0.449766851706683,0.785680869398371,0.919107643554573,288.4754072963372,1.177953993892289
7.244,43222.0,0.011524961984062776,-12.948496839612611,-0.9104160564368557,0.33498268305200446,51,0.45081164773353083,0.7845909039820151,0.9298519748275709,-12.95905644580232,-0.9017200316314017,0.3316616365064136,0.4509610260100913,0.7845265128784495,0.9317779829203803,288.4754072963372,1.1875159234390325
7.294,44051.0,0.008817771274054542,-12.931756718162028,-0.9419857193939026,0.3008757204878656,51,0.4515687712527033,0.7859206433197026,0.9442381022611547,-12.935800934958612,-0.9362789999618898,0.34407286802722153,0.45161532989439945,0.7861043412916676,0.9446083741867806,281.58702444978576,1.1916919665399275
7.344,43431.0,0.008777749420703793,-12.892720003128067,-0.9690614166067706,0.4051119645574007,51,0.4519615729886592,0.7836695561633152,0.9534323464404189,-12.907591323461713,-0.9336963338659575,0.44805552965582657,0.4521797835842044,0.7836650667546434,0.9551971970082069,281.58702444978576,1.1919276973743402
7.395,43856.0,0.009271336174899347,-12.878836022476715,-1.0016793787033753,0.44785716078133003,51,0.45592903196553614,0.7828548242968859,0.9662544053324789,-12.88187713789031,-0.9895288297861199,0.5125108439866961,0.456229703533819,0.7826993615021897,0.9669135428576044,281.58702444978576,1.1919276973743402
7.445,44496.0,0.00907783423428183,-12.85075049951543,-1.032483451269778,0.46267942240401433,51,0.4554918708897278,0.781711910304161,0.9735340358484587,-12.858396818356706,-0.9974632053897056,0.5396221218697022,0.4557053137075354,0.7816984471110282,0.9753071912386245,281.58702444978576,1.1919276973743402
7.495,44645.0,0.010003851780958839,-12.80552901895623,-0.9436111628135413,0.5944944114233501,51,0.4564236115295792,0.775936788080237,0.9837873250830194,-12.817321685076392,-0.9362886007014558,0.5594849834989609,0.45629838163308595,0.7759812257771399,0.9840094500037807,281.58702444978576,1.1919276973743402
7.545,44156.0,0.008499427845266971,-12.723386347084215,-0.8413930891713672,0.3711599945914601,51,0.45769784416408843,0.774401112518624,0.9914164549279735,-12.744205518058665,-0.8335449381061836,0.39245185291297896,0.45795922409016077,0.7739902121552612,0.9931726594946585,281.58702444978576,1.1919276973743402
7.596,44008.0,0.010513806174233604,-12.626463485747173,-0.9574958647200807,0.2360850587651391,51,0.45656302484627287,0.7719846393456753,1.0028189007030137,-12.65974905899227,-0.8954193079979625,0.3070079495122758,0.45662450950719946,0.7720254449813143,1.0033522038623515,281.58702444978576,1.1919276973743402
7.646,43615.0,0.008322821344325552,-12.549735632837487,-0.90329233496345,0.25025619364908486,51,0.45627762535175226,0.7700946691715578,1.0109928388813234,-12.5789075256322,-0.9105114934415148,0.29458585145559246,0.4562845667371656,0.7697850766901183,1.01289896621293,281.58702444978576,1.1919276973743402
7.697,43616.0,0.009213664563584297,-12.50217531359863,-0.8432650554488351,0.3666761028678872,51,0.45815292225118937,0.7691071222021679,1.0222631243968707,-12.52324343383851,-0.8376485812874088,0.3034507451588018,0.45822815603165457,0.7688629389608859,1.0234743905263564,281.58702444978576,1.1919276973743402
7.747,43929.0,0.026531478696584704,-12.469690073832744,-0.8517322581664196,0.3541301713337866,51,0.4580980750677138,0.7672932149217601,1.0293122089111926,-12.478088838547519,-0.8219793348767799,0.338180684719346,0.4582829498001491,0.7671828361007661,1.0309245976840649,281.58702444978576,1.1919276973743402
7.797,43361.0,0.009148282152544282,-12.433102298747661,-0.8246356899402951,0.2817367332102545,51,0.45719277733087227,0.7625918116773022,1.0404405497072156,-12.441921912188963,-0.8169777726701298,0.2565278665911748,0.45718317821004717,0.7623136065813111,1.0416074343141648,285.1683920184295,1.1919276973743402
7.848,44460.0,0.009890657601008922,-12.448807805275077,-0.8731056717303702,0.25189369894260977,51,0.4565116134673101,0.7600489953759496,1.0468173068163324,-12.43824795050675,-0.838444601135336,0.2494733618586617,0.4564836851088006,0.7596158629523236,1.0483983173402067,285.1683920184295,1.1919276973743402
7.898,44231.0,0.019991620241876683,-12.458001125672643,-0.8488204069066859,0.1814268420722707,51,0.45678169496608056,0.7548884894047052,1.0549894170944196,-12.44563793937136,-0.8252402254038137,0.1890663488031841,0.45688185564488776,0.7547200837389165,1.0560642367812973,285.1683920184295,1.1919276973743402
7.949,44895.0,0.009445752014679582,-12.514151019380225,-0.9974317839938759,0.1508502129116129,51,0.45789298891018687,0.7489074577176871,1.062353085439515,-12.490448411766076,-0.9450483261144462,0.1276096433437937,0.4580619254376137,0.7498682874504499,1.0613304942392636,285.1683920184295,1.1919276973743402
7.999,44740.0,0.007977011894536618,-12.60357464373955,-1.0166240802629594,0.06120818792202701,51,0.45764787410418545,0.7464504252148503,1.0666900263074601,-12.572956328215687,-1.0182439330502393,-0.03468209539679989,0.457674669345611,0.7461072219186069,1.067584154598926,285.1683920184295,1.1919276973743402
8.049,45402.0,0.009094776661352673,-12.688216163583402,-0.9978862929526967,0.05642564708821102,51,0.4569111419416686,0.7406292779044342,1.0714212457365402,-12.66646259846375,-1.0146115459697596,0.006491511369634607,0.45727391429769004,0.7414030659067098,1.071793977641909,285.1683920184295,1.1919276973743402
8.1,45699.0,0.012469751588205394,-12.759505829588884,-0.9642169171322954,0.2317835218330239,51,0.45993288189932874,0.7360414967935459,1.0745604878476598,-12.736981505608322,-0.9409794402051428,0.1595633352507218,0.4600331981496421,0.7354649788147808,1.07525950826106,285.1683920184295,1.1919276973743402
8.15,46084.0,0.007837840402557228,-12.850645012486904,-0.95025890275986,0.1433537597857941,51,0.4644315120594058,0.7307503922663878,1.0775766034851957,-12.819240100907857,-0.9275658132154061,0.1668345611496012,0.46396821527617493,0.7310711668079358,1.077977633336563,285.1683920184295,1.1919276973743402
8.2,46476.0,0.01269359315377917,-12.919454246045282,-0.9264693006480913,0.3034702803964454,51,0.46820144075946135,0.725052949826209,1.0791264953586903,-12.901796101038542,-0.8916593352138174,0.26817424791749234,0.4688115523167213,0.7244686020878226,1.0799302681369882,285.1683920184295,1.1919276973743402
8.251,46738.0,0.014211206334045932,-13.001627892689694,-0.9407671662588699,0.2794481004560783,51,0.4778550205113979,0.7191371317805327,1.0816586938857309,-12.965718079195018,-0.8972335902145252,0.271309690776388,0.47742752046204046,0.7191093347500593,1.0820142944205287,285.1683920184295,1.1919276973743402
8.301,46683.0,0.011634800256710754,-13.110439315996432,-0.8994378089057975,0.23676410987170482,51,0.48279264190629356,0.7168521756445628,1.0832077056123002,-13.068033447625194,-0.9082733727497154,0.2522472595018225,0.4837198051673261,0.7164031767015437,1.0839590771110674,285.1683920184295,1.1919276973743402
8.351,46973.0,0.00972576632126137,-13.188741121084101,-0.8346409249704666,0.21286958664707523,51,0.49092619987329905,0.7129584167689775,1.0855309047389883,-13.168250109067541,-0.8190294737702682,0.19907314927871655,0.48980967685363913,0.7138049538413579,1.0856662283479026,285.2009240858367,1.1919276973743402
8.402,46389.0,0.007510592401536616,-13.223243009902966,-0.9377574156639655,0.17803254654781422,51,0.49470408584852077,0.7105740789114501,1.087782871663914,-13.21482885412097,-0.9398678588260878,0.1817887833128206,0.4956833664842661,0.710129244195206,1.0886851171744023,285.2009240858367,1.1919276973743402
8.452,46176.0,0.009013263382837792,-13.30646093394511,-0.9928935578843228,0.19761393276027361,51,0.4984103930652409,0.7102097212564054,1.0924628348472945,-13.282184057277155,-1.026401729538314,0.19092941337400285,0.49860549323002856,0.7100703026176374,1.0930203148578788,285.2009240858367,1.1919276973743402
8.502,45861.0,0.017521805619535393,-13.434316613878526,-1.189174142092976,0.14115202084564527,51,0.5025169304337186,0.7119265340806468,1.0960253687421586,-13.39432285017228,-1.200972318794054,0.14945238452143672,0.5030587403812102,0.7120282431707745,1.0969998896155801,285.2009240858367,1.1919276973743402
8.553,45956.0,0.006225525806497498,-13.593887392241086,-1.1474077304266614,0.10875696296268161,51,0.5062999809715658,0.7185126551474885,1.1010134820721198,-13.55054144054107,-1.2015582599408101,0.12341480499099125,0.5065636453385807,0.7183911784345418,1.1015202372769537,285.2009240858367,1.1919276973743402
8.604,45328.0,0.007071855308091005,-13.744169746163987,-1.131397108883583,0.21141580077753103,51,0.5070664911961784,0.722248642074199,1.1054549023022455,-13.708233489501836,-1.1287499758076136,0.19926574278663559,0.5074428098281459,0.7230837229961202,1.10664222356823,285.2009240858367,1.1919276973743402
8.654,45190.0,0.007002539162902094,-13.87577340162124,-0.9870750630473779,0.21629890387946468,51,0.5097024429333534,0.7240082990363452,1.1116625165027938,-13.844220494511266,-1.0113334008009658,0.2291871510041587,0.5097331912356751,0.724257134804636,1.1122021050311395,285.2009240858367,1.1919276973743402
8.704,44541.0,0.00987345681140945,-13.950248277892097,-0.8798781996965976,0.15028378661215597,51,0.5102677752082104,0.7259504870687318,1.1170145904538313,-13.925291351669436,-0.9038935739317017,0.12982871834982826,0.5105652526371137,0.7263504005895497,1.1184207442063807,285.2009240858367,1.1919276973743402
8.754,43663.0,0.010202000911837957,-13.967208273932219,-0.8574892635102838,0.07920264776316194,51,0.5107462952255701,0.7240264953344224,1.1263871564194994,-13.96289325444427,-0.8380710627699972,0.15289623322781,0.5107866817018406,0.7241977788388022,1.1272437528291108,285.2009240858367,1.1919276973743402
8.805,43292.0,0.013086226528741718,-13.972461622346215,-0.7771491160170505,0.19079634228567008,51,0.5121090523495146,0.7231944181210187,1.1331880937908658,-13.970669554610389,-0.7812886273530474,0.20396607436262257,0.5123595241720778,0.722974516462401,1.134643830892005,285.2009240858367,1.1919276973743402
8.855,43074.0,0.011262497104932575,-13.96642261450723,-0.7127529758620917,0.2785511044198276,51,0.5111064520694666,0.7214273637704331,1.144496324895318,-13.969644976259627,-0.7211921416512528,0.3028371166874932,0.5112367126971755,0.7218075449714074,1.144890225362126,287.2160153471485,1.1919276973743402
8.905,42820.0,0.011967118121289493,-13.930191722561634,-0.7070242438061198,0.16653721181352715,51,0.5102348299240984,0.7191682478634024,1.154957763598968,-13.931286751030786,-0.6903244515968883,0.2278282155532048,0.5103576638821433,0.7191862335617654,1.1533193549977756,287.2160153471485,1.1919276973743402
8.956,42309.0,0.010519211792099335,-13.929226578512559,-0.752367251183352,0.14268997777091114,51,0.5090498795417284,0.7201384386633418,1.1612165144046522,-13.929558098791047,-0.6889127806108104,0.17381174620180304,0.5090438414407978,0.7199342444039672,1.1621302298176321,287.2160153471485,1.1919276973743402
9.006,43274.0,0.009943437502909158,-13.914792765888677,-0.6620609881038393,0.4045170109785705,51,0.5057457040291145,0.725764662774314,1.1680044716732407,-13.922980986824411,-0.6682817529173279,0.33978992137405073,0.5070085762024213,0.7247113960237492,1.1672183532904679,287.2160153471485,1.1919276973743402
9.056,43340.0,0.012125410887483019,-13.889994674191797,-0.632865672580202,0.38718728459243884,51,0.5026009415257068,0.7288042869398909,1.1724120069504573,-13.90009577848165,-0.60611681564375,0.48815972844892414,0.5025108807367101,0.7290150137537941,1.1726064729829917,287.2160153471485,1.1919276973743402
9.107,42776.0,0.011498036742856892,-13.826286701817686,-0.6869999326117076,0.3312011024052991,51,0.4970840313471565,0.730904346113913,1.1792214551969087,-13.847268045699375,-0.6498978358679937,0.43741628974695473,0.49874988551716715,0.7307743671377384,1.1786074898234817,287.2160153471485,1.1919276973743402
9.157,43292.0,0.00949956059351613,-13.770776781780365,-0.7412121624143025,0.3568554702050582,51,0.49210540252179835,0.7326341535472477,1.1822748385935071,-13.785390637048879,-0.7084961175182084,0.463408302190967,0.49172107509972574,0.7328550926569563,1.183022700164547,287.2160153471485,1.1919276973743402
9.208,43857.0,0.010592462504351864,-13.707958614449327,-0.7076182744499263,0.18499791643558305,51,0.4834137549652619,0.7330389853351686,1.1851572161550998,-13.729625904870966,-0.7178271445761061,0.2969718159780895,0.4838886989720512,0.733219972304377,1.1854794899847354,287.2160153471485,1.1919276973743402
9.258,44508.0,0.012135050293381787,-13.649383457917732,-0.7008762491359597,0.11726477071733588,51,0.47870067503164654,0.7335938810941858,1.185746412179252,-13.663993854267645,-0.6705967440272232,0.18763355571784132,0.4779802159107897,0.7336966509559504,1.1862890350903001,287.2160153471485,1.1919276973743402
9.308,44832.0,0.011993784707735617,-13.59761005284887,-0.7365635125464112,0.11101056211257232,51,0.469936789991682,0.7362279704725456,1.1859844163767803,-13.612925393754292,-0.706142250480982,0.15111427784051024,0.47069329785024466,0.7360549002251576,1.1864857116207,287.2160153471485,1.1919276973743402
9.359,45061.0,0.024049374122510857,-13.551316228961525,-0.7532530385751648,0.1346637017274826,51,0.46356077740191176,0.7364030135079617,1.1856271650172174,-13.561097053738347,-0.7367569624293538,0.12444396511680045,0.46311877918340777,0.7367818405938161,1.1860658390140524,287.2160153471485,1.1919276973743402
9.409,44890.0,0.011018583625155742,-13.538052476383664,-0.8187955348907102,0.09041502297417489,51,0.45426892758202125,0.7355167950745829,1.1862286241803086,-13.537599805058923,-0.7831083544466261,0.13723113130689407,0.45520093300202474,0.7352054657348397,1.1864638076857819,279.64205823147665,1.1919276973743402
9.46,44994.0,0.00902996568024443,-13.52648556282899,-0.8732965666864083,0.0985306372266139,51,0.44762708402959445,0.735835454098963,1.1859752359314926,-13.531547982208933,-0.8653378545491145,0.1132372337645746,0.4467417837148696,0.7359172543082575,1.1864302148141515,279.64205823147665,1.1919276973743402
9.51,45378.0,0.009692362126190717,-13.51317687337636,-0.8267387025037439,0.11716366261420967,51,0.43705285056433346,0.7352791614979166,1.1846713297746605,-13.522107412307774,-0.8398414507139255,0.10306032603799585,0.43783425059314823,0.7355953621883996,1.1852711565387168,279.64205823147665,1.1919276973743402
9.56,45553.0,0.012163794352924195,-13.481214596397072,-0.895548978657909,0.21072035787188703,51,0.43236905968827444,0.733752377051511,1.18381631742868,-13.497653270110616,-0.8950725042335134,0.24714733032658637,0.43153399918343377,0.7335417501542151,1.184104071193225,279.64205823147665,1.1919276973743402
9.611,45661.0,0.011157701561790028,-13.44996462566008,-0.8455055710027126,0.1675861408810282,51,0.42551152789500796,0.7302836258764288,1.182201505927455,-13.461346389851123,-0.8763013519683028,0.1634420249774301,0.425422770693115,0.7302565376481762,1.1826250881501204,279.64205823147665,1.1919276973743402
9.661,45746.0,0.012929960660830658,-13.41232986470196,-0.9386031212187653,0.25026601378189084,51,0.42020295780738204,0.7285562421193487,1.1810951376148007,-13.41851956382017,-0.9191953854899791,0.21982629397549294,0.41960396879708145,0.7283295978667068,1.1814293479143634,279.64205823147665,1.1919276973743402
9.711,45700.0,0.012129941523543566,-13.37440582007134,-0.9356517691000139,0.20245257663022811,51,0.4123606616676089,0.7279298314323025,1.180108180728891,-13.387719191075108,-0.969603137541143,0.21777049411131263,0.4123781580752436,0.7276161483162927,1.1804551860976837,279.64205823147665,1.1919276973743402
9.762,45744.0,0.00993569374607216,-13.322271976765553,-0.8977541694394222,0.2671998240733721,51,0.4066668522607841,0.7285180859798842,1.1792575723471501,-13.338759474134237,-0.9392899420363955,0.23477127012790255,0.40584939596993924,0.7286203435638292,1.1796099514656773,279.64205823147665,1.1919276973743402
9.812,45563.0,0.010126495009617133,-13.257239255803299,-0.9120416355895534,0.15022655767037033,51,0.3984323785732444,0.726088723585106,1.1786205954659512,-13.276129706696203,-0.9330412791688841,0.1591667872919538,0.3983116772412123,0.7265750157475395,1.1791048516266278,279.64205823147665,1.1919276973743402
9.862,45201.0,0.008913669331827401,-13.216847450014257,-0.8581002375454343,0.29755257058241225,51,0.3945797868480397,0.7225910544977922,1.1791392083980075,-13.226509878401915,-0.8735368088328204,0.2568330504545828,0.39384866657643736,0.7220375288140037,1.179577912584365,279.64205823147665,1.1919276973743402
9.912,45177.0,0.010391439179447657,-13.159693652801423,-0.8612264608085165,0.14110723258708247,51,0.387937213358718,0.7210305317376882,1.179852399322853,-13.175577071884423,-0.8790199007801122,0.20199890888971608,0.38769462822731665,0.7206721777010887,1.1803219972829353,282.605623770951,1.1919276973743402
9.963,45220.0,0.009639412773372144,-13.097319580906694,-0.9258555952781196,0.3140398185264189,51,0.38397542209318203,0.7196762041212564,1.1802097912148972,-13.110985382358203,-0.925919804139875,0.2872174618778537,0.3833425452908574,0.7195043268835287,1.1806859470738091,282.605623770951,1.1919276973743402
10.013,44871.0,0.012465421390328971,-13.027130349330452,-0.8733613135413312,0.3331535970798738,51,0.3781021191981254,0.7180799740700168,1.1817910454149303,-13.054309726991573,-0.9138772006905218,0.27251733896428326,0.3781382689628322,0.7178987924865575,1.1820525159829889,282.605623770951,1.1919276973743402
10.063,44234.0,0.017027138054793958,-12.975054608560633,-0.8636723235917966,0.3007133502465066,51,0.3738664388866895,0.7164069040234745,1.1838244694327238,-12.993063401319004,-0.8684171751115742,0.2957503437285119,0.3731764564024686,0.7162421430056005,1.1845125333307815,282.605623770951,1.1919276973743402
10.114,43988.0,0.01172595253203549,-12.924782959115158,-0.8214006017212022,0.27526875945242657,51,0.3679623163593228,0.7136937052294734,1.1873615618670261,-12.949405013017488,-0.8261370634074386,0.31717242964607095,0.36776323584457077,0.713612424681636,1.1876596664239945,282.605623770951,1.1919276973743402
10.164,43384.0,0.00833896700100848,-12.897418112077155,-0.8453980513311125,0.3400187862347236,51,0.36286576771439877,0.7133104613925787,1.1924394695809504,-12.908656135301575,-0.850118707784624,0.31386655790349915,0.3636866983998206,0.7134502959531341,1.1915070873034115,282.605623770951,1.1919276973743402
10.215,42757.0,0.009284889540753658,-12.852290089539673,-0.8345784531458648,0.39307763816956937,51,0.35872080407767604,0.7109911325868734,1.1962976752165324,-12.872118822460969,-0.837178547040105,0.3575232257502092,0.3583591535209126,0.7109881860774808,1.1969248901035152,282.605623770951,1.1919276973743402
10.265,42802.0,0.010164159091301275,-12.794167787545625,-0.8076300924725278,0.37982079242945066,51,0.3551351751014312,0.7084882950127965,1.2014520496969867,-12.817359337274455,-0.8046092665413451,0.3694524986432294,0.3558146395778344,0.7085963732034929,1.2006600120590725,282.605623770951,1.1919276973743402
10.316,43085.0,0.009430318536328666,-12.741776906389406,-0.7316484196520622,0.21840863445238518,51,0.35350394925028095,0.7077909006258934,1.2038139726872727,-12.75666127087433,-0.7232387418528848,0.24761267683209706,0.35324686896742036,0.7076827764897898,1.2043466121805875,282.605623770951,1.1919276973743402
10.366,43202.0,0.011084038881098001,-12.716128776836262,-0.6818117393244276,0.32015213055734726,51,0.35157547627775504,0.7045603121792717,1.2070187952743872,-12.72429990423937,-0.6822986103150304,0.2970225184094972,0.35156766219786123,0.7048132485186436,1.2072625478230639,282.605623770951,1.1919276973743402
10.417,43535.0,0.012988142084281036,-12.707081088276201,-0.8107545108935711,0.3173175824648489,51,0.3538055290025922,0.7015898642768114,1.2081698004721166,-12.708153399306672,-0.7484322200313086,0.34150171184901756,0.3538630137176752,0.7013497253868477,1.2086602646558076,282.605623770951,1.1919276973743402
10.467,44280.0,0.010380957660825973,-12.714477966238839,-0.7812313418684839,0.31384084093112397,51,0.3536160467415372,0.6977649107190593,1.206922530843196,-12.71239505169394,-0.7735878136207106,0.30928811465361816,0.3547626049702594,0.6985071449291121,1.2081820649655355,281.0488745996751,1.1919276973743402
10.517,45323.0,0.008397178724190112,-12.706293075052436,-0.7368825707250172,0.25692445833298394,51,0.35323399164601516,0.694455580064686,1.2047478085485428,-12.70726927775751,-0.730568861246048,0.27061354041120916,0.3531585131934823,0.6939887354855315,1.204932975310481,281.0488745996751,1.1919276973743402
10.568,45718.0,0.011775911503436282,-12.645756038886798,-0.7923392334724045,0.29947040416016574,51,0.3576132337634083,0.6919704413603193,1.2004441761097049,-12.667598181287595,-0.7295984323654693,0.33111683169543504,0.3572147938444558,0.6919528615757159,1.2013499489024873,281.0488745996751,1.1919276973743402
10.618,45950.0,0.009336443396268344,-12.587187117190187,-0.7767021559193472,0.3439693749653867,51,0.35982016683298235,0.6912754440863215,1.197670798703021,-12.605786970617551,-0.7553931290025295,0.3515217384769345,0.3601714906259418,0.6912223924288734,1.1978800071353308,281.0488745996751,1.1919276973743402
10.668,46656.0,0.008977082042413589,-12.518126135149178,-0.8063154907532737,0.40151744617579394,51,0.363956425345521,0.6915204956300215,1.1923359581484176,-12.536465744892958,-0.7745573141577152,0.3559566200622374,0.3642543794915137,0.6917100785299015,1.192818124257157,281.0488745996751,1.1919276973743402
10.719,47035.0,0.01577415640154523,-12.419014697654985,-0.7665922110963137,0.36726565678676265,51,0.3658712953066804,0.6909665101499948,1.1880964634395812,-12.446360173008188,-0.7421346717402749,0.366523563354619,0.36619321652910164,0.6909400960572303,1.188042915122113,281.0488745996751,1.1919276973743402
10.769,47159.0,0.00966132733435001,-12.3178767681125,-0.8669818277840299,0.4328651038161357,51,0.3705030143032219,0.6934939585863362,1.1812033912531077,-12.350582121366442,-0.8193588005161517,0.4118213067681542,0.3703792411561492,0.6932622553322727,1.1822525152935084,281.0488745996751,1.1919276973743402
10.819,47431.0,0.009795495579729759,-12.214701769830505,-0.8853479967548521,0.34997446489354417,51,0.37378726721313144,0.695406194657671,1.1775749696947633,-12.238085449116326,-0.8466141988845727,0.3770744215446315,0.3744006509894146,0.695773604553833,1.1774378534487104,281.0488745996751,1.1919276973743402
10.87,47164.0,0.009249831527149126,-12.090078276560108,-0.8686085203524634,0.4369513196088288,51,0.3775108270321339,0.6965152534722996,1.1730904372442497,-12.120028362366693,-0.8447649276911252,0.38170846706245,0.37755939107303166,0.6966247417086019,1.1734101864857385,281.0488745996751,1.1919276973743402
10.92,47635.0,0.008929082425319094,-11.982993507185418,-0.7604597002255923,0.46203989351078006,51,0.3805679370485845,0.6986681984761691,1.1696477130239993,-12.014171441677457,-0.7672925665525898,0.4406077771667865,0.3811782313700994,0.6990676653101514,1.1696384380563982,281.0488745996751,1.1919276973743402
10.971,47370.0,0.014769078295283148,-11.827796192089004,-0.7086934372602894,0.43216254414242417,51,0.3837780795908117,0.7003242110372488,1.1653442652731014,-11.871209966353554,-0.6845114507499198,0.4469837450458289,0.3840816131185701,0.7005043903755606,1.1658137923481269,281.95223716325506,1.1919276973743402
11.021,46820.0,0.00958797481373377,-11.693695606670287,-0.7681512034499293,0.42467173580135764,51,0.3885552354146847,0.7019439306104684,1.1642452120905877,-11.720838125863015,-0.7344971029693717,0.417275731682279,0.38924922329075495,0.7022045251370269,1.1644832169928159,281.95223716325506,1.1919276973743402
11.071,46129.0,0.0116202900334301,-11.557179504072279,-0.615438493019102,0.4999884582392224,51,0.3952201386371065,0.7064649604943104,1.164464821991931,-11.596971719915178,-0.6541904712480673,0.41326445567661213,0.39533667207656104,0.7065214442834071,1.1647790494145207,281.95223716325506,1.1919276973743402
11.122,45549.0,0.010845779438264596,-11.397839304979376,-0.739802763283191,0.38612167168577566,51,0.3997814684404463,0.7091284168359765,1.1656984580721175,-11.450797411888972,-0.7247203724880934,0.40814291231637767,0.400693311536632,0.7097158603346337,1.1663372335843896,281.95223716325506,1.1919276973743402
11.172,45162.0,0.011199038565982,-11.322699803914706,-0.7581845284292434,0.20741963246280384,51,0.4080727602782677,0.7125218471544776,1.168360772114536,-11.351965605300036,-0.827961574397982,0.2040473516921803,0.4086408756315444,0.7127517524917166,1.168938599319849,281.95223716325506,1.1919276973743402
11.223,44920.0,0.012873505733313162,-11.286222421853616,-0.889946787732937,0.15594549921948195,51,0.4117222728732711,0.7158352545216551,1.1705740538416591,-11.303539959148209,-0.939728602495292,0.001448581025082974,0.4125862783637659,0.716450708195172,1.1713844039539958,281.95223716325506,1.1919276973743402
11.273,44787.0,0.012359988775657237,-11.257990537025643,-0.8849576528429336,0.20483970598796733,51,0.416854465967044,0.7204864652511911,1.1736865652422668,-11.27694833043395,-0.9748273483172747,0.07668257698141645,0.4172934224993639,0.7208599684126992,1.1742580939123035,281.95223716325506,1.1919276973743402
11.323,44454.0,0.012073732643617219,-11.215578435517816,-0.8333008570092567,0.15626078459698828,51,0.4216997154070876,0.7237712674788388,1.1764397156277255,-11.236961209000563,-0.8622280975971269,0.09401209337986885,0.42252542902632034,0.7243738993923104,1.1772488217967183,281.95223716325506,1.1919276973743402
11.374,44308.0,0.010031231424592798,-11.208225926364076,-0.7295351607863005,0.28680526729480216,51,0.42997727229611976,0.7301032746796676,1.1803412775069622,-11.212402600615755,-0.7331157876272066,0.2051895585151427,0.43065663487208167,0.7305445988533575,1.1809768055933259,281.95223716325506,1.1919276973743402
11.424,44259.0,0.015298829100326613,-11.218247329886449,-0.6508621685031678,0.3484110174291651,51,0.43431245120372136,0.7336139045368858,1.1829578007653514,-11.211703571164273,-0.6458090791751507,0.3176089897313235,0.43533095844023284,0.734460422446001,1.1838723885329085,281.95223716325506,1.1919276973743402
11.474,43812.0,0.010839744850889102,-11.211820955641658,-0.5953820446306108,0.25025050661350845,51,0.4424946133554267,0.7345321891942176,1.1874000634440378,-11.215603209730737,-0.5893968745509336,0.27267422007789494,0.44300171631264335,0.7348303293976443,1.1880295141441892,281.95223716325506,1.1919276973743402
11.525,43557.0,0.012405667791046114,-11.217741845924127,-0.5441839872754524,0.3289603694956868,51,0.4502431707965301,0.7360684646875257,1.1926633583857587,-11.216057103109954,-0.5240878953874714,0.33480986912656546,0.4499424272016722,0.7357864302337912,1.1925031092894078,289.08418122259934,1.1919276973743402
11.575,43270.0,0.01756757168695065,-11.210198049459187,-0.5528617706435041,0.28480555723204276,51,0.4541203521793385,0.736504945303024,1.1962394771887843,-11.209550864142047,-0.5417652427264193,0.29909271689182193,0.45470869383477325,0.7367200772882502,1.1968560060747044,289.08418122259934,1.1919276973743402
11.625,43345.0,0.014730078027467482,-11.210715796919875,-0.5987165775787395,0.34621404442166814,51,0.4585796492066261,0.7372243125575133,1.2006536501574505,-11.207056337514652,-0.5931220066728368,0.27592886333708205,0.4585082021119848,0.7372343898979913,1.200630578120283,289.08418122259934,1.1919276973743402
11.675,43550.0,0.009234715509673532,-11.18531285526734,-0.5843858713151467,0.2649874470487479,51,0.4584061625635253,0.7379866074767186,1.2026483813056876,-11.19224481038911,-0.5964926267072269,0.2840827460788007,0.458818678679732,0.738159883808229,1.2032835341531947,289.08418122259934,1.1919276973743402
11.726,43928.0,0.01401977292164192,-11.175103556679323,-0.5319041987059522,0.2572508276844135,51,0.46012006325240773,0.7400268672039126,1.2046152534167611,-11.177460703618692,-0.5382670417941215,0.2513785041882275,0.45940911114038163,0.7393804820165928,1.2046398249959287,289.08418122259934,1.1919276973743402
11.776,44051.0,0.011008354842022592,-11.21245385631699,-0.5858578643192841,0.29384228421102476,51,0.4613825024586657,0.742381518169624,1.2055753186733624,-11.198416549745456,-0.5737974242819488,0.23728472757029279,0.46166957077286935,0.7426992049626453,1.206065733541068,289.08418122259934,1.1919276973743402
11.826,44142.0,0.011857747921903103,-11.224053960433354,-0.5338877116706374,0.27865643040457355,51,0.46307950678075027,0.7471606451895579,1.206778303172766,-11.165668340871802,-0.5764182916996665,0.2783915473502976,0.4629956906980666,0.7468829523831179,1.2070529216492278,289.08418122259934,1.1919276973743402
11.877,43859.0,0.011129904577690329,-11.228951086093074,-0.5799279176231942,0.23110126938186154,51,0.462578854772037,0.7485188530744612,1.2079860582377915,-11.143941674626316,-0.5854245636907703,0.31836118001408525,0.4626378241227781,0.7488526799437825,1.2083557038186474,289.08418122259934,1.1919276973743402
11.927,43975.0,0.012634675018470404,-11.219657968954438,-0.5853211619291615,0.27685960239570145,51,0.4628914350871531,0.7518908998204175,1.209237117067177,-11.137424926232672,-0.5713891237894139,0.3373451899480468,0.46309864611155527,0.7518844991444077,1.209550011397836,289.08418122259934,1.1919276973743402
11.977,44018.0,0.015015824462024898,-11.167776783193577,-0.5783038478806855,0.47391947110469157,51,0.46281036298944095,0.755336045364365,1.2097631871341328,-11.098205437119963,-0.6006068452331407,0.470916251709096,0.4628185712143599,0.7558144074760528,1.2101946413647227,289.08418122259934,1.1919276973743402
12.027,43888.0,0.011162102886619332,-11.09159470243231,-0.6121555460172089,0.4049454748683896,51,0.46165428975968237,0.7589536350918744,1.2107432584581777,-11.025497168874054,-0.6073179417257228,0.4897926079526465,0.4618838081063349,0.7587177767638479,1.2111078664800012,281.89660035392797,1.1919276973743402
12.078,44469.0,0.011191392233714615,-10.978314925933923,-0.5618459449803247,0.30411775850956657,51,0.4593195908258301,0.7628222314060051,1.210031050030479,-10.925754329835332,-0.5893382167314605,0.3368501676754082,0.4591321295736295,0.7633743907942938,1.2103874582590912,281.89660035392797,1.1919276973743402
12.128,45128.0,0.009005269509349136,-10.803711099822351,-0.6579310423839982,0.43055074486405115,51,0.45424003415150876,0.7683789294688026,1.2074368062333722,-10.761897148274732,-0.6383875694441569,0.4327074038282967,0.45423267855858634,0.7687573757123313,1.2080332927872008,281.89660035392797,1.1919276973743402
12.178,45786.0,0.011861302956869296,-10.611247686554734,-0.6412703330897638,0.31535320827624025,51,0.45151082651859054,0.7713965925169531,1.204724729156009,-10.56694928054487,-0.6276577287193964,0.4231901773079552,0.4510346575413618,0.7720332967299276,1.2047307481840994,281.89660035392797,1.1919276973743402
12.229,45784.0,0.016057573488013767,-10.378060896557963,-0.640413320986933,0.25410778857844907,51,0.4481664276411181,0.7744150709670719,1.200425285428302,-10.357155408156409,-0.6309562946632742,0.301637752218129,0.44812994576168075,0.7746874761524819,1.2012517156664118,281.89660035392797,1.1919276973743402
12.279,46262.0,0.012311641831175422,-10.134783435370979,-0.6640378708019605,0.3413617169206218,51,0.446870175338724,0.7759965069514487,1.197440240101615,-10.135762262951594,-0.6343904079824092,0.32438681187344065,0.446682517905663,0.7762522538200847,1.1974735862868753,281.89660035392797,1.1919276973743402
12.329,46035.0,0.01364397864361558,-9.914354052994005,-0.6504386850223225,0.2668893101527798,51,0.4460009766805374,0.7795219658220486,1.1932123345287071,-9.886511521853027,-0.6482834408628025,0.2988325164978807,0.44599424646674496,0.7795286187594492,1.1936878674657134,281.89660035392797,1.1919276973743402
12.38,46288.0,0.011487411065040472,-9.666690910551967,-0.5441217330709542,0.2775267118000522,51,0.44499771874600863,0.7838862072703067,1.1908672498632553,-9.638543879194103,-0.562820965930389,0.25843667005618154,0.4448840105993986,0.7845721059843651,1.1908927553141864,281.89660035392797,1.1919276973743402
12.43,46703.0,0.013799846291617398,-9.441959983142004,-0.5980171606513447,0.13749966792055168,51,0.44271776509368505,0.7894789741961957,1.1858381111754008,-9.435181765663677,-0.5197066539204473,0.21728495116209276,0.4425995364130866,0.7898624510925437,1.1862791699865387,281.89660035392797,1.1919276973743402
12.48,46893.0,0.013036257628538918,-9.340052908260219,-0.6674098336007254,0.11581897569393193,51,0.43992904605228655,0.7934368556986343,1.183029742186469,-9.28422592769656,-0.6214700146445946,0.13638763270602272,0.43961727850322513,0.794151479357028,1.183003181685124,281.89660035392797,1.1919276973743402
12.531,46870.0,0.012652277061096187,-9.229129565505984,-0.6445798715475606,0.19390571567145937,51,0.4311692400639019,0.8003931244482391,1.1792069285128217,-9.169778546156895,-0.6062551211233038,0.22486882556156973,0.4307115856694057,0.8010157323680223,1.1794859549190995,281.89660035392797,1.1919276973743402
12.581,46817.0,0.01256383102645304,-9.213809808315693,-0.6884579491145011,0.04787048105723967,51,0.42460273923345304,0.8004052638026868,1.1766642902013122,-9.12813537902784,-0.6469644054138014,0.08752797106334954,0.4236396037944793,0.8007734066198182,1.1768226578294672,283.7845509124015,1.1919276973743402
12.631,46739.0,0.010526883598670699,-9.226419070305752,-0.6728463363078521,0.05469259982550253,51,0.4154600543784437,0.7996780064022292,1.1736853071150184,-9.128556549036993,-0.6778937275523131,0.10455316905596614,0.4156704831619439,0.7996886952516848,1.174224712938563,283.7845509124015,1.1919276973743402
12.682,46906.0,0.014262091973956984,-9.262190541238214,-0.5081866004138359,0.15223673764575102,51,0.40671075975225096,0.7986173564064468,1.1705637432508027,-9.165909494065664,-0.5388520710799642,0.12664393339267788,0.4069298559952466,0.7990523839983332,1.17135269109283,283.7845509124015,1.1919276973743402
12.732,46468.0,0.014005574770580462,-9.291775714656213,-0.5185970545990571,0.14241209908176503,51,0.4029610330986756,0.7983913822363554,1.1702239262657474,-9.191716243643965,-0.48337579756568555,0.21442484910058995,0.4023075203703233,0.7983435236251311,1.1704663594791271,283.7845509124015,1.1919276973743402
12.782,46117.0,0.011792433288141467,-9.388215925257088,-0.5826296772064182,0.12088955843953535,51,0.39738327093463394,0.8028326655256286,1.1697038565905018,-9.262672171286086,-0.5521002861468165,0.15783448144934245,0.3978038879846394,0.8020632759919627,1.1703428780126264,283.7845509124015,1.1919276973743402
12.833,46373.0,0.014585377166947442,-9.513009382251283,-0.7751804890474508,0.03273652600442278,51,0.3930949635908508,0.807331697072732,1.1687747688097656,-9.37638322331481,-0.6815115521969769,0.16649924349065096,0.3931933752526463,0.8073609173253524,1.1693171157247375,283.7845509124015,1.1919276973743402
12.883,47183.0,0.011752722963324313,-9.638002487975175,-0.761090419740174,0.1837423639511973,51,0.3879515406215693,0.8171506345367541,1.1654087144327694,-9.564979818231587,-0.7659411668755498,0.11966444205768426,0.38881694983595616,0.814027592352201,1.1670349293316153,283.7845509124015,1.1919276973743402
12.933,47721.0,0.010450389005746399,-9.779565971546266,-0.7205986334427077,0.3539024314622854,51,0.38332263108254855,0.8253882362171768,1.163035355573815,-9.728841102677192,-0.7234440012506439,0.3561242297864263,0.3827015270283922,0.8266927596754258,1.1632031615887473,283.7845509124015,1.1919276973743402
12.983,47366.0,0.007934412717005802,-9.952133842622498,-0.8327128341188758,0.24837839996093217,51,0.37573055372406305,0.8338806141763663,1.1600065561142765,-9.879229345292218,-0.7732694419132027,0.2970629099423764,0.37767845773910513,0.8324841357363043,1.1613679514894508,283.7845509124015,1.1919276973743402
13.033,47233.0,0.014313606378872114,-10.117775035290354,-0.759553013474647,0.3006013985799342,51,0.3711767830848571,0.8405929280602537,1.1593264887723957,-10.057660515316725,-0.8106770080569622,0.33750339964704446,0.3706527920541892,0.8412212502027304,1.1596687353247384,283.7845509124015,1.1919276973743402
13.084,47043.0,0.01463024002831377,-10.27165769231949,-0.7821615798161605,0.26786129642910034,51,0.36103207028678946,0.8511345692419615,1.1585236908359826,-10.212573625844076,-0.7535045978874995,0.30598011959128135,0.36413835821862617,0.8496822676926485,1.1591586543435148,280.91465816683785,1.1919276973743402
13.134,47015.0,0.011256230490406484,-10.370735736626358,-0.7253407793749773,0.3437955770591125,51,0.35282078420392005,0.8567304123131438,1.1580490671457238,-10.345457017687684,-0.7406332661059005,0.3900571230475959,0.35163826427967815,0.8578081508130072,1.1585391088379344,280.91465816683785,1.1919276973743402
13.184,46400.0,0.011401926006345086,-10.471789866202373,-0.7641392881092308,0.24473828510227164,51,0.3410409791839311,0.8672665270470524,1.1603653957544817,-10.439076327123066,-0.7489388236152161,0.35093693797883346,0.34204348180751803,0.8663729773066083,1.1601529430288284,280.91465816683785,1.1919276973743402
13.234,44903.0,0.011786818577446314,-10.525590678440505,-0.739976131542153,0.2478353188580384,51,0.3332645403171292,0.873328561690309,1.1638243602998721,-10.50664409893141,-0.7295304831842668,0.2830000256968825,0.33200253694765425,0.8745537623462408,1.1646574701774297,280.91465816683785,1.1919276973743402
13.284,44090.0,0.010658644927525714,-10.609860956023347,-0.6093318096669142,0.29917461421162383,51,0.3245913298510044,0.8787983061512761,1.1716761115775556,-10.585776320283983,-0.6365586977970326,0.3481416010925047,0.3252948375888823,0.8784682245333183,1.1711639069976336,280.91465816683785,1.1919276973743402
13.335,42908.0,0.012070805566387554,-10.641532253397388,-0.6908481243602184,0.15292736864984086,51,0.3183730113457157,0.8848913981664569,1.178198371036245,-10.63074115384725,-0.6798769307117777,0.2429030083068383,0.3174036758236005,0.8856901194869407,1.179306679866099,280.91465816683785,1.1919276973743402
13.385,42397.0,0.011946253411414504,-10.672550438972578,-0.6217170354369892,0.22073919669522393,51,0.31133401384319015,0.8895942621763547,1.189833035927377,-10.666490960134452,-0.6516128680674423,0.27049007039748,0.3109651203581463,0.8901047279273954,1.1888939639606333,280.91465816683785,1.1919276973743402
13.435,40267.0,0.011163862368296001,-10.707946561655413,-0.580129513085234,0.25669288750666586,51,0.312099501055681,0.8899737385871033,1.1993378660648475,-10.696927171666509,-0.6014855819510379,0.2603023887624349,0.31197471314010755,0.8901189414440632,1.2008097543029792,280.91465816683785,1.1919276973743402
13.485,39956.0,0.010639974202888874,-10.696006580401159,-0.6438666815104366,0.3109807768646787,51,0.31486073837738004,0.8928538277964415,1.2150518209751653,-10.698016883552464,-0.6449564232196785,0.3215610890530643,0.3144859484366781,0.8930074870461678,1.2152841970808361,280.91465816683785,1.1919276973743402
13.536,39280.0,0.017393260557396775,-10.649224000018355,-0.6090779660806994,0.4228247646770342,51,0.3163523633701307,0.8925361569145714,1.2242624323688627,-10.67026646042932,-0.6381045927428088,0.41845176892101105,0.3168132989528786,0.8926812829619533,1.2257556476072773,280.91465816683785,1.1919276973743402
13.586,39635.0,0.012975926348994724,-10.576928287869734,-0.6666938661866859,0.29486478468341926,51,0.31973943297372664,0.8922786750540119,1.237077155416216,-10.603985438320821,-0.6384887517312258,0.40853621184376243,0.32038241181922283,0.8919108840525738,1.2364265558346614,280.91465816683785,1.1919276973743402
13.636,39275.0,0.009344423472725924,-10.471971793811226,-0.665863964207044,0.33742116498830876,51,0.3196554299972718,0.8932082695315016,1.2439334980263894,-10.501845976668436,-0.6617106956995712,0.3796093411940343,0.3197230225490217,0.8933414329289657,1.2450975363790124,285.84495759176787,1.1919276973743402
13.687,39757.0,0.010582428604251149,-10.402889011622905,-0.6329511000300827,0.35032110911373393,51,0.32006106100071036,0.8928319198157458,1.2525003223733808,-10.41861806998796,-0.6483148635658809,0.3753416906383769,0.3201502010991177,0.8930266187193115,1.2528555183766934,285.84495759176787,1.1919276973743402
13.737,39701.0,0.011098918698281557,-10.368930375278186,-0.6503812852935634,0.3266605302769309,51,0.3233874263244448,0.891933194169936,1.2579755114145033,-10.374856584788713,-0.6414731793433204,0.37851491303137313,0.3238459115763236,0.8917958211698042,1.259018011841712,285.84495759176787,1.1919276973743402
13.788,40144.0,0.008588709784293599,-10.360708039085676,-0.7713018947160342,0.33621498913393544,51,0.32739219227400657,0.8927430526164392,1.2633315104106837,-10.365241301434136,-0.733709887894602,0.3587827975487351,0.3277070603492948,0.8926614377986594,1.263869109650979,285.84495759176787,1.1919276973743402
13.838,41456.0,0.011658657266672843,-10.29907014341987,-0.8267938070697246,0.44088246921722507,51,0.3282369375337988,0.893116834545193,1.2639730451901703,-10.317518481756156,-0.813420759425752,0.44005823644566394,0.3285647076952116,0.8933065460026648,1.2643890034139955,285.84495759176787,1.1919276973743402
13.888,42550.0,0.009394586931045463,-10.161167046466849,-0.8130652755763202,0.39853991334623073,51,0.3270673241091476,0.8908367206336242,1.2611918246955862,-10.193117292960999,-0.7991279020807616,0.4276339679571023,0.3271363774363521,0.891007999275271,1.2617102685060488,285.84495759176787,1.1919276973743402
13.939,44176.0,0.008744641205393498,-9.875565453622913,-0.6992736917754921,0.27881091340936914,51,0.32582043157602575,0.8891538630813142,1.256816426821593,-10.003344074750503,-0.712647539704195,0.32711704615028375,0.3257461197904278,0.8889420432546432,1.2565290514792318,285.84495759176787,1.1919276973743402
13.989,45729.0,0.011134773998299,-9.464701620838941,-0.6856786772250479,0.18719173085824145,51,0.31514957743667055,0.8882365170246689,1.2445288697091177,-9.67003170992594,-0.7144382791813205,0.21237327534479636,0.3155791848384392,0.8884528107988494,1.2453534437029201,285.84495759176787,1.1919276973743402
14.04,47492.0,0.011984500014197158,-8.99187238127754,-0.7520686358824874,0.358463479712502,51,0.30554719306844225,0.8858883310591515,1.2346914687553439,-9.194373412169872,-0.7081391274396863,0.2711784977981062,0.30385535762660093,0.8855272413455794,1.2333741265966534,285.84495759176787,1.1919276973743402
14.09,49524.0,0.012595519040955428,-8.503140425068517,-0.9632281125915851,0.28049037456418363,51,0.29334424430342265,0.8845303689830315,1.2183433873434604,-8.703476847103465,-0.8756453006455741,0.28696873830018377,0.2925056960457232,0.8843698532410913,1.2180398531766823,285.84495759176787,1.1919276973743402
14.141,50071.0,0.007228847957962859,-8.096985853671478,-1.0433957038624275,0.3754398618441505,51,0.2800009906549077,0.8832211151936561,1.1994071573302432,-8.266604459005361,-1.0048437571312194,0.32591577193142707,0.28331446426587076,0.8843183828954156,1.2040560669778406,286.82882079021914,1.1919276973743402
14.191,51197.0,0.009468211036461168,-7.767792413946034,-0.9323514613338523,0.2961672169280125,51,0.27265733137171777,0.8806961997189096,1.1858764785665605,-7.87689840773017,-0.9412960517565194,0.21097917093180926,0.27181218757117537,0.8806077797732961,1.1855959023563671,286.82882079021914,1.1919276973743402
14.241,52525.0,0.01429720228331223,-7.449332929412961,-1.0768656830019847,0.14876880704991463,51,0.26552580305278933,0.8796059767876571,1.1638698915014165,-7.557183860805792,-1.0015129423090092,0.05259668116553281,0.2673133768238235,0.8795696835702531,1.16951675016899,286.82882079021914,1.1919276973743402
14.292,53445.0,0.008847223895797729,-7.147693211240331,-0.9915243838787001,0.19172476764988544,51,0.26100706758836845,0.87856435494278,1.150446569418077,-7.2682611545419205,-0.9862776171066171,0.09155786199371364,0.2605877840043418,0.8787047583520095,1.149831951754963,286.82882079021914,1.1919276973743402
14.342,51654.0,0.015053431478868305,-6.827776524879679,-0.9824819518165522,0.4334994420161431,51,0.25787920937602427,0.8716709511221922,1.135060917653661,-6.934507768075707,-0.9826693839232697,0.31535664388650453,0.25815771617855154,0.8736148617759486,1.1377776390987644,286.82882079021914,1.1919276973743402
14.392,51208.0,0.007508760155456821,-6.4957772262895155,-0.9995727835214496,0.4955073789695387,51,0.25633566607942715,0.8668566391933993,1.1288975432774786,-6.595379040734856,-0.9566756689025321,0.47276934121408554,0.2562884272080696,0.8663583369906683,1.1287924823143043,286.82882079021914,1.1919276973743402
14.443,50087.0,0.007529538501406381,-6.272342808841127,-0.9831038825364136,0.4231445100171477,51,0.2535140316835389,0.8609846002986996,1.1218692146885532,-6.3450815627455315,-0.9568651841999456,0.42705294402216665,0.2540003694135677,0.8618905216757559,1.1235232120054721,286.82882079021914,1.1919276973743402
14.493,49748.0,0.01091823618780075,-6.141350196351232,-1.0030587353683023,0.4315032637196813,51,0.251610283169245,0.8572762874698586,1.1188502639257336,-6.177181335756963,-0.9613280562712824,0.43517467426885054,0.25143927888274914,0.8568577923707168,1.119167185530308,286.82882079021914,1.1919276973743402
14.543,49172.0,0.008069823062591285,-6.230126427439256,-0.9700461295593028,0.32228176083736043,51,0.25009553993813965,0.8538328435084309,1.1165470361407954,-6.190639205256734,-0.9697997060071527,0.3262977776285852,0.24996070301212012,0.8537789815510262,1.1170404017325348,286.82882079021914,1.1919276973743402
14.593,48086.0,0.006531159029409032,-6.538914872107667,-1.0979481600391765,0.3859071447655627,51,0.24869513632480414,0.8504277130870154,1.117405019183425,-6.440982427726253,-1.0238683810396008,0.35687352139049733,0.24859999787204562,0.8500191999019863,1.1179804218233487,286.82882079021914,1.1919276973743402
14.643,47003.0,0.01240518120274083,-6.974575925770232,-1.081851164956554,0.3580594807041991,51,0.25134510169286184,0.8455037531708802,1.1227350247872165,-6.831299993232356,-1.0436772264245033,0.33282425508862096,0.251127420740307,0.8456701330039209,1.1222398887787477,286.82882079021914,1.1919276973743402
14.694,46233.0,0.02201770983749462,-7.507060679939254,-1.031936502011483,0.2465201345723806,51,0.2529616824588833,0.840610095884808,1.1282427726545285,-7.28115587612094,-0.9997705970143774,0.2851514771839051,0.25302141736266826,0.8407468311038255,1.1285343021720542,286.06573799711634,1.1919276973743402
14.744,44737.0,0.01084684087011086,-7.902560486931077,-0.9789669940475971,0.3565507040959877,51,0.2547647571986338,0.8322987116463141,1.138300903980607,-7.783656464167555,-0.975539980090305,0.34011323012723704,0.25510458769871475,0.8331783334578858,1.1379474678186203,286.06573799711634,1.1919276973743402
14.794,43025.0,0.008000215346491688,-8.310560884184525,-0.9587022106581804,0.3601084710676036,51,0.25792967296392977,0.826772118882104,1.1471076767046384,-8.180852438437977,-0.9075805955828129,0.3164684516684756,0.2582934664457751,0.8258623408317112,1.1485640989299513,286.06573799711634,1.1919276973743402
14.845,43026.0,0.01000344352656448,-8.69693650982456,-0.9991734100635814,0.374282540269074,51,0.26052048300289904,0.817515990933196,1.1611333748758987,-8.57114202371725,-0.9744790697047155,0.36341739099937753,0.2604149243283436,0.8182795078826955,1.1601041609383507,286.06573799711634,1.1919276973743402
14.895,41440.0,0.007843901036705576,-9.044421182002583,-0.8555913023196157,0.31657212745614416,51,0.26333576709769524,0.8112546701590782,1.1704280387414134,-8.933080434709945,-0.8567673722360676,0.3468268191479873,0.2637203874798449,0.8102730173390285,1.1721161939746139,286.06573799711634,1.1919276973743402
14.946,42085.0,0.00966020980709681,-9.356315147680062,-0.8273171625490622,0.3873884602163148,51,0.2676596517129848,0.804415487566918,1.1833003737210601,-9.267408737360162,-0.8162094374535087,0.36833929676796456,0.26783539544705415,0.8041646661355087,1.1838424718592027,286.06573799711634,1.1919276973743402
14.996,41727.0,0.01586324280793845,-9.625780486414458,-0.8276973055666007,0.26276886888847073,51,0.27021381285102025,0.7992555160738131,1.191293100133713,-9.551246500132207,-0.8065820891235166,0.30669714765529205,0.27069476783804935,0.7986998871731485,1.1926255481335888,286.06573799711634,1.1919276973743402
15.046,41613.0,0.007985686668528424,-9.834200267140961,-0.8487028295978511,0.33880499959463245,51,0.2765565272757841,0.79048807568821,1.2030385794828267,-9.775543438732933,-0.8169217111658659,0.32601537021179194,0.27657172076047837,0.7902248607500254,1.203423201373997,286.06573799711634,1.1919276973743402
15.097,41312.0,0.011929682118224415,-9.972693667370779,-0.804578088071517,0.4797804413706821,51,0.2808691727535319,0.7865175007621527,1.209381123676583,-9.940622782610136,-0.7884687206232496,0.4199937096054511,0.2817243298651001,0.7856794423378078,1.210819869421181,286.06573799711634,1.1919276973743402
15.147,41829.0,0.009343912428600531,-10.068373236277212,-0.7353567897074554,0.42525060611081394,51,0.2852001779660794,0.7812645584001452,1.216715444359361,-10.050113101994542,-0.7288510978640564,0.41115907601011853,0.2856603942941209,0.7808953526281708,1.2175287703139621,286.06573799711634,1.1919276973743402
15.197,42420.0,0.008726488380539583,-10.151076998411822,-0.7387692426819742,0.44585616554239627,51,0.28732744502567326,0.7773169822033122,1.2206115016129009,-10.13203184447652,-0.7214053055434555,0.4317581048893097,0.2878051936049418,0.7767095406511451,1.2215638299043332,285.28228688522586,1.1919276973743402
15.247,43272.0,0.01627705190067412,-10.28199766292083,-0.7211797467504543,0.4206594577683518,51,0.28973032415733685,0.7761549340009322,1.223508126511886,-10.246822148036744,-0.68215453430381,0.3981474895362148,0.28978892961359104,0.7760398072947102,1.2239975445567777,285.28228688522586,1.1919276973743402
15.298,43875.0,0.012315453366599794,-10.493671719755296,-0.8208266768868007,0.4218010995880029,51,0.29207098030518736,0.7750851240607973,1.2240508479944787,-10.435119138457367,-0.7646106545582594,0.39893508380280984,0.2925050762435541,0.774956555443907,1.2245542539924605,285.28228688522586,1.1919276973743402
15.348,44920.0,0.00928181202635837,-10.783202414970079,-0.9013357733207263,0.3646337889743019,51,0.2980001772982817,0.7744922482868307,1.221725572414655,-10.6670075009118,-0.8466821552667769,0.37199079231207216,0.29799844248123203,0.7744126682040087,1.2223619943084763,285.28228688522586,1.1919276973743402
15.399,45444.0,0.008031676903034085,-11.009498613198197,-0.9784541578827753,0.3135794955704479,51,0.3037892831389596,0.7751397728970125,1.218271848313982,-10.91891152575823,-0.9101464845872943,0.34663560753129696,0.30284152668687553,0.7751910651682944,1.2195164147598472,285.28228688522586,1.1919276973743402
15.449,45783.0,0.0092483087564199,-11.252716546910692,-0.8595718345414518,0.3142929974652394,51,0.30666925895910013,0.7748360623322,1.2153192859981825,-11.162471829644335,-0.8659787693102444,0.3582328024020685,0.3072552630949522,0.774932861607865,1.2155760860456246,285.28228688522586,1.1919276973743402
15.499,46462.0,0.008146047959634589,-11.48390622035478,-0.8160611563130722,0.38658416917728855,51,0.30804872997529886,0.7768768213988952,1.2114849042844111,-11.383363815854628,-0.8117009857148189,0.3890429196112785,0.308458550747009,0.777215624749045,1.2112795280710162,285.28228688522586,1.1919276973743402
15.55,46939.0,0.011013769633113868,-11.642613439028567,-0.6525708796766931,0.3218588548821876,51,0.31018703966797606,0.7818544329660582,1.2051089569171982,-11.589005256752456,-0.700787364117755,0.3228581595578889,0.3104634317193947,0.7822953487927305,1.2052346676768468,285.28228688522586,1.1919276973743402
15.601,46948.0,0.012371836081859298,-11.74815759626268,-0.5767315232974399,0.2895971386279674,51,0.31439204465886417,0.7886511049949559,1.198527263433302,-11.714010079192137,-0.5957244727821697,0.33593471850958545,0.3133843671750663,0.7862498832312935,1.200350695660315,285.28228688522586,1.1919276973743402
15.651,47623.0,0.01332598336299207,-11.852631056487793,-0.5777403382908194,0.3583490904351668,51,0.3180278428550046,0.7952144400935037,1.1940278372949986,-11.813991046143546,-0.5769236091353672,0.35516645442414807,0.31838465909588987,0.7958472773946309,1.194149769384852,285.28228688522586,1.1919276973743402
15.701,47675.0,0.01328071987706014,-11.932709284154669,-0.5258134311341749,0.25932046529159813,51,0.32223899470847334,0.8043130274659097,1.1869469115928486,-11.908541867034325,-0.5414912196004544,0.3182665779106924,0.3222017014088682,0.8039198736468035,1.1880111238436868,285.28228688522586,1.1919276973743402
15.752,48014.0,0.014323300730804758,-12.017527490666417,-0.5343952833585593,0.12733927401134326,51,0.3242243382313461,0.8108984625969786,1.1829533391688989,-11.989253838542144,-0.5306978489430307,0.2442246160509846,0.32460880005262416,0.8118908556000629,1.1828980282418735,284.203944566558,1.1919276973743402
15.802,47309.0,0.012416260829409772,-12.147164387298703,-0.4556453310733017,0.22443618170671803,51,0.32675928278531075,0.822618110302074,1.1788324176753908,-12.101028069339986,-0.4759260390635121,0.2391370215455798,0.3264482999813754,0.821686866171401,1.179602929298028,284.203944566558,1.1919276973743402
15.852,46999.0,0.02168872983889769,-12.333291585581394,-0.499136968134548,0.26468437593037863,51,0.3274590257134964,0.8289497485004,1.1770358763242879,-12.266724248701637,-0.5021450098563031,0.2597254252108408,0.3277132489859089,0.8298571236738516,1.1772977130681128,284.203944566558,1.1919276973743402
15.902,46350.0,0.03618817889858016,-12.455821917420009,-0.5203250023527022,0.3365609816140697,51,0.3268785844605067,0.8345672401817882,1.176308712049586,-12.422228130865495,-0.5093039514561376,0.3596083256246357,0.32704695899636405,0.8350516372989732,1.1767302130616557,284.203944566558,1.1919276973743402
15.953,45923.0,0.02030672407274592,-12.830746752815095,-0.4604452163035412,0.3572215672347609,51,0.32611133524004104,0.841026053926419,1.1767408638542332,-12.719807388492663,-0.47688728572173794,0.4264331258034997,0.3259299296404189,0.8413980883201035,1.1770242350517373,284.203944566558,1.1919276973743402
16.003,43371.0,0.013157701590196516,-13.02443195261561,-0.49004835057068186,0.29026987909210095,51,0.33766581897335657,0.851901819433694,1.1862941023035571,-12.957483275590894,-0.4774671822436992,0.33511766939953885,0.333969926183963,0.8508952253367482,1.1834113943125757,284.203944566558,1.1919276973743402
16.053,40892.0,0.015700973865097462,-13.202893377349971,-0.5229744497945239,0.22835468764424363,51,0.34869381835213686,0.8553851663067981,1.1948709699624809,-13.141178084386537,-0.5559679233062589,0.26401661650844843,0.35020719720112914,0.8561695745868494,1.1961777142264092,284.203944566558,1.1919276973743402
16.103,40250.0,0.011985697822320125,-13.48942487180771,-0.5294703543611479,0.23228730324952682,51,0.3667791480044891,0.8601732564855397,1.2092908106921254,-13.411989233541656,-0.5371721672937746,0.2795077873604904,0.36737355056657905,0.8600455982758607,1.2094056717897588,284.203944566558,1.1919276973743402
16.154,39731.0,0.015444108386319535,-13.707477861222388,-0.4807033887998351,0.13418414416366034,51,0.3769802093050853,0.8642261009815847,1.2178407187739393,-13.651597131068288,-0.5126782827699492,0.2013035595262172,0.3786653667474852,0.8648188079881474,1.2192455890354816,284.203944566558,1.1919276973743402
16.204,40016.0,0.02081711398358293,-13.85789608322881,-0.5076905557585736,0.08758585308961134,51,0.38980764123503087,0.869901904972353,1.2301098061446167,-13.822497150188136,-0.5244275411436442,0.14498866753907488,0.389284086078987,0.8696463208276926,1.2292851089361816,284.203944566558,1.1919276973743402
16.254,39194.0,0.01102277496464262,-13.87806829871586,-0.49187794287632275,0.3540508497080209,51,0.3979674562059429,0.8741600288437239,1.238433706602351,-13.880179218291605,-0.5380382599398513,0.32520901874338604,0.3992554935668602,0.8747155398908816,1.2395937995257442,279.93953282860866,1.1919276973743402
16.304,39454.0,0.010800827534355332,-13.832983843700772,-0.3856963796391653,0.30479857095599544,51,0.4017616913999745,0.8813294362989739,1.2477810242617728,-13.849494406657781,-0.4483898581511535,0.39358435904608907,0.40241684074373174,0.8817673662205077,1.2481581138475797,279.93953282860866,1.1919276973743402
16.354,39733.0,0.012771180155328493,-13.698425401047533,-0.2504372584364969,0.2868770338921549,51,0.40456252481827104,0.8830963664124586,1.253008490827105,-13.747235431978446,-0.3151699227805987,0.31725978012272116,0.4051289715234343,0.8836829234405433,1.2540938489563518,279.93953282860866,1.1919276973743402
16.405,40245.0,0.020472262905491093,-13.515091499603491,-0.38951574297210445,0.3184172857318451,51,0.4066854559937289,0.8877125214992133,1.259097902914201,-13.565921935019057,-0.4015493517886534,0.3534623263014181,0.40709081064894304,0.8874205267497504,1.2590283365927057,279.93953282860866,1.1919276973743402
16.455,40563.0,0.021569851301587707,-13.356985779243068,-0.4405543646059682,0.1914672578775434,51,0.4062033858817176,0.8905698352790438,1.2616212230419857,-13.388798513441861,-0.4770978164190306,0.24288428373956175,0.4062701383404662,0.8911598836749282,1.2622652347796839,279.93953282860866,1.1919276973743402
16.506,41501.0,0.012787432112113372,-13.322595343654523,-0.37116334625914266,0.20271551197551477,51,0.403569423759377,0.8945916057289377,1.2625728969851406,-13.32859444974717,-0.44524535398530113,0.2446749805825145,0.40350825528480677,0.8947324422397214,1.2628127159647775,279.93953282860866,1.1919276973743402
16.556,42050.0,0.01940018125490453,-13.398226168673938,-0.38998268056842056,0.48418403296608087,51,0.400958404304193,0.8975188985124904,1.2618892327222506,-13.374884392730328,-0.4229255945461869,0.4564762176593211,0.40058785310533807,0.8981353590975772,1.2620581293518398,279.93953282860866,1.1919276973743402
16.606,43531.0,0.011670106293370165,-13.547253750287888,-0.4652684682355952,0.4762697428114193,51,0.3937221560103155,0.8999200958352385,1.2569506414825617,-13.514867757292574,-0.4887871727767558,0.543882759863314,0.3933500456204669,0.9002611386618494,1.2570155830233887,279.93953282860866,1.1919276973743402
16.657,44331.0,0.011226583812673425,-13.80745268784437,-0.4616189618868325,0.5891208265546342,51,0.38942853210796585,0.9024515415141393,1.2519806543157745,-13.700304274560644,-0.5073245454992272,0.560262593198207,0.38860398012557557,0.9028998141715838,1.251419032321903,279.93953282860866,1.1919276973743402
16.707,45886.0,0.01894194717139016,-14.142298136073608,-0.5058811794008822,0.5813593536887229,51,0.3804078791948366,0.9093905578077588,1.240850011613866,-13.991869729779397,-0.497566637467927,0.6087777025782836,0.38026754776785515,0.909436622810239,1.2415627910095226,279.93953282860866,1.1919276973743402
16.757,47213.0,0.010289798013215546,-14.495755127398871,-0.5281908079893678,0.49393318745107595,51,0.37519720694465303,0.9141116015982037,1.2316757728237966,-14.373710853381619,-0.5575526207462845,0.5612601225939033,0.3742645398282436,0.9150003554396618,1.2305227982817286,279.93953282860866,1.1919276973743402
16.808,48525.0,0.02106525156874874,-14.783445014982224,-0.4375633438772342,0.5175854103371614,51,0.3671569839584942,0.9229821111284485,1.216041602742452,-14.667938770181992,-0.4829258533524188,0.5350419108663137,0.3666458407136301,0.9236843282158417,1.215665101613201,285.45329972341597,1.1919276973743402
16.858,49218.0,0.012378194176725817,-14.998870289797429,-0.5217502951422357,0.38116854457950283,51,0.35656989706104514,0.9296860910870469,1.199664563412236,-14.925579449082973,-0.5051672995953879,0.452104281575044,0.35954552512689764,0.9291746780978739,1.2038330110814983,285.45329972341597,1.1919276973743402
16.909,50073.0,0.016469097032770254,-14.98256940704412,-0.6191403938232756,0.46650912832696223,51,0.34841341136364706,0.9315874474675727,1.1889691806727634,-15.00441463268013,-0.5884878761378941,0.4710702827426426,0.3476980655484258,0.9321980748926415,1.1886179601177147,285.45329972341597,1.1919276973743402
16.959,49529.0,0.009729684369322674,-14.697177592652483,-0.8130641506864327,0.5901365193486373,51,0.33690779642979085,0.9341990052097277,1.174630382461222,-14.814394713295203,-0.7915228837541156,0.6162899062251918,0.3378598267221892,0.9338234611463676,1.1760154345480607,285.45329972341597,1.1919276973743402
17.009,49946.0,0.007559295599510926,-14.181273438055255,-0.977937257755162,0.6201400810761446,51,0.32806810959049354,0.935986090144368,1.1657279156675773,-14.358280222390093,-0.9691117696105145,0.6748788035198898,0.32732373824888766,0.9363480577820195,1.165608190899701,285.45329972341597,1.1919276973743402
17.06,49530.0,0.009390400533360405,-13.341694797512526,-0.8807615306565674,0.5838192493063792,51,0.3165661440858811,0.9358893567965422,1.1549308733551948,-13.653555638386761,-0.9573549190555382,0.5882396894150498,0.3173311725202737,0.9363410890764742,1.1563430991084807,285.45329972341597,1.1919276973743402
17.11,49634.0,0.008540867669576685,-12.406431529430986,-0.7859438045922217,0.6791919381613856,51,0.30929986873003695,0.9354269693736265,1.1484891675620437,-12.685004937263818,-0.8221518174288434,0.6164183290202073,0.30824729634947284,0.9354004258156909,1.1481683944334653,285.45329972341597,1.1919276973743402
17.16,49465.0,0.01018148384082786,-11.420488639726232,-0.7150572873102002,0.5360147059667776,51,0.299323671508268,0.9347291546089158,1.1396731276998948,-11.711724006205614,-0.7179406806306173,0.4459646116857173,0.29984510402787046,0.9349449424539417,1.1408403192423122,285.45329972341597,1.1919276973743402
17.21,49464.0,0.011395967199293783,-10.496141599206036,-0.727461961121723,0.4291756367636924,51,0.2943022628784046,0.9324007496205214,1.1351113686876484,-10.807692733909755,-0.7095828598595881,0.2966474825041993,0.2934446999165128,0.9322337952494519,1.1350532745545305,285.45329972341597,1.1919276973743402
17.261,48615.0,0.011703625708735866,-9.609641913509035,-0.6173174274278439,0.542417371068797,51,0.2914707359843777,0.9286128305676998,1.1309724383427264,-9.911996190686844,-0.6542338547810107,0.35883844517826063,0.2911636392749647,0.9288174653887051,1.1317337671483616,285.45329972341597,1.1919276973743402
17.311,47975.0,0.010263970586640934,-8.812152532797816,-0.6510609498960764,0.5597142971830711,51,0.2892912332774979,0.926825848267559,1.1299118180382637,-9.030467270171291,-0.6331436909293887,0.4018940679157091,0.28909791270225477,0.9266125768938811,1.1302971136443085,285.7469425496647,1.1919276973743402
17.361,47500.0,0.014205472863296462,-8.157331989615194,-0.6872535476329765,0.5510780966282428,51,0.28632166876753495,0.9224054938403496,1.1300091055779216,-8.332684969861045,-0.6918674503138372,0.4252418543616914,0.2865491619699783,0.9229111043008199,1.1303442155420107,285.7469425496647,1.1919276973743402
17.411,46644.0,0.013656954986111497,-7.711939212221123,-0.706091688721639,0.5856581163530676,51,0.28634250721099186,0.9187935170177115,1.131763065561971,-7.855342684657244,-0.6836149124102432,0.5142621624726171,0.2862468385724426,0.9182924394808906,1.1324502636635756,285.7469425496647,1.1919276973743402
17.462,46411.0,0.012858948141411084,-7.499851752768123,-0.7253136261692649,0.5913565908111602,51,0.28651129839672496,0.9130238134206249,1.1356608450406542,-7.561161497718733,-0.7445263837844595,0.5645655798439886,0.2863745742409424,0.9134269920340086,1.1355275468105213,285.7469425496647,1.1919276973743402
17.512,45471.0,0.010520125020557347,-7.54964557353796,-0.7172413545621051,0.5962882913968092,51,0.2869638049894622,0.9098777404564937,1.1391836455978086,-7.52384420342866,-0.7269327576601279,0.5527152999768278,0.28709741736323663,0.9093210834633175,1.1402416697445203,285.7469425496647,1.1919276973743402
17.563,44674.0,0.008952050404386996,-7.757147091219115,-0.7379810288447015,0.6989929343119393,51,0.28938976168946423,0.9067765231593719,1.1480372997780166,-7.696561029120827,-0.7334421388299699,0.6510168890739316,0.28948971594451006,0.9064170046947804,1.1482299367714888,285.7469425496647,1.1919276973743402
17.613,42880.0,0.01591490853689094,-8.044457822184402,-0.6763657998834524,0.7785067211329052,51,0.2908185833328116,0.9058885973774736,1.155317017434585,-7.971007502204018,-0.6771524217694916,0.6812529248387823,0.2911088562167718,0.9057230532899694,1.15686941808944,285.7469425496647,1.1919276973743402
17.664,42742.0,0.00827364869004508,-8.287707918895514,-0.6289214432616375,0.8718173275057558,51,0.294914415896269,0.9042616155033835,1.1674506529032092,-8.22887814442481,-0.6498481538318832,0.7867937399301786,0.2947604130204805,0.9042043248294215,1.1676292885432211,285.7469425496647,1.1919276973743402
17.714,41618.0,0.008426879069790253,-8.478134152282726,-0.6042929172518686,0.871303254873469,51,0.2999523326847648,0.9032879821106421,1.1765028431543187,-8.439601367137222,-0.6290155006818883,0.7821101590414294,0.300760430131122,0.9031665813599757,1.1782038477483292,285.7469425496647,1.1919276973743402
17.764,41307.0,0.006187574488334728,-8.684829949063273,-0.5923120855711702,0.9683134384524206,51,0.3057787546629287,0.9038047082957732,1.1891331601658457,-8.629338666501763,-0.6069678010730064,0.895125052171087,0.30589469662581187,0.9037929974088483,1.1894447779427755,285.7469425496647,1.1919276973743402
17.814,41066.0,0.008108883577337512,-8.927040139580454,-0.7209006637343219,0.8644198513105583,51,0.3100410930705693,0.9042859511210022,1.1971572438533902,-8.863306879349192,-0.706079050784807,0.8764094826178344,0.31083710781469853,0.9044356702465249,1.198743662498232,285.7469425496647,1.1919276973743402
17.865,40880.0,0.013871579352261246,-9.288598586071178,-0.6803136361804375,0.6378094915681966,51,0.31643967036944176,0.906184189795922,1.2081091936776664,-9.154872691431512,-0.6670695962648481,0.6723415902663765,0.31676754166373966,0.9059897166110215,1.2084506886671533,286.8617325271489,1.1919276973743402
17.915,41270.0,0.007548681395051615,-9.545914741760813,-0.825391522424745,0.8928471081338218,51,0.31973966115722996,0.9083878310620986,1.2138229202801885,-9.45124839209006,-0.8177534518028408,0.7318225422612713,0.3205108234239932,0.9088995695524709,1.2152067912406284,286.8617325271489,1.1919276973743402
17.965,42514.0,0.005765591464332511,-9.761987481603226,-0.7883419198985419,0.9274457194427117,51,0.32541632878147897,0.9128404071604334,1.2181692236179813,-9.677570472125245,-0.8454915782009416,0.936108167313025,0.32591115693459827,0.9132230049529149,1.2189046938578456,286.8617325271489,1.1919276973743402
18.016,43877.0,0.008729292457834294,-9.908310390017073,-0.8576823859420786,0.698246190190242,51,0.3293487575883553,0.9160936556198237,1.2181060443502059,-9.850143662741907,-0.8840265747650853,0.7377548548050308,0.33023120461723043,0.9168522491379268,1.2185916975403437,286.8617325271489,1.1919276973743402
18.066,45011.0,0.004737003543501369,-10.019315758211414,-1.0987070735593305,0.7773578131247834,51,0.33342297886997174,0.9225043486376604,1.2155003933590083,-9.983854909976955,-1.1676216393180587,0.7832646534619352,0.3337387346863338,0.9229773100377364,1.2158388756612164,286.8617325271489,1.1919276973743402
18.117,45470.0,0.006124824607101956,-10.075053639484247,-0.9540921915241487,0.7545140847910653,51,0.3389928096129255,0.9295031155313143,1.2117524719454018,-10.068456969030876,-1.1142962467085002,0.8194430134067068,0.338679315763188,0.9293314661147487,1.2124068124392018,286.8617325271489,1.1919276973743402
18.167,45582.0,0.008192772642046858,-10.060780520326116,-0.901656142973215,0.6109666665872593,51,0.34131567354624237,0.9336419611683,1.2094055063705893,-10.074415501364197,-0.929253681374487,0.6459076653830472,0.3418043844006875,0.9342529259968795,1.2096888178630703,286.8617325271489,1.1919276973743402
18.217,45556.0,0.0076332140293207664,-10.002432964207122,-0.800296392714645,0.5556246942777686,51,0.34323039606953487,0.9391222556945302,1.2050909556918186,-10.019570042289908,-0.8358613180362937,0.5628347356842611,0.3436269543392935,0.9381655894780822,1.2069537257417629,286.8617325271489,1.1919276973743402
18.267,45848.0,0.014250951302324257,-10.02085679903153,-0.722742543109308,0.3410241405977212,51,0.34469963726501723,0.9429658693769177,1.203229726293709,-10.012984672541547,-0.7195831902639847,0.40007290795766576,0.34498910042777164,0.9433822660578893,1.20334379575979,286.8617325271489,1.1919276973743402
18.318,45761.0,0.029391451312898366,-10.054918806933227,-0.6951000456382431,0.3558078735760355,51,0.34524785380928663,0.9492280968619902,1.1999341642110855,-10.043151501269053,-0.6800363542759461,0.3590712387126502,0.34528916862322406,0.9490002244015053,1.2005293595606692,286.8617325271489,1.1919276973743402
18.368,45977.0,0.023203531081423097,-10.027683032349483,-0.4554232295350226,0.4277906730393077,51,0.34468032593635006,0.9531632561150569,1.1972881868444971,-10.046369213574483,-0.5251044837702835,0.40693821056889695,0.3447925090945237,0.953643880941687,1.1975814812726577,282.07948997341185,1.1919276973743402
18.419,46804.0,0.014088963733873383,-9.942718277234933,-0.3702467981232971,0.4548232011953229,51,0.3432465209723614,0.9574733654060269,1.1914629319148478,-9.973186913685165,-0.3433857704362956,0.5057256733013727,0.34349980507266437,0.9573550214283904,1.1925388288436045,282.07948997341185,1.1919276973743402
18.469,47237.0,0.015545946882513966,-9.904007138972416,-0.5270381407266472,0.6072185635092062,51,0.3411598155803706,0.9598063909129266,1.1870906408276887,-9.91086334486388,-0.4761837847604503,0.6381884403281004,0.34116735211349414,0.960272689637808,1.187374230265585,282.07948997341185,1.1919276973743402
18.519,47387.0,0.008730023930387527,-10.009732025604174,-0.7211886574238469,0.6765362274779908,51,0.3379624888774029,0.9625291383220167,1.1803759358896997,-9.952853633709651,-0.643438999539814,0.7411547089884564,0.3389133044591117,0.9623266062470704,1.181693843024276,282.07948997341185,1.1919276973743402
18.57,48835.0,0.013230510719713564,-10.34895412034662,-0.7532115940835554,0.5256648183510771,51,0.3333916255495523,0.9644580898732642,1.174439580352891,-10.231751848361414,-0.7309635093792572,0.637304789082696,0.33281061942987894,0.9648461181725947,1.1742434929377865,282.07948997341185,1.1919276973743402
18.62,48679.0,0.008641972329928083,-10.87259659831434,-0.8225891465588433,0.6566663708522216,51,0.32499581532982524,0.967833388591556,1.165442448473211,-10.708108271527355,-0.7729988202404088,0.7151445289089237,0.3256155375589476,0.9677863895157154,1.1668933910435968,282.07948997341185,1.1919276973743402
18.67,49288.0,0.009588989254283966,-11.481987851844213,-0.8230553775797849,0.5768130858546026,51,0.3213807937773848,0.9693958486984167,1.1604091451585277,-11.266423223919103,-0.8037207359193203,0.6762167551788874,0.32075570083708577,0.969756212760095,1.1602412443729309,282.07948997341185,1.1919276973743402
18.72,48868.0,0.006799880027512627,-12.094158986050106,-1.0204370426909775,0.7080814401920884,51,0.3150120625145284,0.9734367913104788,1.1536197278268694,-11.90928033777107,-0.9266274305245702,0.7495791623424439,0.3157098029588626,0.9731855378600006,1.154680914784852,282.07948997341185,1.1919276973743402
18.771,49636.0,0.006936564186830517,-12.716910769251722,-1.0713605261937171,0.48042425681650514,51,0.3102982526401183,0.9755628165856389,1.1488521344047429,-12.534658960559602,-1.0176162028611888,0.6015739679154875,0.3094905622004304,0.9761056588168151,1.1487054208940968,282.07948997341185,1.1919276973743402
18.821,49003.0,0.006833601920690786,-13.305505104230338,-1.1494588033960398,0.3423910171166414,51,0.30723339340003525,0.9788112005671291,1.1437637260276894,-13.138688740803014,-1.090795604452584,0.39977319028268793,0.3075574906875701,0.9781901519005723,1.1445449591286097,282.07948997341185,1.1919276973743402
18.871,48928.0,0.005964540791963075,-13.835054421416359,-1.1138809001005072,0.4166329237925946,51,0.30365970916604995,0.9815654555975908,1.1408221011767878,-13.714433257769649,-1.0780502194064612,0.454795896100996,0.3032011354434012,0.9821222370704716,1.140991130691265,282.07948997341185,1.1919276973743402
18.922,48546.0,0.00929314325731303,-14.24641063994336,-1.0964290410343414,0.34316269564813623,51,0.2947133582872135,0.9856641347357542,1.138235970641455,-14.13947554150403,-1.0661649628748249,0.4052500203447746,0.2947990002383761,0.9859133980715842,1.138731556199769,286.71368766338753,1.1919276973743402
18.972,47483.0,0.0077559528967583976,-14.510513599765344,-1.0034097916928277,0.3387325283986675,51,0.29051293874674416,0.989555003161168,1.1390737945460478,-14.449971853698965,-0.9791276020403117,0.384711933962199,0.2898552862500845,0.9900070065295972,1.1395414419700147,286.71368766338753,1.1919276973743402
19.022,46298.0,0.010713629333862782,-14.521655262167416,-0.9388190432996967,0.4080691678346996,51,0.28263093103834813,0.9964681071180433,1.1431046191014587,-14.529173419988753,-0.9054672040974745,0.432008597174827,0.28271377665493375,0.9966669451582384,1.1434516333367863,286.71368766338753,1.1919276973743402
19.073,45427.0,0.0070313765310847254,-14.380001709245526,-0.86701284124808,0.6513796815759113,51,0.2778184520582494,1.0010045791930404,1.1474769549472745,-14.4129254384888,-0.8629460490190384,0.6322096258874536,0.27701351610586733,1.0018484473106557,1.1486198506090415,286.71368766338753,1.1919276973743402
19.123,44373.0,0.007649499963768185,-14.22943718278955,-0.88525049352176,0.5413188370097896,51,0.27017973949065976,1.007997622962443,1.155755015021699,-14.261648789578961,-0.8535785048802168,0.6291907946285696,0.26964998723752914,1.0086280589549073,1.1567287991097541,286.71368766338753,1.1919276973743402
19.173,43696.0,0.006528444432920801,-14.094679005578277,-1.0430327856045576,0.5317331646623752,51,0.2653014495680508,1.011453591753093,1.1625132591905594,-14.132957964841426,-0.9476229577340305,0.6127796843539263,0.26450905652527756,1.012158163811055,1.1639438652416334,286.71368766338753,1.1919276973743402
19.223,43902.0,0.006201965309139556,-14.057959832996824,-0.9390672664469301,0.672059920307032,51,0.26120279687301323,1.0194499147525369,1.1715814226139263,-14.069500028383016,-0.9404875401798516,0.6904878990643996,0.26128848769651924,1.0197205894395205,1.1720864549194365,286.71368766338753,1.1919276973743402
19.274,43461.0,0.008408279426365572,-13.974192010025803,-0.8180033672131225,0.6038484896537859,51,0.25688305033273834,1.0230358274013123,1.177630521959194,-13.99407252862716,-0.8048675750082992,0.7517927760325739,0.25624419377080104,1.0239085226730613,1.1791573115895246,286.71368766338753,1.1919276973743402
19.324,42572.0,0.01266800245462696,-13.940474748062583,-0.8879463727647599,0.7319045175073825,51,0.24900476481582287,1.0258638861034204,1.188154592806738,-13.953588009332755,-0.8400236659418003,0.8101450039152459,0.24923918837092332,1.026096398147789,1.1884946535349197,286.71368766338753,1.1919276973743402
19.375,42333.0,0.011590659178360668,-13.88710804684376,-0.8317663075668426,0.8070783385104241,51,0.243910581258862,1.0294898667163945,1.1950688940254075,-13.910898810260546,-0.8653174953741342,0.8601128992087353,0.24301029961335485,1.0300635618521323,1.1965414330450843,286.71368766338753,1.1919276973743402
19.425,43396.0,0.007563491246946755,-13.805289795726111,-0.8998133745863496,0.731960760688628,51,0.2398824655112125,1.0357196278171286,1.2008160284648042,-13.834240252855784,-0.8602586941489716,0.8235272079095775,0.23949820820480966,1.0362116576755174,1.201622011582315,286.8123671550423,1.1919276973743402
19.475,44064.0,0.006410042582580187,-13.687051040612637,-0.9644842183898429,0.7561815939863268,51,0.2399305600351185,1.0418654813605588,1.2046982130728119,-13.728133034149806,-0.9426858487616104,0.8521771992656627,0.23987676897229027,1.0408458362154174,1.2041951468582512,286.8123671550423,1.1919276973743402
19.525,44461.0,0.008234911107923387,-13.538344125241709,-1.0041258481346707,0.7098411736445344,51,0.23972689192955798,1.0447458566184629,1.205551317522433,-13.595092206540608,-0.9867152585197987,0.7825918118935538,0.23985415561669118,1.0452483179133742,1.2062224243919508,286.8123671550423,1.1919276973743402
19.576,45196.0,0.005358020795870273,-13.327263882015524,-1.098900679776254,0.7227289727770547,51,0.23832039397487148,1.0460477852096,1.2048124170270338,-13.40854397059242,-1.0613568950795558,0.8014187627748347,0.2389944354286972,1.046653883335953,1.2057995437319198,286.8123671550423,1.1919276973743402
19.626,46197.0,0.006445403383037759,-13.09019483699971,-1.2038087452922055,0.6629540353477688,51,0.23763399473484473,1.0462862822608514,1.202609748507866,-13.190142868743067,-1.1424115304805338,0.6955353523216609,0.2376113234838054,1.0464370696197984,1.2030684699430734,286.8123671550423,1.1919276973743402
19.676,46804.0,0.0072315062576999035,-12.938645767430716,-1.256070651213702,0.5698876778139608,51,0.23847324554280952,1.0487080466656424,1.1978270925713155,-12.983495788201624,-1.2075819712702887,0.5985838812532829,0.2381190102950778,1.0484765212620804,1.1990677913865193,286.8123671550423,1.1919276973743402
19.726,47904.0,0.00590583974233372,-12.840255522089253,-1.1251370985723348,0.45946292839362257,51,0.2393379193601885,1.0491284455652765,1.1936350433575218,-12.874020054975796,-1.1468036197927152,0.480935795801916,0.23964995836525024,1.049443444584351,1.1936282988807325,286.8123671550423,1.1919276973743402
19.777,47814.0,0.005108129178599448,-12.823180463827562,-1.2706405968581995,0.4476470754312622,51,0.2406055145571927,1.0488973956320993,1.1874055339355105,-12.819443749938735,-1.156333745391172,0.4826436041980216,0.24066697573265322,1.0489552363263468,1.1893084531595155,286.8123671550423,1.1919276973743402
19.827,48692.0,0.003717565651029592,-12.857814466042603,-1.2698142694669836,0.34850137236289297,51,0.23977224691846277,1.0478662918891501,1.1825700470635419,-12.843129037130367,-1.233564260836521,0.3590709351768969,0.23993873046797456,1.0478950746764377,1.1825564410878318,286.8123671550423,1.1919276973743402
19.877,48462.0,0.005701133416498097,-12.884407024916015,-1.2046623774250713,0.3726071334015597,51,0.23740940671670846,1.0429165356186245,1.1758857486268932,-12.875179870619949,-1.194098905988222,0.3455166844812155,0.23814305640065103,1.0438064970058092,1.1771441484594498,286.8123671550423,1.1919276973743402
19.928,48604.0,0.005079769908895647,-12.865193169431521,-1.1439928798359391,0.43651501717903163,51,0.23741892124612451,1.0383400192738217,1.1726253220117344,-12.875355840693919,-1.1313057272097622,0.3919892073234317,0.2373670613968907,1.0376860909441767,1.1726435981110448,286.8123671550423,1.1919276973743402
19.978,48598.0,0.0075659664071022655,-12.820977855032165,-1.0180475104174165,0.5547713561623532,51,0.234091250978586,1.0347991961235004,1.1678203114466161,-12.836295834761025,-1.0204714330016424,0.500212735536524,0.23412522100061936,1.0348852111530646,1.1683809634633966,285.7387775892867,1.1919276973743402
20.029,48391.0,0.008773505674034988,-12.706984427478845,-0.8510261095799391,0.6124828406939427,51,0.22964451184151147,1.0303691469991874,1.1649951841110537,-12.577158699562998,-0.8650438405939764,0.5663338661436392,0.2293378939270767,1.0300203852346344,1.1652587958745042,285.7387775892867,1.1919276973743402
20.079,47918.0,0.007912249504153984,-12.38673930152778,-0.8800771562655705,0.6099772029389289,51,0.22695906320265957,1.0205786567459847,1.1633871240668674,-11.311124880444792,-0.8115367825503722,0.6066180070601892,0.22669370877880765,1.0211315838021404,1.1635306070223774,285.7387775892867,1.1919276973743402
20.129,46859.0,0.007054296658262564,-11.506699678576224,-0.9944901700141843,0.541296527925161,51,0.22828413149980975,1.0144993171152044,1.164167202473204,-10.180176404080802,-0.8694851984301116,0.5898345490954844,0.2282650415662474,1.0134461435599669,1.1647038513804429,285.7387775892867,1.1919276973743402
20.179,46324.0,0.006621327651986672,-9.850440143121228,-1.0797355395673647,0.5419204316763958,51,0.23052307398383592,1.0044450244110747,1.167145439628403,-8.627962320675628,-1.0140992357877698,0.5238045595039134,0.2306786538493904,1.0045124903954445,1.167583085267899,285.7387775892867,1.1919276973743402
20.23,44836.0,0.006627285763540404,-7.569594661966363,-1.0030204273776684,0.7703270881962877,51,0.2327573771957192,0.9966362611961364,1.1717347780633136,-6.486611525567854,-0.9531138137398533,0.7060670701063271,0.23304658478158632,0.9955430471090214,1.1725610256906724,285.7387775892867,1.1919276973743402
20.28,43431.0,0.00905464470383097,-4.487045147427076,-0.9226718328799905,0.7260456216706943,51,0.2364820599295294,0.9865736297933009,1.1824767243424443,-3.850686659403476,-0.8847295372077696,0.7381722953527269,0.23604224716489816,0.9872139234106467,1.1818169401792102,285.7387775892867,1.1919276973743402
20.33,42102.0,0.0066667810955583695,-1.1496942236623973,-0.9505481080477913,0.7226652491558166,51,0.23928066946580362,0.9789676330189,1.1907342329324617,-0.2535183612270384,-0.9111456640989802,0.7047859199233222,0.23984188251919816,0.9777222613793313,1.1923676160548424,285.7387775892867,1.1919276973743402
20.381,40734.0,0.005409263372069835,2.840294129168044,-0.9940750139230233,0.7018995394130416,51,0.24272395359512855,0.9672103817319782,1.2053573537174749,3.426354795538509,-0.9639104740077921,0.6835376848010212,0.24262461387338743,0.9669213961518764,1.2055400006780592,285.7387775892867,1.1919276973743402
20.431,39824.0,0.0060217178780256255,7.823905381508493,-1.046925367463808,0.5423129317215978,51,0.2449742234091877,0.9614858966088244,1.2156560078758956,7.511310107089005,-0.9756437263262275,0.5752633670171374,0.2454400908056462,0.9603216681735176,1.2175776784239103,285.7387775892867,1.1919276973743402
20.481,39071.0,0.006127998804725979,11.45178692012003,-1.0099080005401386,0.5270600563843575,51,0.24998999223527946,0.952743922231556,1.2312530657823608,11.860281257623987,-1.0085916013094054,0.554485703816576,0.24999601627131215,0.9526765626771615,1.2314262648326773,281.69807596187064,1.1919276973743402
20.532,39104.0,0.007894167043957916,16.788646659066895,-0.8965597697394936,0.5440154943868482,51,0.25341467574266285,0.9473514408072952,1.2405334149056462,16.577576442671806,-0.8781078300454205,0.4560461637013945,0.25407366610876453,0.9464201894276385,1.24217528778163,281.69807596187064,1.1919276973743402
20.582,40293.0,0.007570511347289751,21.725322422509233,-0.8500941737761102,0.38701025118137217,51,0.25737006512777805,0.9383880169855499,1.2507633329037873,21.24951307776814,-0.8971768251077695,0.4190140782780373,0.25749488606845017,0.9383397067441251,1.2511937347279332,281.69807596187064,1.1919276973743402
20.632,40177.0,0.007487297384839267,26.516866743480538,-0.9164584381508409,0.4134951309742636,51,0.25913847719797384,0.9311160026977278,1.2560971845456557,25.95007698655769,-0.8741071508625767,0.3171129645875631,0.25960344307260963,0.9299511346728341,1.2572059548028083,281.69807596187064,1.1919276973743402
20.683,40117.0,0.007947373532183357,31.609324874886262,-0.906608045089737,0.4159122288359426,51,0.25999578680640956,0.9213393879463924,1.2635825131693985,31.43240773972613,-0.9177636785614418,0.41143205330758736,0.2602887040523213,0.9204877027003457,1.264173664625015,281.69807596187064,1.1919276973743402
20.733,40760.0,0.008135399250009058,36.63992264457409,-0.9473684860250216,0.21899173456065427,51,0.25900812478101454,0.9149646258912485,1.2686746742582862,36.54847581508373,-0.9028157491983381,0.290086925533064,0.25921761013059536,0.9163352406375982,1.267886541452732,281.69807596187064,1.1919276973743402
20.783,41011.0,0.009510440411334392,41.89656884053969,-0.9892135722771025,0.2500342913764916,51,0.26071578886867885,0.9118366738469963,1.270535098444579,41.338086643978116,-0.9872002568001059,0.25115353473163177,0.2605276595694376,0.9112436340128871,1.2709250580164186,281.69807596187064,1.1919276973743402
20.833,41442.0,0.007337268160986853,46.879456999884916,-0.9202435929505259,0.3967873972433542,51,0.26683273782558997,0.9097327689981324,1.2717074410268612,46.46243282524512,-0.9372676728495115,0.32761528177871113,0.2647709933273836,0.9092007136722218,1.272173545270912,281.69807596187064,1.1919276973743402
20.883,42038.0,0.006500534898213689,52.18476902699239,-1.0877463297421797,0.3954629114201597,51,0.27159564120241114,0.9102313582710182,1.2712588755383007,51.957993005042255,-1.0214358809473805,0.3963506019874219,0.2721308932535698,0.9101687217363899,1.2715031701912891,281.69807596187064,1.1919276973743402
20.934,42372.0,0.00609412916718284,57.30437827796323,-1.0584662545146768,0.2640987925191922,51,0.2799297592666479,0.9135783894554353,1.2694547394005857,57.12210669091438,-1.0767182913724223,0.26662770052900486,0.2795035111050926,0.9125114773264212,1.2700113609824024,281.69807596187064,1.1919276973743402
20.984,42931.0,0.006574729577038698,62.47851593449494,-1.071122926646747,0.2725655243429265,51,0.28391197943425206,0.9177105805774002,1.2669159401020647,62.2845166441439,-1.084635302658055,0.2470911337899067,0.28450833000463566,0.9180136628051834,1.2670993731837326,281.69807596187064,1.1919276973743402
21.034,43624.0,0.008715083954564752,67.80037097277152,-0.9511946470591108,0.19354698058960085,51,0.2904167225652075,0.9199633753982639,1.261814236788731,67.39148684039034,-0.995389813907127,0.19841094660154668,0.2900540118212564,0.9194937678267615,1.2631950473485658,282.1351992952667,1.1919276973743402
21.085,44475.0,0.008515767307343953,73.24382682636204,-0.9309472202378879,0.2873619345079675,51,0.29305424681971276,0.9199950425574203,1.2566863273277844,73.15666574895918,-0.921018326069216,0.22303697417030433,0.29348152705351876,0.9203589847015557,1.2568038734505382,282.1351992952667,1.1919276973743402
21.135,45589.0,0.007644422718134581,78.58754967264879,-1.0420821655703638,0.3070607605769357,51,0.2980845935436552,0.9191371537755683,1.2456391134117664,78.51228517860122,-1.020529181719024,0.29255148129887976,0.2979656622314187,0.9194349865248196,1.2473407252920674,282.1351992952667,1.1919276973743402
21.185,47111.0,0.007147427420203571,84.14184623605719,-1.0561531208242916,0.3599138003498668,51,0.30248302433488644,0.9188477887356917,1.2370494778348875,83.89936583697381,-1.0439724404418753,0.34160256502885145,0.3027443639468044,0.918698123594046,1.2368590413877036,282.1351992952667,1.1919276973743402
21.236,47124.0,0.005774130891915061,89.33815990303053,-1.1126595025844523,0.41497989949495495,51,0.3079550472528907,0.9227049686481658,1.2237530483570322,89.4356275853497,-1.0866861409737347,0.39833282183037305,0.30751111587141644,0.9220706347585533,1.2254264194364592,282.1351992952667,1.1919276973743402
21.286,48177.0,0.015072813484301012,94.48035763315285,-1.2203142880804463,0.34797456074805116,51,0.31199328566544215,0.9244166302986444,1.213830413758607,94.63410299942575,-1.177197102839778,0.3447871731230178,0.31240287293172614,0.9248216700528761,1.2137337420824925,282.1351992952667,1.1919276973743402
21.336,49049.0,0.0037931949199463415,99.55410065328786,-1.2738537454093373,0.4382081383475705,51,0.32124003294526265,0.9257114776087704,1.1984756377457992,99.65425861719602,-1.2378101503658747,0.37902160326341855,0.3205115892088595,0.9261191075577889,1.2003982935887982,282.1351992952667,1.1919276973743402
21.386,50708.0,0.0038532126681786886,104.92952594740593,-1.2971023730608393,0.39718543126643885,51,0.32738629313302636,0.9236200841923264,1.1874119288009521,104.74963239255162,-1.2671794767076923,0.4109461565128567,0.3285872500567565,0.9236432165299597,1.186519665543353,282.1351992952667,1.1919276973743402
21.437,50906.0,0.004739142774967143,109.81948963892654,-1.2152798170164851,0.336280283780025,51,0.3358036596172243,0.915549830442706,1.172002684423421,110.15360405830981,-1.2434227783661955,0.33948984419730344,0.3363308844709704,0.9158429527768371,1.1723984231028026,282.1351992952667,1.1919276973743402
21.487,50037.0,0.006515681375157748,115.08060644613103,-1.1133198976066538,0.3900085714577039,51,0.34117156281007166,0.9078016480020009,1.1637041499705902,115.15800760513243,-1.1549980823847914,0.3640327129444852,0.34216525816418586,0.9069165054094144,1.1631411956315112,282.1351992952667,1.1919276973743402
21.537,49666.0,0.00750385227100187,120.05412344050265,-1.095991271069073,0.2716785372424961,51,0.34582887973034276,0.8910097655463911,1.1523453158088874,120.09266085597865,-1.082955820102373,0.3001799960170008,0.3458897225392893,0.8931265162935739,1.1537539999473636,285.5755775011886,1.1919276973743402
21.587,49785.0,0.00653770303867135,125.03217026977444,-1.2075694192044804,0.20686339698218673,51,0.34990256726769664,0.8788635516160048,1.1461723703571327,125.3342198889427,-1.2027546029214544,0.2110153688330196,0.3505124130415708,0.8770699382476342,1.1459748734312352,285.5755775011886,1.1919276973743402
21.637,49512.0,0.007202931334183796,129.76572412395544,-1.1661760966397807,0.2942073860399749,51,0.35439972801948166,0.8602256881887835,1.1376476968729314,130.07499955136407,-1.1812938827204096,0.2601579162613354,0.3547623347640301,0.8616406650095896,1.1389635429068945,285.5755775011886,1.1919276973743402
21.688,49370.0,0.007321722734041634,134.78356775485824,-1.1180280785175298,0.28500620988717906,51,0.35447524248675,0.8472796069437263,1.1338506500077137,134.8482293848454,-1.1057329609006907,0.30340795441816343,0.3547791926524428,0.8453388278465049,1.1338560644605384,285.5755775011886,1.1919276973743402
21.738,47898.0,0.005350781004803831,139.71963959863717,-1.2451871806003827,0.07922338497971211,51,0.3524242548308406,0.8354914038614606,1.1334988720720574,139.93415383430343,-1.1881151726591481,0.1031495711426403,0.35328108700736877,0.8355266856076665,1.1335787034352296,285.5755775011886,1.1919276973743402
21.788,46491.0,0.005939819443950554,144.82981495481582,-1.157936757014612,0.1183625085885469,51,0.34772025714510374,0.8307773643886655,1.135266535061698,145.12653861995577,-1.1812865257975673,0.10364724304045118,0.3470436484542214,0.8297566959205622,1.135994720116922,285.5755775011886,1.1919276973743402
21.839,45352.0,0.012960600861021998,149.7167495548635,-1.0739435613080544,0.12367844767126192,51,0.33915195761443884,0.8238184304189897,1.1407881382794807,150.15751706185603,-1.0886196395532939,0.11936028012122274,0.3391249093344159,0.8236970331352288,1.1410284088091498,285.5755775011886,1.1919276973743402
21.889,43890.0,0.0118083394037627,154.9387548179199,-0.9337766093748688,0.22061033084605858,51,0.33501238332780925,0.821808990560809,1.1473660163691541,155.18359198114072,-0.9545301221223925,0.1850075948599767,0.3342760934954769,0.8212709285134194,1.1484438320825,285.5755775011886,1.1919276973743402
21.939,43173.0,0.013254198954840233,159.73905634386423,-0.8083044286181722,0.17704874032420986,51,0.32743033746416883,0.8236650636606747,1.1600173029323357,160.35309448456064,-0.8256979468873122,0.16104072240032097,0.3273445773353705,0.8235788433931794,1.1602105810078582,285.5755775011886,1.1919276973743402
21.989,41142.0,0.009929198815343853,164.6149737318846,-0.6596651574470066,0.2378065525904104,51,0.3224569452342033,0.824850099882463,1.1697241060081813,165.19871210753587,-0.69107186238182,0.22383233233799282,0.32163368042735774,0.8251091568377384,1.1715360293341441,285.5755775011886,1.1919276973743402
22.039,40765.0,0.009890890829816232,169.41165959600283,-0.6200068537475264,0.3400303173959475,51,0.31299746299069403,0.8235566598053363,1.1854481632246074,169.88657724102757,-0.6341283891886053,0.29291194040448276,0.31300326641442805,0.8237539749989605,1.1857092988282356,285.5755775011886,1.1919276973743402
22.089,39592.0,0.010473665376132452,174.23511249502306,-0.5882314081250495,0.4093462147570238,51,0.3057423029069436,0.8236879833280472,1.1959950161484059,174.66518704514854,-0.6005384552725995,0.3911965750220933,0.3047307509476529,0.8236805338311068,1.1975994123538485,285.86947208256913,1.1919276973743402
22.14,39244.0,0.022791263137678867,178.86909816062033,-0.4952324371104956,0.38389304931626367,51,0.2960178448319725,0.8221350643881076,1.2116942528831258,179.53336365501272,-0.5166724285691952,0.36254296162145855,0.29588812109018164,0.8224426109053448,1.2118036548635684,285.86947208256913,1.1919276973743402
22.19,38489.0,0.011515563098597558,-175.31675043486663,-0.4766175607087206,0.32879869694083563,51,0.29160015103670006,0.8193883049113633,1.2226720651627634,184.3500818647016,-0.45276065746871275,0.3107086612990975,0.29069509455537856,0.8189641706000179,1.2245424192400836,285.86947208256913,1.1919276973743402
22.24,37633.0,0.015427752957505111,-171.38601665420842,-0.417747026279065,0.30295935905144744,51,0.28639524470788136,0.8185674314571636,1.2391535993794018,189.11017600389513,-0.462652288877424,0.29467227808903174,0.2860054381751223,0.8182675010348386,1.2391531571924115,285.86947208256913,1.1919276973743402
22.29,37541.0,0.009182650266253445,-165.5796072411878,-0.49643366562205843,0.32302343834871583,51,0.28280231931347055,0.8167193878798689,1.2492528822675497,194.16749437764915,-0.5070748018258546,0.39379680851838456,0.2822122206176197,0.816499674067518,1.2511141530709116,285.86947208256913,1.1919276973743402
22.341,37805.0,0.011033867794387968,-160.65431080037618,-0.4429481238819195,0.45603305401595323,51,0.2783333368065891,0.8170771220709907,1.26137711314157,198.97046901545872,-0.4309855193279368,0.38394307277704826,0.27794307327998674,0.8168626155477775,1.2622333132200412,285.86947208256913,1.1919276973743402
22.391,38888.0,0.009828760304570435,-155.66245497674046,-0.4045450964059473,0.46063812158432527,51,0.2772551346305968,0.8188767649569283,1.2665412621601642,204.01608019942185,-0.42353652903917943,0.4298242905770856,0.27696137722416403,0.8191888037440703,1.2676539461708698,285.86947208256913,1.1919276973743402
22.441,40228.0,0.014954532088000547,-150.42558934584633,-0.4522469498993362,0.3486188223310379,51,0.27928043703835187,0.8192577737806712,1.270304494718878,208.872421876466,-0.4006736582393515,0.37551271302302774,0.27886985723741525,0.8193277312276368,1.2705999614142014,285.86947208256913,1.1919276973743402
22.491,41018.0,0.01480193685473193,-145.2820818040733,-0.5519673302136795,0.307658673488752,51,0.28421947903444933,0.8210646576137842,1.2708644598179957,214.5894017256796,-0.5443829055181398,0.3264298444087745,0.28314773290720946,0.8207473969969801,1.2710431201277466,285.86947208256913,1.1919276973743402
22.542,41527.0,0.011759000108568816,-139.84059804719388,-0.5716113345013553,0.31995882616056914,51,0.2861375431295429,0.8214874124614835,1.270034712121355,219.8868537551921,-0.5922771950276096,0.27729511846065474,0.28654195360788975,0.8217095461466324,1.270257796427193,285.86947208256913,1.1919276973743402
22.592,42201.0,0.01192095764230877,-134.4104719489114,-0.5121956007479613,0.4081742765382194,51,0.2888168548803609,0.8187988447694072,1.2667765356136613,224.8765091542669,-0.5337056815953438,0.32784519244465143,0.28720593089556634,0.8197589504602877,1.2676185652849747,286.1394071751142,1.1919276973743402
22.642,42364.0,0.0155703361295798,-129.12646546798896,-0.522048773834249,0.3531535885113896,51,0.29279887519060743,0.8172695781397643,1.2645328344845317,230.74202718479114,-0.5490651597612541,0.3519216687975042,0.2931507300458663,0.8170148376351646,1.2645178717066927,286.1394071751142,1.1919276973743402
22.692,42857.0,0.010947678857663163,-123.87094231919181,-0.647920293695034,0.32653650566597775,51,0.3000501941969638,0.8149486308564499,1.2591688348735028,236.0567072475384,-0.6214993081458143,0.3365187050213733,0.29828019290123897,0.8155808426773474,1.2609873804094915,286.1394071751142,1.1919276973743402
22.743,44211.0,0.00916062356538227,-118.46556082210115,-0.706980493289148,0.27027777022166144,51,0.30577526128884364,0.8120813492741696,1.253097508124934,241.5216268347111,-0.7176230910515079,0.2820485845982397,0.3064361506562158,0.8119225058490309,1.2530819992904667,286.1394071751142,1.1919276973743402
22.793,45984.0,0.011458948417999253,-112.96875575127369,-0.626811294089851,0.4273996176825618,51,0.316459317755427,0.8089622877745154,1.238371519378286,246.83858587898825,-0.6426991941650209,0.3838572076258826,0.3157589697498126,0.8089637551406107,1.240496011098616,286.1394071751142,1.1919276973743402
22.844,48893.0,0.011642777634068902,-107.71939429330374,-0.6182376838030911,0.5185608810183812,51,0.3247070962845463,0.807289610236752,1.2263763100905143,252.1509710135602,-0.613754410653596,0.44368509376577003,0.32600045578160913,0.8070529316113342,1.2252423963986367,286.1394071751142,1.1919276973743402
22.894,48269.0,0.009965319487909964,-102.09577283867625,-0.8055578661649194,0.5241959687078067,51,0.34168760248608676,0.8031276846216941,1.2087647196338236,257.6151302267357,-0.7755409308098379,0.5125175875028265,0.3376302527451899,0.8043416727358083,1.2129575589275168,286.1394071751142,1.1919276973743402
22.944,49745.0,0.013488285215802262,-96.55082329314358,-0.757328135608908,0.5272063322234186,51,0.35320350068468487,0.8011282086234779,1.1973810646495429,263.204845658858,-0.757657656844107,0.52695046899514,0.354634521240887,0.8009004156669115,1.1969251714411986,286.1394071751142,1.1919276973743402
22.994,49199.0,0.014134934656272817,-91.06455083131058,-0.576648982926327,0.6919303781572387,51,0.3695182949969182,0.7958124758938302,1.1803538451054358,268.96175448788273,-0.6145017408193979,0.6042248640193694,0.3686403156719794,0.7966765577323459,1.1825769272067876,286.1394071751142,1.1919276973743402
23.045,51292.0,0.011013563870738144,-85.5118518894565,-0.607640927800239,0.6723293134118347,51,0.3806560925964102,0.7914136976607666,1.1686376670154777,274.4132775286868,-0.5809899425388216,0.6644347444991845,0.38247786827528346,0.7908141840630047,1.1676177102639385,286.1394071751142,1.1919276973743402
23.095,51324.0,0.009745944480188309,-79.86647477051805,-0.7829967817752195,0.46474895536069966,51,0.39930861759829567,0.7871852478079746,1.1501249056454244,279.864322885473,-0.770087163803747,0.5165124167496211,0.3983781722236811,0.7874154834538695,1.1525124738299721,286.1394071751142,1.1919276973743402
23.145,52006.0,0.014543416677318063,-74.69182312017118,-0.7020439844924277,0.6344811239648271,51,0.40966551371917387,0.7847352618296914,1.1388639995101124,285.53814935731634,-0.7360093110274815,0.5340577563161641,0.41146294702453107,0.7844367115016434,1.1380176225138934,285.05458805712874,1.1919276973743402
23.195,50464.0,0.009118284259839262,-69.59924589739725,-0.6806141265532484,0.7658873262882367,51,0.4221712524038215,0.7785826984004731,1.1272106914756752,290.63641260194805,-0.6885247620315139,0.7010007123717451,0.42104977046451,0.7795905595198106,1.1281527903877355,285.05458805712874,1.1919276973743402
23.245,49652.0,0.010171608585253523,-64.53189518019323,-0.49103951956418895,0.8082843003347107,51,0.4298707074370509,0.7744922795853436,1.1226434782461097,295.45441438412183,-0.5412819995222847,0.757571514357114,0.4313132444735807,0.7738798226904431,1.1224573269407556,285.05458805712874,1.1919276973743402
23.296,49093.0,0.009240333784790345,-59.74998960216936,-0.37087303410720834,0.8780072714384846,51,0.43952102584818603,0.7681355392979691,1.1175569621485424,300.59824074817533,-0.40675247237667234,0.7871103931946228,0.44005921057334785,0.7682036933789189,1.1178639009468534,285.05458805712874,1.1919276973743402
23.346,48271.0,0.012017814085192424,-55.02169426667406,-0.21214046326149105,0.898367564815897,51,0.44614117246749435,0.7644628541828228,1.1165069681737374,305.39610322349006,-0.23395879834728275,0.8292324387979466,0.4473414371077104,0.7637915489996614,1.1168126644221827,285.05458805712874,1.1919276973743402
23.396,47369.0,0.010103825817458794,-50.454916702514446,-0.33881506538315626,0.7310054160135503,51,0.45559468998565256,0.7621737538922281,1.1177471316450254,309.89049952543206,-0.31212733303316054,0.7239082535355189,0.4560602851365485,0.7620721861152175,1.1181383304229031,285.05458805712874,1.1919276973743402
23.446,46242.0,0.01339828485807982,-45.749429817810615,-0.35337161670700384,0.5160609588016815,51,0.4612097381096735,0.7594147872282104,1.1206795416756636,314.5540225915966,-0.3472295063419031,0.49161316793481447,0.46216827942352356,0.7591994396620834,1.1215117318073413,285.05458805712874,1.1919276973743402
23.497,46070.0,0.010400246627203593,-41.258719253659336,-0.4568932820656524,0.7049646265576187,51,0.4730479348997602,0.7531089534984212,1.1244818515571713,319.374913936883,-0.48800489783055323,0.6257490742174497,0.4738337969719631,0.7525901509494017,1.1252712449288982,285.05458805712874,1.1919276973743402
23.547,46025.0,0.008996712304287795,-36.69247019737037,-0.4726588224336724,0.8138119634999372,51,0.4830201465895069,0.7496703992989895,1.1275546270735965,323.86769387049213,-0.5939415946374803,0.7628817757045361,0.48467996363993443,0.749109658071211,1.1285376084596257,285.05458805712874,1.1919276973743402
23.597,46035.0,0.0070690251280334715,-32.309795738871536,-0.6434266292141095,0.9044095062981503,51,0.4975569980576898,0.7455861714391581,1.1313310533433731,328.25734126259323,-0.8415322853966797,0.8789208052493999,0.498073749052081,0.7456441635814918,1.1318103570759435,285.05458805712874,1.1919276973743402
23.647,45633.0,0.006625326762353971,-27.788842878465314,-0.8849414824231335,0.9973191644960909,51,0.5087985389863755,0.7417693456111394,1.1346732988980792,332.6509157985212,-1.0768041578025218,0.9653955861245543,0.5108402137572347,0.7411718155457973,1.135708161507032,296.1909837627207,1.1919276973743402
23.698,45421.0,0.005424936538099503,-23.256181266825322,-0.9619391715656679,1.0563089998868085,51,0.5275680489011988,0.7379752622392394,1.1410742990933311,337.41971921592767,-1.2509089004650606,1.008521748002608,0.5278462400676769,0.7379121352303054,1.1414227617300943,296.1909837627207,1.1919276973743402
23.748,44168.0,0.00466989496969881,-17.515900559536895,-0.9044179667335547,1.1380861596619571,51,0.5407036237669226,0.7336731589686765,1.146697535950269,342.05982738432755,-1.1947663636602524,1.0901384441056123,0.5431502015197139,0.7331631723455755,1.1480280890359107,296.1909837627207,1.1919276973743402
23.799,43634.0,0.005912829955246446,-12.762428892979226,-0.8325597483205237,1.077997864015382,51,0.559146341764291,0.7276701759747073,1.1580469174152006,346.633538511091,-1.1397311361031657,1.070140776701474,0.5593103820384553,0.7275157897318171,1.1580710971016739,296.1909837627207,1.1919276973743402
23.849,42091.0,0.007544590854919945,-8.064858267096245,-0.781582472478594,1.1092716472059077,51,0.5719144130899764,0.7246551679289956,1.166917708195028,351.7109578521088,-1.1098566073118088,1.069507415563121,0.5744457455760764,0.7241910316381279,1.1688526825127519,296.1909837627207,1.1919276973743402
23.899,40284.0,0.004791221058447453,-2.976610428963545,-0.8564477354377874,0.9707972933647374,51,0.5916399382652671,0.7216723081397699,1.182198575992258,356.4763313296361,-1.118928957992688,0.9586763990162914,0.5931127930846387,0.7213349640422959,1.1832383390356054,296.1909837627207,1.1919276973743402
23.95,40125.0,0.005706813849024704,0.8789362693081626,-0.9312836186291197,0.9654151953294461,51,0.6050614933010257,0.7214809546624873,1.1928443004978735,361.2444696551436,-1.2105500171290786,0.835956296993511,0.6074010882098166,0.7214439218788083,1.1947168325122666,296.1909837627207,1.1919276973743402
24.0,38742.0,0.004787213394786171,6.615241249972166,-0.9721650116335206,0.8284665175062716,51,0.6224542573487328,0.725233968035462,1.208293897731875,364.6830119021486,-1.2774044659793269,0.6282781380861608,0.6239663524065792,0.725329724001382,1.20948685597819,296.1909837627207,1.1919276973743402
24.05,39006.0,0.007372421767292433,10.362451338263506,-0.910239591621459,0.5700762305965292,51,0.6337982735047502,0.7280876645663905,1.2187940836696558,368.9977271157898,-1.1913659377561112,0.28810099549658025,0.6360202623342953,0.7287786831803114,1.220775638508436,296.1909837627207,1.1919276973743402
24.101,38371.0,0.009741180683233661,13.410111261582442,-0.5915549975302377,0.340731639840245,51,0.6516047142402889,0.7349341750018537,1.2339665251399476,372.25423587533044,-0.8979930633963852,0.03165032206380249,0.652885785564769,0.7354029144944011,1.2349367514382945,296.1909837627207,1.1919276973743402
24.151,37824.0,0.022817689870041357,15.74293607339768,-0.5184341636012483,0.14914317179932549,51,0.6639431737786957,0.7447268050026854,1.2490865572461578,374.85364597975945,-0.7166936520378026,-0.13685069297748875,0.6617637215079262,0.7428714003243928,1.2459832699267912,296.1909837627207,1.1919276973743402
24.201,37168.0,0.009778138728907877,17.460654261924326,-0.6986118620826497,0.20909208105946772,51,0.6693651779550738,0.7507349053277139,1.2581859013474226,376.9338797562072,-0.7828097661830521,-0.09918296045877734,0.6705389240909371,0.7518777055740267,1.2596123079969062,283.4306446030631,1.1919276973743402
24.252,37983.0,0.011303044259348576,18.717065795229665,-0.774999613420108,0.3342237752079275,51,0.6706152347476074,0.762447440254231,1.2707754455374272,378.31039435771555,-0.8242653326129229,0.13350332401802714,0.6728535622363901,0.7584657793583447,1.2681791099989426,283.4306446030631,1.1919276973743402
24.302,37210.0,0.011328424230688618,19.544856471510865,-0.3027318135309953,0.3827266538175325,51,0.6663645320855828,0.7743147699851736,1.278133587759706,379.21273917698613,-0.5445615160784195,0.2603121246757605,0.6662549486222283,0.7754088458410253,1.2788729929245535,283.4306446030631,1.1919276973743402
24.353,38367.0,0.008214234991303401,20.027578687948065,-0.4358571759981306,0.7038604267334384,51,0.6596275465588091,0.7903122251371262,1.2845152544546738,379.8768704085691,-0.4147851040995137,0.5741537156438159,0.6598537268279699,0.7896257526868784,1.2846104993286145,283.4306446030631,1.1919276973743402
24.403,38832.0,0.007447327949064204,20.284601407539697,-0.6574145499796714,0.8200302343708571,51,0.6514406760718984,0.8010066089720429,1.287588413981209,380.21259865157873,-0.6778750684073501,0.7724397506269035,0.6506304834970291,0.802756359878464,1.2881105365474983,283.4306446030631,1.1919276973743402
24.453,39568.0,0.007348671099894307,20.295433370913557,-0.7616546876986569,0.7205951262744663,51,0.6327639882340266,0.8190170337475706,1.2887530985355322,380.302699756713,-0.7802048815073573,0.6553610915580953,0.6375095440984755,0.8149802233151102,1.289396057555255,283.4306446030631,1.1919276973743402
24.503,41683.0,0.007607334509118216,20.177698613703114,-0.8022013530163947,0.6922854923065671,51,0.61867653254213,0.8304875262589193,1.285658069151453,380.21346872461476,-0.9150491265518196,0.7540044098229165,0.6161669095581329,0.8328682077197973,1.2854908659886752,283.4306446030631,1.1919276973743402
24.554,43215.0,0.005404305186172406,19.98030713205337,-1.1315671912777743,0.5080121003834199,51,0.5988307777805911,0.8454759028372361,1.2754327452982896,380.04190869894967,-1.1746727154974925,0.7899287261566083,0.6001427977402242,0.8446157420508115,1.277200810375955,283.4306446030631,1.1919276973743402
24.604,46077.0,0.003005222898141998,19.785113382751746,-1.3206755224032318,0.6514050339293802,51,0.5853953445064219,0.8566538322796391,1.2651559167015067,379.8445489125103,-1.406827728573176,0.8297065508471455,0.583421424351492,0.8583897184188729,1.2642657836681443,283.4306446030631,1.1919276973743402
24.654,47040.0,0.0037669275274866106,19.68869756878522,-1.1390975421438476,0.9658684786992722,51,0.5648478549032664,0.8771460584679316,1.246454957882611,379.7001807615694,-1.2555665208370879,1.1430400869827402,0.5644573572827359,0.8775750512683191,1.247083600792203,283.4306446030631,1.1919276973743402
24.705,49733.0,0.004399714300501059,19.663268731443605,-1.0636832784203853,0.8735288310061537,51,0.5495890162213901,0.8912804083953544,1.232408750820835,379.6691067828944,-1.134490856943373,1.0888183269242746,0.5469623455669991,0.8940031849060466,1.2305448460677433,275.5124531750176,1.1919276973743402
24.755,50335.0,0.00595218176476577,19.60932638448177,-1.1497540645340074,0.7094430070605764,51,0.5207258983773755,0.9099657417199066,1.2079201813725793,379.6280971647707,-1.1469199214795205,0.9543396310741682,0.5208145169354735,0.9109378738198601,1.208736739671004,275.5124531750176,1.1919276973743402
24.805,52131.0,0.004318917096962788,19.61283797172884,-1.2371308307418563,0.6197003969429886,51,0.49873331935783555,0.9197412812975025,1.1916554820919416,379.60816208679336,-1.2196981130438695,0.7469276916783729,0.4957008906643368,0.9215116916897743,1.1902247371096097,275.5124531750176,1.1919276973743402
24.855,54000.0,0.00582765507096983,19.766577306999295,-1.2121450845960609,0.3542126825869881,51,0.4731396191984994,0.9362705862603,1.1629201969711898,379.72692806813853,-1.1797598834530594,0.41165197136137144,0.47099471457244435,0.9377780220039419,1.1620448760208522,275.5124531750176,1.1919276973743402
24.905,54000.0,0.007762509556048819,19.901350753459415,-1.1453822973348995,0.036769804462228134,51,0.4558491510777554,0.9435653795454214,1.1427745393654054,379.8736605959667,-1.0908778425259542,0.07482339102958577,0.4529119008096624,0.9451657713633058,1.1403535264173774,275.5124531750176,1.1919276973743402
24.956,54000.0,0.003823395121702442,19.787895578939793,-1.3254037710529056,-0.09633304446754153,51,0.4287612039540617,0.9471333007397043,1.1144175431879024,379.8381376757975,-1.2348363341595092,-0.030407583898579154,0.4311105903043683,0.9479432215473401,1.1174078687389366,275.5124531750176,1.1919276973743402
25.007,54000.0,0.0010736074098162001,19.340713108215105,-1.540035579832292,-0.10927810283085344,51,0.41060155584099917,0.9464875710196871,1.0970120419871487,379.45730623529533,-1.4364374146984746,-0.09345034052658079,0.407479742623968,0.9465190441109527,1.094846707448217,275.5124531750176,1.1919276973743402
25.057,54000.0,-0.0022503921212682,18.69335856893943,-1.7254408395973042,-0.012464840516469239,51,0.3840669967436306,0.9465585388151401,1.0735764060597466,378.93779987548805,-1.558747412482081,-0.05917043795079439,0.3821102132963234,0.9466515533829236,1.0727594257519821,275.5124531750176,1.1919276973743402
25.107,54000.0,-0.006044860712337147,18.159292655092045,-1.8414023411558056,0.17010099857899727,51,0.364765898848938,0.9449676798916407,1.0606172583062794,378.3785823236806,-1.737104408526436,0.10798231276243998,0.3614691876429389,0.944789616365689,1.0591746443467858,275.5124531750176,1.1919276973743402
25.158,54000.0,-0.0049656744353158404,17.84446974652254,-1.8330702672516008,0.042333418216735134,51,0.3356343016229645,0.9399049216162982,1.0444289337309385,377.9301528561852,-1.5556318362814343,0.1712896950861289,0.33386991149634554,0.93997236597466,1.0443186408093046,275.5124531750176,1.1919276973743402
25.208,54000.0,-0.0010663961875540956,17.625478953712047,-1.610265679556738,-0.0453460678104966,51,0.3049428791989272,0.9331891980125562,1.0334915619021652,377.70318445049617,-1.4084537589278272,0.06955227089994503,0.31127915365752673,0.9352534155756705,1.036005075914017,275.5124531750176,1.1919276973743402
25.259,54000.0,0.005041835655313357,17.471011267789457,-1.188887638970512,0.3087757696171408,51,0.2889900793325569,0.9273693782640452,1.0291145055991773,377.5367849709334,-0.9633106804698204,0.3790731211230272,0.2869532816199161,0.9267519045665918,1.0294429029526788,281.10417725481204,1.1919276973743402
25.309,53007.0,0.005246758837034855,17.1884795546457,-1.2626936835586156,0.21555513603120674,51,0.2686749372073789,0.9180048212038818,1.0288685731801959,377.30420364511804,-1.0526022519403835,0.2759014353352575,0.2720153458160621,0.9204170357842727,1.0285007934188444,281.10417725481204,1.1919276973743402
25.359,51251.0,-0.002213980176921998,16.796371058563324,-1.784721842198872,-0.13880398778059078,51,0.25835326903293065,0.9078886157027793,1.0333369892649358,376.99216265513223,-1.5216210329393542,0.0281721844221704,0.25756504831909144,0.908167828410807,1.0337124060677487,281.10417725481204,1.1919276973743402
25.41,48668.0,-0.0045684676132868385,16.32472270538998,-1.8512712409554148,-0.18908448330621852,51,0.251089617774495,0.8927819646766546,1.044398663655715,376.5103982877345,-1.807455263018082,-0.17993673959775078,0.2517971473992565,0.8955617214098229,1.0419515872680378,281.10417725481204,1.1919276973743402
25.46,46352.0,-9.705113137461101e-05,15.912430885636308,-1.6068469447192613,-0.1534469921628819,51,0.24891334953489866,0.8827044338298994,1.0545739390924151,376.04628455621753,-1.6250469385729396,-0.27322199674346337,0.24834924177555007,0.8810229993394252,1.0565323262662683,281.10417725481204,1.1919276973743402
25.51,46162.0,-0.002524012992294732,15.539787229584496,-1.7981638648979692,-0.48383035805864905,51,0.2540802582565029,0.8652590960761146,1.0729982897624397,375.6657297949977,-1.738242022588673,-0.5459067284474091,0.25117722713335205,0.8685114674354903,1.0690816573752144,281.10417725481204,1.1919276973743402
25.56,42902.0,-0.0021758022714295348,15.245341452826402,-1.7384979798574705,-0.6056071197931137,51,0.2607980557295406,0.8535116487500598,1.0883174879403874,375.34552401021335,-1.8563754033782767,-0.8358643892936529,0.26131985314913936,0.8520841731639746,1.0899476623750581,281.10417725481204,1.1919276973743402
25.611,42604.0,-0.0033445740491550397,14.990779787348815,-1.7983619449979895,-0.7904568008901844,51,0.27555930944543444,0.8381209016723616,1.1118560491287397,375.0615028201363,-1.8704410157980662,-1.0358627043640385,0.27402786608948526,0.8390506025059099,1.1103648922326366,281.10417725481204,1.1919276973743402
25.661,40062.0,-0.0015528673827221945,14.780634680840741,-1.742251771524425,-0.7937180630801106,51,0.28962652578191644,0.8271681829353319,1.1288355614435701,374.82970921617243,-1.8462327976480999,-1.140898749804739,0.2916601213185067,0.825281325691885,1.1314849076756817,281.10417725481204,1.1919276973743402
25.712,40229.0,-0.0008265412829980775,14.626612103039,-1.6388565469844243,-0.7039212677207306,51,0.3106129904797736,0.8149184884582096,1.1552639476237403,374.6610419162877,-1.7471010631469426,-0.9143239630701279,0.3095220665317801,0.8156705457682875,1.1531306217603914,281.10417725481204,1.1919276973743402
25.762,37159.0,0.00047285809001806575,14.47049886675975,-1.5204745760510587,-0.29916798269816874,51,0.32348656566413353,0.8062812321316221,1.174151472851558,374.50999819824403,-1.5315129762226505,-0.43094599531517447,0.3256610461430935,0.8047883046150315,1.1769629626442337,282.4061001135522,1.1919276973743402
25.812,37475.0,0.004490700051753852,14.35331533762639,-1.1866845692673662,0.23773018211912345,51,0.3480172517258298,0.7992874556093975,1.2022454981372426,374.39067258644616,-1.2662015651485201,0.1049782161436026,0.3424775301190611,0.8000324460575952,1.196863725082673,282.4061001135522,1.1919276973743402
25.863,36918.0,0.006692783381690678,14.200310598062812,-0.9832428313965301,0.3208725184753483,51,0.36514331024827873,0.7950377450402724,1.2186484889001779,374.24113819834605,-0.9837388988964756,0.30230581050761823,0.36843052693775963,0.7943473799934463,1.2217719969231526,282.4061001135522,1.1919276973743402
25.913,36614.0,0.004833718840051924,14.048483976607175,-1.1568375215612527,0.27199541221528906,51,0.3891713551777543,0.7859644655835211,1.2412703546278345,374.09391232114433,-1.0819062399262431,0.27211364552235723,0.38942030153032425,0.7858451687722764,1.2414754276218112,282.4061001135522,1.1919276973743402
25.963,37057.0,0.006487101230656608,13.916820269935096,-1.1066114186501514,0.38349618097367677,51,0.4069108566199545,0.7795283304761396,1.2540369618322638,373.95372117963086,-1.0918247352974244,0.32551415320649185,0.40969279627232846,0.778527112650924,1.2559460190635505,282.4061001135522,1.1919276973743402
26.013,38757.0,0.007426945217567484,13.796859163717631,-0.9572019016562133,0.2539068314305262,51,0.4318603698184444,0.7714188669678745,1.2685861927507107,373.8289228375077,-0.9520819407018358,0.2969605882295433,0.4304321774811787,0.7719142624485136,1.2680233681682547,282.4061001135522,1.1919276973743402
26.064,38556.0,0.0060994902021913365,13.711233454593172,-1.0334360344506108,0.1375546576489999,51,0.44647801166840734,0.7650280268823607,1.2762714749051718,373.73185899258857,-0.9837175812091988,0.16233711583281754,0.44941021254532143,0.7640161829256777,1.2778083678262089,282.4061001135522,1.1919276973743402
26.114,39869.0,0.012372915167764875,13.691217715529097,-1.0111933938410407,0.21978559905230552,51,0.4703244862522687,0.7566191765465522,1.2837290137346593,373.69754634055744,-0.9662722273234682,0.33287885803204104,0.471049996046719,0.7562571190333941,1.2842399272975458,282.4061001135522,1.1919276973743402
26.165,40966.0,0.012355742674758521,13.715478579428739,-0.9559183193976909,0.5438766476748846,51,0.4830555546035959,0.7501658102953657,1.2855882927493327,373.7144379947555,-0.890502146437702,0.682945685021422,0.48565603615001757,0.7492138737226343,1.2862648021515577,282.4061001135522,1.1919276973743402
26.215,42388.0,0.015145305183138197,13.743377961981999,-0.7767251323071789,0.7072845499382725,51,0.4989098332446013,0.7409642314057509,1.2833865079457245,373.74909282773814,-0.7327047945273929,0.86615428287249,0.4993033978027503,0.7407345291872331,1.2840272242100443,282.4061001135522,1.1919276973743402
26.266,44238.0,0.008423858021032838,13.69170586102573,-0.8669002175001391,0.3885352867669548,51,0.513382767187521,0.7357006849733491,1.2794722259584048,373.7228411101556,-0.7720045998099203,0.5934997962464152,0.5159329604828489,0.734711701802294,1.2791831854470497,282.4061001135522,1.1919276973743402
26.316,45376.0,0.007317877083394328,13.678090359156293,-1.096810241915311,0.029199350415391845,51,0.5327855761840564,0.7282878059888573,1.2711966517818079,373.6942314844975,-0.9782613756736263,0.1501254440139097,0.5344993346103033,0.7277623994973503,1.2710779023799978,285.33112691082897,1.1919276973743402
26.366,45131.0,0.008621150586890338,13.666600952560662,-1.02663360259882,0.04082477729196503,51,0.542310136972022,0.7223343149855249,1.2658948036543374,373.67452268510823,-1.0562821982880044,0.05705254340792273,0.5442284522353142,0.7214810351880482,1.2654246928884743,285.33112691082897,1.1919276973743402
26.417,46121.0,0.007643450621957686,13.673061374712171,-0.9743872837948871,0.10778287345645522,51,0.55713974123178,0.7142541500596281,1.2572810357291329,373.67579243592576,-0.9541203705439368,0.10062022129108368,0.5586533851072063,0.7134641818167919,1.2572246567307044,285.33112691082897,1.1919276973743402
26.467,46523.0,0.007265376135991191,13.651358404168088,-1.0859504590825735,0.09436524454549558,51,0.5680169269199286,0.7093828502899059,1.2459475208414768,373.66200786934564,-0.9765406835319517,0.15649110772236208,0.565877073423815,0.7102471065013326,1.2492993955392289,285.33112691082897,1.1919276973743402
26.518,47583.0,0.0069064531637001905,13.606464340598405,-1.06208961672722,0.23397169639002094,51,0.5736034541427038,0.7052452206045285,1.2386074478368871,373.62645375940383,-1.0056550437638594,0.2682516328390853,0.5747680961864935,0.7047119833731421,1.2379948508556609,285.33112691082897,1.1919276973743402
26.568,47313.0,0.007755988285003467,13.5605713574107,-0.989921029312524,0.26523050933981046,51,0.5848088580317685,0.7039455113579821,1.2278042000778928,373.5801724623372,-0.9477616608416195,0.32529011389508394,0.5843153854393854,0.7037947566352412,1.2292554169340626,285.33112691082897,1.1919276973743402
26.619,47799.0,0.010393737918396187,13.528920075721045,-1.0005520632360718,0.14594991886755418,51,0.5909717109543705,0.7032230955634334,1.2201075149740706,373.54415705645073,-0.927046444012365,0.2729455804742993,0.5918081838650662,0.703196101235248,1.2199947353940994,285.33112691082897,1.1919276973743402
26.669,47538.0,0.010868344934490085,13.541748209541877,-0.8956720544691107,-0.0034268829873204533,51,0.5970942786564452,0.6988883444235594,1.2098027146349142,373.53930079027384,-0.8979704146462439,0.06427734433939555,0.5966633560220129,0.6993459543083668,1.2110403046016098,285.33112691082897,1.1807258372419616
26.719,47843.0,0.01161602089203563,13.570257470042874,-1.0443474542120172,0.09870228482882337,51,0.600694033328578,0.6976625422238754,1.2041596328624615,373.55972646351114,-1.0208641364232016,0.14779908228247865,0.601465204644825,0.6973568422990779,1.2037444562253148,285.33112691082897,1.1707795490138428
26.77,47280.0,0.006832448260828966,13.603176015484959,-1.1523893426472158,0.16640837139065823,51,0.6067479885835267,0.7001555601622352,1.196392178711472,373.5888568124426,-1.198790560642811,0.26586465590113484,0.6061560180458361,0.69948454181851,1.197522867348844,285.33112691082897,1.1608789000875928
26.82,47672.0,0.00842153540649694,13.587265817829225,-1.1152622490695954,0.1509154959339764,51,0.6127088344575098,0.7041419513101462,1.1915059077089625,373.5956806809803,-1.216545599221448,0.2444102537266655,0.6130707597340347,0.7042440259474673,1.1914748555228984,274.959443417351,1.1510037307744811
26.871,47455.0,0.006788590423981631,13.575237294353915,-1.052795999949091,0.22315981093526852,51,0.6219423205614159,0.712279219684023,1.1847999100704751,373.57085880039125,-1.13660590235547,0.28219750615530176,0.6223786538938798,0.7125296754182822,1.1851564405933512,274.959443417351,1.1411019218672849
26.921,47105.0,0.010970891380036922,13.636887270848224,-1.029285164782714,0.09730910563008821,51,0.6264822481850354,0.7170557536067895,1.1815856182927955,373.62199249596125,-1.0527415253331305,0.15665942076832215,0.6274018515953019,0.717894036967455,1.1815998424578982,274.959443417351,1.1311840332023344
26.972,46356.0,0.009034748018209651,13.733678375632591,-0.8160074075496301,-0.06496619412416664,51,0.6315567048310816,0.7201745345478745,1.1786521051540475,373.69929254254805,-0.8516530699216289,-0.03354695779829764,0.6309662002034767,0.7205750620127755,1.1791238036343337,274.959443417351,1.1212948241042326
27.022,45996.0,0.020917753511500107,13.920611835424058,-0.6661479877756492,0.019664249776865157,51,0.6351792171467419,0.7222571428924629,1.1773418128735462,373.8721287536941,-0.6762113595083191,-0.002524124398275848,0.6359272194298013,0.7226289326595534,1.1775627320865927,274.959443417351,1.1099484372397785
27.072,45663.0,0.011844694797853491,14.119558749356743,-0.6191934706336278,-0.04678989947425999,51,0.6384512517120005,0.7277007940771849,1.1761080889211453,374.06231253573026,-0.6208199154768879,-0.0472374996323572,0.6390635492194138,0.7280659530941745,1.176400346337062,274.959443417351,1.100078947836681
27.123,44913.0,0.014291590269281085,14.351345817041087,-0.6030904956340968,-0.11689417521274435,51,0.6365281620043328,0.7299506722987321,1.1764970656743634,374.2928456172539,-0.6374806545493797,-0.04821451233677534,0.6364998290674407,0.7305293382271307,1.1769693937048358,274.959443417351,1.0902829773142364
27.173,43954.0,0.010616726885483648,14.551888552952887,-0.7758122136548966,-0.05825771652315826,51,0.6292491661531008,0.7323497141721105,1.179271369508,374.4979580518546,-0.8361583780347168,-0.024183940543364982,0.6298298892419559,0.7324241563671958,1.1795237782596757,274.959443417351,1.080482846855606
27.224,43271.0,0.008053123104092627,14.790211069703297,-1.0095126378852417,0.05649459246364514,51,0.6217434312193345,0.7322075663760447,1.1817692533220128,374.7340985000528,-1.0598288059698082,0.12580937293743877,0.6204783388534616,0.732325235936049,1.1825424421151234,274.959443417351,1.0704795194957102
27.274,43357.0,0.014740883492355743,15.030285559333633,-0.9449265771875242,0.1562932202302291,51,0.6074636255000825,0.7317377067908623,1.1852054586605307,374.9642850393806,-1.0624182760498933,0.14880485222659898,0.608777359796197,0.7318440231834397,1.1851803370876728,274.959443417351,1.060553070964589
27.324,42494.0,0.009053148097553235,15.256414969527528,-0.845694279829769,0.13947956474969253,51,0.5974733213982634,0.7311189350911037,1.1877419644202216,375.19462315544473,-0.9498865754645271,0.16932059973005623,0.5956704499052623,0.7310485373983885,1.1884489914322627,274.959443417351,1.0507073812020233
27.375,42393.0,0.008623387860038882,15.488343521593427,-0.8842283464959655,0.23960425143767694,51,0.5827718747766738,0.7314078914383143,1.1919902837371752,375.42682074159165,-0.9571877527463252,0.20370937334876543,0.582718818945775,0.7320378946255106,1.1921757047844224,285.21719275517495,1.040888131033616
27.425,41691.0,0.00881445375670261,15.696541186684263,-0.8782321232281288,0.08400621887539471,51,0.5732977585129178,0.7300546177089756,1.1950839517452003,375.64970304259487,-0.9501383395021531,0.12248035433597533,0.5714135934518103,0.7297583083840713,1.1958175625003515,285.21719275517495,1.02973966115008
27.476,40655.0,0.010269192957019278,15.876490292211622,-0.7290390163916735,0.24641905825478277,51,0.5590212762237458,0.7331427372571431,1.2005452050742984,375.80782544058746,-0.825833834468838,0.26175368999851095,0.5579711234558936,0.7332360239789756,1.2009953938233902,285.21719275517495,1.0199263308927626
27.526,40725.0,0.008566524057817214,16.01629540205799,-0.7531832304206068,0.3091324609476636,51,0.5481753821486954,0.7359005803894724,1.2048279723139357,375.9437990534448,-0.8183567921891837,0.2727268105024387,0.5486969005375887,0.7361175169305587,1.2047379095216602,285.21719275517495,1.0099553230384204
27.576,40276.0,0.012788291290835052,16.14578415924593,-0.7602402605540165,0.2931594298838685,51,0.5332917946456733,0.7377469952749603,1.2083486960150118,376.095257966324,-0.8385200388731744,0.285089434991373,0.5319825930219793,0.7381721581755133,1.208936145349886,285.21719275517495,1.0000849136525418
27.627,41087.0,0.018579937917342592,16.274704340473345,-0.6542891388818342,0.35634620187508387,51,0.5158583828064367,0.7357239720566285,1.20821143212075,376.2216365526252,-0.7222479390662876,0.2824296730743336,0.5200961477362489,0.7369120295828335,1.2089766848738492,285.21719275517495,0.9900880661936344
27.677,41850.0,0.01026617767923525,16.45547720919765,-0.6166085023402413,0.424464836282028,51,0.5026360420843816,0.7373080336726667,1.2064386781430743,376.37545341258317,-0.6495031430054549,0.3291650912526644,0.5013445958748647,0.7373055681780589,1.2066371318482325,285.21719275517495,0.9802552162325082
27.728,43216.0,0.011224471971183956,16.639156783814094,-0.5931137274802533,0.30798594973178794,51,0.4813357424359888,0.7398666642099987,1.1988277055251422,376.5617014002565,-0.6203292837398896,0.31963347927758234,0.4860881540817969,0.7397053327623148,1.2012088877149314,285.21719275517495,0.9703237277806597
27.778,44288.0,0.015401769879229485,16.852087561898397,-0.5641906491830606,0.30096062626856274,51,0.4675520212241507,0.7400822703431099,1.19216029148705,376.7770062884399,-0.5906707671576176,0.34678463013368394,0.466161887943686,0.7403472793529624,1.191994407565375,285.21719275517495,0.9589708210169782
27.828,44650.0,0.012250252529893854,17.088270574522916,-0.6344968903795883,0.28149170914160854,51,0.44636424521328766,0.7411956901101112,1.180888607837912,377.00750837567426,-0.606789547245265,0.32952586080928176,0.447990940339027,0.7410544382732074,1.1822313210530897,285.21719275517495,0.9491059315467025
27.879,45555.0,0.011238385227662816,17.336217127489423,-0.6034219740637496,0.35157236222095295,51,0.43292823260979635,0.7423352794471644,1.1728304970265173,377.2439043440645,-0.6262601366475271,0.30737251188632997,0.4306884188629655,0.7426286147197437,1.1719878368713799,279.72810415001396,0.9392184424194454
27.929,45327.0,0.011887261067715536,17.628797582472,-0.6534323470033206,0.34633295153690835,51,0.41556925040171316,0.7414474332824722,1.1595663141159358,377.5386085577322,-0.6261691853594036,0.32776203695909206,0.4163522632637728,0.7416870862023331,1.1610713170771336,279.72810415001396,0.9293332732599016
27.979,46588.0,0.018836761869278726,17.980189478318845,-0.7919045618050174,0.3249052197041813,51,0.40554744624260936,0.7415542885046573,1.150070362204394,377.8836712880114,-0.7513519635756541,0.36765608312139564,0.4038987874497203,0.7415229980685695,1.1490863157831221,279.72810415001396,0.9194626638755519
28.029,46284.0,0.00818532261836927,18.412954204953927,-0.8930063217134496,0.37037991466331427,51,0.38952085449119495,0.7420602160882974,1.1348760462724998,378.2672611113718,-0.860703510179321,0.3509107624018237,0.39109270394585927,0.7425953693677839,1.136515253662892,279.72810415001396,0.9095623749450947
28.079,47386.0,0.008208462882221565,18.944905697210256,-0.8918177640360976,0.25777663539965257,51,0.378349355469744,0.740109654974477,1.1241475225268203,378.74035121903904,-0.8952822281573712,0.2559826816755521,0.37669629883458017,0.7400441805871213,1.1231547856439585,279.72810415001396,0.8997103252777133
28.13,47244.0,0.008815103958291921,19.47922720524148,-0.8714302950197412,0.24763799919834215,51,0.36356661972480897,0.7369710732715115,1.1077923506704452,378.46608564251756,-0.9132559477878602,0.20798289933000677,0.3647069961704299,0.7371525309060055,1.1097446852283177,279.72810415001396,0.8898037564403734
28.18,47930.0,0.009025928012317351,19.576447057971055,-0.8568248972890965,0.3688427712380819,51,0.35440751653324176,0.7349996323620908,1.0965793689691135,378.22022555499746,-0.9164864129652253,0.27948006110328044,0.3527018585794515,0.7346209988310649,1.095105022314028,279.72810415001396,0.8785248885446387
28.231,47294.0,0.0080455830935539,19.002629260319114,-1.1727050406489405,0.1141038641347732,51,0.3423628077745238,0.7307787990522223,1.0801120687922219,378.002921942408,-1.1395426812457148,0.16109140953052553,0.34265188945501407,0.730803780565813,1.0819403982031954,279.72810415001396,0.8686431593296947
28.281,48044.0,0.00590641998059391,17.92593958240165,-1.2480971317965897,-0.07926221206679099,51,0.3357063590080688,0.7285920297918882,1.0700911673580529,378.1480365654342,-1.236024835842116,-0.04852393570480897,0.33473606753540897,0.7282576322787855,1.0690432135555878,279.72810415001396,0.8588098693748424
28.331,47275.0,0.00908081205049289,16.95208483970662,-0.9322451165398296,0.19912157158706228,51,0.3259601199568655,0.7272684501323092,1.055337944382961,377.2253991448322,-0.9956784158876069,0.17352342048136635,0.3266817838274481,0.7275108731329195,1.0569064523768394,279.72810415001396,0.8490324185682167
28.381,47893.0,0.011237979023236394,16.00607970833964,-0.7783716027640797,0.18030267146720524,51,0.31812907027639575,0.7239919887761399,1.0465785324000019,376.2187365883012,-0.756534449676962,0.2077719906549825,0.31684078569349017,0.7235419529488714,1.0455241056906501,279.72810415001396,0.839076370486011
28.432,46882.0,0.010773932410533968,15.07089453495383,-0.7906672165582783,0.2506448041636191,51,0.3070924966829366,0.7203688451126894,1.0353024766865295,375.3225914327447,-0.7999074264206106,0.2841052289853603,0.30689587911549165,0.7201164700250404,1.0354044082626146,285.7796067608567,0.8292193608958355
28.482,46393.0,0.011245912393237927,14.207688343234775,-0.7684513399326737,0.42124010118561184,51,0.3000661301606549,0.7203743485038115,1.029418533135779,374.43985485643407,-0.7813546999951511,0.45503415785343393,0.2987681180131434,0.720213274027264,1.0287057765916476,285.7796067608567,0.8193753911070253
28.532,44880.0,0.007747686433485185,13.344940666787515,-0.7603961559615668,0.6479269561495195,51,0.2868385527379579,0.7144421551086765,1.0239590041615405,373.5937782917889,-0.8064256907829711,0.7626719722574201,0.2867145989446324,0.7148265127643512,1.024200209314769,285.7796067608567,0.8095682207575082
28.582,44093.0,0.009270028455238926,12.357829467675947,-0.9330114080550833,0.8154888678381141,51,0.2817694340302252,0.7109526076155,1.0215228954595694,372.69280542574535,-0.9125268505739758,0.9914070058727642,0.2806831673927491,0.7102757023990537,1.021332714136199,285.7796067608567,0.798269353170365
28.633,42986.0,0.00853231590154676,11.568512883601104,-0.8785449433939507,0.8192179476026756,51,0.2730457216909595,0.7051854573144115,1.020338828246699,371.90079256488906,-0.9115583387131804,1.0749595780084291,0.2729941136613678,0.7053293255212503,1.020465258629158,285.7796067608567,0.7884674627397407
28.683,42076.0,0.005820628407400834,10.917735775603026,-0.9027693793260692,0.9791162981179176,51,0.26780798410433887,0.698892603194479,1.0205347167842453,371.1406116690286,-0.9098807602371286,1.121329674408442,0.26689184590749787,0.6979547148759088,1.0206980101789254,285.7796067608567,0.7786065332042691
28.733,41428.0,0.007471989059546194,9.964947201320827,-0.8368474360883684,0.6043802514633383,51,0.26576534042758854,0.6891903983721739,1.0215994393920007,370.32772882771286,-0.821158281059626,0.8681991779582899,0.2652782937334842,0.6887510325045944,1.0217799882111531,285.7796067608567,0.7687744832297515
28.783,41023.0,0.009231730880723737,9.244797449468962,-0.71522027042849,0.3361197947287978,51,0.26625071198958566,0.685311963557852,1.0223929342377198,369.5417361736851,-0.7428365451833905,0.4421216336812529,0.2662393928518406,0.684419370040593,1.0226013562365812,285.7796067608567,0.7588421547872346
28.834,40893.0,0.0150074863676479,8.642550054831418,-0.5522578111087336,0.15448681571273679,51,0.2647875686188479,0.6759386824540421,1.022198072972641,368.89986265699497,-0.6230372784235633,0.1842483138797035,0.26494900893019346,0.6762115853731099,1.0224279049028542,285.7796067608567,0.7490325044712274
28.884,40493.0,0.011241419052081113,8.17446842421275,-0.6301065323016166,0.24495433323734964,51,0.26703510534682656,0.6625903907766899,1.0220049934193551,368.36497555863446,-0.5187944041740591,0.27338001493786124,0.2660201622624647,0.6656302026369073,1.022355348943631,285.7796067608567,0.7391796548157822
28.934,40274.0,0.008628344515713768,7.786794488022294,-0.816026204252367,0.28877669005079193,51,0.2680825980924241,0.6538344118443118,1.021026344534795,367.9626205822851,-0.7131837410515413,0.1724599775971394,0.26847777581228777,0.6540009663508659,1.021417912211806,284.49502131008444,0.7292160868521796
28.985,41054.0,0.007850826110367727,7.471894970777985,-0.8272906516393334,-0.41633698076470815,51,0.26788754231349365,0.6413476509087488,1.0182081666147738,367.579552331326,-0.8793335581581648,-0.4233124654525998,0.2679322763343207,0.6391435281985067,1.0178448882857654,284.49502131008444,0.7180246576230053
29.035,42784.0,0.008268885972859654,7.188180149967214,-1.1216352544525772,-0.6885492505546741,51,0.2721287018518935,0.6247100996205777,1.009589504250659,367.29297001394957,-1.0913879875581989,-0.9401400474594036,0.2723236110053656,0.6230648787018419,1.0093306330863192,284.49502131008444,0.7081680480224961
29.085,43360.0,0.004665322335303273,7.042924422926375,-1.4850963248578921,-0.2920482038064302,51,0.27672626815792833,0.6158708802766341,1.0015646371737836,367.0964545768684,-1.4251682318252639,-0.6236655578899101,0.27743261007995523,0.6142356286916786,1.0005250797149396,284.49502131008444,0.6982945986831393
29.136,44987.0,0.0036512442625774074,7.020329667123786,-1.2642986771728437,0.009074487596884675,51,0.2862378162766023,0.6017999606504041,0.9874592971263721,367.0105743795608,-1.353585108247195,-0.15136862352714942,0.28683857420527953,0.6005764629580468,0.9869286950795247,284.49502131008444,0.6883513904067382
29.186,45468.0,0.005749881246393984,7.0617600431991905,-1.240281980340381,0.0428626698779677,51,0.3046941206006203,0.5952873220657761,0.9696527287856477,367.0483775079019,-1.223432635670999,-0.09104771638566383,0.3036043865126508,0.5953858075247755,0.9716135063265842,284.49502131008444,0.6782511445269648
29.236,47212.0,0.003409789301158473,7.053567313410283,-1.4167481739416188,0.1250990721299087,51,0.3158773832244807,0.5907415224416052,0.9567577958017651,367.05824923624397,-1.348024249195359,-0.03574609351126983,0.31788168973549635,0.5900706657990916,0.955289636230614,284.49502131008444,0.6682853765961868
29.287,47254.0,-0.001258002980449922,6.981030912017668,-1.6229508653924924,0.0628590303889824,51,0.3354252157056977,0.5836346736167524,0.9349474094222564,367.01808131776625,-1.5377953360357235,-0.05173293722229591,0.33384141814002816,0.5842834124006581,0.9370311644554467,284.49502131008444,0.6583954475064993
29.337,48798.0,-0.0010673822628071345,6.918185417293992,-1.5903671864807891,0.20491962334399874,51,0.34945692988060373,0.5790971911214539,0.9204968435914145,366.93718974666126,-1.5609159726622455,0.06223812412756532,0.35191233761352114,0.5783825504438633,0.9188353554292902,284.49502131008444,0.64843147955032
29.388,48044.0,0.001305350551384451,6.935544081638238,-1.4851264769337853,0.42510640436084823,51,0.3674049933068505,0.5697736642634035,0.8987953854279898,366.92796601031984,-1.4709689559353554,0.29424771191817567,0.3667841743730418,0.5715481876216641,0.9008636272671405,284.49502131008444,0.6385028310520234
29.438,48611.0,0.0030158605548906855,6.89815273436117,-1.4422569487897214,0.41476681922832015,51,0.3787561571026075,0.5605503118774707,0.8844364062817722,366.91759614551853,-1.3370519013809359,0.4029155376803208,0.3806626790856201,0.5594029574649672,0.883055079957561,284.49502131008444,0.6272064034229451
29.488,47877.0,0.004104816008915933,6.717495042096557,-1.246514955614202,0.36805580138050464,51,0.3980104521620831,0.5526911023812858,0.8635741822693103,366.7793092120626,-1.1145488013510054,0.21301617126906194,0.3968570783878996,0.5525699711715257,0.865644537965039,284.981476341876,0.6173470738650563
29.539,49173.0,0.006355268133749095,6.376458253684043,-1.0855030173517424,0.030563516433194774,51,0.40806129735142593,0.5490362677534331,0.8500434364141379,366.48914285976707,-0.8933309346408933,-0.12011641039443627,0.4099571273195562,0.5485158666433684,0.8486229381236244,284.981476341876,0.607469264592498
29.589,48094.0,0.00785365230665575,5.883631164078502,-1.051311370391001,-0.3307115460456799,51,0.4232456091612194,0.5428135075601958,0.8310505575027667,366.05130717189917,-0.836570578466299,-0.49608142505999264,0.422163203904419,0.5435173040341212,0.8330384111924907,284.981476341876,0.597524576339052
29.639,49042.0,0.007333554821065936,5.3418229467093035,-1.1108021191737576,-0.053702652657096735,51,0.4347800378465161,0.5387184171996906,0.8196605290996273,365.4983769974374,-0.9130725827955548,-0.16136514642705885,0.43687829974266057,0.5379315704055307,0.8180805501011892,284.981476341876,0.5876912463845054
29.69,47691.0,0.004644789954820941,4.8015454249894916,-1.2327624568853361,0.5153296174599341,51,0.45070204868703845,0.537293331931389,0.8033987149029036,364.9609225560446,-1.1591949574207883,0.41153836546428846,0.4501072555873903,0.5369104806991899,0.8051501510446902,284.981476341876,0.5779269153786335
29.74,48188.0,0.0002281843437771036,4.205150501711841,-1.596287296367988,0.4003191239224212,51,0.4600380573866644,0.537707282891914,0.7940438649138413,364.37963805589,-1.5888540627793808,0.4762562557497102,0.46163892480143254,0.5377667267985329,0.7930964256987736,284.981476341876,0.5680258264601126
29.79,46565.0,-0.003370850756983293,3.5744804990967487,-1.8361775178404753,0.623003281798848,51,0.47336068097220624,0.5369473193182233,0.7829899895222608,363.74954652614815,-2.004281650369816,0.593257652123575,0.47250674656352065,0.5371637755532652,0.7841932378904275,284.981476341876,0.5581449372329266
29.841,45899.0,-0.007884023300069489,3.0108901742465086,-2.244544759594294,0.5597217852945886,51,0.4854968357147028,0.5381146223230411,0.7775134929183124,363.12775137524227,-2.4180511805632277,0.6048591016916319,0.4875828013328129,0.5382590296423412,0.776867968460691,284.981476341876,0.5468904289632572
29.891,45289.0,-0.009362624746847226,2.5035112982931675,-2.249885385847144,0.4266471178128262,51,0.4968582922442485,0.5413880716746777,0.770722330297873,362.6091146858441,-2.5183383281362457,0.415236677280734,0.49756481461920826,0.5412343594715586,0.7708640883019374,284.981476341876,0.5370392192821787
29.941,44315.0,-0.0086511571746444,1.903597044451822,-2.1469017387690132,0.4566683562367036,51,0.5021377649932779,0.542799766720715,0.7676940866038877,362.13268784263937,-2.1830515172476326,0.5200150920795831,0.5034300711523351,0.5432919670204595,0.7674471432249077,284.981476341876,0.5272132092134683
29.992,43258.0,-0.005086070297791877,1.3527769244140733,-1.7131353053628005,0.39638768076539366,51,0.5115784506563757,0.5463484656948718,0.765587679400409,361.57989518813235,-1.8718927390018063,0.34715696847075217,0.5123250909592898,0.5464895284133314,0.7655488042516616,288.97558155719446,0.5173379599038782
30.042,42623.0,0.0012717183883205745,0.6830454277407263,-1.3760735690303212,0.42505903405679935,51,0.5169043939111567,0.5520881351146896,0.7645540308440828,361.0050609619632,-1.4339771169682765,0.3624175807027224,0.5180722712308532,0.5530251290720316,0.7645803463275804,288.97558155719446,0.5072807533676762
30.093,42136.0,0.000756857302516176,-0.05059748280630885,-1.5395173462254748,0.22376303827810406,51,0.5240618220810495,0.560861208540102,0.7633175849296094,360.2447481749096,-1.4161146474904087,0.28420067812565525,0.5246324686915753,0.561636338020092,0.7634478440621877,288.97558155719446,0.4973210653423996
30.143,41635.0,0.0008653061567828052,-0.8213655766951243,-1.3894917318966702,0.17731681664458768,51,0.5337161068613729,0.5687488064202952,0.7631164412075108,359.4997078103165,-1.439125746696962,0.20127620623503528,0.5354165748493482,0.5701664509261721,0.7631865292076571,288.97558155719446,0.48838303686615264
30.193,40867.0,0.008635405968174047,-1.402181966495214,-1.171470632618767,0.2787431059372836,51,0.5465829969501059,0.5811300630395452,0.7632194120197534,358.83125304624986,-1.2092674299982948,0.26213030739027104,0.547361257368464,0.5815304779852505,0.7632754768874489,288.97558155719446,0.4870781060332336
30.244,40413.0,0.007290803032676699,-1.794494174813768,-0.9619327991650611,0.2331277389034401,51,0.5526467177042795,0.5876642853104809,0.7634173776808448,358.36616704098685,-0.9497749695704373,0.22738671475125644,0.553952041409815,0.5890273135360867,0.7635854982839507,288.97558155719446,0.4870781060332336
30.294,40741.0,0.011407821427842971,-2.0002224609520804,-0.7898254998974146,0.2469495812929018,51,0.5596900095734901,0.6002606397448308,0.7618104078657656,358.05777440206725,-0.7164553055682389,0.31433829387450773,0.5603230886686793,0.6011037350421486,0.7618198916423743,288.97558155719446,0.4870781060332336
30.344,40623.0,0.013180777577909926,-1.9354978982490854,-0.25389579054225436,0.3587938463177219,51,0.5619110027126217,0.6146501060755405,0.7587949899678083,358.0287171975289,-0.24058881260941936,0.4422363874742108,0.5621964020626081,0.6138454686945832,0.7593094395859749,288.97558155719446,0.4870781060332336
30.394,40799.0,0.013213316606505416,-1.575785467085272,-0.11063018266137867,0.3053607038285513,51,0.5615700958437247,0.6229071096012109,0.7562403895314203,358.2932616104598,0.07998672079194148,0.4487181114537134,0.561842795632037,0.6240734584024739,0.7561259501806671,288.97558155719446,0.4870781060332336
30.445,40910.0,0.013174849727843906,-0.9957695774150227,-0.4655650766174273,0.008602666116072912,51,0.5632961059715464,0.6338220182295766,0.7506513875815053,358.7798474395535,-0.2810149734037196,0.16759375049939462,0.5624894480614907,0.6310430456564625,0.7521678556044707,288.97558155719446,0.4870781060332336
30.495,41150.0,0.011768274941321294,-0.3499238148863827,-0.611722600997504,0.06618510716769084,51,0.5637886417969193,0.6441221349760168,0.7470986019310905,359.45154005207553,-0.6041673588772828,0.008015547163200442,0.5640438147181747,0.6455447472568135,0.7466119647824592,288.97558155719446,0.4870781060332336
30.546,41358.0,0.010617540254797119,0.2702947195789205,-0.6772009731324935,0.2335915896203601,51,0.5593600246129588,0.6589938012375705,0.7386484743661005,360.07791001217936,-0.7351348647236707,0.2663504894507458,0.5599921838676507,0.6583673457684622,0.7398213000683158,284.3574943447078,0.4870781060332336
30.596,43245.0,0.0064622741520771795,0.8909397356108172,-1.0392295048868374,0.21965536713289463,51,0.5572261229797872,0.665887885995581,0.7305287946775759,360.67817612806414,-1.0810373600958307,0.3294628693763599,0.5569166799143064,0.6673571471501187,0.7297128018137372,284.3574943447078,0.4870781060332336
30.646,43538.0,0.004542521888965229,1.5418362894165971,-1.2586203893204124,0.18485563874560554,51,0.5551748355862632,0.6754374535938894,0.71638888218408,361.31908112065963,-1.3502234593266347,0.3536491716849242,0.55561050468746,0.674583478201866,0.7180606683237835,284.3574943447078,0.4870781060332336
30.696,44752.0,0.011751495224126803,2.256472287536449,-1.3243903965910366,0.1822214426252465,51,0.5526223943852526,0.6829933501719391,0.7050279680725321,361.99503557872094,-1.4149537065771718,0.25074619792393354,0.552318015879534,0.683721616271323,0.7044699204396678,284.3574943447078,0.4870781060332336
30.747,46465.0,0.004941198787580058,3.0335330640798466,-1.2446022816704747,0.12014415211444347,51,0.5480608826390683,0.6899023171823079,0.6862968629145724,362.79896708697373,-1.2922499281251898,0.1360254348184268,0.5483855817193045,0.690289080814638,0.6866309068063114,284.3574943447078,0.4870781060332336
30.797,47601.0,0.007564970844852069,3.869148011889833,-1.0149683353547416,0.14948336339257062,51,0.5470229580675903,0.6972122253933307,0.6715426660022739,363.63011142873614,-1.1203612911561913,0.12211850795862732,0.5467139646706571,0.6980903643056471,0.6700885993135318,284.3574943447078,0.4870781060332336
30.847,47232.0,0.013742460565359764,4.700132302683924,-0.8869048506477961,0.1809046269719804,51,0.5412913272494624,0.7101864862800877,0.6495423890562004,364.4596743447277,-0.9207925588002748,0.1369215846653213,0.5429071744472782,0.7091126608156602,0.65176832204048,284.3574943447078,0.4870781060332336
30.898,49319.0,0.010084278660453899,5.5576462226399626,-0.9312832776241237,0.037951973218353134,51,0.534741832772757,0.7174436083646555,0.6345676227821949,365.3181757304955,-0.880214293175985,0.1160455178370271,0.5337672562222487,0.7190299017249945,0.6324975201547013,284.3574943447078,0.4828104291923782
30.948,48716.0,0.00503347488395168,6.312701056512002,-1.20025722739282,-0.09960372760802845,51,0.5258142944153369,0.7226539059409788,0.6120921060938862,366.1093769331641,-1.1100682925946543,-0.06843602592158117,0.5255070573295852,0.7231852252594341,0.6126025368804655,284.3574943447078,0.4731172917692578
30.998,51008.0,0.0037983617924702163,7.026849063019973,-1.3206724227621591,-0.05318100648916028,51,0.5212129825200076,0.7281480162873305,0.5963834592878469,366.8429133497919,-1.2608930145248567,0.06044573439530878,0.5203709740481652,0.728997673339947,0.5942098704360851,284.3574943447078,0.4633225212274537
31.049,50261.0,0.002758481752156133,7.682698122526174,-1.393746614207301,-0.11803664115049368,51,0.5103313246000494,0.7363838920507099,0.5714416736812552,367.5060300276757,-1.2762924193744536,0.1932722689016189,0.5113604233427301,0.7361170792717991,0.5743477044623939,285.72244936528375,0.453434512107082
31.1,51645.0,-0.0017264652841133764,8.416612161638815,-1.7476762559340473,-0.02456592258898212,51,0.5025527676215289,0.7394700165760252,0.5554796738264097,368.2564699088628,-1.5619363207869719,0.21792052900171094,0.5013373671447927,0.7401967868787286,0.553460158380589,285.72244936528375,0.4420606456607857
31.15,52349.0,-0.00943487627793817,9.07522693783774,-1.901503867690046,-0.4125658184854103,51,0.4921477313254715,0.7445834757351717,0.5315621611320465,368.9324414319048,-1.7606032141693753,-0.11515590160505498,0.49207934645622525,0.7447427365031009,0.5323046331981507,285.72244936528375,0.4321575967703443
31.2,53002.0,-0.00959935472596544,9.736222383456784,-2.0992477196012826,-0.7383236898840146,51,0.48412088438255346,0.7494019310821958,0.5154781566878254,369.5314121729505,-1.9901788038212236,-0.5236927314182895,0.4828208541744634,0.7501498715948063,0.5135335550903666,285.72244936528375,0.42225862782106555
31.25,53254.0,-0.008534482954054958,10.038889139678227,-2.086222963078586,-0.818396007392378,51,0.470929216818261,0.7554052815821558,0.49272149676791305,369.9536359043557,-2.0229771043049785,-0.6090367026244585,0.47099848546720724,0.7560341029342503,0.4934992913608603,285.72244936528375,0.41241665800095967
31.301,53522.0,-0.004595644364928109,10.058578526424608,-1.9560367908953777,-0.9467013327151627,51,0.45975034475285304,0.7580793110759964,0.4787932989424397,370.1081613687769,-1.9259149618801255,-0.6108896372738544,0.45783716835590216,0.758584265362407,0.4769892518408188,285.72244936528375,0.40255492848033464
31.351,53125.0,-0.003886487714754818,9.569543753791677,-1.8471980308887355,-0.713661213999997,51,0.4437248159316627,0.7610803211574163,0.46076600609061025,369.8112691663347,-1.8030493457284482,-0.5056583341563405,0.4429049161462458,0.7617181603578066,0.4604370872553863,285.72244936528375,0.39265419955760655
31.401,53262.0,-0.00234901166073074,8.65703030819217,-1.696307733730603,-0.49558458056459315,51,0.4268221093729454,0.7572698051418918,0.4433803446685151,369.0659637553014,-1.6653786062320974,-0.30262067639339035,0.4295647890109704,0.7589349096246262,0.4477190094009685,285.72244936528375,0.38271391123851145
31.452,53293.0,0.0009817449777268063,7.422289796647082,-1.4207199010256744,-0.3155235901546193,51,0.4170805650999272,0.7535186735541305,0.4335428822863561,367.99639741287456,-1.4298430640037902,-0.11700563696878909,0.4162463578093965,0.7532847137028987,0.4334371320011157,285.72244936528375,0.37290094097698706
31.502,52800.0,0.004313996270120704,5.764139606090192,-1.3002722861125655,-0.36525621717594375,51,0.3982969931990396,0.745528413821282,0.4192570515641558,366.3675254588938,-1.1899301972754814,-0.14207028573578478,0.3997275944900256,0.7466451699068555,0.4211616146839824,285.72244936528375,0.3615846736538218
31.552,52835.0,0.007861627272808966,3.8106805180486027,-1.1905969544996584,-0.07786145666842036,51,0.3843325068543713,0.7359673105618278,0.4108774284432134,364.6541949133639,-1.1023110435211718,0.023987264494277294,0.38332881254669643,0.735708674481849,0.4111842763337066,285.72244936528375,0.35170038447881985
31.602,52578.0,0.00865594077879297,1.5098304622071346,-1.1135895446524973,0.31789566013769793,51,0.35929563713178664,0.7169548424455714,0.39911136610977416,362.5293340972249,-0.96670417201143,0.3650962721520577,0.3652427993710031,0.7213753313121428,0.40204207431159183,285.2985648384826,0.3417915756760654
31.653,53409.0,0.0067859276063208475,-0.8751027542161198,-1.0902436005677978,0.6543827332099551,51,0.3380001088088685,0.7053882757552444,0.39089127738822155,360.1136490107032,-0.785042598862398,0.7081057931002277,0.33642680935726055,0.7042829722265697,0.39121052534653095,285.2985648384826,0.3319244462389201
31.703,52372.0,0.0012549126478818002,-3.432289101032083,-1.4174094052351283,1.041519929810922,51,0.30462776310955925,0.6830735071174463,0.3829231626170625,357.44316623397657,-0.9910983570254314,1.0391679984912896,0.30775103742427523,0.6853441569612108,0.384081096871796,285.2985648384826,0.32209395624229104
31.753,51116.0,0.0004987424700531734,-5.782269682587554,-1.463098139722254,0.9643363538258919,51,0.2837044177140848,0.6676580157612866,0.3802475037720343,355.0245419773817,-1.1231728533019436,1.0617718440566086,0.28144097060256373,0.6661547408079581,0.38065337080290707,285.2985648384826,0.3121576678591494
31.804,50407.0,0.004138098287525292,-7.772694637231729,-1.2559856419899,0.6500926878670095,51,0.2572037722451962,0.6433820851343588,0.3781917285903303,352.90415533812535,-0.9413049701240532,0.8024510213547991,0.2583588318049294,0.6454855573900161,0.3787622703607045,285.2985648384826,0.30220689969874687
31.854,46356.0,0.005736140436921492,-9.233752143903217,-1.0291017344748572,0.5218774322008806,51,0.2437861965732064,0.6250686926627632,0.38652781110050993,351.29872706669545,-0.7656513537123865,0.658145728374808,0.242056323986125,0.6232418281897992,0.3870759297359835,285.2985648384826,0.29235125008653357
31.904,43526.0,0.011433460062763834,-10.262740066494628,-0.8939297664101034,0.4374924417151879,51,0.22813919282871714,0.5972539469327993,0.40146760897348505,350.1190966786636,-0.6144287037789127,0.4925212217444346,0.23038208055643383,0.6025668198417923,0.39824271562222946,285.2985648384826,0.28238228220204525
31.955,41988.0,0.009142660568517291,-11.126985406292178,-0.8521299262844999,0.28682520217070434,51,0.22024556109517093,0.5784038460912477,0.4120351785228626,349.1361691864256,-0.549069572938756,0.3271158738738004,0.21881132180404836,0.5754265083079142,0.4138662115969848,285.2985648384826,0.27109205447900614
32.005,42254.0,0.011718374448797194,-11.904856752072549,-0.9207756693509553,0.17031475211722866,51,0.21069692005452598,0.5460671537156049,0.428683923514182,348.36707644439076,-0.7004893505405477,0.14401763387757902,0.21158671248164554,0.5485768708133562,0.42721039139058437,285.2985648384826,0.2612454447292944
32.055,39366.0,0.006401196144707626,-12.623479559557854,-1.073362017716596,0.133705630569192,51,0.20555979056584944,0.5226938280500621,0.44041889506235526,347.5883435856226,-0.9007781888973395,0.09120797754408426,0.20470270010239094,0.5190222794877101,0.4422757406739463,285.2985648384826,0.251431274482764
32.105,39114.0,0.0038585562994987196,-13.155397943047758,-1.244382771244147,0.29493776751683104,51,0.19614722280896182,0.4907815021043507,0.45955284617407216,347.02629913511714,-1.1024504469597995,0.19302964500517425,0.1969756789187679,0.49278130957948846,0.4579121210598911,285.2985648384826,0.24161442427854812
32.156,36477.0,0.0046948112640610795,-13.572399739104895,-1.1739784989697517,0.512169472602915,51,0.19105772420683562,0.4694133787160293,0.47292975506476276,346.5434572575229,-1.1464105219703782,0.34829977650934263,0.18998380872859055,0.4653676014984542,0.47520847073820305,280.66236330360994,0.23173989495617825
32.206,37244.0,0.004270808040832558,-13.911343518243465,-1.194403579873872,0.4747086607018721,51,0.19325299957867625,0.43365153974245846,0.49139590819567897,346.1782834531838,-1.229959755840764,0.1999628463444059,0.19237092790147214,0.43305790545006073,0.4917135179169649,280.66236330360994,0.22186644561827656
32.256,36193.0,0.003836380290742692,-14.14121614953758,-1.298110244220724,0.19993586207653807,51,0.1988987952464174,0.40973223061456204,0.5023258508642424,345.91395078797075,-1.298984821428812,0.022087589225171598,0.19960308812832256,0.40609600644158994,0.503731840175697,280.66236330360994,0.2120565953096189
32.307,37110.0,0.003471700798391745,-14.211047146867454,-1.2220905387934837,0.2613597306993196,51,0.2084085221053326,0.3742781600566631,0.5147091763262636,345.79425379774256,-1.3473665255985716,-0.0803054205915336,0.2077352796110224,0.37685596143320943,0.5138284856219115,280.66236330360994,0.20215046646891538
32.357,37178.0,0.005547796633571956,-14.187619767028707,-1.2945799447801163,0.3529174616583421,51,0.2196367312485584,0.35010585864376276,0.5201878205216489,345.7911295157208,-1.449125695230189,-0.009136979553934,0.22135638177645234,0.3455958206293401,0.5211771228678007,280.66236330360994,0.1908896783010942
32.408,38595.0,0.00336270387891466,-14.134496101788313,-1.2901503218337314,0.3144767560399802,51,0.2474325418079415,0.3143522169052595,0.5228486437126872,345.839783636312,-1.490205349321479,-0.018012124721132124,0.2472153581351781,0.3135251383747752,0.5231943807270242,280.66236330360994,0.18103798862659531
32.458,39905.0,0.004043067480837328,-14.09762060393201,-1.1831546836263247,0.44529033554533115,51,0.26678428151911227,0.2914181129912422,0.5206907518430177,345.8688412552235,-1.4139268057732735,0.13651907492439921,0.26962859296823677,0.2881102643946283,0.5206241780086398,280.66236330360994,0.17120957859805902
32.508,40707.0,0.0019143147883322028,-14.03385048203731,-1.360100241811464,0.7702891682688903,51,0.30042350646837646,0.261225835945572,0.5131755962373532,345.9367852197628,-1.5096227137417337,0.39696304972354735,0.2971576468826823,0.26273552120983146,0.5143050162505022,280.66236330360994,0.16141460805923896
32.559,42907.0,0.002137012696735154,-13.997945574386584,-1.2550025192372345,0.9729519584877399,51,0.32699750528515387,0.24431249204232267,0.505123466642059,345.98354531889333,-1.3728441287806785,0.7544319129305802,0.33204322059350594,0.2408925171164204,0.5038251707525523,280.66236330360994,0.15166267686690066
32.609,44160.0,0.004650289592019366,-14.072955790722045,-0.7714464994605066,1.0228722038732854,51,0.3700486672516897,0.22344478676208612,0.4857154984372554,345.9341791563164,-0.9119512152962506,0.8766021142117865,0.37065825984030715,0.22276875945120728,0.48631101677268956,280.66236330360994,0.14176258793054913
32.66,47271.0,0.002518940647754106,-14.192133701668855,-0.5612970097056817,1.3512243434820175,51,0.40041810021273794,0.21080089145770028,0.4700787102004242,345.81937436047383,-0.6826911954234274,1.1341322477935638,0.405819987405866,0.20858662357787752,0.46793513418847266,277.27713861000166,0.1318570990791325
32.71,50039.0,0.005726994274557558,-14.317637287989298,-0.8153725419352043,0.90482776014561,51,0.44984468043228193,0.19523999022686692,0.4414342111604193,345.7080470274304,-0.9596154149696363,0.7518074254767984,0.45338820884533654,0.19392899355917195,0.44029078354473977,277.27713861000166,0.12055119159673683
32.76,50452.0,0.009167250467627293,-14.397629538076556,-1.0617403880847245,0.8840677473238654,51,0.4815407352440109,0.18841907977842975,0.4198688430311428,345.6155235190085,-1.2347149552287957,0.5744748603994472,0.4878287210256669,0.1871600385366214,0.4165925755016687,277.27713861000166,0.11064130281387968
32.811,53276.0,0.0032886156734405372,-14.41082171144765,-0.9721476796017208,1.0978923749016163,51,0.5274375283661473,0.18098976158464228,0.386061839074985,345.5764952380841,-1.1435187116806287,0.8038309083474947,0.5309516362979435,0.18031836267144272,0.3845785629503307,277.27713861000166,0.10063405551596366
32.861,52511.0,0.007412848175931122,-14.35328385093751,-0.9761811845828101,0.8824069944987826,51,0.5731572020300321,0.1807225965702229,0.35016570469364594,345.6120248145784,-1.0641131704560027,0.8104078092366815,0.5646504415389962,0.17984402723010443,0.3592038059450596,277.27713861000166,0.09073044663562385
32.911,54000.0,0.007724267548299673,-14.289316926106883,-1.2299952696417313,0.5233577152879855,51,0.601884218327866,0.18309361031922858,0.32542170797398895,345.68119015416795,-1.2826896287223595,0.40074508488866184,0.6027012563761848,0.1830296909898635,0.3262390313360368,277.27713861000166,0.08091507640554257
32.962,54000.0,0.003610068782167657,-14.274280301653455,-1.3047986833840766,0.38627897929568117,51,0.6431425146337622,0.1871571412690426,0.28838678883461805,345.71657002404163,-1.5581618155863854,0.15631635845526343,0.6351304222156692,0.186791074543801,0.29692087369640247,277.27713861000166,0.07111298597790233
33.012,54000.0,0.005859533639917705,-14.441955287828304,-1.0888951755171865,0.4037417670605879,51,0.6696008598293002,0.19252981896249646,0.26427342643996526,345.6084566721898,-1.3478105610228328,0.12158623631776799,0.6741228758124909,0.19321897052446252,0.26151062136038844,277.27713861000166,0.06128941587598785
33.063,54000.0,0.007333154523342747,-14.860072059622599,-0.9549312435483404,0.6796276092008804,51,0.7014711453275742,0.2059777160414823,0.22857911560713218,345.2766323154838,-1.2246850992433824,0.27814149156278506,0.6959630658033522,0.20268681137576747,0.23677719186039967,277.27713861000166,0.05128532852917761
33.113,54000.0,0.006973615200155705,-15.428214716938493,-1.0012513394418494,0.8233764419533047,51,0.7181477278101223,0.21539982884281952,0.20776533031301403,344.7705472759116,-1.080619495265734,0.5988894851393344,0.7205933329772883,0.21667321852357113,0.20638749328092842,277.27713861000166,0.04136331992919123
33.163,54000.0,0.004639558926265554,-16.032251820484856,-0.9051046322699026,0.971501506511659,51,0.7395453109707559,0.2336561107403586,0.18181055533153614,344.1528523269929,-0.9132014698449619,0.9075592854874914,0.7387368526652106,0.23195316470628768,0.18391913198929633,277.27713861000166,0.030051212539301153
33.214,54000.0,0.007190538291954273,-16.611658100045187,-0.5963028143398785,1.2406765352426647,51,0.7487681207590317,0.24906218105718902,0.1682426054010862,343.59014032185996,-0.66582072856751,1.321085529269891,0.7506977600286049,0.25146101613282396,0.16687055763344757,282.88543141397747,0.020110724220279763
33.264,53139.0,0.0007276360700565984,-17.228680286899333,-0.432195637111026,1.5170213589631525,51,0.7569150214655632,0.2713299259140121,0.1524555278271581,342.97679190129304,-0.37518672120248875,1.74262514183866,0.7570144325224241,0.2702831116628127,0.15419620336685497,282.88543141397747,0.010174195838972777
33.315,52442.0,-0.0033830944618390675,-18.04431537409688,-0.4745742284512732,1.8416442382555387,51,0.7597469800946228,0.28577706217241083,0.14529562596270426,342.26078043171987,-0.29224543716518286,2.0091189054373597,0.7605116950172671,0.2883316031072995,0.14481685077245862,282.88543141397747,0.0003124663183477483
33.365,50431.0,-7.601298827533412e-05,-18.87092554230637,0.037036122173983624,1.574303388495464,51,0.7620810939520472,0.3112171981812173,0.13889277800407887,341.3673028022392,0.1944624760383547,1.7567843079396857,0.762578235822415,0.3116870607588359,0.13920861000005447,282.88543141397747,0.0
33.415,48432.0,0.011592738951719394,-19.418393590837567,0.7570110599197057,0.5853730507465272,51,0.7593720987475677,0.3262035772510149,0.13884153346938982,340.72515733349695,0.928565650722733,0.7708845841610538,0.7593377392500748,0.32879673229708195,0.13923967164080195,282.88543141397747,0.0
33.466,46521.0,0.010600567207496097,-19.776537098790254,0.8666815234204112,-0.22712764605614613,51,0.7536890166403672,0.3476269532275488,0.14400837846700024,340.32817325690786,1.0782157590772976,-0.18095756454284195,0.7543174062539966,0.34615218654502294,0.14338349125615366,282.88543141397747,0.0
33.516,44004.0,0.010393243016147467,-20.095420102834183,0.6925869278682749,-0.3781724071639276,51,0.7489125487858649,0.3630399662960963,0.15041782140305002,340.00454445680765,0.8648511758978292,-0.4392404755935125,0.7482095394565151,0.3654029004248915,0.15159815861317505,282.88543141397747,0.0
33.566,42303.0,0.010959447503750254,-20.401901066769298,0.6818780557908589,-0.426385479983824,51,0.7354620850883297,0.3804729115279201,0.16256279104804816,339.66856183794283,0.7712393363421449,-0.5209436451410561,0.7354323837797555,0.3813576393935342,0.1627515739899655,282.88543141397747,0.0
33.617,39943.0,0.012419756903628258,-20.6943090231737,0.24277697982758814,-0.4362509747297898,51,0.7264269535854921,0.39101868924199384,0.17439788008056928,339.39433991201633,0.3775942911132623,-0.5473919196799444,0.7248370277699744,0.3929020360534061,0.17636670052178932,282.88543141397747,0.0
33.667,37202.0,0.015918710864760932,-20.960658566994862,0.11928903718833389,-0.20460595033039508,51,0.7122456301281872,0.40981771091320085,0.19604962874292567,339.1100523821151,0.13542641685118056,-0.42462302237986005,0.7120850512529219,0.41014989651984324,0.19605987189903973,282.88543141397747,0.0
33.717,35549.0,0.012029243067943653,-21.22762458239447,-0.028733215710492102,-0.24139705077118964,51,0.7017974463132061,0.42132639352036944,0.21146312636768771,338.8345637327368,-0.011255316205900865,-0.37482965617120223,0.6999709713395702,0.4235815070122371,0.21406148931480987,285.8939904811782,0.0
33.767,35707.0,0.014114698062764698,-21.414066681890326,-0.17564200894215617,-0.3434880289360227,51,0.6918423294300939,0.4355369767814921,0.23506152845477218,338.62907029251454,-0.12458326427560558,-0.3144476787081741,0.6911367676498674,0.4355811210640548,0.2348154992533805,285.8939904811782,0.0
33.818,33140.0,0.010923977553966789,-21.52860868399531,-0.12615922846808056,-0.023854720278896974,51,0.6849539173203075,0.4458247058766325,0.25045491148038257,338.50596989365175,-0.12456010281958942,-0.094083682061246,0.6838392988896743,0.447642893330978,0.25283743341161785,285.8939904811782,0.0
33.868,33581.0,0.011728703425550444,-21.55461499700299,-0.035557920169649454,0.171008561711056,51,0.6725835609387272,0.4605820775729229,0.27248866783026326,338.4575076568389,-0.19614866658466482,0.05388339343965879,0.6724135105644337,0.46088931197510075,0.2722904005891404,285.8939904811782,0.0
33.918,32166.0,0.011330579505518414,-21.576895696118683,-0.11929724316695559,0.029902583994475953,51,0.6652645239884086,0.4687717574416412,0.28508836297275586,338.4340708709943,-0.14672267771982253,0.06131940439402767,0.6639288527047089,0.470330763162825,0.2869875794316184,285.8939904811782,0.0
33.969,32956.0,0.011469562717865015,-21.601404572855717,-0.2174013854445986,0.014605343325369323,51,0.6544557959328072,0.4821579899313762,0.3001550785120718,338.40774678350414,-0.2622856024640158,0.04727759243189736,0.6544592959799502,0.48214717933445106,0.30013785796518744,285.8939904811782,0.0
34.019,35293.0,0.00976040054080406,-21.59959255296019,-0.24018462576574368,-0.07145059210303702,51,0.6510839921252968,0.48762715183422845,0.3035499566288111,338.4010796854712,-0.2322259139813842,-0.056586736559715946,0.6502865318704568,0.4889861521293793,0.30434620071562196,285.8939904811782,0.0
34.069,34467.0,0.02423584811021693,-21.466040846338224,-0.07876111398044104,-0.0011687769162791433,51,0.6410145868764092,0.5076900079422623,0.3099313797555991,338.4775251459234,-0.11961928511158675,-0.029134499826442572,0.6403665143512067,0.5085772870477493,0.310298910071872,285.8939904811782,0.0
34.119,36510.0,0.012387001958067863,-21.231965423639004,0.18582966471698079,0.0976741432553205,51,0.6390583850144546,0.5181099203182883,0.308667061313674,338.6572614707939,0.08863218885293414,0.006145951297700374,0.6384883617495499,0.5203200742284521,0.30843028453101157,285.8939904811782,0.0
34.17,38796.0,0.029305979562973695,-20.998912117550034,-0.08186206737333723,-0.45250689361069235,51,0.6342322673358197,0.532327858824839,0.29963728025633485,338.9399623076359,-0.0052597726028847875,-0.2821199007242347,0.6341351174882257,0.5334953542741053,0.2994182881327976,285.8939904811782,0.0
34.22,41418.0,0.010824667475425485,-20.920939138168176,0.036217929770304774,-0.29310485947130005,51,0.6314443639264795,0.5454562738185073,0.2814762507683329,339.0535339027885,-0.011947529027353396,-0.3527951324460141,0.6312263685977019,0.5418189321362672,0.28652319333608123,285.8939904811782,0.0
34.271,44269.0,0.015051649852527266,-20.909625143753757,-0.04793699615611166,-0.05621203012717447,51,0.629904355593982,0.556638597931803,0.2654268050743587,339.0910948132678,-0.006656211696011618,-0.10480559411330992,0.6297860897615877,0.5577912354609378,0.2644743300983551,285.81227844070384,0.0
34.321,47074.0,0.019570100358977483,-21.03732649371445,-0.19674353477919646,-0.10307852648486832,51,0.6225971538719676,0.5733693793027218,0.2331903761590292,339.01513709570656,-0.2620694151292389,-0.12928285446381876,0.6247225327205755,0.5702505014337538,0.24159485993440397,285.81227844070384,0.0
34.371,50702.0,0.019238253566403234,-21.257538095188313,-0.4104840260221687,-0.23964508809729768,51,0.6198007745573489,0.5826225582251159,0.2078797793804439,338.80245661853695,-0.5971119853696769,-0.3133630547205924,0.6192302659301909,0.5838318117756834,0.20632593368196628,285.81227844070384,0.0
34.422,51027.0,0.010927021461962937,-21.40782866834062,-0.744673337857607,-0.14280824094430297,51,0.6207921262526522,0.6001094852562318,0.1671663837564594,338.63470987474966,-0.9283670577013917,-0.32855910072216393,0.6206952219013717,0.5984244722628671,0.17147434341230214,285.81227844070384,0.0
34.472,0.0,0.013485973079470217,-21.753695987104788,-0.4809960365350183,0.2917857863503056,51,0.6202560467714314,0.6123366483815065,0.13838259479108667,338.3620151097454,-0.8072190275628961,-0.05842029644553526,0.6204001780681887,0.6144471026398073,0.13510898494980078,285.81227844070384,0.0
34.523,0.0,-0.000553330196569209,-21.994950584461133,53.043432476287045,-33.96923718549852,0,0.6210965763759132,0.6305997195347026,0.10250337753624156,337.1910629517297,30.844132855446304,-20.138919197200515,0.6200961548576923,0.6288333260203797,0.10187027899873877,285.81227844070384,0.0
34.573,0.0,-0.0004323079553032308,-23.20900701992984,26.2677675443093,-11.774126723726559,0,0.6210008031041976,0.643759395782632,0.08391649084335379,337.298659526581,32.41534909107909,-17.05414964125956,0.6190193395738407,0.6444772663489068,0.07704916272036551,285.81227844070384,0.0
34.623,0.0,-0.00032664580456286677,-24.589929211372358,9.077739140137053,-1.3987724759546085,0,0.6182447489831271,0.6604093645731466,0.062159279117899875,336.0154545908003,12.569009354566642,-3.1706118027946193,0.6172820558822857,0.6604981554230612,0.05794970309949387,285.81227844070384,0.0
34.673,0.0,-0.00026992273720065504,-25.922711433399808,2.1545045926750572,1.1868087799833997,0,0.6146117681326022,0.6656334325871087,0.05088795693577639,334.5346152763492,3.614457728754425,0.7760566915525107,0.6136581364391829,0.666533004920849,0.04564878593068479,285.81227844070384,0.0
34.724,0.0,-0.00019965706310705748,-27.918858166132058,-21.328681473189558,28.538254752660194,0,0.6083026217719274,0.6710331993384212,0.03769455506143811,333.1837643629333,-17.569915125268846,23.121986181623775,0.6093938065387752,0.6712490990738796,0.03512713074505959,285.81227844070384,0.0
34.774,0.0,-0.00016309766854498257,-30.406066205989063,0.2795213915731017,-9.1312253914724,34,0.6039801350691296,0.6738441580116278,0.030859358775242013,329.89986574003774,-0.6514730706870694,-6.8360079292786216,0.6032300980661686,0.6743106402755743,0.026234302154322216,282.12723943216446,0.0
34.824,0.0,-0.00014499631477756766,-30.293355931766886,-0.07936283192741565,-2.2169809437599617,34,0.599275445374438,0.6778001376366257,0.02285677963967852,329.69944518149345,0.07605966125846503,-2.2568973455160957,0.5992120044712297,0.677563024047374,0.01931980993982577,282.12723943216446,0.0
34.875,0.0,-0.0001208012815231302,-30.281880766089216,-0.2974550288206398,-0.5066461557624591,34,0.5950270807292893,0.6794516940321418,0.018710748376852673,329.7116616098898,-0.2853410837621802,-0.7690492947593791,0.5940515882928687,0.6795672872713501,0.014574177500003739,282.12723943216446,0.0
34.925,0.0,-9.104147767948104e-05,-30.27780966031978,-0.48064843273122576,-0.10230094392013178,34,0.5876008915101267,0.6789048087506057,0.01385845505883423,329.7194178488698,-0.4388662208622331,-0.17388724712489836,0.5873424160054835,0.6787867617363165,0.0104597821307229,282.12723943216446,0.0
34.975,0.0,-7.59606788964571e-05,-30.276443688652282,-0.5504772278141448,0.10198175755991083,34,0.5827532122847309,0.6786014336106923,0.011344723571190865,329.7196835758165,-0.5162962431605447,0.05579648121922815,0.5816926616363138,0.6783063325379186,0.007590028711946036,282.12723943216446,0.0
35.026,0.0,-5.5244427533181887e-05,-30.30642598453898,-0.4985523433430795,0.17578362174261183,34,0.5744500339278934,0.6781940591524747,0.008402679434059531,329.70500872310504,-0.5284479486159082,0.1492177178600235,0.5742111623009094,0.6780525176050736,0.005063217993454859,282.12723943216446,0.0
35.076,0.0,-4.387443276331378e-05,-30.27759736472717,-0.37290938642354726,0.13172415817268884,34,0.5707481227169983,0.6770106077843188,0.00687864711668478,329.70647041954993,-0.3745662082603095,0.13943093627256448,0.5697237384841177,0.6766039282862851,0.0033003415916932777,282.12723943216446,0.0
35.127,0.0,-3.2127976906104357e-05,-30.349662284810485,-0.4142229540345953,0.07091372512131659,34,0.5657950030658458,0.6748019888907781,0.0050949724208063365,329.69655977223493,-0.3777664673630714,0.10801770561362262,0.565461092957527,0.6745286175911664,0.0017816810078612965,282.12723943216446,0.0
35.177,0.0,-2.6619475358352355e-05,-30.42905993530748,-0.5996311713842561,0.02835166154352328,34,0.5621544624376277,0.673844279585784,0.00417090380181321,329.5896932041855,-0.5589788490028413,0.01475250286721141,0.5612573842327996,0.6733901240685474,0.0007093744029771561,282.12723943216446,0.0
35.228,0.0,-1.86626531623033e-05,-30.42030621289644,-0.5309877316713946,0.2933834094872119,34,0.5597300520260601,0.6716071992035815,0.0030893645887647837,329.5965596883786,-0.4996521772126511,0.15380336207732914,0.55916090388281,0.6711957434888051,0.0018765376963816322,282.12723943216446,0.0
35.278,0.0,-1.385739774399973e-05,-30.4244298413865,-0.5316865045786865,0.20753785063188626,35,0.5581319801974193,0.6708466176999488,0.0022882906735828307,329.60184957951344,-0.5431155074305923,0.13869108038923286,0.5581415385937601,0.6707176135948408,0.00013121526565857054,282.12723943216446,0.0
35.328,0.0,-1.1079123834611331e-05,-30.383981192009102,-0.5681586943725677,0.190691742220419,35,0.5573482330233743,0.6684284511599556,0.001873308391848455,329.5847206680556,-0.5331516211805178,0.18786611307463233,0.5572230399090009,0.6682258783502356,0.0,284.71372022425356,0.0
35.379,0.0,3.7903498695211873e-06,-30.403068821831067,-0.5089310471626352,0.20738679069981905,35,0.5578566591384866,0.6685495138287516,0.0022140897047484157,329.59224036491617,-0.5442665454070479,0.25089146891662945,0.5579502858742805,0.6686313683759566,0.0008447855894207811,284.71372022425356,0.0
35.429,0.0,1.1852985874200024e-05,-30.40811075794506,-0.45751595683347757,0.3240003952497186,35,0.5566018216840735,0.6691675211587458,0.002627296921321753,329.5985326792853,-0.5120454793359506,0.2544498586104454,0.5564894979482647,0.6690699611363935,0.00035773097485238047,284.71372022425356,0.0
35.48,0.0,3.349865260543606e-05,-30.400479440948185,-0.502949852707434,0.19625729628740826,35,0.5576278648622257,0.6681067224805667,0.004282014390734969,329.5994812396047,-0.5108908564404815,0.23852931055573684,0.556881054490991,0.6683040609632475,0.0007162345170219623,284.71372022425356,0.0
35.53,0.0,2.3845581712089684e-05,-30.40063366366057,-0.47074892731606854,0.1266589477483087,35,0.5568710174447249,0.6684502339031172,0.0053143609697590966,329.5983719274652,-0.5395635239397849,0.24498925613216693,0.5568637351393309,0.6682458750821122,0.002250503372146463,284.71372022425356,0.0
35.58,0.0,1.3707990398864209e-05,-30.40564909605928,-0.4457869920811218,0.24492463973529685,35,0.554856405643241,0.667805915208729,0.006172341721424357,329.5955072941158,-0.47055330201872164,0.23957799377056097,0.5548573487340037,0.6683380430802078,0.0029526193897716317,284.71372022425356,0.0
35.631,0.0,1.6807650373001473e-05,-30.396529092724755,-0.5310989956514192,0.19603967364937794,35,0.5528742191772548,0.6683568658221803,0.006806819545333595,329.6031730005931,-0.4767266619815196,0.20835992491864924,0.5523783300419236,0.6680204464542299,0.003655348876687911,284.71372022425356,0.0
35.681,0.0,1.065820312192342e-05,-30.39280001623309,-0.48452698249200193,0.1981427337895507,35,0.5520354576692867,0.6702604035614681,0.007355190604530019,329.6066766128283,-0.4916133589731823,0.2211618265534833,0.5516358211011949,0.6699759437323574,0.004083715330592954,284.71372022425356,0.0
35.731,0.0,-2.9377943547101915e-06,-30.394892381171054,-0.5376774033375207,0.19268680311910405,35,0.5518647150473003,0.6711789745675604,0.0073566735886549306,329.6052054174414,-0.513687524826358,0.21557265758897587,0.5516339849364308,0.6711320513227945,0.004157351544628325,284.71372022425356,0.0
35.782,0.0,1.307418354340267e-05,-30.396526023104485,-0.5747628474341484,0.18396541782243278,35,0.5547489147934972,0.6688060729826051,0.007731255178903163,329.60404562142503,-0.545269365798934,0.2078700928521002,0.554134446223589,0.668974459804462,0.004378462737826411,284.71372022425356,0.0
35.832,0.0,4.243073298733059e-06,-30.400884831313768,-0.5199529599025685,0.20486889359704194,35,0.5557325051563264,0.6657772879909853,0.008113644448386375,329.60098652901235,-0.5234356152884445,0.1870728015211983,0.5558385931094646,0.6652166175126706,0.004972611918024803,275.89251241822603,0.0
35.883,0.0,4.796824392585214e-06,-30.397475005886832,-0.5519771363489103,0.17037209322920552,35,0.5537638263043436,0.6611856555105194,0.00858209674868616,329.6008235759742,-0.5447753211256638,0.19681660290957204,0.5535466922834285,0.6610261623083775,0.005413747890784575,275.89251241822603,0.0
35.933,0.0,-1.281265363933327e-05,-30.39873899132423,-0.5614052064132926,0.21560320779659303,35,0.5537796649672541,0.6592774770632331,0.008222867144707716,329.6017530516394,-0.5544704028223795,0.2109742897968691,0.5534962456421582,0.6586106447845897,0.004947104514991689,275.89251241822603,0.0
35.984,0.0,-2.224807447722939e-05,-30.397460476905753,-0.5891370931199874,0.19143948788820211,35,0.5529077035336177,0.6585342916429624,0.00701028903288538,329.60139280031296,-0.5770997706731282,0.18160660028124737,0.5529703168784262,0.65827588364491,0.003794997173619858,275.89251241822603,0.0
36.034,0.0,-3.3263070265909576e-05,-30.391973261935608,-0.5287575345662785,0.172747318739779,36,0.5517588888784731,0.6572574284621431,0.006052863676787939,329.6060397767362,-0.551067146934338,0.17503991075031686,0.5513893158341098,0.6569595394325465,0.0027109491501244912,275.89251241822603,0.0
36.084,0.0,-2.338694527999787e-05,-30.392536978837047,-0.5322768705980211,0.17880718673923918,36,0.5533957994384726,0.6544172190182441,0.0052345689567607325,329.60675326269734,-0.5331134471126284,0.18264247429607844,0.5530211270128993,0.6540002892824125,0.001972224921790121,275.89251241822603,0.0
36.135,0.0,-2.2802390133894858e-05,-30.39338056227853,-0.5323781368599942,0.21493352774683452,36,0.5545133175134851,0.6519797915057955,0.0045375560047331885,329.60624802680314,-0.5517413786931247,0.18829937864726426,0.5545308673224084,0.6514028415679349,0.00117773134520908,275.89251241822603,0.0
36.185,0.0,-2.171478849148135e-05,-30.39323219451636,-0.5061742954344639,0.229553744292226,36,0.5569163772125406,0.6485113586480946,0.0033607625935923014,329.60679858804787,-0.5227292317092328,0.21335981604590945,0.5567527931355654,0.6480731393109922,2.5263967660828262e-05,275.89251241822603,0.0
36.236,0.0,-1.731172120746086e-05,-30.39433892806982,-0.5578844294628887,0.21058646132397316,36,0.5590543463178776,0.6475667775059489,0.0027512259604759487,329.60699616383215,-0.5411260024727733,0.21371839775498513,0.5593260586224473,0.6471863690595645,0.0008221686415854297,275.89251241822603,0.0
36.286,0.0,-1.286620573780824e-05,-30.392493234520977,-0.5514056172551222,0.2220634646300426,36,0.5583108158114458,0.6485448128022272,0.002159560076716953,329.60661670601854,-0.5392119881173978,0.2033398295251172,0.5584719893622623,0.6483145298087502,0.0011778481016226198,275.89251241822603,0.0
36.336,0.0,-1.0458640690381811e-05,-30.39247556534411,-0.5612413496256651,0.21361478207419798,36,0.5568066273540957,0.6482897722138561,0.0017679282292723153,329.60790091628303,-0.5531672617877852,0.19136792365332955,0.5565464755253653,0.6482623088343481,0.0004316777146960297,275.89251241822603,0.0
36.386,0.0,-7.6289117863171555e-06,-30.39122463948685,-0.552823618254979,0.22407466275217944,36,0.5557287132080994,0.6448819879231126,0.0013095275969028162,329.6078349450031,-0.5656708887146277,0.23467094516933618,0.555605428519025,0.6446201771895547,0.0007400935001070724,283.14174068099766,0.0
36.437,0.0,-6.623143592328347e-06,-30.39477568252316,-0.584298903045993,0.23656103433994422,36,0.5541229039237694,0.6434960677669205,0.0010720241423557255,329.6065333607579,-0.5640697913330129,0.23124710612621543,0.553819895377706,0.6431389956982068,0.0,283.14174068099766,0.0
36.487,0.0,-4.782594858017271e-06,-30.388774581388326,-0.5924573731104597,0.2442323640397895,36,0.5513881215838583,0.6415904411288563,0.0007940500494223946,329.61118784676927,-0.599059044154249,0.2228212176880894,0.5511481099030725,0.6414499137895303,0.00030035131367300686,283.14174068099766,0.0
36.538,0.0,-3.5870373223980485e-06,-30.39450334049096,-0.5969148751038861,0.23124412307660783,36,0.5503079311139374,0.6409634601654915,0.0005881579658285185,329.6067564506312,-0.6093675813092198,0.24981417477201234,0.5509978241548656,0.6413809542928725,0.00011236277303734455,283.14174068099766,0.0
36.588,0.0,-3.337134186220121e-06,-30.391069326992543,-0.5878372946980411,0.22373016690089575,36,0.5490169206887547,0.6405749946428677,0.0004814775552393387,329.6076263468396,-0.5833966434747491,0.21842706576511609,0.5489137721461022,0.6404280166664303,0.0,283.14174068099766,0.0
36.638,0.0,-2.4629635636800163e-06,-30.390647244583388,-0.5771158091508244,0.21010642525589024,36,0.5503984006565206,0.6397597179664288,0.00035659205874335304,329.60905687387395,-0.5750219922969286,0.19627174832795466,0.5500759129621555,0.6396850455212,0.00012350148038983488,283.14174068099766,0.0
36.689,0.0,-1.911719063929889e-06,-30.390084527169122,-0.598003854460914,0.20665011275383452,36,0.5524245068412444,0.6409065180374472,0.0002919104671888316,329.61049773389743,-0.5802329112057313,0.21030660048864996,0.5526473785766662,0.6409342689925152,7.785106372513968e-05,283.14174068099766,0.0
36.739,0.0,-1.38270728669907e-06,-30.39267371692135,-0.6199348948879859,0.2319607274495109,36,0.5545471448836753,0.6431573999101151,0.0002162108960556728,329.6075437870907,-0.6302647891435029,0.23190749479184458,0.5538746808513418,0.6427752872607536,9.628276746410314e-05,283.14174068099766,0.0
36.789,0.0,-1.0898066498562614e-06,-30.39180174918537,-0.5806167917907488,0.20626110909055223,36,0.5560456992920888,0.6423721174597786,0.00017699750694540723,329.60797880646265,-0.596132309545485,0.20648749722694576,0.556247542392893,0.6425536724954859,0.0,283.14174068099766,0.0
36.84,0.0,-7.786207258513008e-07,-30.391388937349806,-0.5747657772125889,0.19498501226388745,36,0.5601346111418035,0.6423467306218721,0.00013110220524544148,329.6090269040369,-0.5723439500478714,0.2035073983371922,0.5600172037127357,0.6420526530467655,0.0,283.14174068099766,0.0
36.89,0.0,-6.207319775646882e-07,-30.39581840356231,-0.5469953155871526,0.17779113266288082,36,0.562668418099805,0.6430709345054546,0.00010732727937759883,329.60608365693844,-0.5499070424030545,0.20147607945244755,0.5631298195611135,0.6431682007783912,0.0,285.3636961206091,0.0
36.94,0.0,-4.6173026126995955e-07,-30.396980171240642,-0.5694979983709486,0.22079084507015792,36,0.5645784842420521,0.6416281063932684,7.949862749245051e-05,329.60402297023376,-0.5756839804303286,0.20556946510139765,0.5644683951121372,0.6420865415039644,0.0,285.3636961206091,0.0
36.99,0.0,-3.789543776770318e-07,-30.398656915937813,-0.595622506955021,0.25120704400720595,36,0.5664205153138283,0.6405626507091355,6.508173643881163e-05,329.60228194363157,-0.5804726900230719,0.24226833450799695,0.5666960198834035,0.6403622414218115,0.0,285.3636961206091,0.0
37.041,0.0,-2.9567375449505763e-07,-30.398051454909616,-0.5532637097624484,0.21791810307904114,37,0.5693052433833024,0.6415654501819723,4.820674922175754e-05,329.60143359825844,-0.5577870422496503,0.23049585392884986,0.5696013462521855,0.6415019921932323,1.832506561971457e-05,285.3636961206091,0.0
37.091,0.0,-2.343249823794567e-07,-30.39399093835703,-0.585454969014713,0.1765965411640992,37,0.5705282097207803,0.6425405188961947,3.9464292150710145e-05,329.60580818602875,-0.5708253703408147,0.18838869385912269,0.5707165133233002,0.6426345371906534,1.6292674208438565e-05,285.3636961206091,0.0
37.141,0.0,-1.6938245091305627e-07,-30.39364235816523,-0.5753931273051419,0.18512203163390714,37,0.5730924295543298,0.6442366296394946,2.9231494780717508e-05,329.60596193831935,-0.5776536814453531,0.1824406163653917,0.5725157674848391,0.6442555594701361,0.0,285.3636961206091,0.0
37.192,0.0,-1.3815284077266587e-07,-30.400088567818813,-0.5708080697781552,0.15459706572714108,37,0.5747564274949213,0.6435808349362852,2.3930603801234847e-05,329.6014505111392,-0.5760902987075023,0.15690454043919955,0.5751912519215242,0.643611738107212,1.5153627687507159e-05,285.3636961206091,0.0
37.242,0.0,-1.0122559099358991e-07,-30.397988674821747,-0.5483631555247153,0.16936730737616718,37,0.5734848591487721,0.6420906851680527,1.7725952714814612e-05,329.6011447019823,-0.5503776642208603,0.17177206967374709,0.5736900097220382,0.6421941022731511,1.4546013360175331e-05,285.3636961206091,0.0
37.293,0.0,-8.315537961807621e-08,-30.4022185298291,-0.5976216838619809,0.1840693839232768,37,0.5730216551916666,0.640316772107179,1.4511466580876769e-05,329.5983242208961,-0.5813600068671912,0.1718272316860501,0.5729290286640437,0.6400284657289451,1.7557266098667686e-06,285.3636961206091,0.0
37.343,0.0,-6.004101503309042e-08,-30.399052365035274,-0.6040569330147021,0.19811652542396932,37,0.5724690903792409,0.6387811555061834,1.0749023741272181e-05,329.6006343785081,-0.6047282013254754,0.20381883446443694,0.5725920865394245,0.6386661788958253,6.427425828901103e-06,285.3636961206091,0.0
37.394,0.0,-4.754754871261756e-08,-30.40472537506136,-0.5566158998918628,0.20181675647425598,37,0.5718584867172287,0.638743630225568,8.799909188634539e-06,329.5973042716821,-0.5891078470299567,0.19181545773094721,0.5717508729030886,0.6386662465740747,0.0,285.3636961206091,0.0
