time (s),yaw,pitch,roll,battery
0.0,62.93166778593288,0.12996665368010304,0.7617189626269556,56
0.021,62.931651769234165,0.16738000621905258,0.7884270599363364,56
0.041,62.93024196220994,0.17804249534001773,0.767236246807111,56
0.061,62.930014775174996,0.15852134635079926,0.7134597349907448,56
0.081,62.9272245378385,0.13982264929842625,0.6982945081923762,56
0.102,62.92805574122182,0.13057186555612985,0.6645694638026112,56
0.122,62.92724369955166,0.12164278142773564,0.6637683149615963,56
0.143,62.92539468096722,0.12411506240926115,0.6801307996883971,56
0.163,62.92362685762614,0.15178014277830906,0.70553804577587,56
0.184,62.924720170381825,0.14910675738237206,0.6605467430052818,56
0.204,62.923304706992425,0.14893183568707002,0.6663098622260986,56
0.224,62.92608889135008,0.12053338393927841,0.651067311074016,56
0.245,62.92485691166326,0.14483370006893742,0.7127226124767634,56
0.265,62.9255434165214,0.14430943881685498,0.7350180088393954,56
0.286,62.927028834879735,0.15630300717442228,0.6768529022764913,56
0.306,62.9278328075584,0.1615518805817902,0.6945662789976185,56
0.327,62.92839573126127,0.1764481295378959,0.6841095852785591,56
0.347,62.927221822760586,0.14436991182043107,0.6591209410661534,56
0.367,62.92807806659743,0.09151532338774766,0.6836004968166878,56
0.388,62.92604899630336,0.11464030530712585,0.6927131486491901,56
0.408,62.92602633924609,0.18705982681768585,0.7008214443065396,56
0.429,62.9237476981524,0.17303597832996828,0.6871282941130442,56
0.449,62.925486780131365,0.12957894798282094,0.6447280200503234,56
0.469,62.927796639751136,0.14199136980660795,0.6464783103101408,56
0.49,62.928472318475905,0.1360832026736166,0.6279475784936723,56
0.51,62.92856874445201,0.17930899436769587,0.6134544802389099,56
0.531,62.93045649955074,0.19189790743212504,0.6614973035341893,56
0.551,62.930813139067375,0.1830237077912241,0.6159675210694555,56
0.571,62.92859905893517,0.16923724231105022,0.6196344443446585,56
0.591,62.92852381542565,0.17968305431835407,0.6544482622270561,56
0.611,62.9269939705072,0.14701016084490948,0.6642871602258028,56
0.631,62.92542382479926,0.15882886435103355,0.6689522747917557,56
0.652,62.923251250106105,0.1520511235857435,0.6278711068963964,56
0.672,62.92418536933652,0.15177595157343154,0.6057320773309098,56
0.693,62.924697752640874,0.14224030507328733,0.6275873649623911,56
0.713,62.92264228705471,0.17140159234038022,0.6413237370926791,56
0.733,62.92239586733901,0.12359312613948267,0.6670411876172752,56
0.753,62.92278913822566,0.12190128720133073,0.7099185293343179,56
0.774,62.9246843918286,0.13032379668552257,0.6855392488696831,56
0.794,62.927818311023124,0.0987501938132596,0.690172759316901,56
0.814,62.9292397931532,0.12188682239229065,0.6708014959334263,56
0.835,62.93044220533729,0.167970621607097,0.6518120824658985,56
0.855,62.93091430056993,0.1149003969104122,0.6485068171186467,56
0.876,62.929252418689224,0.15596717445753486,0.6583347919215002,56
0.896,62.93034679951257,0.14780004828654664,0.6734493259179983,56
0.916,62.93072081503289,0.13394779020623213,0.6592695107201176,56
0.937,62.929933549994374,0.14435514812634528,0.6496145970548987,56
0.957,62.93024921572836,0.14182863099068885,0.6622887824121376,56
0.977,62.93154902337182,0.13221693975989404,0.6470131621500897,56
0.998,62.93228167657557,0.1302256703255891,0.7012801557650716,56
1.018,62.93378075042348,0.12185973684110869,0.6949032311500638,56
1.039,62.93313701094807,0.12197475858466499,0.6720943687276263,56
1.059,62.93221096592728,0.1123463466876317,0.7270005005732466,56
1.08,62.93228457728351,0.142800354365752,0.7316177513435196,56
1.1,62.930958413034276,0.14586451811665754,0.6886008952761604,56
1.121,62.92995932273491,0.15691569234659664,0.6837436272705998,56
1.141,62.92811498387686,0.18223849344380982,0.7465187552506195,56
1.161,62.929846019740715,0.1687150654165496,0.7482216970635824,56
1.182,62.928691831595835,0.11808391897380752,0.6715327688958583,56
1.202,62.928395141685066,0.15520743198818965,0.6312632721820054,56
1.223,62.92813735455331,0.10817927571692744,0.6379007255250757,56
1.243,62.92862096937321,0.0616880584698985,0.6362670303231136,56
1.263,62.93117585454412,0.1192341547676191,0.6692797964235441,56
1.284,62.92947150875537,0.16296791812960057,0.6908729560382098,56
1.304,62.93025596387625,0.18482165106394982,0.6608209836546662,56
1.324,62.929617869428604,0.13372939074203222,0.6356749005178288,56
1.345,62.930836880992885,0.12077460655201527,0.5963286537881181,56
1.365,62.930786418365436,0.10213372240644118,0.6054823825977621,56
1.385,62.92849536886826,0.10844004276811105,0.6817339712227277,56
1.406,62.9279993582936,0.09600014374926764,0.6724879922553875,56
1.426,62.92765731158206,0.11443599239116323,0.6671528154396581,56
1.446,62.92871599665265,0.14545792410827976,0.7280431151410667,56
1.467,62.929101658899626,0.16727956080944387,0.7065901219247569,56
1.487,62.93133250908627,0.17246741478834596,0.7414200127924084,56
1.507,62.931417488322566,0.16295646217926638,0.7980870224385387,56
1.528,62.93152099923955,0.16935502247463843,0.7392865874434774,56
1.548,62.932533497300824,0.17274608239347836,0.7007313919540087,56
1.569,62.93238339336011,0.13738312890754575,0.6806402331895534,56
1.589,62.932361418039626,0.12085128153387205,0.6734977480369124,56
1.609,62.93041530167121,0.12374877161189528,0.6930235611255304,56
1.63,62.93092516645008,0.08146737047988048,0.6880896285027135,56
1.65,62.9268722536811,0.11785910459354028,0.6793647029478053,56
1.67,62.92645844970707,0.10247101899913619,0.6382820804859806,56
1.691,62.92370131074388,0.11262859216727429,0.6747963366295325,56
1.711,62.923725623909874,0.12369821266665122,0.6774505132751365,56
1.732,62.921915656852384,0.15344869350828752,0.6999282786766835,56
1.752,62.92183779726088,0.13513874674314977,0.6675474200100284,56
1.773,62.92274176683474,0.11730048291055459,0.7014222071822005,56
1.793,62.921715891080105,0.09740150556067922,0.7071520053803656,56
1.813,62.922410317758334,0.09001781880116963,0.711147619332504,56
1.833,62.92351255276848,0.09976473878526947,0.6822263986912058,56
1.853,62.92410464877023,0.1395377916669579,0.6599896687556837,56
1.874,62.922086291046895,0.15829713757483665,0.6779554739242132,56
1.894,62.91992433645089,0.11981175470055586,0.6546940397257549,56
1.914,62.920312505353834,0.09809636499402977,0.6743516218636889,56
1.934,62.920534870093114,0.10973894920713406,0.6695360992543435,56
1.955,62.92041240574307,0.17331293259694008,0.6844502376102873,56
1.975,62.92142239939638,0.14840982000522365,0.6717421078549107,56
1.996,62.92101476487121,0.1819230051884429,0.7060946945754484,56
2.016,62.920725314079604,0.1960363170318126,0.6955089577025901,56
2.036,62.92215574090995,0.13379609552953795,0.6870356177234566,56
2.057,62.92235445986116,0.12425439543971377,0.6576329912264989,56
2.077,62.92150738737807,0.10974693531565471,0.6583469391031075,56
2.097,62.91514053014048,0.1693604754800457,0.6305601479573553,56
2.118,62.90860413372158,0.405757108469281,0.6302503226434066,56
2.138,63.01013936864147,-0.227133691692745,0.5884808296132892,56
2.159,63.096010204410995,-0.2739744581321642,0.3841535373231705,56
2.179,63.10512509557432,-0.21700656552003228,0.7665223376186152,56
2.199,63.09774875253001,0.20225379963873985,1.2848555782928899,56
2.219,63.095611130302906,0.2921255506304578,1.3642558673963465,56
2.24,63.10134999799469,0.19570816549915943,0.007260672533912175,56
2.26,63.17749879117484,-0.5990748163354143,-0.17794760561532427,56
2.28,63.14437288408855,0.2537287564748595,0.4281111862049548,56
2.301,63.135218154222784,-0.09088204579897095,0.1584288030700465,56
2.321,63.21181695213793,-0.13734201798499157,0.49065296457257884,56
2.341,63.15110607572044,0.3294503589512508,1.145127084287406,56
2.362,63.15855033639248,0.340759964352849,0.9976655525027971,56
2.382,63.15764906813292,0.31459862997149146,1.291760814641606,56
2.402,63.1312428422084,0.5147886283845885,1.4774375176655528,56
2.422,63.126121919661735,0.11318259394700043,1.0923851647778478,56
2.443,63.15847767503604,0.2693100274930997,1.1509550738763932,56
2.463,63.10290613401972,0.05909761528462948,1.2112909736138122,56
2.484,63.13657467478626,0.3274119705895241,0.08660301544387354,56
2.504,63.119697304314876,0.3542457862928372,1.4265853755222335,56
2.524,63.133683078995325,0.6782660982622628,1.7241140159452435,56
2.544,63.18063079458758,0.5948879991240463,0.4379168290554014,56
2.564,63.17664992134356,-0.06585492838531917,0.9853756492085026,56
2.585,63.188520810395474,0.1687959637979803,1.0337696315819194,56
2.605,63.1959524759666,-0.05236052948145132,1.9489199573388685,56
2.625,63.17415708353095,-0.12706596698413222,2.4850691927057,56
2.646,63.19629290748614,0.06389086502560642,2.172737929746848,56
2.667,63.18015218129536,0.3143966587947079,1.7343893816890954,56
2.687,63.220667604127065,-0.1698884693618626,1.0693600767061644,56
2.707,63.17637210705797,0.486791457276847,2.043673902272019,56
2.728,63.19680408702922,0.26828310304669556,1.82092546789259,56
2.748,63.24505973762839,0.22134798825644247,0.870137303096805,56
2.769,63.21266808356438,0.7369629455194256,0.11932228644478833,56
2.789,63.27358484735544,1.0639747474136256,2.1559392004724938,56
2.81,63.169893620717524,0.6514219512783271,1.871462886947095,56
2.83,63.25749174876501,-0.2760867100984854,1.408880311775191,56
2.85,63.21954111018715,-0.45982184052900305,1.5068535511347014,56
2.871,63.234037804037285,0.09922044559696258,2.0107399098351366,56
2.891,63.19248879783307,0.4975256189425205,1.2119920843731402,56
2.911,63.1957890118667,0.1699507771496397,1.8596460694717722,56
2.932,63.175003195890426,0.23002110864809938,1.5742476873417732,56
2.952,63.18858976477503,-0.05243783503046528,2.3301653441564314,56
2.972,63.13029698586111,-0.4631054198450479,0.9511693368486577,56
2.993,63.2200236901128,-0.1641421175517269,-0.014989502093269233,56
3.013,63.15742963475198,0.21319036547702816,1.094733801065802,56
3.033,63.14978859589927,0.3899507082745663,1.8454559446660592,56
3.054,63.17134128429229,-0.35124352756007576,1.596466008876287,56
3.074,63.14351958380052,0.4327398994753018,1.4257018750614687,56
3.094,63.1307280521388,0.5190115730492638,1.5473163207905836,56
3.115,63.165711875079474,-0.06204088072691353,1.4704815007565533,56
3.135,63.21834530189585,0.45953227948916364,0.9608604098619967,56
3.156,63.209159122105355,0.8893035698085389,0.8408520741661085,56
3.176,63.19452625860718,0.5324002360543256,1.7989093124783377,56
3.196,63.15837871585051,-0.040717485995134875,1.4670093687499444,56
3.217,63.25813679486543,-0.3332774126702037,1.9653369698134462,56
3.237,63.19780944314116,0.13132900524520832,2.301401969080726,56
3.257,63.223361098339524,0.6124390474767694,2.9133798585624837,56
3.277,63.20453377939587,-0.5895213565073893,3.0750855085273607,56
3.298,63.23364886400501,0.05967072343097266,2.4457821081301114,56
3.318,63.179569940373916,0.40898268637923574,2.541951685509048,56
3.338,63.21497946158836,0.3922570038543492,2.275447674396565,56
3.358,63.20557446795314,-0.04946385339409271,2.6926603452419697,56
3.378,63.242513774175606,0.43445030628394987,2.555653240052693,56
3.399,63.208985701278536,0.29701793279697225,1.8594604485931305,56
3.419,63.261175074347605,0.22564235053924797,1.3282055092332508,56
3.439,63.31449112440044,0.7787262589820154,1.5052450279998082,56
3.459,63.19118795396197,0.8247792698785852,0.9512254099314187,56
3.48,63.2617440462387,0.4137209275123427,1.9340865715641986,56
3.5,63.16134172581277,0.10186092849900318,2.7548843109238685,56
3.521,63.21240617317695,-0.5014703436589276,2.9177538092099304,56
3.541,63.27045493533617,-0.46765211843808574,1.946896909541658,56
3.562,63.25847789979481,0.211545586566338,2.117459139401848,56
3.582,63.18503979354093,0.7113972095496405,2.687042592232147,56
3.603,63.23778949342507,0.6178236984085453,1.9719159795876955,56
3.623,63.222701138122204,0.33199380324348776,3.4047301801632464,56
3.644,63.268936202859834,0.927129349222744,2.861060812828075,56
3.664,63.30574572028048,0.9876877951435326,2.4295396289503004,56
3.684,63.244143670857575,1.376350427852006,3.029270876865783,56
3.705,63.24787546807108,0.9897047054287492,2.9793953280788035,56
3.725,63.250233549969444,0.8310584673596418,2.8630729072763668,56
3.745,63.26116333361356,0.990564677789138,3.407730042339239,56
3.766,63.22211347303587,1.0587569756191366,3.4718696801512947,56
3.786,63.309553932433936,0.2853584985790604,3.2591442482385027,56
3.806,63.266336868124675,0.9501990614580981,2.996894994103504,56
3.827,63.31132111534228,0.8387585616116385,2.02167440332613,56
3.847,63.34447890192034,0.5994789773381982,2.810973072792926,56
3.868,63.25613053093848,0.4579616110278644,2.640978925227698,56
3.888,63.37964867941996,-0.05647342860013666,4.167445272709133,56
3.909,63.315737124021766,-0.2296473970817168,3.5370529702962243,56
3.929,63.39386905624234,-0.10596802288543299,2.867269741110135,56
3.95,63.402276973286114,0.3367366309247432,2.3422672529852493,56
3.97,63.360386566940086,-0.2563779334129424,1.6020117664158113,56
3.991,63.429576132587634,0.795188961566035,1.8866989280100128,56
4.011,63.342533241021464,0.774584921990146,2.14766268047526,56
4.032,63.31529756705843,0.7831089531015396,1.9095421497981457,56
4.052,63.33045389470863,0.5812685131245876,1.8810528392872985,56
4.072,63.347446654566966,0.7755023814483258,2.7691538707893018,56
4.093,63.3109688766533,1.0888530681650823,3.7090211254668195,56
4.113,63.30484354344544,1.343640099035393,3.7927342103683377,56
4.133,63.28507020351133,0.8181824089184795,4.461820516640213,56
4.153,63.31663093571802,-0.06149545634304255,3.2014899909778807,56
4.173,63.377701457196565,0.5520128271315918,3.43893154501738,56
4.194,63.32199963614897,0.5875452838168881,3.0094671155931714,56
4.214,63.369370545268495,1.3300295614769273,3.546602731192106,56
4.234,63.30109103375496,0.9055982638952843,2.7681819386541098,56
4.254,63.46672704303062,0.0796039535365758,2.437346135922028,56
4.275,63.37394341787722,-0.08439605539315077,2.4597139743782024,56
4.295,63.40115108730331,1.5012464386760815,3.0498286204608602,56
4.315,63.38867789607002,1.1273840260746242,3.2672355543293508,56
4.336,63.34789995254141,0.1903387059574339,4.4748131317955995,56
4.356,63.41601952833606,-0.09766887192338213,3.576831201222688,56
4.376,63.40188628773962,0.8422905253980151,3.5762668232051253,56
4.396,63.403093240853714,2.529926179277309,5.290468186970762,56
4.417,63.3511484018082,1.369678967509938,4.225590385972991,56
4.437,63.41582362215315,0.8621779221328446,3.1470027142935852,56
4.457,63.34526904996102,0.466709626130466,1.9497050297676704,56
4.478,63.46643893782409,0.5633069291040399,3.492417520269048,56
4.498,63.31025040995752,0.8019536828877003,3.5807734600394916,56
4.518,63.40725154146624,0.5111340752379699,3.370225766558595,56
4.539,63.50650192202671,1.159441805470114,3.2338417647103954,56
4.559,63.406155744551995,1.3677890318051587,3.46415660416539,56
4.579,63.47614962429629,1.9116776427794366,4.97923360325086,56
4.6,63.34856544544535,0.5996582707742238,5.349034823681245,56
4.62,63.40963942482963,-0.5818110070277032,5.019374185181098,56
4.64,63.49841386925018,-0.6077396819982305,5.327502571265405,56
4.661,63.33955952463148,0.6037425012733078,5.975586826303321,56
4.681,63.492378033979925,1.067180582651649,5.7026456328771,56
4.701,63.42872437267053,1.7154099232306956,4.95723517126251,56
4.722,63.479982209875146,1.3952573981608147,3.229666404369362,56
4.742,63.51482898887664,0.9486944229602559,3.375646721951472,56
4.762,63.426034659779496,0.5646598633879337,4.45320066846244,56
4.783,63.53630610071891,0.6124247199604721,3.954429594498558,56
4.803,63.43252922511581,0.5760159270667171,3.023099667650015,56
4.823,63.506441773570955,1.9621889915037816,5.140053730229304,56
4.844,63.44996448681026,1.7583819453224407,3.7374840596037737,56
4.864,63.53888009703709,1.9630008942734725,4.86657211952984,56
4.884,63.484531245369986,1.686252128693133,4.336403465318667,56
4.905,63.49844943240233,1.4211462574983489,4.9912675207190516,56
4.925,63.44173236944083,0.3112177038317036,4.469078367793781,56
4.946,63.51286797751463,0.02284650541566392,5.203892287091342,56
4.966,63.44035426154992,-0.19107811463190627,4.8344526903726415,56
4.986,63.4864316539843,-0.6473696002870022,5.391490963263714,56
5.007,63.40420914598905,0.8127641447408247,5.180498356321789,56
5.027,63.441682666840954,1.0558489507134508,6.699445757142724,56
5.047,63.48460463076775,0.4985395997519417,4.286096946105944,56
5.068,63.51936073300384,0.8973328620946226,4.045845617232547,56
5.088,63.51452926334695,1.4062176810672424,4.343388401967439,56
5.108,63.49732293404565,1.177539678099585,3.700895933798298,56
5.129,63.610309667467746,1.2423808624069836,4.3820593520677384,56
5.149,63.55985154286954,0.8394267409696964,4.421802435197262,56
5.17,63.602443257227975,0.29940971469680017,5.48531039290147,56
5.19,63.60528308383843,-0.2120347949167355,5.157936196169493,56
5.21,63.651918482659106,-1.3423912522387575,5.261927492575887,56
5.231,63.608123774004326,-1.3235792897654688,5.417133982317775,56
5.251,63.64065253738132,-1.6731602310854712,4.965819795341746,56
5.271,63.63113808576438,-0.22060871728754297,5.998083279836271,56
5.291,63.72636138991237,0.8306569308116986,5.836737468496423,56
5.311,63.725323004982386,0.8253437320998015,4.827537624482343,56
5.332,63.80207356293597,2.0711247171408083,5.563993543533792,56
5.352,63.71123733306134,2.163535419508942,4.785206727992075,56
5.373,63.761802291715846,1.7565123686168946,3.3267970410539927,56
5.393,63.77175475490137,1.732238002298768,4.726801839577997,56
5.413,63.67700385306515,2.185751100615964,3.895346450667269,56
5.434,63.833877954729616,1.5925483209042832,4.8086552828941915,56
5.454,63.72820162007976,0.22503706137415666,6.466210222302259,56
5.474,63.671962464954454,-0.6326431271127338,5.971814993522744,56
5.494,63.79232312150183,-0.24479526441569993,6.726209082537457,56
5.514,63.63519325151007,-0.6962599455703956,4.915760618571608,56
5.535,63.77923484705418,1.6554194598890628,6.506299844791105,56
5.555,63.68022342439787,1.9057442771109845,5.869493630780188,56
5.575,63.75955323058265,0.22323901344197722,6.433956868357957,56
5.596,63.75884836285167,-0.16097360420460627,5.925867671734503,56
5.616,63.759928048634215,-0.07351709889626752,6.199450562096488,56
5.636,63.86771954908128,1.2690893664644627,6.896518882404289,56
5.656,63.747067044165,1.1111789481206098,6.331070265804493,56
5.677,63.8527904095343,0.2146534732085261,6.468019199604116,56
5.697,63.80327049673357,-0.9746057212202931,6.230443145684499,56
5.717,63.850738949398384,-1.856114422748319,5.865107901530546,56
5.738,63.85014749304943,-0.47602593406767074,5.480241077610923,56
5.758,63.76820075280144,-0.9482698264046497,4.742845515602127,56
5.778,63.8965623034654,0.4273226208511515,5.6492144833338145,56
5.799,63.711513100608805,1.1416618873597901,5.4451202616389835,56
5.819,63.88446744608413,1.9824294989071196,5.8283849763298425,56
5.839,63.76312327129629,2.2526149717918735,5.274245383433824,56
5.86,63.79242790211854,1.1344514593647828,5.165140134191875,56
5.88,63.85861335452089,-0.4248392228621098,6.32082948929231,56
5.9,63.711873842597456,-0.43330596392211235,6.2622962033812515,56
5.921,63.93296235219779,0.922545080513861,5.76172045833991,56
5.941,63.73599379416621,0.7067827497412956,6.144362069809064,56
5.961,63.94788564692655,-0.3965379773321775,5.455922878474727,56
5.981,63.82208000171781,0.3454039296335763,6.493100881131453,56
6.002,63.81397895060147,1.5273310475884,6.396803529512616,56
6.022,64.01328190887871,0.7864317733940546,6.586738142255262,56
6.042,63.7367078855984,0.19085208549272886,5.608935512356678,56
6.063,63.872902614612684,0.21295829830530477,6.054576019723273,56
6.083,63.909564723146076,1.7013229592179906,6.4315395322251065,56
6.103,63.73291888777041,1.4364450956002315,5.946663488369729,56
6.124,63.91329529686638,-0.32877629624267146,5.439521113871729,56
6.144,63.956013679792676,-0.510125451318462,5.445431673936155,56
6.164,63.77479736694121,1.6250352092713551,5.6442891841968414,56
6.184,63.873417018086144,2.1609221507398884,4.48118800630102,56
6.204,63.899521260473904,1.3417717645407963,5.423668238146273,56
6.225,63.86676993127596,1.8067228739624261,5.901706615354052,56
6.245,63.760959927936156,2.1143167698411496,5.026442710816282,56
6.265,63.870376948178226,1.6611323719254116,4.8266651536833285,56
6.285,63.82124138913739,-0.28395148201296105,4.314171641596886,56
6.306,63.71772662180476,-0.03795828772881262,5.843643428996813,56
6.326,63.88304563769699,0.6946681544960451,6.976156214007111,56
6.346,63.73755028318961,1.5679762777785444,6.903733143252105,56
6.366,63.799120509553774,0.8358013495342786,5.0109070561184295,56
6.387,63.89109949787454,0.1691750866839835,4.440935733905596,56
6.407,63.7949995450728,0.6489170837301709,5.363222240244482,56
6.427,63.7607191104223,2.5697357868218473,3.8758647429916238,56
6.448,63.87811238903418,2.3012718006188244,5.426500697295167,56
6.468,63.78754769815062,1.2728875444046586,4.7282177424353735,56
6.489,63.89427214329619,1.3498926712741208,5.8634101453416605,56
6.509,63.77063186083259,0.7090636857093293,5.802107078601048,56
6.53,63.80195111416014,-0.7686081827314943,5.858870247688464,56
6.55,63.792930627972275,-1.4589122370425416,6.325540967980293,56
6.57,63.76103105698143,-0.9159218241962478,4.910937863210093,56
6.59,63.82098543224242,-0.14145504323824068,4.356737908009154,56
6.611,63.76478854096672,0.2267860162617493,4.410521349239282,56
6.631,63.853734596731336,-0.8476034287057547,3.201956977677344,56
6.652,63.85064994526783,-1.3912751284016551,4.397463232891114,56
6.672,63.654104609393464,-1.3754260196367174,4.761138078829876,56
6.692,63.65588680067856,0.9859868947844298,6.0640343522867965,56
6.713,63.772507712890956,0.1464641085655904,3.924522937168751,56
6.733,63.829467592542414,-0.2239425684136543,2.584790871878502,56
6.753,63.80073073886308,-0.14928793543455007,2.2098901175544294,56
6.774,63.813719386893816,1.3986066154490566,3.0210117973079664,56
6.794,63.68984652376765,0.5689874125035138,4.3460774728935085,56
6.815,63.654411344247436,0.7404532166465969,3.6648053797711966,56
6.835,63.61021561973656,2.252770061473321,4.606301968036038,56
6.855,63.571506593065365,-0.10620620541962184,4.404257123275079,56
6.876,63.546515964475944,-0.1369283983342535,5.205482518234867,56
6.896,63.5576926573004,0.8439672190577603,5.108235046647081,56
6.917,63.578151798032266,0.882473855782649,5.230067583195295,56
6.937,63.524281598492976,-0.1553982537000929,5.436727390955751,56
6.957,63.34896594480815,0.79640936053938,7.399313186396502,56
6.978,63.165078480965484,0.15728392769569566,5.286512852803257,56
6.998,63.19198606477346,0.6199361189883158,4.933130618214791,56
7.018,63.051647627091654,1.4909984620274659,4.686498435677739,56
7.039,62.644889621622774,0.5939039292374968,5.630864087487157,56
7.059,62.17374136212383,0.17159846667930942,7.029582109492995,56
7.079,61.334245996619565,-0.038000250259283025,3.8343696385650685,56
7.1,60.422395875552226,0.6937305671893377,4.628985226721046,56
7.12,60.02184709850034,1.3729349305240048,4.413846978386548,56
7.14,59.46582420613712,3.1742640013208883,5.0243197985986265,56
7.161,58.633958326478286,3.8040786453264936,3.1968866828777687,56
7.181,58.3720236861025,0.6416651986741033,8.074694329520092,56
7.201,58.17349256495587,-0.576449972531642,6.97681520127345,56
7.221,57.73718601878241,0.07965976143636054,6.481426631535978,56
7.242,57.277581661655994,-0.9137549992081623,4.369723713402156,56
7.262,56.66386424694988,-1.3109833117053726,3.9652488782260153,56
7.282,55.771163618168565,9.04857037390003e-05,4.54944394467789,56
7.303,54.655623906417674,0.1185151447159249,5.2324344505364735,56
7.323,54.058065675235554,-1.963836986453162,5.501477936388036,56
7.343,53.61041895429085,-1.5695957212897975,4.708614753016341,56
7.364,52.903132854966,0.07547636372096016,6.394501402508652,56
7.384,52.037556306878884,0.40130806468477215,4.981868741011532,56
7.404,50.896101222746125,1.7767009594845493,5.36863090219156,56
7.425,49.516096803053784,3.0894370063055803,3.937457184095733,56
7.445,48.25734057265404,2.4669826354913367,5.010398947863754,56
7.465,46.85944493756293,2.0004094720385717,3.9192068854169713,56
7.486,45.47358804560613,3.445729487206721,6.804568153563889,56
7.506,44.12493850341857,1.8698359632503956,4.845470817397266,56
7.526,42.77119236557306,1.8403101427840216,5.53344513534987,56
7.547,41.27330879003389,1.7511215448981075,4.723758062229128,56
7.567,40.014630925230136,2.3104105544040547,6.314749795877653,56
7.588,38.5910698088625,1.5664289396264364,5.258800473258757,56
7.608,37.173426299817635,2.813584180808913,3.662543017347869,56
7.628,35.43960792715157,2.1211102457529045,3.2445230683431383,56
7.648,34.18193755795769,1.3407238121322647,4.20244271234256,56
7.669,31.994485368835424,1.6379925727142062,2.4526725631125936,56
7.689,30.362224345742696,1.306023749879172,6.800947962465454,56
7.71,28.151421620759397,1.5370163211437613,7.640011296967253,56
7.73,25.70459799569439,2.0206482313088383,6.138115419995459,56
7.75,24.07865184215884,-0.9587158384134528,7.535444139764334,56
7.77,22.713769537649245,-0.828171958244141,4.484724824683838,56
7.791,21.423778281363088,-1.0059306309085794,6.296002930187599,56
7.811,20.292858983384253,-0.21680056416541665,6.619969675301488,56
7.831,18.9897634551959,0.9916676807190632,7.224735525836464,56
7.852,17.34941337187742,0.7157547908339527,6.961338836754975,56
7.872,15.493510349857063,0.14752021104281116,6.023909863978641,56
7.893,13.647586550597808,1.4830973032771153,4.7804581516468625,56
7.913,12.155279216512682,1.469999055974281,6.495811325101657,56
7.933,10.315616386305592,0.2408861384311033,7.7416671842931635,56
7.953,8.244973926981075,0.08518901280160794,8.704318710752842,56
7.974,5.7342836815202105,0.41874707600284494,7.4731701597153615,56
7.994,2.763815321007897,0.6272403406344025,3.8977353196084303,56
8.014,0.46899944604741967,1.5794743972730172,5.643108518837044,56
8.035,-1.844751234463146,2.603209295424601,5.769455237264616,56
8.055,-4.50674010127328,2.1718973663751466,4.889300964108738,56
8.076,-7.210023286925534,-0.159774601593383,4.526367765949632,56
8.096,-8.89345419054949,-0.8046953700092218,3.154223315079699,56
8.117,-10.428395769353626,0.5399283273418729,5.234902938914182,56
8.137,-12.11798028547524,1.3088648231617914,4.718970762794993,56
8.157,-14.041617115341394,1.2853111134460489,3.8128414659826317,56
8.177,-15.92236832579179,0.19586707653306462,3.245424127496462,56
8.198,-18.51755049994095,1.0038464972602703,2.322796012011916,56
8.218,-20.44404052808418,-0.4410038153023054,1.8447235444926058,56
8.239,-22.284716842243466,0.5743926020203416,1.9886134801969522,56
8.259,-24.076145148410756,-0.3339115166428248,1.0253151568939807,56
8.28,-25.75840607264613,-0.19910572384491332,0.48053605871456395,56
8.3,-27.218759955687666,1.1744003088407813,1.605977183383888,56
8.321,-28.719803565675058,1.0252767540001455,1.1576495004179892,56
8.341,-30.121246102064426,0.9384966233884902,1.1943797640824572,56
8.361,-31.17791094359232,1.7118107777497875,1.7959271763964022,56
8.381,-32.42421101875548,1.002401012078847,1.2942530702798634,56
8.402,-33.53051399625142,1.4402674317322897,1.9646520692145617,56
8.422,-34.41963561215048,1.0089688827856995,1.560873953643443,56
8.442,-35.29252806316286,0.9974397620900496,1.5341888314381498,56
8.463,-36.09473474896855,1.0190077887621811,0.7275082451260894,56
8.483,-36.87076188931893,1.7735761986104235,0.6178875932992315,56
8.503,-37.51365891595957,2.1812514202873925,2.192162899512138,56
8.524,-38.24865672326392,2.028729317340526,2.611736687988331,56
8.544,-38.75388970972959,1.8106761456637284,2.247415454388039,56
8.564,-39.17949271009307,3.955068323533673,3.4605334062311255,56
8.584,-39.4787638982301,2.9038236375632476,2.174072696043137,56
8.605,-39.60061992101974,3.2112108736376346,1.8412292253165705,56
8.625,-39.625369626544185,3.9236085699333656,2.3014820121802275,56
8.645,-39.68841289683844,3.3092955446046526,0.5461455862340674,56
8.666,-39.7143484293679,2.5194357793839757,1.4023228959235403,56
8.686,-39.6140005444802,3.376683684118408,2.0117621657586073,56
8.707,-39.49595701644492,2.8264525019921067,1.7022651425674773,56
8.727,-39.508087660790274,2.1893283893445514,1.5585125158775162,56
8.747,-39.49381684468351,4.0705195385885,1.5570908671563388,56
8.768,-39.57430218478753,3.92761676094734,3.4981521196171133,56
8.788,-39.45295120587319,4.305018437487079,2.2460846961868923,56
8.808,-39.25601895757062,3.767586611285488,1.6288788354515256,56
8.829,-39.121493264138266,4.0136036642404385,1.2070894924075302,56
8.849,-38.70279094457236,4.6808753753587125,2.221167517304717,56
8.869,-38.50000234819639,4.356844741603115,2.4219245843930577,56
8.89,-38.384291543794895,3.873290522215279,1.0569821297960305,56
8.91,-38.286813973752295,4.359526257453552,2.120195966219207,56
8.931,-38.14717763688081,3.91683176604489,2.408541634934495,56
8.951,-38.0207662991766,3.3659500577939023,1.644100776891709,56
8.971,-37.81411014658538,4.985718593619091,2.892254649936446,56
8.991,-37.736360915510474,4.792558826519735,2.600348338548644,56
9.012,-37.66543451538523,3.977084370295505,1.6993654901857689,56
9.032,-37.450386977173174,3.9337141390202315,1.1976434210900402,56
9.053,-37.10703895367468,3.9734274026010166,1.1451652999587332,56
9.073,-36.79157636299446,3.5288298838981995,0.2544751480870183,56
9.094,-36.56796246315416,2.894448435357173,-0.19694321814928603,56
9.114,-36.48509478188025,2.4435372191692006,-0.0879547276695038,56
9.134,-36.418979657113184,2.8131132915769235,0.39044254396931,56
9.154,-36.47209061219216,2.0961673744655656,0.615684961467115,56
9.175,-36.68853190878365,1.905451115957401,-0.114456837219843,56
9.195,-36.85620328974931,0.7682943589648773,-1.1713054041681412,56
9.215,-37.087058126382935,0.3407718175600896,-1.0575751303873264,56
9.236,-37.4125925682419,0.5006963551100849,-0.8063913726888022,56
9.256,-37.79163477855348,0.6791493283688007,-0.24011192219274557,56
9.276,-38.22762544585424,0.8498130451413372,0.9750191483143151,56
9.297,-38.69179282218459,1.4146167389884423,1.1687844350625562,56
9.317,-39.26638026417361,2.083309734758596,0.1325677836263947,56
9.338,-39.76998501038991,1.988075612491798,0.8418906134067904,56
9.358,-40.414124382686104,2.518660559714203,1.8870665420850325,56
9.379,-40.96528156468951,2.9107485466524268,0.462036795365983,56
9.399,-41.37446787764514,3.342215250649425,-0.4740377238794451,56
9.419,-41.59997273666424,3.6164206850268283,1.2920422641528266,56
9.439,-41.84644025683967,4.524491952119804,0.7306856011366447,56
9.459,-41.98627040045294,3.3386657159505693,-0.05244339318879763,56
9.479,-42.05013967418169,2.1203103183625935,-0.5876879212976686,56
9.5,-42.09453389832022,1.9704314663552391,-0.48221044922816614,56
9.52,-42.08562139265788,2.103640163187542,-0.7706016633956786,56
9.541,-42.13191308582152,2.2654265475223525,0.6062015328985009,56
9.561,-42.179808400664534,1.8211087371201808,0.5412621909362291,56
9.581,-42.19926373924768,1.1530415107559837,0.10026358096794691,56
9.602,-42.24919106913801,1.750365832030601,0.4378716796439513,56
9.622,-42.268045120943654,1.6670017711267389,0.3805061894301021,56
9.642,-42.33317030928099,1.403968567781609,0.13061573963090584,56
9.662,-42.28435122489131,59.539245484073874,-54.59885258320289,56
9.683,-42.511513148878606,90.65612117161626,-52.300669697609244,56
9.703,-41.34760806242443,40.87961504791807,-25.413782796210004,56
9.723,-40.44086770802309,19.00753038398783,-14.024852162561164,56
9.744,-39.57670235153122,7.8481457397222805,-11.491465251001712,56
9.764,-39.10668876664962,1.5427231473580885,-6.340894630752277,56
9.785,-38.75405992571072,-1.629692459507129,-2.166164421824831,56
9.805,-38.48318157269463,-0.1351058894071338,0.29245159994833286,56
9.825,-39.77679913770302,22.607495366446464,-10.411263100601497,56
9.845,-40.574265094043625,49.936774856727865,1.3440891623657825,56
9.866,-40.6954562044933,44.521623683385236,11.406569442808332,56
9.886,-40.23156894503367,31.873820961953445,9.517367524928448,56
9.906,-39.16822641026587,30.986747119925592,6.960240863522192,56
9.927,-39.23316001400267,2.1027061264138625,-1.0749532263021306,56
9.947,-39.77033209460965,-12.447188210481013,-4.6715878935368655,56
9.967,-40.298019842701564,-4.911674085214636,0.33660675796095973,56
9.987,-40.770599450503006,-4.320364322959737,2.2287077517897997,56
10.008,-40.74564028468294,1.7871754021967023,-5.166967763455096,56
10.029,-40.66186789108119,0.0068047755876950045,-1.4859271002764227,56
10.049,-40.73090172840589,0.2962806754853419,-0.7734577324643424,56
10.069,-40.70726973501971,-0.11887825478282736,-0.5717700735871263,56
10.091,-40.67007743975566,0.25921768252146055,0.1116388557672305,50
10.111,-40.71632709893649,-0.0078398708589127,-0.28599988240688573,50
10.131,-40.68346413152332,0.07146758180647886,0.0860704177170606,50
10.152,-40.6759015572156,-0.09619568642207485,-0.17826714808705071,50
10.172,-40.747980052737795,-0.46091418862978273,-0.6062409102740245,50
10.192,-40.733726705762166,0.04604947112532772,-0.31088390918995745,50
10.212,-40.714570734131286,0.18765446667515276,-0.06347281567004946,50
10.233,-40.73973187393775,0.006519449151163537,-0.3262609436763576,50
10.253,-40.767665398083494,-0.2219758560270671,-0.2583193785705761,50
10.273,-40.6945577467022,-0.231477296108332,-0.4802139390392448,50
10.293,-40.74822786087211,-0.46615260547151965,-0.26931335033725556,50
10.314,-40.71631720314457,-0.04903920374069232,-0.4971371494786518,50
10.334,-40.713146171278254,-0.2462128349579415,-0.36325897811695673,50
10.354,-40.722083321267185,-0.26915720435739654,-0.1105211874369302,50
10.374,-40.701564228192325,-0.23935716054981085,-0.2640081401967448,50
10.395,-40.718250319837665,-0.3339561093373734,-0.12946953317746723,50
10.415,-40.70165045216755,-0.10399588508503259,-0.22273946864431313,50
10.436,-40.707409609212036,0.25640546850218054,-0.3362603064974372,50
10.456,-40.70534137637626,0.10859754497607767,-0.6692594679867301,50
10.476,-40.70953110533099,-0.15933709774719618,-0.5146604898415731,50
10.496,-40.703733572500305,-0.08131618358672782,-0.30834970549173146,50
10.516,-40.70090651548167,-0.0008120234237433412,-0.44179778807281106,50
10.537,-40.7048422294173,-0.08171839482331471,-0.30551869822737593,50
10.557,-40.70272142619193,-0.04605839900001525,-0.14301465432427188,50
10.577,-40.70330780610663,0.05270091856485491,-0.22651313164123638,50
10.597,-40.705452477977545,0.0016974289690241352,-0.2089970513501989,50
10.618,-40.70352445384469,0.07741073930181043,-0.33059801480243467,50
10.638,-40.70460492560326,-0.028160400451184123,-0.27273216039939707,50
10.659,-40.70711479390494,0.030134652091939173,-0.4191145820541844,50
10.679,-40.70729863670198,-0.0998123526223047,-0.1865205481860208,50
10.699,-40.70701808170311,-0.059193461090556454,-0.27353344769585486,50
10.72,-40.70285369224749,-0.019455728696529794,-0.32491168867232817,50
10.74,-40.70532268607241,0.03676093045397794,-0.39835488244916684,50
10.761,-40.70559797731715,0.06699303968462385,-0.33509569121161026,50
10.781,-40.704082899342424,-0.005851873284656227,-0.27539058945624384,50
10.801,-40.70727156365858,-0.04274421377095803,-0.3343604320460989,50
10.821,-40.70794233976704,0.01466871063571895,-0.3343545522952295,50
10.842,-40.70407344443994,0.007369198948492188,-0.36609204430341435,50
10.862,-40.70422945795621,-0.008805293514122006,-0.36581217639784663,50
10.882,-40.70782818157378,0.038755954866186375,-0.42144983791689405,50
10.902,-40.70760848366901,-0.0005430547833584137,-0.3640652692821588,50
10.923,-40.71072693517312,-0.0034956613501706947,-0.38180867902609505,50
10.943,-40.71308348105889,0.013575023698489501,-0.3687256640637964,50
10.963,-40.71254650473178,-0.026431810095703757,-0.3811063172445403,50
10.984,-40.713985336907655,-0.029617562142257886,-0.2966671389956626,50
11.004,-40.71345246794237,0.032487979768453794,-0.3566461861096954,50
11.025,-40.7127377562886,0.03389985175635061,-0.36561467550437493,50
11.045,-40.71358616802741,0.005553549569725222,-0.32836623109625007,50
11.066,-40.7140563549835,0.014884421929254236,-0.35769676864977606,50
11.086,-40.714209628730146,-0.01317885766643031,-0.3184866219582133,51
11.106,-40.7151226711694,0.021525091820630633,-0.29028861122562816,51
11.127,-40.71339544773874,-0.015003472409760582,-0.3575322325102375,51
11.147,-40.71607981498956,-0.001130965978963862,-0.3467752661359565,51
11.167,-40.714943232171535,-0.003432253846817757,-0.34870092356665355,51
11.188,-40.71544274029669,-0.01936573853874247,-0.354607847477572,51
11.208,-40.71630731797368,-0.0264607995768943,-0.34129251993048526,51
11.228,-40.71580835141614,-0.02276664952182175,-0.36213508725051247,51
11.249,-40.714475738900695,-0.007389671021886066,-0.29877922891785713,51
11.269,-40.709428000680326,0.0016563261428971488,-0.39232215377754004,51
11.289,-40.70700264298071,-0.014905499804888318,-0.4136858976090864,51
11.31,-40.70728398858822,-0.0028667122690917654,-0.38923267757189256,51
11.33,-40.70842303030674,0.022297656467225528,-0.3921998724650421,51
11.35,-40.710395955273896,0.06086515865533809,-0.33547521517584944,51
11.371,-40.7077639302482,0.041919982603881745,-0.3548051478439059,51
11.391,-40.70875750155765,-0.013325706512971705,-0.365111813236644,51
11.411,-40.7070079254023,-0.023346029244758974,-0.33114481880015245,51
11.432,-40.70530288296782,-0.04451646576513817,-0.38132023577870894,51
11.452,-40.70730114193475,-0.02684850808918853,-0.38759632762899443,51
11.472,-40.70693098888289,-0.007435277138443074,-0.3709005596080499,51
11.492,-40.707057606432116,-0.05753628052434617,-0.37306403347757955,51
11.513,-40.707627483692946,-0.03858863899102202,-0.333730271878589,51
11.533,-40.70843089621398,0.008605951183904233,-0.3085266144527809,51
11.553,-40.70792677150249,-0.02546510272837445,-0.34962805048956785,51
11.574,-40.70568684059637,-0.015874014196947995,-0.31506290725342645,51
11.594,-40.70565722506572,-0.049364740810332354,-0.32808091563708003,51
11.615,-40.708360002342225,-0.06066526536412115,-0.3132218256278024,51
11.635,-40.708882648301014,-0.04378277230283976,-0.3088192800538072,51
11.655,-40.71207691868744,0.02903957865238665,-0.2799533983666447,51
11.676,-40.714877287730936,0.04894535445711846,-0.2638996990918993,51
11.696,-40.71442516252961,0.005826442570624453,-0.3031744792826943,51
11.716,-40.71377934180718,0.004783544875463541,-0.3669556677175212,51
11.736,-40.71403253122918,0.029475999346368607,-0.3411476701519657,51
11.757,-40.71306844491428,0.039645119733345606,-0.379187848164864,51
11.777,-40.71208376811437,0.04351982354233152,-0.38983604741371813,51
11.798,-40.711584562299386,0.00876818586243815,-0.33620504641607796,51
11.818,-40.712554742921526,-0.007255749645231558,-0.3206870665890976,51
11.838,-40.71167323794342,0.08216279619488112,-0.3708844161141599,51
11.859,-40.711751605899764,0.08307449126540042,-0.3642963947645099,51
11.879,-40.711292190340814,0.04414150057240791,-0.3835910312007023,51
11.899,-40.71255164208069,-0.012966771708725695,-0.37892224505319677,51
11.919,-40.71376854733137,0.007336883448912733,-0.36391929254427224,51
11.94,-40.71393933764142,0.046879932983170065,-0.3568234638656776,51
11.96,-40.71359484216279,0.031008080019619553,-0.3784539870518137,51
11.98,-40.7151673698981,0.010735423627784148,-0.3669528254851568,51
12.0,-40.71832990128104,0.038312585708847366,-0.34275685300834613,51
12.021,-40.71884161390163,0.00016350805062553917,-0.3355196933180156,51
12.041,-40.71948071614081,0.021288083596095655,-0.3549399684441393,51
12.061,-40.717476313152005,0.03037572158721254,-0.36108322057757314,51
12.082,-40.718162064265336,0.06499212965511995,-0.32574932853337585,52
12.102,-40.71736370243866,0.032948605870907074,-0.3547312880600452,52
12.122,-40.7177279436974,-0.011605049951274085,-0.34286589636484904,52
12.143,-40.71828075971174,0.02905155990690837,-0.32535358000449693,52
12.163,-40.717815417852606,0.01370539812107252,-0.3273691749014129,52
12.184,-40.71717121812211,0.025815002755574887,-0.337534485394774,52
12.204,-40.715863374872555,0.03248092374957332,-0.35737390032227556,52
12.224,-40.71645823602428,0.0069638511238210325,-0.35195713249567706,52
12.244,-40.71754358210677,-0.015280149507000148,-0.34765895433940663,52
12.265,-40.719310827128055,0.027862306100843028,-0.409328814290929,52
12.285,-40.718881177594874,-0.014776713110432892,-0.3067833299513314,52
12.305,-40.71570346691114,0.03207533458626505,-0.4162360879702244,52
12.326,-40.71479758200427,0.004216452086138349,-0.3782605457786347,52
12.346,-40.7149486377587,-0.004576522109502425,-0.4412026963988598,52
12.366,-40.714305833097114,-0.008546915498451817,-0.4972903443254031,52
12.387,-40.714021035664295,0.016175746443293657,-0.4474647132262041,52
12.407,-40.712410624241954,-0.013922543513651617,-0.36158940179641524,52
12.428,-40.71573381392295,-0.03369605001430877,-0.3477669589432562,52
12.448,-40.713446444124166,0.011274514811380995,-0.3551856768917394,52
12.468,-40.711069400012306,0.005606978177215546,-0.34588055971006815,52
12.489,-40.71448207683618,0.02939859967067496,-0.30092261764877704,52
12.509,-40.71317305690145,-0.012217291602450863,-0.3373570903604917,52
12.529,-40.71229012957818,-0.05282005800420099,-0.33780609261496064,52
12.55,-40.71137869432757,-0.006537114609954414,-0.3417254970886688,52
12.57,-40.71129653133345,0.016070390722961275,-0.3488310157814141,52
12.591,-40.711178423651205,0.009308729670056573,-0.38383893466818386,52
12.611,-40.71051735199627,0.05643727995456145,-0.3599314940900928,52
12.631,-40.71133466527963,0.07703808187010906,-0.37360909817902227,52
12.652,-40.71161115986748,0.0666263505232127,-0.38165644451176595,52
12.672,-40.71186889816492,0.0768855575266522,-0.41397284626826153,52
12.693,-40.7140046329485,0.053223107069510056,-0.40113338075886307,52
12.713,-40.71284702876782,0.005834371836234812,-0.381195774672298,52
12.733,-40.71240200436803,0.020558851338722126,-0.39735781834895617,52
12.753,-40.71176601402674,0.0064572203798735585,-0.3937781075717713,52
12.774,-40.709291046803024,0.00817911615257913,-0.40305608955375666,52
12.794,-40.70957060520472,0.01849162275921633,-0.3675332636496375,52
12.815,-40.70978462788001,-0.09292908442321227,-0.3081878297498781,52
12.835,-40.70856152349452,0.028747908663465337,-0.44627211496296826,52
12.855,-40.70830496189178,-0.021487816656636155,-0.3004114570735901,52
12.876,-40.70833006381425,0.03216357818020613,-0.36401706462620514,52
12.896,-40.707203479693824,-0.004841794289545061,-0.34007526662534937,52
12.916,-40.70562013328144,0.01841153875247709,-0.3643882696359892,52
12.937,-40.70423316219024,0.014183154324648433,-0.34899608897596973,52
12.957,-40.70235786317986,0.054753284273886066,-0.36129388081441655,52
12.978,-40.70220537216834,0.0255190369039519,-0.3423497299404207,52
12.998,-40.7000228310425,0.004887065157081965,-0.31366850461890544,52
13.018,-40.70062918447697,0.02679483534420753,-0.29781765069278604,52
13.039,-40.701955840936634,0.0431103470360734,-0.2725965875045046,52
13.059,-40.703109966596934,-0.022946075191472633,-0.31936124751045286,52
13.079,-40.702613145177025,-0.025698030899282236,-0.3364611136011199,52
13.1,-40.70153274305113,0.03710253965574654,-0.2960244265821848,52
13.12,-40.699647451373195,0.05660410221048848,-0.2342490336466391,52
13.141,-40.70074100976581,0.046704097517651894,-0.24625237462670027,52
13.161,-40.70084576083644,0.012832425506442733,-0.2310847900156562,52
13.181,-40.70213347163053,-0.007675997060561053,-0.2663553694348737,52
13.202,-40.70211476490346,-0.007502397800524145,-0.31104663395474036,52
13.222,-40.700481205412586,-0.04988294940126583,-0.2967908380207515,52
13.243,-40.70257904304587,-0.012083894630007317,-0.31026788675977635,52
13.263,-40.76165452643549,-2.3298950157607043,1.5455279971921905,52
13.284,-40.7736018154594,0.7546240129727145,-0.993512125195736,52
13.304,-40.68709921635944,1.6894618770142953,-0.40623174574860277,52
13.324,-40.674872671288064,0.7947535885511916,-0.46108077104752876,52
13.345,-40.64517983557929,0.8851882922559184,-0.40971477889277197,52
13.365,-40.62101151716584,0.754460220129513,0.6460029900722797,52
13.385,-40.49375705561468,1.4038911023460123,-0.0060229246411315765,52
13.406,-40.450226254541974,-0.6713321305274164,-1.1592780845662845,52
13.426,-40.44046858114808,-0.7463428641271377,-0.987152641484482,52
13.446,-40.437137640646576,-0.4447891532726999,-1.1096264445473645,52
13.467,-40.50348641412209,0.7136748090302707,-0.8364716932993164,52
13.487,-40.559027897825985,0.7915845481495274,-0.16576887752756672,52
13.507,-40.61902657736945,0.9108824184973129,-0.7558764962948109,52
13.528,-40.68374855709848,0.3922065221700444,-0.6500796372916914,52
13.548,-40.63892898857441,0.26551997366121843,0.8559324143777831,52
13.569,-40.62227530542148,0.29371092357586326,-0.11128843881592511,52
13.589,-40.588743544974044,0.368420383895052,-0.7544276084174056,52
13.61,-40.49189591430095,0.8225358405264692,-1.343558487206885,52
13.63,-40.34511424664347,1.2039607770938447,-0.5152874975795195,52
13.65,-40.2178126120315,-0.3301417479014166,-0.33781421162131875,52
13.67,-40.21213097808261,-2.288468060697298,0.9203847811231967,52
13.691,-40.236945209450276,0.1715172347634294,0.3817309063539416,52
13.711,-40.282749286891224,0.5675866967236545,0.35011794072295077,52
13.731,-40.363618718030374,0.4887535574769137,0.0821897581208942,52
13.751,-40.70844339352052,0.7660919936327449,0.6225083390874875,52
13.772,-41.468700682828874,-0.8758483328143057,0.675145048616894,52
13.792,-42.67491177635829,1.8908091862492946,-2.922294917179426,52
13.813,-43.696229926744216,4.879224916965211,-6.267872110235041,52
13.833,-44.05159905420023,7.551423924813097,-6.061559533484606,52
13.853,-44.3498169993576,8.649211421927413,-3.9907208988354834,52
13.874,-45.59673393967514,7.202357978386905,-4.705052698465775,52
13.894,-47.200475883849684,6.361928622864206,-5.25839969387423,52
13.914,-48.692821399253624,6.685582460631835,-4.943503417035165,52
13.934,-49.97963487811776,7.20791774034684,-6.7241568280488835,52
13.955,-51.40755490967185,6.134549917160541,-8.538872544537986,52
13.975,-52.69045352585398,4.614995843881018,-7.908497989215731,52
13.995,-53.69323106076207,4.254082807999237,-7.288827731536359,52
14.016,-54.69345922362244,7.160977889924686,-4.321171349491279,52
14.036,-55.973567906293646,9.655562264626305,-4.155496936271793,52
14.056,-57.26463488641948,12.466965092362697,-4.363985638140042,52
14.076,-58.74400184079368,13.760705515419303,-4.136679337614448,52
14.096,-60.1314642910178,12.473927310522546,-2.531150810313695,53
14.117,-61.762590521418495,11.18083213599817,-0.8589654262076024,53
14.137,-63.39069671698544,10.191815318078593,0.0071866131987529695,53
14.157,-65.29472317856144,8.898762985186721,0.1604607464820477,53
14.178,-66.81631055212111,6.24588329848284,-0.015987013921693286,53
14.198,-68.66946908914488,4.414383257122979,0.7588491469263393,53
14.218,-69.25661026423987,-0.3086076678645053,2.7555705260643624,53
14.239,-69.68222086109827,-0.8705982034992383,3.140345379321788,53
14.259,-69.75325402725744,-0.30715970928680475,1.8610248065236166,53
14.279,-69.81029998347337,0.02510915893635376,0.13651809524928565,53
14.299,-69.9751418125624,0.970102518883825,0.7163189674563054,53
14.32,-70.07612584849646,1.064647212061091,1.3753542333490918,53
14.34,-70.45263903937705,0.390445897287354,0.5144775160870287,53
14.36,-71.27422715921095,-0.11641220454546089,1.9276220034659783,53
14.381,-72.2669949590185,-1.2567275118341532,5.002605017178045,53
14.401,-73.35449096015002,-3.9476611205907575,5.733716832051991,53
14.421,-74.53920973902717,-7.742184565137831,5.931510576143123,53
14.442,-75.29340942995026,-8.41442937449027,6.651100207941005,53
14.462,-75.56103274478022,-8.011430329511883,5.352738675893821,53
14.482,-75.98982509829689,-8.589028002717537,2.623921337438659,53
14.502,-76.7035637399194,-9.196580991303094,2.387328826429842,53
14.522,-77.95661805991854,-10.17178277771045,3.5572876172484036,53
14.542,-78.36819062903757,-11.489377501593818,3.640336819093603,53
14.563,-78.79951935350206,-13.88977005698356,2.022860597187581,53
14.583,-79.9613822492133,-15.317579588098774,1.711185913059565,53
14.604,-80.91083144964293,-14.515379467458912,-2.675702394520241,53
14.624,-82.054640422883,-14.094673273341035,-3.4287537242120187,53
14.645,-82.92181358297462,-12.813247491810035,-4.631371326739762,53
14.665,-83.41201635348757,-12.260741731837717,-4.102871815019843,53
14.685,-83.6228959759987,-11.745234281573435,-5.486086356085259,53
14.705,-83.95787883418274,-11.926739878108505,-7.574106057083255,53
14.726,-84.48450682691413,-11.886235125093704,-9.86221938086641,53
14.746,-85.37160167446558,-11.08574893042847,-10.996251305372963,53
14.766,-86.5157697205504,-9.783402014382947,-10.551570218762391,53
14.786,-87.15470293335778,-9.355141376036379,-10.949357201742426,53
14.807,-87.67531418101947,-10.613606748246482,-13.744732300251352,53
14.828,-88.58209145168524,-11.716835546332176,-14.87633221943927,53
14.848,-89.52608259246422,-13.71655799259834,-12.930867291314382,53
14.868,-89.72240706484766,-15.327070581730677,-11.009596297006924,53
14.889,-89.39503549766098,-14.083845752737508,-10.75095804583628,53
14.909,-89.0519923621678,-13.700387050704574,-11.662966757330002,53
14.929,-89.04272382929348,-13.909944227932787,-13.052575272714346,53
14.95,-89.32772894082544,-15.734050644330448,-12.731126376037643,53
14.97,-89.612225271487,-17.43113766823998,-10.486756300470615,53
14.99,-89.57433747583391,-16.38899791837891,-9.425352675619525,53
15.01,-89.81925358574738,-10.99442744272523,-7.875406911750135,53
15.031,-89.99527115929268,-6.697371626580168,-5.715737112879785,53
15.051,-90.11791524373248,-4.086000745710744,-2.5874817405194683,53
15.071,-90.13431847526498,-1.8832163325696736,2.731933008992611,53
15.091,-90.30813199703378,-0.3746614996672082,3.186631955774977,53
15.116,-90.16875394236467,-0.4452778563093789,2.7649249903963398,53
15.137,-90.39018118184919,2.136147317019817,-1.9536973929649162,53
15.157,-90.36328195079591,1.743842880489809,-1.3951694065618465,53
15.178,-90.40774065085174,1.710037082089345,-0.09218073812840719,53
15.198,-90.57670989576758,1.1612303222722609,-0.5721023362542699,53
15.218,-90.70672560592261,-2.490799634215214,1.0976685252819498,53
15.239,-90.69367532748042,-0.13054443641552502,-0.2318949306506925,53
15.259,-90.6830538010652,0.27548788237847904,0.07395468634597571,53
15.28,-90.6807694710281,0.0022879681161138946,0.598140349693427,53
15.3,-90.69072421567927,0.2486915223436658,0.5417177281268727,53
15.321,-90.68741000768043,0.47132266630103153,0.4395257480215522,53
15.341,-90.68990649294376,0.5660473407651859,0.3710682669958866,53
15.362,-90.69277486385982,0.569164261614519,0.4105409797804679,53
15.382,-90.69590409988199,0.5090758036808994,0.4613389304910559,53
15.403,-90.69570529104959,0.5683483108470241,0.43120203199029267,53
15.423,-90.69658243430538,0.548117060641867,0.4336236455967789,53
15.443,-90.69834880878611,0.5555138333082733,0.42064402347787166,53
15.464,-90.6983091457119,0.5959006245355282,0.4083803884489876,53
15.484,-90.69741195364246,0.6004391527251907,0.3972355961948205,53
15.504,-90.69623749241487,0.6144555982081804,0.4468588865824087,53
15.525,-90.69686461554043,0.6061172386327551,0.4497223747684127,53
15.546,-90.69409676130125,0.6170231407346706,0.4241887871811261,53
15.566,-90.69239681424064,0.5652164564335634,0.4453174080137002,53
15.586,-90.69339565615302,0.5303010276573665,0.44347018852294,53
15.606,-90.69369173151583,0.5236130537344437,0.4453321856335626,53
15.626,-90.69304959087114,0.5666447018976197,0.49036439911228696,53
15.647,-90.6920005293989,0.5756456888391595,0.43719142585161175,53
15.667,-90.69218128964273,0.6261843999193144,0.4231573064464075,53
15.687,-90.6939264087021,0.5668750301364919,0.429927101357351,53
15.708,-90.69238140906258,0.5721230515047021,0.38828305149349773,53
15.728,-90.69199235029282,0.5655707292355595,0.4105990048881008,53
15.749,-90.69480067986169,0.5497866966541407,0.42932802123429864,53
15.769,-90.69403924549954,0.5339217099345156,0.38957659356997903,53
15.79,-90.69185377865772,0.6207434267693096,0.4512875798444755,53
15.81,-90.69372389193828,0.6293445193685544,0.4224422906960328,53
15.83,-90.69613890072392,0.6468895970441263,0.37316521014042814,53
15.85,-90.69814391660891,0.6561583001461643,0.3789158329463728,53
15.871,-90.69631445653553,0.6710680073832818,0.34154277504606084,53
15.891,-90.69601845718066,0.5995834678995113,0.3358961467626765,53
15.912,-90.6941122819108,0.6069518063749415,0.3212203032228735,53
15.932,-90.69459103692161,0.6163285787576752,0.39258670267707835,53
15.952,-90.69328991153944,0.5932353312038169,0.4420195446522251,53
15.973,-90.69259126739873,0.5644952179132455,0.4236210888057797,53
15.993,-90.68946237650077,0.5792411765523512,0.42203774956071277,53
16.014,-90.6899439788495,0.624478773829729,0.41375216575150836,53
16.034,-90.67448061299432,0.5909414025180805,0.4068664355506895,53
16.054,-90.6487912279963,0.5765696158016727,0.2921259525303816,53
16.074,-90.6943721385108,0.40013836607271974,0.230225341258146,53
16.095,-90.66179367199254,0.4230589293976844,0.4536104008825327,53
16.115,-90.68706491637549,0.4361874519830462,0.450612734536878,53
16.135,-90.68308793091789,0.6399299909010365,0.4731576229255522,53
16.156,-90.66396565277664,0.8336809530240107,0.5354977323225053,53
16.176,-90.67254001382885,0.5345273331288065,0.5394014432645978,53
16.197,-90.69407365528942,0.6667034576971164,0.6670122888750706,53
16.217,-90.68875732559793,0.6204528609511185,0.5799498785422547,53
16.238,-90.6911460600357,1.1596429362160354,0.304380691620254,53
16.258,-90.76445030837165,0.5657574367418522,0.42601054747908773,53
16.279,-90.75373131272082,0.5077966661225852,0.28940066031814465,53
16.299,-90.73032399178842,0.619164629150245,0.3690341677973452,53
16.319,-90.71440163041919,0.5296216639128855,0.7262804706458805,53
16.339,-90.7461808730184,0.6010594757659846,0.8364874789910397,53
16.36,-90.74983622899343,0.49862274833580417,0.7809710043939657,53
16.38,-90.77586191220796,0.2465540109287167,0.5417900317712431,53
16.4,-90.77086950480206,0.33965676442356013,0.37020978784691067,53
16.42,-90.77115674416055,0.6141975319884784,0.38345682527284414,53
16.441,-90.82413661298423,0.4297284356436154,0.8746627229932664,53
16.461,-90.7396858923798,0.3887610136921943,0.7961777186502261,53
16.482,-90.77215490076507,0.5456451276206767,0.4253163417124989,53
16.502,-90.82910727364622,0.7909967112052668,0.6690064957345406,53
16.522,-90.75207803674401,0.42704225321242817,0.4021200490336573,53
16.542,-90.81372563694366,0.5163091178080003,0.6197190570825274,53
16.563,-90.82197502510188,1.0166900830274086,0.78222935138406,53
16.583,-90.75196379048838,0.6538812675686687,0.5931588770217536,53
16.603,-90.78643067617251,0.72099006165411,0.5751417874606907,53
16.624,-90.73153268149728,0.5396167407004404,0.4283399445285483,53
16.644,-90.77405704431956,0.6912193600834754,0.6249894190584492,53
16.664,-90.78276841141218,0.6869627587255362,0.39402694054783755,53
16.685,-90.70953257408787,0.4855408402631862,0.7852670165356929,53
16.705,-90.80797776447116,0.9095956417548812,0.8869476746993004,53
16.726,-90.7889686142604,0.5600954542624355,0.6438695629757796,53
16.746,-90.72694121188994,0.1713095701908443,0.7985687008125686,53
16.766,-90.8160776389902,0.6912330984424251,1.047205300743505,53
16.787,-90.82383349974114,0.6287971131883809,0.5048848261905597,53
16.807,-90.75306491602832,0.42385280347333804,0.49282758990496267,53
16.827,-90.81892211151988,0.9475122981101222,0.7630006470668856,53
16.848,-90.82661428124841,0.9907482069186526,0.28640351572987366,53
16.868,-90.74418118271939,0.5361299626544639,0.2764123219378945,53
16.888,-90.75046321533142,0.474560834895226,0.623086523280505,53
16.909,-90.77156177534306,0.9952885608045611,0.8116535539651913,53
16.929,-90.83761551576237,1.0211306477780302,0.8614998996019809,53
16.949,-90.85938013568969,1.2667221185255428,0.662424345503307,53
16.97,-90.90561964268775,1.384773319449616,0.7577012958836926,53
16.99,-90.98768865151544,1.2206065062138307,0.7901439213365778,53
17.01,-91.00291762723612,1.1746758932747405,1.277003758617919,53
17.031,-91.04192969899785,1.1087276750779516,1.5856930071129376,53
17.051,-90.93918061429262,0.706637030479187,1.0117990066404874,53
17.072,-90.83749099374471,0.4514083306912934,0.48293609936481624,53
17.092,-90.79573498762781,0.31229791601657236,0.08557377444284879,53
17.112,-90.72534475942288,0.04307828268392867,0.04968396295683676,53
17.133,-90.63726966728231,0.014795638157439115,0.16961442067710278,53
17.153,-90.63464446273312,0.4325211057029038,0.6758918105240828,53
17.173,-90.65855853474963,0.24819793032918058,0.8751667667202324,53
17.193,-90.57121352158194,0.12278358374673741,1.074583297974105,53
17.214,-90.55580179975155,0.31935877154581915,0.9515241429548438,53
17.235,-90.45642899631909,0.2576617968480556,1.2507138866680125,53
17.255,-90.42604058461788,-0.24347236455670307,0.7790795269417282,53
17.275,-90.26042060083236,-0.06837353668410723,0.8100237284765015,53
17.296,-90.1653293868745,-0.26933310649893716,0.7251375032987322,53
17.316,-90.0757345816365,-0.10171469247212056,0.8060968119324912,53
17.337,-90.03539530979964,0.4456184950766018,0.8833977463775428,53
17.357,-90.0096846761608,0.6762964677960054,1.2125247094337592,53
17.377,-90.06535537914617,0.9351589890257745,0.9770259194885834,53
17.397,-90.04222766061586,0.7447361032907859,0.9066505998863874,53
17.418,-90.09428437991635,0.6727794245489847,0.7746567845005644,53
17.438,-90.04169441896701,0.14852792506315995,0.22945110022052254,53
17.459,-89.94036322386886,0.09481038757615008,0.015661580276500987,53
17.479,-89.9346752316523,0.19269993000025432,0.6178463729032282,53
17.499,-90.06642422868816,1.103010229875824,0.7314725810171621,53
17.52,-89.94374875070079,1.0749015190543563,0.5490137465110299,53
17.54,-89.87218580583631,0.01109316274950107,0.6258013908117219,53
17.56,-89.94850577675375,0.29333534095885366,1.1237939852766436,53
17.581,-89.94785720234209,0.31781175728343247,0.5970774901470084,53
17.601,-89.67836998866471,-0.4087799025119661,0.5364853259585339,53
17.622,-89.68403917621418,-0.3524756995567836,0.7436762101831627,53
17.642,-89.60588076720074,-0.08380258370547743,0.4589072434417638,53
17.662,-89.33723837699773,-0.18578727188442037,0.8260952156660133,53
17.682,-89.19969086267571,-0.19981898844560245,1.199594419537894,53
17.703,-89.04777605689613,-0.3776689977660246,1.3700940715979895,53
17.723,-88.75268185526973,-0.6193664776579798,1.5658108236680013,53
17.744,-88.43495422137684,-0.5782599323587035,1.8182286807370027,53
17.764,-87.8411474811347,-0.846829417971233,2.6302646589205403,53
17.784,-87.24977465135916,-1.3659744754100136,2.44610299259393,53
17.805,-86.73416079236912,-1.2515931974892465,2.444808923234034,53
17.825,-86.10846535354547,-0.7775435909738166,2.586860990058034,53
17.845,-85.38079141532405,-0.4408045501160733,2.163347061522337,53
17.866,-84.51678289299804,0.4885644630117829,1.5825548389673711,53
17.886,-83.64356490544293,0.9661451802177149,-0.6077582288226956,53
17.906,-83.17047150318155,2.9537718682497376,-2.946839441180781,53
17.927,-82.85125361512138,3.959032082340591,-3.9707802317488343,53
17.947,-82.61865062643943,2.6353729811439277,-0.7513766554003765,53
17.967,-82.6759419822752,2.1578338468784763,0.01994461336541037,53
17.987,-82.76122888667946,1.3545424173522465,1.1159251439366287,53
18.008,-82.56680583398058,0.38875865614083366,0.38801112892577694,53
18.028,-82.21872472215266,-0.3414966514342539,1.5040925352615813,53
18.049,-81.71170352502797,-0.8534723128181763,1.031404914593188,53
18.069,-81.14771489064644,-1.6725933641687207,-0.8363492823298516,53
18.09,-80.5236748935635,-1.705486197151879,-1.3031741161743602,53
18.11,-79.91599043363787,-2.3419963321535024,-1.6443183893793478,53
18.13,-79.36477047883129,-1.4546143810383363,-0.6583587788290183,53
18.15,-78.73014741653735,-0.9139676535667375,-0.6005003489072067,53
18.17,-78.180402106333,0.1897059795192708,1.0859436459590095,53
18.191,-77.4519238535908,0.4952667829843506,2.7968651304042598,53
18.211,-76.49977672691641,0.07202694971553215,0.6101637452704196,53
18.232,-75.6778505538072,0.586211975205896,0.71002612077514,53
18.252,-74.7253900492864,0.7834247373350504,-1.156220466301553,53
18.273,-73.5729092311389,0.6932820365070732,-1.1286454434090958,53
18.293,-72.45430896287273,-1.8069462600563764,-0.2078842466145074,53
18.314,-71.85699579007581,-0.6837553958178361,-0.11765478454461473,53
18.334,-71.0932595793924,-0.034239333487384824,0.2560821040660515,53
18.354,-69.96149738243678,0.21785901146235326,2.238613766645211,53
18.375,-69.44265964775825,1.1857072190107683,4.220271538291455,53
18.395,-68.29628086329596,1.3639314045609003,3.242482071645635,53
18.415,-66.66643528060686,0.5493275818038884,2.4023273268736065,53
18.436,-64.53679966548899,-0.014678491110386965,1.4854675592877356,53
18.456,-61.834210020896904,-0.5403636281879006,1.6787621802312584,53
18.476,-58.893432720203606,0.6895916893853814,4.174778465100718,53
18.497,-57.02657940980444,1.8092598246753617,6.158779452609604,53
18.517,-54.73231734523452,2.0238415154921627,3.4405822998028697,53
18.538,-51.60072153834645,1.928990383710159,1.641216959807884,53
18.558,-48.07460348308396,1.720104641381061,1.3184502425456457,53
18.578,-41.956637973470976,1.2714836600386663,0.5279424935850342,53
18.599,-37.21352682359739,0.5587830938905933,0.44220839529305744,53
18.619,-31.94454233171873,0.22031551402178476,0.40895032031538514,53
18.639,-26.691969386144958,-0.07312698730326302,-0.023926011663574824,53
18.659,-21.363252525271857,-0.645286512551777,-0.7673466228648431,53
18.68,-16.128181211995432,0.3362084738881105,-0.7193979965040633,53
18.7,-12.281989209487984,4.7108077086979705,5.4308911285641654,53
18.72,-10.063088772683296,3.492517282959471,7.52412670486471,53
18.741,-8.099052143300833,3.24150551696526,-0.30281115543915943,53
18.761,-5.148419549626306,1.5817624643614514,-2.376441756157054,53
18.782,-2.382742803972542,1.4292575730962145,0.736589115316926,53
18.802,-0.11347565254200151,4.927529663677326,5.412887210567598,53
18.823,1.7951270280014795,2.2109424347054625,4.15858449184526,53
18.843,3.7134779946614795,1.324160656999864,1.3725558930550847,53
18.863,5.462949039529667,3.1278555570291697,1.234802699383802,53
18.884,7.946083689667466,2.6074158642338414,1.6186374229123204,53
18.904,10.420374939129578,1.3000933238715369,0.17180584288599052,53
18.924,12.998110985229323,0.4703382135573713,0.6153423012479802,53
18.945,15.627170761765772,-0.029560267286671084,0.43371349215334215,53
18.965,18.040784311312198,-1.954604506472858,1.6726566390725772,53
18.985,19.32685597226973,-2.1382840657565976,1.9595523131956667,53
19.005,20.157323131366045,-4.600685566215224,3.0958146132962083,53
19.026,20.24937060150342,-2.3238827725299243,2.3647625220694017,53
19.046,20.794327782833538,-0.686678512531934,1.960788357225846,53
19.066,21.684820649032194,-0.7178676694421846,2.102084213912998,53
19.087,22.704946034096796,-0.8209111054749797,1.917187151344487,53
19.107,23.210066245472266,-0.5871917290611809,1.4179240687466788,53
19.127,23.641703848923502,-1.4286994915366367,1.3612376292593253,53
19.147,23.860948825480822,-1.1256611721783287,0.9976002758307766,53
19.168,24.159397886922537,-1.6465030596719237,1.6194903261314375,53
19.188,24.46212512702983,-0.3747368444542988,2.0435120246073777,53
19.209,25.00367267623802,0.7587037169576412,2.290743705731868,53
19.229,25.636795078465873,1.0436608196208084,1.8139764627663484,53
19.249,26.348406522196235,0.8985529367745129,-0.45078253601790796,53
19.27,27.03491593520244,0.8704937681627358,-0.19476335188017194,53
19.29,27.476596709187795,1.4344163349808967,1.7172539114572338,53
19.31,27.865085579146815,1.5260322148445102,2.2081694849773066,53
19.331,28.281816749355368,1.7172234282123444,1.6934216273101075,53
19.351,28.64804846993435,1.1765688707517203,2.409669024396505,53
19.372,28.959734975617735,0.541637194804743,2.4659339339599162,53
19.392,29.194948071575954,-1.429055225288294,3.3638558850937925,53
19.412,29.489959980080833,-2.531739821946488,3.1233870923649762,53
19.433,29.738267989964037,-2.42113478172305,1.590402386977424,53
19.453,29.882986853431724,-1.6230920978353616,-0.22320321793280717,53
19.473,30.114654561235078,-0.2631196389775536,-1.0927056802376134,53
19.493,30.13717773690634,1.7227280065459862,0.7233329945335012,53
19.514,29.97404462011925,2.5933739559318165,1.2434576420962113,53
19.534,29.933493481519715,1.3166708722764555,1.2306752455013563,53
19.554,30.090568987952818,0.1388839432891631,1.110884409424438,53
19.574,30.169663179144262,-0.015253157577491676,1.9905562944846722,53
19.594,30.132240994354383,0.18713587245777422,2.842975103802773,53
19.615,30.098917089864738,0.38817752846259057,3.598102466659159,53
19.635,30.072658880323797,0.9209523184839629,3.662987106676734,53
19.656,30.045121973580095,0.9065079472398299,3.8514772943857767,53
19.676,30.03424109074002,1.0961078850447252,2.6225321355279787,53
19.696,30.068653015099365,0.5238666391455015,1.9576506094392387,53
19.717,30.094096629967854,0.2768811199448385,2.1832979899429743,53
19.737,30.0227663918806,0.3139864531409524,2.5767602263180285,53
19.757,29.887526101311302,0.8333364305632764,2.0431595951485413,53
19.778,30.069032728213447,1.008982660410923,2.213760971892855,53
19.798,30.06440769090821,0.7598667819688734,1.1983313906929631,53
19.819,29.995764426342163,0.10288248595911449,0.1858908720577128,53
19.839,29.90892900537543,0.8186795650441165,-0.45775839901910736,53
19.859,29.824300844730466,1.235187850365877,-0.5328483744643587,53
19.879,29.965075814370014,1.1060641234750355,0.36982949517803904,53
19.9,30.025266340118012,2.137335836747159,0.7741723883877109,53
19.92,29.979764600514244,1.1446375222819183,1.6655827661398603,53
19.94,29.912485846969933,0.7304491820714726,1.5272397671384368,53
19.961,29.92066886271289,0.08644615660819004,1.4809284515678922,53
19.981,29.85579071542373,0.1638289002277941,0.22367852851562006,53
20.002,30.003751363735663,0.8665120479321017,1.378968116284343,53
20.022,29.834527248095924,1.0590746465772862,1.3550306640838243,53
20.042,29.73199442812722,1.193137715075557,0.9244667497570728,53
20.063,29.760946040084885,0.7867492216697969,1.5348182797996486,53
20.083,29.735863051664527,0.25176739425256184,0.2675270794342662,53
20.103,29.730549766532707,0.3438340226263352,0.6134569381938902,53
20.123,29.656634191791632,0.6737995763507988,0.6452732983542419,53
20.144,29.670769906534307,0.7256142847396372,1.097015368038043,53
20.164,29.611641155482012,1.0579694065028522,0.5083419611072095,53
20.185,29.587235718337155,1.4515247767731736,1.1153776284445331,53
20.205,29.702230631877768,1.4236220718630386,-0.00454438087199604,53
20.225,29.854874646218686,1.3857856917097864,0.3019694091125584,53
20.246,29.951786491069555,1.5010164277775682,-0.4582990742226672,53
20.266,30.0915047506447,1.3717788593798292,-0.14992626081658192,53
20.286,30.122554566703823,1.7696978647171258,0.6570306939543253,53
20.306,30.149843542793032,2.193111890783547,0.7702695822847194,53
20.327,30.192056690319305,1.8025521541064027,0.01701184036200878,53
20.347,30.194865753944896,1.4115596774199803,0.6837416475125542,53
20.367,30.380794346954417,1.4168153457278103,0.2189587680895901,53
20.388,30.483878429159173,0.7383375672335795,-0.104485084705775,53
20.408,30.708786528366428,0.4294452584189095,-0.9115628808348468,53
20.428,30.915436215190418,0.6447440467868303,-0.23101403323767244,53
20.449,31.042996213711252,0.9714764535480407,0.44887000257349463,53
20.469,31.184465863177017,0.5288150970976856,0.6192069934713079,53
20.489,31.351359241783822,0.6352315445910799,1.4140562098932614,53
20.51,31.476065145281034,0.9082614050224967,1.4493440400658342,53
20.53,31.634701270160004,1.5721059469250276,1.728847872983589,53
20.551,31.702900674000762,1.3951808489159452,0.5204273664730057,53
20.571,31.920771532397723,1.7252897864466181,0.4514916121743364,53
20.591,32.09108902645555,1.6796107758315002,0.7039137075964225,53
20.611,32.21583668691953,1.5062500533064587,1.0053650361755004,53
20.632,32.19030794447046,1.4376969652315563,0.9846435339231948,53
20.652,32.227250403918895,1.0669156035852985,1.4171907383132487,53
20.672,32.312625220373235,1.4302279992147133,2.3041226815519487,53
20.692,32.24937304226673,1.220246788459418,1.8202310656363443,53
20.713,32.28559808924674,1.8494511000833997,1.544423972747486,53
20.733,32.32916691817845,1.6158923569319215,0.07259333133453916,53
20.753,32.39979626793879,1.45577665784116,-0.019919236506506018,53
20.773,32.423998018264875,1.507679070132387,-0.01566442766130958,53
20.794,32.35278565809513,1.2537586979008628,0.7575471765809988,53
20.814,32.192366623144,1.4476831000571093,0.6380086257291177,53
20.834,32.202571073681966,1.748073065259422,0.3927829900164286,53
20.855,32.19431127944047,2.211405535058806,0.9732303393800318,53
20.875,32.146371914080774,1.783401864641811,0.2882469367478026,53
20.895,32.101947492374975,2.141316974596994,1.01539703605153,53
20.915,32.00881950060405,2.475992212670738,0.965934974543451,53
20.936,31.875004438702785,1.7640487076672788,0.9213564800047457,53
20.956,31.741188347848563,1.4776276431771296,1.2884816888710493,53
20.976,31.53730176426059,1.5914093039252977,1.524986038139431,53
20.997,31.338383448936913,1.7111126812852033,1.5869863189861027,53
21.017,31.24373313026998,1.0114823766972016,0.8633331045836551,53
21.038,31.081647450040766,1.374670271622998,2.0287549700733147,53
21.058,30.93288518278105,1.4237186765373901,1.9431248388073479,53
21.079,30.79107365790033,1.175071492387717,1.0089314673943501,53
21.099,30.652167602946257,0.43681374498355807,0.5667820090851982,53
21.119,30.534293271328767,0.8544921272825404,0.8227707151587816,53
21.14,30.454185776509085,0.6928706555261266,0.4000343707804815,53
21.16,30.377617477550263,1.0180437906289925,0.02921240525819169,53
21.181,30.352256625446024,1.34958147756495,0.6617561062128522,53
21.201,30.23957290200938,1.2398050362902073,0.9837825659205727,53
21.221,29.98565856211449,0.7937069201767365,1.1564718448283489,53
21.242,29.844360111809106,1.2735072819408517,1.4845568376305327,53
21.262,29.622318516592582,1.277872634978536,1.1395669504198118,53
21.282,29.459892420098285,3.0422956015733953,2.0080022986065047,53
21.302,29.188070382902296,2.5782102672866785,1.4592330296953917,53
21.323,29.10655487928203,2.6375981797062287,1.553918441061806,53
21.343,29.130624967916514,2.107637435691536,0.558731011330962,53
21.364,29.224016333694248,2.0834239186867594,1.4614702153745347,53
21.384,29.187064676558016,2.6417994912452145,2.0646636692152684,53
21.404,29.179812892476384,2.36061629850527,3.273198832792118,53
21.424,29.15337657303628,1.6380555966410613,2.705652695424008,53
21.445,29.142352169109852,1.4626515784621497,2.226583324505008,53
21.465,29.11373742263883,2.0580696679025317,1.9395752251149045,53
21.486,29.06555620542171,1.7759952689940948,1.8289093590313974,53
21.506,29.15897040872696,1.05688503489394,0.6844699065846033,53
21.526,29.168221929326112,1.3992304808908398,0.6330563252211406,53
21.546,29.11182534467523,1.4904608868303617,1.327911012030665,53
21.566,28.959542975467432,1.189872151405889,1.5931192640800738,53
21.587,28.798647705646978,0.5747483019863501,1.4286241464430391,53
21.607,28.531377123135353,0.2785556219227091,1.8094873368768567,53
21.627,28.322232647648413,-0.1045871567208624,1.3392475278835574,53
21.647,28.108571632938247,-0.8981683763830164,0.8847865733171235,53
21.668,28.022857658122785,-0.305359084614501,-0.11742064880236791,53
21.688,27.973291208522635,-0.4730899161770328,0.13582970404141337,53
21.708,27.933667423740435,-0.4127159027268793,0.3029517682993502,53
21.728,27.961000949096864,-0.025080952116200244,0.13431900182156017,53
21.749,28.013238921603506,-0.1775589936181088,-0.8015673257576664,53
21.769,28.06090007907854,-0.3756212813619272,-0.5029986033093967,53
21.789,27.052750923157266,-63.31835524888336,-41.97998576979321,53
21.81,26.806503868150532,-53.94127369956374,-13.969580167349978,53
21.83,26.866048891693097,-27.09655209365984,-6.7231511558931345,53
21.85,26.96204305213617,-14.5654544181971,-3.1964658818861658,53
21.87,27.00435106349939,-7.936794935256396,-2.6751094141133045,53
21.891,27.162786235880013,-2.6553094818484224,-3.251510396096337,53
21.911,27.237243913432017,1.9330313898581681,-11.111023656904731,53
21.932,27.387580033284927,1.1088603340853205,-6.491017609103216,53
21.952,27.65406172679976,-0.041017380436425104,-3.2876579081022754,53
21.972,27.627889846480763,-1.379131776530305,-1.703233361007163,53
21.992,27.543188144275256,-0.9868179118052621,-1.0446545978675614,53
22.012,27.539486909492716,-0.17574728276419976,-0.10275520373391984,53
22.033,27.570740129052773,0.6237192612081597,-0.10211865576622549,53
22.053,27.585646256134464,0.12118327676339422,-0.28529860509591715,53
22.073,27.5524823555733,0.6594885895003499,-0.1942423691345159,53
22.093,27.545722696587898,0.9028162078568156,0.3164460779885483,53
22.113,27.598400957738686,0.6154274835646686,0.05639401968162619,53
22.134,27.564608271788256,0.9051776191499324,0.6406006294028108,53
22.154,27.55082769338168,1.2046234413272905,0.7743217146929631,53
22.175,27.58123992765906,0.6134645357472849,0.23836114190963137,53
22.195,27.56555098573506,0.5314452414281089,-0.24305396297582912,53
22.215,27.5578326078921,0.7124791266078778,-0.03521541189235364,53
22.235,27.575179710077784,0.6219166602537138,-0.024679626774997385,53
22.255,27.57979613592719,0.6399850809531124,0.3531774335406234,53
22.276,27.560955806076176,0.9781491569904195,0.2873354803304015,53
22.296,27.556549199478777,0.6164566487847651,0.3542225937400876,53
22.317,27.57849550241573,1.016185115984665,0.7119781635984738,53
22.337,27.562667273698676,0.7535989526283339,0.16766561722489215,49
22.357,27.516403946415604,0.8882970341381068,1.038577647739752,49
22.377,27.574320132348014,0.6388453631288369,0.7942878734973552,49
22.397,27.659854014535423,0.41661885216906375,0.04491729031497201,49
22.418,27.723953413320313,0.4334454486820933,-0.21265707172606457,49
22.438,27.779748070671587,0.411267666239936,-0.46430087581933777,49
22.458,27.870424667223173,0.1415370670341601,-0.6630862411113468,49
22.479,27.998964240836752,-0.0779807770974737,-0.42968246646585095,49
22.499,28.100404201337366,0.33329279296903985,0.2607015320248164,49
22.519,27.986085377659943,0.9806910823062436,0.28275858356139766,49
22.54,27.90534210321737,0.48947773779157594,-0.22987597927506778,49
22.56,28.053950386094293,0.5799222152611166,0.5520196986681659,49
22.58,27.930580635665756,0.7731506680942726,-0.13385663601064154,49
22.601,28.015789363811276,0.7151888062671553,0.6847419531385728,49
22.621,27.951710265847336,0.6359674018138771,-0.16438080787664974,49
22.641,28.005687148127205,0.8294633706343314,0.43224090571043805,49
22.662,28.011371311814283,0.6218253802475172,0.3243910305065043,49
22.682,27.939891704351677,0.4810146671831754,0.11078944750896846,49
22.702,27.99810303487021,0.9135190672023618,-0.17828969200889982,49
22.722,28.002234575272546,0.8778882938184677,0.10860264536375908,49
22.742,28.00069299211162,0.620333464740542,0.7477666688691026,49
22.763,28.008824528156477,0.785105067309153,0.8014031479102389,49
22.783,27.99620394243848,0.8871608989346106,0.5383985009299874,49
22.803,27.989640787589398,0.7767323299292983,0.5404958056261636,49
22.824,27.989632947984237,0.6927807718096114,0.6684599355019425,50
22.844,27.997333779183794,0.7730509113735788,0.6390493856646584,50
22.864,27.989634560339756,0.8985054296423393,0.5022011235476738,50
22.885,27.989118888595208,0.9060546205045558,0.27133520200708267,50
22.905,27.992423887549744,0.760150496862023,0.06951031078321597,50
22.925,27.99029550194857,0.631450944326706,0.0037918792166379395,50
22.946,27.98864398488546,0.654246812497936,0.10744435368624392,50
22.966,27.990250583018156,0.5170885309114783,0.0672459342021998,50
22.986,27.99128668794876,0.629827616147219,0.23399421083349808,50
23.007,27.987612403033392,0.6594495810462744,0.12836722466912018,50
23.027,27.988804760342944,0.6367457450861037,0.11778751650292316,50
23.047,27.987734034185625,0.7539377478279818,0.22667314797651955,50
23.068,27.98511541818183,0.7360191113884341,0.13279595403721972,50
23.088,27.989277737783755,0.7636411851131134,0.1481465683307985,50
23.108,27.988596827572827,0.6764883478701263,0.06057268183631968,50
23.129,27.988177248039694,0.6743310309565143,0.09605112378922194,50
23.149,27.987417199034084,0.7313244226615219,0.1371709245640415,50
23.169,27.985567959867534,0.7885784971581261,0.21156653020032612,50
23.189,27.988426028393707,0.7701523667971915,0.07952929354396567,50
23.21,27.987120310013506,0.7745722786238713,0.02550089683109486,50
23.23,27.989371364606587,0.7651364293119484,0.11365727440668448,50
23.251,27.988821829688778,0.7809649126793139,0.12214341918609034,50
23.271,27.987873792986196,0.7841227047336559,0.11275092250608511,50
23.292,27.98803172216791,0.7318831791292569,0.12126843095030704,50
23.312,27.990508505241777,0.7232169854893521,0.13133485623923655,50
23.333,27.989710030195972,0.6900691445092095,0.14064435564470046,50
23.353,27.990025597305557,0.6801558459018385,0.12918019523994284,50
23.373,27.989347620802583,0.7089445439698001,0.07306621811705827,50
23.394,27.988125773455593,0.6572269619059402,0.07570408253991637,50
23.414,27.98735635591962,0.6845155985453923,0.11977801952597482,50
23.434,27.990802142038962,0.691043497692443,0.12422288451182832,50
23.454,27.98966634852907,0.6914083759874464,0.1285681021974957,50
23.475,27.98927449971239,0.7418555732226378,0.09633208409911365,50
23.495,27.987791268747014,0.7673816523294621,0.09868549388312216,50
23.515,27.98876926864748,0.764322297396681,0.10829118825830376,50
23.536,27.98819764803475,0.6896122851416112,0.1086753585597704,50
23.556,27.98582272540406,0.7173683371305413,0.10689563458514599,50
23.576,27.98583871486439,0.7287876393958674,0.15496651706952208,50
23.597,27.986201022227743,0.7374069653807843,0.19342227970454665,50
23.617,27.98643146561898,0.7289961315394374,0.18754965089232342,50
23.638,27.986555202783205,0.7583111616667128,0.16613278019522076,50
23.658,27.986912514617543,0.7619589313939452,0.1656477109309752,50
23.679,27.988063567220824,0.7542794638568143,0.16980980117029384,50
23.699,27.991120064344166,0.7851015416090386,0.1545848505440304,50
23.719,27.99023954176889,0.6752333143118957,0.12186352005146531,50
23.74,27.99035292082721,0.7715819234919994,0.04663257754915416,50
23.76,27.99410556610946,0.7928333766627838,0.1805255461875362,50
23.781,27.994807024474383,0.7416286500615038,0.13398601478394603,50
23.801,27.995850338942798,0.766838602407235,0.1031666579546737,50
23.821,27.99592443447456,0.7461190635653184,0.09410389554330625,51
23.842,27.995510934728063,0.6918252304087031,0.14131392722453048,51
23.862,27.997312043215658,0.7048903809803353,0.1509483900862618,51
23.882,27.999525488734317,0.7212661311249989,0.1817746538980953,51
23.903,28.00073895480062,0.7782294434514011,0.19136648166738182,51
23.923,27.99859091332797,0.7576250909471767,0.15821825135230766,51
23.943,28.00124406665579,0.7564908660674969,0.16721138536394453,51
23.963,27.99923252049733,0.7302338713211552,0.159008747542576,51
23.984,28.000009678695193,0.7306023108778039,0.11689786984670895,51
24.004,27.998644712851288,0.7070315683224156,0.09691523849706978,51
24.025,27.99815501370675,0.7702775569243209,0.11284588048168578,51
24.045,27.996738062277675,0.7315057636272432,0.05318403860565432,51
24.065,27.99688979805863,0.723001025018873,0.06046236893250415,51
24.086,27.995966503585706,0.7612485138334919,0.1430968924566579,51
24.106,27.994347763782418,0.7852364951498586,0.14817018799378975,51
24.126,27.992436028958366,0.814480628899936,0.1965229434939481,51
24.147,27.993146670973474,0.782705135283678,0.16475806992562858,51
24.167,27.992432521913408,0.7262602897046357,0.176704190125773,51
24.187,27.99187787821093,0.6923331588852178,0.10005787069333524,51
24.208,27.98974890066374,0.7545040461435759,0.16386508691112314,51
24.228,27.989196027885395,0.8723996676459023,0.15463750747783633,51
24.248,27.988299678386014,0.5858800992742715,0.13247500663369283,51
24.269,27.988471365124987,0.7361001412435957,0.1271711203880864,51
24.289,27.987833416494535,0.7374233101396559,0.09831018489327122,51
24.309,27.98792955935178,0.7570635877600422,0.12915552742318046,51
24.33,27.987034402963697,0.7324236755859856,0.13711370411378251,51
24.35,27.985640889008476,0.7477892902137983,0.15823602208946552,51
24.371,27.98381840066936,0.7463573338470902,0.18720783101855953,51
24.391,27.982594436909842,0.7532994469728611,0.1331294622469721,51
24.411,27.981654359951524,0.742873963527369,0.0869200301740886,51
24.432,27.981703276965664,0.7733977933021212,0.10228604721706967,51
24.452,27.981417002667218,0.7003120681340707,0.1350208333130174,51
24.473,27.982632782716557,0.7488163583760774,0.1314741262256408,51
24.493,27.980503495881504,0.778458204677847,0.19158158034314265,51
24.514,27.981424423715527,0.7935608485343999,0.1523833484150486,51
24.534,27.982042018605075,0.815686400750215,0.16289854149114374,51
24.555,27.999744703127305,0.6819040279698407,-0.13626105900997396,51
24.575,28.012172067465293,0.557433739924309,0.11329936156133148,51
24.595,28.00317194056017,0.6438123855843065,0.220380728634057,51
24.615,28.00871644719742,0.742067744489925,0.14377672532156166,51
24.635,28.01121762920167,0.8051124046745255,0.15275331450859753,51
24.656,28.06569730828777,-1.247119419863159,-2.5010337629774817,51
24.676,28.361442251850338,1.320338953717716,-1.7956718425874476,51
24.697,28.400128316442608,1.9426548963947856,3.0640433212627616,51
24.717,28.393779926575252,1.0158962188306686,1.2686644886536227,51
24.737,28.370822667231792,0.9517138156493863,1.660027798135903,51
24.757,28.24244830385676,0.07898942503963087,2.7715881946412813,51
24.778,28.175677980058158,2.610312404597902,-2.618166483723392,51
24.799,27.567518751336724,5.207258869056693,-5.766863500853665,51
24.819,26.68610734567996,1.1999534955629718,-5.747316973469391,51
24.839,26.06123118286509,-2.57752446025035,-7.336295452680158,51
24.86,25.302727232838738,-4.600158951428597,-11.809583250387307,51
24.88,24.416487599620854,-6.616674638612529,-16.90164841160199,51
24.901,23.633667693980573,-10.338538555558326,-22.28347402498971,51
24.921,22.703608962401308,-15.068808149712046,-24.907961881352637,51
24.941,21.04640296873517,-18.95887796489986,-22.767983396829884,51
24.961,19.15231098641529,-19.072432681483477,-18.41851161137793,51
24.982,17.120141571514655,-17.660812091792273,-15.10379380805981,51
25.002,15.33567565023954,-16.77028008230198,-9.781652967118283,51
25.022,13.500468173980737,-14.46516118101192,-1.3440860800254162,51
25.042,11.000726185473143,-10.921062326290015,3.2764198904642496,51
25.063,9.771319131686724,-8.765959776913952,2.2889196891995263,51
25.083,9.145801450446145,-11.846838153484283,4.42629088220161,51
25.104,8.60588619083059,-6.693919049865611,3.5911825163291535,51
25.124,8.221596441114473,-3.695399072317843,1.8360682358166611,51
25.145,8.331045976684795,-3.441956627719047,0.05231337214661813,51
25.165,8.775570126342604,-5.210925324349257,-0.022293780339849956,51
25.185,8.892498532793143,-4.09007813616607,-0.34808805197350967,51
25.205,8.618056396428146,-2.1512547861109375,1.0323270659659225,51
25.226,8.357591026770097,-1.4933091342496527,1.8837029061448585,51
25.246,8.137196141764509,-1.6512552331627501,2.7109154086899347,51
25.266,7.928195949057527,-0.3895099305687085,1.1708272722258513,51
25.287,7.770031310331393,3.1266367914674182,1.5513904427712497,51
25.307,7.859248849840544,4.7911309837906,2.428692125244472,51
25.327,7.972897772765992,5.7565080894908895,2.044273250848788,52
25.347,7.989807859158264,5.0491128574936655,1.5094031494367373,52
25.367,7.685158886753545,4.16032501010254,1.9793403966094734,52
25.388,7.2431779738932,4.673601374106329,6.4943444838368265,52
25.409,7.163715048307683,6.5140845633624,13.650947533301643,52
25.429,7.560239275650207,7.488244826137668,16.75485674742803,52
25.449,8.177333900526905,9.855973270208503,15.958195966797147,52
25.47,8.88199375476343,13.603097359422806,15.151029715695584,52
25.49,9.235969878744486,15.29928146783621,12.885682040939914,52
25.51,9.189402958311506,15.143766277435146,9.091679525754463,52
25.53,9.207357649714982,15.81464541945501,7.056102615733189,52
25.551,9.59275605527448,14.96369973267963,6.719371313057524,52
25.571,10.21920949520147,17.315906104216484,9.504382195749026,52
25.591,10.759990332808158,15.400375675422103,10.553272125173663,52
25.612,10.909556966688099,9.317155336319736,12.475838542856083,52
25.632,10.93050646548839,7.323945385869408,7.938831121261564,52
25.653,10.811057563694574,2.467299860468206,0.0019465766096790232,52
25.673,10.669764909331306,3.040042962405307,1.2742475800878248,52
25.694,10.667686946729477,0.1486306725905383,0.8085176158947224,52
25.714,10.703642742103227,0.6627500858303991,0.38136067889339675,52
25.735,10.708127434536749,0.38890528929307594,-0.2470669367254127,52
25.755,10.710623218827074,0.3555403344170815,-0.0461347766179068,52
25.775,10.712913620083777,0.36133849339151186,0.07545104711561022,52
25.796,10.716184250481632,0.34509807840943746,0.10031679704898883,52
25.816,10.716443885214199,0.29426238159822243,0.10095764074732506,52
25.837,10.715449947556735,0.3247530535608345,0.16183178174813162,52
25.857,10.714847348428947,0.30855865638444874,0.1576963349128869,52
25.877,10.711915180636435,0.2870332800940741,0.24302699178626666,52
25.898,10.705140753246436,0.3303776852579262,0.4058596148354469,52
25.918,10.692607724012584,0.26056269950519834,0.31336014764344666,52
25.939,10.683337245038702,0.18864191470557623,0.04030316092356145,52
25.959,10.677074751435464,0.1998520554688418,0.12530211760238,52
25.98,10.673747394824344,0.36252554383586544,0.24356268025503366,52
26.0,10.680308368499366,0.29070220861039986,0.4983825207250704,52
26.02,10.679933218845617,0.4561395503025751,-0.484190754166872,52
26.04,10.6813929501998,0.3991100496098515,-0.38440842904523315,52
26.061,10.681888663553506,0.42459861554841394,-0.24437114450906391,52
26.081,10.682152294808118,0.4417442556062898,-0.11676247987855232,52
26.101,10.68138059327186,0.41707544652334605,-0.1097519737498095,52
26.122,10.681432706590734,0.4267265244197033,-0.13516098965481724,52
26.142,10.68124426153597,0.3832951625725831,-0.0995597564561294,52
26.162,10.68231954347552,0.4424388429611394,-0.04402679594228737,52
26.183,10.683634110960059,0.4437060009942778,-0.0791430159625359,52
26.203,10.685390428499954,0.4436599401879849,-0.07912404401013706,52
26.223,10.684700220990846,0.41979489728837666,-0.03604971757971815,52
26.244,10.686739288750482,0.3791658260776638,-0.014553949602043944,52
26.264,10.687388676861513,0.4261749351457055,0.0003707366258824215,52
26.285,10.686856117945688,0.45723505486252985,0.030418605935676805,52
26.305,10.689571270634035,0.43185285928056044,0.03482496127868585,52
26.325,10.690511887216335,0.4283123732160528,0.04587413040588189,52
26.345,10.691216632577671,0.3977453891418308,0.06491199669135644,52
26.366,10.690001015034445,0.3998404963730933,-0.013309157233918156,52
26.386,10.69042921022476,0.3949767094387645,0.05440850304529357,52
26.406,10.6894528990538,0.366845513623765,-0.014733810181685115,52
26.427,10.69175503059178,0.39275602403660853,-0.01578106596402268,52
26.447,10.68989447423285,0.40573470557400704,0.08362644585283519,52
26.467,10.69111858722364,0.3935776077632085,0.0996338533466844,52
26.488,10.694352043553861,0.44709787937872664,0.07782325596377775,52
26.508,10.694097948631015,0.42831149059906387,0.04515197550832043,52
26.529,10.694300440722621,0.39938703648402724,0.034313358712635605,52
26.549,10.694636346057854,0.409175399092241,0.10109945618194678,52
26.569,10.693192892180052,0.39212295731384816,0.06160688938342949,52
26.59,10.695095634213056,0.4016083222043311,0.05326258215366586,52
26.61,10.693711864664369,0.4041019846152695,0.0430995882227941,52
26.63,10.692895004404079,0.447114637159219,0.10113810169700749,52
26.65,10.693527767285447,0.427064073095057,0.12848988794928215,52
26.671,10.692781132382818,0.3930495027908536,0.13794016434634485,52
26.691,10.69614141657933,0.39393298115256925,0.10613721913824198,52
26.712,10.698386893404678,0.3638275910410876,0.097190463253439,52
26.732,10.69980241181459,0.39469191657958236,0.12048920154456312,52
26.752,10.700044288820594,0.42217992300171,0.09547083898936229,52
26.773,10.700431752333959,0.435416937836262,0.07225863498950448,52
26.793,10.69991125577871,0.38435670964349783,0.08527012526251194,52
26.813,10.701261598022587,0.38912646243373666,0.10474720649385702,52
26.834,10.70020400363333,0.39274435629216403,0.12325848230155788,52
26.854,10.703734706007113,0.37958615747127067,0.12186792577269655,52
26.874,10.703835070671929,0.37678485692991953,0.10417200897702089,52
26.894,10.702647010602464,0.3885581794703024,0.06960038162504564,52
26.915,10.700979784457095,0.37518162246420345,0.10751428543504814,52
26.935,10.702838956956462,0.3610666842796722,0.09552725019944851,52
26.955,10.704033421389811,0.38095696958958986,0.11357609718668812,52
26.975,10.69323839754212,0.39945814647533257,0.16863520733865142,52
26.996,10.643863104266176,0.43511754751417003,0.11273457704014267,52
27.016,10.656176674521086,0.4602121207022371,0.13251276330647563,52
27.036,10.699971276713663,0.33888445721493243,-0.03778753669839527,52
27.057,10.69279865528649,0.11723056824200045,-0.22703667392881874,52
27.077,10.668959810087083,0.13721550947460548,-0.1939661592660854,52
27.097,10.733699000024508,0.2902828624537897,0.041541814135765034,52
27.118,10.768987969817836,0.13979200021204916,0.5596687014314438,52
27.138,10.671097158514677,0.5492708588110355,0.19753052957973405,52
27.158,10.696236192352991,0.34936679893116585,-0.5329833644421907,52
27.179,10.769920454054931,0.10397659652871603,-0.3855818525985036,52
27.199,10.706240997662212,0.5021257605014254,-0.12672985688033944,52
27.219,10.726886166595781,0.2129267117993567,0.06785397155641584,52
27.24,10.695882480257145,0.3595258066006526,0.2746222581328126,52
27.26,10.735161183787644,0.4859702948102972,0.26639377042961876,52
27.28,10.714062806369864,0.6682349502387323,0.558030835062288,52
27.301,10.660772616617944,0.9500458550730948,0.8201172012690932,52
27.321,10.645355742170773,0.9749104340139376,1.1202034851119569,52
27.342,10.67539182843839,0.6480574453439445,0.4976535051665022,52
27.363,10.709945196673335,0.10598720281066677,0.2848850635674885,52
27.383,10.759300402438267,0.07734632346563944,-0.023474543356862523,52
27.403,10.696046150184925,0.23260149795442978,0.0031214513396391843,52
27.424,10.671679910020561,0.941880859137896,0.8048382245778795,52
27.444,10.672385166633495,0.7882541706966711,0.5325835073425663,52
27.464,10.698667020683164,0.7040458740348448,0.7180680207210068,52
27.485,10.689124612849282,0.01937949808871319,-0.3397393835373914,52
27.505,10.690318599272002,0.3049197895777072,0.03894159081031625,52
27.525,10.66013321019879,-0.6920575167572971,-0.7634286081386169,52
27.546,10.68389257027938,0.29134382435198924,0.13720557387679586,52
27.566,10.633098008604675,0.11903074840513425,-0.2104025400030982,52
27.587,10.643711306715046,-0.311538527306592,1.1196763903134082,52
27.607,10.61024900361606,-0.04903244177885931,-0.2857539198590168,52
27.627,10.612028898200846,-0.2708761196679706,-0.4834177109290639,52
27.648,10.597559002447737,0.5361381178355958,-0.5952202610671034,52
27.668,10.649676719956698,0.3534690985265296,-0.22553965666970774,52
27.688,10.59396854403276,1.048848938335734,0.27051830054388587,52
27.708,10.592826406455812,0.6762160546812632,-0.6500081734515256,52
27.728,10.649352933533818,0.42155203326832136,-0.12403576283974323,52
27.748,10.621556911997073,1.055681123707246,0.7376963897561967,52
27.769,10.639286495657087,-0.02939730573058909,0.39021834543348183,52
27.789,10.636629934856172,0.46422839704014807,1.5852216538523434,52
27.809,10.663424199419934,1.3313504228563067,1.3013366393034902,52
27.83,10.647456175257231,0.41705730238858596,-0.14821984544973021,52
27.85,10.647083985938378,-0.22640807240004418,0.38892271873632844,52
27.871,10.604444233270115,0.6580108977860157,1.2403937791852622,52
27.891,10.650369374695073,0.7007109035750441,0.9475603860166235,52
27.912,10.588841145682535,0.15000460894860554,-0.4534687916095807,52
27.932,10.600575299138667,-0.11580899802675808,-0.6173370552386183,52
27.952,10.618944906962964,0.02447902272785649,0.23871697638623296,52
27.972,10.537777232502076,1.0257490156689788,1.6198426800481303,52
27.993,10.5760541929789,1.168728191496002,1.6285352782243998,52
28.013,10.545644795361559,0.7592890885543331,0.7738450141481136,52
28.033,10.615251002695905,0.27345174586222243,0.44611282333562696,52
28.054,10.558140846298063,0.08931273328784779,-0.07198572033658006,52
28.074,10.592642090060185,-0.14625517570754912,-0.2781017007613535,52
28.094,10.643226435869256,-0.5653435651206584,0.33858757059873085,52
28.114,10.715947610275837,-0.17686440931884195,0.5070245149470517,52
28.135,10.811026454104853,0.5726115136819423,1.167992064047012,52
28.155,10.830024435750621,0.6403310831404952,0.04325518892276012,52
28.176,10.885148754834537,0.5062198262404601,0.06288820545761113,52
28.196,10.840881456438954,0.2764783725461521,0.9008144076634614,52
28.216,10.843858843887094,0.3623613492415943,0.31375561480329905,52
28.236,10.875435051757963,0.6608947225535586,0.7734753893748032,52
28.257,10.826854747484335,1.0293508755241694,-0.7324932811248036,52
28.277,10.998083953434902,1.3666503178629044,-0.6613542521869794,52
28.298,10.876778128283888,1.0733572580764505,-0.05016529932740659,52
28.318,10.860241321917046,0.9119441126277541,-0.3587602417953393,52
28.338,10.91685701684162,0.6871267144523947,-0.35067964865652335,52
28.359,10.884552895367849,0.7280639209659102,0.339472876850172,52
28.379,10.844429370386509,0.770713874253602,-0.2999549305618329,52
28.399,10.886628381611702,1.4480434305979841,0.7030310929636059,52
28.42,10.894091825034963,1.0801278419899476,1.6405692484378451,52
28.44,10.957948762702841,0.7189483820021902,1.221389850141568,52
28.46,10.877468955486423,1.0576265226024884,0.027055079702884944,52
28.481,10.826904806370436,1.07131303400993,1.4442071096317957,52
28.501,10.748995288001794,0.9108129234232135,2.4342959753121427,52
28.521,10.642003794516683,0.9757932896829006,1.08686301181859,52
28.541,10.509666470024543,1.5698953244229898,1.1204077710615712,52
28.562,10.306870550868583,1.1143580120615966,2.4614294768634877,52
28.582,10.099248631884421,0.4135212728351607,2.3737117763831908,52
28.602,9.746640862612168,0.06094263333342182,1.7507238388107706,52
28.623,9.322058884950621,1.1800320749150393,0.6074461671990086,52
28.643,8.939374578073314,1.3597523543047978,0.35027642974025464,52
28.664,8.717793727288184,0.8658847461366778,-0.5660498138208842,52
28.684,8.498712202997043,-0.7374654514548594,-1.7180290713433082,52
28.704,8.41297286770717,-0.8458302612462977,-1.2492952357206866,52
28.724,8.420187936369105,-2.4919625235703076,0.9594706435612262,52
28.745,8.405671236188397,-2.324222645527492,1.940523027944623,52
28.765,8.29608109094548,-2.3468482068438035,3.2547412869186187,52
28.786,8.307685958945564,-1.4531060585964723,2.677728529508198,52
28.806,8.425736676175626,0.27945101726520105,0.7359157210947544,52
28.826,8.44569457165404,0.07577300403694104,1.3173977200156743,52
28.847,8.458659072437358,0.8146553014691208,0.13330228207733757,52
28.867,8.542627093079165,0.5459151353201939,1.591182857018668,52
28.887,8.465575474846236,0.3796293297741968,1.6583666147530054,52
28.907,8.384428872331927,-0.10331730388001334,2.6386679039869647,52
28.928,8.280873223925157,0.5821513084534101,3.0342291732305466,52
28.948,8.322999919769488,0.8957533374456838,2.3659099460308104,52
28.969,8.340327734812165,-0.2863261015974723,1.9434078379586572,52
28.989,8.283733915229748,0.02424530578834311,2.077470968323047,52
29.009,8.255112230311356,0.40987712774295165,1.5053148718350229,52
29.029,8.162290149123992,0.2901325232296285,2.333578803161138,52
29.05,8.026929988934016,0.2938856379439724,3.633999348441697,52
29.07,7.789873172938387,0.5216920867781268,3.7377355927389155,52
29.091,7.627939831050599,1.0031489480896039,1.8628816178924674,52
29.111,7.51731848355469,0.3143105821199258,2.086237451965347,52
29.132,7.149525340261179,0.00425065956203162,2.9406816702254805,52
29.152,6.864817022696415,1.5644512248667335,2.5192744694128075,52
29.173,6.455723114109177,1.3707853328680955,1.520622963250114,52
29.193,5.819767151198293,0.4493147942187037,1.4770290688316443,52
29.214,5.6337791602359895,-1.5746521792033081,3.304721834373088,52
29.234,5.608195967310465,-1.7984164969440486,3.2707770749402325,52
29.254,5.619854146424885,-1.383038844814992,2.010089191877385,52
29.275,5.855260092581446,-0.6464208007394616,1.337131725949793,52
29.295,5.893232136944633,-0.7748587377724161,0.32211296325582806,52
29.316,5.93183227860608,0.1162609855792097,0.9953038958806844,52
29.336,5.7911327694129255,1.0649874276677187,0.6412581604171594,52
29.356,5.751462484587435,0.5128114410941792,1.2387281233566916,52
29.377,5.774418843910993,-0.15697324800446497,1.092515136366005,52
29.397,5.834204607113336,-0.5523471604088691,1.6821624742614822,52
29.417,5.788328022401218,-0.038219206768154095,2.2487084935314776,52
29.438,5.636272585071127,0.002669671207693218,1.7006484114506757,52
29.458,5.66603267724183,-0.2619207184440833,1.404337737669472,52
29.478,5.677917795130085,-1.9391988493453525,1.316175575908063,52
29.499,5.6726549429414765,-0.4625097017270895,3.5252739415197882,52
29.519,5.556456210014544,0.18102509116421742,3.0971564530210656,52
29.539,5.506336839156488,0.19324727945594883,2.4925744140878408,52
29.559,5.61529021278118,-0.24872563198705586,4.362188123319252,52
29.58,5.613343726367032,-0.43642289713478855,4.056445998381979,52
29.6,5.562336435897818,0.5468543226470062,4.012518156201733,52
29.62,5.541206203826858,0.9676166675335361,2.7357977265532005,52
29.641,5.658190504652806,2.4517627342972896,3.689011114921231,52
29.662,5.873102227828908,2.868055856511772,3.5452528530417684,52
29.682,5.973103890477446,2.9919355470189553,3.514482099257629,52
29.702,5.863083516757356,2.324207782614445,2.959770467023944,52
29.723,5.7522033919493785,1.6433377561790787,4.150797407753612,52
29.743,5.494934906928292,2.2644820324799753,2.528575012188552,52
29.763,5.118122405935438,1.1790528270033973,2.53019202856327,52
29.783,4.715187939368106,2.199331810501626,3.4233003044639028,52
29.804,4.412360503392292,1.4137455598599913,3.573358128748068,52
29.825,3.9687306224499386,1.9612645097649102,2.6867885065175434,52
29.845,3.387175199310959,1.0963227630396013,2.5165113205106193,52
29.865,2.991657140031193,0.21297754083891662,2.430373921132652,52
29.885,2.5395129571787853,-0.1372533042082539,1.6512481280746576,52
29.906,1.9594826575447677,-1.1612633323840913,0.9371622871449488,52
29.926,1.5016404399692782,-0.4280649949781274,1.4748633175047836,52
29.946,0.9886693868765086,-0.6664289026732955,1.5547623306092506,52
29.967,0.4459818980234467,-0.34471153544300526,1.3226772030341547,52
29.987,-0.14794426499666785,0.006040367743888596,0.9406505521272265,52
30.007,-0.5894852894281122,-0.09208557981415101,0.9370918841182156,52
30.028,-1.3589275921677746,0.1749456914478828,0.7539806531132386,52
30.048,-1.7580996545576544,1.2057314160636867,1.640938875661684,52
30.069,-2.1801183474691337,1.0035014957448545,1.693918781216584,52
30.089,-2.4206002068363976,0.46556162407558177,0.642328187556433,52
30.11,-2.527336512503312,1.7902666191179297,1.6236286342165096,52
30.13,-2.683471860015502,1.6526662733471231,1.711031282481252,52
30.15,-2.7925558488261553,0.7944848626903916,0.21800916631543485,52
30.171,-3.0458785094699445,1.0437811243609363,-0.14863534936929837,52
30.191,-3.1778269332225912,1.047698893883896,-0.22329008941314973,52
30.211,-3.3720130023441337,0.5790546161531505,-0.19209250054930463,52
30.231,-3.491117582205548,0.9786651406253886,0.955615900746696,52
30.252,-3.5801550928811006,1.5259814148879611,1.9652434477047862,52
30.272,-3.6813175704380545,0.9756480462808848,0.8059426862334942,52
30.292,-3.727432167744369,0.7946959642506732,0.7155212069313304,52
30.313,-3.7381955874701385,1.2432472370795826,1.1006049145757304,52
30.333,-3.7964275535946195,1.739689707271536,2.0060898970878713,52
30.353,-3.8341056281834445,1.1578856420616483,1.5921276646526539,52
30.373,-3.9368302618200706,0.2734711400686819,0.7126516256191361,52
30.394,-4.031928583429342,0.4402121861732821,0.9741164292974529,52
30.414,-4.022767586555809,0.15715916132495464,0.9295163235646985,52
30.434,-3.961601794745556,0.2898773762965959,0.802966772573288,52
30.454,-3.9701535484379855,-0.012164689522230196,0.33624676639135664,52
30.475,-4.003794556117634,-0.019612733658942727,1.4869276400653837,52
30.495,-4.190438735348686,-0.06280907313608197,1.1688223417125407,52
30.515,-4.387013913618227,-0.21886033887791767,1.3458875100881955,52
30.535,-4.567721916748348,-0.6240258328452424,0.6966999051951825,52
30.556,-4.6249907328823605,-0.0647240886196536,0.5428276342554779,52
30.576,-4.7162296705071975,0.5475816238344042,0.19914575191944633,52
30.597,-4.793372107435368,0.47338065988003863,-0.12403576415661384,52
30.617,-4.803409480307772,0.49809038557828295,-0.3461421350650913,52
30.638,-4.81873180171413,0.18875229800805218,-0.009256299086652044,52
30.658,-4.946553619461661,0.027229236687409012,0.008671468599753651,52
30.678,-5.122970696149928,-0.19838738935194328,1.116508973580865,52
30.699,-5.219267135263686,-0.027071744384876393,1.5773268966104474,52
30.719,-5.537408746168746,-1.0720904460169813,1.4146171857699705,52
30.739,-5.78211793746396,-1.3086412676373922,-0.3061620205532961,52
30.759,-6.067357104511125,0.15982783836084422,1.7588911830873104,52
30.78,-6.2695289428896155,-0.9686689980354325,1.1978157889325571,52
30.8,-6.38418175395946,-0.40357797430969267,1.2943357753745428,52
30.82,-6.278904949058238,-12.794846916841589,-23.272231581592763,52
30.84,-6.270790212971228,-81.80751236974466,-95.91275361834187,52
30.861,-8.24670596394008,-43.11733971518623,-46.3294071451644,52
30.881,-9.812818250131208,-23.355942258803147,-25.390463580742935,52
30.901,-11.268164481791068,-12.454388462762253,-14.62584233396025,52
30.922,-12.477525650288776,-6.078033602758404,-8.823490938852565,52
30.942,-13.486107653181357,-2.4534237218796484,-5.592878997942432,52
30.962,-14.1786658644558,-0.05952296843608639,-3.7218767804565682,52
30.983,-14.61654692332507,-0.5272874408692353,5.837985094718106,52
31.003,-14.270698960293366,2.414893868915893,12.317461790828,52
31.023,-14.910775203418261,3.5123850250380624,15.509310449269556,52
31.043,-15.112001443652666,3.03555664028948,8.35371674639175,52
31.063,-14.359033482561069,5.3166117510829265,6.2749403924884275,52
31.083,-14.487157508371462,2.444361837306429,2.4958555337243937,52
31.104,-14.43530699978852,-0.5599896023851554,1.835521541723869,52
31.124,-14.44119537663762,0.495518847026089,1.2585719615482045,52
31.144,-14.40404469869868,0.3751746066621943,0.4723188253355287,52
31.165,-14.43506609805498,-0.10095653571408088,0.7447772536758546,52
31.185,-14.432247748167828,0.2712792711289655,0.3046355278738403,52
31.205,-14.433789272008486,0.0375261535919048,0.4157064792218537,52
31.226,-14.442054479174214,0.3518872675787623,0.814452924667181,52
31.246,-14.425983231497543,0.2779422758869144,0.3903639536134721,52
31.266,-14.448815700753958,0.4528373994075889,0.8169470178594347,52
31.286,-14.413283969652628,0.1557068999163109,0.41471201955045667,52
31.307,-14.468680405158851,0.6065155882663996,0.4902064611280857,52
31.327,-14.493246353346352,0.6754507684057993,0.900025936601608,49
31.347,-14.514555870757793,0.4741016920590189,1.1642498762521656,49
31.368,-14.487888815247022,0.2907530145426075,1.2615822865825903,49
31.388,-14.49390432717202,0.32047270524705657,1.291069822707576,49
31.409,-14.541795886769183,0.7278645398223418,1.2740388911563065,49
31.429,-14.641408513185683,0.8570780607985999,0.9267924036667937,49
31.449,-14.609415822126195,0.02089906489289904,0.05317651251211075,49
31.47,-14.5486173825755,0.010211379379465774,0.7497296311301628,49
31.49,-14.649009177629111,0.40695098830042575,0.5320295780675615,49
31.51,-14.54139077612926,-0.06537629127687512,0.6884281980094407,49
31.531,-14.643124414675569,0.22824327266429983,0.5410892910580773,49
31.551,-14.536785910437784,0.00854719557975259,0.6607249988202252,49
31.571,-14.615286058653668,0.06253299319779627,0.09219338043049885,50
31.592,-14.593869654815466,0.5602325765190036,0.44267707421151087,50
31.612,-14.555947042592308,0.37713305780430545,0.6703605605324354,50
31.632,-14.615524332776133,0.2400196320904294,0.37525923524486043,50
31.653,-14.645713231016813,0.20593961122599705,0.23372482991023072,50
31.673,-14.63207656950776,0.40736745448232375,0.28294776196267496,50
31.693,-14.576489692759697,0.3880860644692272,0.29464320588561543,50
31.713,-14.609836334154398,0.6012164105122693,0.47223072684668477,50
31.734,-14.585820982650505,0.6547578696436186,0.2720411731223456,50
31.754,-14.626237768084948,0.6542278166611186,0.38543892647765476,50
31.775,-14.624760970653725,0.7480515348461445,0.4509221754180041,50
31.795,-14.604650601210052,0.5040130618985129,0.2970213915726011,50
31.815,-14.638464596814499,0.26638045078270234,0.4004652316678711,50
31.836,-14.62644107305151,0.030793517696646705,0.626262251256604,50
31.856,-14.613579369015548,0.09250663983285187,0.5520536069023615,50
31.877,-14.627397009741394,0.33332243788330923,0.30602437861269394,50
31.897,-14.621164215084349,0.47354668597245775,0.1329865898650568,50
31.917,-14.620131896206011,0.3158518792290437,0.2895394353283528,50
31.937,-14.622331026644607,0.33112591090080135,0.5994524267539296,50
31.958,-14.615872586424999,0.3129170444671927,0.3311484163830738,50
31.978,-14.618472498997976,0.344096277961917,0.16491441229620704,50
31.998,-14.611194113015726,0.28882001830487103,0.2660837376522629,50
32.019,-14.611740867847828,0.3994576822751813,0.19852460563622992,50
32.039,-14.609860107610286,0.38157042027584626,0.19869057384385053,50
32.059,-14.612021276701523,0.43392542525971,0.29583265322152874,50
32.079,-14.613166400032043,0.396927702775995,0.4476960051040124,50
32.1,-14.618176630615741,0.4367600390250151,0.5835784797854952,50
32.12,-14.617650947109004,0.40623969847007074,0.608500121091986,50
32.14,-14.615720964199674,0.40761162583641236,0.47603117429920194,50
32.161,-14.614239841290905,0.3972571980951449,0.4296620057089238,50
32.181,-14.615794239425622,0.3910264489787404,0.4309033359647403,50
32.201,-14.619642072221653,0.43427161176896245,0.4385199052349074,50
32.222,-14.61868284260678,0.38960701138497295,0.4173704330361434,50
32.242,-14.617234952215895,0.3708281512938221,0.3864767958867155,50
32.262,-14.620729520695669,0.41480960879456324,0.4637556929628134,50
32.282,-14.61954931039591,0.4186119616114878,0.45750362200134065,50
32.302,-14.619546469051032,0.44054189637522295,0.4149174428353103,50
32.323,-14.62219404968554,0.4447147892995535,0.43191769219586235,50
32.343,-14.620602232862131,0.45006333107325647,0.4469961699336511,50
32.364,-14.62220574385071,0.4371815481098756,0.5014304513372252,50
32.384,-14.620906734722025,0.409343495646437,0.4764868724866606,50
32.404,-14.619993578090499,0.36096634862613813,0.471398529696812,50
32.424,-14.620099004479119,0.36649470255304745,0.4822873926642948,50
32.445,-14.617790590918366,0.4004214572881719,0.4235588584670352,50
32.465,-14.619611129920896,0.3824082011272874,0.40440421158937595,50
32.485,-14.617608524716914,0.4014307065213405,0.3861454818602786,50
32.506,-14.616552244312603,0.4023600105611774,0.4281192124225313,50
32.526,-14.61417432674393,0.4341813330183585,0.46957476562406353,50
32.546,-14.612435251689249,0.46123189407465087,0.42154166392227416,50
32.567,-14.612367126608676,0.4042538292758833,0.4250862945787352,50
32.587,-14.614141961125974,0.405428444573716,0.4547193665656375,50
32.608,-14.616524559299954,0.3913650908919166,0.4387447438478543,50
32.628,-14.614697974655284,0.42977854686362665,0.4236268046331243,50
32.648,-14.614079893716035,0.4611273736349816,0.43299995444580636,50
32.668,-14.61560549047156,0.4407322613850418,0.43780181375689026,50
32.689,-14.614303584309887,0.4257030563043898,0.45021650416676895,50
32.709,-14.613219804213497,0.4853429879140494,0.48890770019006524,50
32.73,-14.611647006843777,0.49382747668943805,0.48684489467370723,50
32.75,-14.610319107635856,0.4554729771779803,0.4251588006876447,50
32.771,-14.610283493735958,0.43881353933571965,0.42664440765316175,50
32.791,-14.610381459848336,0.4114627368913567,0.46332125473564517,50
32.811,-14.611803347528516,0.3923976205896177,0.45363179513746194,51
32.831,-14.610054484584872,0.3909941026401218,0.43048627538044115,51
32.851,-14.613012100852288,0.4166335928395484,0.49244518200408033,51
32.872,-14.613405016733799,0.41384000260366216,0.4771933978257257,51
32.892,-14.613442955743837,0.45165094717350357,0.4883467502556172,51
32.912,-14.614591933348118,0.46300378946614335,0.4822212299633176,51
32.933,-14.614970849918432,0.4621175681410986,0.5332044510364043,51
32.953,-14.614277918084081,0.44606499732897276,0.49634952037806557,51
32.973,-14.61271097922737,0.39256501237139335,0.48614028222353955,51
32.993,-14.612070094512154,0.41153699070962385,0.46010803011733836,51
33.014,-14.6106561611579,0.41418251404996426,0.46972060490744433,51
33.034,-14.61034731321542,0.43768550571672277,0.44637505159444,51
33.054,-14.613278729906662,0.37373540154877216,0.43829813127808137,51
33.075,-14.614337132947457,0.4064061556030201,0.4818105086276713,51
33.095,-14.61509870557648,0.4239362711925902,0.4548987456942344,51
33.115,-14.614976200674004,0.40906991417198674,0.4597684661936293,51
33.136,-14.617775465210801,0.3913738053924222,0.4221075794270192,51
33.156,-14.619587044451396,0.3917758659522903,0.3981088063072525,51
33.176,-14.616346012846043,0.37618145813017373,0.40063218773148507,51
33.197,-14.616667054302578,0.3813816308318142,0.40215095340509666,51
33.217,-14.618047592240258,0.3721361369270565,0.4388117446553377,51
33.237,-14.615027726654429,0.4105642791952499,0.42500062013296686,51
33.257,-14.613600024778457,0.4696491640413462,0.4185438649781573,51
33.278,-14.614319084319254,0.46563064721951136,0.42592831342538834,51
33.299,-14.614125224993858,0.4122412568402708,0.39943454691253955,51
33.319,-14.614411883733794,0.4055888189019787,0.3590421165533229,51
33.339,-14.616548006709396,0.4413146827968279,0.3690868745755425,51
33.36,-14.616892688826042,0.4693532936034618,0.42776258921047,51
33.38,-14.619949245366568,0.4400617522427805,0.4495806397785607,51
33.4,-14.6215467798477,0.43029072652082606,0.4720882013624183,51
33.421,-14.620085697992327,0.4492459086751341,0.43542515342219845,51
33.441,-14.619928821716256,0.41412271148471913,0.42187562882759677,51
33.462,-14.618335163808945,0.4485377956404484,0.410865204601283,51
33.482,-14.615794886688736,0.4384059485466117,0.4192740769297459,51
33.502,-14.61429580199805,0.4345649116767126,0.43306161421473954,51
33.523,-14.615048194404713,0.4686230106728012,0.39688337088508563,51
33.543,-14.615510457048927,0.4427855951078785,0.38166599312084404,51
33.563,-14.614958542626795,0.4901054534552934,0.41899357163582923,51
33.584,-14.615091542827562,0.49499408570335224,0.4376542251863911,51
33.604,-14.6175963998063,0.4408923666648603,0.43298919782973416,51
33.625,-14.616451377390169,0.4685684436421457,0.4148678485153304,51
33.646,-14.614412942603536,0.4095785174851952,0.4246691279040412,51
33.666,-14.61387892862567,0.41386738988632465,0.39487683133748275,51
33.686,-14.614086313291681,0.47014469247099383,0.38318667096151077,51
33.706,-14.612325333814525,0.44349753883126786,0.423455584823947,51
33.727,-14.612883624754843,0.4487677566816746,0.43128860530244,51
33.747,-14.612955906464359,0.4550581945142139,0.4253657244281255,51
33.767,-14.611580635862937,0.43397641240383855,0.4793897064150578,51
33.788,-14.613762334689117,0.40803171103450847,0.4585631062828389,51
33.808,-14.613963697771876,0.43111060473919266,0.47080308006265353,51
33.828,-14.612590376433019,0.42045893678096785,0.45934149817481157,51
33.848,-14.612084114473081,0.4408019804756412,0.44439189802856066,51
33.869,-14.611603228693227,0.4057045980402414,0.4461629889042622,51
33.889,-14.611443467425012,0.4671998277417589,0.4148257580639089,51
33.909,-14.61184042960608,0.4774702739592102,0.3920664743332625,51
33.929,-14.612036603293323,0.4138534887741909,0.4342258061493435,51
33.95,-14.613432479047553,0.41562491243028865,0.4192349244129869,51
33.97,-14.612245183803646,0.4285865976793155,0.4360029126833031,51
33.99,-14.612822803861766,0.4136899776013645,0.42178618574234034,51
34.011,-14.611313695019064,0.45128551815611906,0.4357821001549022,51
34.031,-14.611718117877759,0.43957766800203996,0.4277758592080283,51
34.051,-14.613062005867294,0.44062231063690793,0.4158237973853045,51
34.071,-14.614851084317774,0.4813726487030774,0.44188704932635403,51
34.092,-14.614355572720727,0.4525708790875798,0.3734056467739481,51
34.112,-14.614180157221567,0.4288494004456723,0.39563700437099936,51
34.132,-14.614083102356929,0.39534952259963974,0.3837114964057862,51
34.153,-14.613328685620449,0.3892764066399505,0.4224343908613006,51
34.173,-14.611984350990728,0.3731222128828599,0.4134556426213897,51
34.193,-14.609484184690688,0.4013430038446952,0.4258821895945285,51
34.214,-14.60979096655803,0.4472557478926778,0.38877803415927586,51
34.234,-14.609500667292286,0.4351035961328298,0.37136643819071435,51
34.254,-14.60874857782311,0.42014610773006483,0.4443677622873198,51
34.274,-14.609914056669826,0.41848156283473226,0.465045268294085,51
34.294,-14.609586568565314,0.41315206760994694,0.48309074673280156,51
34.315,-14.609451214289674,0.40938732395194366,0.4746717472426082,52
34.335,-14.609119131427253,0.42382929491540683,0.4669348604322243,52
34.355,-14.610106733719542,0.4116312904380354,0.5097162061150096,52
34.375,-14.606608201490484,0.4150087354923246,0.4614025122321187,52
34.396,-14.60784943295454,0.39662430803916243,0.47383682089515755,52
