time (s),yaw,pitch,roll,battery,acc_x,acc_y,acc_z,gyro_roll,gyro_pitch,gyro_yaw,altitude (m),loop rate (Hz),target altitude (m)
0.0,49.832522634168704,-0.10163635395942426,0.669382696703633,68,0.001118456944823265,0.013852033764123917,0.9978467226028442,-0.026414882391691208,-0.05283692106604576,-0.05079616978764534,0.00014903722979695607,288.2683161512027,0.0
0.05,49.834007954272636,-0.10711936810789636,0.6729950440358081,68,0.0019111467991024256,0.011626039631664753,0.9972071051597595,-0.03927960246801376,0.007664883509278297,0.21721002459526062,0.00013270529091473035,288.2683161512027,0.0
0.101,49.83462680367108,-0.14561173084552945,0.7070075288863213,68,0.0033224602229893208,0.013959300704300404,0.9995957016944885,-0.22299225628376007,-0.19041334092617035,-0.049134526401758194,0.00011159914121136561,288.2683161512027,0.0
0.151,49.833337548188986,-0.1118857375663948,0.6730011620323412,68,0.0013099579373374581,0.010054378770291805,0.9969269037246704,0.0754116028547287,0.011658340692520142,-0.12494916468858719,9.956609764988419e-05,285.4238856753998,0.0
0.201,49.83121666111386,-0.1047598888425164,0.7165888043705104,68,0.0008659797022119164,0.01395654771476984,0.9970422387123108,-0.06116544455289841,0.06969113647937775,-0.055427730083465576,8.403697994262049e-05,285.4238856753998,0.0
0.252,49.83400058146486,-0.08273121236523731,0.7220062787840875,68,0.0007796598947606981,0.012690220959484577,0.9998078942298889,0.15985159575939178,-0.020158996805548668,0.13102848827838898,0.000514461794445222,285.4238856753998,0.0
0.302,49.833962365882364,-0.10738542564505217,0.7037044690772034,68,0.0017040737438946962,0.010935638099908829,0.9975520968437195,-0.10755652189254761,-0.11965648829936981,-0.021246396005153656,0.0012043465999760261,285.4238856753998,0.0
0.352,49.83569577006181,-0.11704145658401653,0.7093111339304858,68,0.002929877955466509,0.014224770478904247,0.9960193634033203,0.14976055920124054,-0.1706189662218094,0.004208928905427456,0.0018648857919620293,285.4238856753998,0.0
0.403,49.83643036288198,-0.1437264870625499,0.720414862832048,68,0.0019863201305270195,0.012540675699710846,0.9986802339553833,-0.03942005708813667,0.13245566189289093,0.12197410315275192,0.0025327928016988842,285.4238856753998,0.0
0.454,49.83502562738589,-0.14382306337046466,0.6875907301427309,68,0.003086261684074998,0.010319274850189686,0.9960696697235107,0.4036743640899658,-0.1031671091914177,-0.009213421493768692,0.004129973849835782,285.4238856753998,0.0
0.504,49.830123019007615,-0.15657866932835418,0.6820812026917954,68,0.0014632245292887092,0.013092697598040104,0.9980508685112,-0.1291152685880661,0.05984930321574211,-0.16963563859462738,0.004792133242738789,285.4238856753998,0.0
0.554,49.82929182358652,-0.15900807058882033,0.6832060062330976,68,0.0029018910136073828,0.011558503843843937,0.9995641112327576,0.08077695220708847,-0.07768785953521729,-0.1966467648744583,0.005878187105728294,285.4238856753998,0.0
0.605,49.82806443323182,-0.15171540342197168,0.6657216104351331,68,0.00046408103662543,0.01144927367568016,0.9984066486358643,-0.177639439702034,0.09754625707864761,-0.22887012362480164,0.006512858946377381,285.4238856753998,0.0
0.655,49.8259975490933,-0.09864820513939124,0.6863204202484379,68,0.0007378958980552852,0.013104250654578209,0.9970270991325378,-0.00015234628517646343,-0.06651950627565384,-0.07103526592254639,0.006545768433032965,285.4238856753998,0.0
0.706,49.82699155375548,-0.10103662848634914,0.7208945688911477,68,0.0015541160246357322,0.011618591845035553,0.997506320476532,0.12834300100803375,-0.13093459606170654,-0.002335919300094247,0.006663059900120692,287.5962698848053,0.0
0.756,49.82630624235279,-0.09936623238882557,0.7255756216365212,68,0.0013592479517683387,0.01310212817043066,0.9983174204826355,-0.023450341075658798,-0.11643390357494354,-0.09352670609951019,0.0068380580077271845,287.5962698848053,0.0
0.806,49.82631355156828,-0.11075664695428979,0.6910132824881291,68,0.0005914398352615535,0.012078719213604927,0.9969128966331482,0.03334515541791916,-0.02033401094377041,-0.27198079228401184,0.006879331951467078,287.5962698848053,0.0
0.857,49.828880078791556,-0.13482009554245,0.6887914070335978,68,0.0033903629519045353,0.012337969616055489,0.9969938397407532,-0.3017253279685974,0.13144679367542267,0.1442793607711792,0.007326385587909838,287.5962698848053,0.0
0.907,49.827420826156285,-0.14669654353120057,0.6580770218081761,68,0.0034597166813910007,0.011013805866241455,0.9980206489562988,-0.06983806937932968,0.09088365733623505,-0.05352463200688362,0.007507408001458429,287.5962698848053,0.0
0.959,49.82564360030039,-0.11178000118077618,0.6594172646279043,68,0.00020963807764928788,0.010740096680819988,0.9999949336051941,-0.10907170176506042,-0.06413234025239944,0.15812620520591736,0.006701296988798581,287.5962698848053,0.0
1.009,49.82721996320724,-0.12850320763463308,0.6210178666153389,68,-6.915698759257793e-05,0.012348693795502186,0.9953796863555908,-0.0008828765130601823,-0.11724089086055756,-0.30840376019477844,0.006038260925228415,287.5962698848053,0.0
1.06,49.82601020182351,-0.11262339735670614,0.6472636657069237,68,0.00158172775991261,0.012386835180222988,0.9993441700935364,-0.28048405051231384,-0.10282459855079651,0.037049055099487305,0.005337450362389297,287.5962698848053,0.0
1.11,49.828199286980706,-0.11257686377438952,0.6490956851927074,68,0.0009970158571377397,0.009940039366483688,0.9966681599617004,-0.049270499497652054,0.028236771002411842,-0.0017603767337277532,0.004517768092530755,287.5962698848053,0.0
1.161,49.83002428128467,-0.1192754029532075,0.6770807959154655,68,0.0020473774056881666,0.01225682906806469,0.9976807236671448,0.004857463762164116,-0.012324230745434761,0.12060880661010742,0.004044224182945469,287.5962698848053,0.0
1.211,49.830942534806276,-0.08626952061937969,0.6218642980536194,68,-3.0779820008319803e-06,0.010703044012188911,0.9989021420478821,-0.13327400386333466,-0.2178000658750534,-0.1654147058725357,0.003621846520110673,287.5962698848053,0.0
1.262,49.83069066102338,-0.1065266810353535,0.6579725944237855,68,0.0029245074838399887,0.011775931343436241,0.9991526007652283,-0.09817252308130264,0.003483756445348263,-0.020718000829219818,0.0030683463574929072,260.27328575861,0.0
1.312,49.82878860951522,-0.12239480590282706,0.6564223420829035,68,0.001168321236036718,0.01079978421330452,0.999721348285675,-0.023935362696647644,-0.24035973846912384,-0.0853717252612114,0.0026154653169353738,260.27328575861,0.0
1.363,49.831168366491355,-0.10206098468917542,0.6744984247325492,68,0.0016351246740669012,0.014073746278882027,0.9986476898193359,0.12955588102340698,-0.11942984908819199,0.065919429063797,0.0023349511442031373,260.27328575861,0.0
1.413,49.83234338168095,-0.12771827257754265,0.6663993938773365,68,0.0033210497349500656,0.01143947895616293,0.9976953268051147,-0.13174660503864288,-0.04750170186161995,0.007971311919391155,0.0019810363239753923,260.27328575861,0.0
1.464,49.82981847223072,-0.12762698299346584,0.6371666509505399,68,0.0032721268944442272,0.012660120613873005,0.9976609945297241,-0.24450190365314484,-0.17785422503948212,-0.1406673789024353,0.001779886253176591,260.27328575861,0.0
1.514,49.83235942204834,-0.1257708998626595,0.6415149595645001,68,0.002066166838631034,0.010137769393622875,0.9991877675056458,0.002313637873157859,-0.09123353660106659,0.0915469080209732,0.0015217917118120013,260.27328575861,0.0
1.565,49.82775363956158,-0.12538617353247594,0.6681175776717664,68,0.0012498622527346015,0.012958021834492683,0.9981499910354614,-0.06747094541788101,-0.2078150361776352,-0.19172729551792145,0.001375310968323689,260.27328575861,0.0
1.615,49.82693886453488,-0.14448632986989848,0.7022302630343765,68,0.0030774171464145184,0.011385135352611542,0.9981579184532166,-0.16142955422401428,0.04523976519703865,-0.014924682676792145,0.0011836914647893086,260.27328575861,0.0
1.666,49.82580301163973,-0.13375997114177363,0.6949890823979491,68,0.0018681158544495702,0.012795250862836838,0.9983025193214417,0.005427367519587278,0.10909822583198547,-0.051219429820775986,0.0010729804627850352,260.27328575861,0.0
1.717,49.82627267247225,-0.13741545707279218,0.6309003491954778,68,0.002798397559672594,0.010011641308665276,0.9972798824310303,0.015823516994714737,0.04065226763486862,-0.05002539977431297,0.0009287803400142771,260.27328575861,0.0
1.769,49.824822701597526,-0.10392920721870563,0.6700317239055048,68,0.0008284967625513673,0.012416154146194458,0.9964114427566528,0.013722703792154789,-0.04029679298400879,-0.045752815902233124,0.00084047166752093,260.27328575861,0.0
1.82,49.824498406052385,-0.1368143724978812,0.6582167680404412,68,0.0024010692723095417,0.009289185516536236,0.9997145533561707,0.15905353426933289,0.1286630779504776,0.0222325399518013,0.0007186595581519303,233.97880174048868,0.0
1.87,49.82181554858701,-0.1247798011190653,0.6881497946232977,68,-9.089786180993542e-05,0.011004483327269554,0.9989470839500427,-0.17005982995033264,0.038359131664037704,-0.06746309250593185,0.0006089097715948923,233.97880174048868,0.0
1.92,49.82256859232445,-0.1035888357794108,0.6784633309228041,68,0.0033408214803785086,0.010525709018111229,0.9982241988182068,-0.14837045967578888,0.030004329979419708,0.20489823818206787,0.000541179599760508,233.97880174048868,0.0
1.971,49.819727127984514,-0.1018611677715514,0.6516399548168045,68,0.0010508265113458037,0.009206638671457767,0.9975332021713257,-0.12123633921146393,-0.22057461738586426,0.09005486965179443,0.0004813070793290827,233.97880174048868,0.0
2.021,49.819458690491395,-0.1209047488988798,0.6484521061349273,68,0.0022276542149484158,0.010643800720572472,1.0004103183746338,-0.16669848561286926,-0.12820139527320862,-0.015268083661794662,0.0004042481344694646,233.97880174048868,0.0
2.072,49.82030654097685,-0.14475473592165206,0.669345680484906,68,0.002254998544231057,0.012302452698349953,0.9982984066009521,-0.22514672577381134,-0.06273108720779419,-0.010749773122370243,0.00033865820142623245,233.97880174048868,0.0
2.122,49.82270017372872,-0.12044249848823071,0.6667564573531678,68,0.002922788728028536,0.012089724652469158,0.9981427192687988,-0.009113872423768044,0.14848530292510986,0.11507941782474518,0.00030044385784264784,233.97880174048868,0.0
2.173,49.822465220339204,-0.11472226616405572,0.6916980740204934,68,0.0022026002407073975,0.013528103940188885,0.9975758194923401,-0.3499200642108917,0.03193476051092148,-0.042486678808927536,0.00025188044965214365,233.97880174048868,0.0
2.223,49.82541682659246,-0.15096978670016548,0.687194808075103,68,0.004176161717623472,0.012323334813117981,0.9981025457382202,-0.09989102184772491,0.04912015423178673,-0.07483462989330292,0.0002234230571587047,233.97880174048868,0.0
2.273,49.826591249415785,-0.16063874874155967,0.6804947371130526,68,0.003394154366105795,0.011699110269546509,0.9996479749679565,0.04683863744139671,0.06379938125610352,-0.017510652542114258,0.00019913799400144425,233.97880174048868,0.0
2.324,49.82623583134703,-0.15675578251828942,0.5855576156186107,68,0.0021726477425545454,0.007467736955732107,0.9993347525596619,-0.40012508630752563,-0.051045022904872894,-0.023098856210708618,0.0001686691790919279,286.08580587954435,0.0
2.374,49.82567907211952,-0.14547524022788663,0.6308138702353447,68,0.0009595361188985407,0.012753968127071857,0.9982374310493469,0.16702961921691895,-0.12944631278514862,-0.023787736892700195,0.00045228776827072915,286.08580587954435,0.0
2.425,49.82314846990093,-0.14370188852419524,0.6859616271960866,68,0.0019428953528404236,0.013573851436376572,0.9986889362335205,0.025163287296891212,-0.005225019995123148,-0.03289588540792465,0.0006499973946770599,286.08580587954435,0.0
2.475,49.8247879060193,-0.1468195473601266,0.6762832300151869,68,0.0026308451779186726,0.010658130049705505,0.9952559471130371,-0.010394834913313389,-0.11222921311855316,0.08073760569095612,0.0005387625360053331,286.08580587954435,0.0
2.526,49.822782380826304,-0.12719339976705207,0.70170632260366,68,0.00047384502249769866,0.01343237143009901,0.9993442296981812,0.004785544238984585,0.013689222745597363,-0.2393166571855545,0.00047694369552488613,286.08580587954435,0.0
2.578,49.8222600042532,-0.16685453380303014,0.718105849765308,68,0.0031218822114169598,0.013918362557888031,0.998327374458313,-0.16287840902805328,-0.056170474737882614,-0.028129054233431816,0.0003999950927555496,286.08580587954435,0.0
2.629,49.82129139419099,-0.15344110987470946,0.7261819693575304,68,0.003643365576863289,0.014078259468078613,0.9991757869720459,-0.1987723857164383,-0.13899320363998413,-0.023494727909564972,0.00035572647897013645,286.08580587954435,0.0
2.679,49.819155333667304,-0.17213077149545025,0.6980891970975514,68,0.0029889645520597696,0.008824022486805916,0.9968205094337463,0.08003199845552444,0.10052970051765442,-0.08378961682319641,0.0002992813544497198,286.08580587954435,0.0
2.73,49.81619255065169,-0.14867271205891866,0.6321594507340004,68,0.0012143345084041357,0.008697764948010445,0.9943099021911621,-0.5923786163330078,-0.1617923229932785,-0.19807854294776917,0.0002535615223763773,286.08580587954435,0.0
2.781,49.81466588189149,-0.1556580925933752,0.6199953166333151,68,0.002741257892921567,0.010788779705762863,0.997925341129303,-0.1294233351945877,0.2723611891269684,-0.16447806358337402,0.00022645323257265503,286.08580587954435,0.0
2.831,49.813146355554025,-0.1349902090437912,0.6454471537883801,68,0.001011733547784388,0.012356951832771301,0.9972665905952454,-0.13393285870552063,-0.06088585406541824,-0.15097130835056305,0.0002020566268089797,286.08580587954435,0.0
2.882,49.81298227012679,-0.12509290930791947,0.6474769715518465,68,0.0035921609960496426,0.012431114912033081,0.9982056021690369,-0.11051584035158157,-0.1494409292936325,0.09516499191522598,0.00016817248680966586,285.6377008989376,0.0
2.932,49.81404047272505,-0.13019876079821252,0.6829144151099243,68,0.0027630848344415426,0.01337531115859747,0.9978266358375549,0.1061798706650734,-0.046924442052841187,0.22715286910533905,0.00014191353776169403,285.6377008989376,0.0
2.983,49.81062651665312,-0.12015366292085095,0.7033151072815805,68,0.002430686727166176,0.012561247684061527,0.9974126815795898,0.09837363660335541,-0.09833576530218124,0.08442960679531097,0.0001274484476295657,285.6377008989376,0.0
3.033,49.809191440706925,-0.1431764754098001,0.6969620236116482,68,0.0036580273881554604,0.011766504496335983,0.9996443390846252,-0.10444670915603638,-0.12277054786682129,-0.12330908328294754,0.00010843514491009959,285.6377008989376,0.0
3.083,49.806556399132525,-0.12555717552105305,0.7072695539645364,68,0.0005394686595536768,0.011070052161812782,0.997973620891571,-0.022111117839813232,-0.056780338287353516,-0.014087463729083538,9.77017869284166e-05,285.6377008989376,0.0
3.134,49.806726903298994,-0.11115308584118788,0.6833002549001369,68,0.0029559750109910965,0.011944914236664772,0.9988741874694824,-0.16831135749816895,-0.0568273700773716,0.04827012121677399,8.378629027189746e-05,285.6377008989376,0.0
3.184,49.80421824521105,-0.11268464997916232,0.6771048143941754,68,0.0013994364999234676,0.011447441764175892,1.0004661083221436,-0.13002073764801025,0.14424890279769897,-0.13646627962589264,7.499491115392516e-05,285.6377008989376,0.0
3.235,49.80632506582772,-0.11583217886197271,0.687276255455829,68,0.0029067343566566706,0.012013735249638557,0.9965882897377014,-0.03575800731778145,-0.172074556350708,0.14687325060367584,6.389692441990343e-05,285.6377008989376,0.0
3.285,49.80540280740463,-0.1610179953997267,0.6890148977327576,68,0.002531596692278981,0.013354429975152016,0.9973986744880676,-0.373132586479187,-0.22392436861991882,-0.2738560140132904,5.718103725455644e-05,285.6377008989376,0.0
3.335,49.801672030098885,-0.1796881141461613,0.7042968401407063,68,0.0018490434158593416,0.011715431697666645,0.9987285733222961,0.011749339289963245,-0.17791752517223358,-0.1209646686911583,4.8421318735821065e-05,285.6377008989376,0.0
3.385,49.80259300312471,-0.1790816170716301,0.6642108159873542,68,0.002582657616585493,0.011026374995708466,0.9989569187164307,0.026007939130067825,-0.0314379520714283,0.0007369430968537927,4.305109925051947e-05,285.6377008989376,0.0
3.436,49.80361865136179,-0.1611260358414903,0.6876180172728135,68,0.002703946316614747,0.01255542691797018,1.0008184909820557,-0.08792450278997421,0.09372973442077637,0.03661615774035454,3.631048688511756e-05,285.5793558929666,0.0
3.486,49.80471901603384,-0.15257458714401093,0.6602312708599154,68,0.0028465609066188335,0.00911757256835699,0.9962620735168457,0.14047871530056,0.042828548699617386,0.06114748865365982,3.239738933714965e-05,285.5793558929666,0.0
3.536,49.80263216590142,-0.14285835234483715,0.6526989259279345,68,0.002866145223379135,0.010571039281785488,0.9998975992202759,-0.3089483976364136,0.2578633725643158,-0.20415090024471283,3.131027511915355e-05,285.5793558929666,0.0
3.587,49.80279992189163,-0.12716175419382245,0.6401270389752216,68,0.0013812738470733166,0.011599384248256683,0.9971131682395935,-0.28351691365242004,-0.005971667822450399,0.14639630913734436,2.8011072107805e-05,285.5793558929666,0.0
3.637,49.80510032883247,-0.08317255509495279,0.6693261569741832,68,0.001149523537606001,0.011505108326673508,0.9982393383979797,-0.20298664271831512,-0.11258498579263687,-0.08030903339385986,0.00019507635819926512,285.5793558929666,0.0
3.687,49.80771982985853,-0.048196300795435354,0.698969161094618,68,0.0009362722048535943,0.014228717423975468,0.9986377954483032,0.14427708089351654,-0.25940218567848206,0.06917650997638702,0.0004888096929815297,285.5793558929666,0.0
3.738,49.80724388378225,-0.0901134464489097,0.6815813677288083,68,0.0023868735879659653,0.010643020272254944,1.0009392499923706,-0.13262344896793365,-0.03262529522180557,-0.12364745140075684,0.0007223390590715628,285.5793558929666,0.0
3.788,49.80683871107558,-0.10162365237371455,0.6747597723219189,68,0.0017360392957925797,0.01121611800044775,0.9989869594573975,-0.2852216958999634,-0.13473954796791077,-0.1273145228624344,0.0014137735387433504,285.5793558929666,0.0
3.842,49.808440097641956,-0.11082671397543575,0.6765034773442734,68,0.002310526790097356,0.010561492294073105,1.0001685619354248,-0.21397511661052704,0.016427110880613327,0.07638244330883026,0.0022557661921581425,285.5793558929666,0.0
3.892,49.80966843926585,-0.13260479983407641,0.6596153317446164,68,0.0026062761899083853,0.009968802332878113,0.9999575018882751,-0.35050708055496216,0.11437462270259857,0.0927392765879631,0.002497291490783145,285.5793558929666,0.0
3.943,49.81003740689083,-0.10990272578855619,0.6771035389496743,68,0.0008056713850237429,0.012921988032758236,0.9972624182701111,0.14387796819210052,-0.02878229133784771,0.10254024714231491,0.0025684129450238504,285.5793558929666,0.0
3.993,49.81069220729846,-0.10295205343750488,0.7223277952739398,68,0.002146515529602766,0.012429941445589066,0.995050311088562,-0.20892785489559174,0.041222382336854935,-0.1453178972005844,0.002759984959131601,296.7737918347131,0.0
4.043,49.811740722124455,-0.12650537592010697,0.7147177156194996,68,0.002785474294796586,0.010527456179261208,0.9991791248321533,-0.06789637356996536,-0.056057531386613846,-0.06673072278499603,0.002700153912887778,296.7737918347131,0.0
4.094,49.80841194919407,-0.10787903372673428,0.6783465408378184,68,0.001568303443491459,0.010347255505621433,0.9991626739501953,-0.2832738757133484,-0.28742289543151855,0.062305696308612823,0.0028209254138283953,296.7737918347131,0.0
4.144,49.80685759237273,-0.1322230539201868,0.6817873163091142,68,0.0013322517042979598,0.012160317972302437,0.9979040026664734,0.020980199798941612,0.04025276005268097,-0.008259565569460392,0.0030357929927365508,296.7737918347131,0.0
4.195,49.807088033068595,-0.13594001441937834,0.6937776060000804,68,0.0017263881163671613,0.013871479779481888,0.9977515935897827,0.0026076496578752995,-0.019256966188549995,0.04330068454146385,0.002986461660881205,296.7737918347131,0.0
4.245,49.80412147807117,-0.13515301266561436,0.6993562002648274,68,0.00293147680349648,0.011422705836594105,1.0015239715576172,-0.35699665546417236,0.09601932764053345,-0.28069132566452026,0.0029189360017410917,296.7737918347131,0.0
4.296,49.80698443602376,-0.1259510054862946,0.6748223567071585,68,-0.00024340667005162686,0.01094527542591095,0.9961906671524048,-0.07581140100955963,0.038647983223199844,0.1463516354560852,0.0036785191838073755,296.7737918347131,0.0
4.346,49.804051450731784,-0.08383188245100555,0.7026391116713858,68,0.0009231716394424438,0.013629072345793247,0.9979596138000488,-0.19782422482967377,0.025588946416974068,0.11745147407054901,0.004154416425281677,296.7737918347131,0.0
4.397,49.804338662387295,-0.09281558660061627,0.7128373352507955,68,0.0010292499791830778,0.0121434535831213,0.9946410059928894,-0.18759550154209137,-0.06844916194677353,-0.0846216231584549,0.005192497949680518,296.7737918347131,0.0
4.447,49.80402695143259,-0.11085086479508913,0.710750741440172,68,0.0016853553242981434,0.012134144082665443,0.9982249140739441,-0.08476978540420532,-0.011798720806837082,-0.09940711408853531,0.005795820497502456,296.7737918347131,0.0
4.497,49.802707681151375,-0.11723417354121408,0.6621385634712765,68,0.0033171616960316896,0.010490816086530685,0.9991915225982666,-0.014215940609574318,0.09733548760414124,-0.1771848499774933,0.006246465861902325,296.7737918347131,0.0
4.548,49.80349340183579,-0.1433577357370904,0.6586115706878367,68,0.0028274243231862783,0.01053578034043312,0.9968767762184143,-0.18464963138103485,-0.19959475100040436,0.020913494750857353,0.006691508258373052,285.0553214625527,0.0
4.598,49.80198223765751,-0.17518169226080615,0.6715653880666792,68,0.002747785532847047,0.011763130314648151,0.997573971748352,-0.1514291912317276,-0.07536330819129944,-0.27044951915740967,0.006774944061668746,285.0553214625527,0.0
4.648,49.80117401309285,-0.14217590756543,0.6677524026661645,68,0.002759213326498866,0.011767503805458546,0.9993582367897034,0.040853049606084824,-0.12290007621049881,-0.004736622329801321,0.006515890558470385,285.0553214625527,0.0
4.699,49.80349692458688,-0.14559636520733718,0.7287042843697514,68,0.0024941861629486084,0.01254830788820982,0.9975365996360779,-0.0737343430519104,0.05119667202234268,0.02739509381353855,0.005916747353070226,285.0553214625527,0.0
4.749,49.80581737973832,-0.1403983748807844,0.6866940930916995,68,0.00323491427116096,0.009934199042618275,0.9952764511108398,0.06965532898902893,-0.05279899761080742,0.14836391806602478,0.005002861394749477,285.0553214625527,0.0
4.799,49.803630192579384,-0.11664645666671374,0.6771462787268026,68,0.00021387264132499695,0.011450175195932388,0.9996933937072754,-0.12505097687244415,0.366777241230011,-0.08046230673789978,0.004417003394747877,285.0553214625527,0.0
4.849,49.80431201481333,-0.11519911007401795,0.6642033765918623,68,0.0014243777841329575,0.011026542633771896,0.9964963793754578,-0.16873079538345337,0.0492471307516098,0.03388576954603195,0.004039901192892533,285.0553214625527,0.0
4.9,49.80133261779554,-0.08918739735519815,0.66543461789062,68,0.0004914977471344173,0.010998263955116272,0.9975060224533081,-0.38272610306739807,-0.10335328429937363,-0.09078988432884216,0.003924733047270035,285.0553214625527,0.0
4.951,49.80113144001012,-0.09743779539332215,0.6748631097407861,68,0.0024126763455569744,0.010835249908268452,0.9997001886367798,-0.058143746107816696,0.20490559935569763,0.04015249386429787,0.003629839261513908,285.0553214625527,0.0
5.001,49.801910175256864,-0.1238896430193508,0.6892204046463953,68,0.002816271735355258,0.013594263233244419,0.995236337184906,-0.21112702786922455,-0.06541813910007477,0.0058989208191633224,0.003273443617330764,285.0553214625527,0.0
5.051,49.80117798495747,-0.1167212585640585,0.686512106567183,68,0.002142102224752307,0.010819812305271626,0.9985412359237671,-0.058731257915496826,0.03111112304031849,-0.0894116535782814,0.002726831226117543,285.0553214625527,0.0
5.102,49.80175132173196,-0.10921209284635591,0.6784197665431192,68,0.0019035283476114273,0.011157878674566746,0.9995694756507874,0.0369144044816494,-0.19284281134605408,0.0028414237312972546,0.002426656495202229,288.07032967032967,0.0
5.152,49.80476847166617,-0.12195311392441613,0.6816174142311737,68,0.0021887312177568674,0.013348465785384178,0.9978901147842407,-0.24468494951725006,-0.032376766204833984,0.012105807662010193,0.0020336269164086002,288.07032967032967,0.0
5.203,49.805707143198546,-0.1214429444628687,0.6996084155601693,68,0.0021525018382817507,0.01269854698330164,0.9975467324256897,-0.025026099756360054,0.03726404905319214,-0.0972113087773323,0.0018292488390669202,288.07032967032967,0.0
5.253,49.806454671679546,-0.09532215997825254,0.6955437971583341,68,-0.0003271079040132463,0.011260587722063065,0.9981616735458374,-0.33155861496925354,0.004171482287347317,0.11016673594713211,0.0017000762433780898,288.07032967032967,0.0
5.304,49.80895545070518,-0.09955848272457352,0.6968680599377058,68,-0.00019668901222757995,0.011238844133913517,0.996178388595581,0.05088893324136734,0.05864763259887695,0.03841942921280861,0.0015184023653228194,288.07032967032967,0.0
5.354,49.80772728493958,-0.12826385871509846,0.6651067726260771,68,0.0028395382687449455,0.011716119945049286,0.999477207660675,-0.04635763168334961,-0.1877591609954834,-0.03492015227675438,0.0012782940355130638,288.07032967032967,0.0
5.404,49.806701067204806,-0.09849009861757395,0.6589210599713544,68,0.0010616453364491463,0.008775959722697735,1.0008355379104614,-0.18864233791828156,0.04131129011511803,0.11208327859640121,0.0011419882426981299,288.07032967032967,0.0
5.456,49.80905850550128,-0.11727114598694527,0.6222490559503854,68,0.0018697499763220549,0.00909007340669632,0.9980787038803101,-0.09752553701400757,-0.3072303831577301,-0.038487162441015244,0.0009685510696367215,288.07032967032967,0.0
5.507,49.80905341833596,-0.1265904366809623,0.6221402413087658,68,0.0024749436415731907,0.010345588438212872,0.9965910315513611,-0.10386726260185242,0.05585576593875885,0.009270990267395973,0.0008291271262133146,288.07032967032967,0.0
5.557,49.80875765674602,-0.10668400214661945,0.6530928918127262,68,0.0016976238694041967,0.01112128235399723,0.9970331192016602,0.018305279314517975,-0.04466308280825615,-0.1433320939540863,0.0007469318055788848,288.07032967032967,0.0
5.607,49.80789062921477,-0.10208643618976454,0.6639657322850979,68,0.0007991207530722022,0.011779854074120522,0.9967874884605408,-0.015060543082654476,-0.03156353533267975,-0.04675037041306496,0.0006334191625711066,281.9700168067227,0.0
5.658,49.8066653325623,-0.08402199101031306,0.6867579044542385,68,0.002625663997605443,0.01151565182954073,0.9970500469207764,-0.08989071100950241,0.1526494324207306,-0.1248369887471199,0.0005658859142439995,281.9700168067227,0.0
5.709,49.80640100468904,-0.0973265417274407,0.6636190316511223,68,0.0015073110116645694,0.009954866021871567,0.9978266954421997,-0.07844424247741699,0.06905661523342133,-0.06403394788503647,0.0005058702828998492,281.9700168067227,0.0
5.759,49.80518805000385,-0.116162208984381,0.6804639639030283,68,0.0021949263755232096,0.012203101068735123,1.0002391338348389,-0.12153294682502747,-0.05714530497789383,-0.06607614457607269,0.00042269367127576677,281.9700168067227,0.0
5.809,49.80521633229917,-0.1206205504622051,0.6478998793602407,68,0.002204733667895198,0.00988358911126852,0.9966703057289124,0.017342282459139824,-0.21883875131607056,-0.06887923926115036,0.0003525048646345682,281.9700168067227,0.0
5.86,49.80527355172949,-0.1054496735751534,0.6988576683985956,68,0.0010579272639006376,0.012734209187328815,0.9992688894271851,0.07887638360261917,-0.030326781794428825,0.025137871503829956,0.000309584478321295,281.9700168067227,0.0
5.91,49.80550501421531,-0.092727585686462,0.6784439746256029,68,0.0013964923564344645,0.011832888238132,0.9983943700790405,-0.20167513191699982,-0.10666371136903763,0.0342261865735054,0.0002569617370291111,281.9700168067227,0.0
5.96,49.80558328237704,-0.11552089998473425,0.6679829584216237,68,0.0027536414563655853,0.01174459420144558,0.998161792755127,-0.047680046409368515,-0.1343894749879837,-0.07871382683515549,0.00022646531989749602,281.9700168067227,0.0
6.011,49.80555232047503,-0.11294990348709671,0.6395606582367824,68,0.003435409627854824,0.010144490748643875,0.9971331357955933,-0.11950883269309998,0.0418088361620903,-0.11641490459442139,0.00018784762362216413,281.9700168067227,0.0
6.061,49.80421045052928,-0.13342515302822347,0.6608031110177639,68,0.001420157146640122,0.012052995152771473,0.9963590502738953,-0.05415220186114311,-0.08229601383209229,-0.07935330271720886,0.00016495240133160478,281.9700168067227,0.0
6.111,49.803749835265506,-0.15071026196112358,0.6797549891634999,68,0.0025303575675934553,0.01363727729767561,0.9988287687301636,-0.1201675683259964,-0.03251136094331741,-0.09760596603155136,0.00021178726959756978,281.9700168067227,0.0
6.162,49.80091580024987,-0.12341920919054065,0.6861753581135547,68,0.0019027935341000557,0.010708305053412914,0.9969563484191895,-0.2106422483921051,0.034771233797073364,-0.20727066695690155,0.00022900842509216131,193.75913521504134,0.0
6.212,49.802121526282036,-0.12058259038241988,0.6976009096119069,68,0.0013365166960284114,0.011549524962902069,0.9997766017913818,-0.29304611682891846,0.030804656445980072,0.16963256895542145,0.00019006988049112547,193.75913521504134,0.0
6.262,49.80463716028232,-0.12416966205811193,0.6640343077123148,68,0.002937577199190855,0.010942316614091396,0.9977852702140808,-0.2838434875011444,-0.06769368797540665,0.013028761371970177,0.00018511560403895708,193.75913521504134,0.0
6.313,49.80282654214543,-0.09889299659188139,0.6616986519477842,68,0.00012412713840603828,0.01025180984288454,0.9982859492301941,-0.053621478378772736,0.021900059655308723,0.06269564479589462,0.0006137322000619876,193.75913521504134,0.0
6.363,49.80028917832328,-0.11251094647823748,0.6975636569288036,68,0.003000919707119465,0.012786380015313625,0.9959920048713684,-0.21691200137138367,-0.02056449092924595,-0.10914798080921173,0.0006403520339547321,193.75913521504134,0.0
6.413,49.80038962597999,-0.12786245838932964,0.717652395888002,68,0.003763935063034296,0.012194991111755371,0.9977549910545349,0.013323290273547173,-0.047309551388025284,-0.1352844089269638,0.0005283357751770628,193.75913521504134,0.0
6.464,49.80050199925802,-0.12534072982089173,0.7063439013635956,68,0.00336599163711071,0.01134893111884594,0.9989155530929565,0.07475023716688156,-0.10020149499177933,0.21848246455192566,0.0005524385124790223,193.75913521504134,0.0
6.514,49.79973633563202,-0.1404497546644126,0.696485203390912,68,0.0028222247492522,0.012094305828213692,0.9992616772651672,-0.24453550577163696,-0.16676466166973114,-0.05343968793749809,0.00047868969583089515,193.75913521504134,0.0
6.564,49.79824251330245,-0.14010985471201112,0.7022082620799504,68,0.0003474156837910414,0.012247661128640175,0.9969490170478821,-0.2159576565027237,0.03023466467857361,-0.05574214085936546,0.00042210484167736834,193.75913521504134,0.0
6.615,49.79908945626011,-0.1316079300465091,0.714288157124723,68,0.0017968130996450782,0.013192699290812016,0.9989848732948303,-0.24624969065189362,-0.2928766906261444,0.04881593585014343,0.0007878686567903353,193.75913521504134,0.0
6.665,49.79797357110803,-0.11727924461925315,0.7211713589436419,68,0.0016175754135474563,0.015434803441166878,0.9967369437217712,-0.020267851650714874,-0.1623234897851944,-0.17643442749977112,0.0008054680515326113,193.75913521504134,0.0
6.716,49.79802986151448,-0.11829032829647666,0.7317647823025801,68,0.0020276689901947975,0.011778159067034721,0.9982593059539795,-0.230911523103714,-0.08126005530357361,-0.0012228301493451,0.0007140704239471335,284.61043631675375,0.0
6.767,49.796799989761716,-0.08305853912434745,0.6958590703592884,68,-0.0004961130325682461,0.010333468206226826,0.9969708323478699,0.032465048134326935,-0.1671402007341385,-0.17262044548988342,0.0005970887835206431,284.61043631675375,0.0
6.817,49.79727055696363,-0.1071162660974437,0.656629331417139,68,0.0015180576592683792,0.011057493276894093,0.9963980317115784,0.008884790353477001,-0.08354505151510239,-0.09856884181499481,0.0005270590645092316,284.61043631675375,0.0
6.867,49.79708307629628,-0.10519009396738976,0.6679996055786445,68,0.0020836321637034416,0.01310292724519968,0.9976305961608887,-0.04519772529602051,0.0408976674079895,-0.10127805918455124,0.0004318641224977641,284.61043631675375,0.0
6.918,49.79699085666686,-0.10341186616377203,0.674336238190224,68,0.0008115930831991136,0.01177283190190792,0.9978253245353699,-0.2457500696182251,-0.016141626983880997,0.04172264784574509,0.00037987190992684584,284.61043631675375,0.0
6.968,49.79429747115599,-0.09890116746716401,0.6878063877910688,68,0.0032613466028124094,0.012899313122034073,0.996288001537323,-0.11148601770401001,-0.08485864847898483,-0.038729600608348846,0.0003356752281397313,284.61043631675375,0.0
7.019,49.79199018104432,-0.14870463651862662,0.6927791049029998,68,0.003324368502944708,0.010863772593438625,0.9979195594787598,-0.2843157947063446,-0.02739442139863968,-0.1669653058052063,0.0004908761855129638,284.61043631675375,0.0
7.07,49.79254795294783,-0.13845074536790652,0.7079399005920545,68,0.00044697325211018324,0.012448337860405445,0.9985488653182983,-0.08155539631843567,-0.12730944156646729,0.12112577259540558,0.0013374236669754058,284.61043631675375,0.0
7.12,49.79385249716005,-0.12561079956197801,0.6904663915208975,68,0.000298379804007709,0.011897268705070019,0.9972923994064331,-0.060015659779310226,-0.04618855193257332,0.09025855362415314,0.0020982676051657877,284.61043631675375,0.0
7.17,49.79475952458056,-0.11273926626052574,0.6955669864443281,68,0.002242281334474683,0.013855000026524067,0.9985455274581909,-0.06208604946732521,-0.07743574678897858,0.038133978843688965,0.0029143665099809974,284.61043631675375,0.0
7.221,49.79425038650709,-0.12051170809843123,0.6594830103511831,68,0.0032349671237170696,0.011682212352752686,0.9983951449394226,-0.14303413033485413,-0.030812369659543037,-0.10280710458755493,0.003017402858612412,284.61043631675375,0.0
7.271,49.79087183498524,-0.11405727523031411,0.6957131440097055,68,0.0015282364329323173,0.01362854428589344,0.9973390102386475,-0.40376320481300354,-0.11738206446170807,-0.06507758051156998,0.0029488366755296373,285.26858464258993,0.0
7.321,49.78823937473812,-0.1510622351742673,0.6715818091162252,68,0.0019449185347184539,0.01083545945584774,0.9993526935577393,-0.38768842816352844,-0.1504059135913849,-0.11400775611400604,0.003025581108384104,285.26858464258993,0.0
7.372,49.78626306761473,-0.12734845167025588,0.6839478730143543,68,0.0023725517094135284,0.011164776049554348,0.9986957311630249,-0.10114658623933792,-0.044733669608831406,-0.0948752611875534,0.0028507845308204834,285.26858464258993,0.0
7.422,49.78442943311075,-0.10655838224733498,0.7115767128964607,68,0.0019862260669469833,0.013596647419035435,0.9967360496520996,0.01354281883686781,-0.24079464375972748,0.00594870001077652,0.002524580066955905,285.26858464258993,0.0
7.473,49.78324829604537,-0.11004972083505146,0.6401365516355018,68,0.001636837376281619,0.00934064295142889,1.0003308057785034,0.08349945396184921,-0.13134033977985382,0.20071734488010406,0.0021132633747964727,285.26858464258993,0.0
7.523,49.78346611675701,-0.09538294814055277,0.6562925524973737,68,0.0023309069219976664,0.013178962282836437,0.9965178966522217,-0.036356765776872635,0.125193253159523,-0.04861893504858017,0.0018823567502477833,285.26858464258993,0.0
7.574,49.780901184442286,-0.1325358643079143,0.6565458797700412,68,0.002095724456012249,0.011572225950658321,1.0006967782974243,-0.20231083035469055,-0.015849243849515915,-0.03989773988723755,0.0015843320142539933,285.26858464258993,0.0
7.624,49.77872466263434,-0.16055694307351354,0.6675523500486413,68,0.00261487765237689,0.010443420149385929,0.9962168335914612,0.007845821790397167,-0.1298774927854538,-0.03659101203083992,0.001331344789672475,285.26858464258993,0.0
7.675,49.779808965200154,-0.1385625058428817,0.7044211577836373,68,0.0003136871673632413,0.012198122218251228,0.9998548626899719,-0.1505085527896881,-0.024430977180600166,0.13542824983596802,0.0011811219778039854,285.26858464258993,0.0
7.725,49.779285206541985,-0.12979671344930888,0.697085322228594,68,0.001715890015475452,0.01093287207186222,1.0009170770645142,0.11853550374507904,-0.04714649170637131,0.07591038942337036,0.0010477328459500702,285.26858464258993,0.0
7.776,49.779957344380115,-0.15290023268335662,0.6713619713786414,68,0.0013032880378887057,0.011684902012348175,0.9948675036430359,-0.11425363272428513,-0.2820710837841034,-0.03335196524858475,0.0008764048054402309,285.26858464258993,0.0
7.829,49.77916965593326,-0.12045166210571809,0.6591641417120276,68,0.00212356960400939,0.012001944705843925,0.9993950128555298,-0.01653122529387474,-0.27310866117477417,-0.03847581520676613,0.0007360897424885042,294.9788311414305,0.0
7.88,49.779369612473616,-0.1084169875393641,0.6302837354484425,68,5.728461474063806e-05,0.009677027352154255,0.9993115663528442,-0.3332272469997406,-0.13946519792079926,-0.11114268749952316,0.0006557128620644072,294.9788311414305,0.0
7.93,49.778014369130474,-0.13865608058909656,0.6426737562157164,68,0.0013468093238770962,0.012445666827261448,0.9979049563407898,-0.3296361267566681,-0.02540598064661026,-0.20987367630004883,0.0005962930713149253,294.9788311414305,0.0
7.98,49.7777580784159,-0.11750769289595055,0.6837493698279796,68,8.644519402878359e-05,0.014708764851093292,0.997242271900177,-0.11842067539691925,0.02176247537136078,-0.16971668601036072,0.0005309131084395706,294.9788311414305,0.0
8.03,49.77527147113407,-0.10422934487606242,0.6875024428830143,68,0.002112136920914054,0.012051856145262718,0.996855616569519,-0.19338718056678772,0.1169576346874237,-0.0011565678287297487,0.0004462773120470599,294.9788311414305,0.0
8.081,49.77558754234494,-0.12449868173467675,0.6837399513987865,68,0.002090143272653222,0.012801515869796276,0.9977766871452332,-0.1401333063840866,-0.012647873722016811,0.18687108159065247,0.0003979855903564577,294.9788311414305,0.0
8.132,49.77649383091392,-0.10985295423702467,0.6963767930979169,68,0.0002513097133487463,0.014798569492995739,0.9983223080635071,-0.20099571347236633,-0.13555248081684113,-0.1296030431985855,0.00033367007665255724,294.9788311414305,0.0
8.182,49.773582320451176,-0.10594360127194943,0.7186412832478676,68,0.0028741774149239063,0.012142747640609741,0.9967926144599915,-0.374314546585083,-0.007637684233486652,-0.03648194298148155,0.00029543817984757176,294.9788311414305,0.0
8.232,49.77251664412308,-0.13403675147327704,0.7095735376492879,68,0.0015389169566333294,0.012186744250357151,0.998483419418335,0.030101917684078217,0.015305574052035809,0.12172102183103561,0.00024684329302823016,294.9788311414305,0.0
8.282,49.77407371603393,-0.1245437775510838,0.686710650153778,68,0.0016272268258035183,0.01084528211504221,0.9971676468849182,-0.11384071409702301,0.05662083625793457,-0.05768263712525368,0.00021944765559744347,294.9788311414305,0.0
8.334,49.77670324012751,-0.11813748241622904,0.6646692721043878,68,0.0009737414075061679,0.009977897629141808,0.9993438124656677,-0.2174035906791687,-0.14087289571762085,0.08208800107240677,0.00018446991320854303,294.9788311414305,0.0
8.384,49.77828911811833,-0.12255715680863731,0.7080400924215265,68,0.004028314724564552,0.0134029695764184,0.9983642101287842,-0.2651795744895935,-0.08676324784755707,0.23377126455307007,0.00015517795726012446,249.9883180355227,0.0
8.435,49.78131598344641,-0.10799364591049473,0.7045458654986329,68,0.0008129646303132176,0.012553573586046696,0.9972614645957947,-0.26007330417633057,0.1136278584599495,-0.006836429238319397,0.0006370896718543419,249.9883180355227,0.0
8.485,49.7803412774493,-0.07850785416432245,0.6661157845993425,68,-0.012870651669800282,0.005546114407479763,0.995118260383606,-0.12907034158706665,-0.05459493398666382,-0.011286930181086063,0.0014358342092033103,249.9883180355227,0.0
8.536,49.781931890340516,-0.15051089260953182,0.6723195337904398,68,0.0005550192436203361,0.008111645467579365,0.9982666373252869,-0.2642103135585785,0.2276596575975418,0.03977920487523079,0.0018620791588991896,249.9883180355227,0.0
8.586,49.784159228119016,-0.08304762338980391,0.6565635144507221,68,-0.0010707549517974257,0.0109461834654212,0.9998347759246826,0.06392884254455566,-0.03245449438691139,0.11185664683580399,0.0023674880725742154,249.9883180355227,0.0
8.637,49.78345348198162,-0.08319655524098535,0.652024238854294,68,0.0015452220104634762,0.0123942531645298,0.9974736571311951,-0.03079932928085327,-0.13202431797981262,-0.1394992619752884,0.0027251320256937075,249.9883180355227,0.0
8.687,49.784683382216166,-0.09010823058434263,0.696715441016786,68,0.0006195840542204678,0.013283479027450085,1.0011372566223145,-0.0725601464509964,-0.2937789559364319,-0.016968561336398125,0.0022681547154052603,249.9883180355227,0.0
8.738,49.780660463304145,-0.1002822396224577,0.6649593062510502,68,0.0016155989142134786,0.011602170765399933,0.9999619722366333,-0.40294262766838074,-0.21945390105247498,-0.06026891991496086,0.0020092247811097004,249.9883180355227,0.0
8.788,49.785558474771356,-0.1363819168314448,0.6781413914125679,68,0.0021452822256833315,0.012016965076327324,0.9987356662750244,-0.35668545961380005,-0.013109227642416954,0.12291719019412994,0.0016848981939300745,249.9883180355227,0.0
8.84,49.78677743142222,-0.14596109949012417,0.7257782665648266,68,0.0028396400157362223,0.012406004592776299,0.9972710609436035,-0.14207355678081512,-0.18165701627731323,0.1036996990442276,0.0014946039862493686,249.9883180355227,0.0
8.891,49.782477025497435,-0.08299958688094561,0.7208157294793847,68,-0.0019378969445824623,0.012383059598505497,0.9981389045715332,-0.03824850171804428,0.002067307475954294,-0.15575675666332245,0.0012565555632301003,284.80369389556597,0.0
8.942,49.78406989676715,-0.08894191929446076,0.722598554318867,68,0.0008797544287517667,0.012881002388894558,0.9972230195999146,0.001274910639040172,-0.08399337530136108,0.1010788232088089,0.0011183305645260872,284.80369389556597,0.0
8.992,49.783013369122244,-0.12084644544154738,0.6980464466982803,68,0.003503539366647601,0.01139284111559391,0.9998217225074768,0.036755114793777466,0.052857883274555206,0.11132651567459106,0.0009484639838655175,284.80369389556597,0.0
9.043,49.780881284255386,-0.11516968717751903,0.6561802966051558,68,-0.00013587901776190847,0.010474094189703465,0.9960744976997375,-0.22124306857585907,0.05056675896048546,-0.18105573952198029,0.0009310267276499139,284.80369389556597,0.0
9.093,49.78230738059855,-0.11695806123074981,0.6649845903254813,68,0.0015894182724878192,0.01271116267889738,0.9991431832313538,-0.1918417364358902,-0.05752716213464737,0.1082603931427002,0.0008906053917207368,284.80369389556597,0.0
9.144,49.78249285718908,-0.16607841171860943,0.6874769849421717,68,0.002727695507928729,0.009608056396245956,0.999091625213623,0.08512811362743378,-0.06192220747470856,-0.18960288166999817,0.0007520061740902306,284.80369389556597,0.0
9.195,49.781348003674935,-0.20274278089530595,0.6952382649022931,68,0.004113015253096819,0.011901604942977428,0.9983024001121521,-0.32361119985580444,-0.20549920201301575,-0.01433886680752039,0.0008743948670946812,284.80369389556597,0.0
9.245,49.78004093506629,-0.1512340881681805,0.6709264620086093,68,0.0028396984562277794,0.011238621547818184,0.9974444508552551,-0.25681236386299133,-0.0686565712094307,0.05599800497293472,0.0010028269632935145,284.80369389556597,0.0
9.295,49.78060653798513,-0.13671900208930823,0.645237044657178,68,0.001169928116723895,0.012320445850491524,0.9961463212966919,-0.06458696722984314,-0.11332575231790543,0.19935892522335052,0.001012677674518238,284.80369389556597,0.0
9.345,49.78123139809167,-0.12835703378849797,0.6582776465507532,68,0.0016604893608018756,0.011895489878952503,0.9992623329162598,-0.20723773539066315,-0.08080115914344788,-0.0435616709291935,0.0016331199371331366,284.80369389556597,0.0
9.396,49.778822652165154,-0.15117161974420862,0.6788106022138879,68,0.0019830549135804176,0.013220266439020634,0.9979767799377441,-0.10876290500164032,-0.08026573807001114,-0.04638341814279556,0.0018097521880961456,284.80369389556597,0.0
9.447,49.77773316218617,-0.15378976013249152,0.6813148822620199,68,0.00325879268348217,0.013285134918987751,0.9955114126205444,-0.12169491499662399,-0.18505142629146576,-0.031179100275039673,0.0017618786342447497,283.8016103931254,0.0
9.497,49.778893969969296,-0.15264579368840706,0.7104197381135685,68,0.002423404948785901,0.012618189677596092,0.9972832202911377,0.15808476507663727,-0.06807264685630798,0.0035945612471550703,0.002042264247960558,283.8016103931254,0.0
9.547,49.77961278619873,-0.12785923706396474,0.6718495925932494,68,0.0018170594703406096,0.010312246158719063,0.9981915950775146,-0.15486274659633636,-0.08947758376598358,0.049181219190359116,0.0019166969029687914,283.8016103931254,0.0
9.598,49.77995419132344,-0.13490893678801577,0.6709249633343614,68,0.0021499553695321083,0.011789030395448208,0.999096691608429,-0.18711569905281067,0.09797894954681396,0.0870015099644661,0.0018750639391404728,283.8016103931254,0.0
9.648,49.78237802701104,-0.09957969854411666,0.6738166047040793,68,-0.0005496502853929996,0.012972179800271988,0.9993322491645813,0.16821157932281494,0.10438989102840424,0.04810537025332451,0.002131082330930531,283.8016103931254,0.0
9.699,49.78275300730626,-0.0692492758110904,0.6530486181104816,68,0.00035813788417726755,0.013102208264172077,0.997930645942688,0.01275611575692892,-0.26221969723701477,0.1388702392578125,0.0027728547221729074,283.8016103931254,0.0
9.749,49.78275898949363,-0.08352499160025133,0.6502822963816289,68,0.0026815140154212713,0.0114787258207798,0.998905599117279,-0.36501115560531616,0.0988331139087677,-0.16783259809017181,0.0036854184650837187,283.8016103931254,0.0
9.799,49.78142211641476,-0.11539897866612997,0.6936866330752914,68,0.0033643872011452913,0.011445002630352974,0.9980052709579468,-0.06984570622444153,-0.1922309398651123,-0.03904014453291893,0.00428139914944164,283.8016103931254,0.0
9.849,49.78401239161414,-0.13839508942470083,0.7026725913600913,68,0.0040346672758460045,0.012149898335337639,0.9990646839141846,-0.08206407725811005,0.01199326477944851,0.045928873121738434,0.004639767406578595,283.8016103931254,0.0
9.9,49.78789829029526,-0.15547772103197674,0.7123542608234342,68,0.0013347117928788066,0.013031017035245895,0.9955883622169495,-0.053403232246637344,-0.10648419708013535,-0.06256607919931412,0.004427122838629319,283.8016103931254,0.0
9.952,49.79089910041341,-0.13355141674516774,0.6651168731437721,68,0.0016568361315876245,0.01126512885093689,0.9966303110122681,-0.11243791878223419,0.007459819316864014,0.14199629426002502,0.0042581086295846666,283.8016103931254,0.0
10.004,49.79020994908457,-0.11544830532064734,0.6655568593584859,68,0.002130890265107155,0.013197137042880058,0.9991587996482849,-0.15205372869968414,-0.12335772067308426,0.1849333792924881,0.003688946588040931,289.98230088495575,0.0
10.055,49.794184135612255,-0.10900895145829362,0.6566304802916993,68,0.0015756931388750672,0.011442598886787891,0.9985127449035645,-0.17804120481014252,-0.187666118144989,0.14450527727603912,0.0033490000404478256,289.98230088495575,0.0
10.105,49.79355463530185,-0.10383689849866751,0.7015135472676838,68,0.00030682567739859223,0.013038831762969494,0.99947589635849,-0.15312272310256958,0.1355655938386917,0.04938456788659096,0.003239445312428147,289.98230088495575,0.0
10.156,49.79123882455418,-0.13121359369996607,0.712989576305041,68,0.0025835391134023666,0.013061259873211384,0.9969538450241089,-0.5098628997802734,-0.04081977903842926,-0.23645058274269104,0.003498801432671188,289.98230088495575,0.0
10.207,49.79062339759702,-0.12655599675446685,0.67533865307458,68,0.0015413614455610514,0.0122240474447608,0.9982222318649292,-0.09482893347740173,0.014894774183630943,-0.10864805430173874,0.004285640172730827,289.98230088495575,0.0
10.259,49.789568442009475,-0.14645544964586713,0.6520470322790888,68,0.0022652752231806517,0.012017927132546902,0.9988441467285156,-0.1457914263010025,0.1906035840511322,0.09437607228755951,0.004365694621048284,289.98230088495575,0.0
10.31,49.78777406983288,-0.15783617573845318,0.6364553814481047,68,0.0015893715899437666,0.010200697928667068,0.9978216886520386,-0.07110589742660522,-0.029957477003335953,-0.06501083821058273,0.004252892786685537,289.98230088495575,0.0
10.36,49.78566917439032,-0.13140952070846462,0.6432345307714287,68,0.0021722919773310423,0.012242067605257034,0.9974380731582642,-0.04037224128842354,0.05914325639605522,-0.07045863568782806,0.003995420897746533,289.98230088495575,0.0
10.41,49.78793933455772,-0.16443547790455107,0.6567254917220205,68,0.00247363792732358,0.012343400157988071,0.9999656677246094,-0.023278389126062393,0.10952360183000565,0.09858894348144531,0.00342437213675022,289.98230088495575,0.0
10.461,49.78533444277019,-0.1175692512706823,0.6708827422620688,68,0.0032382335048168898,0.011894995346665382,0.9999715089797974,-0.18871168792247772,-0.002650047652423382,-0.10898720473051071,0.0031493708726760593,289.98230088495575,0.0
10.511,49.786689903509846,-0.10148495114482285,0.7013023897683811,68,0.003958031069487333,0.013802844099700451,0.9962208271026611,-0.1757119596004486,0.10107883810997009,-0.03973418474197388,0.002665353474324915,289.98230088495575,0.0
10.562,49.786066026925496,-0.13212036920785195,0.6836204136653822,68,0.0020707568619400263,0.01190629880875349,0.9983970522880554,-0.29706916213035583,0.09502394497394562,0.06851524114608765,0.0024516533822771776,283.37977163705153,0.0
10.612,49.78874898720603,-0.12131048773727335,0.673592295513748,68,0.0005659154267050326,0.01071472093462944,0.9982349872589111,-0.08137945085763931,0.03084990382194519,0.18696229159832,0.0030487112450746047,283.37977163705153,0.0
10.662,49.79170440774886,-0.12639715575576677,0.6649485684483858,68,0.001580316573381424,0.011851162649691105,1.0005444288253784,0.030320363119244576,0.0007748365169391036,-0.08113370090723038,0.0034859080362088864,283.37977163705153,0.0
10.713,49.79298955141304,-0.13024342188995072,0.6674090084632778,68,0.0016400031745433807,0.011179334484040737,0.9969754219055176,-0.08274669945240021,-0.2643071115016937,-0.0374629870057106,0.003466195136533576,283.37977163705153,0.0
10.763,49.7937068768763,-0.14285236333590118,0.6679004273219008,68,0.0033809032756835222,0.013346447609364986,0.9961789846420288,-0.13694655895233154,-0.07150682061910629,-0.027185214683413506,0.003052137319387378,283.37977163705153,0.0
10.813,49.791799912619034,-0.1441206830581969,0.6577443839084219,68,0.0034637232311069965,0.009416614659130573,0.9968830347061157,-0.2187928557395935,-0.2355625182390213,-0.1800353080034256,0.0027486941610170373,283.37977163705153,0.0
10.864,49.79288446244904,-0.14216608975861264,0.6417468345089988,68,0.0022514546290040016,0.010040652938187122,0.997373104095459,-0.013979168608784676,-0.005341190379112959,0.10987676680088043,0.0024794705971133172,283.37977163705153,0.0
10.914,49.79149301666981,-0.16130213035688737,0.6572495386547825,68,0.0003817174583673477,0.013881008140742779,0.997197151184082,0.019721535965800285,-0.07746238261461258,0.017473138868808746,0.0027502305299186088,283.37977163705153,0.0
10.967,49.790553234787545,-0.23455789978378783,0.6815533957476476,68,0.013769813813269138,0.01337842270731926,0.9969314336776733,0.1281863898038864,0.07202523201704025,-0.3418475091457367,0.0028207128130008025,283.37977163705153,0.0
11.018,49.78710029032455,-0.1555506150864985,0.7448737115155938,68,0.009055819362401962,0.017692774534225464,0.9962244629859924,-0.19621841609477997,-0.02435845322906971,0.14523160457611084,0.003434576844323909,283.37977163705153,0.0
11.068,49.782724848506874,-0.13259201347997485,0.6956663448720708,68,0.002244421746581793,0.011981772258877754,0.9990902543067932,0.1733568012714386,0.11092019826173782,-0.02785683423280716,0.003443997936420537,283.37977163705153,0.0
11.119,49.777483550366355,-0.12504341344891756,0.6897093643774256,68,-0.0014322851784527302,0.009707444347441196,0.9959779381752014,0.16895778477191925,-0.31997793912887573,0.033451102674007416,0.0031087950415350477,202.2228436430259,0.0
11.169,49.774866228281084,-0.12801151196035981,0.7129935029269722,68,0.0034171943552792072,0.012331092730164528,0.9994683265686035,-0.20593847334384918,-0.08024883270263672,0.07562602311372757,0.0027263901798611563,202.2228436430259,0.0
11.22,49.77631668225707,-0.11964537230559487,0.7469283306772709,68,0.0021274120081216097,0.014206379652023315,0.9976494312286377,0.18612432479858398,-0.034193411469459534,0.00745396176353097,0.0024517771448723568,202.2228436430259,0.0
11.27,49.774309362649745,-0.1396643701918613,0.681897473967502,68,0.0028629805892705917,0.009984026663005352,0.9963115453720093,-0.011074411682784557,-0.16847765445709229,-0.17814482748508453,0.0020973449656103062,202.2228436430259,0.0
11.321,49.77308719892097,-0.13222282654090803,0.7183788896895533,68,0.0035599523689597845,0.014838987961411476,0.9980629682540894,-0.1746191382408142,0.09409870207309723,-0.01264889631420374,0.0017925552926011416,202.2228436430259,0.0
11.371,49.77478327151838,-0.1142416783928285,0.7314453293481789,68,0.0018223258666694164,0.01175442524254322,0.998097836971283,-0.3674655556678772,0.1090921089053154,0.0914730504155159,0.0016165444540411072,202.2228436430259,0.0
11.422,49.77799575784861,-0.10916217604972218,0.7125334723889074,68,0.0011494944337755442,0.013776414096355438,0.9972134232521057,0.014928378164768219,0.017004340887069702,-0.043818023055791855,0.0013898041436205394,202.2228436430259,0.0
11.473,49.777829521229314,-0.10773709568917786,0.6804258504369194,68,0.0012289718724787235,0.01234299037605524,0.9995561838150024,-0.12387371063232422,0.033703844994306564,0.004106464330106974,0.0012607363166832032,202.2228436430259,0.0
11.523,49.777523909060434,-0.12274508320327836,0.6614436296986901,68,0.0034100888296961784,0.0096901198849082,0.9970098733901978,-0.16458281874656677,-0.13960012793540955,-0.12935326993465424,0.0011442947935492173,202.2228436430259,0.0
11.574,49.77750621929987,-0.13601291565738874,0.6478178846570756,68,0.001593235065229237,0.012694337405264378,0.9996405839920044,0.0035695149563252926,-0.2610345184803009,0.1864546686410904,0.0009889212566700975,202.2228436430259,0.0
11.624,49.777948878036305,-0.12719678323469596,0.6604736694764516,68,0.0027856670785695314,0.011657742783427238,0.9982373714447021,-0.21314454078674316,-0.018991870805621147,0.07066258788108826,0.0008553002498594535,202.2228436430259,0.0
11.675,49.77627851582772,-0.15137643287445646,0.7147882557019,68,0.007116800639778376,0.0249091237783432,1.0240589380264282,1.5136687755584717,-1.8409162759780884,-0.18562105298042297,0.000777528542788234,282.14072379927353,0.0
11.725,49.778444067179805,-0.15233522778849912,0.6681633835360634,68,0.00019132564193569124,0.0015613188734278083,0.9851180911064148,-1.0177315473556519,1.7043079137802124,-0.17876321077346802,0.0007048786259386073,282.14072379927353,0.0
11.775,49.77126041933283,-0.20244728816957733,0.7305117583992307,68,0.004212462343275547,0.0157331470400095,1.0016777515411377,0.3141453266143799,-0.6287708878517151,-0.048453573137521744,0.0006051674648856493,282.14072379927353,0.0
11.827,49.77310400265861,-0.1781673246858829,0.7122271818686918,68,0.0024118670262396336,0.01340734213590622,0.9982370734214783,0.012880939990282059,0.07626339793205261,-0.024402160197496414,0.0007240681525145131,282.14072379927353,0.0
11.878,49.30110352736564,1.8872090250370896,2.825414408680882,68,-0.17561961710453033,0.17626681923866272,0.9871278405189514,-10.176606178283691,-25.615489959716797,-20.444190979003906,0.0007741026777127252,282.14072379927353,0.0
11.928,49.093572045590356,-1.8526729485708657,-1.7947045417894962,68,0.21134521067142487,-0.1266801655292511,0.9144649505615234,3.62491512298584,27.77507209777832,21.311986923217773,0.0007872938877261274,282.14072379927353,0.0
11.978,49.60897118467791,0.07076760278135916,-0.1981130946823303,68,-0.02172539010643959,-0.016890132799744606,0.9879382848739624,7.1975507736206055,-1.549996018409729,22.250398635864258,0.0006167683618988526,282.14072379927353,0.0
12.029,52.084917305011814,3.571877333977126,-2.1851770098909276,68,0.03647679090499878,-0.01023059245198965,1.1131311655044556,103.48865509033203,-27.755277633666992,128.66769409179688,0.0005483746992861064,282.14072379927353,0.0
12.079,54.221066270376376,4.544567601338704,-5.892311711281084,68,-0.0568920373916626,-0.05991614609956741,0.9810891151428223,154.6407012939453,-41.29288864135742,103.55128479003906,0.0004887747055558583,282.14072379927353,0.0
12.129,54.836376412886594,7.730243667582739,-6.0642716136024895,68,-0.09383086115121841,-0.08744025230407715,1.5130784511566162,290.41400146484375,151.55966186523438,-117.20045471191406,0.0005171853347226285,282.14072379927353,0.0
12.18,53.14483817189957,26.633759134737186,13.016048580266496,68,-0.7535642981529236,0.5148419737815857,0.8678513169288635,85.37415313720703,166.76478576660156,63.421146392822266,0.0019025870881477936,278.0262495028503,0.0
12.23,56.08067218632768,27.520705187295924,17.587849997942698,68,-0.4631856381893158,0.26438209414482117,0.5692382454872131,-33.58830642700195,-1.0748112201690674,69.68579864501953,0.00496607487500564,278.0262495028503,0.0
12.28,57.42551154598173,26.28826095299801,11.832405078402184,68,-0.3599897623062134,0.08622273057699203,1.0516276359558105,-70.9539794921875,-38.120365142822266,1.4920486211776733,0.009452798260346125,278.0262495028503,0.0
12.331,55.417337879278286,21.939206693860292,10.835710116568983,68,-0.39168238639831543,0.29370957612991333,0.6311990022659302,-55.07836151123047,-43.99639892578125,-84.74761199951172,0.017348458090127923,278.0262495028503,0.0
12.381,55.04273099019074,24.44186477601342,15.708903222551283,68,-0.46957364678382874,0.3777884244918823,0.9255706071853638,-59.024864196777344,-47.70530319213867,49.255672454833984,0.02703558498964764,278.0262495028503,0.0
12.432,57.20604644672412,21.099642511331517,14.434347961073799,68,-0.28874456882476807,0.16687338054180145,0.9106637239456177,-95.11013793945312,-58.076629638671875,78.36592102050781,0.03453463457535918,278.0262495028503,0.0
12.482,58.44591576041314,14.170170051270803,9.246976276517042,68,-0.07403543591499329,0.05005926638841629,0.8868396878242493,14.55931282043457,-53.702613830566406,0.20059292018413544,0.04755259301781968,278.0262495028503,0.0
12.532,58.60341809182076,14.215554037919432,8.498924239617567,68,-0.2894176244735718,0.20430101454257965,1.0311535596847534,-37.17475509643555,-35.051483154296875,35.76545333862305,0.05662104324338156,278.0262495028503,0.0
12.583,60.69111911060221,9.903019595751935,4.090978337173792,68,-0.09846348315477371,-0.002811382059007883,0.94853276014328,-69.49911499023438,-105.8126449584961,50.12971878051758,0.06609633122640692,278.0262495028503,0.0
12.634,61.38487000901508,6.91118370175852,-1.15461646490493,68,-0.10825900733470917,-0.01451229676604271,0.9174951314926147,-41.20259475708008,-163.16998291015625,26.095874786376953,0.08128055968508835,278.0262495028503,0.0
12.684,62.987180147445855,5.56528937566322,-4.736668804885756,68,-0.09524909406900406,-0.0048934901133179665,1.1160826683044434,-81.54456329345703,-119.04363250732422,68.44689178466797,0.09690704920021045,278.0262495028503,0.0
12.735,66.24241020001894,1.3712251482903832,-9.915054735758645,68,0.042744290083646774,-0.3138798475265503,0.8348785638809204,-178.84103393554688,-90.37784576416016,107.62732696533203,0.10753296594021164,281.2326672924769,0.0
12.786,67.7154610268105,-6.695769430654562,-15.785668693165434,68,0.14213153719902039,-0.2983023226261139,0.8368662595748901,-86.22274780273438,-74.76551818847656,-3.677748918533325,0.12359300566947756,281.2326672924769,0.0
12.837,67.55447804353574,-8.941908170247002,-17.57272543451613,68,0.1869136244058609,-0.19906648993492126,0.9127834439277649,-50.70945739746094,-26.402578353881836,-2.80902099609375,0.13457263069141084,281.2326672924769,0.0
12.888,68.12167486113277,-9.017168061118857,-15.662471003657954,68,0.19203267991542816,-0.3315151631832123,0.8070150017738342,46.71286392211914,95.88867950439453,19.774450302124023,0.1518365907633336,281.2326672924769,0.0
12.939,68.64030894130448,-7.381349919718587,-15.223825876107892,68,0.17193910479545593,-0.22587455809116364,0.7966243624687195,78.69976043701172,72.40335845947266,-0.056380510330200195,0.16884371709743148,281.2326672924769,0.0
12.989,68.72024556795387,-4.803706454977554,-12.948588492674533,68,0.03072616271674633,-0.21044421195983887,0.962620735168457,65.42523193359375,39.777557373046875,7.23121452331543,0.180346856451389,281.2326672924769,0.0
13.04,69.58440444014825,-2.617400225211459,-12.178055463764474,68,0.11194406449794769,-0.13620495796203613,0.9237304329872131,28.378280639648438,4.748748302459717,25.463415145874023,0.19555588491275622,281.2326672924769,0.0
13.091,70.78516831606241,-1.7164986334902688,-12.51932069476613,68,-0.013005519285798073,-0.22682558000087738,0.8374927639961243,-8.966938018798828,-17.740955352783203,48.578311920166016,0.20473500822469873,281.2326672924769,0.0
13.142,72.03562162404744,0.11653847519448507,-10.453033668308375,68,0.04844404757022858,-0.15882042050361633,0.9672597646713257,126.86972045898438,134.8988037109375,15.247507095336914,0.21700177865965692,281.2326672924769,0.0
13.192,71.59050006012801,1.5391960478414284,-6.267015764272282,68,-0.1377440094947815,-0.05144789442420006,1.0064417123794556,-38.865875244140625,66.30341339111328,-19.64410400390625,0.22496815202765988,281.2326672924769,0.0
13.242,71.49680119359476,1.1035715405067321,-1.216362059153551,68,-0.005355238448828459,0.07171419262886047,0.9878148436546326,-15.367435455322266,29.50213623046875,0.20672129094600677,0.23573730005112445,281.2326672924769,0.0
13.292,72.25712633667644,1.930710867938038,3.2831217774397503,68,-0.032287467271089554,0.10112569481134415,0.97330242395401,12.336968421936035,56.360958099365234,42.54544448852539,0.2422106960125263,265.9335531321329,0.0
13.342,73.61804508670885,1.5426123682949158,4.139663155869958,68,-0.008528707548975945,0.06073659285902977,0.9929925203323364,37.51421356201172,-9.845544815063477,33.722652435302734,0.25074212176184013,265.9335531321329,0.0
13.393,74.15778101930296,3.3154397927185566,2.1079535882503375,68,-0.10926425457000732,0.025333711877465248,1.0656449794769287,-15.90636157989502,-26.9715576171875,9.421351432800293,0.25563876399136654,265.9335531321329,0.0
13.444,74.70127546434556,5.351287621649003,0.014529699936491235,68,-0.1473187953233719,-0.010010339319705963,1.0280706882476807,20.5559024810791,-25.786407470703125,17.47218132019043,0.2624719212104621,265.9335531321329,0.0
13.494,75.6725397217719,7.846741359715529,-1.5468533463323177,68,-0.1694483458995819,-0.0203125961124897,0.9670732021331787,-16.468473434448242,-24.416141510009766,33.072635650634766,0.2664314793750771,265.9335531321329,0.0
13.545,76.4809993507601,7.03953827311917,-4.559787124134977,68,-0.12247481197118759,-0.18674983084201813,0.9994417428970337,-35.855167388916016,34.547828674316406,-0.45629069209098816,0.2717855693357707,265.9335531321329,0.0
13.595,77.22111284639227,6.616167163255829,-4.47666849070351,68,-0.10247861593961716,-0.10570906102657318,0.774146318435669,-59.902042388916016,48.14555358886719,30.353275299072266,0.27530521757626536,265.9335531321329,0.0
13.645,76.68518590810272,3.7218665211657656,-1.7581664890341815,68,-0.03427167981863022,0.09193313121795654,0.9209367036819458,55.525718688964844,-5.6301164627075195,-42.88438034057617,0.2807216877301133,265.9335531321329,0.0
13.696,75.7695530547928,5.980797162736806,-1.9728165608408965,68,-0.06669153273105621,-0.05104607716202736,0.8729553818702698,-11.267178535461426,-11.19105339050293,-16.4986629486084,0.2844743412995388,265.9335531321329,0.0
13.746,75.26374017896407,4.340749749271453,-1.5220534181610552,68,-0.026657816022634506,0.02357202209532261,0.8366943001747131,45.2768440246582,6.4973320960998535,-21.1180362701416,0.2899578489273213,265.9335531321329,0.0
13.796,74.79318627003926,4.303628453759473,-0.4147606563739726,68,-0.0023043490946292877,0.021481968462467194,0.7188440561294556,15.175853729248047,-1.3131452798843384,-9.508469581604004,0.2928413005277177,265.9335531321329,0.0
13.847,74.1554687337038,1.7455984361145913,-1.4290756713836963,68,0.032413024455308914,-0.01732848584651947,0.6273929476737976,11.716296195983887,-59.96989822387695,-30.069623947143555,0.2954110316028211,296.228829719613,0.0
13.897,73.0754192832282,0.9197116637982933,-3.6079274003979687,68,-0.04738926887512207,-0.06458409130573273,0.6725970506668091,-49.061798095703125,-95.62027740478516,-24.23552131652832,0.2955382392042819,296.228829719613,0.0
13.948,71.96898570447541,-3.6007622893293236,-3.977063935430307,68,0.06514067947864532,0.008587175980210304,0.8016061186790466,-28.644023895263672,-117.75279235839844,-15.403234481811523,0.29253107639004416,296.228829719613,0.0
13.998,71.73577949398505,-0.5152535979295217,-5.41673794045461,68,-0.09337540715932846,-0.11338720470666885,0.8587740063667297,81.75334167480469,79.8552474975586,4.768917083740234,0.2849475373549022,296.228829719613,0.0
14.049,71.11440732523573,2.691279481629994,-10.478738640033027,68,-0.10472720861434937,-0.3098086416721344,1.1900272369384766,-33.55436325073242,-77.17848205566406,-56.22506332397461,0.277516778076404,296.228829719613,0.0
14.099,70.0155671740817,5.951549303945813,-8.577352046952276,68,-0.13565753400325775,-0.1424882709980011,1.1380109786987305,11.917262077331543,19.47405433654785,-0.8265300989151001,0.26299264765794966,296.228829719613,0.0
14.149,69.41582302303681,5.6176802905988845,-10.339494437382678,68,-0.09826357662677765,-0.19227108359336853,1.0672447681427002,-16.9498233795166,-26.598548889160156,-36.98068618774414,0.2516778066026703,296.228829719613,0.0
14.199,68.3258284709554,6.335255012509674,-10.15637643798963,68,-0.1104443222284317,-0.2195279449224472,1.062669277191162,19.903261184692383,35.85971450805664,-27.55756950378418,0.2336914374590281,296.228829719613,0.0
14.25,67.51359577112083,7.137542092276655,-8.968620089023313,68,-0.13309411704540253,-0.18801788985729218,0.9619856476783752,31.621601104736328,32.52848815917969,-30.307302474975586,0.22081070979204712,296.228829719613,0.0
14.3,66.13163694225926,8.054540817310118,-9.72062681694768,68,-0.16214686632156372,-0.1588769406080246,1.3406004905700684,61.64461135864258,44.68736267089844,-40.12163543701172,0.20064427721831812,296.228829719613,0.0
14.351,65.38957069965153,11.748280544713872,-6.636748064682855,67,-0.2349662184715271,-0.08137163519859314,1.1928726434707642,70.66064453125,79.37251281738281,-14.76049518585205,0.1862384040805487,296.228829719613,0.0
14.402,65.02365512537803,14.919297412979626,-2.797096181984569,67,-0.30558332800865173,-0.007236830424517393,1.0606088638305664,36.66325759887695,37.871891021728516,-1.3426088094711304,0.16642852955257453,287.5765512512856,0.0
14.452,65.1996643603152,15.77969134830928,-2.371543645049348,67,-0.24867461621761322,-0.055082082748413086,0.9881961941719055,-4.655158519744873,-25.93248176574707,-6.7102131843566895,0.15393943423026332,287.5765512512856,0.0
14.502,64.8293782031515,14.297080057740201,-4.388767882867363,67,-0.20511911809444427,-0.12339329719543457,1.0871790647506714,-26.522720336914062,-11.382808685302734,-12.983195304870605,0.13631222304839136,287.5765512512856,0.0
14.553,64.24273935461613,12.472307489121457,-5.493648786207886,67,-0.21976706385612488,-0.15366554260253906,1.019493818283081,-26.06141471862793,2.749798059463501,-9.167716979980469,0.12591261231476905,287.5765512512856,0.0
14.603,63.18535196624206,9.865505225238707,-5.2073265772797255,68,-0.13159394264221191,-0.028994673863053322,1.1069713830947876,-6.067710876464844,-31.069475173950195,-42.56290817260742,0.11199254655641583,287.5765512512856,0.0
14.653,61.368767626684786,11.938451097063759,-3.4635125841075136,68,-0.25791415572166443,-0.02922576107084751,1.2822164297103882,2.191755771636963,13.259542465209961,-38.21700668334961,0.10349460322692657,287.5765512512856,0.0
14.705,60.981135178645125,10.021241919192502,-3.0576991956466864,68,-0.1261318027973175,-0.07580135017633438,0.9569253921508789,-56.3122444152832,35.2705192565918,-3.3480818271636963,0.09202985413742637,287.5765512512856,0.0
14.755,60.78335167370211,6.31864501819985,-2.348177111268119,68,-0.08990021049976349,-0.03407328575849533,0.6427096128463745,-40.46379089355469,-14.887033462524414,-3.1636743545532227,0.08513921636162984,287.5765512512856,0.0
14.805,60.61509316677134,5.820669533735447,-4.7566640571910375,68,-0.10676860809326172,-0.14597651362419128,0.81521075963974,22.613473892211914,-33.37315368652344,-10.340119361877441,0.07612836704685699,287.5765512512856,0.0
14.856,60.14976287856384,7.775430297794941,-5.84837472876274,67,-0.1729789525270462,-0.07597929239273071,1.226763129234314,17.138713836669922,13.104376792907715,-8.653085708618164,0.07088682420827526,287.5765512512856,0.0
14.906,59.985304460069436,8.323925688527048,-4.283847113576298,67,-0.15683522820472717,-0.0576908178627491,1.1748449802398682,-8.635848999023438,13.28518295288086,-4.082622051239014,0.06325147840373321,287.5765512512856,0.0
14.957,59.90886666463635,8.286618856669346,-3.2270209856776217,67,-0.13734875619411469,-0.03259437158703804,1.066666603088379,-8.256966590881348,11.58530330657959,-2.9045865535736084,0.05913575781618635,285.7349955719054,0.0
15.007,60.09889867007474,8.250805265876402,-1.6542003155847058,67,-0.14073120057582855,-0.019375495612621307,1.189139723777771,0.4521828591823578,27.941516876220703,12.350293159484863,0.054756158461642036,285.7349955719054,0.0
15.057,60.40163297788048,7.07441411007103,-1.9921417002458712,67,-0.1304699331521988,-0.06549764424562454,1.1948705911636353,-5.505638122558594,-0.5716339945793152,7.378962993621826,0.0517439945260273,285.7349955719054,0.0
15.108,60.44808426065409,5.693943929661877,-3.0555620322274084,68,-0.08755067735910416,-0.02083641104400158,1.1746965646743774,-53.943580627441406,-4.562866687774658,-1.9202547073364258,0.05101727089524766,285.7349955719054,0.0
15.158,60.69299872728422,4.370023052384483,-1.1989583855842645,68,-0.04006418585777283,0.03651440888643265,0.9717597961425781,-6.598484039306641,18.39283561706543,19.49598503112793,0.051688802472433175,285.7349955719054,0.0
15.208,61.08109624918958,1.693501601274688,0.48478374863135737,68,0.017482426017522812,0.05029437690973282,0.7622634768486023,-41.93220138549805,-13.443246841430664,13.540310859680176,0.05487419502795507,285.7349955719054,0.0
15.258,61.65871754564429,-0.9370506573954788,-0.09504657346135531,68,0.07181397825479507,-0.04235090687870979,0.6222375631332397,-10.447028160095215,-12.482955932617188,11.78913402557373,0.06047275066811414,285.7349955719054,0.0
15.309,61.77746302325763,-1.656246681466641,-2.544277465091542,68,0.02625151351094246,-0.10054643452167511,0.6707057356834412,17.368425369262695,-5.97493314743042,2.1880409717559814,0.06464530181510608,285.7349955719054,0.0
15.359,61.62178636185027,1.302920349497915,-5.686055385424135,68,-0.06693963706493378,-0.14407598972320557,0.9671493768692017,45.80805587768555,9.783926010131836,-11.974662780761719,0.07027069225944325,285.7349955719054,0.0
15.409,61.147815115248164,4.239527339190044,-3.458950368159837,68,-0.13372661173343658,0.02368556521832943,1.1034069061279297,3.845513343811035,8.311532974243164,-2.260499954223633,0.07378974073582492,285.7349955719054,0.0
15.46,61.22219709189951,4.208494595352198,-2.193820357090311,68,-0.05421064421534538,-0.032498832792043686,0.9906696677207947,-3.715555191040039,-4.190778732299805,0.15614408254623413,0.07767097617349676,285.7349955719054,0.0
15.51,61.37009561110532,3.5156309226426283,-1.8518525615211474,68,-0.04535304754972458,-0.04836253449320793,1.014588475227356,1.8718457221984863,0.15519291162490845,8.683954238891602,0.07977246024448836,269.07261996407493,0.0
15.56,61.3775802754232,3.741787965017823,-3.8703966600268496,68,-0.09164958447217941,-0.10669790208339691,1.232250452041626,9.451044082641602,-4.284291744232178,-7.845941543579102,0.08346370065640119,269.07261996407493,0.0
15.611,61.57063226077953,5.149738015130021,-2.5566076804287463,67,-0.10782664269208908,0.0038563543930649757,1.3271435499191284,-9.4996976852417,18.407241821289062,15.118927955627441,0.08589603897051444,269.07261996407493,0.0
15.661,62.3842967643115,4.491696541010557,-0.7607369522559623,67,-0.07234824448823929,0.01364572811871767,1.236211895942688,-17.978792190551758,1.0689305067062378,32.426612854003906,0.09050743819139874,269.07261996407493,0.0
15.712,63.36755904800539,2.884014487252592,-0.35878741003980735,67,0.01635516621172428,0.005136506631970406,1.050122618675232,-25.501689910888672,27.306011199951172,36.10422134399414,0.09484383549535143,269.07261996407493,0.0
15.762,64.11006319089842,-0.48971018901201463,0.38583836378596054,67,0.08300458639860153,0.012104259803891182,0.7515326738357544,-33.9727783203125,-8.116205215454102,11.513896942138672,0.10319360523492854,269.07261996407493,0.0
15.813,64.34204275220648,-2.393223812437264,-0.4833292234736578,67,0.05139411240816116,-0.024957183748483658,0.6735779047012329,16.890888214111328,-6.031426429748535,-3.7962021827697754,0.10963009239155325,269.07261996407493,0.0
15.863,64.33369133201941,-0.6541480587676547,-0.0947123941962794,67,-0.03749881312251091,0.001209575217217207,0.7530390024185181,-0.7632895112037659,9.612460136413574,11.059968948364258,0.12020676738016135,269.07261996407493,0.0
15.914,64.11732335443045,1.0358410411833563,-2.389648824596758,67,-0.05263475701212883,-0.07743668556213379,0.932295560836792,28.3800048828125,-21.88298797607422,-19.495540618896484,0.12694840450240524,269.07261996407493,0.0
15.964,63.854240971098285,2.703287655676398,-1.4482417621469597,67,-0.07360972464084625,0.0016857512528076768,0.9988556504249573,11.989699363708496,6.338628768920898,-1.3478107452392578,0.13585316067259753,269.07261996407493,0.0
16.015,63.727242867272,3.0557719617703296,-1.436095672198224,67,-0.053518716245889664,-0.03974020481109619,1.0471755266189575,-8.517021179199219,1.524147868156433,-3.604987144470215,0.1412116828970081,269.07261996407493,0.0
16.065,63.57698653008536,2.11107640484211,-0.9918115432635882,67,-0.022562431171536446,-0.008222407661378384,1.0266557931900024,-2.3243355751037598,0.30550912022590637,-3.235563278198242,0.14829867869510924,265.596757852077,0.0
16.115,63.35621172763158,2.3061192069588534,-1.3736659234808242,67,-0.05990764871239662,-0.04056616127490997,1.1536362171173096,4.49604606628418,6.124528408050537,-10.009160041809082,0.15520278676597477,265.596757852077,0.0
16.166,62.94865376110837,3.5331872124196244,-0.4580317258412415,67,-0.09198184311389923,0.016359839588403702,1.2566018104553223,17.513036727905273,8.071210861206055,-10.381095886230469,0.1597865350692733,265.596757852077,0.0
16.216,62.5280334981165,4.219203876956955,-0.1450144743286637,67,-0.06721267849206924,-0.0005956694367341697,1.2329460382461548,-2.445606231689453,-9.853842735290527,-17.942935943603516,0.16431932994282286,265.596757852077,0.0
16.269,61.69061278713965,3.0921031504702765,-0.24997942509267185,67,-0.01313986349850893,0.01130398828536272,1.084381103515625,5.5036091804504395,-16.453529357910156,-31.864042282104492,0.17267625299821426,265.596757852077,0.0
16.319,60.747391249651486,1.1146284918747906,-0.04474516119375634,68,0.03769518435001373,0.013404029421508312,0.960669994354248,0.47065556049346924,-20.00194549560547,-25.627004623413086,0.18318821162788523,265.596757852077,0.0
16.37,60.124254381385164,0.024229894561162167,0.594277612219626,68,0.009826043620705605,0.027789220213890076,0.8904086947441101,13.443889617919922,-7.022574424743652,-15.707852363586426,0.19158287212998107,265.596757852077,0.0
16.42,59.797062277231454,-0.8147491788146451,0.1653620582004792,68,0.04919109493494034,-0.002738479059189558,0.7268334627151489,-12.558366775512695,-8.987256050109863,-5.000019550323486,0.20511872150724123,265.596757852077,0.0
16.471,59.654057962370395,-1.6872808448021235,-1.2115431208618799,68,0.037608563899993896,-0.04922986030578613,0.6289154291152954,7.95245885848999,-9.345860481262207,-4.180582523345947,0.2182330658145519,265.596757852077,0.0
16.522,59.56327527569156,2.0946991698992234,-3.384170464615753,68,-0.1582232415676117,-0.11329417675733566,0.8991298079490662,44.92398452758789,13.493212699890137,3.7978713512420654,0.24127302034271605,265.596757852077,0.0
16.572,59.51900842441834,8.918236066192431,-4.425702405574215,68,-0.23695702850818634,-0.06733287870883942,1.126783847808838,6.1065354347229,7.691108703613281,-1.6095640659332275,0.25492120612911046,283.8208147245906,0.0
16.622,59.628972734992686,9.388982404196538,-2.5263459346006347,68,-0.14343945682048798,-0.0024755632039159536,1.024864912033081,-7.818045139312744,1.4419032335281372,5.744616985321045,0.27351581858150475,283.8208147245906,0.0
16.673,59.927268832168046,7.315842201794454,-1.5103101788539728,68,-0.06972862035036087,-0.004716571886092424,0.9587229490280151,-7.739780902862549,-0.9540842771530151,7.223901271820068,0.2847890587228306,283.8208147245906,0.0
16.723,60.09624520143901,5.6593463117016105,-1.8794569543607564,68,-0.0822334811091423,-0.04715533182024956,1.010697841644287,-5.936153888702393,-1.1813690662384033,4.323917865753174,0.3000668101567627,283.8208147245906,0.0
16.774,60.24520725803065,5.470621944913529,-3.1400783197066096,68,-0.09906166046857834,-0.08940493315458298,1.0115939378738403,-2.728825807571411,-2.4822323322296143,1.1333547830581665,0.3095804051631259,283.8208147245906,0.0
16.825,60.154661835437665,6.4033116027424875,-4.41074593813454,68,-0.14115262031555176,-0.07058781385421753,1.1120988130569458,0.32882317900657654,2.828073263168335,-5.235139846801758,0.3220778668287398,283.8208147245906,0.0
16.875,60.0953577781157,8.188310398612101,-3.6094828992078045,68,-0.18790480494499207,-0.048274170607328415,1.2412290573120117,1.7211027145385742,18.285409927368164,5.144080638885498,0.33038280008111653,283.8208147245906,0.0
16.925,60.15053205569814,6.641827159228177,-1.703609811145156,68,-0.029602687805891037,0.005235606804490089,1.1597189903259277,-28.902070999145508,-2.860553026199341,-7.125288963317871,0.34341497260729137,283.8208147245906,0.0
16.976,59.973387179484824,4.419868812249174,-0.6519660838118243,68,-0.03478126972913742,0.002299173502251506,1.1087133884429932,-32.79486846923828,3.9430527687072754,9.198888778686523,0.35638669211289237,283.8208147245906,0.0
17.029,60.26139347787456,1.666889178620384,-0.31164720437997456,68,0.025960786268115044,-0.004449163097888231,0.980198860168457,-36.57918167114258,10.549201011657715,7.842264652252197,0.3651443813226596,283.8208147245906,0.0
17.08,60.293387004773415,-2.3958526337926407,0.5258444867557384,68,0.10762239247560501,0.020207485184073448,0.8233411312103271,-21.444002151489258,7.953910827636719,-2.9942028522491455,0.37853130569412996,283.8208147245906,0.0
17.13,60.206445844558154,-5.962601521314629,1.1389801930469432,68,0.19418348371982574,0.024773266166448593,0.5981038808822632,-11.699209213256836,-2.274857759475708,-6.4860124588012695,0.38738890714594093,285.2879880288396,0.0
17.181,59.60833689387139,-6.523056271419197,-0.8427219986434177,68,0.06167135387659073,-0.05101914703845978,0.7417236566543579,32.46928405761719,1.8757834434509277,-16.76490020751953,0.4003481685576541,285.2879880288396,0.0
17.231,59.39694674221323,0.12401412694332845,-0.5513544046334242,68,-0.18193118274211884,-0.013666789047420025,1.0192410945892334,36.0206298828125,12.311193466186523,10.431282043457031,0.40828960297357414,285.2879880288396,0.0
17.281,59.61183490970614,5.577502589084104,-1.129732068379416,68,-0.15860821306705475,-0.01731461100280285,1.0797662734985352,1.984402060508728,5.750204086303711,2.511401414871216,0.4182702562017014,285.2879880288396,0.0
17.332,59.722531299096595,5.081139040728989,-0.18808358652176646,67,-0.03150012344121933,0.0010084306122735143,0.979332685470581,1.5214060544967651,-2.003685474395752,3.475569009780884,0.4241175766286956,285.2879880288396,0.0
17.382,59.76659959471369,3.133535000284942,-0.5468243059998763,67,-0.025320274755358696,-0.008414636366069317,1.0403705835342407,1.101436972618103,2.4590444564819336,-1.5404646396636963,0.4320177238155182,285.2879880288396,0.0
17.432,59.742214328984986,2.340895306404613,-0.3466317150578773,67,-0.02777670882642269,-0.02425324358046055,1.005582571029663,-2.115172863006592,-6.242680072784424,-3.3636667728424072,0.4368888713701836,285.2879880288396,0.0
17.483,59.51431208658604,2.157904247467338,-0.9010370480562545,67,-0.05238181725144386,-0.0030077339615672827,1.0003889799118042,2.7412922382354736,-7.589987277984619,-6.741781711578369,0.4434974902379371,285.2879880288396,0.0
17.533,59.533965536567045,2.637703218256098,-0.3765922163417194,67,-0.04587206244468689,0.0001903806405607611,0.9393362402915955,12.077438354492188,-6.7828369140625,-0.2695564329624176,0.447570798813339,285.2879880288396,0.0
17.584,59.49040537016337,3.0951173108979066,-0.9690061729027009,68,-0.0313706174492836,-0.018095949664711952,1.0237189531326294,6.565502643585205,7.8946027755737305,6.652984619140625,0.4532978606136776,285.2879880288396,0.0
17.635,59.623052129703794,2.3315813891255517,-0.5581511700689941,68,-0.02159767970442772,-0.010964351706206799,1.0193134546279907,2.9060122966766357,-1.8979249000549316,5.605323314666748,0.4585548103636343,285.2879880288396,0.0
17.685,59.67206306727398,1.831012556436543,-2.116604853554178,68,-0.026471920311450958,-0.08692764490842819,1.0740243196487427,-15.265873908996582,-13.472511291503906,-15.076705932617188,0.4622710358435266,250.66061076913883,0.0
17.736,59.03350035519478,0.06180541596053254,-2.762398080037782,68,0.030107181519269943,-0.03736623749136925,0.9410363435745239,-24.390413284301758,5.216537952423096,-14.722261428833008,0.4679934698873176,250.66061076913883,0.0
17.786,58.41707382147073,-0.4186080051285464,-1.6552784667044276,68,-0.019236143678426743,-0.006113605108112097,0.953460693359375,-0.2894153892993927,4.2297892570495605,-12.190389633178711,0.4716435163576343,250.66061076913883,0.0
17.836,58.266047921633586,2.5323573317521713,0.13081851359999963,68,-0.1435723751783371,0.03603653982281685,1.0837702751159668,10.683292388916016,6.827999591827393,1.3841208219528198,0.47482544071751276,250.66061076913883,0.0
17.886,58.51357646206352,5.017380024343706,-0.029114682737250232,68,-0.13427616655826569,-0.025102509185671806,1.079257607460022,-10.134405136108398,12.902344703674316,6.1926589012146,0.4794896518659156,250.66061076913883,0.0
17.937,58.762857797908076,4.9374915664720955,0.3924148003009988,68,-0.08203454315662384,0.021108822897076607,1.014796257019043,-15.470087051391602,8.514013290405273,10.826730728149414,0.48381201876410207,250.66061076913883,0.0
17.987,59.21242194798314,2.5529233766611106,0.5683641515418688,68,0.013598313555121422,0.01482639741152525,0.8556867837905884,-11.78421688079834,-6.43070125579834,9.281328201293945,0.4864825419682918,250.66061076913883,0.0
18.037,59.36220071252674,1.6007339781299985,-0.5000515962445173,68,-0.003216672455891967,-0.050233982503414154,1.0207716226577759,8.6929292678833,-7.116946220397949,4.485462665557861,0.4908181971862208,250.66061076913883,0.0
18.088,59.49881856241345,-0.12150306410078653,0.6222940136741083,68,0.05579924210906029,0.026140620931982994,0.9288180470466614,3.5054285526275635,-14.656686782836914,-9.683853149414062,0.4937558762470656,250.66061076913883,0.0
18.139,58.96173925640627,-1.5837186101669112,1.8285289787041523,68,-8.893476478988305e-05,0.12122619897127151,1.0680431127548218,-20.257789611816406,-30.169097900390625,-12.913029670715332,0.497973645359097,250.66061076913883,0.0
18.189,59.21037408284095,-1.3677982545899454,-4.120406408186981,68,0.05920777842402458,-0.24636094272136688,1.0644171237945557,-21.87327766418457,-29.861894607543945,9.767861366271973,0.5007225562843867,250.66061076913883,0.0
18.239,58.829037278546224,-4.017551478450691,-6.764175584318864,68,0.08656466752290726,-0.07404818385839462,0.9571501016616821,-6.616101264953613,-9.581690788269043,-15.999604225158691,0.5041868365709179,265.6640486445402,0.0
18.29,58.582718278747365,-3.5770961372403263,-3.852508496118068,68,0.04335550591349602,-0.02019517682492733,0.9914200305938721,-3.4533636569976807,17.333934783935547,-3.7520248889923096,0.505989632467223,265.6640486445402,0.0
18.341,58.28360550044184,-2.302668223376435,-1.5805496897745972,67,0.002220879076048732,0.03434930741786957,1.0079708099365234,-3.0557496547698975,13.11844253540039,-7.100940704345703,0.5091597012332799,265.6640486445402,0.0
18.392,58.43318233470589,-1.2516412026642556,0.8217586385413799,67,0.03316415846347809,0.004310441203415394,0.9764957427978516,-3.0798254013061523,9.498580932617188,8.029062271118164,0.5109717605552094,265.6640486445402,0.0
18.442,58.62439671728615,-2.5576360416217088,0.9021325476412844,67,0.07427791506052017,0.004236733075231314,0.9347015023231506,-0.5271416902542114,7.140584945678711,6.567868709564209,0.5120920952049667,265.6640486445402,0.0
18.493,58.75214640669539,-1.9147995256073516,0.35738795993788275,67,0.004718172363936901,-0.0103463064879179,1.0026055574417114,3.220686197280884,8.857390403747559,4.342051982879639,0.5121739084133147,265.6640486445402,0.0
18.543,58.8974066729807,-2.5848362691715168,-0.08397658850639084,67,0.07220920920372009,-0.008675845339894295,0.9567364454269409,2.9719181060791016,9.368270874023438,-1.369080901145935,0.5123283415505618,265.6640486445402,0.0
18.593,58.93493451670861,-2.1984276208384896,0.375774800980353,68,0.019249340519309044,0.0066217174753546715,0.9812107682228088,3.97416353225708,12.126325607299805,3.4909024238586426,0.5122719671905297,265.6640486445402,0.0
18.643,59.053027688375195,-1.1958481068351725,-0.17088394791243683,68,0.0045409295707941055,-0.04106975719332695,1.0070923566818237,0.6395764946937561,-3.3246586322784424,4.7630767822265625,0.5119333316472643,265.6640486445402,0.0
18.693,59.12359206776101,-1.9901267048759776,-2.298503599892219,68,0.05654698982834816,-0.06046902388334274,0.9902548789978027,-1.7752203941345215,-0.5510993003845215,-3.265472888946533,0.5116133803550887,265.6640486445402,0.0
18.744,59.09757387158069,-2.1331008605211763,-1.6711115420678635,68,0.03682690113782883,-0.002659969963133335,0.9801450967788696,1.566280484199524,1.4689655303955078,-0.1650191992521286,0.5108858910372361,265.6640486445402,0.0
18.794,59.01019368503611,-1.2854158078509081,-0.3888845879942458,68,-0.00790444016456604,0.033215511590242386,1.0398777723312378,4.606698036193848,-2.6302387714385986,-2.3012778759002686,0.5093038333135019,285.15221972941737,0.0
18.844,59.06999553690517,-0.9456315571049981,0.09979271525013873,67,0.017178524285554886,7.108936551958323e-05,1.0442830324172974,-2.898728132247925,-2.092223644256592,2.2302956581115723,0.5077430323638592,285.15221972941737,0.0
18.895,59.17537443378608,-1.1308810950170507,-0.24740617842397658,67,0.03099004551768303,-0.027735212817788124,1.0076055526733398,-3.651667833328247,3.2993831634521484,4.692496299743652,0.5050425416055935,285.15221972941737,0.0
18.945,59.1864372622748,-1.5803939139834486,-0.2655920737423114,67,0.028616348281502724,0.004726123530417681,0.9860867261886597,-0.8332037925720215,-2.0557782649993896,0.7903733253479004,0.503425721200654,285.15221972941737,0.0
18.996,59.28418206668957,-1.9114334690669526,-0.6355599851204456,67,0.042427171021699905,-0.023365596309304237,0.9833120703697205,-0.3229164481163025,0.3144499659538269,0.10431164503097534,0.5017454262528755,285.15221972941737,0.0
19.046,59.25185916958608,-1.6611977887762364,-0.16688287715539135,67,0.01704377308487892,0.013484206050634384,1.004652976989746,0.17405439913272858,1.088398814201355,1.8656611442565918,0.5005893867163165,285.15221972941737,0.0
19.097,59.379626805205056,-1.4957455304489942,-0.2579013729836951,67,0.030355852097272873,-0.012545471079647541,1.0111305713653564,-0.6456432342529297,2.1065762042999268,2.422182083129883,0.49884836671030236,285.15221972941737,0.0
19.149,59.35713098758525,-1.881540560020966,-0.23428175203783264,67,0.031065944582223892,-0.0013305519241839647,1.02486252784729,-1.288931965827942,1.7081700563430786,-0.496188759803772,0.4980602495956244,285.15221972941737,0.0
19.199,59.33496721306403,-1.671860684169157,0.26903093680675716,67,0.018432017415761948,0.013012556359171867,1.0119022130966187,-2.4076595306396484,-0.15331068634986877,-0.31284427642822266,0.49752121669443655,285.15221972941737,0.0
19.25,59.36603345381594,-1.7958623183485218,0.49377695020970647,67,0.037188638001680374,0.0037573769222944975,0.9780691266059875,-3.270784616470337,1.9386094808578491,3.2182540893554688,0.4973149098902457,285.15221972941737,0.0
19.3,59.396945608508645,-2.3915178461101503,0.18076104157849507,67,0.05105911195278168,-0.002969758352264762,0.9555325508117676,-0.6001997590065002,-2.317385673522949,-0.7253880500793457,0.49677816836647576,285.15221972941737,0.0
19.35,59.37497868848003,-2.8366607918875135,-0.3449267081679825,68,0.058463603258132935,-0.00597649160772562,0.969150960445404,2.248844861984253,-2.958263874053955,-4.0059027671813965,0.4966535401460901,285.6377008989376,0.0
19.4,59.30165124188214,-2.575312522670853,-0.16001914550991508,68,0.03866501897573471,-0.008125202730298042,1.0021276473999023,3.9009690284729004,-3.2997212409973145,1.452546238899231,0.4959712458166972,285.6377008989376,0.0
19.451,59.2288030881205,-2.490970241479172,-1.0345939975373493,68,0.04085102304816246,-0.016491569578647614,0.9887198209762573,4.251636981964111,-0.4309616684913635,-5.1853203773498535,0.49512441079945924,285.6377008989376,0.0
19.501,59.049988226770594,-1.9542857227246622,-0.26147561522017665,68,0.01986875757575035,0.02090870589017868,0.9964166283607483,0.41720569133758545,-2.1002020835876465,-3.686009645462036,0.49409925188576886,285.6377008989376,0.0
19.551,58.999969349647344,-1.5195998998720373,-0.03288126289386699,68,0.023385534062981606,0.0018869133200496435,1.0061925649642944,-0.024521134793758392,-1.263270616531372,1.000886082649231,0.49238149131395714,285.6377008989376,0.0
19.602,58.99700160605282,-1.6136172797689359,0.2260895231626458,68,0.03178667277097702,0.004501429386436939,0.9916489720344543,0.6341992616653442,0.9590786099433899,1.7895586490631104,0.49138707688760874,285.6377008989376,0.0
19.652,58.96255363295255,-1.733714376812412,-0.05612791856506538,68,0.026984380558133125,0.0042281015776097775,0.9946917295455933,2.218843936920166,-1.2516783475875854,-2.546131134033203,0.49013444620344393,285.6377008989376,0.0
19.703,59.01290904540675,-1.4184682816734784,-0.14173164103873473,68,0.024179987609386444,-0.01800638996064663,1.0157523155212402,1.0349609851837158,3.1073968410491943,2.0663692951202393,0.4880830366844116,285.6377008989376,0.0
19.753,59.02263864947128,-1.5168113220109272,-0.6114282958653137,68,0.027010716497898102,-0.016144733875989914,1.0090398788452148,-0.09595253318548203,3.0274999141693115,0.981544017791748,0.4862345234904656,285.6377008989376,0.0
19.803,59.0310283994768,-1.5027512537551138,-0.34913836730344144,68,0.02335996925830841,0.001753361662849784,0.9941294193267822,0.25689950585365295,3.164608955383301,-0.9472042918205261,0.4849584300342378,285.6377008989376,0.0
19.854,59.06989545951886,-1.4560425281297866,0.06077703984545371,68,0.02902175486087799,0.0025566359981894493,0.9789809584617615,-0.6769309639930725,3.6250720024108887,1.271277904510498,0.48343629716949027,284.8810704340148,0.0
19.904,59.08944425560668,-1.577510741413736,-0.17561864467981111,68,0.0322674959897995,-0.010670770891010761,0.9933831691741943,-0.18634942173957825,4.513118267059326,0.8451449275016785,0.48259342450790854,284.8810704340148,0.0
19.954,59.093862136737634,-1.2835701545280933,0.38103380463649567,68,0.009180753491818905,0.01481306366622448,1.0145546197891235,1.0479663610458374,1.8375909328460693,1.2432670593261719,0.4809484530493364,284.8810704340148,0.0
20.005,59.157382435764774,-1.166250556652011,0.5126089471137062,68,0.019146062433719635,0.01502648089081049,0.9878090023994446,-1.738656997680664,-2.7273380756378174,-0.0658097043633461,0.4797376063576634,284.8810704340148,0.0
20.055,59.24764454262781,-1.5272792225886271,-0.15111640685848757,68,0.04212251305580139,-0.02304353006184101,1.000944972038269,-0.7997322678565979,1.9721205234527588,1.937075138092041,0.47781593441342446,284.8810704340148,0.0
20.105,59.21421951259913,-1.6441377092348006,-0.06520493824252609,67,0.02628791704773903,0.008929728530347347,1.0072005987167358,-2.3175816535949707,1.0530641078948975,0.06999211013317108,0.4768002988321987,284.8810704340148,0.0
20.157,59.194156878953514,-1.493055621462607,0.3003874616605116,67,0.020137641578912735,0.011911286972463131,1.004321813583374,0.0821969136595726,-1.5525727272033691,-0.07696057111024857,0.47568296926362796,284.8810704340148,0.0
20.208,59.19376485892691,-1.3814307998122286,0.5097047261676535,67,0.023464012891054153,0.01861407421529293,0.9941588640213013,-3.653290033340454,-2.9104084968566895,-0.3557972013950348,0.47539914328769706,284.8810704340148,0.0
20.258,59.218162937350854,-1.828433303142546,0.1649886105644882,67,0.04654686152935028,-0.011362003162503242,0.9769002199172974,-0.03462981805205345,-4.024592876434326,-0.7054523229598999,0.47566672802743365,284.8810704340148,0.0
20.309,59.149342969651904,-1.968461029415169,-0.23331746029734823,67,0.025485776364803314,-0.003331331070512533,1.0030893087387085,0.6942667365074158,-4.243870258331299,-0.3917059600353241,0.4761571726971013,284.8810704340148,0.0
20.359,59.12998638767191,-1.9114196960530399,-0.4187461360800538,68,0.03139137104153633,-0.007352523505687714,1.006187915802002,1.4426138401031494,-3.925035238265991,-1.561159372329712,0.47691499191520426,284.8810704340148,0.0
20.409,59.103834214769535,-1.7693243225666908,-0.9133976993809229,68,0.034181203693151474,-0.027694538235664368,1.0106996297836304,-1.1079120635986328,0.6686868667602539,-0.0742667019367218,0.47758481110341167,234.00490961838875,0.0
20.46,59.05856401946076,-1.8850366555644742,-1.1727146993855488,68,0.03171960636973381,-0.018220674246549606,1.0000864267349243,-2.818357467651367,3.4249424934387207,-1.610878825187683,0.4775211322783818,234.00490961838875,0.0
20.51,58.98935347991884,-2.128482329526965,-0.5323656928433406,68,0.045347608625888824,-0.003602937562391162,0.9716611504554749,1.2159770727157593,0.15030677616596222,-1.2458747625350952,0.4781245702923863,234.00490961838875,0.0
20.561,58.924891328164364,-1.989742392238979,-0.16587837377550932,67,0.022184550762176514,0.010490555316209793,1.0027642250061035,4.709528923034668,3.2660410404205322,-1.933517336845398,0.47833734413047607,234.00490961838875,0.0
20.611,58.88498101309478,-1.4513471104683706,0.42970466358999043,67,0.013467513024806976,0.0244576595723629,1.0159777402877808,-0.5694981217384338,0.7621187567710876,-0.03739944100379944,0.47817172363884,234.00490961838875,0.0
20.662,58.917977832254714,-1.7402477205218891,-0.13234148175993588,67,0.048552338033914566,-0.043391238898038864,0.9746654629707336,1.4808536767959595,3.433847188949585,-1.307220697402954,0.4779317912645158,234.00490961838875,0.0
20.713,58.67204956242909,-1.6602563835455795,0.1606473413189386,67,0.01894398406147957,0.026209941133856773,1.0039799213409424,6.304245948791504,0.4547836482524872,-3.8495922088623047,0.4774502100877986,234.00490961838875,0.0
20.764,58.59713728130932,-0.9563191310087367,0.5111850549022428,67,0.004751572385430336,0.02135358937084675,0.9886193871498108,8.728692054748535,-3.847764253616333,-3.516411066055298,0.4770941781521673,234.00490961838875,0.0
20.815,58.44974535080106,-0.3831386021407324,0.7540504576227779,68,-0.001213796203956008,0.010345336981117725,1.0198359489440918,3.2815592288970947,-2.7524945735931396,2.9076149463653564,0.47701978142997303,234.00490961838875,0.0
20.865,58.65183591223689,-0.5841293491008189,-0.22399149769329568,68,0.018194032832980156,-0.01606503315269947,1.0113677978515625,-8.581655502319336,-7.874328136444092,5.460860729217529,0.4775175033557706,234.00490961838875,0.0
20.915,58.9361584883963,-0.9685142244781625,-0.5436443684939393,68,0.01002279482781887,-0.007527072913944721,1.0329877138137817,-13.60983657836914,-2.973782777786255,8.41826343536377,0.4792573425970534,234.00490961838875,0.0
20.966,59.21366313490312,-1.5645482860825124,-0.5514941890942967,68,0.03558123856782913,-0.021916648373007774,1.000483751296997,-10.735163688659668,2.2821342945098877,5.480602741241455,0.4805495244623034,283.0355624536069,0.0
21.019,59.24256876952113,-1.97269461551251,-0.5726027648604624,68,0.04070603847503662,-0.017698053270578384,0.9802238345146179,-3.0454256534576416,2.6122281551361084,-0.42528724670410156,0.4818622099572561,283.0355624536069,0.0
21.07,59.11955839533985,-2.1511323860974807,-0.48610871783402493,68,0.04058843478560448,0.008270595222711563,0.9545053243637085,8.480767250061035,2.4245712757110596,-5.590154647827148,0.4827494978502497,283.0355624536069,0.0
21.12,59.011691777779305,-2.283941688125794,-0.6159258930112269,68,0.0483161099255085,-0.03022027388215065,0.9836245179176331,6.9002580642700195,1.5150278806686401,-1.9418540000915527,0.4833594606072353,283.0355624536069,0.0
21.171,58.899312016572104,-1.8364481321280326,-0.711503263622083,68,0.024737926200032234,-0.005467934533953667,1.0305891036987305,2.6287598609924316,-5.928576469421387,-2.1009292602539062,0.48458422302633525,283.0355624536069,0.0
21.223,58.86946787328846,-1.631666853449861,-0.9835175419755673,68,0.022296223789453506,-0.01970794051885605,1.0240224599838257,-2.8294923305511475,-3.123004913330078,-2.0187249183654785,0.48566791863577946,283.0355624536069,0.0
21.274,58.84861180075537,-1.3991648023785241,-0.5695339403519438,68,0.015239325352013111,-0.0010640488471835852,1.0064951181411743,-0.0927295982837677,-0.28619584441185,1.4413490295410156,0.48664710277671447,283.0355624536069,0.0
21.324,58.92662896745495,-1.7729233460478075,-0.7469209942238695,67,0.043278612196445465,-0.026714563369750977,0.9685466885566711,-1.882944107055664,-1.7095849514007568,1.4924861192703247,0.48934004872485315,283.0355624536069,0.0
21.374,58.905628542477686,-1.911773926259323,-0.5358061689409735,67,0.03150343894958496,-0.002390041947364807,0.9876223206520081,-3.047081232070923,-0.3897022008895874,0.6458261609077454,0.4919248670691353,283.0355624536069,0.0
21.424,58.97585210765339,-1.957520270292968,-0.7301442255337532,67,0.03256674110889435,-0.01965678483247757,0.9874898791313171,2.6128594875335693,3.621910333633423,3.3416531085968018,0.4931417958002243,283.0355624536069,0.0
21.475,59.06936640197946,-1.988597038783739,-1.0581853496033689,67,0.03989284113049507,-0.021530577912926674,1.001576542854309,-0.15399876236915588,3.1269266605377197,0.9578229784965515,0.494788462336083,283.0355624536069,0.0
21.525,59.07556242203295,-1.9178032169250214,-0.9563691923191378,67,0.03072398155927658,-0.013880595564842224,0.997212290763855,2.848428964614868,5.1956377029418945,0.325612336397171,0.4957082104507204,280.4241492277863,0.0
21.577,59.12522304504554,-1.7122872719305533,-0.45563916993387166,68,0.028532864525914192,-0.005136259365826845,0.9951805472373962,0.4287237226963043,4.3331074714660645,2.558539867401123,0.4967872651298006,280.4241492277863,0.0
21.627,59.09855909300553,-1.773384652058542,-0.32788321701131995,68,0.030724819749593735,0.002478943206369877,1.0062540769577026,0.3190161883831024,2.9033522605895996,-2.0728859901428223,0.4978990694225244,280.4241492277863,0.0
21.677,59.09555235606067,-1.7048227149183428,0.022481886027617824,68,0.03282875940203667,0.0077335587702691555,0.9809046387672424,-2.5756852626800537,2.2702884674072266,-1.9198250770568848,0.4994816523791915,280.4241492277863,0.0
21.728,59.08605658795199,-1.7177215590133317,0.44012634910869813,68,0.030394472181797028,0.010964410379529,0.9946561455726624,0.33602026104927063,3.642303943634033,1.2702680826187134,0.5005966595407997,280.4241492277863,0.0
21.778,59.10688278484314,-1.7493689444159324,0.3836070857179473,68,0.033237043768167496,0.0021529169753193855,0.9952871203422546,-0.8241432905197144,3.969475269317627,1.5458810329437256,0.5028982647424405,280.4241492277863,0.0
21.829,59.08817947379735,-1.8282251261019762,0.50022018468416,68,0.02640388160943985,0.01419143658131361,0.999379575252533,1.4764999151229858,3.8667349815368652,-1.8350130319595337,0.5045338212413295,280.4241492277863,0.0
21.879,59.098681581444595,-1.5969992728034321,1.2295265656083831,68,0.03110254555940628,0.03187800571322441,0.9913564920425415,0.22060395777225494,2.2976715564727783,1.8234630823135376,0.5061243819990989,280.4241492277863,0.0
21.93,59.10739390858806,-1.4140684781177304,1.5405943382333844,68,0.016750896349549294,0.01935289427638054,1.0181785821914673,1.3517658710479736,2.790489435195923,2.6631546020507812,0.5073113058941551,280.4241492277863,0.0
21.98,59.155386379895056,-1.4705023196636935,1.125598915496973,68,0.026278864592313766,0.01160708162933588,1.0072294473648071,-1.7178088426589966,0.4151884615421295,2.6327061653137207,0.5077595086321472,280.4241492277863,0.0
22.03,59.246472278782335,-1.8228950306254093,0.6199621209235441,68,0.044556666165590286,-0.008877532556653023,0.988893985748291,-3.7685868740081787,-2.0630033016204834,0.12097124010324478,0.50830433057072,280.4241492277863,0.0
22.081,59.248368508219826,-2.1801199350830833,0.14825225298810893,68,0.04175199940800667,0.0015745252603664994,0.995018482208252,-2.165191411972046,2.264329195022583,-0.5318688750267029,0.5084925989343864,287.0058847680307,0.0
22.132,59.141833521678976,-2.1341499984015715,0.5241303479101107,68,0.026736611500382423,0.022711632773280144,1.0028831958770752,0.6446542143821716,0.2613926827907562,-2.4863381385803223,0.5077444620908451,287.0058847680307,0.0
22.182,59.077010170596594,-2.044545787786983,0.9778481873235034,68,0.03893698751926422,0.0266758780926466,0.9825007319450378,-2.926809787750244,-4.211193561553955,-3.1194281578063965,0.5073096340539947,287.0058847680307,0.0
22.233,59.023609407249836,-1.8474498155176795,1.4043109659738577,68,0.03194088116288185,0.028355024755001068,0.9910140633583069,0.7255114912986755,-0.09922494739294052,2.5765466690063477,0.5066920690026887,287.0058847680307,0.0
22.283,59.04906317777764,-2.050017922033245,1.0350555665039045,68,0.03477911278605461,0.01555827260017395,0.9949662685394287,1.1302131414413452,-3.0742390155792236,0.13425332307815552,0.5064756063338384,287.0058847680307,0.0
22.334,59.11210217247689,-1.9925964136669876,0.717753516251556,68,0.035868823528289795,0.00025460985489189625,1.0065507888793945,1.899499773979187,-2.3002002239227295,2.385653018951416,0.5060953826511413,287.0058847680307,0.0
22.384,59.11049994288004,-1.897586871051238,0.39434196385938464,68,0.030365154147148132,0.005087731871753931,1.0072307586669922,0.8561529517173767,-1.2139464616775513,0.2439591884613037,0.5059045537277934,287.0058847680307,0.0
22.434,59.1091015792925,-1.8592092412844201,0.5690822684894554,68,0.031114444136619568,0.017275050282478333,1.0003153085708618,-1.0096914768218994,-1.2900272607803345,-0.7890980243682861,0.5059819368838097,287.0058847680307,0.0
22.485,59.13120153039871,-1.7908480106374751,0.6350817959120447,68,0.03314787894487381,0.0010747555643320084,0.9858826994895935,-2.0039167404174805,-1.508743166923523,0.16134598851203918,0.5061723503702428,287.0058847680307,0.0
22.535,59.16165380198147,-2.0190084783721667,0.347356706651746,68,0.04285814240574837,-0.003420662833377719,0.993191123008728,0.5376119017601013,-0.3191567361354828,2.148898124694824,0.5062299688700959,287.0058847680307,0.0
22.586,59.20321335785217,-1.946418103486446,0.4841915421886595,67,0.02953801117837429,0.011058961972594261,1.0043529272079468,-1.3716195821762085,-0.18414044380187988,3.811927556991577,0.5062775549901644,287.0058847680307,0.0
22.637,59.23665199374812,-2.229488684570594,-0.23950134206811943,67,0.03901718929409981,-0.013647198677062988,1.0060831308364868,0.2897798717021942,0.8685876727104187,-3.0782041549682617,0.5057569408863262,283.9745429925525,0.0
22.687,59.16533917301966,-2.1718288049300845,-0.15161227750864142,67,0.0404360331594944,0.003785045351833105,0.9970648884773254,-0.8092542290687561,0.46138256788253784,-2.77705454826355,0.5051697207279259,283.9745429925525,0.0
22.737,59.09925976487494,-2.010675457558595,0.46512663495370415,67,0.02883279323577881,0.01790519431233406,1.005013346672058,0.18646535277366638,0.9868661165237427,-0.9957481622695923,0.5043209038388036,283.9745429925525,0.0
22.787,59.05830085720111,-1.9693005645052677,0.5162612921964483,67,0.03263834863901138,0.012319035828113556,0.9922153949737549,-1.4786375761032104,-1.3440566062927246,-1.132583737373352,0.503951969842606,283.9745429925525,0.0
22.838,59.08397374603649,-2.0743696908461047,0.3952019087503224,67,0.0424974150955677,-0.0005186194321140647,0.9850624203681946,0.732825517654419,0.28236639499664307,0.031450238078832626,0.5038448888270299,283.9745429925525,0.0
22.89,59.07234705034194,-2.108162025793562,0.19370054120759186,67,0.040258701890707016,0.0006312328041531146,0.9935600757598877,1.8663997650146484,0.6310082674026489,-0.8793978095054626,0.5041778659538958,283.9745429925525,0.0
22.941,59.04943113239478,-2.2451161653233216,0.49381029327193277,67,0.04226245358586311,0.01509888656437397,0.9783142805099487,2.0608301162719727,-1.9682276248931885,0.6116714477539062,0.5039913839058001,283.9745429925525,0.0
22.991,59.03283769825863,-2.1517175782011453,0.5088190412584823,67,0.028424035757780075,0.018156906589865685,0.9982118606567383,3.481435537338257,0.1280422806739807,-1.5234143733978271,0.504769312413618,283.9745429925525,0.0
23.041,59.06248088698447,-1.6301060076354184,0.7148297788933157,67,0.024472719058394432,-8.04600931587629e-05,1.018104910850525,0.464566171169281,1.717978596687317,3.874408483505249,0.5050726437659196,283.9745429925525,0.0
23.092,59.10366688928843,-1.7326927470195674,0.08487460935724,67,0.03535017743706703,-0.016189634799957275,0.9995096325874329,0.08357275277376175,-0.022035427391529083,2.027160167694092,0.5056146289692517,283.9745429925525,0.0
23.142,59.07220338808132,-1.8173381571805485,-0.008131763767196236,67,0.020620031282305717,0.013463960960507393,1.0040777921676636,-0.9126573204994202,-0.5108867287635803,-2.230276346206665,0.5062691877220551,283.9745429925525,0.0
23.192,59.10881993199214,-1.8079584275958305,0.4198722765658365,67,0.041308578103780746,0.010702203027904034,0.9670036435127258,-2.9815409183502197,-0.8831059336662292,0.5463722348213196,0.506919578691574,291.21044226897175,0.0
23.242,59.11453008329953,-1.9928320675062614,0.4663054492685874,67,0.03520704433321953,0.011162729933857918,0.9969925284385681,1.177221417427063,1.5907936096191406,1.4841417074203491,0.5070209036832151,291.21044226897175,0.0
23.293,59.109050441473464,-1.922603087576571,0.33234384435170816,67,0.025774437934160233,0.005684299394488335,1.0167404413223267,1.8964130878448486,1.2800211906433105,-0.4268074631690979,0.5078751688150502,291.21044226897175,0.0
23.343,59.13713071893091,-1.788398719739659,0.38868051364707185,67,0.03197360411286354,0.007759425789117813,0.9889973998069763,-1.1607049703598022,1.576568365097046,0.19635064899921417,0.5076005434694507,291.21044226897175,0.0
23.394,59.15647752081538,-1.7797423995627741,0.6552789255896644,67,0.03036993369460106,0.017286449670791626,0.9910430312156677,0.27033311128616333,0.8934421539306641,1.7550660371780396,0.5075758047389946,291.21044226897175,0.0
23.444,59.16095951723055,-1.6637000198951455,0.8838849069187765,67,0.015596238896250725,0.03576374053955078,1.0013165473937988,0.7880371809005737,-0.12448737025260925,0.27260759472846985,0.5073206212514622,291.21044226897175,0.0
23.494,59.22673881669869,-1.5176955458288888,1.093915332224408,67,0.0378633588552475,0.011348826810717583,0.9883884787559509,-0.17793422937393188,-0.8907070159912109,0.8608269691467285,0.5077416915384435,291.21044226897175,0.0
23.545,59.32351642050389,-1.39013355614595,1.3714266524501808,67,0.02453654259443283,0.0250271987169981,1.0110589265823364,1.1536425352096558,-0.45704612135887146,4.602813720703125,0.5078767925963859,291.21044226897175,0.0
23.596,59.392907778965345,-1.4809942300397538,0.8805001584402499,67,0.03206658735871315,-0.01016218215227127,1.0018337965011597,0.12535879015922546,-1.450027585029602,2.123544931411743,0.5072851400463944,291.21044226897175,0.0
23.646,59.43650609311704,-1.7271528042274225,0.16103141262385992,67,0.03198384493589401,0.0014040551614016294,1.0039722919464111,1.033548355102539,-0.08213187009096146,-1.1286098957061768,0.5068010253842109,291.21044226897175,0.0
23.698,59.43514954230519,-1.5036453318977303,0.5581756043015189,67,0.02364169992506504,0.025374583899974823,0.9995359778404236,-2.6485586166381836,1.3292460441589355,0.517684817314148,0.5066233094769637,291.21044226897175,0.0
23.749,59.48733556311302,-1.3967938802598099,1.0061417826089112,67,0.02178986556828022,0.025787293910980225,0.9987305998802185,-0.1495417207479477,0.16969941556453705,2.6480844020843506,0.5061763385320942,292.40825432236477,0.0
23.799,59.548753016566124,-1.5613875248279747,0.7657207214448003,67,0.034959059208631516,0.005469252355396748,0.9811967015266418,-0.9770548343658447,-0.9963001608848572,2.1701717376708984,0.505944883274867,292.40825432236477,0.0
23.849,59.58889472286083,-1.872947069427957,0.1357039951575554,68,0.03851359337568283,-0.011998895555734634,0.9995450377464294,2.782754421234131,-0.026748528704047203,-0.9216246604919434,0.5055173173908348,292.40825432236477,0.0
23.9,59.5583074527566,-1.3984436951802564,0.5880577535561651,68,0.010194745846092701,0.031332552433013916,1.021384596824646,-0.694384753704071,0.5327488780021667,1.1325900554656982,0.5044378028016796,292.40825432236477,0.0
23.952,59.63859489616293,-1.4468232151991942,0.516640810097826,68,0.0273132286965847,-0.005625082645565271,0.9937846660614014,-1.3303502798080444,-0.17762085795402527,1.7792326211929321,0.5029421553632321,292.40825432236477,0.0
24.002,59.6574705715747,-1.5400417519790583,0.36076928585546286,68,0.024344928562641144,0.00771378306671977,1.004819393157959,0.0952279344201088,-0.7151773571968079,0.6057722568511963,0.5020426163341991,292.40825432236477,0.0
24.053,59.7192915470984,-1.7249801934289526,0.29269414815720496,68,0.03791642561554909,0.0019470255356281996,0.9620567560195923,0.16058297455310822,-1.0593326091766357,0.6796013712882996,0.5014778306201885,292.40825432236477,0.0
24.103,59.698526738693936,-1.666567032916572,0.43885709657749494,67,0.029372917488217354,0.009923563338816166,1.0090290307998657,3.8838727474212646,0.6959919929504395,1.406590223312378,0.5013729216442815,292.40825432236477,0.0
24.153,59.69267646477438,-1.3045865503213299,0.5591609978899672,67,0.01218680664896965,0.019634230062365532,1.0254040956497192,0.6626845002174377,0.6977679133415222,0.2409336119890213,0.501014272908776,292.40825432236477,0.0
24.205,59.685977218541,-1.4376988181496424,1.1826163823256441,67,0.030290979892015457,0.04337255284190178,0.9740595817565918,2.4431674480438232,-0.044167693704366684,-1.826088309288025,0.5003152442723706,292.40825432236477,0.0
24.255,59.71715451290128,-0.9419584688054006,1.5815309625839395,67,0.01610143482685089,0.02655722200870514,1.0162872076034546,-0.33347755670547485,1.7623200416564941,1.3815423250198364,0.5001256415181841,292.40825432236477,0.0
24.306,59.69426414323367,-1.1238925385882175,0.48853437364823626,67,0.022420255467295647,-0.01671644300222397,1.0004115104675293,-1.7714941501617432,0.2167760580778122,-1.1910172700881958,0.4999999762162733,280.6493141518903,0.0
24.356,59.669891594862236,-1.242522351691157,0.12831598803335698,67,0.02100873924791813,-0.006540031172335148,0.9752700924873352,-1.6486263275146484,0.10589636862277985,2.0001230239868164,0.5002577758955168,280.6493141518903,0.0
24.406,59.65736678218769,-1.6599375890531736,-0.14529333414653903,67,0.04200401157140732,0.0007689177873544395,0.969410240650177,-0.6431154608726501,0.14265282452106476,-2.654711961746216,0.5007652556375801,280.6493141518903,0.0
24.457,59.60472996986069,-1.620908005025313,0.620478176788538,67,0.028056912124156952,0.02646986022591591,1.0022052526474,0.8648290634155273,-0.48269301652908325,0.3488379120826721,0.5008081076054983,280.6493141518903,0.0
24.507,59.60784373161964,-1.4696039023932521,0.9741068328620102,67,0.020535750314593315,0.0221579447388649,1.0007485151290894,3.017119884490967,-0.48337873816490173,1.283471703529358,0.5005829107838449,280.6493141518903,0.0
24.557,59.64653161184539,-1.3868773402590069,1.033072059768265,68,0.028245024383068085,0.019340697675943375,0.9956843256950378,2.502077341079712,1.1280632019042969,1.1127002239227295,0.5004679570003984,280.6493141518903,0.0
24.608,59.69875508461084,-1.0439135438637008,1.1548782794505812,68,0.013048402033746243,0.015684736892580986,1.015674114227295,-0.14438726007938385,-0.532409131526947,3.391089916229248,0.5002976353545261,280.6493141518903,0.0
24.658,59.75726963602482,-1.3393256910252136,0.31746379892475973,68,0.030377186834812164,-0.005659456364810467,0.9873847365379333,-0.7255203127861023,0.2909321188926697,-0.03556615859270096,0.5002977898592411,280.6493141518903,0.0
24.709,59.7496193293597,-1.4166479659910727,0.3347372434784283,68,0.02831127867102623,0.007875969633460045,0.9959777593612671,-0.2821623980998993,1.2798492908477783,-1.1910758018493652,0.5005836753324726,280.6493141518903,0.0
24.759,59.682724040289614,-1.3079387457953497,0.7615381124065598,68,0.02004498988389969,0.03245355561375618,0.975043773651123,-0.9388840198516846,1.4237273931503296,-2.0582220554351807,0.5007092284462433,280.6493141518903,0.0
24.809,59.69339119822228,-1.5693553132377716,0.9412353050386049,67,0.03860894963145256,0.006416671443730593,0.9606047868728638,2.1805620193481445,-1.8299897909164429,-0.45593926310539246,0.5010072803888563,283.4563762924917,0.0
24.86,59.633233785516786,-1.2031821615941476,0.9572463099274585,67,0.0008297618478536606,0.03169674426317215,1.039027452468872,2.4736783504486084,3.289365768432617,-0.4631090462207794,0.5013582435153102,283.4563762924917,0.0
24.91,59.66118190432053,-0.60318493602067,1.4166842481494923,67,-0.0024976518470793962,0.030318154022097588,1.0131245851516724,-3.664275646209717,-1.2169524431228638,0.6561115384101868,0.5019849570538996,283.4563762924917,0.0
24.961,59.749859719985864,-0.5977614967873573,1.0030021207124122,67,0.022635510191321373,0.0025330958887934685,0.9973719120025635,-3.695826292037964,0.27731624245643616,3.4312546253204346,0.5035673804808254,283.4563762924917,0.0
25.012,59.77863191557354,-1.3189472025414335,0.053978120769132,67,0.029603691771626472,-0.015939228236675262,0.9890605211257935,-1.6611148118972778,-0.8636553287506104,-1.6845132112503052,0.504605813851267,283.4563762924917,0.0
25.062,59.747732709537566,-1.439487757834173,0.17522323281444907,68,0.029463041573762894,0.010715597309172153,0.9899563193321228,-0.8299660682678223,0.7350866794586182,-2.266831398010254,0.5050704931823216,283.4563762924917,0.0
25.113,59.67836738309031,-1.341717256565027,0.6547402070458638,68,0.02142944373190403,0.023451561108231544,1.014560341835022,-0.894649863243103,3.292032241821289,-0.36715051531791687,0.5055511336397981,283.4563762924917,0.0
25.163,59.63870060560797,-1.3309679957888492,1.0775740958213345,68,0.008492357097566128,0.031039005145430565,1.0237910747528076,-2.4135940074920654,4.251682281494141,-1.3701560497283936,0.5054100674676714,283.4563762924917,0.0
25.214,59.65954158902672,-1.135859825381348,1.6278697317350412,68,0.02006847970187664,0.03119981475174427,0.9880691766738892,-3.110015392303467,3.170226573944092,0.8335570096969604,0.5053926493155196,283.4563762924917,0.0
25.266,59.70986146358348,-1.3950902565181655,1.6762603501441393,68,0.0385529026389122,0.03159196674823761,0.9860596656799316,-3.307668924331665,1.1350257396697998,1.9123750925064087,0.5055333712061867,283.4563762924917,0.0
25.316,59.73795947120478,-1.539289307459295,1.4285103284237677,67,0.019680431112647057,0.019477682188153267,0.9962030649185181,-0.8084343075752258,-1.1670444011688232,2.0683867931365967,0.5056796460449946,283.4563762924917,0.0
25.366,59.78508470407717,-1.8147770563247547,0.9351892125317723,67,0.033153485506772995,0.015414212830364704,0.9867883324623108,0.8510352969169617,-0.7135663628578186,0.30057889223098755,0.5066017539446334,285.6571545324525,0.0
25.417,59.819073841113976,-1.8112740710298723,0.9136231021813157,67,0.03498347848653793,0.011539499275386333,0.9912890791893005,-1.5531809329986572,-3.061488151550293,-0.1125219315290451,0.5073470982481362,285.6571545324525,0.0
25.467,59.78653522842901,-1.945689790816252,0.40099400138162433,67,0.04481790214776993,-0.006626049056649208,0.9803681373596191,0.49001118540763855,-1.2697480916976929,-1.5087493658065796,0.5087897352224312,285.6571545324525,0.0
25.518,59.67484351586111,-2.040691605829435,0.40529898661109204,67,0.036106351763010025,0.014431319199502468,1.0063062906265259,1.82624089717865,1.3385913372039795,-4.167750835418701,0.509820142451087,285.6571545324525,0.0
25.568,59.561078472315025,-1.7521500050855505,1.4250478884618405,68,0.0179189071059227,0.051998320966959,0.9933086633682251,1.2115123271942139,2.2161824703216553,-3.2500414848327637,0.5111260675257451,285.6571545324525,0.0
25.619,59.568236499972606,-1.149724130740248,2.361138673265998,68,0.016401061788201332,0.049659475684165955,1.0129544734954834,-1.0124863386154175,0.21005015075206757,2.756087303161621,0.5116075676411066,285.6571545324525,0.0
25.669,59.62394052113018,-1.5306863998201417,1.6740194536962094,68,0.03798435255885124,0.013189037330448627,1.0019984245300293,-0.9864004850387573,0.054270125925540924,0.2577421963214874,0.5122652753546333,285.6571545324525,0.0
25.719,59.639237209600786,-1.6768543019217377,1.5638224534229017,68,0.030903348699212074,0.028894439339637756,0.9746992588043213,-1.0767573118209839,0.46785905957221985,0.541816771030426,0.5126949331817042,285.6571545324525,0.0
25.769,59.64720677105752,-2.1055729863074633,1.0631210729589438,68,0.044836774468421936,0.01229130756109953,0.9844128489494324,4.784256458282471,0.8978017568588257,-2.2592365741729736,0.5132446836047806,285.6571545324525,0.0
25.82,59.61609586233534,-1.22987472314553,1.8424737103465314,68,-0.002591475145891309,0.048267513513565063,1.0336281061172485,1.2648488283157349,0.9399058818817139,3.1148111820220947,0.5135569879633624,285.6571545324525,0.0
25.87,59.730112003488344,-1.1269771050769832,1.5574515474480584,68,0.022555863484740257,0.020052781328558922,0.9995977282524109,-2.3156979084014893,-1.796156644821167,1.2836551666259766,0.513951492521807,285.6571545324525,0.0
25.921,59.82086929755838,-1.5518700467384177,1.2643216128729968,68,0.04120906442403793,0.014120049774646759,0.9688452482223511,0.37537845969200134,-0.050870418548583984,0.8435996174812317,0.5141884113874127,236.73895128972174,0.0
25.973,59.82414918664045,-1.6308166213230704,1.395479017120193,68,0.02294534631073475,0.03532445803284645,1.0007662773132324,1.939753532409668,3.3298730850219727,1.8930445909500122,0.5146977832617008,236.73895128972174,0.0
26.024,59.84533372388549,-1.4978412188881234,0.8267050746955911,68,0.01930592581629753,0.006892669480293989,1.0250478982925415,1.6209102869033813,2.2819912433624268,-0.2513837516307831,0.5147359221633034,236.73895128972174,0.0
26.075,59.802921608047505,-1.5912744308631444,0.4617402276375502,67,0.03414679318666458,-0.004860177636146545,0.9782833456993103,-1.7754485607147217,0.5257827043533325,-4.280004501342773,0.5146789762313809,236.73895128972174,0.0
26.125,59.66137724142279,-1.0844618662464307,1.671343003509851,67,0.0007938788621686399,0.06980865448713303,1.0092355012893677,0.07909143716096878,0.4177005887031555,-0.8338401317596436,0.5146135206048783,236.73895128972174,0.0
26.176,59.71764913215615,-0.8842315857077611,2.3050887914456926,67,0.018725110217928886,0.03948087990283966,1.0066533088684082,0.4831162691116333,-2.1696324348449707,1.3861874341964722,0.5143956990500342,236.73895128972174,0.0
26.226,59.809598028661846,-0.8191776946843456,2.425698885248952,67,0.010318339802324772,0.04013049975037575,1.0144416093826294,0.19440697133541107,-0.7309893369674683,3.576789379119873,0.5145156494391941,236.73895128972174,0.0
26.276,59.91006657043179,-1.2420224090305874,1.3981540783905138,67,0.03411133214831352,0.006911512929946184,0.9748186469078064,-3.9593987464904785,-1.101902961730957,0.7223447561264038,0.5149564005842324,236.73895128972174,0.0
26.33,59.94809466656965,-1.6221298316775388,0.8805193182518398,68,0.040705081075429916,0.003551431931555271,0.9778229594230652,-0.09878852218389511,0.667873740196228,1.742978811264038,0.5157900080421897,236.73895128972174,0.0
26.381,59.86677424004968,-1.6192822361702846,0.7309631765981159,68,0.018927158787846565,0.027299819514155388,1.0040333271026611,2.2642247676849365,-1.9266479015350342,-1.7837711572647095,0.516424990216116,236.73895128972174,0.0
26.431,59.82110489080378,-1.3489723674125338,0.9655583951969156,68,0.021466925740242004,0.015033194795250893,0.996512770652771,1.9373910427093506,-1.2474766969680786,-3.3574976921081543,0.5172541779081191,236.73895128972174,0.0
26.481,59.763739875433004,-0.9887227074576382,1.504835972050053,68,0.012888971716165543,0.033114153891801834,1.0021495819091797,0.3734606206417084,-1.2190996408462524,1.8202542066574097,0.5177659798473064,283.0355624536069,0.0
26.531,59.75907641257439,-1.0914271226105963,1.0253367813905212,68,0.020440438762307167,0.0020318240858614445,1.0011999607086182,1.3902125358581543,-2.4032399654388428,-1.2495051622390747,0.5181490919959821,283.0355624536069,0.0
26.582,59.721365628092734,-1.0224997648912897,1.04369956568392,67,0.013219032436609268,0.025363074615597725,1.0090607404708862,0.3820258378982544,-1.3087248802185059,-1.7542376518249512,0.5181297743237816,283.0355624536069,0.0
26.632,59.70018243859388,-0.939663635121965,1.1462461997844406,67,0.013330205343663692,0.024077340960502625,0.9988993406295776,-0.18604321777820587,-0.4867706596851349,-0.6437828540802002,0.5176932670344603,283.0355624536069,0.0
26.683,59.70277411386165,-0.9121882416554878,1.057547273655434,67,0.018935315310955048,0.014043213799595833,1.0023512840270996,-1.6131607294082642,-0.8011841773986816,0.20447061955928802,0.5171869671853039,283.0355624536069,0.0
26.733,59.70416717434284,-0.9943637144683097,1.219555048345799,67,0.017496787011623383,0.02020278386771679,0.9873822927474976,0.2907763123512268,0.046413347125053406,1.6293435096740723,0.5168590810542081,283.0355624536069,0.0
26.783,59.70453861782051,-1.0334282510085708,1.0167221701672375,67,0.01995096169412136,0.015285206027328968,0.9982325434684753,-0.1685936599969864,-0.9388370513916016,-1.62954843044281,0.5164331941917789,283.0355624536069,0.0
26.834,59.73894697631794,-1.1093677391881687,1.077840314304634,68,0.02342287264764309,0.01896924152970314,0.9859275817871094,1.5735501050949097,3.3267550468444824,1.367468237876892,0.5157824248246347,283.0355624536069,0.0
26.884,59.76654751222247,-1.0475270543508557,0.6925862685730481,68,0.019748207181692123,0.0019219088135287166,1.01920747756958,-1.0612436532974243,-0.20031030476093292,-1.3198890686035156,0.5152803559246277,283.0355624536069,0.0
26.934,59.751727195134784,-0.9060603610401059,0.7615711721900214,68,0.005384521093219519,0.013648164458572865,1.0103983879089355,-0.033189959824085236,2.2846531867980957,0.7755154371261597,0.5152453855605009,283.0355624536069,0.0
26.984,59.76534491298761,-1.017728237773024,0.9389711352084641,68,0.02161850593984127,0.021208694204688072,0.970000147819519,-0.3669179379940033,-1.4956635236740112,-0.15901778638362885,0.5152056867475582,283.0355624536069,0.0
27.035,59.79678058445936,-1.1035674463548157,0.7385456560419588,68,0.015935668721795082,0.011566445231437683,1.016256332397461,3.677316665649414,-1.1970183849334717,0.4572148621082306,0.5154902960056835,287.85285841740443,0.0
27.086,59.80190461049562,-0.7886400077545558,0.9388699184968954,67,0.0015570257091894746,0.022075071930885315,1.0123220682144165,0.12373246252536774,1.3423196077346802,1.970649003982544,0.5156647638162378,287.85285841740443,0.0
27.136,59.81131447530682,-0.852682643396858,0.8295241930053758,67,0.02050570212304592,0.017924925312399864,0.9963608384132385,0.32719093561172485,1.5903717279434204,-0.7650078535079956,0.5158769285920074,287.85285841740443,0.0
27.187,59.82558966122374,-0.6606995992656465,1.4596622585274306,67,0.011527479626238346,0.0371655635535717,0.9975802302360535,-3.3544373512268066,-0.18436022102832794,2.0856916904449463,0.5157146071336749,287.85285841740443,0.0
27.237,59.87165336677218,-0.960877220066375,1.4383472913377147,67,0.019972948357462883,0.02104809321463108,0.9734476804733276,0.5158979892730713,-0.07781276851892471,2.191164016723633,0.5156198223388777,287.85285841740443,0.0
27.287,59.91155958971796,-1.3329287858720418,0.6733662701763352,67,0.031603310257196426,-0.0024069366045296192,0.9883713126182556,1.2832697629928589,-0.41300317645072937,-2.3968663215637207,0.5155916597905602,287.85285841740443,0.0
27.338,59.898488770257806,-1.0466422328246276,1.2052353660427977,68,0.01385781355202198,0.02536693960428238,0.9989528656005859,0.8779232501983643,1.413700819015503,1.824439287185669,0.5154911013927036,287.85285841740443,0.0
27.388,59.87845984872294,-0.8378812097226815,1.3724877505568338,68,0.002719293115660548,0.039194148033857346,1.0161402225494385,1.22849440574646,1.628920555114746,-0.004005637485533953,0.5156821041964778,287.85285841740443,0.0
27.439,59.913980624435325,-0.5791148992936882,1.566473344772819,68,-0.00439918227493763,0.02964799478650093,1.013913631439209,-1.2971137762069702,0.5039591193199158,1.0110517740249634,0.5157356207221968,287.85285841740443,0.0
27.489,60.0179967666396,-0.8940101245893054,0.9773328299024273,68,0.044333554804325104,-0.015653815120458603,0.9684369564056396,-1.1688411235809326,1.353014349937439,1.7385191917419434,0.5149653263167412,287.85285841740443,0.0
27.539,59.99247637515408,-1.136623765930078,0.6398829674827904,68,0.02329966239631176,0.009116117842495441,0.9947421550750732,0.843944251537323,3.7177059650421143,1.2759215831756592,0.5143157437005301,287.85285841740443,0.0
27.591,59.92105776804867,-1.1370451857159256,1.105849676342161,68,0.010377919301390648,0.04221644625067711,0.9826362133026123,2.5324277877807617,2.0605556964874268,-2.005680799484253,0.513236839110387,280.78082742000265,0.0
27.641,59.93507995520744,-0.6947246658684213,1.6363504182617592,68,0.016925735399127007,0.025181911885738373,1.0012937784194946,-0.4898577332496643,-2.054656505584717,-0.43970760703086853,0.5119562244181965,280.78082742000265,0.0
27.691,59.95500471345297,-0.3150852336714724,2.3561988532611022,68,-0.007252927869558334,0.06087654083967209,1.0195083618164062,2.059544086456299,1.6626873016357422,2.346329689025879,0.5099210018378799,280.78082742000265,0.0
27.742,60.06525321800172,-0.3669755167504663,2.0929419420565276,68,0.00788928847759962,0.02161278761923313,0.987047553062439,-1.0498539209365845,-2.1119558811187744,2.9872941970825195,0.5081928799701717,280.78082742000265,0.0
27.792,60.15823249066484,-1.0325657896190592,0.8850241302115114,68,0.03929440677165985,-0.014009564183652401,0.9781649112701416,0.23446455597877502,-1.0335196256637573,0.3150017559528351,0.5059874298613876,280.78082742000265,0.0
27.842,60.07903420642243,-1.1663946418681437,0.4203702039247528,68,0.014708861708641052,0.014367337338626385,1.0160586833953857,0.835750162601471,2.773367166519165,-3.3211452960968018,0.5048919514811386,280.78082742000265,0.0
27.893,60.030852282632054,-0.5438129994157866,1.7898088836305488,68,0.004219654947519302,0.047384146600961685,1.0027294158935547,-1.1524322032928467,0.28972184658050537,0.3296375870704651,0.5036485756196122,280.78082742000265,0.0
27.943,60.03412273005116,-0.3703667154518102,2.2992628113512756,68,0.004384477157145739,0.057037558406591415,1.0117154121398926,-2.052490234375,1.2146469354629517,0.6925209164619446,0.5027900261500365,280.78082742000265,0.0
27.993,60.1032219038016,-0.42627283975408736,2.265947946824933,68,0.012060124427080154,0.031429797410964966,0.9842856526374817,-1.6064971685409546,-0.12856115400791168,1.8183772563934326,0.5023112335851827,280.78082742000265,0.0
28.043,60.14984670042903,-0.7472686045428936,1.9243112507378306,68,0.020036686211824417,0.02547699213027954,0.9900861978530884,0.21170946955680847,-1.271908164024353,0.8317318558692932,0.5017456581150389,280.78082742000265,0.0
28.093,60.1975430980793,-0.7502499604537911,1.7246966052653256,68,0.01369304396212101,0.025993619114160538,0.9996632933616638,-0.32415810227394104,-0.8288242816925049,1.314924955368042,0.5015219477538554,280.78082742000265,0.0
28.144,60.20203570260093,-0.5953143130913967,1.7059272874287774,68,-0.0016081612557172775,0.033111847937107086,1.0138330459594727,-0.6436904668807983,-0.8351908326148987,2.739737033843994,0.5019035321652666,280.1057833578202,0.0
28.195,60.24932040231403,-0.8831935469252127,1.1116202045160488,68,0.021831121295690536,0.0025122116785496473,0.9926139116287231,1.136193037033081,-0.800675094127655,-0.4433363378047943,0.5026660381868355,280.1057833578202,0.0
28.245,60.21411635844098,-0.8233183251753102,1.4154740387298481,68,0.005213657394051552,0.04549088329076767,1.0009344816207886,0.19814051687717438,-1.1724140644073486,-0.7150512337684631,0.5034713593197719,280.1057833578202,0.0
28.295,60.2428045913761,-0.6017769756522412,1.6826447691679036,68,0.009816290810704231,0.022689618170261383,0.989496648311615,-0.2233051210641861,-0.6710492372512817,0.8953672647476196,0.5039814954145118,280.1057833578202,0.0
28.346,60.230348674685224,-0.6972995901577346,1.1746249657561947,68,0.009767119772732258,0.006924160290509462,1.0184522867202759,0.7154206037521362,-0.41639670729637146,0.3748554289340973,0.5048561379304239,280.1057833578202,0.0
28.397,60.17849145324773,-0.8024870773906105,0.9281568115482847,68,0.013315617106854916,0.023846730589866638,1.006068229675293,-2.261866569519043,-0.8355534672737122,-2.7373046875,0.5056038107192555,280.1057833578202,0.0
28.449,60.17120179275627,-0.7086624103781305,1.160307996439351,68,0.01305313315242529,0.026949333027005196,0.9901341199874878,-1.419291615486145,-0.16247762739658356,-1.2994416952133179,0.5062712374231373,280.1057833578202,0.0
28.499,60.1717558209496,-0.6959896960849339,1.3960460712930314,68,0.014952925965189934,0.020267359912395477,0.9979780912399292,-1.3235936164855957,0.6228994727134705,1.2475658655166626,0.5062903231478607,280.1057833578202,0.0
28.55,60.17460087000814,-0.940875108539301,1.2529830962462818,68,0.015114734880626202,0.024108650162816048,0.99625563621521,-0.435391902923584,0.15564307570457458,0.2706066966056824,0.505894746035574,280.1057833578202,0.0
28.6,60.18282701237001,-0.9967457612555173,1.0194622180896644,68,0.01584821380674839,0.010912863537669182,0.9927743673324585,0.28311771154403687,-0.6438850164413452,-2.0630855560302734,0.5059077459214079,280.1057833578202,0.0
28.65,60.19121479141531,-0.631663737364181,0.9913913066047931,68,0.010518532246351242,0.010837076231837273,1.0040875673294067,-3.3953614234924316,-1.4259923696517944,0.48385798931121826,0.5059661015460725,280.1057833578202,0.0
28.7,60.13506281787168,-1.0778225212658967,0.5364843448206082,68,0.016314340755343437,0.0037621615920215845,1.0006352663040161,3.746795654296875,1.1407101154327393,-2.027799367904663,0.5061765339577864,249.51243307555026,0.0
28.751,60.068524178477276,-0.8604046185292584,0.8775420461961924,68,0.020154183730483055,0.018987221643328667,0.995764970779419,-1.8978849649429321,-2.19610333442688,-0.40494415163993835,0.506407603784996,249.51243307555026,0.0
28.801,59.99586296380643,-0.757472202084824,1.0802873676454445,68,3.272024332545698e-05,0.02820282243192196,1.0294830799102783,0.6437923312187195,1.703908920288086,-1.5408589839935303,0.5066868283260177,249.51243307555026,0.0
28.852,59.94909169470504,-0.4982046634334739,2.1002750667039742,68,0.0026766424998641014,0.06989559531211853,0.9766258001327515,-3.093524694442749,-0.37974122166633606,-0.39489009976387024,0.5075369644433724,249.51243307555026,0.0
28.902,60.05580397607896,-0.6142562272751645,2.2307769908960986,68,0.0212101973593235,0.021243559196591377,0.9665168523788452,0.5919245481491089,-1.7993242740631104,1.9017122983932495,0.5076101458041707,249.51243307555026,0.0
28.952,60.083912954521395,-0.9750792286267028,1.2863309006132069,68,0.015219448134303093,0.014027860946953297,1.002819299697876,3.0815699100494385,0.1369548887014389,0.7733277678489685,0.5078600458857816,249.51243307555026,0.0
29.003,60.10411801704206,-0.7761848575979914,0.9286622915809828,68,0.010256948880851269,0.01310418639332056,1.0175050497055054,-0.8840517997741699,-0.33458155393600464,0.22354257106781006,0.5080250637464848,249.51243307555026,0.0
29.053,60.097592747225,-0.5844925521579022,1.2688093555162794,68,0.004969818517565727,0.03221346065402031,1.0180754661560059,-0.9031175971031189,0.989776074886322,0.764475405216217,0.5077735741641174,249.51243307555026,0.0
29.104,60.105821402733845,-0.6266294834741157,1.602502963372815,68,0.0027333470061421394,0.0378604531288147,1.004694938659668,0.13948670029640198,-1.9190424680709839,-0.3676134943962097,0.5072527417864021,249.51243307555026,0.0
29.154,60.18620065300406,-0.8369125659935532,1.3979770468105175,68,0.026356708258390427,0.009011540561914444,0.9601919651031494,-0.813908576965332,-3.3307976722717285,0.5720688700675964,0.5070923976010685,249.51243307555026,0.0
29.204,60.161604139310974,-0.8788641139545224,1.1365188304270226,68,0.011500218883156776,0.024164652451872826,1.0186254978179932,2.102430820465088,-1.1009187698364258,-0.04163195565342903,0.506940010110967,233.0168888888889,0.0
29.255,60.20771386701167,-0.6658120759019812,1.1579984862908248,68,0.015120966359972954,0.009312586858868599,1.0047519207000732,-0.46432432532310486,-3.2823171615600586,2.0053975582122803,0.507154412379056,233.0168888888889,0.0
29.305,60.19531298359743,-0.9025501122815651,0.5561620669674551,67,0.014184394851326942,0.0035522624384611845,1.016818642616272,0.7523873448371887,1.2800246477127075,-0.7411616444587708,0.5070321341952756,233.0168888888889,0.0
29.355,60.18131544677246,-0.8839749855231303,0.9241358614816505,67,0.02060917392373085,0.026600204408168793,0.9890583753585815,-3.017530679702759,0.9259733557701111,0.5727601647377014,0.5069930943375701,233.0168888888889,0.0
29.406,60.20167701229671,-0.8750783776776961,1.0202516453096242,67,0.013993156142532825,0.010920104570686817,0.9901422262191772,-1.121619701385498,0.3256136178970337,1.2048089504241943,0.507040286165427,233.0168888888889,0.0
29.456,60.1919661142407,-1.3246251556052264,0.6473724449733769,67,0.02911411225795746,0.0038908389396965504,0.9741330742835999,0.7805812954902649,-1.8955217599868774,-1.642088532447815,0.5071465794388236,233.0168888888889,0.0
29.507,60.188935353563814,-1.2733871527810947,0.5016591696441486,67,0.025633197277784348,0.0008056623628363013,0.9778193831443787,-0.7150697112083435,-1.017608642578125,-0.7185021638870239,0.5078337420822152,233.0168888888889,0.0
29.557,60.12255923688268,-1.2357158932023922,0.41393301072414884,67,0.018306231126189232,0.006824079900979996,1.015376329421997,2.4748525619506836,2.078903913497925,-0.7813929319381714,0.508397286197507,233.0168888888889,0.0
29.608,60.05885609221681,-1.0483836664585802,0.6013548298500718,67,0.008010662160813808,0.02227104641497135,1.013338565826416,-0.2727672755718231,-0.685564398765564,-3.5844669342041016,0.508824420842039,233.0168888888889,0.0
29.66,60.058244173402144,-0.5128909627876382,1.5286443363464832,67,4.467226244742051e-05,0.03973175585269928,0.9883993864059448,-2.1325905323028564,0.09083305299282074,2.0691704750061035,0.5086960578708788,233.0168888888889,0.0
29.712,60.1185976624453,-0.8517225880566542,0.8037616675018724,67,0.029613632708787918,-0.00821955781430006,0.9996823072433472,-1.5596015453338623,-1.1911617517471313,1.7610105276107788,0.507472038172313,233.0168888888889,0.0
29.762,60.099246362026086,-1.038075030404041,0.055895416965114304,67,0.010309646837413311,-0.012965656816959381,1.0263829231262207,-0.35321417450904846,1.0983272790908813,0.2919636368751526,0.5064822359232894,289.62187543157023,0.0
29.812,60.05446384853814,-1.3142368517759013,-0.09210664400062128,67,0.030127249658107758,0.012161347083747387,0.9821228384971619,-0.841758131980896,2.9403834342956543,-4.246303558349609,0.5060786854856273,289.62187543157023,0.0
29.863,59.993359691510484,-1.2319944667206044,0.8525285564235588,67,0.015295966528356075,0.02726871147751808,0.9990208148956299,-0.76036137342453,2.209261894226074,-0.8073131442070007,0.5062511898523815,289.62187543157023,0.0
29.913,59.92794222934924,-1.075428456917404,1.1606436659354247,67,0.011899224482476711,0.03326093778014183,0.9878948926925659,-0.8761183619499207,1.48686945438385,-1.905160665512085,0.5068768737759105,289.62187543157023,0.0
29.965,59.95737706186721,-0.947210473636556,1.3225625696504304,67,0.022346027195453644,0.007698095869272947,0.9868179559707642,-0.8376501798629761,-0.0029066866263747215,1.7619649171829224,0.5081598208772942,289.62187543157023,0.0
30.016,59.9448188421052,-1.3986354935555911,0.8675760061470309,67,0.025572409853339195,0.014174411073327065,0.9767017960548401,2.379056692123413,0.3977118730545044,-1.1510497331619263,0.5085535485733633,289.62187543157023,0.0
30.067,59.920193067635296,-1.0935140981876712,0.9883310106659192,67,0.004701203666627407,0.021204985678195953,1.0170667171478271,2.1070847511291504,1.1010618209838867,-0.2358449548482895,0.5084479531991214,289.62187543157023,0.0
30.117,59.92974925475961,-0.8264118676676335,1.2183428777836838,67,0.01835767552256584,0.02218686044216156,1.0100675821304321,0.06928300112485886,0.28810060024261475,1.069582223892212,0.5081838617133883,289.62187543157023,0.0
30.167,59.96769833210832,-0.9832211196083138,1.0973156092512215,67,0.020592128857970238,0.019305992871522903,0.9877142906188965,-0.2162136286497116,-0.5278056859970093,-0.06671313941478729,0.507440505775531,289.62187543157023,0.0
30.218,60.00285768499234,-0.9823587151615484,0.9357375472967383,67,0.011655068956315517,0.01054976973682642,1.0018229484558105,0.9882625341415405,1.8146650791168213,0.2694985270500183,0.5067226909176233,289.62187543157023,0.0
30.269,60.03637359963514,-0.945555365817783,1.0707371782228707,67,0.0221956055611372,0.01321206521242857,0.9853575229644775,0.29044052958488464,2.077537775039673,2.484846591949463,0.5059841046322687,289.62187543157023,0.0
30.319,60.07913351048592,-0.8401070535607512,1.2270435910724224,68,0.014494200237095356,0.022973928600549698,0.9953629374504089,-0.6287112832069397,2.844642162322998,3.103281259536743,0.5055660084875225,285.6377008989376,0.0
30.369,60.09925798384509,-1.0631353582728778,1.0415798350663157,68,0.01119653508067131,0.024542422965168953,0.9862682223320007,1.6499691009521484,1.4874005317687988,-0.2671574652194977,0.5046508290245277,285.6377008989376,0.0
30.432,60.13099068758867,-0.9709725968412768,1.2095957119353613,68,0.021633481606841087,0.014305255375802517,1.0051287412643433,0.1811055839061737,-0.8749451637268066,-0.3779703378677368,0.5041580526698779,285.6377008989376,0.0
30.482,60.15185052779773,-0.6191871038238644,1.4571148051466778,68,0.010106705129146576,0.014470359310507774,1.0182734727859497,-0.5961635708808899,-1.579647183418274,2.5822503566741943,0.5040610945655959,285.6377008989376,0.0
30.533,60.10630441210094,-0.645345468929101,1.4391561316730783,68,0.0007555956253781915,0.04758909344673157,1.021347999572754,-0.8537691831588745,0.7419773936271667,-1.0164438486099243,0.5043993984061049,285.6377008989376,0.0
30.584,60.159678378797956,-0.8350666956243058,1.3097027124516634,67,0.02314157970249653,0.013021093793213367,0.9652049541473389,-2.686779499053955,-0.01630629599094391,-0.7751206159591675,0.5051024967792987,285.6377008989376,0.0
30.635,60.181318691207615,-1.1478677995683053,1.4878514173522797,67,0.03787786513566971,0.017971055582165718,0.9618043303489685,-0.1719629466533661,0.014635976403951645,2.1250803470611572,0.5052842088095543,285.6377008989376,0.0
30.685,60.107438688062366,-1.1677111761117385,1.3391433232099539,67,0.005824416875839233,0.03283733129501343,1.0041251182556152,3.7228658199310303,-0.5505881905555725,-2.171079635620117,0.5052451942993197,285.6377008989376,0.0
30.736,60.120580353325394,-0.8607479596698085,1.3364463791099366,67,0.01917732134461403,0.011049429886043072,1.0162172317504883,-1.013839602470398,-0.21355271339416504,-1.1583688259124756,0.5053900622047475,285.6377008989376,0.0
30.786,60.06564830070284,-0.4860104982491623,1.6654341157010237,67,-0.00210969103500247,0.04432192072272301,1.0286742448806763,-0.7042431235313416,2.5866549015045166,0.0460190512239933,0.5054783295788787,285.6377008989376,0.0
30.837,60.08267790257714,-0.3922203182517924,2.383607601629529,68,0.0014857669593766332,0.058472175151109695,0.9951637983322144,-1.0373129844665527,1.0559682846069336,0.785569965839386,0.505845510918782,285.6377008989376,0.0
30.888,60.21284873164649,-0.5679944122890123,2.2708701642381386,68,0.025758257135748863,0.02647174522280693,0.9774190187454224,-2.4667246341705322,-1.4959598779678345,4.488932132720947,0.5065118236434293,286.9469795443662,0.0
30.938,60.28252221143023,-1.0908142688630929,1.4898695265924773,68,0.02834562212228775,0.006583837326616049,0.9579732418060303,2.7789499759674072,-0.1626121699810028,1.2975150346755981,0.5069381855076082,286.9469795443662,0.0
30.988,60.26256547384818,-1.1144301074018264,1.2625852178304067,68,0.011394008994102478,0.03114609606564045,1.0014561414718628,5.19181489944458,0.16344395279884338,-1.9792505502700806,0.5074470464592507,286.9469795443662,0.0
31.039,60.249261720846825,-0.6047571400487517,1.4579083108947166,68,-0.006157048977911472,0.025705408304929733,1.0262163877487183,1.3974590301513672,2.2709414958953857,0.36976301670074463,0.5078493711311823,286.9469795443662,0.0
31.089,60.270266959518096,-0.2657454378749265,1.2507692714211853,67,3.684831608552486e-05,0.018402524292469025,1.0283881425857544,-3.883080244064331,-1.3974758386611938,-1.4319442510604858,0.5088142025142522,286.9469795443662,0.0
31.14,60.283478482195136,-0.586182931867762,1.1332022720552986,67,0.02265908755362034,0.016891470178961754,0.9965652227401733,-0.63213050365448,1.289615511894226,-2.8376076221466064,0.5093696041521102,286.9469795443662,0.0
31.19,60.25014455089394,-0.41437828171302604,1.8988467291940956,67,0.007381676696240902,0.047843948006629944,0.9778361320495605,-2.77777361869812,-0.15222960710525513,0.8223974704742432,0.5098995151237875,286.9469795443662,0.0
31.24,60.31626472703156,-0.7580709479212129,1.8421697690517218,67,0.023789027705788612,0.019319193437695503,0.9753485321998596,0.6407433152198792,0.19080688059329987,1.087575078010559,0.5097850971867346,286.9469795443662,0.0
31.291,60.3280715880913,-0.6791439553724944,1.9515448898216057,67,0.009178515523672104,0.04187167435884476,1.0031450986862183,-1.3419371843338013,-0.6096490025520325,1.264394998550415,0.5096853099277822,286.9469795443662,0.0
31.341,60.41302673565832,-0.8501116876138766,1.354256323313428,67,0.02186494693160057,-0.0005555067327804863,1.0072288513183594,0.6529204249382019,-0.3590008616447449,0.2841321527957916,0.509195478088736,286.9469795443662,0.0
31.392,60.41662244679994,-0.8382141721990599,1.0160737514753704,67,0.014689676463603973,0.013070863671600819,1.0138840675354004,0.1960127055644989,2.7099978923797607,0.4002256691455841,0.5088998577466811,286.9469795443662,0.0
31.443,60.373430588321526,-0.583906828546481,1.6277514806194222,67,-0.0021148715168237686,0.053617969155311584,1.0048859119415283,0.6016504168510437,2.5620954036712646,-0.3311695456504822,0.5087541861416731,297.7428835096188,0.0
31.493,60.44228095756228,-0.7200847975360352,1.817859702963985,67,0.02824733406305313,0.013049587607383728,0.9806533455848694,-0.4105725586414337,-0.6942477226257324,0.8949875831604004,0.5085149893124408,297.7428835096188,0.0
31.543,60.43333910282929,-0.7557304264352076,1.9148868473130978,67,0.01268690824508667,0.038105741143226624,0.9809101223945618,0.27133268117904663,0.5801359415054321,1.6768478155136108,0.5082836040807353,297.7428835096188,0.0
31.594,60.41113083587753,-0.41140292874151707,1.7331356917223297,68,-0.007981767877936363,0.034218184649944305,1.0244749784469604,1.232731819152832,-3.3594672679901123,-0.5934652090072632,0.5081672632342379,297.7428835096188,0.0
31.644,60.445180782846506,-0.3376446119097,1.3927916804747082,68,0.007946382276713848,0.009459620341658592,1.0143331289291382,-3.2754478454589844,-3.537555694580078,-0.006429907865822315,0.5078447532556138,297.7428835096188,0.0
31.694,60.47643036020023,-1.0676478767937905,0.9742460517468707,68,0.040848929435014725,0.008357025682926178,0.9374995827674866,1.3262312412261963,-0.19338618218898773,-1.3161112070083618,0.5075105813873234,297.7428835096188,0.0
31.745,60.41077696759022,-0.7695617843511586,1.551835918234202,68,0.007382575888186693,0.04307824373245239,0.9984340071678162,-1.8184504508972168,-0.6364573836326599,0.3196188509464264,0.5068343627994032,297.7428835096188,0.0
31.795,60.36905063014561,-0.8695648634560653,1.3416699490801653,68,0.01778142899274826,0.0172017440199852,1.0150789022445679,-2.2459468841552734,2.0533127784729004,1.1056562662124634,0.5063698469685392,297.7428835096188,0.0
31.845,60.270159566025924,-0.9312235527643431,1.112138682542953,67,0.00328040006570518,0.025307249277830124,1.0096524953842163,-0.6848878264427185,1.02558434009552,-2.6133227348327637,0.5056742127303482,297.7428835096188,0.0
31.896,60.24665713595272,-0.9908689523215158,1.8150298775073415,67,0.024598699063062668,0.04479645565152168,0.9630115032196045,0.6669033765792847,-2.414048433303833,-2.915226697921753,0.5049427919403193,297.7428835096188,0.0
31.947,60.239404479243376,-0.95951434056998,2.692933829067934,67,0.01566198468208313,0.06369765847921371,0.991741955280304,1.3883503675460815,-1.2393641471862793,2.154881715774536,0.5033460535866164,297.7428835096188,0.0
31.997,60.29697565249554,-0.7653193431804907,2.3031978473918335,67,0.013209348544478416,0.03093721531331539,1.0092620849609375,-0.42807257175445557,-0.4123518466949463,1.655354380607605,0.502363351051192,285.92978389801624,0.0
32.048,60.36426244064943,-0.9691648392419981,1.5203994319404361,67,0.02178064174950123,0.0003649834543466568,0.9967403411865234,-1.3149032592773438,-1.6942840814590454,0.3737645447254181,0.5012037089076602,285.92978389801624,0.0
32.098,60.36166091148417,-0.7981704876063053,1.4038514269456992,67,0.0016690277261659503,0.030289199203252792,1.0084121227264404,-0.8135486245155334,0.9025914072990417,-0.13129988312721252,0.5005542928509013,285.92978389801624,0.0
32.148,60.401614641282634,-0.8471852918289579,1.3050416568407635,67,0.020913202315568924,0.01212021429091692,0.9846712946891785,-0.15345901250839233,0.6454597115516663,-0.4052133858203888,0.4991206632556747,285.92978389801624,0.0
32.199,60.40953876969514,-0.6797753996689706,1.6729914173140297,67,0.006385199259966612,0.03706200048327446,1.0114258527755737,-2.3851306438446045,0.5235685110092163,2.681084156036377,0.4981407872785705,285.92978389801624,0.0
32.249,60.433470220489355,-1.0101372224080583,1.4292627087458307,67,0.017594333738088608,0.020671740174293518,1.0023454427719116,-1.0905042886734009,-2.249615430831909,-0.3288269639015198,0.4971655358518799,285.92978389801624,0.0
32.3,60.464968529789004,-1.2367455959525762,1.1233494358792508,68,0.027400225400924683,0.012733977288007736,0.9741145968437195,-1.4393218755722046,-3.502638101577759,-1.9534986019134521,0.4954697868978243,285.92978389801624,0.0
32.35,60.46016063805067,-1.2426042914738769,1.1321001070873733,68,0.03021002933382988,0.017979945987462997,0.9824467301368713,-1.574912428855896,-1.0112262964248657,0.23363618552684784,0.4943013302976361,285.92978389801624,0.0
32.401,60.36126768439274,-1.0861716316328605,1.3060760470450576,68,0.007298944517970085,0.04366568103432655,1.009103775024414,0.8688417077064514,0.6028574109077454,-1.4638117551803589,0.493083814502594,285.92978389801624,0.0
32.453,60.350187032885565,-1.1243792450729613,1.499336199924638,68,0.016560908406972885,0.02897556684911251,0.9814684987068176,0.5279979109764099,-1.5404008626937866,-2.807217597961426,0.4918168459544274,285.92978389801624,0.0
32.503,60.38112823802557,-0.713798052380728,1.9683293761219287,68,0.017906324937939644,0.026166772469878197,0.9954087734222412,-1.9850937128067017,-0.699927806854248,2.861717462539673,0.4910547865181392,283.89765804792205,0.0
32.553,60.40073015493999,-1.1775022149707053,1.427493582852859,68,0.02645428106188774,0.0121561698615551,0.9754867553710938,-0.26831990480422974,-3.26175856590271,1.7455540895462036,0.49051627126108405,283.89765804792205,0.0
32.604,60.39056418559831,-1.6070837529229751,0.5311411491739108,68,0.02692091278731823,0.0071586244739592075,0.997422456741333,2.471721649169922,-1.1109890937805176,-4.294069766998291,0.48970654810036196,283.89765804792205,0.0
32.654,60.359431263842865,-1.0876694308126724,1.3821066375177342,68,0.007127806544303894,0.04133790731430054,1.021578073501587,-0.0012641819193959236,1.1769523620605469,0.8125611543655396,0.48914460334530435,283.89765804792205,0.0
32.705,60.33841339954565,-0.8606751878711499,1.8520662085053925,68,0.00468352111056447,0.04845302924513817,0.9963781833648682,1.2816308736801147,1.03877592086792,0.5953293442726135,0.48864483743019094,283.89765804792205,0.0
32.756,60.41095854376474,-1.0244148139086133,1.3949973950131813,68,0.029831549152731895,-0.0012597187887877226,1.000685691833496,-0.10059954971075058,2.1093273162841797,-1.6571216583251953,0.4886004380522027,283.89765804792205,0.0
32.806,60.409303246853945,-0.9612642944128765,1.4725365461886857,67,0.017330536618828773,0.021168427541851997,0.9868174195289612,-0.6930755972862244,1.2486202716827393,2.4280974864959717,0.4883945420901754,283.89765804792205,0.0
32.857,60.41236454631412,-1.1528356793803587,1.0742792384449202,67,0.020007619634270668,0.018264861777424812,0.9793010354042053,2.4097955226898193,0.3815920054912567,-0.465443879365921,0.48822194374359473,283.89765804792205,0.0
32.907,60.42431825911961,-1.30069399719666,0.8709445223197327,67,0.031093036755919456,0.00817506480962038,0.9806273579597473,1.0718185901641846,-0.8918799757957458,-3.753950595855713,0.4877275019398821,283.89765804792205,0.0
32.958,60.364112155324435,-0.8673804971054146,1.3576549354734138,67,0.014905039221048355,0.02138683572411537,1.000227451324463,2.5141892433166504,3.6454195976257324,2.389862537384033,0.48715448016370977,283.89765804792205,0.0
33.009,60.36238012528143,-0.2974936342632292,1.8023265474760302,67,-0.022431468591094017,0.0454431027173996,1.0481795072555542,4.777982711791992,3.4546444416046143,1.2043853998184204,0.4864472319991838,283.89765804792205,0.0
33.059,60.417251469756835,-0.15094641489197602,1.7825350758772331,67,0.013912750408053398,0.02171442285180092,0.9911448955535889,-2.473806619644165,0.7561122179031372,-0.35871201753616333,0.48587826059110756,285.3268027210884,0.0
33.11,60.417646562199295,-0.26932777153314563,2.1734251200487837,67,0.008183922618627548,0.05227017030119896,0.9809086322784424,2.1507043838500977,3.986478328704834,2.4058752059936523,0.4854299249855767,285.3268027210884,0.0
33.16,60.431092393516785,-0.10862718361978323,2.684648260947667,67,-0.004294546786695719,0.0510903000831604,1.008571982383728,2.2125461101531982,-0.2921399176120758,2.352813959121704,0.48512740739910043,285.3268027210884,0.0
33.21,60.50067461553751,-0.3312271084773989,1.7657784214187429,67,0.01594460755586624,0.0032049394212663174,1.0097343921661377,1.016987919807434,1.322492241859436,-0.6115807890892029,0.4848864067778145,285.3268027210884,0.0
33.261,60.46641721609804,-0.03899971038559316,2.3375720171383727,67,-0.010677034966647625,0.05916357785463333,1.020851731300354,-0.7088725566864014,2.066565990447998,2.6121649742126465,0.48492345340232734,285.3268027210884,0.0
33.311,60.48978905652694,-0.02117563421997101,2.6636183250265577,67,-0.002380408113822341,0.06226275488734245,0.9927255511283875,-1.5112608671188354,-0.20555554330348969,-0.34156250953674316,0.48495483475834433,285.3268027210884,0.0
33.361,60.57878362190276,-0.09719650568790983,2.8432268860652044,67,0.007594101596623659,0.042075976729393005,0.9964203238487244,-1.3162386417388916,-0.248036190867424,1.9413769245147705,0.48547139545842205,285.3268027210884,0.0
33.412,60.67117044968426,-0.20946904652977477,2.688027579815444,67,0.013890255242586136,0.031527284532785416,0.9851946234703064,-1.2479324340820312,-0.07915093004703522,5.267612457275391,0.48548641069050275,285.3268027210884,0.0
33.462,60.71147797705074,-0.7928661317163902,1.5852760121526692,67,0.021743081510066986,0.021157676354050636,0.9866132736206055,1.199011206626892,0.3077818751335144,-0.9697180986404419,0.48505118821081805,285.3268027210884,0.0
33.512,60.69104908935724,-0.5919433889208515,1.7590361257826188,67,-0.0032037151977419853,0.04319164156913757,1.0176551342010498,0.8204229474067688,0.27326294779777527,-0.3951733112335205,0.4851095636824012,285.3268027210884,0.0
33.562,60.705766308329856,-0.24606402352107115,2.1150377658038524,67,0.008523623459041119,0.03292148560285568,0.9897505640983582,-1.861549973487854,-0.9733131527900696,1.3907349109649658,0.4852694262122227,285.3268027210884,0.0
33.613,60.69327500222371,-0.752379105330202,1.9738041390970764,67,0.02450764924287796,0.03970768675208092,0.9720256328582764,-0.9997864365577698,0.9326981902122498,-0.7495846152305603,0.48572088414749626,286.7704088609326,0.0
33.663,60.64578304294665,-0.9531648068479572,2.258695315214984,67,0.015744950622320175,0.045443836599588394,0.991687536239624,0.05423067510128021,-1.521955132484436,-2.4768738746643066,0.48622726149648193,286.7704088609326,0.0
33.714,60.60923552641167,-0.4024016309976372,2.654857119215981,67,-0.008505802601575851,0.05509396269917488,1.020860195159912,-0.5835913419723511,-1.569942593574524,0.258416086435318,0.4866897414386939,286.7704088609326,0.0
33.766,60.62923508477104,-0.48366260266074973,2.6162196491380496,67,0.017052391543984413,0.04597336798906326,1.0021133422851562,-0.27953383326530457,0.8073189854621887,0.7572880983352661,0.4872047912440609,286.7704088609326,0.0
33.818,60.65616483765768,-0.617960426989699,2.601385127011796,68,0.013033438473939896,0.042985737323760986,0.9939345717430115,-0.7317770719528198,-0.11295001953840256,0.9015335440635681,0.4881258121122028,286.7704088609326,0.0
33.868,60.69064688173015,-0.7655135454095288,2.279516732360567,68,0.01894853450357914,0.025183917954564095,0.9882402420043945,-0.6626479625701904,-0.18473511934280396,1.1871988773345947,0.4887897193139769,286.7704088609326,0.0
33.918,60.69920181678162,-1.150019439067538,1.719284309907543,68,0.024731021374464035,0.018262138590216637,0.977626621723175,1.0818898677825928,1.1084153652191162,-2.304967164993286,0.49033767071240103,286.7704088609326,0.0
33.969,60.616514714509854,-0.6166519436783215,2.473960975657063,68,-0.006509378086775541,0.06471271812915802,1.017398715019226,-1.459486722946167,0.7562875151634216,0.30109262466430664,0.49138680886761454,286.7704088609326,0.0
34.019,60.623555884975566,-0.4954281448121649,2.6623989905337035,68,0.008401003666222095,0.04857318475842476,0.9958523511886597,-1.148962140083313,-0.36809468269348145,0.4033338129520416,0.4930145342020696,286.7704088609326,0.0
34.07,60.654257114913094,-0.8346869359042464,2.3921323643453714,67,0.026767399162054062,0.02868986688554287,0.9847179651260376,-0.8718305826187134,0.3925735652446747,-0.5017747282981873,0.49401367971632965,286.7704088609326,0.0
34.12,60.63570466922572,-0.7023718715595937,2.596360699740958,67,0.002574510872364044,0.057722993195056915,0.9922252893447876,-0.37321874499320984,0.40797552466392517,0.6657546162605286,0.4956133016267608,286.7704088609326,0.0
34.17,60.66503252279532,-0.8882520546901662,2.3801745153287195,67,0.022434720769524574,0.03325839340686798,0.9841007590293884,0.944563627243042,-1.34417724609375,-0.3667330741882324,0.4962036608524725,253.9693611867999,0.0
34.221,60.680595903959734,-0.8248864412534597,2.3151410897073483,67,0.014339229092001915,0.03964532911777496,1.0152184963226318,-0.12162472307682037,0.8321970105171204,0.6258060336112976,0.4967462048755266,253.9693611867999,0.0
34.272,60.68181482838991,-0.7165703869432618,2.4426842973493423,67,0.0085928188636899,0.04404555633664131,0.9969667792320251,0.04197024554014206,1.3331373929977417,1.3767786026000977,0.4975452042458573,253.9693611867999,0.0
34.323,60.692777646029576,-0.9128401890104122,2.1445804528154655,67,0.02494295872747898,0.028539106249809265,1.0038325786590576,0.4646799862384796,1.7383047342300415,-1.3388749361038208,0.49807718321705224,253.9693611867999,0.0
34.373,60.676744352039535,-0.5753136916467666,2.5251257765130575,67,-0.006806229241192341,0.05784543976187706,1.0140008926391602,-3.2125861644744873,1.2879173755645752,1.505855917930603,0.4983194052101105,253.9693611867999,0.0
34.423,60.728209427286956,-0.6644512086129052,2.6435692100784234,67,0.018674595281481743,0.04432643949985504,0.9824568033218384,-1.3462435007095337,-0.6744639873504639,1.0779420137405396,0.49888731934359176,253.9693611867999,0.0
34.473,60.75632848272796,-0.9173824311731109,2.480273797469202,67,0.021077187731862068,0.04605994001030922,0.9987589716911316,-2.3718299865722656,0.9270590543746948,-0.2787921726703644,0.49909730245529693,253.9693611867999,0.0
34.524,60.75642577175211,-0.8765960142275829,2.8004246722512907,67,0.011073866859078407,0.056481894105672836,1.0044337511062622,-1.07044517993927,0.44936731457710266,0.9270556569099426,0.49939235427666134,253.9693611867999,0.0
34.574,60.78615289939968,-0.7568006034989484,2.810894844907964,67,0.01036410965025425,0.050838131457567215,0.9929957389831543,-1.1833144426345825,0.9371250867843628,0.782378613948822,0.4997631452901707,253.9693611867999,0.0
34.624,60.82854368940107,-1.0424769930680642,2.64459447953015,67,0.02494891732931137,0.036247532814741135,0.9712406992912292,-0.8318305015563965,-1.6558107137680054,0.9215804934501648,0.500138647203661,253.9693611867999,0.0
34.675,60.82784527356065,-1.135486733334435,2.550401785765226,67,0.02016824297606945,0.050945721566677094,0.9755886793136597,1.5970388650894165,-1.2745126485824585,0.09397511184215546,0.4994017642822207,253.9693611867999,0.0
34.725,60.83267611023949,-0.9937991454063582,2.406645096520616,67,0.014579561538994312,0.036767326295375824,1.019431471824646,1.8723769187927246,-0.4258477985858917,-0.4839310646057129,0.4979700006825659,284.842376910017,0.0
34.776,60.786336086579226,-0.838232711424838,2.2795339205844884,67,0.015954704955220222,0.040754660964012146,1.0168037414550781,-1.6697660684585571,-0.3678007125854492,-1.0318657159805298,0.49720110639501097,284.842376910017,0.0
34.827,60.7499782384559,-0.7668501731842571,2.4920378101332976,67,0.0053175464272499084,0.052589356899261475,1.0161482095718384,-0.17551463842391968,2.02988600730896,-0.8902025818824768,0.49607618119479835,284.842376910017,0.0
34.877,60.70869149244273,-0.816111729033986,2.837231874548402,67,0.013821307569742203,0.05496121570467949,0.9808142781257629,-1.4314472675323486,0.6277226805686951,-1.2299138307571411,0.4956730869697384,284.842376910017,0.0
34.927,60.72539223028709,-0.8554328727125965,3.0007462718127953,67,0.018529577180743217,0.04358828440308571,0.97883540391922,-1.2105767726898193,-1.2092117071151733,0.7931072115898132,0.49593490817730523,284.842376910017,0.0
34.978,60.706520577167375,-0.9349766178556126,2.974952152177165,67,0.011069823056459427,0.05520552769303322,0.9931368827819824,0.8254951238632202,-1.6986479759216309,0.7111782431602478,0.49553570097564925,284.842376910017,0.0
35.029,60.71659555308589,-1.0733191397973474,2.3469616347674687,67,0.02474151737987995,0.03034510277211666,1.0040247440338135,1.4288878440856934,-3.1859796047210693,-2.7651405334472656,0.4953506450916493,284.842376910017,0.0
35.079,60.68904406804128,-0.6576183785107859,2.649256579930603,67,0.0012796038063243032,0.051908500492572784,1.0211474895477295,-0.8892584443092346,-2.8361411094665527,0.5334424376487732,0.49510349533767545,284.842376910017,0.0
35.13,60.68258624495702,-0.6445121213670398,2.578785346156446,67,0.003944866359233856,0.05160350725054741,1.0161017179489136,-1.3508710861206055,0.03948308899998665,-1.0054768323898315,0.4947474741164362,284.842376910017,0.0
35.18,60.717405665160655,-0.9495312121655773,2.2747310157122778,67,0.02857985533773899,0.029548753052949905,0.9765796065330505,-3.2192587852478027,-1.2383822202682495,-1.2162476778030396,0.49288223129006453,284.842376910017,0.0
35.231,60.709708929182085,-1.0996804002806089,2.5310225935830837,67,0.02694655954837799,0.04685482382774353,0.9658104181289673,-0.7172196507453918,0.06481796503067017,1.6524590253829956,0.49132462787609527,284.842376910017,0.0
35.281,60.67930258312878,-0.9281438791920128,2.5853300442033196,67,0.0034524982329458,0.0486290268599987,1.0041908025741577,0.7953613996505737,-1.3626320362091064,1.2509338855743408,0.48962976426591265,279.82547201280937,0.0
35.332,60.67979850524189,-1.1691483933342914,2.2483568759576587,67,0.02345285378396511,0.0405864417552948,0.9888180494308472,1.4100736379623413,-4.136586666107178,-2.8250808715820312,0.4884317767049799,279.82547201280937,0.0
35.382,60.70359951353406,-0.9502630126862083,2.2352944503685506,67,0.015488370321691036,0.030498012900352478,1.0144304037094116,-1.502944827079773,-4.243317127227783,-0.4208206832408905,0.4870486986251306,279.82547201280937,0.0
35.432,60.68468663582259,-0.9322186168002985,1.842153983828147,67,0.013036535121500492,0.031572125852108,1.0202914476394653,-0.6403185725212097,2.901411533355713,1.1862013339996338,0.48598254437147326,279.82547201280937,0.0
35.483,60.66511510438451,-1.1471420209251506,1.6862703014916973,67,0.025758294388651848,0.02469768188893795,0.9854057431221008,-0.9377074837684631,-0.8770421743392944,-1.713894009590149,0.48429764257309077,279.82547201280937,0.0
35.533,60.633452813085285,-1.2465815561636644,1.773069464000195,67,0.022120628505945206,0.03318742290139198,0.9907293915748596,-1.0462782382965088,-0.23324939608573914,-0.11466798931360245,0.48310245672996766,279.82547201280937,0.0
35.584,60.59137470203699,-1.2032309069781788,1.8997234276146175,67,0.015670422464609146,0.040397193282842636,0.9827439785003662,0.8395395874977112,-1.0169501304626465,-1.463178277015686,0.4815294323782329,279.82547201280937,0.0
35.634,60.55144866954849,-1.2106562774615703,2.1073515050294653,67,0.01851555146276951,0.042877763509750366,1.0051357746124268,0.6358532309532166,-1.8213485479354858,-1.4453061819076538,0.48114907157594244,279.82547201280937,0.0
35.685,60.558234753154075,-1.0153025296127909,2.16973871596808,67,0.016355102881789207,0.02513987012207508,1.010567545890808,1.5837992429733276,-1.547316312789917,1.7327919006347656,0.48142502362495976,279.82547201280937,0.0
35.735,60.54093146669884,-0.9454220900840955,1.7251352858241775,67,0.011719819158315659,0.032483045011758804,1.0286073684692383,0.060010962188243866,0.7986531853675842,-0.4301016330718994,0.48122860286997304,279.82547201280937,0.0
35.785,60.54081089967545,-1.0592683755449595,1.7085579179673445,67,0.023263730108737946,0.030014239251613617,0.994324266910553,-1.1719539165496826,1.509674072265625,-1.768925666809082,0.48148565118565767,279.82547201280937,0.0
35.835,60.534188544992226,-0.9838356163538144,2.2694205110094328,67,0.01569371111690998,0.055480703711509705,0.9811155796051025,-1.6426758766174316,0.34901145100593567,2.732748031616211,0.4812939580725609,285.4238856753998,0.0
35.886,60.58560964042866,-1.3459937191714915,1.8708544745076932,67,0.026416083797812462,0.021606087684631348,0.9834360480308533,2.785626173019409,-0.4111708700656891,-0.47626006603240967,0.48089746343056844,285.4238856753998,0.0
35.936,60.580568909767045,-1.1846554867199919,1.8269370085897085,67,0.014219334349036217,0.02595444768667221,1.0104002952575684,-0.17341572046279907,-2.5533392429351807,-0.5490372180938721,0.48105557566896295,285.4238856753998,0.0
35.987,60.59194452703825,-1.1443701765978107,1.3068720857958334,67,0.026960697025060654,0.015390380285680294,1.0076019763946533,-2.39607310295105,0.6727525591850281,-0.07126840949058533,0.4810170960795264,285.4238856753998,0.0
36.037,60.556757191682095,-1.1307398343085109,1.49166906933934,67,0.015724143013358116,0.03761458396911621,1.0012767314910889,-0.77904212474823,1.3204741477966309,-0.47432741522789,0.4809440977517234,285.4238856753998,0.0
36.088,60.55559170060378,-1.1605298970826021,1.8344046614744531,67,0.02043774724006653,0.028978822752833366,0.9875293970108032,-0.9211759567260742,-0.6317059397697449,0.5080278515815735,0.48117623168405205,285.4238856753998,0.0
36.139,60.56383445108524,-1.5034661669047187,1.4401214954158785,67,0.03292909637093544,0.0161043182015419,0.9724379181861877,0.989098072052002,-0.9970557689666748,-0.8793507814407349,0.4819744685513309,285.4238856753998,0.0
36.192,60.524223679060846,-1.420481367681196,1.4275624989510136,67,0.02059229463338852,0.03411311283707619,1.000054955482483,1.072075605392456,-0.8213058710098267,-2.365312337875366,0.48234611924415055,285.4238856753998,0.0
36.242,60.50190391417625,-0.8317466402505881,2.0166820619515304,67,0.000203012052224949,0.03986504301428795,1.025649070739746,-1.3161216974258423,0.8249871134757996,3.118804454803467,0.4832472991005572,285.4238856753998,0.0
36.292,60.50957661264088,-1.1544445952497486,1.5007301427763515,67,0.01746947690844536,0.02929646335542202,0.9991160035133362,0.8240871429443359,1.6489338874816895,-1.8064405918121338,0.48352190036556913,285.4238856753998,0.0
36.343,60.54889493678872,-1.0941720256765173,1.9937816755076896,67,0.02373451739549637,0.043284475803375244,0.9853188395500183,-2.8417210578918457,-3.2573635578155518,-0.715566098690033,0.4836372308665481,272.90676036176717,0.0
36.393,60.53171968725156,-1.1253546336721383,2.1046004637025844,67,0.01745109260082245,0.04715392738580704,0.9891151785850525,0.07996892929077148,1.059883952140808,-0.48522084951400757,0.48363638851700835,272.90676036176717,0.0
36.443,60.536001925977445,-1.0685819720420278,2.257532741602043,67,0.020604755729436874,0.034555789083242416,1.0043731927871704,0.4279125928878784,-1.1862623691558838,0.4941326975822449,0.4835517410949495,272.90676036176717,0.0
36.493,60.55086496068881,-0.9451073792883918,1.987043592052247,67,0.014808780513703823,0.030613437294960022,0.9953053593635559,-1.4905680418014526,0.23307380080223083,1.5353529453277588,0.48362356720073507,272.90676036176717,0.0
36.544,60.56262190574194,-1.3341040020233796,1.2509037290545537,67,0.03437347710132599,0.012572484090924263,0.9924246668815613,0.3054516613483429,0.7853789925575256,-1.7641406059265137,0.4838363446736782,272.90676036176717,0.0
36.594,60.507037379159705,-1.3578625861225821,1.3409927301666014,67,0.018409889191389084,0.030439676716923714,1.0076649188995361,-0.14591196179389954,-0.004935496021062136,-1.4678276777267456,0.48391552899993523,272.90676036176717,0.0
36.645,60.45434452458147,-1.396262013942102,1.4783706676473,67,0.030048685148358345,0.029067272320389748,0.9971574544906616,-0.45111435651779175,-1.4435715675354004,-5.016952037811279,0.4836196686119,272.90676036176717,0.0
36.695,60.403386584258406,-0.7082218782477061,3.315028721005607,67,-0.0017290079267695546,0.09574124962091446,0.9946762919425964,-3.0714638233184814,1.4524918794631958,2.3398196697235107,0.48388260076729783,272.90676036176717,0.0
36.746,60.522329201022636,-0.8135332688177945,3.57250973156715,67,0.01863441988825798,0.04983942210674286,0.9790661931037903,-0.359741747379303,-2.132542848587036,3.681542158126831,0.484045299261303,272.90676036176717,0.0
36.796,60.68309759931773,-1.0271363493720493,2.5415368289412017,67,0.028441373258829117,0.013089158572256565,0.9863058924674988,-1.8699932098388672,-3.5342676639556885,4.521254062652588,0.4844891259841043,272.90676036176717,0.0
36.846,60.707106412473,-1.3666619767779526,1.2297901030630178,67,0.023613641038537025,0.009994925931096077,1.001955509185791,-0.5448201298713684,-0.826216459274292,-0.005053924862295389,0.4848764922821514,272.90676036176717,0.0
36.898,60.69681770505942,-1.2695825868802453,1.3394934682557793,67,0.015899883583188057,0.025351835414767265,1.0147745609283447,1.8787057399749756,-0.38881680369377136,0.6249224543571472,0.4849320961231867,285.94927733842377,0.0
36.948,60.72780053104914,-1.2484224535315316,1.1463560234165855,67,0.028478369116783142,0.017101101577281952,1.0072230100631714,-1.6710461378097534,-2.6985509395599365,0.13203614950180054,0.4850064383121989,285.94927733842377,0.0
36.998,60.679412843340494,-1.437593891933872,1.0063404453123899,67,0.022248877212405205,0.02668825164437294,1.0093270540237427,1.1507319211959839,1.8809057474136353,-2.6797587871551514,0.4854445488327153,285.94927733842377,0.0
37.049,60.66294005452098,-1.239774405828131,1.9297267258267938,67,0.021337665617465973,0.040288541465997696,0.9932937026023865,-0.37984412908554077,0.7422330975532532,1.173226237297058,0.48553965023499873,285.94927733842377,0.0
37.099,60.66874125323598,-1.3438218101776553,1.9359841644971911,67,0.02598627842962742,0.036545149981975555,0.9888088703155518,-0.8970098495483398,-0.2919698655605316,-0.24913261830806732,0.48607267678859994,285.94927733842377,0.0
37.15,60.67861395579859,-1.3113094095484727,2.0780657510307936,67,0.019181065261363983,0.045145973563194275,0.9926989674568176,-1.2941612005233765,-1.204183578491211,0.37978336215019226,0.48662577417345226,285.94927733842377,0.0
37.201,60.71891319114464,-1.2820124760572984,1.7028657235382063,67,0.01825108751654625,0.01704581081867218,1.0048907995224,-0.14087200164794922,-1.0735507011413574,0.894697904586792,0.48760120535141976,285.94927733842377,0.0
37.253,60.674597152192916,-1.6176508319932061,1.2819303280456393,67,0.026767292991280556,0.030072828754782677,1.002549409866333,0.37909868359565735,-0.8814026117324829,-2.218722343444824,0.4883803876970294,285.94927733842377,0.0
37.303,60.65160815580814,-1.390356763169619,1.5109609272695275,68,0.020642315968871117,0.034725580364465714,0.9953345060348511,-2.1279356479644775,1.09111750125885,-1.093894124031067,0.4889825478325797,285.94927733842377,0.0
37.353,60.6162099922814,-1.3922414120189055,1.9133643507629963,68,0.026677995920181274,0.03935522213578224,0.988386869430542,0.29536378383636475,0.2544865608215332,0.7180660963058472,0.48971951128556507,285.94927733842377,0.0
37.404,60.58767899994821,-1.4359150916265773,1.992475575557346,68,0.022760059684515,0.03986756503582001,0.9991167187690735,-0.02877507172524929,-1.9071204662322998,-1.6798561811447144,0.49007267779189106,285.94927733842377,0.0
37.455,60.6060383337229,-1.3090656818349593,2.0586200487359445,68,0.021087663248181343,0.034235429018735886,0.9934172630310059,-0.46565452218055725,-0.7562851905822754,0.49731600284576416,0.4901982118356501,284.72635937818205,0.0
37.505,60.662496370479026,-1.3642837082329067,1.3766240445417843,68,0.0298784002661705,-0.0040269047021865845,1.0048327445983887,-0.4412117004394531,-0.8368356823921204,2.7500877380371094,0.48971825213855885,284.72635937818205,0.0
37.555,60.612796556069306,-1.7210826049384573,0.6615500184393708,67,0.02645733393728733,0.02039930410683155,1.0012521743774414,0.6280749440193176,1.5575240850448608,-2.097097396850586,0.4894738976181486,284.72635937818205,0.0
37.606,60.58661224424973,-1.5206188743667501,1.3297692093097417,67,0.02552395686507225,0.036060988903045654,0.9781233072280884,-0.6650187373161316,-0.22331930696964264,-0.6496213674545288,0.48944056762428195,284.72635937818205,0.0
37.656,60.5787304150259,-1.3575916060876976,1.6121020556275503,67,0.02599196881055832,0.03034989722073078,0.9912261366844177,0.7555925846099854,-0.8436499834060669,0.8334547281265259,0.4891603161247486,284.72635937818205,0.0
37.707,60.558888297332736,-1.3015714024986083,1.6628791748076015,67,0.01893543265759945,0.03715858608484268,0.9966124892234802,-0.502764105796814,-2.557573080062866,-0.6030406951904297,0.48901931230731244,284.72635937818205,0.0
37.758,60.57147051426783,-1.2713568101881763,1.9098267925004295,67,0.024081489071249962,0.039837077260017395,0.9791194200515747,1.1409672498703003,-2.1831367015838623,0.08564569801092148,0.4891159642852925,284.72635937818205,0.0
37.808,60.63232950839185,-1.251487486345798,1.7014296744303763,67,0.026748955249786377,0.022075429558753967,0.9970504641532898,4.048643589019775,-1.0333757400512695,2.5400588512420654,0.4890199931600578,284.72635937818205,0.0
37.858,60.65898771389483,-1.180295324275537,1.430646152697259,67,0.020067159086465836,0.028485681861639023,1.023163080215454,-1.5896764993667603,-0.395018607378006,0.3963342607021332,0.48887078314113075,284.72635937818205,0.0
37.909,60.692849377415214,-1.0645375589395882,1.469900014272255,67,0.015289761126041412,0.028631074354052544,1.0023353099822998,-1.7894227504730225,0.48987290263175964,0.2342892438173294,0.48878832555478735,284.72635937818205,0.0
37.959,60.75440308964242,-1.177432357767112,1.595767221668653,67,0.030565978959202766,0.021385855972766876,0.9744566679000854,-1.5646225214004517,-0.5862977504730225,3.2072601318359375,0.48870710004966583,284.72635937818205,0.0
38.01,60.77879774306989,-1.3836614961866247,0.9638795249197374,67,0.02326488494873047,0.010024148039519787,1.0015662908554077,2.1887543201446533,-0.7544930577278137,-0.12422231584787369,0.4888005467215727,285.9102931152011,0.0
38.06,60.768474138728195,-1.1391590549812947,1.0011470055621552,67,0.009605174884200096,0.02473912015557289,1.0052945613861084,0.6700785756111145,0.8182758688926697,-0.07980640977621078,0.489140974935575,285.9102931152011,0.0
38.111,60.780967602761706,-1.0098772161316805,1.1109447884593473,67,0.022440040484070778,0.015001683495938778,1.0089484453201294,-0.10103315114974976,1.4173215627670288,1.036212682723999,0.48928351338072584,285.9102931152011,0.0
38.161,60.75871746761217,-1.0768323565809448,1.4828041013298479,67,0.011055112816393375,0.04168712720274925,1.0164655447006226,0.7168494462966919,2.6781904697418213,-0.021221289411187172,0.4894845703361813,285.9102931152011,0.0
38.211,60.77587261425292,-0.8369610936530248,1.8753325372151322,67,0.009207678027451038,0.03912338614463806,0.998486340045929,-1.80892813205719,-1.4171119928359985,0.7857581377029419,0.48980197550087434,285.9102931152011,0.0
38.262,60.86869157006332,-1.1267774245265385,1.4509562236894846,67,0.034434862434864044,0.0027569704689085484,0.9736533761024475,-0.8636442422866821,-1.674697756767273,2.2018015384674072,0.4904941049952083,285.9102931152011,0.0
38.312,60.879332180175986,-1.323272363184337,0.9518942409460991,67,0.01987527683377266,0.017562098801136017,0.9938312768936157,1.847617745399475,-1.2600032091140747,0.3146674335002899,0.49095427766934197,285.9102931152011,0.0
38.362,60.86548807869911,-1.1991385239351031,0.7984618354959843,67,0.015724822878837585,0.01778903231024742,1.0034584999084473,1.5026856660842896,-2.6131815910339355,-1.7887896299362183,0.49124725800410646,285.9102931152011,0.0
38.413,60.856387741936814,-0.9413668220373915,1.1303813622777263,67,0.012638218700885773,0.023693053051829338,1.011878490447998,-0.20001477003097534,-1.0261976718902588,-0.11611715704202652,0.4908464144189166,285.9102931152011,0.0
38.464,60.838007503876284,-0.8269901233266868,1.303090745874606,67,0.011322129517793655,0.03299882262945175,1.018657922744751,-2.508547306060791,-0.3584751486778259,1.1250852346420288,0.4910004505317114,285.9102931152011,0.0
38.515,60.89530176247729,-1.178160818734166,1.394124202518627,67,0.0344901867210865,0.015764912590384483,0.9814544320106506,-2.4633350372314453,-1.0495822429656982,2.140564441680908,0.4912975685165102,285.9102931152011,0.0
38.565,60.87882293828923,-1.5087189745051557,1.035963161429536,67,0.02099548652768135,0.027068914845585823,0.9891781806945801,-0.17286793887615204,-0.7700462341308594,-2.49908709526062,0.49189751050660446,257.99987697607185,0.0
38.616,60.88270157580956,-1.0298931706963235,1.6458797828912914,67,0.014518436044454575,0.027230339124798775,1.001725196838379,-0.6174317002296448,-1.3533776998519897,1.247235894203186,0.492566262347828,257.99987697607185,0.0
38.666,60.88419664767027,-1.2814097215694118,0.9789678787045565,67,0.028799546882510185,0.009676474146544933,0.9935457706451416,-0.3295930027961731,-0.9270187020301819,-1.4153261184692383,0.49262785676433973,257.99987697607185,0.0
38.716,60.836655777187175,-1.1527525363078168,1.5645401572274698,67,0.008350327610969543,0.04457291588187218,1.0146260261535645,0.46315431594848633,-0.8061308860778809,-0.2861975133419037,0.4925362794248079,257.99987697607185,0.0
38.769,60.8785381703601,-0.963567301633546,1.6476097031774828,67,0.017252830788493156,0.023878641426563263,1.0051113367080688,-2.5913197994232178,-2.3012025356292725,0.9363855123519897,0.49245555774583083,257.99987697607185,0.0
38.819,60.90783896926668,-1.29027177637454,1.130668104558062,67,0.034266386181116104,0.00777377188205719,0.9726431965827942,-1.9760104417800903,-4.802798271179199,-2.0357232093811035,0.4922261761489022,257.99987697607185,0.0
38.87,60.87160233104651,-1.4763653278043622,0.7242862038983128,67,0.026417195796966553,-0.002426826162263751,1.0000250339508057,0.40789300203323364,-1.9931451082229614,-0.2603754997253418,0.491971361956733,257.99987697607185,0.0
38.92,60.820032288062365,-1.641503007184896,0.08402920872165248,67,0.026171214878559113,0.0036331061273813248,1.0075970888137817,2.307831287384033,0.8342819213867188,-2.0216269493103027,0.4917216514606894,257.99987697607185,0.0
38.971,60.78885858048236,-1.3538078095241102,0.4693925674318803,67,0.017791185528039932,0.02171790413558483,1.0193196535110474,0.12873312830924988,1.9950358867645264,-0.8302345275878906,0.4914279470790811,257.99987697607185,0.0
39.021,60.81537368721353,-1.248591743284198,0.9730531784729153,67,0.017125070095062256,0.021625114604830742,0.9905340075492859,0.3856247663497925,1.683955192565918,1.4087107181549072,0.49076562872259527,257.99987697607185,0.0
39.072,60.80041518231659,-1.3569678018335245,0.7680963062229719,67,0.024388417601585388,0.014993789605796337,0.9964920282363892,0.2881461977958679,-2.5068130493164062,-1.642621636390686,0.49025746504051987,282.6921884477994,0.0
39.122,60.81642429582374,-1.1597296722074009,0.7337283812348501,67,0.016975337639451027,0.00908790621906519,1.0029646158218384,-2.0332162380218506,-0.7912880182266235,0.5668699145317078,0.4898362337553604,282.6921884477994,0.0
39.172,60.8240284269854,-1.3894827920503148,0.37408249061263643,67,0.036365024745464325,-0.004196407273411751,0.991021990776062,-0.007784338667988777,0.8846791982650757,1.0706887245178223,0.48935243152601243,282.6921884477994,0.0
39.222,60.77672362668127,-1.3485061418248827,0.5664425627976986,67,0.012475810013711452,0.03230658173561096,1.02352774143219,-0.38419607281684875,0.2516503930091858,-0.8787054419517517,0.4890067846373942,282.6921884477994,0.0
39.273,60.81192692710256,-1.2776938097308443,0.9450022624526381,67,0.019696420058608055,0.02303728088736534,0.9863280653953552,-0.5361813306808472,0.4992130696773529,-0.0999952107667923,0.489054799760774,282.6921884477994,0.0
39.323,60.89548137728687,-1.3018750606713256,1.1577919013789872,67,0.03377939760684967,0.004719744436442852,0.9821982383728027,-0.6640533208847046,-0.23564329743385315,4.361525058746338,0.48922240652504767,282.6921884477994,0.0
39.373,60.92980165413541,-1.5297657646724319,0.3220177442411239,67,0.019079158082604408,0.0033669453114271164,1.0153123140335083,2.1994709968566895,2.1424238681793213,-0.46373552083969116,0.48942407040962727,282.6921884477994,0.0
39.424,61.0010738520718,-1.185493647532685,0.7167649959217645,67,0.024748163297772408,0.010709798894822598,0.9837998151779175,-2.288015604019165,-1.089492917060852,3.0356411933898926,0.48974048156140776,282.6921884477994,0.0
39.474,61.04216631524719,-1.320539159189176,0.48906061331780054,67,0.022445527836680412,0.007825030013918877,0.9929362535476685,0.7374505400657654,0.2891908586025238,0.8824400305747986,0.49012504951019276,282.6921884477994,0.0
39.525,61.04411851646482,-1.3931545430932801,0.5152681940231209,67,0.020069824531674385,0.015726609155535698,1.005262017250061,1.7614020109176636,-1.080731749534607,-0.6479819416999817,0.4906501917716848,282.6921884477994,0.0
39.577,61.1220664938646,-1.1839269181844998,0.2132849665790802,67,0.02384086325764656,-0.017869651317596436,1.0040007829666138,-0.647710919380188,-0.3530174493789673,1.7719364166259766,0.4904140094758245,282.6921884477994,0.0
39.627,61.11166490977449,-1.292490876065702,-0.25615327454543546,67,0.026950329542160034,-0.010454745031893253,1.0106083154678345,-1.1548354625701904,-0.41290169954299927,1.0481866598129272,0.4904541562034097,286.9077228264587,0.0
39.677,61.07146311799455,-1.4407950725252046,-0.3205406625326015,67,0.02018667198717594,0.00469829561188817,0.9993833303451538,-0.593732476234436,1.5525912046432495,-1.428587794303894,0.49072697324417225,286.9077228264587,0.0
39.728,61.050066113033644,-1.3359867279596653,0.18441290268411778,67,0.020740153267979622,0.005786476191133261,0.9910435080528259,-0.17576052248477936,-0.18381543457508087,-1.0159013271331787,0.49078870193500057,286.9077228264587,0.0
39.779,61.04613128287007,-1.2772582539636612,0.2385231917443496,67,0.0274334866553545,-0.000599677034188062,0.9949249625205994,-0.7189045548439026,0.9818161725997925,0.744379460811615,0.4911913847195682,286.9077228264587,0.0
39.829,60.98310916788307,-1.3262226982491683,0.4642888860152293,67,0.01689290441572666,0.02348129265010357,1.0101730823516846,1.9979815483093262,2.0962908267974854,-0.9209882616996765,0.49126844680106746,286.9077228264587,0.0
39.88,60.98484938160583,-0.7307661545485084,1.1289188693592118,67,0.0043565379455685616,0.026754673570394516,1.0069637298583984,-1.728436827659607,-1.0529917478561401,0.5030276775360107,0.4915961561880413,286.9077228264587,0.0
39.93,60.99962331822608,-1.0403607605562308,0.9308438347261973,67,0.026085009798407555,0.014865247532725334,0.998895525932312,-1.148347020149231,-2.7173664569854736,-2.0576720237731934,0.4919537146170877,286.9077228264587,0.0
39.981,61.01092271826618,-1.2109479401905046,0.8034139072550683,67,0.027117488905787468,0.004534789361059666,1.0063639879226685,-0.6837379932403564,-0.46741142868995667,0.440254271030426,0.4925397313895234,286.9077228264587,0.0
40.031,60.99109447181687,-1.059607772506847,0.8973847190011957,67,0.005003616213798523,0.026504073292016983,1.0009580850601196,0.019316349178552628,-0.4310884177684784,3.477675437927246,0.4927298792944749,286.9077228264587,0.0
40.082,61.02033321638338,-1.5092785709153573,0.12209969970959808,67,0.03052118979394436,-0.012504586949944496,1.0027978420257568,2.0559637546539307,-0.640169620513916,-1.8944705724716187,0.49277502535877205,286.9077228264587,0.0
40.132,60.96840760640208,-1.442188282730898,0.12755075990700793,67,0.021436037495732307,0.013378537259995937,1.0044517517089844,-0.9211845397949219,1.5158895254135132,-2.240236759185791,0.4925186433708817,286.9077228264587,0.0
40.182,60.95340698955773,-1.0161347848917073,1.2324615801970993,67,0.00957183726131916,0.03961239755153656,0.9987838864326477,-0.9760168194770813,1.0470168590545654,2.6386220455169678,0.49236710148028723,266.1191548759596,0.0
40.233,61.01293686049364,-1.4368402126050195,0.9535158385121337,67,0.03319591283798218,0.008735397830605507,0.9865992665290833,-0.4362173080444336,-1.4883466958999634,0.15231293439865112,0.49235552178280717,266.1191548759596,0.0
40.283,61.14706973093784,-1.3295306906149416,0.4785295343869922,67,0.024910759180784225,-0.030555296689271927,1.000762939453125,8.203124046325684,-4.696935653686523,6.829397678375244,0.4924028828186922,266.1191548759596,0.0
40.334,61.04172413272818,-1.5657001159819681,-0.2906062294485966,67,0.02517556957900524,0.015085968188941479,0.9624146223068237,2.053070306777954,-2.605161190032959,-4.792428493499756,0.4926847518119726,266.1191548759596,0.0
40.384,61.011855896711545,-1.1749842387229632,0.2614676748377664,67,0.011356640607118607,0.01358738262206316,1.002390742301941,2.228776454925537,-1.868580937385559,-2.0484652519226074,0.49274978576276685,266.1191548759596,0.0
40.434,60.93751136109445,-0.7949677055104378,0.7624181042236797,67,0.008138791657984257,0.020610973238945007,1.0255881547927856,0.24949900805950165,-0.4783479869365692,0.9281103014945984,0.49235125972319094,266.1191548759596,0.0
40.485,60.95201770709422,-1.0634298812560765,0.5239175019396922,67,0.026742812246084213,-0.005265125073492527,1.0032634735107422,-2.025829553604126,-2.1634278297424316,0.5190927982330322,0.4919878776520115,266.1191548759596,0.0
40.535,60.92430129690769,-1.3056385604777254,0.25810054096725915,67,0.020329704508185387,0.010338940657675266,0.9922563433647156,-0.9314807653427124,-1.4661900997161865,-1.3325375318527222,0.4919102679732707,266.1191548759596,0.0
40.585,60.93525352322446,-1.4535372426655735,-0.248268950678508,67,0.03486882522702217,-0.022371547296643257,0.9712530374526978,-0.24225711822509766,-0.37713611125946045,-1.4667667150497437,0.49188047817862496,266.1191548759596,0.0
40.636,60.884303974023226,-1.2738699269275582,-0.2734820121290514,67,0.010817061178386211,0.005338144488632679,0.9945800304412842,0.3026585876941681,0.2374427169561386,-1.6654400825500488,0.491971529458244,266.1191548759596,0.0
40.686,60.84457316553688,-1.159019864780092,-0.12466429093303208,67,0.025388814508914948,-0.006204613950103521,0.9916927218437195,-0.8644679188728333,-0.45055434107780457,-2.3845701217651367,0.49191560245316773,266.1191548759596,0.0
40.737,60.779166008308216,-1.0275768764696622,0.425129058285555,67,0.014047653414309025,0.017582492902874947,1.0152195692062378,-1.8794337511062622,-1.576432466506958,0.16164015233516693,0.4918219819060283,267.2893193984196,0.0
40.787,60.77269747933885,-1.2399954730607285,0.232425922981803,67,0.026301827281713486,0.0019304039888083935,0.9889187812805176,0.3779223561286926,0.41524532437324524,-3.232328414916992,0.49156470370338595,267.2893193984196,0.0
40.838,60.773155955534264,-1.062711944501768,0.7373058893437091,67,0.019618209451436996,0.013353684917092323,1.0027724504470825,-0.9949507117271423,-0.42966365814208984,1.5748234987258911,0.49107619776060696,267.2893193984196,0.0
40.888,60.764994866044745,-1.1150701935048128,0.5632240396978081,67,0.011068720370531082,0.018252167850732803,1.0143554210662842,0.2665424942970276,2.4804842472076416,0.7436282634735107,0.4908432979744181,267.2893193984196,0.0
40.938,60.80195003028064,-1.2138820798505772,0.627449448240539,67,0.029193313792347908,0.007963388226926327,0.9710095524787903,-1.8656624555587769,-0.6418758034706116,0.7595041990280151,0.490764174526578,267.2893193984196,0.0
40.988,60.86106744470939,-1.415876046251151,0.3300315145506039,67,0.030926452949643135,-0.006221895571798086,0.9828587174415588,0.2767694592475891,0.17270956933498383,1.5106301307678223,0.4907374941074225,267.2893193984196,0.0
41.039,60.84939390144156,-1.5013308170132615,0.17086987043905708,67,0.024769078940153122,-0.0004400353936944157,0.9980230927467346,1.8089693784713745,0.9580264091491699,-0.03106648288667202,0.4907286274488229,267.2893193984196,0.0
41.089,60.86607268113529,-1.4118849043177941,0.2960129139925751,67,0.023112419992685318,0.01047447044402361,0.9913595914840698,0.06136903911828995,0.14453372359275818,-0.3782889246940613,0.49091254206416357,267.2893193984196,0.0
41.142,60.888810924594964,-1.1344295390603532,0.8158859078257288,67,0.010811815038323402,0.021375909447669983,1.0121291875839233,1.375117301940918,0.4965547025203705,1.9354921579360962,0.4913367168182325,267.2893193984196,0.0
41.193,60.95283031886673,-1.0260516215347297,0.7186393480382356,67,0.015596759505569935,0.00960099883377552,1.0026004314422607,-0.1419033259153366,0.14414654672145844,2.1349658966064453,0.49186128002522933,267.2893193984196,0.0
41.243,61.03438197375641,-1.29214644870411,0.20814263607153616,67,0.02835167571902275,-0.009628312662243843,0.9711869955062866,-1.1618518829345703,-0.44855430722236633,0.8908588886260986,0.4920130599457335,267.2893193984196,0.0
41.293,61.03905941968339,-1.1748936948741604,0.038222010235355375,67,0.020245930179953575,-0.004710300825536251,1.0047366619110107,0.5550575852394104,-0.10558656603097916,1.319677472114563,0.49213255063161676,285.6377008989376,0.0
41.343,60.97516942486701,-1.3629528884343372,-0.03912426446941388,67,0.01712396927177906,0.016704285517334938,1.0017645359039307,0.9741732478141785,0.7478106617927551,-4.473702430725098,0.4922229542461839,285.6377008989376,0.0
41.394,61.008869520263964,-0.8854440787464938,0.8153441878051833,67,0.01719903014600277,0.014911849983036518,0.9901260733604431,-0.8744593858718872,-0.7513973712921143,1.0470330715179443,0.49250575663790797,285.6377008989376,0.0
41.445,61.027580032163925,-0.8852325033581255,0.9122165293790491,67,0.015730764716863632,0.011701522395014763,1.0041775703430176,1.281190037727356,1.9175368547439575,2.6896474361419678,0.49274104709745026,285.6377008989376,0.0
41.495,61.03207498022912,-0.9202251926564813,0.47941773052999404,67,0.007570343092083931,0.009642447344958782,1.006611943244934,0.13081367313861847,0.6984657049179077,-0.03869381919503212,0.49285540188438454,285.6377008989376,0.0
41.545,61.06214720516154,-0.8113443408870455,0.5594207664860179,67,0.018513675779104233,0.0015782429836690426,1.0052874088287354,-0.8191685080528259,-0.0838240310549736,-1.309483289718628,0.492859786351306,285.6377008989376,0.0
41.596,61.06025763246096,-0.6638763547493889,0.8352635489709618,67,0.02038859762251377,0.007137303240597248,0.9854696989059448,-0.3908425271511078,-0.728455662727356,2.1452860832214355,0.4929124041950285,285.6377008989376,0.0
41.649,61.02835570422772,-0.9940220481104365,0.5387520895991349,67,0.021598942577838898,0.012587987817823887,0.9941876530647278,1.1175082921981812,-0.26728421449661255,-2.3154609203338623,0.49230012092222325,285.6377008989376,0.0
41.699,60.99692920047778,-0.8419907766956833,0.873125270777525,67,0.006171615794301033,0.022178882732987404,1.0118253231048584,0.7116810083389282,0.9924327731132507,-0.7895517349243164,0.4912654131996826,285.6377008989376,0.0
41.75,61.01749520463386,-0.5249203556672075,1.185611768859782,67,0.01528873573988676,0.009677351452410221,1.0103596448898315,-1.791492223739624,-0.4050368368625641,2.580946683883667,0.49064381388636413,285.6377008989376,0.0
41.8,61.038458064652424,-0.8123164644893363,0.9768664590348904,67,0.01770108751952648,0.023674223572015762,0.9945271015167236,-0.8523337841033936,2.1762826442718506,1.4119313955307007,0.4904317957719499,285.6377008989376,0.0
41.85,61.11231109365313,-1.193351453624592,0.7248575638081749,67,0.03348826244473457,-0.001306873862631619,0.9696973562240601,-1.0594964027404785,-0.20075950026512146,0.5018007159233093,0.49046246981675556,281.8184505812,0.0
41.9,61.101296847281574,-1.2295742333129749,0.7152149875558553,67,0.020422957837581635,0.013879221864044666,0.9888988733291626,0.4985843002796173,-1.2676279544830322,-0.7686676979064941,0.4903870153374489,281.8184505812,0.0
41.952,61.09271190038975,-1.118377143584872,0.6870454044096386,67,0.0205239225178957,0.014297199435532093,1.0015162229537964,1.6279433965682983,0.10333152115345001,-0.8614785671234131,0.490309660603188,281.8184505812,0.0
42.003,61.05814807960143,-1.0314900394375193,1.1995113709081557,67,0.014561581425368786,0.035210613161325455,1.0077359676361084,1.3766790628433228,0.4133613109588623,-1.3081215620040894,0.4903793660381177,281.8184505812,0.0
42.054,61.09791000763362,-0.4270195334757873,1.9993918821003498,67,-0.005060744471848011,0.047423917800188065,1.010169267654419,-1.0061028003692627,0.5084998607635498,2.901928663253784,0.49059228140343925,281.8184505812,0.0
42.104,61.242060281718125,-0.7956055546520463,1.0670135524360664,67,0.029275083914399147,-0.017487909644842148,0.968252956867218,0.3425823450088501,-1.0825088024139404,1.3673639297485352,0.49082970204850795,281.8184505812,0.0
42.155,61.2523544076889,-1.3026859177226593,0.316366716263842,67,0.02927687019109726,0.003970358520746231,0.9771589636802673,2.306417226791382,-0.6354888677597046,-1.4604109525680542,0.49109091809337485,281.8184505812,0.0
42.206,61.24737340345601,-0.9109457721481945,0.6752734270745263,67,0.00707972003147006,0.015265051275491714,1.001680612564087,1.101970911026001,-0.8532695174217224,0.5187637805938721,0.4913532663291174,281.8184505812,0.0
42.258,61.24293748803647,-0.8753003271809627,0.6204054425549238,67,0.012210921384394169,0.003415890270844102,1.0234630107879639,2.2564613819122314,0.7185584902763367,0.16419793665409088,0.49128496495174323,281.8184505812,0.0
42.308,61.22094426493751,-0.6011494438816037,0.6614004644868446,67,0.0007875179871916771,0.018253600224852562,1.0319610834121704,-2.400357484817505,1.5204459428787231,-0.4344089925289154,0.49091399379987316,281.8184505812,0.0
42.358,61.25416105734783,-0.7796780440675497,0.8805433928970803,67,0.0251617468893528,0.013994620181620121,0.9631697535514832,-3.00498104095459,0.6513605713844299,0.9098770022392273,0.4905742108395762,281.8184505812,0.0
42.409,61.26114144895293,-1.187706873042201,0.6283553320917753,67,0.025005236268043518,0.004880697000771761,0.9697807431221008,0.8781450390815735,-0.6743401288986206,0.17743618786334991,0.4903301259787371,284.842376910017,0.0
42.459,61.22732977477922,-1.2056416784290152,0.3761921603670911,67,0.01680602878332138,0.001922122435644269,0.9940624237060547,1.417938470840454,-0.37054184079170227,-1.1150983572006226,0.4900337258946616,284.842376910017,0.0
42.509,61.197662319870716,-0.971336506557242,0.48873058865518704,67,0.012541589327156544,0.014879241585731506,1.019741177558899,2.2229883670806885,1.6911622285842896,-1.324007272720337,0.49088059033814635,284.842376910017,0.0
42.56,61.16221770188263,-0.6177666825642939,0.7903899766003198,67,0.004901725333184004,0.018123364076018333,1.0202220678329468,-1.8152940273284912,-0.09450627118349075,-0.2290874570608139,0.4917315900881558,284.842376910017,0.0
42.61,61.15176441281653,-0.6780694268003501,0.9095606249840711,67,0.010923266410827637,0.02041933499276638,0.9966671466827393,-1.3958876132965088,0.020685870200395584,-0.6607444286346436,0.4928054099348065,284.842376910017,0.0
42.661,61.16936509972545,-0.8189924803614514,0.9913138541532727,67,0.020442966371774673,0.010436564683914185,0.9831976294517517,-0.03673437610268593,-0.14872707426548004,1.0740646123886108,0.49376699873228047,284.842376910017,0.0
42.711,61.155158450905034,-0.9423005238342907,0.9838399379424534,67,0.016883529722690582,0.0251616220921278,0.9821265935897827,-0.13793447613716125,-0.9425805807113647,-0.4937749207019806,0.49461223359337514,284.842376910017,0.0
42.762,61.144100661004266,-0.6173992122466215,1.1271943178505572,67,-0.0013584218686446548,0.025501079857349396,1.0212743282318115,0.8867803812026978,-1.2583754062652588,-1.0031306743621826,0.4955244815882372,284.842376910017,0.0
42.812,61.17719813723543,-0.5426159127502178,1.1571957545058993,67,0.013055765070021152,0.01219424419105053,1.0049809217453003,0.11336348950862885,-1.2339856624603271,0.9148176312446594,0.4961953976084246,284.842376910017,0.0
42.862,61.211325883567284,-0.5419549749361531,1.3062091584398674,67,0.012208716943860054,0.02803715318441391,0.9975103139877319,-2.0814945697784424,-0.8687891960144043,3.05448579788208,0.49683670013399245,284.842376910017,0.0
42.913,61.30714967558586,-0.9891970835850605,0.39766120079508194,67,0.02794230915606022,-0.01215064525604248,0.9702971577644348,-0.11380493640899658,-1.278643012046814,0.5921075344085693,0.49785985087743057,284.842376910017,0.0
42.963,61.31874886793348,-1.294677068181415,-0.2170197246104033,67,0.03331747651100159,-0.02270386926829815,0.977978527545929,1.1304285526275635,-0.7939943075180054,0.3565412163734436,0.4983865363188983,285.11345251852356,0.0
43.014,61.24549854257347,-1.1753340429121255,-0.2461286946864297,67,0.003064211457967758,0.011091221123933792,0.9959651827812195,1.9083597660064697,-2.986375093460083,-2.446728467941284,0.49892525833073526,285.11345251852356,0.0
43.064,61.19954093818255,-0.7213084162323014,0.018438655566092237,67,0.011442955583333969,0.007564500439912081,1.0056877136230469,-2.5208795070648193,-0.9765979647636414,-2.2759206295013428,0.499162529607227,285.11345251852356,0.0
43.115,61.169567707124216,-0.692435568171329,0.5244271135511179,67,0.008023259229958057,0.013544877991080284,1.0062084197998047,-1.1522961854934692,0.33296528458595276,1.1686729192733765,0.4993956272392683,285.11345251852356,0.0
43.165,61.15916990520914,-0.8764900419879071,0.5350698085015759,67,0.018388431519269943,0.014368385076522827,0.9941489696502686,0.872269868850708,0.05785106495022774,0.08855486661195755,0.49953634280501746,285.11345251852356,0.0
43.216,61.165099811069545,-0.9421946636142574,0.3461799391822274,67,0.018077418208122253,0.008762643672525883,0.9987816214561462,-0.9682576060295105,0.3506850004196167,-2.0438392162323,0.4999522947443189,285.11345251852356,0.0
43.267,61.1728480634931,-0.8473343445066004,0.7721130006782059,67,0.014182657934725285,0.017276203259825706,0.9981492757797241,-1.145563006401062,0.15400291979312897,1.6362063884735107,0.5003120384406998,285.11345251852356,0.0
43.317,61.211801167015665,-0.7988948480880145,0.8274284207664311,67,0.008511202409863472,0.013796219602227211,0.9876255393028259,-1.024991512298584,-1.1602586507797241,1.750952124595642,0.5006639295359206,285.11345251852356,0.0
43.367,61.26721782895082,-0.9990011900404938,0.12376404086275493,67,0.02881864830851555,-0.019535057246685028,0.9943244457244873,-0.2624371647834778,-1.5164076089859009,0.3402903974056244,0.5010519076644036,285.11345251852356,0.0
43.418,61.23564698234365,-1.0574581930200702,-0.18326112503811162,67,0.0115371597930789,0.001940218498930335,1.012127161026001,0.22540195286273956,0.5650235414505005,-0.5031541585922241,0.5015638994516184,285.11345251852356,0.0
43.468,61.229462895736475,-0.9481390868253986,0.06510845835356764,67,0.01671847328543663,0.004711242858320475,1.0003055334091187,-0.8074811100959778,0.8799973726272583,0.46324628591537476,0.5018529240718557,285.83235654899823,0.0
43.519,61.22922796490324,-1.0701218935895602,0.2170221464579108,67,0.019338684156537056,0.007468295283615589,0.9903733730316162,-0.10465392470359802,0.6810480356216431,-0.7061363458633423,0.5022033491821725,285.83235654899823,0.0
43.569,61.22858649223345,-1.0185606976895898,0.6662978624272236,67,0.018834222108125687,0.022244278341531754,0.9732300639152527,-0.9694269895553589,-0.34161412715911865,0.23735857009887695,0.5023495979168277,285.83235654899823,0.0
43.62,61.249780697393064,-1.0230961763739488,0.642819383175824,67,0.01466852705925703,0.010758206248283386,0.9973739385604858,1.1805510520935059,-0.3133070468902588,0.19588978588581085,0.502399825491912,285.83235654899823,0.0
43.67,61.28341424793895,-0.9614761073314682,0.33539825819625946,67,0.019314581528306007,-0.004913111682981253,1.002526044845581,1.9145240783691406,-0.3694043755531311,1.7213764190673828,0.5023220166980824,285.83235654899823,0.0
43.72,61.29488145392767,-0.9743255882327795,0.10516177650474867,67,0.013811884447932243,0.005555184558033943,1.0071818828582764,0.4899243116378784,1.322014570236206,-0.15233632922172546,0.502014948129467,285.83235654899823,0.0
43.771,61.34240548650606,-0.7687322008956945,0.6101503073310025,67,0.011107580736279488,0.011281444691121578,0.9955279231071472,-0.9437808394432068,1.5212839841842651,3.302804708480835,0.5016248439688124,285.83235654899823,0.0
43.822,61.3505677539046,-0.9119791679759675,0.44370456656245966,67,0.00950899999588728,0.017156468704342842,1.0046268701553345,-0.12715207040309906,0.1791432946920395,-0.5713738799095154,0.5014355053113972,285.83235654899823,0.0
43.872,61.395070927535286,-0.9817565726096741,0.405716489918742,67,0.028630748391151428,-0.007843301631510258,0.9754505157470703,-0.30412811040878296,-1.7176522016525269,0.6560404300689697,0.4998818001798537,285.83235654899823,0.0
43.923,61.37734676055278,-0.8614192350651446,0.5167988142416885,67,0.009912352077662945,0.023653533309698105,1.0025948286056519,0.4792184829711914,1.1299238204956055,1.8651174306869507,0.49869387502991386,285.83235654899823,0.0
43.973,61.40867194263217,-0.7237060142815331,0.5365327240545168,67,0.0051553985103964806,0.005243632942438126,0.999942421913147,0.9774476289749146,0.07833994925022125,0.5448476672172546,0.4967201751354262,285.83235654899823,0.0
44.025,61.44240746096753,-0.6581514274506428,0.04900939439078298,67,0.016818298026919365,-0.01082262210547924,0.9992174506187439,-1.5137665271759033,-2.7703936100006104,-0.8567340970039368,0.4955388736802931,285.793404197329,0.0
44.075,61.40859328562153,-1.1141194422999512,-0.42165821787508007,67,0.035773444920778275,-0.011711680330336094,0.9869592189788818,1.3561084270477295,1.8822392225265503,-0.8003665804862976,0.4942744150344672,285.793404197329,0.0
44.127,61.29215756460055,-0.6466285755818011,0.5791144292207263,67,-0.014351030811667442,0.050724856555461884,1.018884301185608,0.01634959690272808,0.2938726246356964,-0.8349553346633911,0.49364840035812474,285.793404197329,0.0
44.178,61.330465402262675,-0.5984636505640137,0.9847257495215169,67,0.017590003088116646,0.019186845049262047,0.9799932837486267,-1.3302756547927856,-1.943850040435791,-2.1179721355438232,0.4937770655526204,285.793404197329,0.0
44.228,61.38284710698752,-0.4095306698507493,1.3249343221617897,67,0.008743677288293839,0.02121957391500473,0.9875059127807617,-0.29141101241111755,-2.338423013687134,2.3229353427886963,0.4939082897726487,285.793404197329,0.0
44.28,61.433429776947634,-0.6288114800880352,0.4777625473144418,67,0.012032638303935528,-0.008007527329027653,1.0043128728866577,1.0383069515228271,-0.9155240654945374,1.1675851345062256,0.4941799138015667,285.793404197329,0.0
44.33,61.45042569372811,-0.8271175901645939,-0.11835617158380422,67,0.027034766972064972,-0.016063885763287544,0.9902867674827576,-1.4010915756225586,-1.8873262405395508,-1.0541796684265137,0.4946488885959577,285.793404197329,0.0
44.381,61.38889043208625,-0.8117831339356923,-0.25738046237449425,67,0.006093866657465696,0.006171950604766607,1.0260502099990845,0.7976804971694946,1.284726858139038,-2.1892035007476807,0.4952131600797987,285.793404197329,0.0
44.431,61.33752618685652,-0.6144883113121357,0.4282100740395124,67,0.008915496990084648,0.02407289296388626,0.9921776652336121,-1.9452913999557495,0.8545795679092407,-0.7755914926528931,0.4953826940149387,285.793404197329,0.0
44.481,61.36609315776533,-0.8342340345238934,0.8575630244210971,67,0.03089846856892109,0.017185870558023453,0.9607085585594177,-0.8129650950431824,-1.1847800016403198,1.0598094463348389,0.4953867453440251,285.793404197329,0.0
44.532,61.30980015564265,-0.904006811645752,0.9332806193210851,67,0.005476540885865688,0.032880134880542755,1.0081441402435303,1.0410363674163818,-0.8408087491989136,0.4386413097381592,0.49483502287784986,285.793404197329,0.0
44.583,61.36436931477382,-0.6475937462187201,0.8821347118909525,67,0.0043154507875442505,0.004240785725414753,1.0066205263137817,0.2646056115627289,-1.1127101182937622,0.2195095419883728,0.49474342008975936,285.22978578714725,0.0
44.633,61.42681725198505,-0.5251622327875104,0.4212376131066997,67,0.018771827220916748,-0.01093955710530281,0.9991253018379211,-1.3940091133117676,-0.13921599090099335,1.4417171478271484,0.49477750041709484,285.22978578714725,0.0
44.683,61.43697624164254,-0.9722949501472691,-0.40965671680507104,67,0.024597739800810814,-0.017585279420018196,0.9889285564422607,1.1979159116744995,0.6810951232910156,-0.18497715890407562,0.49471784146075487,285.22978578714725,0.0
44.733,61.37040426287104,-0.8234305083509644,-0.09673205677462121,67,-0.002570229582488537,0.024598460644483566,1.011040210723877,0.31280454993247986,0.6905670166015625,-1.48687744140625,0.49436466860305556,285.22978578714725,0.0
44.784,61.385562989292076,-0.29150176618511886,0.8412179582101553,67,0.007534316275268793,0.021011987701058388,0.9895092844963074,-3.2902891635894775,-3.074925661087036,0.5908615589141846,0.494017754625591,285.22978578714725,0.0
44.834,61.44471427593263,-0.3450513982307861,0.668619766354418,67,0.010389224626123905,-0.0011214270489290357,1.0110387802124023,-0.5404504537582397,1.8605505228042603,2.046285390853882,0.49280692483753347,285.22978578714725,0.0
44.885,61.47153202257889,-0.6656803662416623,0.3645072147234024,67,0.02018340677022934,0.002131762681528926,0.9905135631561279,-0.7204107046127319,2.099224090576172,1.6758196353912354,0.49196421329143036,285.22978578714725,0.0
44.935,61.46055277594499,-0.8165377818663643,0.6145481845157684,67,0.012524749152362347,0.0198983121663332,0.9925190806388855,-0.9413956999778748,-0.03308345004916191,0.5113378167152405,0.49158391522018663,285.22978578714725,0.0
44.985,61.498987386483975,-1.0519369115746735,0.2306879082970882,67,0.026067832484841347,-0.00689407205209136,0.9875961542129517,0.43870702385902405,-0.6727453470230103,-1.5916752815246582,0.49169715762647626,285.22978578714725,0.0
45.036,61.48352297769309,-0.8799522489214766,0.36773929902570346,67,0.010381249710917473,0.014539298601448536,0.999706506729126,0.41945338249206543,1.3915022611618042,0.44070500135421753,0.49184618923088075,285.22978578714725,0.0
45.087,61.45986948718973,-0.8047973595209339,0.21230686189054515,67,0.00712307495996356,0.008582272566854954,1.001137375831604,1.1095001697540283,0.14286069571971893,-1.2998994588851929,0.4916008964160483,285.22978578714725,0.0
45.137,61.452068116333216,-0.6743694605737894,0.5275884833321749,67,0.008592622354626656,0.015383940190076828,1.0084501504898071,-0.22081851959228516,-1.124921441078186,-0.40997621417045593,0.49142978727526826,285.8713195201745,0.0
45.187,61.478098278626106,-0.49359844093510385,0.7191869936061206,67,0.010773531161248684,0.015422593802213669,0.9893138408660889,-0.8254373669624329,0.6965783834457397,1.7805571556091309,0.49188598465715416,285.8713195201745,0.0
45.238,61.50260391971277,-0.8213540174650099,0.323655305875172,67,0.02306116744875908,-0.00503154844045639,1.0027153491973877,-0.3024361729621887,-0.2668130099773407,-0.021375497803092003,0.49108732731096166,285.8713195201745,0.0
45.288,61.494064110737185,-0.8665305820780813,0.10912895604402598,67,0.017761031165719032,-0.001106305280700326,0.9967322945594788,0.4802473187446594,-0.07078264653682709,-0.18893851339817047,0.4908262884583543,285.8713195201745,0.0
45.339,61.479730358447796,-0.6423964773531318,0.278596253371699,67,0.0051900171674788,0.006219140253961086,1.0109806060791016,-0.28800544142723083,-0.4171158969402313,0.19472193717956543,0.49026889647475297,285.8713195201745,0.0
45.39,61.48729474067848,-0.651417352429277,0.13152628417001594,67,0.012663805857300758,0.0031484062783420086,0.9988961815834045,0.5435080528259277,0.6538377404212952,-0.9445812702178955,0.4890764119065257,285.8713195201745,0.0
45.44,61.49090839115428,-0.7665523120103099,0.24756784497971043,67,0.0211033895611763,0.0021055378019809723,0.969389796257019,-1.4169809818267822,-1.1281863451004028,1.0525274276733398,0.48780716660823326,285.8713195201745,0.0
45.49,61.45482743462239,-1.0006211077832463,-0.05598896738186294,67,0.023672377690672874,-0.00029084651032462716,0.9883272647857666,0.8355790972709656,-1.1822973489761353,-0.8463348746299744,0.48595464650575876,285.8713195201745,0.0
45.54,61.39910888255409,-0.832199984020336,0.350078635447209,67,0.0015362550038844347,0.02432732656598091,1.0086947679519653,0.6833274364471436,0.17621062695980072,-1.4417164325714111,0.4852455696317822,285.8713195201745,0.0
45.591,61.42885318855271,-0.44925611485221323,0.6866792301031538,67,-0.0032137257512658834,0.012857058085501194,1.014830470085144,0.2770558297634125,0.7583762407302856,0.6582167744636536,0.4852892125576152,285.8713195201745,0.0
45.641,61.50674141679709,-0.4823361069917214,0.4071658593501998,67,0.02062956802546978,-0.007542164996266365,0.99349445104599,-1.4502952098846436,-0.058232467621564865,1.6105595827102661,0.485742892659654,285.8713195201745,0.0
45.691,61.53419883659042,-0.7878279677238957,0.296496992740657,67,0.015449930913746357,0.017912255600094795,0.9697030186653137,0.17697203159332275,0.9322338700294495,1.4984382390975952,0.48718528306176456,283.20756245779876,0.0
45.741,61.5432937928823,-0.7686863405979153,0.4475213397570859,67,0.013032864779233932,0.017676858231425285,0.9822326898574829,2.3340070247650146,-1.6612656116485596,1.2656718492507935,0.4878677133538558,283.20756245779876,0.0
45.792,61.609200447551665,-0.7251589234208438,0.1611742943078221,67,0.01671736314892769,-0.011073165573179722,1.0139331817626953,1.2441953420639038,1.8551684617996216,-0.3887113332748413,0.48920677358739595,283.20756245779876,0.0
45.842,61.63987923668334,-0.643323729142832,0.1715862014497006,67,0.011630342341959476,-0.004304778762161732,1.0118054151535034,2.816793918609619,0.29867497086524963,2.095311164855957,0.49050245699260564,283.20756245779876,0.0
45.893,61.633705701144095,-0.5055843116912483,0.4684283297658752,67,0.0017117062816396356,0.022642269730567932,1.010575294494629,0.014105871319770813,-1.2769752740859985,0.3410000205039978,0.49240801321416755,283.20756245779876,0.0
45.944,61.66741483836364,-0.5072741134884148,0.19173839524872818,67,0.004494075197726488,0.0033989802468568087,1.001112937927246,-1.3247720003128052,-0.8477573394775391,-2.036071300506592,0.49451752018503053,283.20756245779876,0.0
45.994,61.7071091887257,-0.388211026256183,0.7420090593362995,67,0.009563497267663479,0.006596864201128483,0.9891388416290283,-1.2728698253631592,-0.609580934047699,3.605717897415161,0.49582920768720856,283.20756245779876,0.0
46.045,61.73458741399318,-0.7203097756516531,-0.020028186250824063,67,0.015299121849238873,-0.010199013166129589,0.994651734828949,0.18999932706356049,-1.0774388313293457,-0.702702522277832,0.49696459109097485,283.20756245779876,0.0
46.095,61.74229195188903,-0.9520154468556489,-0.4247580412326758,67,0.025447174906730652,-0.01289722416549921,0.9919171333312988,-0.07593775540590286,-0.22028647363185883,-1.5010015964508057,0.497057893896512,283.20756245779876,0.0
46.146,61.692985111702974,-0.6475636857549498,0.031627524672742956,67,-0.004216552246361971,0.0179559588432312,1.0176708698272705,-0.42723122239112854,0.9653273820877075,0.5701403021812439,0.49679841370934974,283.20756245779876,0.0
46.196,61.70298808621936,-0.5910791152992702,0.47226709054941296,67,0.008524332195520401,0.02003163844347,1.0015944242477417,0.3067566156387329,1.58965265750885,-0.6598895192146301,0.4967929104191469,283.20756245779876,0.0
46.247,61.79346454751463,-0.6792477401503854,0.5514608600101152,67,0.024129847064614296,-0.005878603085875511,0.9810823798179626,-0.6199166774749756,0.716385543346405,2.6678528785705566,0.4964792599669312,231.46095690083328,0.0
46.297,61.78723254144293,-0.7886218903948158,0.36877177555428875,67,0.00701440405100584,0.008202677592635155,0.9969287514686584,0.3278498947620392,0.7964362502098083,1.4536702632904053,0.4961939209677582,231.46095690083328,0.0
46.347,61.79195067144201,-0.8312594585680777,-0.061327147892887436,67,0.013696578331291676,-0.012870002537965775,1.0030890703201294,-0.8756812810897827,-0.4290660321712494,-1.556545615196228,0.4957470930466357,231.46095690083328,0.0
46.399,61.80548915699775,-0.7174876681211273,-0.042379478247691296,67,0.014409544877707958,-0.006868492811918259,0.9908163547515869,1.0531163215637207,1.4406691789627075,0.1544957011938095,0.49481386731510857,231.46095690083328,0.0
46.449,61.78956843090171,-0.4300892031637885,0.3490603318276831,67,0.0032476545311510563,0.014274418354034424,0.9994998574256897,-0.8460032343864441,-2.3567960262298584,1.8082821369171143,0.4939209249647793,231.46095690083328,0.0
46.5,61.813495404492464,-0.5026738628419384,0.12193721790548817,67,0.00819129217416048,0.004619157873094082,1.008137583732605,-0.9020867943763733,-1.4212725162506104,-0.01516496017575264,0.49330214048210436,231.46095690083328,0.0
46.55,61.85792124939796,-0.7178931158813348,-0.031003870604955686,67,0.02382425032556057,-0.012219766154885292,0.9828470945358276,-0.08916178345680237,-0.9796478152275085,-0.3842690885066986,0.49208272198237113,231.46095690083328,0.0
46.6,61.79022320262344,-0.6882887969249137,-0.1857238416013564,67,0.003274983959272504,0.009702567011117935,1.0154441595077515,-0.5762271881103516,1.4635013341903687,-2.5198209285736084,0.4909013492761004,231.46095690083328,0.0
46.651,61.75649969370732,-0.43178015825422394,0.3069918891229398,67,0.012725429609417915,0.01548946276307106,0.9953205585479736,-1.2207720279693604,1.0549160242080688,-0.48242518305778503,0.4901634519804605,231.46095690083328,0.0
46.701,61.74322865348406,-0.6786699553752902,0.5444335077412221,67,0.014714295044541359,0.011500448919832706,0.9986175894737244,-1.7377219200134277,-0.12184920161962509,0.6454160213470459,0.4902910644274028,231.46095690083328,0.0
46.751,61.726254301640296,-0.8025798946440912,0.31380495988056895,67,0.011976368725299835,0.012744249776005745,1.0009925365447998,-0.43517324328422546,-0.21522146463394165,-2.2912442684173584,0.4906982590734296,231.46095690083328,0.0
46.802,61.765439230430594,-0.48968221529114425,0.28211388771739526,67,0.012910700403153896,-0.01621123217046261,1.004167079925537,-1.6821768283843994,-1.4261306524276733,2.6706831455230713,0.49148382487530456,285.96877343696735,0.0
46.852,61.73532671749542,-0.8858397397754973,-0.41312215002164854,67,0.014821302145719528,-0.003707434982061386,1.0053809881210327,0.8341421484947205,1.1495012044906616,-1.5801912546157837,0.49249940723494745,285.96877343696735,0.0
46.902,61.7437742425154,-0.8229338942325992,-0.023388866708923716,67,0.017702152952551842,0.007295067422091961,0.9886385798454285,-1.2586132287979126,0.6731835603713989,-0.19206976890563965,0.4931416797395313,285.96877343696735,0.0
46.952,61.73756014789958,-0.8043057282232005,0.5012533379282885,67,0.013484258204698563,0.011147784069180489,0.9929715394973755,0.29076483845710754,-0.21855132281780243,2.3892884254455566,0.4944127524533558,285.96877343696735,0.0
47.003,61.735855433498266,-1.0486193712813718,-0.10469495759878694,67,0.020252753049135208,-0.004883908666670322,0.9931979775428772,0.3202618360519409,-2.1555352210998535,-2.6647963523864746,0.49645105202563306,285.96877343696735,0.0
47.053,61.71921142051991,-1.0466490396719363,-0.24673250248243686,67,0.01960172690451145,-0.00414638826623559,1.011218786239624,2.6102867126464844,1.0969059467315674,-3.1986067295074463,0.4972684192438209,285.96877343696735,0.0
47.104,61.66081514548712,-0.1433045433686903,0.9062689518189916,67,-0.015556178987026215,0.031331196427345276,1.0266650915145874,-1.2312414646148682,1.832184910774231,3.4255423545837402,0.4981592288776653,285.96877343696735,0.0
47.154,61.70909543993334,-0.535895009029219,0.39420434737396803,67,0.02393626607954502,-0.012354318983852863,0.9929158687591553,-0.22866591811180115,0.7885451912879944,-0.7781434655189514,0.4992320406212026,285.96877343696735,0.0
47.205,61.72468168426363,-0.6149575572247281,0.13530203889965775,67,0.012131297960877419,0.0005997781991027296,0.9933991432189941,-2.444274663925171,2.8918089866638184,-0.2937324345111847,0.5000629005997137,285.96877343696735,0.0
47.255,61.72297487921912,-0.6784152076391237,0.9258089045582213,67,0.013211971148848534,0.032410088926553726,0.9688778519630432,-0.9465617537498474,-0.21056190133094788,2.7145028114318848,0.5002090227115739,285.96877343696735,0.0
47.306,61.76187918475834,-0.9649902891798732,0.36177387169326636,67,0.014714548364281654,0.004557660315185785,0.9865228533744812,1.303375005722046,-3.4611587524414062,-3.2627615928649902,0.5001115777400998,285.96877343696735,0.0
47.356,61.78217855721983,-0.6919088847401705,0.5236879784624124,67,0.005480051971971989,0.006260138936340809,1.0102412700653076,1.2057008743286133,-0.2687142491340637,0.9216727018356323,0.5000975614575411,285.96877343696735,0.0
47.406,61.77281409483973,-0.44567533543393734,0.4872827336592324,67,0.0030674373265355825,0.01231174822896719,1.018127202987671,-0.7232475876808167,-1.2231568098068237,0.9245388507843018,0.49896962157018543,285.96877343696735,0.0
47.457,61.8147149454648,-0.6370260223457086,0.20404233441790093,67,0.017386214807629585,0.0014326398959383368,0.9896156787872314,-1.4945321083068848,0.2457064837217331,0.22639816999435425,0.4978759229489571,285.96877343696735,0.0
47.507,61.82633891289738,-0.8557280391744644,-0.06500448322238939,67,0.01876167580485344,-0.014519676566123962,1.0001871585845947,0.10586822032928467,-0.5761556625366211,0.4274657666683197,0.49667549918032033,285.96877343696735,0.0
47.558,61.784781622166044,-0.9458444638924053,-0.20519376533927766,67,0.011500914581120014,0.007756592705845833,0.99601811170578,0.21340352296829224,-1.0904392004013062,-2.6172895431518555,0.49549956414551594,285.96877343696735,0.0
47.608,61.75412903534734,-0.9084496617145057,0.25907502263115356,67,0.015492012724280357,0.008573346771299839,0.9941191673278809,0.5606309175491333,-1.1428227424621582,-2.6757988929748535,0.4945910945915489,285.96877343696735,0.0
47.659,61.73797798493744,-0.38090485501714705,0.9999354627276902,67,-0.004737017676234245,0.03471289947628975,1.0037673711776733,-1.4818155765533447,-0.7645425200462341,2.6788082122802734,0.49388067010419145,285.96877343696735,0.0
47.709,61.80617904487414,-0.8964658094863941,0.15960725970386647,67,0.026219116523861885,-0.019458243623375893,0.9721845388412476,0.2270829677581787,-2.1604061126708984,0.3430140018463135,0.492486223406057,285.96877343696735,0.0
47.76,61.786059142929844,-0.955369948047691,-0.360939480031496,67,0.012727505527436733,-0.0077634346671402454,1.0097378492355347,1.894742488861084,-2.3570878505706787,-1.5911281108856201,0.49123026332159286,285.96877343696735,0.0
47.81,61.78765686834638,-0.7306741790441219,-0.43557240527249624,67,0.017206596210598946,-0.01566145196557045,1.0131362676620483,0.5539993643760681,-0.14519502222537994,0.5978814363479614,0.4899277138673992,285.96877343696735,0.0
47.86,61.75115912184985,-0.6096477058974258,-0.297834448780321,67,0.0013639242388308048,0.011979037895798683,1.0174510478973389,-1.0166534185409546,2.038647413253784,-0.12589198350906372,0.48908495256885903,283.5138569690415,0.0
47.911,61.76059734763518,-0.8006613096285164,-0.04560310238965058,67,0.015502609312534332,0.001754031633026898,0.9862188696861267,0.3316463828086853,0.9304344058036804,-2.0702438354492188,0.48855078569509836,283.5138569690415,0.0
47.961,61.767627835462854,-0.6218971163052002,0.2067720204260377,67,0.011077136732637882,0.010454608127474785,0.9853100180625916,-0.9007459282875061,-1.2572975158691406,0.2821565270423889,0.48805250628201907,283.5138569690415,0.0
48.011,61.798681965210335,-0.6486530501198764,-0.020601224888200483,67,0.010628419928252697,-0.007117410656064749,0.9996694326400757,0.8706640005111694,0.27189478278160095,0.6985142827033997,0.48701177922011435,283.5138569690415,0.0
48.061,61.82612302767765,-0.771842352817536,-0.46966065302459203,67,0.020750392228364944,-0.0257297120988369,0.9930058717727661,1.9388432502746582,0.07407192885875702,0.2523860037326813,0.48550740226005157,283.5138569690415,0.0
48.112,61.82466176768136,-0.3002261322211128,-0.1267309247143299,67,-0.008155732415616512,0.013085398823022842,1.0106780529022217,0.6963813304901123,1.9073269367218018,2.3361501693725586,0.4840529076668346,283.5138569690415,0.0
48.162,61.87674598495015,-0.4139154843910153,-0.4483169744797228,67,0.016908545047044754,-0.024790480732917786,0.9970345497131348,-0.66178297996521,-0.5384705066680908,-1.7301113605499268,0.48287389429323246,283.5138569690415,0.0
48.213,61.82069778486883,-0.5014491002474158,-0.14329545785954265,67,0.0017794298473745584,0.012580265291035175,1.0077288150787354,-0.33467286825180054,0.7667513489723206,-0.06755479425191879,0.48155473275117505,283.5138569690415,0.0
48.263,61.84538853110316,-0.5659603025530168,0.06933636641357548,67,0.019638659432530403,-0.007255091797560453,0.9871408343315125,-0.3756084442138672,-1.7915209531784058,0.9315743446350098,0.48197751146768925,283.5138569690415,0.0
48.313,61.8179313138505,-0.664493058960983,-0.2705107910449153,67,0.006891409866511822,0.0045771352015435696,1.0076261758804321,-0.4576570987701416,0.9528424739837646,-0.6564952731132507,0.48197671908946954,283.5138569690415,0.0
48.364,61.84012757129575,-0.7237671555178197,-0.096589793055465,67,0.015322147868573666,-0.0034285730216652155,0.9733774065971375,0.9986459612846375,-0.5919371843338013,-0.2828470468521118,0.48165063997829094,283.5138569690415,0.0
48.414,61.83979227735965,-0.6459318113575099,-0.11150850121966936,67,0.01802676171064377,-0.006556246895343065,1.0066819190979004,-0.8259586095809937,-0.400937557220459,2.197425603866577,0.4810639327009568,242.5715111907929,0.0
48.464,61.82983736329068,-0.784462657701391,-0.4005899155511027,67,0.0053720418363809586,-0.0038661628495901823,1.0093994140625,2.070941686630249,0.38847774267196655,-1.1242895126342773,0.48003911207700856,242.5715111907929,0.0
48.515,61.82604728496228,-0.6866190724618766,-0.0519298389754545,67,0.013585586100816727,0.006657589226961136,0.9953903555870056,-0.9603957533836365,-2.204524278640747,-1.3282827138900757,0.47922370891495647,242.5715111907929,0.0
48.567,61.84923839846802,-0.49084160790322673,0.3880807246560458,67,0.0069836340844631195,0.004479171242564917,0.9991580247879028,-0.8089893460273743,-0.6838200688362122,2.9396731853485107,0.47850495619942346,242.5715111907929,0.0
48.618,61.838618691922214,-0.6211038471390041,-0.2390956799872827,67,-0.00039213491254486144,-0.0006266493583098054,1.0119102001190186,0.40101754665374756,1.535743236541748,-0.36425042152404785,0.4777677739826405,242.5715111907929,0.0
48.668,61.89351546684241,-0.6166668128857647,-0.25035038030067885,67,0.02650059200823307,-0.025230389088392258,0.9815399646759033,-1.5692533254623413,-0.9944655299186707,-0.7292627692222595,0.4771293402732808,242.5715111907929,0.0
48.719,61.86743681459734,-0.6502730560868112,-0.30847147542960646,67,0.01309969276189804,0.01073053665459156,0.9925872087478638,-0.2331051528453827,-0.879530668258667,0.5660443902015686,0.47731318109726245,242.5715111907929,0.0
48.77,61.855483651754106,-0.5901064699794114,0.39005836745300093,67,-0.003669117810204625,0.04006006568670273,0.9900185465812683,1.663221836090088,-1.4063133001327515,0.8237074017524719,0.47670268991428105,242.5715111907929,0.0
48.82,61.98864281010557,-0.17467872507958745,0.301818827476655,67,0.012898104265332222,-0.030094871297478676,0.9916298985481262,-1.2096112966537476,-3.968930721282959,4.289735794067383,0.4767555974680184,242.5715111907929,0.0
48.87,62.04067569905066,-0.7515961272350142,-0.9825322433196478,67,0.03268949314951897,-0.04369146376848221,1.0159631967544556,1.5588239431381226,-1.0758477449417114,1.3041601181030273,0.4778160379089571,242.5715111907929,0.0
48.921,61.95611143846291,-0.607658820302344,-0.9602388827583038,67,-0.013282191008329391,0.007332853972911835,1.0411677360534668,-1.4596771001815796,0.8188783526420593,-3.240837335586548,0.478871106502175,242.5715111907929,0.0
48.971,61.99150720035428,-0.34872881208985546,-0.3456373671637632,67,0.007380038499832153,0.0006633964367210865,0.9816091060638428,-3.3610758781433105,-1.4812582731246948,0.8218086957931519,0.4799681052212861,286.1248379834914,0.0
49.022,61.97115299780947,-0.8427896690587052,-0.6385543547522343,67,0.01954161748290062,-0.010907517746090889,0.9776443243026733,-0.44816499948501587,0.48764047026634216,-0.8393334746360779,0.48116080090113106,286.1248379834914,0.0
49.072,61.94649232731607,-1.0016753039806916,-0.5333571922491334,67,0.01854122243821621,-0.012821793556213379,0.9689291715621948,1.2777315378189087,-0.28942328691482544,-0.4638083875179291,0.48175962197727124,286.1248379834914,0.0
49.122,61.92876632751227,-0.596523835302581,-0.2957699313331749,67,0.006717976648360491,-0.0007709460915066302,1.0114110708236694,-1.3006280660629272,-4.005715370178223,0.6476762294769287,0.48330244337551126,286.1248379834914,0.0
49.173,61.89624141928581,-0.7588810843501834,-0.559484310831254,67,0.012458893470466137,-0.005902805831283331,1.004052996635437,0.4628329873085022,-0.7572140693664551,-2.0362656116485596,0.48415183184486144,286.1248379834914,0.0
49.223,61.890341175038394,-0.6833892423722019,-0.31023021226978,67,0.014545152895152569,-0.0029848855920135975,0.987433671951294,-0.5640256404876709,-0.6060078144073486,0.6452941298484802,0.4850686135646359,286.1248379834914,0.0
49.273,61.86641463452637,-0.7005815960476733,-0.6876588385752541,67,0.00877304282039404,-0.016766078770160675,1.0187419652938843,0.6332124471664429,1.3232859373092651,0.1655769944190979,0.4862199369966777,286.1248379834914,0.0
49.324,61.82172814459688,-0.8547809564024299,-0.7417562124221952,67,0.017180107533931732,-0.005492096766829491,0.9825583696365356,-0.5339213609695435,-1.379012107849121,-3.3081421852111816,0.48710575830633573,286.1248379834914,0.0
49.374,61.806072733610534,-0.6773213642782316,-0.3864683678630467,67,0.013702483847737312,-0.01461159996688366,1.001017451286316,-1.0720741748809814,-1.3172898292541504,0.6729828715324402,0.48805637275757296,286.1248379834914,0.0
49.425,61.75586884751963,-0.6155479894312441,-0.4098169720674199,67,0.006353631149977446,0.0040821535512804985,1.0068755149841309,0.6605069041252136,1.306294560432434,0.3582061529159546,0.489066986241012,286.1248379834914,0.0
49.475,61.77468445702788,-0.7979895309581057,-0.7484838001392847,67,0.01549343392252922,-0.025102877989411354,0.9933621287345886,0.5492960214614868,-0.5775755047798157,-1.72907555103302,0.48925176657864017,286.1248379834914,0.0
49.526,61.78646586614564,-0.6107875174989669,-0.42198574214933643,67,0.01626507379114628,-0.008661762811243534,0.995410680770874,-0.16273045539855957,0.6127493977546692,2.2543673515319824,0.48985873812829295,274.49633507853406,0.0
49.577,61.76490257632275,-0.6320416250662008,-0.23528014902733066,67,0.0028741462156176567,0.011509829200804234,1.004397988319397,-1.6723551750183105,-0.27154889702796936,-0.3850657641887665,0.48981446436337867,274.49633507853406,0.0
49.629,61.79558381569097,-0.6916180044853724,-0.24211985442138703,67,0.009656975045800209,-0.002131525194272399,0.9937764406204224,-0.5222240686416626,-1.2486995458602905,-0.520271360874176,0.48979491872728126,274.49633507853406,0.0
49.679,61.85132588364568,-0.6266594911852161,-0.6112158657545471,67,0.009769069030880928,-0.01815909333527088,1.0002379417419434,-1.3278182744979858,-2.3168094158172607,-0.07475627958774567,0.48991608813760845,274.49633507853406,0.0
49.73,61.89241661373496,-0.7663765179072133,-1.214583511634949,67,0.020865581929683685,-0.038368165493011475,0.9926767349243164,0.2221476137638092,0.02749495580792427,-0.621627151966095,0.4896101851348352,274.49633507853406,0.0
49.78,61.84662570183516,-0.6271943802959778,-1.1930945895174208,67,0.0008174951653927565,-0.009593749418854713,1.0225626230239868,0.01051181461662054,1.3073678016662598,-0.3512149453163147,0.4889405269196468,274.49633507853406,0.0
49.83,61.825716906009454,-0.5356169142660497,-0.728649764257646,67,0.003534710966050625,0.0045691286213696,0.9984415173530579,-1.241784930229187,1.4920625686645508,-1.0868399143218994,0.48798383990956423,274.49633507853406,0.0
49.881,61.84211533681348,-0.7846793223038651,-0.5508500047867985,67,0.020342109724879265,-0.013899262994527817,0.9760222434997559,-0.9898884296417236,-1.536337971687317,-0.09874666482210159,0.4868194302903968,274.49633507853406,0.0
49.931,61.839894172544106,-0.8631965634755079,-0.6011053074457162,67,0.019048111513257027,-0.01519449520856142,0.9868540167808533,0.6192678213119507,-0.14862601459026337,0.8647136688232422,0.48597623276404117,274.49633507853406,0.0
49.981,61.814560010536056,-0.6169166168726147,-0.6652713431451667,67,0.0004905122914351523,-0.006482716184109449,1.0135204792022705,0.9257302284240723,1.2545862197875977,0.8803824782371521,0.4848077819134234,274.49633507853406,0.0
50.032,61.79884903448676,-0.6252241191928464,-0.7515455224466752,67,0.005606372375041246,-0.008748763240873814,1.0087182521820068,0.041786711663007736,-0.3661760091781616,-1.623519778251648,0.48398818866839544,274.49633507853406,0.0
50.083,61.82692654817185,-0.5778303299521949,-0.7733582696333173,67,0.017377814278006554,-0.02356623113155365,1.0011317729949951,-1.0330690145492554,-1.0548667907714844,-0.00950120110064745,0.4829737572375485,285.6377008989376,0.0
50.133,61.80236599762988,-0.7619296965209954,-0.9789381374169412,67,0.011193228885531425,-0.019450128078460693,0.9981791973114014,1.0891085863113403,1.6008000373840332,-0.29574525356292725,0.4821267779087694,285.6377008989376,0.0
50.183,61.805491155904356,-0.6517800226336941,-0.5509080019777177,67,0.009938884526491165,0.000765433011110872,0.9305917620658875,-1.9868770837783813,-4.519238471984863,1.1520941257476807,0.48256257313665074,285.6377008989376,0.0
50.234,61.843987250044776,-0.25645150743458583,-2.386684014040036,67,-0.005130167119204998,-0.09829826653003693,0.9312708973884583,4.328277587890625,-3.133521556854248,-3.594309091567993,0.4828209621342646,285.6377008989376,0.0
50.284,61.70662525532991,0.5762151694250675,-4.6897136901229866,67,-0.06352269649505615,-0.17153184115886688,0.9585914015769958,-11.5142183303833,2.4421777725219727,4.303774356842041,0.4832658659813388,285.6377008989376,0.0
50.335,61.598080979003775,1.1423719726035768,-7.566981924926243,67,-0.06176801025867462,-0.12383938580751419,0.6733624935150146,-58.701866149902344,52.78944396972656,-6.520382404327393,0.4829287427561577,285.6377008989376,0.0
50.385,60.87873856526613,-0.6046649094148884,-5.093039220773047,67,-0.0412716306746006,0.036849312484264374,0.6044505834579468,-104.3923110961914,52.318241119384766,-16.96401023864746,0.4816649912151346,285.6377008989376,0.0
50.435,61.042955831640995,-0.24029090331110045,1.654755004462736,67,0.01091133151203394,0.09655541926622391,0.3704880177974701,-41.95307540893555,-61.878902435302734,21.130563735961914,0.4795169033679989,285.6377008989376,0.0
50.486,61.37449737874305,0.9159735181665993,4.454043497995774,67,-0.11688513308763504,0.2870368957519531,0.4928637742996216,40.65055465698242,-113.28856658935547,61.06062698364258,0.472964853848992,285.6377008989376,0.0
50.536,63.885660887562715,6.457876536518645,5.206109591040274,67,-0.16787710785865784,0.19411805272102356,0.2672458589076996,62.88925552368164,-138.17018127441406,44.079627990722656,0.4651227846193121,285.6377008989376,0.0
50.587,65.70856740322469,15.936451285577244,9.544783160009581,67,-0.4908466041088104,0.3469519317150116,0.33384087681770325,101.42037200927734,-124.24063873291016,71.02388763427734,0.44562710939507144,285.6377008989376,0.0
50.638,71.41621496221396,33.329789202503534,-6.292262074366633,67,-0.6185887455940247,-0.6202494502067566,1.143186330795288,292.6927490234375,-23.494678497314453,134.85948181152344,0.4269598067611873,295.62334367070764,0.0
50.689,73.79387287809784,33.7067101016672,-24.128151971766712,67,-0.3900253474712372,-0.8322685360908508,2.1751208305358887,182.76290893554688,-5.336944103240967,34.53143310546875,0.3874244555380532,295.62334367070764,0.0
50.739,73.38975118590527,25.044114339753715,-34.925955721804534,67,-0.29275357723236084,-0.6362937688827515,2.283940076828003,35.88666534423828,121.46089172363281,-54.26322937011719,0.3402184523543933,295.62334367070764,0.0
50.789,72.20374265912763,20.080306269272164,-28.23255071817552,67,-0.25122329592704773,-0.37081220746040344,1.6271014213562012,-69.60124969482422,71.37406158447266,-20.663633346557617,0.3083191402675798,295.62334367070764,0.0
50.841,71.91072524182393,16.0371270720346,-18.970842592340105,67,-0.22160126268863678,-0.11381196230649948,0.31809499859809875,-101.58102416992188,58.6150016784668,-9.201849937438965,0.2797421127016191,295.62334367070764,0.0
50.891,68.50975099955076,17.23681447760556,-14.753751064357512,67,-0.3064632713794708,-0.11783014982938766,0.1808634251356125,44.416595458984375,-18.54228401184082,-147.83262634277344,0.2431103419583281,295.62334367070764,0.0
50.941,67.38935319306724,16.29491283061938,-15.84776409432385,67,0.201956108212471,0.055838458240032196,0.043837595731019974,-435.4215393066406,126.17475128173828,-18.798696517944336,0.21096339992414487,295.62334367070764,0.0
50.991,67.51036252692758,-6.391995258281281,-1.8760645149741535,67,-0.0759386345744133,-0.027508096769452095,-0.14475613832473755,-46.71513748168945,33.81113052368164,22.034116744995117,0.19190134262114814,295.62334367070764,0.0
51.042,67.39517519138151,0.17543170225535468,-0.10982166333660486,67,0.14284826815128326,0.05821434408426285,0.3668763041496277,-36.8043327331543,14.383447647094727,2.1957385540008545,0.16666001832064098,295.62334367070764,0.0
51.092,67.40023121149885,-0.5626505208237618,0.5315748488238435,67,0.0555000863969326,0.0319039449095726,1.0281579494476318,2.5168068408966064,1.325697660446167,-0.37726542353630066,0.15184892153885893,295.62334367070764,0.0
51.142,67.41496730530066,-0.6028423180444461,0.7547036400888185,67,0.012692819349467754,0.013978448696434498,0.9999130368232727,0.5231976509094238,0.0665200874209404,-0.3530895411968231,0.14500047340633868,199.70023330000475,0.0
51.193,67.41419312617774,-0.7431172266143349,0.8694630242374147,67,0.01453476119786501,0.01738901622593403,0.9949023127555847,-0.06807789206504822,0.12849004566669464,0.09275738894939423,0.12076126135628154,199.70023330000475,0.0
51.243,67.4130375394951,-0.7574873543610572,0.8918405505603535,67,0.016621993854641914,0.014705995097756386,0.9988915920257568,-0.009810800664126873,0.18428851664066315,-0.09251876175403595,0.1101542288851177,199.70023330000475,0.0
51.293,67.41100531919909,-0.7997368168869734,0.8502327218435064,67,0.015458970330655575,0.01401594839990139,0.9996317625045776,0.041189465671777725,0.08874320983886719,-0.04083029925823212,0.10052117732584324,199.70023330000475,0.0
51.344,67.40925721114739,-0.8095453878104433,0.8788687013626878,67,0.01436566561460495,0.015249759890139103,1.0003740787506104,-0.11830125004053116,-0.04675861820578575,-0.09659943729639053,0.08354371864838583,199.70023330000475,0.0
51.394,67.40752597317756,-0.8206972085792696,0.8972467872417926,67,0.014972833916544914,0.015571542084217072,0.9979610443115234,-0.3213687837123871,0.07812658697366714,0.26294174790382385,0.07984600811836706,199.70023330000475,0.0
51.444,67.41724515232642,-0.8257464700897047,0.8998939087529337,67,0.014939604327082634,0.013637356460094452,0.9962216019630432,0.07414738833904266,0.032810602337121964,0.13195665180683136,0.06685405476495532,199.70023330000475,0.0
51.494,67.41771531959922,-0.8319960436291107,0.8730764179458542,67,0.014676745049655437,0.01485121063888073,0.9976804852485657,0.11171562969684601,-0.24392357468605042,0.10736049711704254,0.06139087464675498,199.70023330000475,0.0
51.545,67.41740025377504,-0.7964291951314064,0.8681220343948661,67,0.01639590412378311,0.016998684033751488,0.9984171390533447,0.5162855386734009,0.14249630272388458,-0.02890970930457115,0.05413347076779788,199.70023330000475,0.0
51.595,67.42067465395905,-0.7831191617459051,0.9071312054904662,67,0.015092655085027218,0.020741453394293785,0.9992859363555908,-0.36125510931015015,-0.20849192142486572,0.18789684772491455,0.049821954799141394,199.70023330000475,0.0
51.647,67.42362616252265,-0.8197827119404866,0.8836808985102266,67,0.019968925043940544,0.016707470640540123,0.9980700612068176,-0.37943246960639954,-0.2620808184146881,-0.2834165692329407,0.04399050725175811,199.70023330000475,0.0
51.699,67.42155099853605,-0.8544020434512798,0.8862818113029506,67,0.01626639813184738,0.013829885050654411,0.9958237409591675,-0.14158762991428375,0.01846371777355671,-0.09430558979511261,0.03880936444004828,284.243968555164,0.0
51.749,67.42087333841671,-0.8551552061950801,0.8905869164255592,67,0.013052019290626049,0.01590597815811634,0.9979200959205627,-0.12486966699361801,-0.006681875791400671,-0.02697337046265602,0.03568088004715428,284.243968555164,0.0
51.8,67.42028589048255,-0.81891672386945,0.9507724159684681,67,0.013321686536073685,0.015951788052916527,0.9985364675521851,0.17265565693378448,0.008596972562372684,0.006132830865681171,0.031421322195192086,284.243968555164,0.0
51.85,67.41826734436474,-0.8249653026949276,0.9569736715467309,67,0.014295998960733414,0.01376612763851881,0.9986525774002075,-0.0585162416100502,-0.195736363530159,0.022420737892389297,0.02872404654657655,284.243968555164,0.0
51.9,67.41896971538075,-0.8390212233316189,0.9209811793865557,67,0.01606082357466221,0.01638990454375744,0.9987706542015076,-0.13312821090221405,0.13363467156887054,-0.04059150069952011,0.024984127760466695,284.243968555164,0.0
51.951,67.4213735772849,-0.8442493284233873,0.8804956053193564,67,0.016412915661931038,0.014796319417655468,0.9961657524108887,-0.030307132750749588,-0.10876737534999847,-0.0110308937728405,0.022761375277094306,284.243968555164,0.0
52.001,67.42312821056524,-0.8509137312731304,0.8749199058682288,67,0.015633996576070786,0.014384563080966473,0.9976550936698914,-0.002606587717309594,-0.2070375233888626,0.1051023080945015,0.01985464767481202,284.243968555164,0.0
52.051,67.42305507558973,-0.7882659158483096,0.8653916537397177,67,0.012827909551560879,0.016221631318330765,0.9978671073913574,0.02775779366493225,-0.15941131114959717,-0.061129651963710785,0.018158574437970712,284.243968555164,0.0
52.101,67.42603902543074,-0.7987324111241304,0.8940620789734983,67,0.012212581001222134,0.017099754884839058,0.9958697557449341,-0.2014184594154358,-0.1867874413728714,0.005110288970172405,0.015879493514405003,284.243968555164,0.0
52.152,67.42407441291681,-0.8420804325242321,0.9053620168848084,67,0.0170793104916811,0.01646665297448635,0.9996662139892578,0.1930907815694809,-0.10394808650016785,0.06271706521511078,0.014535078839024202,284.243968555164,0.0
52.202,67.42344989001484,-0.8251501970988182,0.8798712577036873,67,0.012073807418346405,0.012935241684317589,0.9981361031532288,0.0041553908959031105,-0.012016357854008675,-0.04451562091708183,0.012847862598686493,284.243968555164,0.0
52.253,67.42219672756404,-0.8449187240448577,0.860218336580162,67,0.015105179511010647,0.014256108552217484,0.9976232647895813,-0.1137690618634224,-0.048377543687820435,0.10852914303541183,0.011778900659053593,273.9047867824724,0.0
52.303,67.42348148123531,-0.8013210815870367,0.859579357448075,67,0.01304171048104763,0.01501015480607748,0.9957058429718018,0.013070077635347843,-0.25488942861557007,0.04745837301015854,0.010305057373892163,273.9047867824724,0.0
52.353,67.42436444192232,-0.8130009955809534,0.8841593592745026,67,0.014039096422493458,0.01671646535396576,0.9984951019287109,-0.21460606157779694,-0.1521161049604416,-0.11755260080099106,0.00946291030721898,273.9047867824724,0.0
52.404,67.42394675245099,-0.8570479859691266,0.9077945734234208,67,0.01624220423400402,0.016585776582360268,0.998083770275116,-0.23714350163936615,-0.08573996275663376,-0.024445734918117523,0.008475964804360575,273.9047867824724,0.0
52.454,67.42395093217569,-0.8446348892405335,0.9192408272757459,67,0.013660910539329052,0.01557674165815115,0.9982545971870422,-0.24021384119987488,-0.2325693517923355,0.07636818289756775,0.007734345959675174,273.9047867824724,0.0
52.505,67.42014746348895,-0.8254321049352057,0.9212890998597176,67,0.016499575227499008,0.01633359305560589,0.9975592494010925,0.06600042432546616,-0.0853891372680664,-0.08600550889968872,0.006740286861484123,273.9047867824724,0.0
52.555,67.4216394907388,-0.8119661623835811,0.920054750942153,67,0.014085320755839348,0.01725720427930355,0.9985311627388,-0.09508947283029556,-0.01572275720536709,-0.1057313084602356,0.006133958718329129,273.9047867824724,0.0
52.605,67.42014737664046,-0.813181408297957,0.9242385488392822,67,0.014852054417133331,0.015259472653269768,0.9991917610168457,0.029720744118094444,-0.14063161611557007,-0.041517823934555054,0.005337142057885855,273.9047867824724,0.0
52.656,67.42236422521277,-0.8444799804954501,0.8984376021291194,67,0.01602206565439701,0.014758945442736149,0.9968506693840027,-0.12021048367023468,0.0528617762029171,-0.19674783945083618,0.0048804810646335475,273.9047867824724,0.0
52.706,67.4218936803499,-0.8124760374707469,0.9098052276224646,67,0.013682386837899685,0.016474096104502678,0.9995061755180359,-0.17032814025878906,0.02075028046965599,-0.060944315046072006,0.004438338252169372,273.9047867824724,0.0
52.757,67.42045161936332,-0.7910079011960799,0.8954815023743493,67,0.012327338568866253,0.015650484710931778,0.9992498755455017,-0.1581561267375946,0.07275903970003128,-0.049867574125528336,0.004195528942075573,273.9047867824724,0.0
52.807,67.42418578009752,-0.8162388305297308,0.917639057800199,67,0.014565025456249714,0.015849951654672623,0.9958536624908447,-0.1208772137761116,0.07460976392030716,0.017033781856298447,0.004129856549047996,284.43672860436726,0.0
52.857,67.42407305024966,-0.7989132654939826,0.8801806191305019,67,0.0139815304428339,0.013408662751317024,0.9967056512832642,-0.017409861087799072,-0.2559570074081421,-0.0808301717042923,0.0041881152286380955,284.43672860436726,0.0
52.908,67.42139687790907,-0.8106524233719252,0.8885669939227092,67,0.01363452896475792,0.01592857949435711,0.9998441338539124,-0.12905065715312958,-0.02384534478187561,0.17276373505592346,0.0043299153579629554,284.43672860436726,0.0
52.959,67.42372560311658,-0.809528613930648,0.8874508061922122,67,0.013321032747626305,0.014017429202795029,0.9977883696556091,-0.1682366579771042,-0.09328918159008026,-0.0015195825835689902,0.004475714954629834,284.43672860436726,0.0
53.009,67.4246916393281,-0.8001463172214509,0.9121106833128587,67,0.014795646071434021,0.01625337451696396,0.9981517791748047,0.023835018277168274,0.16103960573673248,0.2704266309738159,0.0048256515917514745,284.43672860436726,0.0
53.06,67.42504399825096,-0.8169010301957891,0.9199629856922762,67,0.014753205701708794,0.015953898429870605,0.9978089928627014,-0.11086719483137131,0.08919259905815125,0.07465818524360657,0.004889811606393866,284.43672860436726,0.0
53.11,67.4235429154363,-0.7850537291770437,0.8847071142566778,67,0.012286985293030739,0.015132063068449497,0.9994065165519714,-0.03846560791134834,-0.16660523414611816,0.07912403345108032,0.004898948282365682,284.43672860436726,0.0
53.161,67.42424204331118,-0.797629669180692,0.8836349303985598,67,0.014466998167335987,0.014590855687856674,0.9962843060493469,-0.35752254724502563,0.0567014217376709,0.08878172188997269,0.005185880900641261,284.43672860436726,0.0
53.211,67.42342026638644,-0.7934381440165637,0.8692452791344365,67,0.013500620611011982,0.0144159821793437,1.0006955862045288,-0.1942186951637268,-0.40565967559814453,-0.33893898129463196,0.005304668434576197,284.43672860436726,0.0
53.265,67.42153180105029,-0.7943236193467575,0.8750106572277151,67,0.011950645595788956,0.015275753103196621,0.998744010925293,-0.07424914836883545,-0.08729611337184906,-0.030166026204824448,0.005934933686426175,284.43672860436726,0.0
53.315,67.41985696475557,-0.8316899236925355,0.8589669423649429,67,0.014150294475257397,0.014237010851502419,0.9980219006538391,0.012323717586696148,-0.20509569346904755,-0.07716748118400574,0.006034071301841475,276.8517491749175,0.0
53.365,67.41973492387076,-0.8175200123581186,0.8316240198367204,67,0.01401294395327568,0.012757685966789722,0.9990271329879761,-0.15208005905151367,-0.006490152794867754,0.012691482901573181,0.005515660317387787,276.8517491749175,0.0
53.416,67.41978448654265,-0.8101974010586253,0.8487672134553415,67,0.014851021580398083,0.01461492758244276,0.998557984828949,0.2034366875886917,-0.41282087564468384,0.004855448380112648,0.00545402681905942,276.8517491749175,0.0
53.467,67.42003184547187,-0.8081415890090832,0.844706174987818,67,0.015122834593057632,0.015201648697257042,0.9987227916717529,-0.4533909559249878,0.01657765917479992,-0.04810739681124687,0.005652829119509314,276.8517491749175,0.0
53.519,67.42107497081132,-0.811155024116857,0.8879732166323794,67,0.014284318313002586,0.018129877746105194,0.9982176423072815,0.07634299993515015,-0.062276724725961685,0.14547136425971985,0.00582878198532968,276.8517491749175,0.0
53.569,67.42040356813294,-0.8167002928828722,0.8895130605803244,67,0.015620199963450432,0.015992840752005577,0.998334527015686,-0.1267266422510147,-0.03217963129281998,-0.06137503683567047,0.005616841584116252,276.8517491749175,0.0
53.619,67.41855341927057,-0.8109676234186065,0.894480181913065,67,0.01377874892205,0.014759753830730915,0.9975374937057495,0.06153324991464615,-0.1055741235613823,-0.08355147391557693,0.005245663095681991,276.8517491749175,0.0
53.67,67.42262999285089,-0.7739790416974602,0.867039677293747,67,0.009989619255065918,0.013519149273633957,0.9976834058761597,-0.22708138823509216,-0.111501544713974,-0.07157108932733536,0.004890202130650541,276.8517491749175,0.0
53.722,67.42388388721885,-0.7886331733686966,0.8868602386352284,67,0.013936520554125309,0.016807150095701218,0.9956408739089966,0.06155424565076828,-0.19321663677692413,0.18289735913276672,0.004472703334529064,276.8517491749175,0.0
53.773,67.42734535175076,-0.8234897546163885,0.8975189346133844,67,0.013314168900251389,0.01696758158504963,0.9961543083190918,-0.001857814029790461,-0.055216480046510696,-0.17991523444652557,0.0039270451279720614,276.8517491749175,0.0
53.824,67.42827392253766,-0.8117272062350099,0.9171427773467121,67,0.01486836839467287,0.015498545952141285,0.9974966645240784,-0.08849082887172699,0.00636714743450284,-0.053069472312927246,0.003489658970330535,276.8517491749175,0.0
53.874,67.42873276404306,-0.8231080352755287,0.9310531958220513,67,0.01413458026945591,0.015357088297605515,1.000223994255066,-0.24422848224639893,-0.06874039024114609,0.04565782472491264,0.0031906391101044554,276.8517491749175,0.0
53.924,67.42835797437534,-0.8087732613837,0.9596858954303432,67,0.013677790760993958,0.018222931772470474,0.9987109899520874,-0.03244483098387718,-0.12155049294233322,-0.06488276273012161,0.003065490709989808,289.7619343696028,0.0
53.975,67.42898546398902,-0.7927942501415058,0.9433313900467686,67,0.013864843174815178,0.015245145186781883,0.99879390001297,-0.14801158010959625,-0.041327282786369324,-0.033083196729421616,0.002851202048164932,289.7619343696028,0.0
54.025,67.43004482983532,-0.8094518054929692,0.9395924167959249,67,0.015371247194707394,0.017924446612596512,0.9980973601341248,0.005496877245604992,-0.03649914637207985,0.09307914972305298,0.002563086941686988,289.7619343696028,0.0
54.077,67.42967252884064,-0.8070300770934073,0.9282108144729572,67,0.014708159491419792,0.016965704038739204,0.9976768493652344,-0.23153844475746155,0.08348800987005234,-0.16308003664016724,0.0024525092512751724,289.7619343696028,0.0
54.129,67.42603814402881,-0.8170483241316499,0.9064080882216354,67,0.01587480865418911,0.01656237430870533,0.994647204875946,-0.033423978835344315,0.08704251796007156,-0.3881223499774933,0.0025378009620077068,289.7619343696028,0.0
54.18,67.4251324230545,-0.8159280405852988,0.8795499486241769,67,0.014272837899625301,0.01552800927311182,0.997327446937561,-0.13298118114471436,-0.023683376610279083,-0.07035952061414719,0.002507256702687407,289.7619343696028,0.0
54.23,67.42643848202545,-0.8131321301785932,0.9100792938045502,67,0.01317905355244875,0.01835627295076847,0.9985871315002441,0.14772537350654602,-0.029682084918022156,0.037820298224687576,0.002447301792952692,289.7619343696028,0.0
54.281,67.42802368620714,-0.8572791090569702,0.8704630141672641,67,0.015426278114318848,0.014451896771788597,0.9986492395401001,-0.19961078464984894,-0.12926846742630005,0.06536591053009033,0.002145596261924867,289.7619343696028,0.0
54.331,67.42684800049774,-0.8559627252569252,0.8712257221212268,67,0.015101137571036816,0.01726841926574707,1.0023601055145264,-0.07451184839010239,0.07961712032556534,0.027234209701418877,0.0019540335027366617,289.7619343696028,0.0
54.381,67.42598097992676,-0.8151964242701631,0.8547098206844302,67,0.012545962817966938,0.014627194963395596,0.996531069278717,-0.006310431286692619,-0.02695552445948124,0.19144286215305328,0.0016933226496783683,289.7619343696028,0.0
54.431,67.42553515810063,-0.8128769668473339,0.8907763496339671,67,0.012983766384422779,0.016952376812696457,0.9993846416473389,-0.16092847287654877,-0.11933369189500809,-0.012578907422721386,0.001542340697829238,285.94927733842377,0.0
54.482,67.4257996048462,-0.8319982910548219,0.8832313697028501,67,0.015188734047114849,0.014850828796625137,0.996699869632721,-0.17184405028820038,0.03986895829439163,0.06641021370887756,0.0013378994351164433,285.94927733842377,0.0
54.532,67.42189812117986,-0.8216152509604954,0.8930230505316761,67,0.012878939509391785,0.017063800245523453,0.9977349638938904,-0.42548197507858276,0.0333096981048584,-0.16192500293254852,0.0012113581156947462,285.94927733842377,0.0
54.582,67.4190712293645,-0.8506921584198148,0.9230324069050254,67,0.01559395156800747,0.017758863046765327,0.9981589317321777,-0.04459089785814285,-0.013132438063621521,-0.09670780599117279,0.0010455330234667463,285.94927733842377,0.0
54.633,67.4194703299734,-0.8637800944939639,0.9290242698244224,67,0.015572200529277325,0.015826620161533356,0.9987121820449829,-0.08822759240865707,-0.1514245718717575,-0.07014850527048111,0.0009504541587405422,285.94927733842377,0.0
54.684,67.41883895097915,-0.851427821523246,0.8691284794954014,67,0.01640218496322632,0.01574207842350006,0.9994733929634094,-0.17546135187149048,-0.17234162986278534,0.034863848239183426,0.0008246386926633611,285.94927733842377,0.0
54.734,67.42078428661421,-0.8089190923530881,0.87897352011855,67,0.013258188031613827,0.01608598791062832,0.9997432827949524,-0.035293467342853546,-0.19962993264198303,-0.08486088365316391,0.0007519384445383969,285.94927733842377,0.0
54.784,67.42214736181877,-0.7940787727106878,0.8882558983951215,67,0.01331269834190607,0.014797769486904144,0.9954766631126404,0.1078011766076088,-0.14282681047916412,0.3582894206047058,0.0006552637901175555,285.94927733842377,0.0
54.835,67.42391403296357,-0.8293300033743659,0.9056277404700609,67,0.016968658193945885,0.018445832654833794,0.9975566864013672,-0.03557489067316055,-0.04219628497958183,-0.130270853638649,0.0005966123007050569,285.94927733842377,0.0
54.886,67.4163690305288,-0.8176825963295418,0.868146131188318,67,0.012556863948702812,0.016977645456790924,0.9976661205291748,-0.1910816729068756,-0.016179995611310005,-0.008298995904624462,0.0005148683928122583,285.94927733842377,0.0
54.936,67.41516190199552,-0.8074436775867491,0.8892445697404976,67,0.01438862830400467,0.015461483970284462,0.9981790781021118,-0.042920030653476715,-0.02966134063899517,-0.05811639130115509,0.0004470064719567538,285.94927733842377,0.0
54.986,67.41816243344856,-0.8316510866143733,0.8876651802042632,67,0.015659278258681297,0.015474814921617508,0.9979835748672485,-0.11357986181974411,-0.024778086692094803,0.02629438415169716,0.00040567122221635694,211.983422622056,0.0
55.037,67.42163781251293,-0.8111435291092434,0.8737828736401857,67,0.013695280067622662,0.016576288267970085,0.9981656670570374,0.25314757227897644,-0.055350352078676224,0.02157120406627655,0.0003533052412035629,211.983422622056,0.0
55.087,67.4221987067969,-0.8248651220858587,0.9062537384858442,67,0.01465566921979189,0.01690768636763096,0.9979065656661987,-0.06989076733589172,-0.1688925176858902,-0.028432480990886688,0.00032194008808252716,211.983422622056,0.0
55.138,67.42088691227238,-0.8364311206941089,0.933680418482254,67,0.014743627980351448,0.01717633567750454,0.996674656867981,-0.23220807313919067,-0.26321056485176086,0.07498791068792343,0.00028074438623661646,211.983422622056,0.0
55.188,67.41988638988293,-0.8371137167635072,0.8918593565331947,67,0.015284953638911247,0.015971384942531586,0.9975578784942627,-0.03315022215247154,-0.016097821295261383,-0.21032629907131195,0.00025658672038723766,211.983422622056,0.0
