time (s),yaw,pitch,roll,battery,acc_x,acc_y,acc_z,gyro_roll,gyro_pitch,gyro_yaw,altitude (m),loop rate (Hz),target altitude (m)
0.0,-46.03986517578783,-0.45375286249800145,0.8087168831928773,51,0.006753119640052319,0.014632073231041431,0.9985640645027161,-0.030000600963830948,-0.06757217645645142,0.0027186768129467964,0.030426103031495934,285.03594971117906,0.0
0.077,-46.03709324862012,-0.4455931543874651,0.7976693878411278,51,0.00687289796769619,0.012627559714019299,0.9975875020027161,0.19458769261837006,-0.01732291840016842,0.3621450662612915,0.030426103031495934,285.03594971117906,0.0
0.128,-46.036801514384244,-0.4611465234704397,0.82770762176796,51,0.007970061153173447,0.014460896141827106,0.9998428821563721,0.125374898314476,0.154815211892128,0.28988543152809143,0.026940369060715372,285.03594971117906,0.0
0.178,-46.035937394674846,-0.4676553906526774,0.8025900183964773,51,0.010587752796709538,0.013492667116224766,1.0001002550125122,0.038051750510931015,0.02440708875656128,0.1415969282388687,0.02706722102240228,294.5851945497963,0.0
0.229,-46.03044665802539,-0.4590976881297987,0.8316518087989129,51,0.00787807535380125,0.014893218874931335,0.9997983574867249,0.12839585542678833,0.0431012287735939,0.22418592870235443,0.025908305689051114,294.5851945497963,0.0
0.279,-46.029835057097706,-0.4505747393638666,0.8339046570835178,51,0.007995118387043476,0.014915724284946918,0.9989932775497437,0.16824884712696075,-0.07410472631454468,-0.04815314710140228,0.024531048127033352,294.5851945497963,0.0
0.329,-46.03189437637612,-0.4604012498408287,0.8322841329236041,51,0.007361870724707842,0.015101543627679348,0.9987041354179382,0.011379879899322987,0.04747171700000763,0.062862828373909,0.022111094575261638,294.5851945497963,0.0
0.38,-46.0317000897752,-0.47579638781781136,0.8115848757931512,51,0.00779087096452713,0.014256374910473824,0.9986394643783569,0.040915511548519135,0.06043611094355583,-0.12790416181087494,0.021704327842194542,294.5851945497963,0.0
0.431,-46.029891881604044,-0.48039302590195265,0.8242997692666991,51,0.00946356076747179,0.014661847613751888,1.000495433807373,-0.1621638834476471,-0.10473410040140152,0.16877496242523193,0.022767748277446397,294.5851945497963,0.0
0.482,-46.02731569411067,-0.5152175942281811,0.8302479963769223,51,0.010914118029177189,0.014281632378697395,0.9982040524482727,-0.21294774115085602,0.06802848726511002,-0.05413982272148132,0.02260997993713014,294.5851945497963,0.0
0.532,-46.026154333921816,-0.5287543585666473,0.8536686559126418,51,0.008953403681516647,0.016014516353607178,1.0002481937408447,-0.19341641664505005,0.14568935334682465,0.08354145288467407,0.024702308521068722,294.5851945497963,0.0
0.582,-46.02190952764866,-0.5276478231042762,0.8254720742708048,51,0.008435718715190887,0.01381767075508833,0.9987885355949402,-0.024921568110585213,-0.0076376898214221,-0.00021932736854068935,0.025304935407763112,294.5851945497963,0.0
0.633,-46.01933160894987,-0.5050572511132866,0.8229452125973147,51,0.007277584169059992,0.014769335277378559,1.0016491413116455,-0.32275503873825073,-0.07717128098011017,0.05505693703889847,0.026332382637397088,294.5851945497963,0.0
0.683,-46.0180095560619,-0.5139958069145832,0.802429151781811,51,0.010022629052400589,0.013361785560846329,0.9987078905105591,-0.018563516438007355,0.09836390614509583,-0.012627934105694294,0.02660059916993546,294.5851945497963,0.0
0.733,-46.014954554257116,-0.4983316756276718,0.7935393220270001,51,0.008458195254206657,0.013159766793251038,1.0001003742218018,0.04033362865447998,-0.08083351701498032,-0.1379813551902771,0.02568681209715233,257.22457990923584,0.0
0.784,-46.013841403532226,-0.500850348338296,0.8073789778376479,51,0.007731135468930006,0.014628440141677856,0.9981459975242615,-0.36604049801826477,-0.023180242627859116,-0.023603899404406548,0.024497099599282857,257.22457990923584,0.0
0.834,-46.015292568077385,-0.47748629863225456,0.8037157013706618,51,0.00778795313090086,0.012898959219455719,1.0010114908218384,-0.07465203106403351,-0.08824840188026428,0.0015017770929262042,0.023131080398580823,257.22457990923584,0.0
0.884,-46.01979141408564,-0.475664082757999,0.8243898223106164,51,0.007800496648997068,0.015192567370831966,1.000253438949585,-0.21390274167060852,-0.036064498126506805,-0.18382050096988678,0.022472817141735667,257.22457990923584,0.0
0.935,-46.02113099290686,-0.4815394241136933,0.8397755541800332,50,0.009447900578379631,0.015402221120893955,0.9983852505683899,0.05554104596376419,-0.22902198135852814,-0.14023852348327637,0.02127457192323667,257.22457990923584,0.0
0.985,-46.020033093824864,-0.4683000017920718,0.8595858721621155,50,0.006666394416242838,0.013004717417061329,0.9998457431793213,-0.08935794234275818,0.2234659194946289,0.07100118696689606,0.021009804921121165,257.22457990923584,0.0
1.035,-46.020286197183914,-0.47190798007649915,0.8207979067062949,50,0.00732743414118886,0.01485248003154993,0.9995993971824646,-0.3399818241596222,-0.14080995321273804,-0.04704134538769722,0.021021566996077816,257.22457990923584,0.0
1.086,-46.01981496564995,-0.47330087971645174,0.8387486003142871,50,0.006869851611554623,0.01608564890921116,0.9987467527389526,0.11292009800672531,-0.04750768840312958,0.1477537304162979,0.020840320747402264,257.22457990923584,0.0
1.137,-46.02010308080632,-0.49173999278220887,0.839923990114696,50,0.009995908476412296,0.016010724008083344,0.9992070198059082,-0.05000688135623932,-0.1582186222076416,-0.1270657181739807,0.020127134068218627,257.22457990923584,0.0
1.187,-46.01865079183261,-0.475968787710871,0.8452090684794892,51,0.007491806987673044,0.015166070312261581,0.9971104264259338,0.07319123297929764,-0.15029023587703705,0.11213161796331406,0.01912558250750389,257.22457990923584,0.0
1.238,-46.01671667070796,-0.4268200056874027,0.8425492000807426,51,0.007161724381148815,0.015925096347928047,0.9994518160820007,0.46023857593536377,-0.09410218894481659,0.16692925989627838,0.01846009609336188,257.22457990923584,0.0
1.288,-46.01404560734059,-0.4672653579181507,0.8248917101121325,51,0.009932683780789375,0.013357706367969513,0.9990370869636536,0.10793298482894897,0.08717207610607147,0.01682939939200878,0.016914047252858708,283.20756245779876,0.0
1.338,-46.014049196541556,-0.4903903592662245,0.830124080661743,51,0.009530985727906227,0.012937093153595924,1.0004628896713257,-0.13159944117069244,0.16428865492343903,0.017661968246102333,0.01608184843975511,283.20756245779876,0.0
1.389,-46.012930554971916,-0.4905122199851586,0.866471249068997,51,0.008283241651952267,0.015070676803588867,1.0007076263427734,0.04127035662531853,0.006708931643515825,0.1023491621017456,0.01577448723721666,283.20756245779876,0.0
1.44,-46.01258897225665,-0.49816439800646056,0.8401535846005673,51,0.008118116296827793,0.01444239728152752,0.9954456090927124,-0.11390472948551178,-0.14285634458065033,0.07384192943572998,0.015525438645165777,283.20756245779876,0.0
1.49,-46.011950416517,-0.4966636752824469,0.826403808912608,51,0.00997999869287014,0.015712756663560867,0.9999276399612427,-0.04685373976826668,-0.06751716136932373,0.08990854769945145,0.014373931306017397,283.20756245779876,0.0
1.541,-46.014191434189456,-0.5125359571737402,0.834606098000378,51,0.010292375460267067,0.0137553159147501,0.9973483085632324,0.13298122584819794,0.13350187242031097,-0.0789833515882492,0.013739346017769064,283.20756245779876,0.0
1.591,-46.01516540865725,-0.4863914550989777,0.8167889476932819,51,0.008966506458818913,0.013742762617766857,1.0005546808242798,-0.5834757685661316,-0.11134050786495209,-0.024413594976067543,0.013750158909473323,283.20756245779876,0.0
1.641,-46.01337194722534,-0.49650732360759847,0.844924043114368,51,0.009234071709215641,0.017026914283633232,0.9985487461090088,-0.1405581831932068,-0.2951890826225281,0.22227802872657776,0.013497397150003575,283.20756245779876,0.0
1.692,-46.01170369841242,-0.471162120511547,0.8405332031520989,51,0.006736691575497389,0.013633987866342068,1.0001940727233887,0.00922350399196148,-0.0438222661614418,-0.007270510774105787,0.012903237183257778,283.20756245779876,0.0
1.742,-46.01024452983652,-0.45320488421605654,0.8336180879815858,51,0.007434390019625425,0.014532838016748428,0.9992449879646301,0.09720999002456665,-0.195096954703331,0.022542569786310196,0.012206910260866196,283.20756245779876,0.0
1.792,-46.006016967696084,-0.46198187284894926,0.8025100124104915,51,0.009690824896097183,0.014366821385920048,0.9974591135978699,-0.28260451555252075,-0.14814619719982147,0.06284620612859726,0.011745463261058462,283.59053414469236,0.0
1.843,-46.00842745292712,-0.4610535759393536,0.8493734512589866,51,0.007206768728792667,0.016033140942454338,0.999654233455658,-0.09206239879131317,0.04814235493540764,-0.11183088272809982,0.011721461796790608,283.59053414469236,0.0
1.893,-46.00607609816633,-0.4744455272261897,0.839933326622481,51,0.007547526620328426,0.013243753463029861,0.9995040893554688,-0.16906243562698364,-0.06690849363803864,0.1603052318096161,0.012381296696821977,283.59053414469236,0.0
1.944,-46.00356128248782,-0.48965017962256835,0.8238980327330006,51,0.007588233333081007,0.012410544790327549,1.0002830028533936,0.0658203586935997,0.06877124309539795,0.08907942473888397,0.013446683411033254,283.59053414469236,0.0
1.995,-46.00366342771137,-0.4735965887858719,0.8343407772442611,51,0.008097133599221706,0.014035528525710106,0.9982359409332275,0.06425827741622925,0.008401523344218731,0.07317400723695755,0.015315431085684263,283.59053414469236,0.0
2.045,-46.00309378363561,-0.4310862338109302,0.8136841032066059,51,0.004676172509789467,0.014638543128967285,1.0000345706939697,-0.1947423666715622,-0.14186634123325348,0.025226633995771408,0.017594403792510833,283.59053414469236,0.0
2.096,-46.00356623295419,-0.4445667967020459,0.8213706962688566,51,0.00904159713536501,0.01618329994380474,1.0005148649215698,0.07650347799062729,-0.06299678236246109,-0.08221182227134705,0.01931609435783102,283.59053414469236,0.0
2.146,-45.99819517052889,-0.4819078203042408,0.8139527882184949,51,0.010733065195381641,0.013759585097432137,0.9995860457420349,-0.06566805392503738,0.011499831452965736,0.30035683512687683,0.022210424501946914,283.59053414469236,0.0
2.197,-45.99745448217417,-0.5018198896728675,0.7873006688171954,51,0.010362748056650162,0.013240361586213112,0.9966831803321838,-0.007977799512445927,0.11173944920301437,0.09913094341754913,0.024340591468981466,283.59053414469236,0.0
2.248,-45.99613777461535,-0.48033745931880356,0.7815237910547586,51,0.005187321454286575,0.013179673813283443,0.9976344108581543,-0.03557632863521576,0.07088883221149445,-0.01728888228535652,0.02713468549661315,283.59053414469236,0.0
2.298,-45.99715963788372,-0.46123867093200366,0.7898056575744016,51,0.00895572267472744,0.013089453801512718,0.9962584972381592,-0.2812701463699341,0.22329415380954742,0.04800751805305481,0.028498564404500958,283.59053414469236,0.0
2.348,-45.993971286187694,-0.5151011236162918,0.8200188776230379,51,0.011462971568107605,0.014916867949068546,0.9992366433143616,-0.3015873432159424,-0.07357711344957352,0.03056740015745163,0.03017397436295914,281.17610779647384,0.0
2.399,-45.99585612664726,-0.5196690060743759,0.8085374494006033,51,0.011027722619473934,0.013142978772521019,0.9995885491371155,-0.19972175359725952,-0.1360992193222046,0.030406180769205093,0.030982838123988353,281.17610779647384,0.0
2.449,-45.996311205136166,-0.47966486827038907,0.8360697633113947,51,0.00810188427567482,0.01442418061196804,0.9985325932502747,-0.01689605973660946,-0.10835397988557816,0.31579434871673584,0.03074976214897657,281.17610779647384,0.0
2.5,-45.99529737132022,-0.4839515775608921,0.8430264850160664,51,0.007397294044494629,0.013506346382200718,1.001353144645691,0.05118735879659653,-0.13728632032871246,-0.11128907650709152,0.030110050101931244,281.17610779647384,0.0
2.55,-45.996890505152486,-0.4835767130401806,0.813408793021381,51,0.008634338155388832,0.015134569257497787,0.9978159666061401,-0.023011339828372,-0.059830281883478165,-0.05875352397561073,0.02916227457466338,281.17610779647384,0.0
2.601,-45.99575403442414,-0.49522173043131457,0.8430556594850929,51,0.009136979468166828,0.014635879546403885,0.9987070560455322,-0.18760022521018982,-0.11966153979301453,0.16688257455825806,0.028891167161209434,281.17610779647384,0.0
2.651,-45.99800507760479,-0.5067036432538563,0.8370952888566964,51,0.009596852585673332,0.014269833452999592,0.9973999857902527,0.07754229754209518,0.1562173068523407,-0.3141723573207855,0.029664003986126772,281.17610779647384,0.0
2.701,-45.996184796853115,-0.513147468672722,0.8536114738401994,51,0.009211661294102669,0.016510287299752235,0.9999529123306274,0.01586500182747841,-0.29952624440193176,-0.08381784707307816,0.030458251427314096,281.17610779647384,0.0
2.752,-45.99671137431464,-0.5085791503568521,0.8697044709286342,51,0.00884214136749506,0.014204961247742176,0.9983987212181091,-0.045866407454013824,0.002074731048196554,0.020882023498415947,0.031557868355254294,281.17610779647384,0.0
2.803,-45.996465332626876,-0.4700395385968462,0.8630796316611135,51,0.006972237024456263,0.014735300093889236,1.000071406364441,0.1636713445186615,0.03334568068385124,0.10231795161962509,0.032405039922906845,281.17610779647384,0.0
2.853,-45.99629219305038,-0.47452432755845225,0.8541509719122985,51,0.008676639758050442,0.012359077110886574,1.0010839700698853,-0.34687259793281555,-0.15169678628444672,-0.04443376511335373,0.033495204566809315,281.17610779647384,0.0
2.904,-45.99705425129619,-0.49262873199902785,0.8235208050894541,51,0.008292610757052898,0.012437645345926285,0.9988424777984619,0.2069927155971527,-0.06161074340343475,-0.01791680045425892,0.03530405669559417,286.88809849521203,0.0
2.954,-45.9952225295205,-0.4869540237063688,0.8294515430553236,51,0.008082270622253418,0.015165041200816631,0.9986662268638611,-0.1826457679271698,0.0890946015715599,-0.000993262743577361,0.0360441594660173,286.88809849521203,0.0
3.005,-45.99518994547506,-0.45884600751290094,0.8265809238501394,51,0.00690977880731225,0.01643846556544304,1.0007092952728271,-0.09298433363437653,-0.15677665174007416,-0.03716825693845749,0.037188573478142646,286.88809849521203,0.0
3.055,-45.99172587766994,-0.4765385046745201,0.8132737661071933,51,0.008116335608065128,0.01442401297390461,0.9972251057624817,0.1163196787238121,-0.12907956540584564,0.15552790462970734,0.03878633232511836,286.88809849521203,0.0
3.106,-45.993180582716484,-0.4817552831476887,0.8021356946547719,51,0.007745463866740465,0.014942163601517677,0.9981966614723206,-0.28050434589385986,0.3017473816871643,-0.2378283590078354,0.04061956184503635,286.88809849521203,0.0
3.156,-45.99090658771427,-0.450470444984299,0.8048583817504815,51,0.0053046396933496,0.012016289867460728,0.9991406202316284,0.14699259400367737,-0.1475907266139984,0.07455422729253769,0.04183155886845789,286.88809849521203,0.0
3.206,-45.98794886961057,-0.5092085169483813,0.8245261861317905,51,0.011612341739237309,0.015295341610908508,0.9960612654685974,-0.11664293706417084,0.016084350645542145,0.040720731019973755,0.04212404341146999,286.88809849521203,0.0
3.257,-45.98692509055107,-0.49410040845492537,0.8381349161941629,51,0.007150757592171431,0.015519821085035801,1.000614047050476,-0.18366262316703796,0.20863644778728485,-0.07976945489645004,0.042135027033387534,286.88809849521203,0.0
3.307,-45.98390421989123,-0.4940156259742063,0.8299351799258259,51,0.007197492755949497,0.014568454585969448,0.9974352121353149,0.03490787744522095,0.10025747865438461,0.10373866558074951,0.041745909437613395,286.88809849521203,0.0
3.358,-45.98037127693935,-0.4822199106027654,0.7874175777928359,51,0.008840085007250309,0.012170598842203617,1.0004273653030396,-0.05035923421382904,-0.02936715818941593,-0.06744986027479172,0.04128082626465802,286.88809849521203,0.0
3.408,-45.98042080800566,-0.4882198178163899,0.7696622413668812,51,0.008287223055958748,0.014363870024681091,0.9968726634979248,0.12206655740737915,0.058796897530555725,-0.005214699078351259,0.040987472427539515,284.70703231061634,0.0
3.459,-45.98208865250551,-0.480374827041638,0.7874520669140123,51,0.007612534333020449,0.015275267884135246,0.9994262456893921,0.009212339296936989,-0.39196184277534485,0.05150016397237778,0.04098063652468765,284.70703231061634,0.0
3.509,-45.9794766488525,-0.4677671265783795,0.8071456112017982,51,0.00932164117693901,0.015647025778889656,1.0005744695663452,-0.20994116365909576,-0.09014507383108139,0.10776256024837494,0.04053862226097103,284.70703231061634,0.0
3.559,-45.97555968637474,-0.4879030035838321,0.8351097540466885,51,0.007870834320783615,0.014993663877248764,0.9991042017936707,-0.028491003438830376,0.03976999968290329,0.19808700680732727,0.03975893161938483,284.70703231061634,0.0
3.61,-45.97678275306255,-0.5340116070389723,0.8188546291790489,51,0.010962226428091526,0.016272136941552162,1.001102328300476,-0.09647077322006226,-0.033988650888204575,0.11636411398649216,0.03893144632844786,284.70703231061634,0.0
3.66,-45.974816173320775,-0.5013414019815446,0.8178955787444192,51,0.007975446060299873,0.01540444791316986,1.0003151893615723,0.024936707690358162,-0.02051619626581669,0.051667917519807816,0.038184876756674965,284.70703231061634,0.0
3.711,-45.976189558099136,-0.515223911751825,0.8326804229714566,51,0.009818830527365208,0.014694547280669212,0.9992550015449524,0.1805286705493927,0.1271810084581375,-0.18862582743167877,0.03745917607498597,284.70703231061634,0.0
3.761,-45.97449998606455,-0.5035591333131105,0.8323586487702195,51,0.008478808216750622,0.012705685570836067,0.9985910654067993,-0.2141667753458023,0.03634956479072571,-0.06607108563184738,0.03764167887513278,284.70703231061634,0.0
3.811,-45.972892491284114,-0.4567041689358846,0.8268067752452016,51,0.007338753901422024,0.014055364765226841,0.998975396156311,0.12410686910152435,0.20423243939876556,-0.18593811988830566,0.03889560257343911,284.70703231061634,0.0
3.862,-45.9743893076485,-0.46578174593740945,0.8024612913361439,51,0.008752444759011269,0.013700530864298344,0.9988966584205627,0.03680242970585823,-0.04689919948577881,-0.030442507937550545,0.04000083035287714,284.70703231061634,0.0
3.912,-45.97349309019139,-0.48981879001622547,0.8041822141557965,50,0.008596616797149181,0.015696540474891663,1.0001583099365234,0.007897036150097847,-0.3123641908168793,-0.13777445256710052,0.040247315045356495,284.70703231061634,0.0
3.962,-45.97332310192527,-0.4927858519056623,0.8128928054093002,50,0.008105014450848103,0.015526955015957355,0.9969742298126221,0.13334597647190094,-0.04262156039476395,-0.052846476435661316,0.0407757300897368,285.07469584720997,0.0
4.013,-45.97376297298208,-0.48112527251297554,0.8380259049853401,50,0.008193302899599075,0.015162087045609951,1.0002859830856323,-0.3114188015460968,-0.16424232721328735,-0.0669303834438324,0.04173045727981507,285.07469584720997,0.0
4.063,-45.97516210368895,-0.4621462857489098,0.8448447279672341,50,0.008081086911261082,0.016076702624559402,0.9991403222084045,-0.06461282074451447,-0.1884942501783371,-0.13932208716869354,0.0442225932351632,285.07469584720997,0.0
4.114,-45.97636261402742,-0.48045441672827577,0.8359851410243212,50,0.010586492717266083,0.014904599636793137,0.9986560940742493,0.15147638320922852,0.0923001766204834,-0.07046598941087723,0.04583775240643803,285.07469584720997,0.0
4.164,-45.97832589120345,-0.47509042261263584,0.8302855027358683,51,0.0068838768638670444,0.01312936283648014,0.9949272871017456,-0.1816703826189041,-0.059894099831581116,-0.127804696559906,0.04747166809262951,285.07469584720997,0.0
4.214,-45.98063221428368,-0.47991751944974903,0.8192350559023621,51,0.006316754501312971,0.013752762228250504,0.9997912645339966,0.046715572476387024,-0.24279537796974182,0.07275296747684479,0.04833370824656684,285.07469584720997,0.0
4.265,-45.981417469345246,-0.48149614407206426,0.8242980198667755,51,0.00841573253273964,0.01519252173602581,1.0016906261444092,-0.023796549066901207,-0.04480855166912079,0.02218976803123951,0.04946208613307952,285.07469584720997,0.0
4.315,-45.979096243981026,-0.46486680644354134,0.8119292908802159,51,0.008642583154141903,0.013531079515814781,1.0001945495605469,0.10881117731332779,-0.05409412831068039,0.07170693576335907,0.0498482922994304,285.07469584720997,0.0
4.365,-45.976342269027455,-0.4736924939102507,0.8103939163915898,51,0.0082590002566576,0.015268141403794289,0.9993296265602112,-0.30772072076797485,-0.1488514393568039,0.05118676647543907,0.05052346713970552,285.07469584720997,0.0
4.416,-45.97324325760009,-0.4666824127646294,0.8352196254347812,51,0.0077017080038785934,0.013927259482443333,0.9977213740348816,-0.05828102305531502,-0.01736580953001976,-0.07704854011535645,0.05085013519101426,285.07469584720997,0.0
4.466,-45.972531706378405,-0.45280982839870965,0.8011700883455651,51,0.0074743167497217655,0.011689742095768452,0.9984346032142639,-0.2683103084564209,-0.0909108966588974,-0.16149722039699554,0.051180410030225755,285.07469584720997,0.0
4.517,-45.972659577138714,-0.47332612808484614,0.840677966168224,51,0.008192291483283043,0.016507763415575027,0.9964651465415955,-0.3490367829799652,-0.18349207937717438,0.019041351974010468,0.05145495632126853,280.08707846410687,0.0
4.567,-45.974378283935735,-0.4708527921505445,0.8455939685065045,51,0.004692642483860254,0.015488246455788612,1.0002068281173706,0.03492075204849243,0.04970570281147957,0.18797247111797333,0.05123705592711064,280.08707846410687,0.0
4.617,-45.97433840605224,-0.4533110003171156,0.8277788104246896,51,0.006793153006583452,0.0142593402415514,0.99787837266922,0.011586573906242847,0.08230699598789215,-0.07702580839395523,0.05074688374168976,280.08707846410687,0.0
4.667,-45.97440319638989,-0.4557581395118888,0.7900972601556109,51,0.008149862289428711,0.012950938194990158,0.9989043474197388,-0.1315850466489792,-0.07986755669116974,-0.09289124608039856,0.050174505115409836,280.08707846410687,0.0
4.718,-45.97204928917064,-0.4590668256217692,0.8488393672022377,51,0.007451564073562622,0.016536053270101547,0.9986811876296997,-0.08442965149879456,0.06282661110162735,-0.017257051542401314,0.05074394431357152,280.08707846410687,0.0
4.768,-45.97074269293535,-0.45062516125392543,0.8683918007950396,51,0.007251941133290529,0.016667524352669716,0.9987322688102722,-0.16595108807086945,0.02429169788956642,0.06926834583282471,0.05162713582721789,280.08707846410687,0.0
4.819,-45.97120887651691,-0.4644709605758228,0.8781596966301388,51,0.010676066391170025,0.016270332038402557,1.0010265111923218,-0.10930252075195312,-0.21181848645210266,0.03351360186934471,0.051701939773664995,280.08707846410687,0.0
4.87,-45.9723406426867,-0.49534770293280955,0.8703233285001969,51,0.009660029783844948,0.013925044797360897,0.9992097616195679,0.18904007971286774,-0.028555968776345253,-0.047922346740961075,0.051471610208719445,280.08707846410687,0.0
4.92,-45.9694380225527,-0.49436793243373905,0.8457892266442598,50,0.009378836490213871,0.011713698506355286,0.9995445609092712,-0.17182689905166626,0.005156438332051039,0.11118839681148529,0.05120312338504158,280.08707846410687,0.0
4.97,-45.971134034282684,-0.5206433467699321,0.8431883270650762,50,0.00951763428747654,0.014338633045554161,0.998326301574707,-0.18609020113945007,0.0462796650826931,0.01220434345304966,0.05028060333939379,280.08707846410687,0.0
5.021,-45.97214574951739,-0.4946756765071454,0.8079681857085201,50,0.008238324895501137,0.014710363931953907,0.9999845623970032,-0.036400675773620605,-0.13854049146175385,-0.05893905460834503,0.049023814942225255,287.47799862919805,0.0
5.071,-45.97564143420013,-0.48889044425867967,0.8512276395965923,50,0.00724564865231514,0.014433581382036209,0.9978256225585938,-0.19653010368347168,0.20873694121837616,0.005906552076339722,0.0481462026765291,287.47799862919805,0.0
5.121,-45.97278230391539,-0.521999139183462,0.8360523678533651,50,0.009060102514922619,0.015483871102333069,1.0008983612060547,-0.06442001461982727,-0.02948855794966221,-0.03029380552470684,0.04638316658989228,287.47799862919805,0.0
5.171,-45.96807633338928,-0.5095897387683328,0.8413580258586394,50,0.009160171262919903,0.01610172912478447,0.998801052570343,0.09167424589395523,-0.11794722825288773,0.12265019863843918,0.045345595708091276,287.47799862919805,0.0
5.222,-45.968239637151655,-0.5126762083629888,0.8550795393175106,50,0.008671256713569164,0.016510332003235817,1.0003995895385742,-0.13224203884601593,-0.2961374819278717,0.006484374403953552,0.04377248571271092,287.47799862919805,0.0
5.272,-45.96849407140497,-0.49939316395102534,0.8294808615368153,50,0.006421764846891165,0.01440197229385376,0.9979007840156555,0.1351132094860077,-0.15040390193462372,0.13157100975513458,0.04273778339808499,287.47799862919805,0.0
5.322,-45.96443846045801,-0.5315962675523086,0.8175083061780323,50,0.008926103822886944,0.0128262834623456,0.9974207878112793,-0.07607809454202652,-0.044854238629341125,0.19927076995372772,0.04070214582408635,287.47799862919805,0.0
5.373,-45.96250584121206,-0.5334536169825471,0.8092607461578265,50,0.008995655924081802,0.015831192955374718,0.9975358247756958,-0.1797286570072174,-0.05178329348564148,-0.0415961928665638,0.039290246134505324,287.47799862919805,0.0
5.423,-45.9614813229116,-0.4981480267024842,0.7960163960384965,51,0.006914706900715828,0.014999979175627232,0.9988157153129578,-0.0015311555471271276,-0.11439291387796402,0.08324319869279861,0.03723295484513058,287.47799862919805,0.0
5.474,-45.959507630644374,-0.5119853381270405,0.8239686130176104,51,0.011173320934176445,0.0140239167958498,0.996735155582428,-0.03556489944458008,-0.06934455037117004,0.025089211761951447,0.03546104390807312,287.47799862919805,0.0
5.524,-45.95791291559397,-0.5023540691816367,0.8439194944942636,51,0.008454466238617897,0.01637013629078865,0.9989334344863892,-0.13687968254089355,0.036875903606414795,0.09697217494249344,0.031706303375232024,287.47799862919805,0.0
5.574,-45.95846916505974,-0.5164309900588674,0.8497723962727607,51,0.008799297735095024,0.014732509851455688,0.9990614056587219,0.14970949292182922,0.10410328209400177,0.09460171312093735,0.02989464349172633,285.793404197329,0.0
5.624,-45.95761177580049,-0.47487132767884055,0.8524422668155881,51,0.007129782345145941,0.013965122401714325,1.002046823501587,-0.0461544431746006,-0.07529599219560623,0.1787342131137848,0.027900023091776364,285.793404197329,0.0
5.674,-45.95702123246816,-0.4757076912964182,0.857000728452057,51,0.008429387584328651,0.015782654285430908,0.9980135560035706,-0.14694122970104218,-0.038260698318481445,0.05364299565553665,0.026612619858703758,285.793404197329,0.0
5.725,-45.955256460155624,-0.5013890659001025,0.8499412528177986,51,0.009345810860395432,0.016085196286439896,0.9987236261367798,-0.0797889232635498,0.05676184594631195,0.015718834474682808,0.02395931015904598,285.793404197329,0.0
5.775,-45.953922435887335,-0.48553188240488515,0.8825105465747922,51,0.009097344242036343,0.015715504065155983,0.9992072582244873,-0.21003732085227966,0.0190336424857378,0.03483317419886589,0.022807180042130594,285.793404197329,0.0
5.827,-45.95352667020749,-0.5072164701829243,0.8517829911533559,51,0.00744601571932435,0.01399715431034565,0.9997979402542114,-0.1440158188343048,-0.04782431945204735,-0.08193758875131607,0.022274354408064904,285.793404197329,0.0
5.877,-45.951439712512794,-0.4833592308715869,0.8244859622453619,51,0.00817619264125824,0.014385130256414413,0.9994621276855469,-0.03845008462667465,-0.1900380551815033,0.07616589963436127,0.022498815743555743,285.793404197329,0.0
5.927,-45.95263535333883,-0.48298655020464526,0.8653452701842422,51,0.00852910429239273,0.015269618481397629,0.9965580701828003,0.0935332328081131,-0.11969063431024551,0.025974441319704056,0.02355889279602247,285.793404197329,0.0
5.978,-45.9480364100358,-0.5005143375675758,0.8691177170678656,51,0.00985646340996027,0.016401948407292366,0.9977685809135437,-0.16100092232227325,0.12569722533226013,0.21464772522449493,0.025007943969171352,285.793404197329,0.0
6.028,-45.946377354463564,-0.512335845731672,0.8395993262495316,51,0.009940038435161114,0.013801733031868935,0.9986889362335205,0.04191045090556145,-0.23534022271633148,-0.0024068651255220175,0.025247969818938034,285.793404197329,0.0
6.079,-45.946363867634496,-0.49601374667112136,0.8455941172355377,51,0.008387782610952854,0.014393716119229794,0.9975937008857727,0.015182111412286758,-0.009890977293252945,0.0434005931019783,0.02519188652752906,280.4054017916834,0.0
6.129,-45.9462574257073,-0.5054086227734248,0.8007071127442265,51,0.009355996735394001,0.014431694522500038,1.0000505447387695,0.13057591021060944,0.03796132653951645,0.09577200561761856,0.025546754379941958,280.4054017916834,0.0
6.179,-45.947017027280836,-0.5135280251084497,0.8550587787914246,50,0.008057108148932457,0.014661670662462711,0.9978431463241577,-0.2737680673599243,-0.0579727441072464,-0.11981281638145447,0.02455482737122871,280.4054017916834,0.0
6.23,-45.94545525481682,-0.5118353292672126,0.8467081639010302,50,0.009072487242519855,0.014310114085674286,0.9971930980682373,-0.1531655192375183,-0.16941723227500916,-0.029061870649456978,0.023790863736131183,280.4054017916834,0.0
6.28,-45.94558843751391,-0.5193737880841763,0.8840679757969505,50,0.009750033728778362,0.015804138034582138,0.9984651803970337,-0.062042783945798874,0.05105815827846527,0.09494836628437042,0.023513933496689805,280.4054017916834,0.0
6.33,-45.94554856456343,-0.47385911221287547,0.8647858128198297,50,0.006319394800812006,0.013753555715084076,0.9964677095413208,-0.21463079750537872,0.018827049061655998,-0.13620415329933167,0.023428255115216352,280.4054017916834,0.0
6.381,-45.94352741969555,-0.45482080781258943,0.81684598519512,50,0.007737730164080858,0.012612516060471535,0.9974699020385742,0.04644002392888069,0.005894321016967297,0.10339111089706421,0.023039894065527224,280.4054017916834,0.0
6.431,-45.940593824464166,-0.4865199681180472,0.7971551194787297,51,0.008810090832412243,0.013250645250082016,0.9987632036209106,-0.049906279891729355,-0.08903659880161285,0.10307237505912781,0.023130349605793406,280.4054017916834,0.0
6.481,-45.93930597262125,-0.47862685411744843,0.8156172840306369,51,0.010004419833421707,0.01438615471124649,1.0008379220962524,-0.04252087324857712,-0.16798917949199677,-0.09590465575456619,0.02348350177092248,280.4054017916834,0.0
6.531,-45.937808471216805,-0.48231261243816154,0.8064289164852287,51,0.009260241873562336,0.011219523847103119,0.9980990886688232,-0.058995321393013,-0.006893813610076904,0.1863892525434494,0.023698861470944726,280.4054017916834,0.0
6.581,-45.93497276626586,-0.48726115996621955,0.8214737257928179,51,0.006669909693300724,0.014000230468809605,0.9983044266700745,-0.07308462262153625,0.06905911862850189,-0.022512003779411316,0.02458925629980251,280.4054017916834,0.0
6.632,-45.93238534061174,-0.4777795912391762,0.8381154392969062,51,0.009021453559398651,0.015647592023015022,0.9980485439300537,-0.09688425809144974,-0.04819480702280998,0.2597171366214752,0.024645738582071558,282.7684217622868,0.0
6.683,-45.93137920386658,-0.4909155623952831,0.828559060045205,51,0.009393090382218361,0.014013648964464664,0.9969553351402283,-0.20847167074680328,-0.2059505581855774,0.01321440190076828,0.025850919968327734,282.7684217622868,0.0
6.733,-45.93137501334905,-0.47010712998669046,0.8125309392844557,51,0.00695011904463172,0.013294369913637638,0.9990952610969543,-0.16865962743759155,-0.09287039935588837,0.14569087326526642,0.02699264950067627,282.7684217622868,0.0
6.784,-45.93039934777494,-0.46214492782657873,0.8376985373326514,51,0.006434421055018902,0.01261400617659092,1.0008405447006226,0.21851156651973724,-0.1617823839187622,0.11609455198049545,0.028494525941461818,282.7684217622868,0.0
6.834,-45.92776447614315,-0.4531517700437803,0.8115120575701926,51,0.0074497791938483715,0.013655196875333786,0.9993056654930115,-0.13653361797332764,-0.02296329103410244,0.16189175844192505,0.029080718605276067,282.7684217622868,0.0
6.885,-45.924072690656054,-0.4674643645225325,0.8407280931700918,51,0.00779010308906436,0.015158920548856258,0.9982789158821106,-0.0401555560529232,0.005581955891102552,1.6081972717074677e-05,0.02992394376570807,282.7684217622868,0.0
6.936,-45.92404872249059,-0.4779921701130828,0.8510387217916341,51,0.008620187640190125,0.015723291784524918,1.0007309913635254,-0.2727181017398834,-0.13123883306980133,-0.1718066781759262,0.030189944644723805,282.7684217622868,0.0
6.986,-45.92325997924996,-0.46771475003984536,0.8263070428530221,51,0.008110247552394867,0.01266892533749342,0.9982946515083313,0.060780808329582214,-0.2895696461200714,0.08326087892055511,0.030557473568343648,282.7684217622868,0.0
7.036,-45.92233401213799,-0.5051348685428652,0.8344731644348614,51,0.011053651571273804,0.015734495595097542,1.0001798868179321,-0.03347356989979744,-0.13534995913505554,-0.06531182676553726,0.031030573092799232,282.7684217622868,0.0
7.087,-45.92091204889929,-0.47460905916540475,0.8214241416407891,51,0.007260454818606377,0.014523009769618511,1.0003944635391235,-0.09620343893766403,0.05334623157978058,0.08563899248838425,0.03115478944949419,282.7684217622868,0.0
7.139,-45.9215948283173,-0.5090284029206421,0.8246711280937813,51,0.011187756434082985,0.015408584848046303,0.9980857968330383,-0.1805366575717926,-0.2305026799440384,-0.1450498253107071,0.031086566669501305,282.7684217622868,0.0
7.19,-45.922963353888775,-0.480942313142178,0.8507508603708156,51,0.006983936298638582,0.015924762934446335,0.9980520606040955,0.24897579848766327,0.056913066655397415,-0.15139277279376984,0.030306951191103104,285.6377008989376,0.0
7.241,-45.924682063177094,-0.4882078379851051,0.8237609689715849,51,0.00873885303735733,0.01582501456141472,0.9992045760154724,-0.24546483159065247,0.0808921605348587,0.0704663097858429,0.029170947367659964,285.6377008989376,0.0
7.291,-45.92425961987661,-0.4919020496551005,0.810447510585052,51,0.0077325706370174885,0.012722446583211422,0.998176097869873,-0.24051178991794586,-0.08028917759656906,0.05800063908100128,0.028373654764516948,285.6377008989376,0.0
7.341,-45.923599281986334,-0.48534477011917265,0.8161047232524183,51,0.0076810200698673725,0.014264965429902077,0.9984903335571289,-0.15279556810855865,-0.0400952473282814,0.18007558584213257,0.026985427105301336,285.6377008989376,0.0
7.392,-45.92365749220382,-0.46650491406105205,0.829361327977936,51,0.007342473603785038,0.015057374723255634,1.0004531145095825,-0.20480602979660034,-0.2291298806667328,0.009796339087188244,0.02622341754465381,285.6377008989376,0.0
7.442,-45.92293837706526,-0.47026933033693774,0.8073541613094211,51,0.007676804903894663,0.014307806268334389,0.9989063739776611,0.07353261858224869,-0.3136659860610962,0.0747637003660202,0.0256971500347291,285.6377008989376,0.0
7.492,-45.92058006796374,-0.4777798020222181,0.8520178037032724,51,0.008621790446341038,0.017873160541057587,0.9987816214561462,-0.05411483347415924,-0.1227288767695427,0.04402079060673714,0.025366292725278856,285.6377008989376,0.0
7.543,-45.9177681024948,-0.471125890036932,0.8778213158939983,51,0.005613500718027353,0.013621947728097439,0.9993700385093689,-0.08613517135381699,0.08028615266084671,0.1168285459280014,0.02522547054440467,285.6377008989376,0.0
7.593,-45.91652896865829,-0.47640893372028087,0.8345648468822184,51,0.007843660190701485,0.015505350194871426,0.998390793800354,-0.06585036218166351,0.2717077434062958,-0.16613315045833588,0.024924936008451522,285.6377008989376,0.0
7.643,-45.915569402352105,-0.5025245929191678,0.8591479060991654,51,0.008919337764382362,0.015346718020737171,0.9983261227607727,0.17685794830322266,0.018162565305829048,0.012857387773692608,0.024274444458691417,285.6377008989376,0.0
7.694,-45.91627536273565,-0.49905274787908693,0.8499726080621278,51,0.0064375498332083225,0.01647247187793255,0.9997919797897339,0.35722339153289795,-0.107220359146595,-0.04930645599961281,0.023755096889075875,285.67661081596515,0.0
7.745,-45.916616526212714,-0.4765434676536832,0.8431385567253091,51,0.007443211507052183,0.015094899572432041,1.001158595085144,-0.00191536545753479,-0.17833101749420166,-0.0800563395023346,0.02390208808014277,285.67661081596515,0.0
7.795,-45.915740757092706,-0.4828561767696424,0.851322242823959,51,0.009453095495700836,0.016219867393374443,0.9983730316162109,-0.18274718523025513,0.06254388391971588,-0.032834671437740326,0.02426952637716115,285.67661081596515,0.0
7.846,-45.91524924335772,-0.49578825778612023,0.7989157451342486,51,0.00878247618675232,0.015330702997744083,0.999302327632904,-0.283803254365921,0.0029964884743094444,0.09733062237501144,0.02454055435541078,285.67661081596515,0.0
7.896,-45.91438607884932,-0.497947520594562,0.8229254619177575,51,0.008704101666808128,0.014007150195538998,0.9968536496162415,-0.1270274668931961,-0.08672989159822464,-0.04976209998130798,0.024649906052823946,285.67661081596515,0.0
7.946,-45.910608233009754,-0.501168169033184,0.8325873821206726,51,0.008435587398707867,0.013829356990754604,0.9985780715942383,-0.1687169224023819,-0.05695951730012894,0.0015782698756083846,0.0244389561803453,285.67661081596515,0.0
7.996,-45.90727115398339,-0.4727680109767119,0.8532267258978843,51,0.007923834957182407,0.0135798966512084,0.9993042945861816,-0.06994804739952087,-0.19068247079849243,0.016801366582512856,0.02506491653445704,285.67661081596515,0.0
8.047,-45.90827124841782,-0.463763843904779,0.8260252816472843,51,0.007419930305331945,0.012456454336643219,0.9985727667808533,-0.24296994507312775,-0.05373610556125641,0.07471206784248352,0.026639136643635142,285.67661081596515,0.0
8.097,-45.90336353420273,-0.4707406304452206,0.8067490355313014,51,0.008049189113080502,0.01355403009802103,0.9980360269546509,0.007546913810074329,-0.1817997694015503,0.2343197464942932,0.027372578545618628,285.67661081596515,0.0
8.147,-45.90402693040373,-0.46897857685835126,0.7883783709076737,51,0.008655580691993237,0.013171126134693623,0.9989731907844543,-0.06645338982343674,-0.15527833998203278,-0.05359452962875366,0.02798810787244921,285.67661081596515,0.0
8.198,-45.90291365507215,-0.4582938212378681,0.7966954783612944,51,0.007151161786168814,0.012941798195242882,0.9994171261787415,0.1346665620803833,0.18154236674308777,0.0014454644406214356,0.02847942086081584,285.67661081596515,0.0
8.248,-45.90562301673848,-0.46800672932310444,0.7961069065575915,51,0.008534081280231476,0.01618977263569832,0.9986612796783447,0.012321214191615582,-0.09373266994953156,-0.15963689982891083,0.028845995135805574,283.01646423751686,0.0
8.298,-45.906842511346085,-0.461860961319304,0.8264137738954729,51,0.008684744127094746,0.015168570913374424,0.9974774122238159,0.060324691236019135,0.2121451497077942,-0.10778933018445969,0.02916935550528266,283.01646423751686,0.0
8.349,-45.90811144592727,-0.48478549299225837,0.8186092291304179,51,0.009020302444696426,0.012887385673820972,0.9989153146743774,-0.19023466110229492,0.18987210094928741,-0.1835884153842926,0.02969749762320088,283.01646423751686,0.0
8.399,-45.90819658973068,-0.49842472990634185,0.824267084835023,51,0.010085825808346272,0.013403257355093956,0.9990835785865784,-0.0007815778371877968,-0.17328786849975586,-0.17943371832370758,0.030165825557706652,283.01646423751686,0.0
8.452,-45.909024948849044,-0.5109331556185037,0.8120561087988422,50,0.008308625780045986,0.013116917572915554,0.9966446161270142,-0.15368010103702545,-0.062309421598911285,-0.020372532308101654,0.02987309501485844,283.01646423751686,0.0
8.502,-45.90466026555484,-0.5189176732274594,0.8367970852134614,50,0.011217623017728329,0.016204461455345154,0.9985219836235046,-0.05089506506919861,-0.021092670038342476,0.07607369869947433,0.029428040996722728,283.01646423751686,0.0
8.553,-45.90524292840914,-0.509833198426769,0.824737801076685,50,0.010731841437518597,0.013238095678389072,0.9980407953262329,-0.08857181668281555,-0.023401819169521332,0.11146076023578644,0.02901561712957727,283.01646423751686,0.0
8.603,-45.902936852459455,-0.5075597630170702,0.8370684832569818,50,0.008319488726556301,0.01427990198135376,0.997704267501831,-0.3253971040248871,0.20794403553009033,-0.060225456953048706,0.028602923421193256,283.01646423751686,0.0
8.653,-45.90008270380887,-0.5039541507489669,0.853355020885594,50,0.008411377668380737,0.015321227721869946,0.9981364607810974,-0.14714115858078003,-0.022453797981142998,0.012449027970433235,0.02871747698003881,283.01646423751686,0.0
8.704,-45.90018023465185,-0.46480693369106635,0.854475207970611,50,0.007989432662725449,0.014941174536943436,0.9983004927635193,0.11205605417490005,0.045081086456775665,0.050354618579149246,0.02912151924904983,283.01646423751686,0.0
8.755,-45.89681036348756,-0.45318802332129643,0.8329896673237664,50,0.007316525559872389,0.01358294952660799,0.9968858957290649,0.12468165904283524,-0.030430305749177933,0.2657262086868286,0.02947238220260539,283.01646423751686,0.0
8.805,-45.89634058151872,-0.4765503331256218,0.8561569116666505,50,0.007990214973688126,0.014748828485608101,0.9987521171569824,-0.000927356188185513,0.13847947120666504,-0.041922371834516525,0.030085788196773457,280.74323962516735,0.0
8.855,-45.89789643248834,-0.4749220291222756,0.8598346340534118,50,0.0098268399015069,0.01613045483827591,0.9975658655166626,0.09923352301120758,0.03401876986026764,-0.1727420836687088,0.03092645322265853,280.74323962516735,0.0
8.906,-45.89516639793132,-0.466185254207442,0.8551430876256308,51,0.008471859619021416,0.015239521861076355,0.9971246123313904,-0.21572008728981018,-0.22189971804618835,0.2776280343532562,0.03195218530062665,280.74323962516735,0.0
8.956,-45.89549578659983,-0.4845969572513234,0.8375825728977373,51,0.008277696557343006,0.013805401511490345,1.0005481243133545,0.20214633643627167,-0.04165574908256531,0.05414152145385742,0.032491365810485846,280.74323962516735,0.0
9.007,-45.895452074018664,-0.47043464838500443,0.830281015892433,51,0.007853602059185505,0.013899434357881546,0.9974358081817627,0.12608467042446136,-0.1796426922082901,-0.03849240019917488,0.03309502024883913,280.74323962516735,0.0
9.057,-45.89384609283273,-0.4500857079067941,0.8475041159554895,51,0.008007233031094074,0.014763463288545609,0.9995108842849731,0.2398727387189865,-0.17659668624401093,0.10847203433513641,0.03366151493571747,280.74323962516735,0.0
9.108,-45.892989202105376,-0.4753793496479166,0.8146566437379827,51,0.008969675749540329,0.014452108182013035,0.9988628029823303,-0.019034916535019875,0.03365504369139671,-0.006973445415496826,0.034476424216544094,280.74323962516735,0.0
9.158,-45.89250883954793,-0.46755393813761414,0.8514420739819314,51,0.006462302058935165,0.014672254212200642,0.997340202331543,-0.04021258279681206,0.1526283323764801,0.007410323712974787,0.03523934198161736,280.74323962516735,0.0
9.208,-45.89223461011172,-0.460655336729062,0.8472003271836008,51,0.007635029498487711,0.015554646030068398,0.9986199140548706,-0.02353155054152012,-0.18725447356700897,-0.010466807521879673,0.03578930602456757,280.74323962516735,0.0
9.258,-45.891020002407615,-0.48489003126461044,0.8334073565214408,51,0.008571583777666092,0.013434911146759987,0.9969937205314636,0.14010412991046906,0.15984077751636505,0.021241990849375725,0.035468221568930196,280.74323962516735,0.0
9.308,-45.893067355020264,-0.48513686357863195,0.825079452348119,51,0.008993973955512047,0.016213063150644302,1.000022053718567,-0.12159868329763412,-0.18131667375564575,-0.03819384053349495,0.035424403093066735,286.2029341521665,0.0
9.359,-45.8923816481204,-0.5310542534286132,0.8365855244601803,51,0.009282100014388561,0.015073051676154137,1.0016100406646729,-0.16114424169063568,0.052920516580343246,-0.11379314959049225,0.035626861127090736,286.2029341521665,0.0
9.409,-45.89379999226531,-0.5155228220974425,0.8196764237449213,51,0.008085896261036396,0.013571969233453274,0.9993231892585754,-0.10641302168369293,-0.000338612386258319,0.02877139300107956,0.03591141281711676,286.2029341521665,0.0
9.459,-45.89352575041438,-0.4941017752559853,0.8518604438531516,51,0.007699162699282169,0.01566903106868267,0.9985135793685913,-0.26158851385116577,-0.24161215126514435,0.05520673468708992,0.03634912784844611,286.2029341521665,0.0
9.51,-45.89564855176815,-0.5114226886365429,0.8809342122867868,51,0.009450627490878105,0.01588984578847885,0.9986926317214966,-0.21002450585365295,0.1169518232345581,-0.03629397600889206,0.03608987584849791,286.2029341521665,0.0
9.56,-45.8973237870269,-0.4995509851658081,0.8634903464444182,51,0.009876161813735962,0.013990658335387707,0.9988706707954407,0.15538936853408813,0.11884590983390808,-0.2679458260536194,0.036299747367947006,286.2029341521665,0.0
9.61,-45.89634280794672,-0.47309566852941876,0.8649933405669584,51,0.007701047696173191,0.013851005584001541,0.9995332360267639,0.1030959039926529,0.11154095083475113,-0.0065097506158053875,0.036791843084099767,286.2029341521665,0.0
9.661,-45.89459576898606,-0.47390506823811474,0.9002375967516439,50,0.007690956816077232,0.01721666008234024,0.9984866976737976,0.16157151758670807,-0.003931280225515366,0.03461786359548569,0.03642116934313719,286.2029341521665,0.0
9.711,-45.893592082026764,-0.4518749344308344,0.8541542760283634,50,0.005771483760327101,0.014605472795665264,0.9964587688446045,0.02306864596903324,0.19651305675506592,0.1031259223818779,0.03647053119868381,286.2029341521665,0.0
9.762,-45.89344993593959,-0.45431973609861803,0.8513733690000573,50,0.009046261198818684,0.013543864712119102,1.0006142854690552,0.14240629971027374,-0.16871130466461182,0.20807892084121704,0.036355491217430286,286.2029341521665,0.0
9.812,-45.89037534111609,-0.4531768993078962,0.8425245796790071,50,0.007180679589509964,0.016823511570692062,1.0008152723312378,0.014587108045816422,-0.09564175456762314,-0.009708859026432037,0.036040412390561875,286.2029341521665,0.0
9.862,-45.887510118038236,-0.47565184246650904,0.8380597530021384,50,0.008951797150075436,0.013707248494029045,0.9991327524185181,0.028843514621257782,0.029809540137648582,0.12037190049886703,0.03690596430528257,283.85923118570656,0.0
9.913,-45.885359687484936,-0.44953344095061587,0.8315671997521771,51,0.007133582141250372,0.014852888882160187,1.0003585815429688,-0.13150392472743988,-0.08208725601434708,-0.05404520034790039,0.03749849137296318,283.85923118570656,0.0
9.963,-45.88543258000674,-0.4448225230121923,0.8228092132075899,51,0.008287446573376656,0.01211214903742075,0.9998771548271179,-0.06933386623859406,-0.20328104496002197,0.023633740842342377,0.038145324410255727,283.85923118570656,0.0
10.013,-45.885386761892605,-0.45986587419085906,0.8214555169202873,51,0.0077869766391813755,0.013155610300600529,0.9997904896736145,-0.11472036689519882,0.18667654693126678,0.2050173580646515,0.03787014273026883,283.85923118570656,0.0
10.064,-45.88408732681066,-0.4608757217086274,0.8051083631889913,51,0.008153073489665985,0.01486101746559143,0.9980930685997009,-0.15762747824192047,-0.09034723788499832,0.03176680579781532,0.03682616185325457,283.85923118570656,0.0
10.114,-45.885212200297595,-0.49294416319686946,0.822622395467756,51,0.00927615724503994,0.01644769497215748,0.9966139793395996,0.13010047376155853,-0.1213185265660286,-0.23038718104362488,0.03599702016380541,283.85923118570656,0.0
10.164,-45.88268203592832,-0.47898421443548644,0.8295062507854551,51,0.006492537446320057,0.014619202353060246,0.9976644515991211,-0.17738261818885803,0.004668556619435549,-0.10242893546819687,0.03456845211217217,283.85923118570656,0.0
10.214,-45.88144660335662,-0.48261668870275876,0.8254936901511056,51,0.008590261451900005,0.014131445437669754,0.997222363948822,-0.2195185273885727,0.029845044016838074,-0.023034416139125824,0.034002639429124085,283.85923118570656,0.0
10.264,-45.87983426190477,-0.49667314894750025,0.7934019811693578,51,0.009103349409997463,0.012949096970260143,0.9972148537635803,-0.29810023307800293,-0.0616108700633049,0.043922439217567444,0.03329622293166814,283.85923118570656,0.0
10.314,-45.87662002327769,-0.47270317959079783,0.7983418808649397,51,0.008773872628808022,0.015452036634087563,0.9997175931930542,0.07278294861316681,0.1421453058719635,0.20355375111103058,0.03275298195206239,283.85923118570656,0.0
10.365,-45.87326373986163,-0.4631605233804686,0.8264997967915315,51,0.010063042864203453,0.014942902140319347,0.998766303062439,0.1759478598833084,-0.08103761821985245,0.1222900003194809,0.0321257319851629,283.85923118570656,0.0
10.415,-45.871988694608866,-0.47394248057162136,0.8452982650226993,50,0.008394957520067692,0.016773877665400505,1.000382661819458,0.08285252004861832,-0.1600092649459839,0.02143131196498871,0.03185639166153599,281.8752688172043,0.0
10.465,-45.86912676036707,-0.5200743180375508,0.852175877511441,50,0.012200084514915943,0.015571275725960732,1.000165343284607,-0.017504025250673294,0.027060426771640778,-0.005308173131197691,0.03106156584202412,281.8752688172043,0.0
10.515,-45.872595574450735,-0.5247378666191181,0.8486644623336431,50,0.00853794626891613,0.014881190843880177,0.9967027902603149,-0.2391100972890854,-0.02934061922132969,0.03625588119029999,0.029973443608838704,281.8752688172043,0.0
10.566,-45.8732466190108,-0.4920312872714811,0.8473211776001989,50,0.007393732201308012,0.015463811345398426,1.0021144151687622,0.02580520324409008,0.06405557692050934,0.050532687455415726,0.02886693683231645,281.8752688172043,0.0
10.616,-45.87211561937767,-0.49148796355054325,0.8471274491884271,50,0.009002666920423508,0.014863543212413788,0.9972270727157593,0.12421873956918716,-0.14361393451690674,0.07603836804628372,0.02808408062778743,281.8752688172043,0.0
10.666,-45.87134978544248,-0.4872217236072264,0.8325126807637798,51,0.007485513109713793,0.013498088344931602,0.9979082942008972,-0.19689977169036865,-0.1413005143404007,0.09465031325817108,0.02701865324755334,281.8752688172043,0.0
10.716,-45.870736956781904,-0.46664388656747724,0.8458078333517124,51,0.007499414961785078,0.014055894687771797,0.9971919655799866,0.2657393217086792,-0.11311964690685272,0.08732160925865173,0.025735399010257388,281.8752688172043,0.0
10.767,-45.86835791212189,-0.4906713594854308,0.824195838018613,51,0.00962691381573677,0.01538625918328762,1.0002217292785645,-0.02449069358408451,0.1685292273759842,0.1816701740026474,0.024950773843543245,281.8752688172043,0.0
10.818,-45.86961532985397,-0.5072240422770811,0.8052463785805648,51,0.009182628244161606,0.01349934097379446,0.9984195232391357,0.004694211296737194,-0.0670931339263916,-0.18474578857421875,0.0242150667578504,281.8752688172043,0.0
10.868,-45.86628243011742,-0.49644234870141696,0.8224875253919254,51,0.007445452269166708,0.015108117833733559,0.9983128309249878,-0.07894212007522583,-0.009241492487490177,0.18949255347251892,0.023803357118867708,281.8752688172043,0.0
10.918,-45.867973205478975,-0.47871518337867275,0.8278108780362763,51,0.008952856995165348,0.014767594635486603,0.9970919489860535,-0.09878946840763092,-0.17826877534389496,0.25279247760772705,0.022479824342372053,281.8752688172043,0.0
10.969,-45.86731374816806,-0.45859564730362995,0.8349380133557617,51,0.0074923112988471985,0.013180799782276154,0.9962013363838196,-0.16356055438518524,-0.12110864371061325,0.15840519964694977,0.022035211248051842,283.6097099195348,0.0
11.019,-45.86946072477221,-0.4710224738245243,0.8000878090943468,51,0.00866757147014141,0.013880159705877304,0.9989061951637268,0.09022043645381927,0.21916791796684265,-0.006905680056661367,0.022492511189041445,283.6097099195348,0.0
11.069,-45.870070334299825,-0.48762225024452277,0.7787384114388634,51,0.007303151302039623,0.011715107597410679,1.0003600120544434,-0.13751715421676636,-0.09830879420042038,0.0432860441505909,0.02300183613692914,283.6097099195348,0.0
11.119,-45.86684192319985,-0.49141871066215226,0.8282483302442007,51,0.00916239246726036,0.013897133059799671,0.9984541535377502,-0.012195184826850891,-0.06690025329589844,-0.043874453753232956,0.023947662129855628,283.6097099195348,0.0
11.17,-45.86618725456388,-0.5216239564115044,0.8078832986492723,51,0.010138660669326782,0.012228199280798435,0.9994663596153259,-0.12154792249202728,-0.3588659167289734,0.33117809891700745,0.024549157791679283,283.6097099195348,0.0
11.22,-45.86494553564283,-0.5186868319039577,0.8203657358360152,51,0.008125154301524162,0.013687263242900372,0.9974492192268372,-0.04771564528346062,0.08885891735553741,-0.06588582694530487,0.025817618503718134,283.6097099195348,0.0
11.27,-45.863727882640774,-0.4695708934968083,0.8254584842435952,51,0.006663744803518057,0.014491434209048748,0.998180627822876,-0.1654764711856842,-0.09043700248003006,0.0725155919790268,0.02601335608385939,283.6097099195348,0.0
11.321,-45.86115179861855,-0.49298567261749837,0.8266820614658956,51,0.010245171375572681,0.0161883607506752,0.9976256489753723,-0.0939294621348381,0.16545744240283966,-0.05662190541625023,0.026830463934280836,283.6097099195348,0.0
11.371,-45.86347348421864,-0.4933511484562327,0.7870938202577548,51,0.007463527377694845,0.014509683474898338,1.0002045631408691,-0.14122968912124634,-0.10764823108911514,0.13496440649032593,0.027236571039794176,283.6097099195348,0.0
11.421,-45.8621812121211,-0.5111864762365125,0.8349950120654099,50,0.008925571106374264,0.013839757069945335,0.9980718493461609,-0.2548357844352722,0.1355486363172531,0.016975050792098045,0.02839000331772737,283.6097099195348,0.0
11.472,-45.861206303661376,-0.5186246828763078,0.8423557794706075,50,0.010333946906030178,0.01296877209097147,1.0001778602600098,0.06097788363695145,-0.12288622558116913,0.07790661603212357,0.02975215834343826,281.9131603710176,0.0
11.522,-45.85831518516196,-0.5198222858816323,0.8447102584443795,50,0.007884670980274677,0.015153832733631134,0.9968743920326233,0.00184367666952312,-0.031032634899020195,0.020947899669408798,0.03184742721565385,281.9131603710176,0.0
11.572,-45.855533014031,-0.48202061828119636,0.8632135800753469,50,0.006766395643353462,0.016047004610300064,1.0004888772964478,0.02485942468047142,-0.1673303097486496,0.051035311073064804,0.0327002879686014,281.9131603710176,0.0
11.623,-45.854752417242516,-0.470620947865357,0.8197608477248332,50,0.009199812076985836,0.011508926749229431,0.9991037845611572,0.14738434553146362,-0.024617189541459084,0.1104448065161705,0.03384081451256739,281.9131603710176,0.0
11.673,-45.855317474489915,-0.4684438029934786,0.8335878531224846,51,0.007605975493788719,0.016193250194191933,0.9976668357849121,-0.04257870838046074,-0.18285417556762695,-0.19820968806743622,0.03348847860818815,281.9131603710176,0.0
11.724,-45.85472737356912,-0.4737543084724962,0.813781023026519,51,0.007127075921744108,0.012300558388233185,0.9996710419654846,-0.018208730965852737,-0.17101770639419556,0.13197939097881317,0.03319691470010145,281.9131603710176,0.0
11.774,-45.85537694257901,-0.464420370365056,0.8344198789308019,51,0.009097941219806671,0.014713652431964874,0.9970909357070923,-0.15366828441619873,-0.0750904530286789,-0.012109879404306412,0.03322375347185835,281.9131603710176,0.0
11.825,-45.85231232647301,-0.4615591097141595,0.8249813634007747,51,0.0077163768000900745,0.01428107637912035,1.0007325410842896,-0.012807702645659447,-0.23245595395565033,-0.08050334453582764,0.03319863191028804,281.9131603710176,0.0
11.875,-45.85010163617608,-0.4671156676121329,0.8470078144942047,51,0.008025973103940487,0.017347363755106926,1.0012062788009644,-0.10141384601593018,0.16043448448181152,0.039377328008413315,0.032832987397977596,281.9131603710176,0.0
11.925,-45.8496431661257,-0.4612081334337675,0.8681092643857222,50,0.007790314964950085,0.015149024315178394,0.9980127215385437,0.09519823640584946,-0.016375640407204628,0.03243829682469368,0.03249209473763539,281.9131603710176,0.0
11.976,-45.84983686097561,-0.49641813212583824,0.859997114449457,50,0.009658034890890121,0.01477102842181921,0.9975265860557556,-0.09375209361314774,-0.17078454792499542,0.03430092707276344,0.031645298260051406,281.9131603710176,0.0
12.026,-45.8485250753026,-0.5081435072412527,0.8599066047419271,50,0.008993970230221748,0.01485789567232132,0.9982627630233765,0.061655379831790924,-0.19067111611366272,0.113303042948246,0.031217025297970144,260.710094480358,0.0
12.076,-45.85130526864933,-0.5083183447612313,0.8771944714270089,50,0.00875239260494709,0.016559377312660217,0.9983586072921753,-0.13091544806957245,0.10714010149240494,-0.24847571551799774,0.030679322666450477,260.710094480358,0.0
12.127,-45.851287056785615,-0.48787428041644626,0.8216562375003532,50,0.00752338208258152,0.01293241884559393,0.997410774230957,-0.006111812777817249,-0.17087504267692566,0.18184490501880646,0.03055769802410333,260.710094480358,0.0
12.177,-45.85005210212161,-0.47797988907586,0.8085127513092477,51,0.009076055139303207,0.014928404241800308,0.9980008006095886,0.023116974160075188,-0.02306671068072319,-0.060215167701244354,0.029957601718299153,260.710094480358,0.0
12.227,-45.84895937316563,-0.47006994182210704,0.8492509994636259,51,0.00796529185026884,0.016215533018112183,0.9991464018821716,0.10819369554519653,-0.0018287015845999122,0.006550842430442572,0.029528870916905155,260.710094480358,0.0
12.277,-45.84866525069173,-0.45147508495242816,0.8354357998802666,51,0.007475928403437138,0.013400082476437092,1.0012669563293457,0.1939539909362793,-0.16920004785060883,-0.13254867494106293,0.029503390901607664,260.710094480358,0.0
12.328,-45.85004457844675,-0.4521147226680099,0.8409620382278398,51,0.008717024698853493,0.014886051416397095,0.9979763031005859,-0.14951713383197784,0.008675660006701946,-0.06781336665153503,0.0298010392956623,260.710094480358,0.0
12.379,-45.85119644948006,-0.46455785926623905,0.8386825772216956,51,0.008545180782675743,0.014425037428736687,0.9996894598007202,-0.0038329698145389557,-0.13277298212051392,0.17840154469013214,0.030345036125047742,260.710094480358,0.0
12.429,-45.84882331799671,-0.452098987060766,0.82373419722594,50,0.007495097815990448,0.016356023028492928,0.9962983131408691,-0.06460853666067123,-0.10684623569250107,-0.1331184208393097,0.030498114449709793,260.710094480358,0.0
12.479,-45.849676951003616,-0.45991035391837043,0.8393532466201594,50,0.007065530866384506,0.014410702511668205,1.0000030994415283,-0.08690261840820312,0.0319460928440094,-0.0356130488216877,0.031364537505396604,260.710094480358,0.0
12.53,-45.846496659347686,-0.46365049822323906,0.8292009346723725,50,0.01098363846540451,0.012457518838346004,0.9983962774276733,-0.0714612752199173,0.15602357685565948,0.16852092742919922,0.03185258030987978,260.710094480358,0.0
12.58,-45.845192434543904,-0.5038460097960342,0.8034104783642091,50,0.009152204729616642,0.012065828777849674,0.9991854429244995,0.014131235890090466,0.11994338780641556,0.12542179226875305,0.03321753122883015,285.98827219419064,0.0
12.631,-45.84280836688857,-0.5152916765266805,0.8331245784417514,50,0.008671747520565987,0.015913650393486023,0.9972091317176819,0.06549438089132309,0.05947218835353851,0.06950381398200989,0.03515322197648962,285.98827219419064,0.0
12.681,-45.84112048842892,-0.5113974577226797,0.84159460311352,50,0.008130432106554508,0.014243971556425095,0.9979336857795715,-0.04974488541483879,-0.070095494389534,0.08580993860960007,0.03741672631984498,285.98827219419064,0.0
12.731,-45.83879987492875,-0.5004884313385309,0.8287416098803263,50,0.008577611297369003,0.015091747976839542,0.9978968501091003,-0.026764538139104843,0.12347157299518585,0.14601656794548035,0.037450661633671986,285.98827219419064,0.0
12.782,-45.83674943598562,-0.4710997270922493,0.8658494994576389,50,0.0063198283314704895,0.014453263022005558,1.0001388788223267,-0.13045687973499298,-0.10205759853124619,0.2581850588321686,0.03739097043665752,285.98827219419064,0.0
12.832,-45.83509619737628,-0.47587975211337025,0.880320783036373,50,0.007985569536685944,0.014719357714056969,0.9997171759605408,0.2988934814929962,-0.06625749915838242,0.2213168889284134,0.0381572309756767,285.98827219419064,0.0
12.883,-45.83868371101829,-0.48093388710721247,0.8436369809083234,50,0.007375400047749281,0.016090473160147667,0.9986711144447327,0.1964745819568634,0.07834656536579132,-0.1681140512228012,0.038657364157761546,285.98827219419064,0.0
12.933,-45.83892961246405,-0.4741829972619722,0.8339962545367454,51,0.008521906100213528,0.013548958115279675,0.9993637800216675,-0.1232733502984047,-0.21190941333770752,-0.26363155245780945,0.038512514891636866,285.98827219419064,0.0
12.983,-45.84057058323173,-0.47192559980036525,0.8197666323501895,51,0.008755731396377087,0.013822111301124096,0.9987042546272278,-0.20578832924365997,0.0598192922770977,0.06907669454813004,0.03789110507400622,285.98827219419064,0.0
13.033,-45.84034486528994,-0.5132842743293697,0.8185651410488435,51,0.009857403114438057,0.014817946590483189,0.9990973472595215,0.07488980889320374,-0.030685905367136,0.0305866077542305,0.0365504174251001,285.98827219419064,0.0
13.083,-45.83673389510561,-0.4941957943130107,0.7826937914744759,51,0.007132456637918949,0.012741701677441597,0.9988033175468445,-0.26337799429893494,-0.15931344032287598,0.09239063411951065,0.035946097787036425,279.2479360852197,0.0
13.135,-45.83752834546415,-0.4925188366193841,0.7982175965526173,51,0.006963045801967382,0.015412457287311554,0.9954747557640076,0.17832733690738678,-0.004420873709022999,-0.04256682097911835,0.035410420924417665,279.2479360852197,0.0
13.185,-45.834878408029056,-0.5013802581052268,0.7929386910835027,50,0.010952058248221874,0.011220626533031464,1.000223994255066,-0.09648797661066055,-0.050144072622060776,0.260509192943573,0.03524826177717735,279.2479360852197,0.0
13.235,-45.83337932761965,-0.49103167353066884,0.7817753352816421,50,0.0080484040081501,0.013634619303047657,0.9989414811134338,0.1401771903038025,-0.0016722684958949685,0.13961473107337952,0.03577641937017987,279.2479360852197,0.0
13.285,-45.83280917235363,-0.4890429568179353,0.8375364271786514,50,0.008224611170589924,0.015303632244467735,0.9991589188575745,-0.13734544813632965,-0.020895568653941154,0.06379209458827972,0.03538010749103711,279.2479360852197,0.0
13.335,-45.83144321524674,-0.4683958654976435,0.8231639577496138,50,0.009031646884977818,0.014776322059333324,0.9975671768188477,0.2382889837026596,0.13053672015666962,0.10192819684743881,0.0350689678438606,279.2479360852197,0.0
13.386,-45.83208407301894,-0.4808749322767157,0.8240814682361203,50,0.008601442910730839,0.013413039967417717,1.0003559589385986,-0.09266743808984756,-0.06581984460353851,-0.05568018555641174,0.034419373887177564,279.2479360852197,0.0
13.438,-45.83106651820424,-0.48655963015353565,0.807204988806044,51,0.007524501997977495,0.012402822263538837,0.998969554901123,-0.1403554528951645,-0.10481362044811249,0.052004508674144745,0.03336508311944829,279.2479360852197,0.0
13.488,-45.8306190699526,-0.472136758720989,0.8213070614338739,51,0.008281088434159756,0.014071726240217686,0.9981041550636292,-0.12332070618867874,-0.12571977078914642,-0.12271687388420105,0.033348775196245586,279.2479360852197,0.0
13.538,-45.82958860637643,-0.47869329823617607,0.8529254225243037,51,0.009938765317201614,0.015641318634152412,1.0009715557098389,-0.02095700614154339,-0.04684212803840637,0.03631388023495674,0.03324534351513361,279.2479360852197,0.0
13.589,-45.82828499367267,-0.5038805665366413,0.8827527452101984,51,0.010909468866884708,0.016366688534617424,0.9962297081947327,-0.11539563536643982,0.022035250440239906,-0.07463065534830093,0.033043848392214074,279.2479360852197,0.0
13.639,-45.828259479793324,-0.5073405016750651,0.8670809935806428,51,0.008442867547273636,0.014293022453784943,0.997505247592926,-0.0788288339972496,-0.07768373191356659,0.07496630400419235,0.03338992542258411,285.96877343696735,0.0
13.69,-45.83070881727279,-0.4775544902369688,0.8556462106739422,50,0.008050640113651752,0.0154922716319561,0.9959836602210999,-0.22998297214508057,0.05503290891647339,-0.03189745172858238,0.03441999408021898,285.96877343696735,0.0
13.74,-45.83090118599032,-0.46646621331061405,0.8260644486543423,50,0.004696724005043507,0.012905554845929146,0.9974026083946228,0.098906971514225,-0.10661348700523376,0.07876469194889069,0.0365125525332466,285.96877343696735,0.0
13.791,-45.83384198687766,-0.4728610916557825,0.8257043250935678,50,0.007223760709166527,0.012596577405929565,1.0018459558486938,0.01471004355698824,0.15234088897705078,-0.1693052053451538,0.037622029339648914,285.96877343696735,0.0
13.841,-45.8372962012848,-0.4516331404449752,0.8228049143669026,50,0.006566699594259262,0.013081259094178677,0.9977515935897827,0.05975952371954918,-0.2478766143321991,0.07688282430171967,0.038963272547315055,285.96877343696735,0.0
13.891,-45.838051249075896,-0.45383363524041814,0.839450698693309,50,0.007349779829382896,0.015828512609004974,0.9973145723342896,0.03765295445919037,-0.016673965379595757,-0.09838906675577164,0.039179185662873955,285.96877343696735,0.0
13.942,-45.838462551445616,-0.43056734032475086,0.8120102280866844,50,0.009300257079303265,0.012839864008128643,0.998134434223175,-0.1658027619123459,0.0026027271524071693,0.019809920340776443,0.03813675606582697,285.96877343696735,0.0
13.992,-45.83815051427142,-0.47098070113679896,0.8296683464618091,50,0.008617389015853405,0.01650691032409668,1.000469446182251,-0.017137696966528893,-0.08561582118272781,0.157965287566185,0.03700336555019667,285.96877343696735,0.0
14.042,-45.83683465475984,-0.4715657300078529,0.7959037850202656,50,0.008862261660397053,0.013675560243427753,1.00132417678833,0.08678572624921799,0.07339051365852356,0.13979944586753845,0.03701861128922829,285.96877343696735,0.0
14.093,-45.834418941721786,-0.4557854201048256,0.81636129047495,50,0.006460380740463734,0.01709807477891445,0.9975233674049377,-0.11637504398822784,-0.11803865432739258,0.030064331367611885,0.03748134035434002,285.96877343696735,0.0
14.143,-45.83385900321728,-0.44506982495816777,0.8384035156015663,50,0.008989295922219753,0.01624974049627781,0.9983754754066467,-0.07627425342798233,0.09745551645755768,-0.30192771553993225,0.037234170696421376,285.96877343696735,0.0
14.193,-45.8324764413052,-0.4605505494878336,0.8645687408859157,50,0.009258386678993702,0.015787240117788315,0.9987962245941162,0.028290051966905594,0.07962477207183838,0.12299035489559174,0.036845709916517165,285.85183670687655,0.0
14.244,-45.830324131825904,-0.46056749365876365,0.8187777530074878,50,0.009429644793272018,0.011727589182555676,0.9975557923316956,-0.16542857885360718,-0.07119796425104141,0.10977569967508316,0.038040575970929504,285.85183670687655,0.0
14.294,-45.83297301171918,-0.47052553800594277,0.783526231770765,50,0.007215684745460749,0.015058771707117558,0.999556303024292,-0.3342932462692261,-0.06674332171678543,-0.2373991310596466,0.038950844072709885,285.85183670687655,0.0
14.344,-45.835148343977245,-0.4622814550375638,0.8133900290602987,50,0.00619130115956068,0.013117876835167408,1.0008926391601562,0.012028862722218037,-0.10763397067785263,-0.13646318018436432,0.03991260303501485,285.85183670687655,0.0
14.394,-45.838195344515206,-0.4752177190221795,0.8322291489584306,50,0.007430557161569595,0.016647251322865486,0.9979969263076782,0.02742806263267994,-0.08690463751554489,-0.09746940433979034,0.04130822186307568,285.85183670687655,0.0
14.445,-45.835857820242445,-0.5053806490431011,0.8323611913376499,50,0.011015110649168491,0.01213816087692976,1.0015528202056885,-0.1592017561197281,-0.0351540669798851,-0.014065500348806381,0.04184339181761859,285.85183670687655,0.0
14.496,-45.83521803390825,-0.4899527311664182,0.8206787351452666,50,0.008152969181537628,0.014476725831627846,0.9979284405708313,-0.05107862874865532,-0.1642352044582367,0.05897567421197891,0.04223103156794275,285.85183670687655,0.0
14.547,-45.83393069934924,-0.47127398783593194,0.8246689509021368,50,0.006742013152688742,0.01536464225500822,0.9985752701759338,0.014799311757087708,0.09011723101139069,0.10007625073194504,0.042150688811773696,285.85183670687655,0.0
14.597,-45.83234587237499,-0.464580433711719,0.8101104666831879,50,0.006279453635215759,0.0139550706371665,0.9972483515739441,0.021324314177036285,-0.17339535057544708,0.1308239996433258,0.04325104189484058,285.85183670687655,0.0
14.648,-45.83284976679856,-0.46410560342717944,0.8248723445040855,50,0.006039492320269346,0.014599922113120556,0.9986228942871094,0.08566296845674515,-0.0024886527098715305,-0.02349945716559887,0.04315292104027984,285.85183670687655,0.0
14.698,-45.83356208141095,-0.4693575763926129,0.8589984754818027,50,0.0071699474938213825,0.015650374814867973,0.9981668591499329,0.041217904537916183,-0.2034159004688263,0.06089581921696663,0.04284956729070526,285.5210347174949,0.0
14.748,-45.83408703934938,-0.4591667423220265,0.8480669693312253,50,0.0073880646377801895,0.01602019928395748,0.9984340667724609,0.057538650929927826,0.10018966346979141,-0.016299566254019737,0.042284967887228055,285.5210347174949,0.0
14.798,-45.83486528669989,-0.4736730900041709,0.8152081127532002,50,0.00854704063385725,0.012573271058499813,0.9978113174438477,0.02250691130757332,0.13403774797916412,-0.1198052242398262,0.04162672334309946,285.5210347174949,0.0
14.849,-45.83292567047734,-0.4736930293037553,0.8211618877965767,50,0.008802643977105618,0.01486918330192566,0.998620331287384,-0.10066568851470947,-0.1825348287820816,0.05356447771191597,0.041319577743821,285.5210347174949,0.0
14.899,-45.83215261800453,-0.4884599082779224,0.8505530363743568,50,0.00782589241862297,0.013477497734129429,0.9982011914253235,-0.02486162632703781,0.05080341547727585,-0.0024671603459864855,0.04035053864224145,285.5210347174949,0.0
14.949,-45.83218379318082,-0.4667963732537183,0.831633280129333,50,0.007742743939161301,0.013537761755287647,0.9985422492027283,-0.2183726727962494,-0.05769016966223717,0.049289457499980927,0.03930173051978084,285.5210347174949,0.0
15.0,-45.829542669818714,-0.45792061793640576,0.8228676670877001,50,0.007552244700491428,0.014450631104409695,0.998471736907959,-0.3016209900379181,-0.10148876905441284,0.2195030003786087,0.03747450839877201,285.5210347174949,0.0
15.05,-45.829815170815515,-0.4758189362831993,0.8224699764925292,50,0.009861134923994541,0.015825148671865463,0.9982205629348755,-0.24441614747047424,-0.10239726305007935,-0.03175374120473862,0.035874678728136995,285.5210347174949,0.0
15.1,-45.82756923966388,-0.45336353638074445,0.8185696149048046,50,0.004898191895335913,0.014205891638994217,0.998187780380249,0.03958611935377121,-0.027002347633242607,-0.04393535852432251,0.03336782518285264,285.5210347174949,0.0
15.15,-45.82856241577375,-0.4770447779792186,0.782127970848361,50,0.008496689610183239,0.01207773108035326,1.0008045434951782,0.06481558084487915,0.1782674640417099,-0.06513357162475586,0.031488044322026267,285.5210347174949,0.0
15.201,-45.827208313488335,-0.4634234967106136,0.8089343869951697,50,0.009886091575026512,0.016830988228321075,0.9977940320968628,0.08668190985918045,-0.1509033739566803,0.1738501936197281,0.02998552375755715,285.5210347174949,0.0
15.251,-45.82786737105591,-0.4801163177932185,0.831047516034641,50,0.008819516748189926,0.014489507302641869,0.9967721700668335,0.3513830900192261,-0.17104783654212952,0.12827007472515106,0.02864061246418137,286.8292416056897,0.0
15.302,-45.82580770308046,-0.48508501380082203,0.861857739503469,50,0.007228572852909565,0.016038881614804268,0.9986079931259155,-0.17609108984470367,-0.16023173928260803,0.12683384120464325,0.027580270732975018,286.8292416056897,0.0
15.352,-45.824372581606696,-0.479952790939981,0.8353252574902159,50,0.008695128373801708,0.016327541321516037,0.9999329447746277,-0.033658090978860855,-0.0743025541305542,0.06596057862043381,0.026133754969674867,286.8292416056897,0.0
15.402,-45.824628359926486,-0.4796236930139587,0.7864979158308769,50,0.007778978440910578,0.012628738768398762,0.997833251953125,-0.012673365883529186,0.0417834036052227,-0.03741130605340004,0.025150032839361614,286.8292416056897,0.0
15.453,-45.8242106247314,-0.4954842320380515,0.8201443295493663,50,0.007792480755597353,0.014417116530239582,0.9980935454368591,0.007165132090449333,-0.23619455099105835,-0.03545723110437393,0.02367551451051896,286.8292416056897,0.0
15.503,-45.823695399062565,-0.4894539940111721,0.8377638873307237,50,0.007887950167059898,0.014962119050323963,0.9974769949913025,-0.07104341685771942,-0.058090537786483765,-0.0011071354383602738,0.023238686443138822,286.8292416056897,0.0
15.554,-45.822835287018165,-0.4827693909865387,0.8464568824976385,50,0.009434138424694538,0.017028028145432472,0.9977686405181885,-0.10306303203105927,-0.014612658880650997,-0.20940016210079193,0.022709548897203283,286.8292416056897,0.0
15.604,-45.819493541702606,-0.4918968767767976,0.8254780307624012,50,0.007207726594060659,0.014960112981498241,0.9959277510643005,-0.20963966846466064,-0.263803094625473,-0.06883372366428375,0.022305547459167376,286.8292416056897,0.0
15.654,-45.82075778042042,-0.47330282426090964,0.8622474693319269,51,0.008729743771255016,0.01579168811440468,0.9990237355232239,-0.10578339546918869,0.06777843087911606,-0.0010660187108442187,0.022099584836890795,286.8292416056897,0.0
15.705,-45.81925186120194,-0.4560846745125808,0.8261396816236838,51,0.008346177637577057,0.012778118252754211,0.9977565407752991,-0.10808854550123215,-0.019331591203808784,-0.03385090455412865,0.022276407721904062,286.8292416056897,0.0
15.755,-45.81990524176972,-0.4754538030795774,0.807872201093434,51,0.009740199893712997,0.014852499589323997,0.9993977546691895,-0.23340702056884766,-0.10603419691324234,0.0547553226351738,0.02216882395165168,286.8292416056897,0.0
15.806,-45.82045826644787,-0.4719129435589454,0.819572936491067,51,0.007107493467628956,0.013770265504717827,0.99947589635849,0.10929165780544281,0.2707941234111786,-0.049993645399808884,0.02247645959187132,283.99377073600107,0.0
15.856,-45.82226060313858,-0.5146883167979347,0.8089066815778266,51,0.008337517268955708,0.01490841992199421,0.9997451305389404,0.08974070101976395,-0.10712513327598572,0.11242051422595978,0.022395904997107058,283.99377073600107,0.0
15.907,-45.820707613312216,-0.4963988484259752,0.8515093654615428,50,0.008807110600173473,0.013980196788907051,0.9965384006500244,-0.0357142798602581,-0.07473558932542801,-0.09454364329576492,0.022448483436201982,283.99377073600107,0.0
15.957,-45.822711982228356,-0.5104339083841395,0.8590269955063136,50,0.008619651198387146,0.015411990694701672,0.996160626411438,-0.09344527870416641,-0.07470618933439255,0.13643723726272583,0.02274375328224657,283.99377073600107,0.0
16.008,-45.81923213119802,-0.5182604753532423,0.8602629845911015,50,0.01117701642215252,0.017553867772221565,0.9997202157974243,-0.16651800274848938,-0.09466253966093063,0.21351094543933868,0.02279310424237632,283.99377073600107,0.0
16.058,-45.81725135548779,-0.5063646066848669,0.835297430212071,50,0.007535604760050774,0.013859321363270283,1.001334309577942,0.051491666585206985,0.18800030648708344,0.021596843376755714,0.02349342897773333,283.99377073600107,0.0
16.108,-45.814888873277695,-0.48679883057035656,0.8298058941290697,50,0.008330120705068111,0.016285253688693047,0.9971539974212646,-0.1607206165790558,-0.02090640179812908,0.1862071007490158,0.024335238254364833,283.99377073600107,0.0
16.159,-45.81475233103011,-0.49930212918389133,0.8495628793322169,50,0.009207569994032383,0.016197610646486282,0.9997335076332092,-0.09038150310516357,-0.03699887543916702,-0.020888742059469223,0.025165928216827917,283.99377073600107,0.0
16.209,-45.819023232020186,-0.49211626592207697,0.8457128813546421,50,0.009697374887764454,0.014104957692325115,1.0021592378616333,-0.08455409109592438,0.23094911873340607,-0.0012830758932977915,0.02641749251153744,283.99377073600107,0.0
16.26,-45.81771157119385,-0.5053292971768459,0.8567094534950948,50,0.010311831720173359,0.01611701399087906,1.0017496347427368,0.01667693629860878,-0.07525303959846497,0.12481753528118134,0.027306644073139093,283.99377073600107,0.0
16.31,-45.81408709825946,-0.47614701265039655,0.8555469606583432,50,0.00653947563841939,0.012931912206113338,0.9980394840240479,0.06119378283619881,0.0038182090502232313,-0.11084333807229996,0.02901806551749619,286.5940553467714,0.0
16.361,-45.81114366622639,-0.47958136242652327,0.8333929606602206,50,0.008245897479355335,0.013152126222848892,1.0011407136917114,0.08245475590229034,-0.07260800898075104,-0.044976767152547836,0.03012900154197782,286.5940553467714,0.0
16.411,-45.80937300593715,-0.4950424545459781,0.8340587118328824,50,0.00752181326970458,0.013552633114159107,0.9988469481468201,0.017500782385468483,-0.1798136681318283,0.16723260283470154,0.03128598539053058,286.5940553467714,0.0
16.461,-45.80776399795634,-0.5053778547731936,0.8302875947504075,50,0.010264603421092033,0.015290536917746067,0.9983617663383484,0.011805528774857521,-0.1504056751728058,0.1949443370103836,0.03196902763612185,286.5940553467714,0.0
16.512,-45.80500463252179,-0.4914596598251853,0.8336629331898198,50,0.007324651349335909,0.013917261734604836,0.9993117451667786,-0.23514589667320251,-0.11876363307237625,0.08569514006376266,0.032638591813349986,286.5940553467714,0.0
16.562,-45.802186467592485,-0.4850822158753797,0.8217035833146616,50,0.010164552368223667,0.013309349305927753,0.9982474446296692,-0.1410597562789917,-0.09249522536993027,-0.02989862859249115,0.03280742723047714,286.5940553467714,0.0
16.612,-45.79853165539703,-0.4872623269060685,0.8118847258764472,50,0.008024875074625015,0.014854277484118938,1.0001170635223389,-0.11757049709558487,-0.00793299451470375,0.034621600061655045,0.033053824575837186,286.5940553467714,0.0
16.662,-45.798419487367134,-0.4725212936527271,0.8310916768503511,50,0.0051393816247582436,0.015817614272236824,0.9975273013114929,-0.05522119998931885,-0.005638815462589264,0.013972777873277664,0.03320854167721796,286.5940553467714,0.0
16.712,-45.798134506740794,-0.488070313605186,0.8526044063825672,50,0.008440119214355946,0.014117714017629623,0.9979273676872253,-0.19029194116592407,0.06600692868232727,-0.1605340838432312,0.034268799046977994,286.5940553467714,0.0
16.763,-45.79682878033776,-0.48601802228295976,0.8390269999079037,50,0.009973016567528248,0.014059241861104965,1.0002126693725586,-0.24362103641033173,-0.013984489254653454,-0.013870997354388237,0.03502637308555591,286.5940553467714,0.0
16.814,-45.795000210657555,-0.49699574829159743,0.818836926753901,50,0.008190602995455265,0.014444536529481411,0.9988762736320496,-0.03327757492661476,-0.12275439500808716,0.03090689145028591,0.03543627458063092,286.5940553467714,0.0
16.864,-45.79198439908243,-0.482843541711338,0.8415166118925038,50,0.009363564662635326,0.012939946725964546,0.9977972507476807,-0.10039792209863663,-0.07211698591709137,-0.15835903584957123,0.035401214609998705,283.0928725701944,0.0
16.915,-45.7909680200604,-0.48186382258813726,0.8457480415581177,50,0.0077514941804111,0.015057150274515152,0.9961849451065063,0.046089932322502136,0.001218058168888092,-0.054781533777713776,0.03561937952431763,283.0928725701944,0.0
16.965,-45.79004617871108,-0.4596743469535143,0.8325600929508737,50,0.008584892377257347,0.01635351963341236,0.9984763860702515,-0.124379001557827,0.19913360476493835,0.06237976253032684,0.03574623215755846,283.0928725701944,0.0
17.015,-45.78876239116689,-0.4970426528757309,0.8453953195732156,50,0.009141030721366405,0.014157980680465698,0.9988231062889099,-0.29569920897483826,-0.06733637303113937,-0.0931658148765564,0.03530354222686703,283.0928725701944,0.0
17.066,-45.78511637477865,-0.4909142584436463,0.8155287134282324,50,0.006647939328104258,0.014660230837762356,0.9983148574829102,-0.1561843305826187,-0.12126199901103973,0.12478255480527878,0.03515390535805752,283.0928725701944,0.0
17.116,-45.786901487253196,-0.4603084145098809,0.815226955809362,50,0.008885804563760757,0.013550425879657269,0.9990200400352478,-0.181012824177742,0.2440890073776245,0.0593915656208992,0.034006295650603834,283.0928725701944,0.0
17.166,-45.78663616584866,-0.4732842093932585,0.841026799091471,50,0.010058200918138027,0.014598122797906399,0.9999034404754639,-0.3092196583747864,-0.04637597128748894,-0.15558700263500214,0.03356587423000087,283.0928725701944,0.0
17.217,-45.7868654617543,-0.4783146420751588,0.87432799004448,50,0.007591677363961935,0.01772499829530716,1.0003745555877686,0.04590582102537155,-0.07366851717233658,0.08962586522102356,0.03298374691016704,283.0928725701944,0.0
17.267,-45.787713762940975,-0.47796630713749266,0.843316321443831,50,0.007424129638820887,0.01168043352663517,0.9985764622688293,-0.3450952172279358,0.03533251956105232,-0.2468535453081131,0.03227577374442578,283.0928725701944,0.0
17.317,-45.78519934446306,-0.4847795738308078,0.8371524122210809,50,0.008360842242836952,0.012919090688228607,0.9979894757270813,-0.2112651914358139,-0.017869042232632637,0.1066141277551651,0.032045893905485304,283.0928725701944,0.0
17.368,-45.7845181653906,-0.4944467165435153,0.8111440426488153,50,0.007138309068977833,0.01279114093631506,0.997823178768158,0.19162926077842712,-0.07503560930490494,-0.038835249841213226,0.03265915473445493,285.4238856753998,0.0
17.418,-45.78317626550067,-0.4916875825208175,0.8001728494982426,51,0.007277776021510363,0.011849790811538696,0.9992803335189819,0.07274794578552246,-0.04844338446855545,-0.1277223825454712,0.03399296306479825,285.4238856753998,0.0
17.468,-45.78304956957628,-0.45508727491126877,0.7917885853437655,51,0.006023447494953871,0.014069845899939537,1.0001901388168335,-0.12246078252792358,0.08614832162857056,-0.09057431668043137,0.035487985955734096,285.4238856753998,0.0
17.518,-45.782783232329514,-0.44967717065313284,0.8057785448968818,51,0.0076672774739563465,0.012466458603739738,0.9979771375656128,-0.06789501011371613,0.032010260969400406,0.1255202740430832,0.037204951043566074,285.4238856753998,0.0
17.568,-45.78036631476114,-0.4868111878037194,0.8335276211404408,51,0.010553302243351936,0.013971463777124882,0.9983745813369751,-0.03673367202281952,-0.08163589239120483,0.14697964489459991,0.03890507068968119,285.4238856753998,0.0
17.618,-45.777253480704694,-0.4940582903595577,0.8404239693937677,51,0.008277922868728638,0.015071310102939606,0.9995700716972351,0.061376165598630905,-0.11914534121751785,-0.09204868227243423,0.04111090934608652,285.4238856753998,0.0
17.668,-45.776096467981155,-0.4792909499240121,0.8204349587933603,50,0.009280702099204063,0.015492094680666924,0.9966534972190857,-0.014051899313926697,-0.08096722513437271,-0.054968442767858505,0.0414381131546927,285.4238856753998,0.0
17.719,-45.776783630714476,-0.4760598911444972,0.8107653336481149,50,0.007801077328622341,0.013225318863987923,1.0010558366775513,-0.25056397914886475,-0.03710313141345978,0.15173913538455963,0.04210401265517628,285.4238856753998,0.0
17.769,-45.77374986503911,-0.5035857949310748,0.8169107152907942,50,0.010876323096454144,0.014913197606801987,0.998220682144165,0.01668759435415268,-0.23708006739616394,0.3080270290374756,0.04267839056335382,285.4238856753998,0.0
17.819,-45.77496869282602,-0.510298787240193,0.844723411736768,50,0.006551975850015879,0.016411123797297478,0.9982683062553406,-0.17797064781188965,0.05584433674812317,0.11385363340377808,0.04323911814208189,285.4238856753998,0.0
17.87,-45.77574735106269,-0.4962665712114794,0.8432839787804683,50,0.007210587617009878,0.015286904759705067,0.99502032995224,-0.0038220006972551346,0.1779288798570633,-0.06503051519393921,0.04354020217015763,285.4238856753998,0.0
17.92,-45.77450967283526,-0.4644407115920475,0.8365115579916724,50,0.006912479177117348,0.012915651313960552,0.9981813430786133,0.17489834129810333,-0.23251257836818695,-0.002706973347812891,0.04319722676569466,285.6571545324525,0.0
17.971,-45.77524667220892,-0.48375749118476724,0.8297871529097142,50,0.009684261865913868,0.015161076560616493,0.9979247450828552,0.16983363032341003,0.11864185333251953,0.14869919419288635,0.04217154939052667,285.6571545324525,0.0
18.021,-45.77424431217679,-0.471515200060927,0.7906266276020183,50,0.010065576061606407,0.012988770380616188,0.9978912472724915,-0.04021526873111725,-0.0602186918258667,0.14656250178813934,0.040924502275360326,285.6571545324525,0.0
18.072,-45.77722831075668,-0.4689546768147326,0.8261047125918249,50,0.007919380441308022,0.016880357638001442,1.0001235008239746,0.0429106280207634,-0.004294881131500006,-0.07399389147758484,0.039180238000198986,285.6571545324525,0.0
18.122,-45.77483597005421,-0.4952345631038867,0.8557099246102287,50,0.008277462795376778,0.016251463443040848,0.998558759689331,-0.16397421061992645,-0.024975726380944252,0.19004476070404053,0.0380427839214841,285.6571545324525,0.0
18.172,-45.768979453631715,-0.47148664856857536,0.8074285173816664,50,0.0080714151263237,0.012083434499800205,0.9990081191062927,-0.16914591193199158,-0.04924342408776283,-0.01757754758000374,0.03675765119087622,285.6571545324525,0.0
18.223,-45.769401072735846,-0.47239019480211414,0.8033041118361887,50,0.008240750059485435,0.01533074676990509,0.9989795088768005,0.07943505793809891,-0.2719199061393738,0.18361403048038483,0.03553058003362082,285.6571545324525,0.0
18.273,-45.76619463715762,-0.48243710920855293,0.8090700236108483,50,0.006580863613635302,0.01528305746614933,0.9969731569290161,-0.36487331986427307,-0.08880964666604996,-0.06244119629263878,0.03397681812928691,285.6571545324525,0.0
18.324,-45.76335704697437,-0.483925103569628,0.8024404036582953,50,0.00906678568571806,0.012988398782908916,0.9992921352386475,0.020740212872624397,-0.01943507418036461,0.018114542588591576,0.03316296672191558,285.6571545324525,0.0
18.374,-45.76049766487235,-0.4970739200241108,0.7678606214023731,50,0.007948273792862892,0.01280299760401249,0.9964524507522583,-0.11780288815498352,0.21546468138694763,-0.07918577641248703,0.03237514358400396,285.6571545324525,0.0
18.424,-45.75510297721144,-0.4826902406878691,0.7821812702429698,50,0.009245049208402634,0.015019318088889122,0.9984902143478394,0.20400241017341614,-0.17010466754436493,0.23245090246200562,0.03203393539405296,285.6571545324525,0.0
18.474,-45.75544697127866,-0.4475529583178704,0.7949757644689311,50,0.00561688095331192,0.013269803486764431,0.9962417483329773,-0.16589321196079254,0.09582746773958206,0.07874016463756561,0.031517533654046456,289.6818841080185,0.0
18.525,-45.756565569499436,-0.49226765737307776,0.8108957819374583,50,0.010722767561674118,0.013466539792716503,0.9990660548210144,0.025012001395225525,0.06397419422864914,-0.13097302615642548,0.03130073014990889,289.6818841080185,0.0
18.576,-45.75474452900588,-0.48495627335185454,0.8208540583316815,50,0.009046068415045738,0.013468085788190365,0.9989259243011475,-0.048648402094841,-0.2432994693517685,-0.13735069334506989,0.031491411575081424,289.6818841080185,0.0
18.628,-45.75567724964757,-0.47732566104177054,0.8366763044038963,50,0.007126708514988422,0.015510563738644123,0.9998012781143188,-0.05390490964055061,-0.13345244526863098,0.003035244531929493,0.030433317011004768,289.6818841080185,0.0
18.679,-45.75707795635923,-0.5014516854037872,0.8365614228021608,51,0.009966270066797733,0.014105337671935558,0.9980000853538513,-0.3402077257633209,-0.05624326691031456,0.019959891214966774,0.029858010843339222,289.6818841080185,0.0
18.729,-45.75588573919657,-0.4957715527449817,0.8398612265449933,51,0.00940452329814434,0.01625504530966282,0.9967511296272278,-0.11507605016231537,-0.24343270063400269,0.1564359813928604,0.02886961875771517,289.6818841080185,0.0
18.78,-45.75446218349639,-0.4844391879199771,0.8716256345229372,51,0.008205296471714973,0.015951650217175484,0.999286413192749,0.025767747312784195,0.11038915067911148,0.0450931191444397,0.028565435427818933,289.6818841080185,0.0
18.83,-45.75487622053983,-0.4903810253894755,0.8463553542821137,51,0.007486790418624878,0.013550249859690666,0.998416543006897,-0.23764581978321075,0.021275769919157028,-0.08204667270183563,0.028432619168945555,289.6818841080185,0.0
18.88,-45.753409579936445,-0.45877190274269347,0.8062478199650043,51,0.0067527941428124905,0.013346977531909943,0.9971105456352234,-0.0277357529848814,-0.1580180823802948,0.09426680207252502,0.02846093375580898,289.6818841080185,0.0
18.931,-45.75397858361998,-0.45175960163430207,0.7954092317220816,50,0.005545752588659525,0.013992689549922943,1.000571846961975,-0.0308720413595438,0.023660214617848396,-0.0026020354125648737,0.028270248638137825,289.6818841080185,0.0
18.981,-45.752365608060494,-0.4361357030498619,0.8362746607662664,50,0.006769244559109211,0.013956638984382153,0.9991766810417175,-0.1350342333316803,0.012276622466742992,-0.2430623173713684,0.028158588647776775,284.97785025139285,0.0
19.031,-45.75350602896675,-0.43666825782800706,0.8207041513909646,50,0.00817694328725338,0.013978797011077404,1.000685691833496,-0.11577385663986206,-0.14404219388961792,0.04095916822552681,0.029402483033377474,284.97785025139285,0.0
19.082,-45.75405274830999,-0.43165335590730636,0.8266652782880299,50,0.007853337563574314,0.014969289302825928,0.9986143708229065,0.17364992201328278,0.0840788409113884,0.11795087158679962,0.029991918021681368,284.97785025139285,0.0
19.135,-45.749753030378514,-0.4324220843988389,0.8404622538311189,50,0.006455217022448778,0.013831991702318192,0.9987158179283142,-0.30861222743988037,-0.24018798768520355,0.04775916039943695,0.030149897238321427,284.97785025139285,0.0
19.189,-45.749910659101644,-0.45579531225809894,0.8441562559121907,50,0.009217889979481697,0.014189988374710083,0.9991846680641174,-0.16055141389369965,-0.006487972103059292,-0.01471814326941967,0.030810125207789064,284.97785025139285,0.0
19.24,-45.75055886182725,-0.4806765915140843,0.841713881035431,50,0.008942995220422745,0.015894269570708275,0.9986335039138794,-0.006026578601449728,-0.12162542343139648,-0.19675077497959137,0.03148236590434543,284.97785025139285,0.0
19.29,-45.75491509046033,-0.4860070733545184,0.8407917568814556,50,0.009823164902627468,0.017015909776091576,1.0000033378601074,0.022417033091187477,-0.30077293515205383,0.17087014019489288,0.03280943752364645,284.97785025139285,0.0
19.341,-45.75350737917711,-0.4555091866016308,0.847117913981158,50,0.007993458770215511,0.015113397501409054,0.9992722272872925,-0.11484307050704956,-0.1582844853401184,-0.012369547970592976,0.033564031495121174,284.97785025139285,0.0
19.391,-45.75502636157377,-0.480384197546152,0.8272466242327043,50,0.009517088532447815,0.015661679208278656,0.99761962890625,-0.1592593789100647,-0.06724968552589417,-0.09959088265895844,0.034273617628619635,284.97785025139285,0.0
19.441,-45.750847626026165,-0.46143642006667146,0.8174569073875968,50,0.008807654492557049,0.016092196106910706,0.9998720288276672,-0.005915932822972536,-0.023533964529633522,0.41356679797172546,0.03391689136422724,284.97785025139285,0.0
19.492,-45.75099663915808,-0.4869815128602883,0.8078570940003952,50,0.007871909067034721,0.013441018760204315,0.9964325428009033,0.06757204234600067,0.033507488667964935,0.23767206072807312,0.03301376363926324,284.97785025139285,0.0
19.542,-45.74801340621462,-0.49712240155350057,0.8355026169393227,50,0.009685972705483437,0.016369657590985298,0.998967707157135,-0.16862277686595917,0.10050076246261597,0.03491316735744476,0.03258446964289344,285.15221972941737,0.0
19.592,-45.74502841146248,-0.4618132980300054,0.8360229713353692,50,0.0076019191183149815,0.013067720457911491,0.9981768131256104,-0.09019290655851364,-0.31276237964630127,-0.0549374595284462,0.03258467938290783,285.15221972941737,0.0
19.643,-45.74364591972155,-0.4455828785609334,0.8540382199481017,50,0.008153872564435005,0.01632094755768776,0.9980852603912354,-0.020552678033709526,-0.0652722641825676,0.11096423864364624,0.03209281564418624,285.15221972941737,0.0
19.693,-45.74271371165424,-0.45651602099694394,0.8621361165103437,50,0.007222129963338375,0.015719637274742126,0.9976454377174377,-0.007595813367515802,-0.08153635263442993,-0.055872220546007156,0.030112170085971796,285.15221972941737,0.0
19.744,-45.742720305233924,-0.4442951206989546,0.8502676443286705,50,0.006522840820252895,0.014663081616163254,0.9973509311676025,0.012922755442559719,0.1633004993200302,0.027905046939849854,0.028757716716744833,285.15221972941737,0.0
19.794,-45.74206963442453,-0.475048811012182,0.8614382797089413,50,0.008575120009481907,0.013643472455441952,0.9966595768928528,-0.048333730548620224,-0.012616859748959541,0.09877825528383255,0.02704048179684032,285.15221972941737,0.0
19.844,-45.742157084807026,-0.4592941691736879,0.8541638803493864,50,0.007751493714749813,0.01543568167835474,1.0010449886322021,0.09308746457099915,-0.21076057851314545,-0.08381378650665283,0.025432614944855093,285.15221972941737,0.0
19.895,-45.74181396074727,-0.468913082838777,0.8370665150027813,50,0.008210246451199055,0.012780886143445969,0.9986114501953125,-0.21680982410907745,-0.2195996791124344,-0.043332528322935104,0.024243325720254446,285.15221972941737,0.0
19.946,-45.74169912882223,-0.485046236130267,0.7903617284314567,50,0.007165223825722933,0.012297939509153366,0.9996895790100098,-0.2679893374443054,-0.19028855860233307,-0.14121116697788239,0.023603914147288074,285.15221972941737,0.0
19.996,-45.74054736229078,-0.4781847650909243,0.781951262429436,50,0.007978971116244793,0.013286041095852852,0.9984813332557678,-0.04091908410191536,-0.008983687497675419,0.13602985441684723,0.02248527350378059,285.15221972941737,0.0
20.046,-45.73846995914042,-0.5175044495747531,0.779165760158474,50,0.008908594027161598,0.011939655989408493,0.9971244931221008,-0.07621781527996063,-0.014629141427576542,0.01349529530853033,0.021062274662286426,285.15221972941737,0.0
20.097,-45.73687649335892,-0.5177948627986542,0.8107294988184854,50,0.009790745563805103,0.015884874388575554,0.9994562268257141,-0.051542509347200394,-0.10510969907045364,0.0987432673573494,0.020530327971043177,284.28249966110883,0.0
20.147,-45.73746563582512,-0.48446983043427755,0.7779754369452624,50,0.007387216202914715,0.01614682376384735,1.0003708600997925,-0.28666797280311584,0.03296152502298355,-0.042984381318092346,0.02081839205889126,284.28249966110883,0.0
20.198,-45.73808234099071,-0.45834856898229315,0.7940252693103879,50,0.008375126868486404,0.012546992860734463,0.9974828362464905,-0.13054996728897095,0.2041056752204895,0.04324081167578697,0.021307557221480623,284.28249966110883,0.0
20.248,-45.73654841730243,-0.49457977545724596,0.834470668903339,50,0.010961320251226425,0.013842165470123291,1.0023967027664185,0.027216022834181786,-0.017850665375590324,0.14259634912014008,0.02167192541744349,284.28249966110883,0.0
20.299,-45.73592107208921,-0.4858875036991546,0.8367813756894059,50,0.007541675586253405,0.014187642373144627,0.9981032013893127,-0.1161741241812706,-0.005142140667885542,0.19776098430156708,0.021870104207405722,284.28249966110883,0.0
20.349,-45.73835210419769,-0.47886558527931844,0.8428861053932974,50,0.00832676887512207,0.013255109079182148,0.9970894455909729,-0.04545885697007179,-0.0007045810343697667,-0.17611205577850342,0.02204998117595322,284.28249966110883,0.0
20.399,-45.73566546639255,-0.5013817135359747,0.8576615094095864,50,0.00871801283210516,0.016708821058273315,0.9968734979629517,0.005278500262647867,-0.25251471996307373,0.08761285990476608,0.02225817456385919,284.28249966110883,0.0
20.449,-45.73387708786274,-0.4764081559812046,0.8358645170696599,50,0.007658304180949926,0.014044917188584805,0.9993628263473511,-0.06278988718986511,0.027436580508947372,0.3792894780635834,0.022091708494902676,284.28249966110883,0.0
20.499,-45.73327446608594,-0.4871529920340973,0.8032953930594212,50,0.009616658091545105,0.015074469149112701,0.9966631531715393,-0.081357941031456,0.1673191636800766,0.24887698888778687,0.022789088197712047,284.28249966110883,0.0
20.55,-45.73460075638389,-0.47740445650596036,0.825628743277694,50,0.008522707968950272,0.01613936945796013,0.999620795249939,-0.1517658680677414,-0.24684308469295502,-0.04330560564994812,0.024060205330639964,284.28249966110883,0.0
20.6,-45.73474039852105,-0.46136149942594545,0.8426178194656123,50,0.007902609184384346,0.012994167394936085,1.0024073123931885,-0.035010695457458496,-0.10172645002603531,-0.038517024368047714,0.025508991505659405,282.1027710519236,0.0
20.651,-45.73637248393115,-0.4703344578469625,0.8960051024175588,50,0.008235029876232147,0.018071196973323822,1.000487208366394,0.00945861916989088,0.10566551238298416,0.011850244365632534,0.02788346223979906,282.1027710519236,0.0
20.701,-45.73632569512911,-0.4773101622602138,0.8667014783109869,50,0.0071111940778791904,0.014255460351705551,0.9972360730171204,-0.05163950100541115,-0.12563936412334442,0.06613128632307053,0.02968822262284233,282.1027710519236,0.0
20.752,-45.73527533412584,-0.44166267515472285,0.8414240738166513,50,0.008019421249628067,0.013135519810020924,0.9974983334541321,-0.18107597529888153,-0.15658284723758698,0.11765100806951523,0.032005151394552,282.1027710519236,0.0
20.802,-45.73461206309729,-0.46228208057024694,0.8270397697837499,50,0.008231906220316887,0.015538441017270088,0.9993776679039001,-0.1683126837015152,-0.08313032239675522,-0.003275446128100157,0.03336779441324002,282.1027710519236,0.0
20.852,-45.732448111640586,-0.44898478162402194,0.8332449704310565,50,0.006231541745364666,0.014049387536942959,0.9974140524864197,-0.2840013802051544,-0.18616649508476257,0.020855600014328957,0.03521482138560052,282.1027710519236,0.0
20.902,-45.72903696361835,-0.4251258259751244,0.8282115653205927,50,0.006475076545029879,0.01431583147495985,0.9978762269020081,-0.09932980686426163,0.021605342626571655,0.13711564242839813,0.036174145472590256,282.1027710519236,0.0
20.953,-45.72856901483998,-0.4610383361987884,0.8211187429178426,50,0.010814216919243336,0.015133016742765903,0.9982536435127258,-0.03839099779725075,0.026532631367444992,0.0033715288154780865,0.03707453305042424,282.1027710519236,0.0
21.004,-45.727855091116595,-0.4656234487444442,0.837740789886854,50,0.008539807051420212,0.015884535387158394,0.9992424845695496,-0.06740543246269226,0.08843160420656204,-0.07606322318315506,0.0373048621479439,282.1027710519236,0.0
21.055,-45.72764727832482,-0.49585497594001215,0.8050707620230952,50,0.00976407527923584,0.012066241353750229,0.9984936118125916,-0.20726165175437927,0.03328144550323486,-0.011926484294235706,0.037454783175314144,282.1027710519236,0.0
21.105,-45.72543075832055,-0.48620729318120676,0.8212528023483735,50,0.0087194899097085,0.015108000487089157,0.9984190464019775,-0.04070550948381424,-0.19597433507442474,0.1031515896320343,0.03812741489906149,282.1027710519236,0.0
21.155,-45.722818392666866,-0.507494118942825,0.8320231514232482,50,0.009491275064647198,0.014460672624409199,1.0004537105560303,0.14175832271575928,-0.06114653870463371,0.1835733950138092,0.03866052601872015,278.5617320847446,0.0
21.206,-45.720907102357465,-0.47733730266135455,0.8369820906552612,50,0.00614025816321373,0.014218080788850784,1.0016605854034424,-0.09736564010381699,-0.17328192293643951,0.16840417683124542,0.03996302183294619,278.5617320847446,0.0
21.257,-45.72003086957792,-0.4829536539515654,0.8582371253862927,50,0.010361284017562866,0.01606239564716816,0.9982174038887024,0.11706268787384033,0.07432837784290314,0.03199644759297371,0.04113972780612493,278.5617320847446,0.0
21.307,-45.72028844512208,-0.45793603648134185,0.8525802038551871,50,0.005473812576383352,0.01383934449404478,0.9987556338310242,-0.11918415129184723,-0.08968797326087952,-0.2783529460430145,0.043061695912328786,278.5617320847446,0.0
21.357,-45.719065818684726,-0.45471945190864355,0.8253878321578093,50,0.008098017424345016,0.015409317798912525,0.9990934729576111,-0.1677345484495163,-0.1723986566066742,-0.1310807466506958,0.04365734150178458,278.5617320847446,0.0
21.408,-45.71837122804809,-0.4589153933441861,0.8218243469725095,50,0.008570089936256409,0.014805493876338005,0.9983607530593872,-0.2362586259841919,0.0033315031323581934,-0.07320122420787811,0.044871736951503705,278.5617320847446,0.0
21.458,-45.719306451655505,-0.45834197110089164,0.805986622403867,50,0.007441692985594273,0.013070963323116302,0.9988278150558472,-0.09250115603208542,0.027969054877758026,0.041034042835235596,0.044963830755538566,278.5617320847446,0.0
21.508,-45.71934942133767,-0.4467662266045662,0.7982420911141624,50,0.00626350799575448,0.01460858155041933,0.9981101155281067,-0.11519025266170502,-0.043104566633701324,-0.026724688708782196,0.044576761346738006,278.5617320847446,0.0
21.558,-45.71856786204338,-0.4598631557838552,0.8053781333912597,50,0.00772694731131196,0.015637371689081192,0.9990438222885132,0.08191022276878357,-0.16700337827205658,0.11378871649503708,0.04433250504697722,278.5617320847446,0.0
21.609,-45.71669177212404,-0.47083610759227773,0.8081600058690492,50,0.007480768486857414,0.012335666455328465,0.9948776364326477,-0.1806306540966034,-0.1772056519985199,0.040855806320905685,0.04394440998088338,278.5617320847446,0.0
21.659,-45.71465083401428,-0.47540795313403933,0.8362262860658919,50,0.0074013774283230305,0.01264022197574377,0.999220609664917,-0.3039139211177826,0.01572156511247158,0.04952189698815346,0.043336854933787194,278.5617320847446,0.0
21.71,-45.71440916753673,-0.49294969893521406,0.8551170529375078,50,0.008234594017267227,0.016018161550164223,0.9999476671218872,-0.08444797992706299,-0.034759946167469025,0.18505065143108368,0.043032172945067754,281.62922178204525,0.0
21.76,-45.71211966467167,-0.4730678262765749,0.8389465630723147,50,0.008141555823385715,0.015515433624386787,0.9992160201072693,-0.12195087224245071,-0.04070618748664856,-0.009794277139008045,0.04266810830912689,281.62922178204525,0.0
21.81,-45.710813782636514,-0.465942666761256,0.8511141930028577,50,0.008885247632861137,0.016697440296411514,0.9990463256835938,0.10259221494197845,0.041441380977630615,0.14279064536094666,0.040789152314929446,281.62922178204525,0.0
21.861,-45.708148160537846,-0.4598905250277694,0.8507419894233236,50,0.0067933653481304646,0.01627592369914055,1.0008355379104614,-0.01189690176397562,-0.018820537254214287,0.09733565151691437,0.03906398988703778,281.62922178204525,0.0
21.911,-45.70611626563826,-0.4735446093529106,0.8353976516061067,50,0.009189872071146965,0.01296327356249094,0.9972377419471741,0.04333671182394028,0.1296623796224594,0.2041982114315033,0.03686882582093101,281.62922178204525,0.0
21.961,-45.70803385192912,-0.48173341915462387,0.7841562105674129,50,0.008955196477472782,0.012539377436041832,0.9963947534561157,-0.03756497800350189,-0.12238039821386337,-0.11548695713281631,0.03581213332768135,281.62922178204525,0.0
22.012,-45.7063359438461,-0.461706415930931,0.8296877051679932,50,0.0073686158284544945,0.014873598702251911,0.9992238879203796,-0.0022860546596348286,-0.1843656748533249,-0.0019728585612028837,0.03359999498440672,281.62922178204525,0.0
22.062,-45.70314536347382,-0.47163779592584815,0.8401339182856872,50,0.009136413224041462,0.014751667156815529,0.9973077178001404,-0.184218168258667,-0.10671335458755493,0.14320126175880432,0.03275253757449465,281.62922178204525,0.0
22.112,-45.70333102242044,-0.45334616319685594,0.8240686776996262,50,0.006251928396522999,0.01424155943095684,1.0000312328338623,0.015718454495072365,-0.15866559743881226,0.1154048815369606,0.03164322809296448,281.62922178204525,0.0
22.163,-45.70086529559099,-0.4751689663409628,0.8404719035970553,51,0.007917636074125767,0.014861236326396465,1.0010526180267334,-0.17402790486812592,0.0751495435833931,0.029299665242433548,0.03104044457946749,281.62922178204525,0.0
22.213,-45.69918296742722,-0.4700407287925858,0.8116586188375343,51,0.00676090270280838,0.013887396082282066,0.997554361820221,0.02716928720474243,-0.013667424209415913,0.15255998075008392,0.030798293511351486,290.48438257497054,0.0
22.264,-45.69697826152532,-0.4631309471117644,0.8021104736909451,51,0.007870561443269253,0.016571417450904846,0.9994499087333679,0.05346924439072609,0.006073997355997562,0.04822530597448349,0.030460064915849756,290.48438257497054,0.0
22.314,-45.69762026171005,-0.45533596321964,0.8134535159095001,51,0.008762500248849392,0.015777938067913055,0.998618483543396,-0.2283654510974884,0.10988029837608337,0.10116053372621536,0.03032125211688784,290.48438257497054,0.0
22.365,-45.6973621560592,-0.4807649601316225,0.8752078603332691,51,0.008173052221536636,0.015283342450857162,0.9984871745109558,-0.17327427864074707,-0.014805598184466362,0.2937076687812805,0.031031502235456757,290.48438257497054,0.0
22.415,-45.69695651289089,-0.4929852645123677,0.8709789004871139,50,0.008553060702979565,0.016742944717407227,0.9969326257705688,0.10931137204170227,-0.3216035068035126,0.07982252538204193,0.031614949782103365,290.48438257497054,0.0
22.465,-45.69745607587422,-0.5313441826213213,0.880244872315549,50,0.009502308443188667,0.015866834670305252,0.997839629650116,0.1082799881696701,-0.16437090933322906,0.18615023791790009,0.0329572534019408,290.48438257497054,0.0
22.515,-45.695364090736085,-0.5169934810640504,0.8490618323674516,50,0.008799189701676369,0.013597286306321621,0.9999237656593323,-0.1347605288028717,-0.18606436252593994,0.10040903836488724,0.033102438888187084,290.48438257497054,0.0
22.566,-45.692877865899916,-0.48294355370817454,0.837181507442992,50,0.008130030706524849,0.014874061569571495,0.9990976452827454,-0.023144619539380074,0.008832796476781368,0.1334673911333084,0.032630576004872236,290.48438257497054,0.0
22.616,-45.692881269367184,-0.47883625772564786,0.8422860437066672,50,0.006912360433489084,0.016028234735131264,0.9986087679862976,-0.16440613567829132,0.07787396013736725,-0.03616227209568024,0.03324629553066647,290.48438257497054,0.0
22.666,-45.69398949484998,-0.4821239674268568,0.871706093908661,50,0.008139384910464287,0.015086337924003601,0.9990359544754028,-0.09151297807693481,-0.22487375140190125,-0.04299957677721977,0.03293500218995845,290.48438257497054,0.0
22.717,-45.69154925605014,-0.47183151988442845,0.8244527601774393,50,0.007532958406955004,0.012227889150381088,0.995204746723175,-0.024442585185170174,-0.03528684005141258,0.06773766130208969,0.031948420681521254,290.48438257497054,0.0
22.767,-45.69094822687257,-0.49348090819272056,0.8329854200048701,50,0.009290340356528759,0.014189005829393864,0.9962441921234131,-0.1673077493906021,0.0007865891675464809,0.16345806419849396,0.03055765273563216,285.4238856753998,0.0
22.817,-45.69271571777914,-0.4912734259090485,0.8623951825391692,50,0.008812924847006798,0.016003910452127457,1.000012755393982,-0.08795488625764847,-0.07730825245380402,-0.031843170523643494,0.029705261270771846,285.4238856753998,0.0
22.868,-45.69206300151847,-0.48102534490094956,0.875545956213402,50,0.008918821811676025,0.01565255969762802,1.0000739097595215,-0.14151409268379211,0.06333627551794052,0.03243226185441017,0.029127203310039325,285.4238856753998,0.0
22.918,-45.6900862097148,-0.48017834994763187,0.8466569571854882,50,0.006817481014877558,0.01536291278898716,1.0012292861938477,-0.18380288779735565,0.03388745337724686,0.14225424826145172,0.028991006262844385,285.4238856753998,0.0
22.969,-45.68673623370915,-0.4701115548807762,0.8361231007033465,50,0.006911689415574074,0.015689672902226448,1.0011183023452759,-0.033541709184646606,-0.127259761095047,0.1935606449842453,0.02867155007865551,285.4238856753998,0.0
23.019,-45.68646410204717,-0.4861810061793742,0.8113872003630987,50,0.008419943042099476,0.012242617085576057,0.9975091218948364,-0.2318768948316574,0.07942832261323929,0.17063738405704498,0.028656133092328687,285.4238856753998,0.0
23.069,-45.68597440057854,-0.48119116440267456,0.823831686898206,50,0.008592486381530762,0.013435560278594494,0.9996883273124695,-0.1012042984366417,-0.2007281631231308,0.00118511903565377,0.029262328726573576,285.4238856753998,0.0
23.12,-45.68742561134714,-0.4728605850886904,0.8489973609303768,50,0.008989529684185982,0.014143693260848522,0.997670590877533,0.02834637463092804,-0.0625319629907608,0.03930950164794922,0.02942687049321825,285.4238856753998,0.0
23.17,-45.68241604804471,-0.4763248003041438,0.8403219826833517,50,0.007979050278663635,0.013773373328149319,0.9975526332855225,0.0028043105266988277,-0.22257976233959198,0.07054044306278229,0.030358898648853,285.4238856753998,0.0
23.22,-45.68056518978649,-0.4632434353139316,0.8765816295147131,50,0.008050525560975075,0.01549364160746336,0.9999640583992004,-0.33002370595932007,0.10627973824739456,-0.026268720626831055,0.031416065650064086,285.4238856753998,0.0
23.27,-45.67925088043126,-0.4773331849022604,0.8338311378938142,50,0.009641791693866253,0.012878392823040485,1.0014907121658325,-0.040787938982248306,-0.136927530169487,0.016909535974264145,0.0327046305710622,285.4238856753998,0.0
23.321,-45.67926339435367,-0.47886518514042437,0.8047232057125046,50,0.010019958950579166,0.013622961938381195,0.9975036382675171,-0.17330299317836761,0.004937746562063694,-0.18511299788951874,0.03314735111361777,285.4238856753998,0.0
23.371,-45.68084180494453,-0.4756153024156878,0.825292986795719,50,0.00846888031810522,0.014737740159034729,0.9997387528419495,0.11305071413516998,-0.036368273198604584,-0.2624618113040924,0.03344095670388735,285.4238856753998,0.0
23.421,-45.679070893289925,-0.49458508062600115,0.779139536219231,50,0.010930645279586315,0.010725240223109722,0.9974217414855957,0.12041949480772018,-0.07584453374147415,0.12256156653165817,0.03340500591773193,285.4238856753998,0.0
23.472,-45.67486633423587,-0.479377073473129,0.7879578077800365,50,0.007509201765060425,0.01371715497225523,0.9977268576622009,0.14028815925121307,0.17776921391487122,0.1853238344192505,0.033263863213265785,285.4238856753998,0.0
23.522,-45.67296100089626,-0.4572826195165694,0.819413888933343,50,0.0060279653407633305,0.016378577798604965,0.9996889233589172,-0.015353940427303314,-0.02106575109064579,0.15392664074897766,0.03351035311451689,285.4238856753998,0.0
23.573,-45.672636593546635,-0.4571541968522068,0.8524079983757501,50,0.008816826157271862,0.014510078355669975,0.9983714818954468,0.04587794840335846,-0.020736925303936005,0.10671937465667725,0.03389549019217181,285.4238856753998,0.0
23.623,-45.670796660421075,-0.4519569312158127,0.809922924012623,50,0.007715788669884205,0.01401486899703741,0.9995051026344299,-0.04043669253587723,-0.01124658901244402,-0.007713578175753355,0.034380171416912395,285.4238856753998,0.0
23.674,-45.66672691119464,-0.468465690089814,0.7944936162429412,50,0.011280900798738003,0.01288476213812828,0.99763023853302,0.1684071123600006,-0.3131133019924164,0.3450433909893036,0.03421801877363041,285.4238856753998,0.0
23.724,-45.66643023261859,-0.48118620265941997,0.7782174870694811,50,0.006948443129658699,0.014161915518343449,0.9990506768226624,-0.1637091487646103,0.10658656805753708,-0.01962495967745781,0.03428254086682938,285.4238856753998,0.0
23.774,-45.66470070224981,-0.4913132869925864,0.8285130020099531,50,0.009147916920483112,0.014427583664655685,0.9979305863380432,0.07290492206811905,-0.1975775510072708,0.06279630213975906,0.034707634111387026,285.4238856753998,0.0
23.824,-45.66486365848361,-0.5160541202808421,0.8178976354553199,50,0.009165412746369839,0.015644436702132225,0.9938186407089233,-0.16849330067634583,-0.024611441418528557,0.10277878493070602,0.03456123511678747,283.6864389584038,0.0
23.875,-45.664451050515915,-0.4930695994318242,0.7824174192767119,50,0.007874579168856144,0.012097448110580444,0.9987007975578308,0.06275179982185364,0.04151952266693115,-0.03381338715553284,0.033809351913619674,283.6864389584038,0.0
23.925,-45.66373242317219,-0.4782340955268528,0.8167955660394393,50,0.007393662817776203,0.016105076298117638,0.9975206255912781,-0.16792798042297363,-0.10932733863592148,0.02708658203482628,0.03339774633791304,283.6864389584038,0.0
23.975,-45.66131202276109,-0.457464431324108,0.7762200639312035,50,0.007757937535643578,0.01120723132044077,0.9983417987823486,0.11162266880273819,-0.11085311323404312,0.10403507947921753,0.03467873237850868,283.6864389584038,0.0
24.026,-45.65864722778251,-0.4505742487372518,0.8375452471051736,50,0.0080545824021101,0.013549120165407658,0.9981544613838196,-0.06726014614105225,-0.03465260937809944,-0.0019149834988638759,0.03567160062416767,283.6864389584038,0.0
24.083,-45.66021005139249,-0.4364119912901867,0.783734734621836,50,0.005520017817616463,0.013907636515796185,0.9998220801353455,-0.040862325578927994,0.13551951944828033,-0.10598597675561905,0.03571212823818912,283.6864389584038,0.0
24.134,-45.661215350500676,-0.46144396676735283,0.7828326730154425,50,0.009944549761712551,0.013882450759410858,0.9995118975639343,-0.38447603583335876,-0.037867918610572815,-0.04071551188826561,0.036752963354416635,283.6864389584038,0.0
24.184,-45.65931290955668,-0.4671144875625943,0.8007939345178144,50,0.0067954640835523605,0.014411699958145618,0.9974435567855835,-0.12361505627632141,-0.2813963294029236,0.006149900145828724,0.03821633976463777,283.6864389584038,0.0
24.234,-45.65640143403147,-0.4942356650721938,0.8054585642001111,50,0.00994890183210373,0.014411934651434422,0.9990439414978027,0.12099522352218628,-0.22593560814857483,0.10961072891950607,0.03842708480041247,283.6864389584038,0.0
24.285,-45.656358328791256,-0.47313428149731396,0.8196320019660698,50,0.007332710083574057,0.01459804642945528,0.9997695088386536,0.00834380742162466,-0.042560331523418427,0.07735023647546768,0.03906053583912271,283.6864389584038,0.0
24.335,-45.65577694035527,-0.4767515077571779,0.8513356763556789,50,0.009118628688156605,0.01477162353694439,0.9994508624076843,0.12318287044763565,-0.35495245456695557,-0.016440866515040398,0.03970603345007777,283.6864389584038,0.0
24.385,-45.65685707154969,-0.5018536873087013,0.8058896842872566,50,0.010101774707436562,0.013089749030768871,0.9979707598686218,-0.10137686133384705,0.04610211402177811,-0.15573382377624512,0.04025840356967041,281.34585457472497,0.0
24.436,-45.6558689674922,-0.4837952787580282,0.7813171915428202,50,0.007252864073961973,0.015032018534839153,0.9983619451522827,-0.03492746502161026,-0.1807011365890503,-0.0780145525932312,0.03982564955918476,281.34585457472497,0.0
24.486,-45.655637755262724,-0.4702008886656939,0.8015792969887968,50,0.00975388940423727,0.014094307087361813,0.9966670274734497,-0.08469527959823608,-0.13353753089904785,0.08049657195806503,0.038776241515145686,281.34585457472497,0.0
24.537,-45.65418400437761,-0.45478576353363576,0.8004204378407406,50,0.00843911524862051,0.014152353629469872,0.9979177117347717,-0.05078693851828575,-0.247654527425766,0.06517653912305832,0.03830200265597058,281.34585457472497,0.0
24.587,-45.65370949100285,-0.4899536569813095,0.8401884057336435,50,0.008487766608595848,0.014556416310369968,0.9991120100021362,0.0882524624466896,0.09215259552001953,-0.105155348777771,0.03739299634048275,281.34585457472497,0.0
24.639,-45.65236764602522,-0.5037211451706316,0.8139872068790096,50,0.01038670726120472,0.013058260083198547,0.9975144267082214,0.06802310794591904,-0.022376390174031258,0.05991518869996071,0.036858904322318406,281.34585457472497,0.0
24.689,-45.65037335002537,-0.47666639240023045,0.8206089925911877,50,0.006701951380819082,0.015306638553738594,0.9991366267204285,-0.049193888902664185,-0.224223330616951,0.016954977065324783,0.03573808331776399,281.34585457472497,0.0
24.74,-45.6499232809706,-0.45467432395490665,0.8417624385485412,50,0.007935862056910992,0.014484455808997154,1.000747799873352,0.10390441864728928,-0.08502339571714401,-0.06523614376783371,0.03473823528569226,281.34585457472497,0.0
24.79,-45.64931429420163,-0.49810476644785057,0.8255553134398103,50,0.008757111616432667,0.014573534019291401,0.9988322257995605,-0.08461692184209824,0.07278379052877426,0.12443197518587112,0.03304254342559384,281.34585457472497,0.0
24.84,-45.6469149362272,-0.4796902229702661,0.8211805955935751,50,0.007949866354465485,0.013368863612413406,0.9995824694633484,0.14754560589790344,-0.26939788460731506,0.1598394513130188,0.03165172240771384,281.34585457472497,0.0
24.891,-45.64722390619573,-0.4840059676857279,0.8170108674428718,50,0.006879913154989481,0.013783227652311325,0.9990152716636658,0.07606165111064911,-0.14336812496185303,-0.28393229842185974,0.03109875381425066,285.61824991487913,0.0
24.941,-45.64393815370371,-0.47338637375851084,0.8511627502340054,50,0.008931764401495457,0.01496665459126234,0.9981212019920349,-0.12260934710502625,0.002600499428808689,0.04871712997555733,0.029179967918957866,285.61824991487913,0.0
24.992,-45.644330400178234,-0.4765605947991024,0.8517082939358804,50,0.009777655825018883,0.016978533938527107,0.9972596168518066,0.056396760046482086,-0.12435111403465271,0.11289503425359726,0.027531375906761035,285.61824991487913,0.0
25.042,-45.64016353035164,-0.4920730352627489,0.8199539975243384,50,0.010380077175796032,0.013159885071218014,0.9979649782180786,-0.13301625847816467,-0.028547339141368866,0.12299000471830368,0.025172574514403082,285.61824991487913,0.0
25.092,-45.64151582378581,-0.4832563238114415,0.8372842114074639,50,0.008051126264035702,0.01450377143919468,1.0001180171966553,0.04593568295240402,0.014666100963950157,-0.07395187020301819,0.024432820097990676,285.61824991487913,0.0
25.143,-45.64207861011437,-0.4854915974628991,0.8282363511825148,50,0.00871245190501213,0.014852369204163551,1.0008292198181152,-0.3075024485588074,-0.0634620413184166,-0.015094361267983913,0.024257198003588092,285.61824991487913,0.0
25.194,-45.64055432942845,-0.46744509488941216,0.8202466566637426,50,0.008423272520303726,0.014764671213924885,0.998903214931488,0.03005584143102169,-0.2578231692314148,0.09314915537834167,0.024710410483208916,285.61824991487913,0.0
25.244,-45.63629704942772,-0.48785596685600074,0.8003773371446036,50,0.008826877921819687,0.012713802978396416,0.9990758895874023,-0.36210715770721436,-0.0391659177839756,0.06767215579748154,0.024945210839536876,285.61824991487913,0.0
25.295,-45.63726071624109,-0.5025561449661788,0.8207826955789101,50,0.010206958279013634,0.015736008062958717,0.9976596832275391,-0.2201530784368515,-0.03377135097980499,-0.508141815662384,0.024714056651802516,285.61824991487913,0.0
25.345,-45.64332645769437,-0.49335029544413483,0.8167722790213334,50,0.006548004690557718,0.013921430334448814,0.9982162714004517,-0.49537333846092224,-0.1366097778081894,-0.16703060269355774,0.02419378805333645,285.61824991487913,0.0
25.395,-45.64356668342443,-0.479676712077579,0.82670353499942,50,0.009042862802743912,0.014697025530040264,0.9969637989997864,0.0038683798629790545,0.17040826380252838,-0.00014863595424685627,0.024313443438975953,285.61824991487913,0.0
25.446,-45.6453111599257,-0.5036745750744507,0.846020455644767,50,0.011292459443211555,0.015916284173727036,0.9999818801879883,-0.21674160659313202,0.0006517182337120175,0.03062341921031475,0.02431518795703222,285.15221972941737,0.0
25.496,-45.64521784593746,-0.4729371270745207,0.8351200027265892,50,0.008329260163009167,0.014375440776348114,0.9963960647583008,0.08894166350364685,0.054828085005283356,0.11477620154619217,0.024026398256295226,285.15221972941737,0.0
25.547,-45.64666973543874,-0.4576033923123014,0.8327794044119606,50,0.00854704063385725,0.013488661497831345,1.0011160373687744,-0.17766448855400085,0.09055748581886292,0.07275792211294174,0.02212979347637792,285.15221972941737,0.0
25.597,-45.647626048841154,-0.46440943540109664,0.8474837601063587,50,0.008747137151658535,0.01491315197199583,0.9992426037788391,-0.10055813193321228,0.251020222902298,-0.09505346417427063,0.021037850160752013,285.15221972941737,0.0
25.647,-45.64689071735419,-0.47740334471971274,0.8456366759132847,50,0.010116195306181908,0.014063103124499321,1.0005135536193848,0.12469694763422012,0.0996788814663887,-0.047420378774404526,0.019797826423087105,285.15221972941737,0.0
25.698,-45.64873406543058,-0.47548038825211514,0.8066350281854348,50,0.006603018846362829,0.013132174499332905,1.001747488975525,-0.006804808974266052,-0.06453203409910202,0.1752856820821762,0.019228822664229196,285.15221972941737,0.0
25.748,-45.6465973375479,-0.44702047216706414,0.8353282001729626,50,0.007231967523694038,0.014376094564795494,0.9993419647216797,-0.043714623898267746,0.05622439086437225,0.12082050740718842,0.01860752679656757,285.15221972941737,0.0
25.798,-45.63981463673934,-0.47453653937617835,0.8080079702184556,50,0.009252767078578472,0.014799331314861774,1.0000505447387695,-0.027917224913835526,0.05427424609661102,0.3362647294998169,0.017808093475068048,285.15221972941737,0.0
25.848,-45.64032934033219,-0.48561115631680324,0.807441792362785,50,0.006666617933660746,0.014447917230427265,0.9995445013046265,0.05536973103880882,-0.12473411858081818,-0.12181780487298965,0.016055469344067624,285.15221972941737,0.0
25.899,-45.64019375905864,-0.4966445417036414,0.7956145168750433,50,0.007286871317774057,0.015015636570751667,0.998953640460968,0.025684580206871033,-0.09484270215034485,0.048616062849760056,0.013548648349002617,285.15221972941737,0.0
25.951,-45.636797545143615,-0.48486439248842206,0.8125774819280975,50,0.00923989899456501,0.013678132556378841,0.9958363771438599,-0.0746510922908783,-0.14243760704994202,0.3225465416908264,0.011998755790111105,285.15221972941737,0.0
26.003,-45.63302097567369,-0.468533696050328,0.8188314291653396,50,0.007738322950899601,0.014701787382364273,0.999761700630188,-0.1692287027835846,0.07736361026763916,-0.13830409944057465,0.010652566809143754,281.8752688172043,0.0
26.053,-45.63037935233859,-0.46844997297151136,0.8035524017419527,50,0.007421692367643118,0.014293884858489037,1.0002535581588745,0.0902351662516594,-0.16286326944828033,0.1350785493850708,0.010170835320690274,281.8752688172043,0.0
26.103,-45.63010913427431,-0.48964052919816764,0.779779688485938,50,0.008490463718771935,0.01279029343277216,1.0004438161849976,0.09522002935409546,-0.10167350620031357,0.04904375225305557,0.009974721758827299,281.8752688172043,0.0
26.154,-45.62680249729269,-0.4929469607492187,0.8066249549858747,51,0.008069178089499474,0.01565687730908394,0.9989520907402039,-0.09496007114648819,-0.10039834678173065,0.1837027370929718,0.010816354664734216,281.8752688172043,0.0
26.204,-45.627177681928934,-0.4685983995656287,0.7841517562258778,51,0.0068328301422297955,0.01242385245859623,0.9999737739562988,-0.04181789234280586,-0.1074233129620552,-0.12776032090187073,0.012458479268305806,281.8752688172043,0.0
26.255,-45.62603267923047,-0.453723418470719,0.8000844253026704,51,0.005649106111377478,0.013292182236909866,0.9993951916694641,-0.06210942566394806,-0.009672612883150578,0.008769339881837368,0.013372306209501137,281.8752688172043,0.0
26.306,-45.621083059960625,-0.45517519763488445,0.8223981855887212,51,0.007434471044689417,0.0170010793954134,0.9985845685005188,0.05358535051345825,0.09141164273023605,0.01291999127715826,0.015442930858446504,281.8752688172043,0.0
26.356,-45.62216565109916,-0.4696084245669437,0.8455727333795376,51,0.010142263025045395,0.01648232527077198,1.0009335279464722,-0.0953337773680687,-0.044497083872556686,-0.09188174456357956,0.016383060787352438,281.8752688172043,0.0
26.406,-45.620759989893195,-0.47268897269433513,0.7788079538909077,50,0.008781873621046543,0.011540700681507587,0.9988332986831665,-0.18248490989208221,-0.21142473816871643,-0.17537759244441986,0.0160097158773624,281.8752688172043,0.0
26.456,-45.621253733165524,-0.4648816120116623,0.7733739516181053,50,0.010028327815234661,0.013303113169968128,0.9983559250831604,0.2360757291316986,0.04580279439687729,3.125971124973148e-05,0.01536121907919167,281.8752688172043,0.0
26.507,-45.61656471239865,-0.47072642056065844,0.7824300936163521,50,0.010798899456858635,0.015519552864134312,1.0002684593200684,-0.20840264856815338,-0.06884471327066422,-0.14957816898822784,0.014361685235016235,285.5988015797358,0.0
26.557,-45.61494859582574,-0.4376752649195525,0.7954852191261952,50,0.0062539405189454556,0.013559924438595772,1.0006494522094727,0.07649783045053482,-0.03394933044910431,0.26433807611465454,0.013657743413400699,285.5988015797358,0.0
26.607,-45.61335032075255,-0.47689777642769465,0.8205539457697257,50,0.00853651762008667,0.014175694435834885,0.9989508986473083,-0.302107036113739,-0.03216702118515968,0.059212539345026016,0.013551178359067323,285.5988015797358,0.0
26.657,-45.613606876586566,-0.47628370716663126,0.8159844702537964,50,0.008084069006145,0.014795408584177494,0.9958504438400269,-0.0814114585518837,0.01867854595184326,-0.09113969653844833,0.013669267303956132,285.5988015797358,0.0
26.708,-45.61021328562707,-0.47580462420464703,0.8072641779313938,50,0.007892845198512077,0.014165358617901802,0.9998307228088379,0.05391531065106392,-0.2813737094402313,0.2523353695869446,0.013390877567349878,285.5988015797358,0.0
26.758,-45.61024954764635,-0.47346361724143077,0.8110972592974975,50,0.007239197846502066,0.014706460759043694,0.9972960352897644,-0.14721626043319702,0.01828213967382908,-0.08368401229381561,0.013580508263198034,285.5988015797358,0.0
26.808,-45.609704120772754,-0.4886182352659359,0.8102776978817656,50,0.007279745768755674,0.011974138207733631,0.9979776740074158,-0.16617494821548462,-0.06681635230779648,0.0017678909935057163,0.01450733941990041,285.5988015797358,0.0
26.859,-45.606595310211574,-0.5068161346806449,0.813220789445548,50,0.008269714191555977,0.014544324949383736,1.0006088018417358,-0.22665207087993622,-0.041434235870838165,0.09430000931024551,0.015319654252773209,285.5988015797358,0.0
26.909,-45.60455955902112,-0.4820341079351689,0.8044851654299356,50,0.007789910770952702,0.014394083060324192,0.9983826875686646,-0.06634071469306946,0.048584550619125366,-0.024218594655394554,0.015704843454790555,285.5988015797358,0.0
26.96,-45.60308182734496,-0.47648476738455187,0.8015267364617759,50,0.007972033694386482,0.0112083051353693,0.9971914887428284,-0.10825860500335693,-0.03535469248890877,0.17265065014362335,0.017276132488380305,285.5988015797358,0.0
27.01,-45.60364864847906,-0.4973598992732873,0.7949635306730404,50,0.009182542562484741,0.015009082853794098,0.999568521976471,0.11639272421598434,0.13374510407447815,0.13746298849582672,0.018256559120996437,285.5988015797358,0.0
27.06,-45.60249691027164,-0.5015833552802645,0.838309969090171,50,0.0070662228390574455,0.014058586210012436,0.9988543391227722,-0.03246992826461792,-0.1870691180229187,-0.05323491618037224,0.020278236660974405,285.2879880288396,0.0
27.11,-45.602299277496016,-0.47718414767691947,0.8294943551411069,50,0.00708854990079999,0.01550001185387373,0.999345064163208,-0.13294081389904022,0.06947854906320572,-0.13949266076087952,0.021810506899346264,285.2879880288396,0.0
27.16,-45.60374695389605,-0.49337960272983494,0.803105391223048,50,0.008433908224105835,0.013423359021544456,0.9989143013954163,-0.2697505056858063,0.16840802133083344,-0.0734173133969307,0.023532565907924928,285.2879880288396,0.0
27.211,-45.60376430410172,-0.4939032387171787,0.8071769241933073,50,0.007785387337207794,0.014460539445281029,0.9999836087226868,0.16488754749298096,-0.12076608836650848,-0.1169445589184761,0.024407415977336474,285.2879880288396,0.0
27.261,-45.599845514585176,-0.5010477182359818,0.830694481487539,50,0.009516455233097076,0.014776598662137985,0.9982617497444153,-0.18064525723457336,0.03447791561484337,0.09607767313718796,0.025859418026545806,285.2879880288396,0.0
27.311,-45.596699350259804,-0.4786962570408513,0.7791209151432034,50,0.00891992636024952,0.013895982876420021,0.999118447303772,-0.09337766468524933,-0.16605347394943237,0.0772666335105896,0.026921557948314117,285.2879880288396,0.0
27.361,-45.59650079378002,-0.4787790601706384,0.787794639997186,50,0.008735371753573418,0.014490156434476376,0.9982930421829224,-0.08793596178293228,0.1024545431137085,-0.18822401762008667,0.02944634684875969,285.2879880288396,0.0
27.411,-45.5985373236109,-0.4948529255472823,0.8067546489469181,50,0.007802151143550873,0.014361347071826458,0.9995486736297607,-0.09914831817150116,-0.0017002943204715848,0.10506004095077515,0.030801480531995475,285.2879880288396,0.0
27.462,-45.598982338969265,-0.4839532183687978,0.8094390118399301,50,0.007852990180253983,0.012521613389253616,0.9985944032669067,-0.031613171100616455,-0.10222449153661728,0.0952138677239418,0.03177166945790001,285.2879880288396,0.0
27.512,-45.59873532650391,-0.49055539102182955,0.7746790734025837,50,0.009198424406349659,0.012230676598846912,0.9985696077346802,0.19591353833675385,-0.10867013782262802,0.04605942964553833,0.0318538142795028,285.2879880288396,0.0
27.562,-45.59700219906612,-0.4754882984638519,0.7474767919857587,50,0.006780864205211401,0.01227590162307024,0.9968162178993225,0.2691514492034912,-0.11862308531999588,0.014681700617074966,0.03199356394629771,286.2615342615343,0.0
27.612,-45.59845238647066,-0.46271800655771383,0.8304648433155091,50,0.008027964271605015,0.016360783949494362,0.9973185658454895,0.14156875014305115,0.048219021409749985,0.1499500721693039,0.03237599202251355,286.2615342615343,0.0
27.663,-45.59562759084287,-0.45492180534076837,0.801500332419866,50,0.008018190972507,0.01480678841471672,0.9979200959205627,0.015399368479847908,-0.049247756600379944,0.06471718847751617,0.03204538943737975,286.2615342615343,0.0
27.713,-45.596115712311466,-0.46839267044514193,0.8215498689442582,50,0.00660691550001502,0.014437702484428883,0.9982702136039734,0.09675882011651993,-0.14479711651802063,-0.04555163159966469,0.032274153350094224,286.2615342615343,0.0
27.764,-45.594241380758625,-0.4765479493644504,0.7962717081414366,50,0.009128975681960583,0.014651885256171227,1.0003913640975952,0.1575128734111786,0.12709815800189972,0.1844807118177414,0.032227095530048516,286.2615342615343,0.0
27.814,-45.594201115426124,-0.4654557742460671,0.8021861691331201,50,0.008060942403972149,0.01582101173698902,0.9960229992866516,0.04152427986264229,-0.02728639729321003,-0.010671216063201427,0.032076807948673215,286.2615342615343,0.0
27.864,-45.59295101729144,-0.4769978302829136,0.8276511801919163,50,0.008224508725106716,0.016192808747291565,0.9987165927886963,0.0625770092010498,-0.010354380123317242,0.07305339723825455,0.03144055137977778,286.2615342615343,0.0
27.915,-45.594578238136485,-0.5003410642363973,0.8052803666418473,50,0.008932892233133316,0.014416276477277279,0.9977888464927673,-0.07083089649677277,0.003479426959529519,-0.054384227842092514,0.031531169407402665,286.2615342615343,0.0
27.965,-45.59466322359256,-0.4983535757120408,0.8258940731017924,50,0.009013245813548565,0.01504569873213768,0.998502790927887,0.047471318393945694,-0.21161974966526031,0.28233370184898376,0.031099280828160866,286.2615342615343,0.0
28.015,-45.59398083974172,-0.4609029033925268,0.8353190647231703,50,0.006075315643101931,0.013991829939186573,0.9978729486465454,-0.18354418873786926,-0.045374609529972076,0.21662884950637817,0.03076416180552817,286.2615342615343,0.0
28.066,-45.59329114741903,-0.44463066123459577,0.8049712403121467,50,0.007646342273801565,0.013505229726433754,1.0001693964004517,-0.23611654341220856,-0.07901991903781891,-0.2135097235441208,0.029862055315330503,286.2615342615343,0.0
28.116,-45.58876450951646,-0.46901288325089907,0.8153419742743221,50,0.007923225872218609,0.014386817812919617,0.9989931583404541,-0.18959781527519226,-0.09570454806089401,0.16197656095027924,0.028259079831740523,286.06629382076113,0.0
28.167,-45.587606489426044,-0.4566727725295448,0.8263043394761572,50,0.006873169913887978,0.014837334863841534,0.9989007711410522,-0.1935587376356125,-0.0007481977227143943,-0.043406352400779724,0.025771212414976388,286.06629382076113,0.0
28.217,-45.588893822935574,-0.47805705207437904,0.8166339501704831,50,0.00940343365073204,0.013951425440609455,0.9994276762008667,-0.07792291790246964,-0.0004609029565472156,-0.07820222526788712,0.024318221426935245,286.06629382076113,0.0
28.267,-45.587680186829566,-0.4693413135446866,0.8505585973074301,50,0.008043128997087479,0.018066277727484703,0.9989981055259705,-0.1053900271654129,-0.17060384154319763,-0.24275152385234833,0.022492624773010082,286.06629382076113,0.0
28.317,-45.58937201628503,-0.5147904032356416,0.7888777265232767,50,0.009773798286914825,0.011835919693112373,0.9993798136711121,-0.10875513404607773,-0.003522472456097603,-0.06670498102903366,0.020808021554733252,286.06629382076113,0.0
28.368,-45.588775751223935,-0.5152915768456036,0.8105161744743691,50,0.008919388055801392,0.015122463926672935,0.9991157650947571,0.14074386656284332,0.02137160673737526,0.06353919208049774,0.019835165558599266,286.06629382076113,0.0
28.418,-45.58832222871773,-0.5136405216064507,0.7986780678707409,50,0.007255202624946833,0.012615119107067585,0.9985979795455933,-0.13393141329288483,0.20123684406280518,-0.04969151318073273,0.018595498600627557,286.06629382076113,0.0
28.469,-45.587203804493114,-0.4779886802811505,0.8072234505202328,50,0.006781883537769318,0.016266005113720894,0.9994454979896545,0.15981511771678925,0.10427287220954895,0.060148995369672775,0.01797168203586102,286.06629382076113,0.0
28.519,-45.588642091560274,-0.4747181359867957,0.8322870918289805,50,0.008046974427998066,0.014454848133027554,1.000812292098999,0.024165460839867592,0.06445885449647903,-0.07391174882650375,0.01694641240000096,286.06629382076113,0.0
28.57,-45.58569909490442,-0.5153286897826386,0.8422059916990887,50,0.008817492984235287,0.01559604424983263,0.9998467564582825,-0.08310730755329132,-0.03519624471664429,0.002385475905612111,0.016948387698561714,286.06629382076113,0.0
28.62,-45.583786024942846,-0.4797582453335915,0.8189665977404817,50,0.007245311047881842,0.015556576661765575,0.9988234639167786,-0.03179983049631119,0.062577024102211,0.16986370086669922,0.01602075057221269,286.06629382076113,0.0
28.67,-45.58476469545798,-0.48464175789958774,0.8035353337967615,51,0.007998836226761341,0.014036851935088634,0.9977132081985474,-0.18886366486549377,-0.1086784303188324,-0.15875205397605896,0.01573461367864749,172.32852623361683,0.0
28.72,-45.58557170058441,-0.5140919041247509,0.8394211569535047,51,0.009925216436386108,0.01533906813710928,0.9985803961753845,-0.009924773126840591,-0.2057546079158783,0.1284358650445938,0.015612148630382164,172.32852623361683,0.0
28.771,-45.58242278686844,-0.4787676593692558,0.8368981216647693,51,0.005146896466612816,0.012034832499921322,0.9995765089988708,-0.2121688276529312,0.00857528019696474,-0.038835559040308,0.014454395838588872,172.32852623361683,0.0
28.821,-45.581177290799694,-0.4596427890862796,0.8354849814139014,51,0.00872318260371685,0.01415508333593607,0.9977290630340576,0.22997938096523285,0.010491331107914448,0.10887306928634644,0.013126196240580435,172.32852623361683,0.0
28.872,-45.57874328991064,-0.48124168476466334,0.8216933668365239,51,0.007425104267895222,0.014163008891046047,0.997517466545105,-0.13222232460975647,-0.36931633949279785,-0.07221123576164246,0.012481040539460357,172.32852623361683,0.0
28.922,-45.57747178452331,-0.4703821475193371,0.8252326672946408,50,0.007585407234728336,0.01504525076597929,0.9969633221626282,0.07920881360769272,-0.005839863326400518,0.18539991974830627,0.012155986299326418,172.32852623361683,0.0
28.972,-45.57483079618915,-0.4832050895073087,0.8102288340754552,50,0.008999361656606197,0.015262668952345848,0.9988085627555847,-0.01935761049389839,0.02765508182346821,-0.07246179133653641,0.012436357919136058,172.32852623361683,0.0
29.023,-45.57497492057949,-0.48153379963186055,0.8281616740242225,50,0.007507182192057371,0.012896835803985596,0.999069094657898,-0.07945272326469421,-0.05414558947086334,0.0747561901807785,0.01330159824716844,172.32852623361683,0.0
29.073,-45.57457433574533,-0.5067806230941908,0.8218923523259868,50,0.009919102303683758,0.014036742970347404,0.9991853833198547,0.10274230688810349,-0.05714607238769531,0.18421751260757446,0.014493669235830222,172.32852623361683,0.0
29.123,-45.57544480147359,-0.49221475710241835,0.8130244417793581,50,0.009358027949929237,0.013525272719562054,0.9991803169250488,-0.18375587463378906,-0.10853283107280731,-0.01632576622068882,0.01645281103943373,172.32852623361683,0.0
29.173,-45.5724702068966,-0.4657314712769796,0.832493507397683,50,0.00773604353889823,0.015413184650242329,0.9971818327903748,0.14994433522224426,-0.37150806188583374,0.08565230667591095,0.017822237408171567,172.32852623361683,0.0
29.224,-45.5725590545439,-0.45253957535241607,0.8045700010860608,50,0.007263960316777229,0.013441531918942928,0.9999464750289917,-0.3100185692310333,-0.023298263549804688,0.0371101051568985,0.0202608397040338,277.5662762226193,0.0
29.274,-45.57350646118141,-0.48469159261944733,0.8102224549483391,50,0.009961018338799477,0.015377839095890522,1.0005903244018555,-0.1637759804725647,-0.05459157004952431,-0.10825023800134659,0.02157142953777977,277.5662762226193,0.0
29.324,-45.57316796762434,-0.47634587470809875,0.7740200200111765,50,0.007822612300515175,0.011864908039569855,0.9997653365135193,-0.09399630129337311,-0.015191671438515186,0.2035534381866455,0.02261897337275729,277.5662762226193,0.0
29.375,-45.57132073570573,-0.4782363172689444,0.8021400202415259,50,0.010465956293046474,0.013609370216727257,1.002936840057373,0.08998198807239532,-0.18048004806041718,0.1387631744146347,0.022751687856833902,277.5662762226193,0.0
29.426,-45.57078557719839,-0.4794802694525618,0.8125216864500763,50,0.007716014981269836,0.01586776040494442,0.9990949630737305,0.11425554007291794,-0.090293288230896,0.030941789969801903,0.02220758234960383,277.5662762226193,0.0
29.476,-45.57037188401177,-0.4642918508999447,0.8250393121377122,50,0.007126522250473499,0.015332267619669437,0.9997198581695557,0.021496370434761047,-0.11811249703168869,0.08509594947099686,0.02107216878220499,277.5662762226193,0.0
29.526,-45.57127200513386,-0.45972088152149104,0.8030911177713663,50,0.0073204319924116135,0.011667273938655853,0.9967555999755859,0.04772147908806801,-0.1371089369058609,0.18985256552696228,0.02019519098618675,277.5662762226193,0.0
29.576,-45.56815454535376,-0.49840608196677433,0.8572498551060005,50,0.009592689573764801,0.014464247971773148,0.9972389936447144,0.10207628458738327,-0.06452686339616776,0.28011438250541687,0.019295240237676183,277.5662762226193,0.0
29.627,-45.568274594243135,-0.49735228733046766,0.8369086673314936,50,0.008012700825929642,0.013570786453783512,1.0003013610839844,-0.1890246570110321,-0.07132992148399353,-0.03107518143951893,0.018636678193289003,277.5662762226193,0.0
29.677,-45.5704515805298,-0.49041746408725195,0.8176187540102092,50,0.007724000606685877,0.013595031574368477,0.9970619678497314,-0.05027906969189644,0.11548512428998947,-0.17484363913536072,0.01833841903809544,277.5662762226193,0.0
29.727,-45.56705719772144,-0.47243525732464126,0.8155062280307137,50,0.008284698240458965,0.015790969133377075,0.9997304677963257,-0.010746143758296967,-0.0007221617852337658,0.009906725026667118,0.01819047803525213,281.9700168067227,0.0
29.778,-45.56721161732376,-0.5113364025222181,0.7753387434808081,50,0.0097028324380517,0.013229895383119583,0.9992751479148865,-0.1542302370071411,-0.12301792949438095,-0.039533864706754684,0.01710344296266559,281.9700168067227,0.0
29.828,-45.569522690493116,-0.5084439162796034,0.7895731959531312,50,0.007859619334340096,0.014365178532898426,0.9981825947761536,0.1442660540342331,0.015505530871450901,0.1298447549343109,0.01688888800095662,281.9700168067227,0.0
29.878,-45.56803693377351,-0.502403924788569,0.7918019003020994,50,0.009721982292830944,0.013603178784251213,0.9988758563995361,-0.15356233716011047,-0.2481977492570877,0.056129392236471176,0.01779997652494118,281.9700168067227,0.0
29.929,-45.56777161891506,-0.4697418879387727,0.8190383184325463,50,0.008084571920335293,0.012643447145819664,1.0011813640594482,-0.10710892081260681,-0.08368132263422012,0.014619472436606884,0.01848358866385501,281.9700168067227,0.0
29.979,-45.566271412507874,-0.45463765202339673,0.806255432765561,50,0.006613823119550943,0.014737105928361416,0.9980866312980652,-0.12908463180065155,-0.0655323937535286,0.13582082092761993,0.020076918575956237,281.9700168067227,0.0
30.03,-45.56612491271448,-0.48225281571130235,0.7911631155179956,50,0.009960629977285862,0.0136404512450099,0.9974768161773682,-0.09169220179319382,0.06076173856854439,-0.23048315942287445,0.021537385236756815,281.9700168067227,0.0
30.08,-45.56686451049066,-0.488869874330731,0.8203842753467494,50,0.008708503097295761,0.015198971144855022,1.0004147291183472,-0.1355600655078888,-0.23178529739379883,0.0001940988440765068,0.02345100813075935,281.9700168067227,0.0
30.13,-45.564062632163086,-0.48990141619733985,0.7996767145487117,50,0.009671425446867943,0.01565600000321865,1.0006074905395508,-0.40729886293411255,-0.1317353993654251,-0.18914330005645752,0.024472333490321838,281.9700168067227,0.0
30.18,-45.56429829359443,-0.5172351720321751,0.8159323708272991,50,0.010386359877884388,0.013195069506764412,0.999748706817627,-0.11752712726593018,-0.08348493278026581,-0.015001229010522366,0.02626824595908201,281.9700168067227,0.0
30.231,-45.56768601822516,-0.5152582132008222,0.8226943008895821,50,0.007910329848527908,0.014217392541468143,0.9985908269882202,0.036228932440280914,-0.12857334315776825,-0.17347602546215057,0.026982530186131483,281.9700168067227,0.0
30.281,-45.56773702106752,-0.5030249597255719,0.7993039608820575,50,0.009312142618000507,0.011553497985005379,0.9964005351066589,-9.428694465896115e-05,-0.02376604825258255,-0.1909087747335434,0.028515505001453348,272.8534998698933,0.0
30.332,-45.567732163718105,-0.47975503820287735,0.8337413592156899,50,0.008770457468926907,0.016859939321875572,0.9994131326675415,0.0672697052359581,0.0973692387342453,0.035434432327747345,0.029262757548086733,272.8534998698933,0.0
30.383,-45.56598362452341,-0.45455787211155807,0.8307375175596758,50,0.007642872631549835,0.01447004359215498,0.9988043904304504,-0.06989436596632004,-0.1919766664505005,-0.01942845620214939,0.029612563838106357,272.8534998698933,0.0
30.433,-45.566517946654116,-0.47805402723365326,0.8099490597011132,50,0.008037484250962734,0.014668699353933334,0.9985250234603882,-0.05387434735894203,-0.04620535671710968,0.030204715207219124,0.029294259667650875,272.8534998698933,0.0
30.483,-45.56557309806241,-0.4867339947897998,0.7701228781955121,50,0.00980704091489315,0.013741986826062202,0.9950118660926819,0.08162054419517517,-0.07513414323329926,-0.18889297544956207,0.028838863576771914,272.8534998698933,0.0
30.533,-45.56539636130061,-0.4695795722279443,0.7862996138277596,50,0.008135567419230938,0.013760252855718136,1.002205729484558,-0.008298834785819054,-0.07617754489183426,-0.10992512851953506,0.02833296891354508,272.8534998698933,0.0
30.584,-45.564247751032745,-0.4816334094346055,0.8114814132450161,50,0.009684949181973934,0.01534413080662489,0.9985286593437195,-0.07618476450443268,-0.11830198019742966,0.004809682723134756,0.027172008835478427,272.8534998698933,0.0
30.634,-45.563979632116734,-0.4722494813221645,0.7681730382220493,50,0.008487994782626629,0.012952346354722977,0.9991454482078552,-0.053966157138347626,-0.052148543298244476,0.14174476265907288,0.02627375196991328,272.8534998698933,0.0
30.684,-45.563953127395266,-0.489596453182007,0.7902217273320337,50,0.008430000394582748,0.015086580067873001,0.996232271194458,-0.019867582246661186,-0.04806610941886902,-0.17228302359580994,0.024905573359695517,272.8534998698933,0.0
30.735,-45.56065947190534,-0.5104105673238459,0.7702292420931078,50,0.008666508831083775,0.013013266026973724,1.001137614250183,-0.34781351685523987,-0.04444253444671631,-0.02788960188627243,0.024569567125062017,272.8534998698933,0.0
30.785,-45.562252036279254,-0.5182755363634881,0.7878795888413034,50,0.01008998230099678,0.012917780317366123,1.001425862312317,-0.050777435302734375,-0.0447629876434803,-0.20783251523971558,0.024969401041581463,272.8534998698933,0.0
30.836,-45.56487202461613,-0.4749029392023308,0.8074186793111948,50,0.00676349364221096,0.015056941658258438,0.9999219179153442,-0.13738352060317993,-0.01762629859149456,-0.03256063908338547,0.026511105376006077,283.53302237544784,0.0
30.886,-45.56672914201685,-0.5053809962387521,0.8161808738904545,50,0.01013493537902832,0.015021059662103653,0.9996111989021301,0.21281681954860687,0.015392118133604527,-0.03305618464946747,0.02756885363575994,283.53302237544784,0.0
30.936,-45.56462168618513,-0.4870103068793236,0.8055850737691593,50,0.00852207001298666,0.012262648902833462,0.9970894455909729,-0.02665637992322445,-0.03145972639322281,-0.027889607474207878,0.02868385149499533,283.53302237544784,0.0
30.987,-45.56491730683836,-0.47481745042597817,0.8151118133693095,50,0.007898343726992607,0.01588720828294754,0.9982587099075317,0.04794825613498688,0.0405699796974659,0.07271955162286758,0.02947246392411504,283.53302237544784,0.0
31.037,-45.56641825921753,-0.4627765083725655,0.8089229994731651,50,0.008701592683792114,0.01383187249302864,0.9995230436325073,0.07036057859659195,-0.06664334237575531,0.007009190507233143,0.031150738754099395,283.53302237544784,0.0
31.087,-45.56754227614377,-0.4575628650190893,0.8010149707217995,50,0.009352886117994785,0.012912481091916561,0.9995502829551697,-0.13840293884277344,0.01582568883895874,-0.1469498723745346,0.03235980501381193,283.53302237544784,0.0
31.139,-45.56673192661799,-0.47346362693729593,0.8071414318682154,50,0.008999064564704895,0.012340156361460686,0.9995812773704529,0.013188587501645088,-0.042722322046756744,0.24310217797756195,0.03387716322048457,283.53302237544784,0.0
31.189,-45.56713851785026,-0.49704921173713634,0.8069528574783705,50,0.00999903492629528,0.014375640079379082,0.9990883469581604,0.08649745583534241,0.006199386436492205,-0.07086265832185745,0.03522354356750276,283.53302237544784,0.0
31.24,-45.566596893216854,-0.4846705230774545,0.7973234344844847,50,0.008837396278977394,0.012387286871671677,1.000240683555603,-0.040959130972623825,-0.20261968672275543,-0.03715096041560173,0.036312854287561015,283.53302237544784,0.0
31.29,-45.56643289620154,-0.4775517012375137,0.8212243869644527,50,0.00719847995787859,0.01566818542778492,0.9972332715988159,-0.13617990911006927,-0.07866500318050385,0.20124459266662598,0.03694310678083591,283.53302237544784,0.0
31.34,-45.56304827531815,-0.4882932563469395,0.8216802657134983,50,0.009563944302499294,0.015057106502354145,0.9979602098464966,0.13077768683433533,0.013804437592625618,-0.0404285304248333,0.03679680618760849,278.19221330503416,0.0
31.39,-45.561890299055804,-0.5092751503372203,0.8056549244509272,50,0.009929307736456394,0.014207013882696629,0.9978018999099731,-0.1666884422302246,-0.029830927029252052,-0.0867883563041687,0.0366706364468009,278.19221330503416,0.0
31.441,-45.56086948348785,-0.4930777520105924,0.8207852507025908,50,0.010540624149143696,0.015476643107831478,1.0001519918441772,0.1841028928756714,-0.12419003993272781,-0.07007960975170135,0.03629431889489354,278.19221330503416,0.0
31.491,-45.5608961818271,-0.517451399914178,0.8125380169225068,50,0.009577807039022446,0.013768328353762627,0.9979645013809204,0.020191090181469917,-0.12263446301221848,0.01713097095489502,0.03553897334077918,278.19221330503416,0.0
31.541,-45.56105883391983,-0.5147296861024583,0.8073009606169811,50,0.010312301106750965,0.014876761473715305,0.9971894025802612,0.027592968195676804,0.04059869050979614,-0.04397609084844589,0.03512260173981896,278.19221330503416,0.0
31.591,-45.56219412647778,-0.5192473312027176,0.8257586227557588,50,0.009074443951249123,0.017434658482670784,0.9996392130851746,-0.05444733798503876,-0.08254949748516083,0.019221534952521324,0.03452175928122204,278.19221330503416,0.0
31.642,-45.56075471028376,-0.47336934099204575,0.8339629507670147,50,0.008204890415072441,0.014335251413285732,0.9986846446990967,-0.0468582920730114,-0.1383567750453949,0.04418524354696274,0.033225842535784464,278.19221330503416,0.0
31.692,-45.56066147061917,-0.4803277146363594,0.8054973371347253,50,0.0067764995619654655,0.013142373412847519,0.9985749125480652,0.26317909359931946,-0.11280477792024612,-0.0702344998717308,0.032664731224613656,278.19221330503416,0.0
31.743,-45.557447174231136,-0.47913362435413714,0.8209418190769452,50,0.009580503217875957,0.013833072036504745,0.9991312026977539,-0.03368442505598068,0.009691620245575905,0.06598464399576187,0.03159533965735685,278.19221330503416,0.0
31.793,-45.558640853856815,-0.4659814862701276,0.8355738344021368,50,0.007744804956018925,0.014937011525034904,0.9997977614402771,-0.08682242035865784,0.14224383234977722,0.02713923528790474,0.03077607702095749,278.19221330503416,0.0
31.844,-45.55909004204216,-0.5016774111282266,0.8464770190789374,50,0.008581814356148243,0.015264012850821018,0.9993972182273865,-0.2536410987377167,0.008782717399299145,-0.024735163897275925,0.03127877237107442,278.19221330503416,0.0
31.894,-45.558592796875864,-0.49875826686213864,0.8496043680037857,50,0.006412670947611332,0.015215570107102394,0.9980120062828064,0.117284394800663,-0.23598909378051758,0.044863224029541016,0.031333204175089266,286.3592544548372,0.0
31.944,-45.56017963942417,-0.47879784589507357,0.8174060673509415,50,0.007846439257264137,0.013933307491242886,0.9972494840621948,-0.26570451259613037,0.002000802895054221,-0.017490047961473465,0.03160689606223769,286.3592544548372,0.0
31.996,-45.56062745411359,-0.469609024662251,0.83375659902297,50,0.00832307804375887,0.016110319644212723,0.999316394329071,0.057985030114650726,-0.1364351361989975,-0.004668452311307192,0.03129667242933894,286.3592544548372,0.0
32.046,-45.56066155002999,-0.482906519323757,0.8133391050630613,50,0.010691368952393532,0.014586014673113823,1.0004748106002808,0.008143751882016659,-0.046869758516550064,-0.05435095727443695,0.03125658937290248,286.3592544548372,0.0
32.097,-45.55912555244414,-0.48427319318026785,0.8148069258216554,50,0.0071896836161613464,0.013636954128742218,0.9974309802055359,-0.004130110144615173,0.05215005949139595,-0.026900921016931534,0.03119942677365761,286.3592544548372,0.0
32.147,-45.55614817000228,-0.46228233770159294,0.8407966958160962,50,0.006188828963786364,0.015243260189890862,0.9986703395843506,-0.10243036597967148,-0.06354280561208725,0.29230833053588867,0.030763808878361713,286.3592544548372,0.0
32.198,-45.55372472537502,-0.45930667145697773,0.8317491375371474,50,0.008673104457557201,0.012548601254820824,0.9965366721153259,0.08632327616214752,-0.23268820345401764,-0.015391817316412926,0.02981235527702212,286.3592544548372,0.0
32.248,-45.55210900690489,-0.44089354121090935,0.8215167069529757,50,0.005705571733415127,0.014817981980741024,0.9966238737106323,-0.07521042972803116,-0.06725000590085983,0.013293900527060032,0.02920368706636996,286.3592544548372,0.0
32.298,-45.550879035207515,-0.4812431766091523,0.8189006464006178,50,0.0074860043823719025,0.01640470325946808,0.9991771578788757,-0.030006857588887215,-0.052337635308504105,0.1532096415758133,0.02828569680890571,286.3592544548372,0.0
32.349,-45.55291377443358,-0.49295087889207273,0.8666108829799771,50,0.010112100280821323,0.016979796811938286,0.9994065761566162,-0.20318569242954254,0.04342180863022804,-0.023347342386841774,0.027723713188182588,286.3592544548372,0.0
32.399,-45.55276583123588,-0.4493668291537292,0.8456942048212304,50,0.007309425622224808,0.01536901667714119,0.9992021322250366,-0.1472843736410141,0.020346008241176605,-0.029619047418236732,0.026497690288553102,286.3592544548372,0.0
32.451,-45.550278216497,-0.4596448765974105,0.8278045235657987,50,0.0080127427354455,0.013385077938437462,0.999610960483551,0.009660798124969006,0.1278398633003235,0.07860198616981506,0.025936282430658254,285.7155313351499,0.0
32.502,-45.549600653428385,-0.4716242212437334,0.8166927765361885,50,0.008309226483106613,0.013995707966387272,0.9988782405853271,-0.25838595628738403,0.07400265336036682,-0.175410196185112,0.02540716734701831,285.7155313351499,0.0
32.552,-45.54920378773868,-0.4829831833541104,0.8454153389767359,50,0.009053819812834263,0.015216232277452946,0.9995707869529724,-0.3023397624492645,0.042969219386577606,0.16028964519500732,0.024972630568076838,285.7155313351499,0.0
32.602,-45.548658579060735,-0.4898221336741947,0.8551995938254776,50,0.009222746826708317,0.0164331067353487,0.9993786811828613,-0.3727152645587921,-0.021466974169015884,-0.17327654361724854,0.025091653593137933,285.7155313351499,0.0
32.652,-45.54861566301424,-0.4881925377108672,0.8278990826015622,50,0.006813175976276398,0.015881074592471123,0.9989645481109619,0.0720985010266304,-0.10817302763462067,-0.0844242125749588,0.026236837366940973,285.7155313351499,0.0
32.703,-45.54546295278583,-0.45434871419439093,0.8225081246607917,50,0.007207461167126894,0.01215762086212635,0.9996123313903809,-0.15737982094287872,-0.046869222074747086,0.08322780579328537,0.026376434839335404,285.7155313351499,0.0
32.753,-45.543902045011535,-0.4857571936673902,0.8344500452211462,50,0.009779439307749271,0.014765302650630474,0.9997615218162537,-0.21715441346168518,-0.2044089287519455,-0.06372512876987457,0.028146220867192043,285.7155313351499,0.0
32.804,-45.543037971738656,-0.4707179086553215,0.8499682577244454,50,0.0073137423023581505,0.016014961525797844,0.9992009997367859,-0.07630933076143265,-0.02694505639374256,0.00203779898583889,0.029570376586360383,285.7155313351499,0.0
32.854,-45.541066783420945,-0.504248661547198,0.8201952557341584,50,0.00907939299941063,0.013587983325123787,0.9978557229042053,-0.17153003811836243,-0.016755081713199615,0.044478487223386765,0.03147421223760356,285.7155313351499,0.0
