time (s),yaw,pitch,roll,battery,acc_x,acc_y,acc_z,gyro_roll,gyro_pitch,gyro_yaw,altitude (m),loop rate (Hz),target altitude (m)
0.0,62.40097324752802,-0.3908670784915203,0.2680216814710921,80,0.005758204497396946,0.005646242760121822,0.9977003335952759,0.038161102682352066,-0.09743974357843399,0.04069789871573448,0.004455671092952959,285.5015996188142,0.0
0.05,62.40251432959433,-0.4077697939630133,0.3007030855612268,80,0.0071978517808020115,0.0051819938234984875,1.0014629364013672,-0.020620904862880707,0.1088179498910904,0.05553225800395012,0.004961027994438498,285.5015996188142,0.0
0.101,62.40443265575526,-0.3756065648094744,0.3251745130149261,80,0.006134954281151295,0.005612190347164869,0.9987756013870239,-0.09670364856719971,-0.14945247769355774,0.029289336875081062,0.005801226438101455,285.5015996188142,0.0
0.152,62.40204698285787,-0.3880358017918018,0.2737930894471374,80,0.005498915445059538,0.0038297874853014946,0.9990748167037964,-0.3341396749019623,0.09373962134122849,-0.12284660339355469,0.0065817510437150084,285.5015996188142,0.0
0.202,62.4015041009267,-0.3613102375128558,0.28758457410167326,80,0.005740958731621504,0.004946838598698378,0.9986699223518372,-0.08981890976428986,-0.05204879119992256,0.12015973031520844,0.0067847868639662615,284.243968555164,0.0
0.252,62.402290810397,-0.346763670627105,0.2647054234190894,80,0.005481223575770855,0.0038682345766574144,0.9979749917984009,-0.014056473039090633,-0.12896491587162018,0.04478216543793678,0.006276743486529567,284.243968555164,0.0
0.303,62.40172052049706,-0.3693061902836821,0.2565988763314682,80,0.00786341167986393,0.0033057075925171375,0.9999879598617554,-0.24787645041942596,0.01745317131280899,0.031004713848233223,0.0058017193159119315,284.243968555164,0.0
0.353,62.40051575739836,-0.37340863127726626,0.30382444158458227,80,0.005345177371054888,0.006281485315412283,0.9972327351570129,-0.07623656094074249,0.11775431782007217,-0.09835267812013626,0.0055119656090094095,284.243968555164,0.0
0.403,62.40107817902407,-0.3483137890920811,0.271154265355785,80,0.005469529889523983,0.003557046875357628,0.9987942576408386,-0.11293207854032516,-0.00313408556394279,0.09412786364555359,0.005211054532699442,284.243968555164,0.0
0.453,62.403688021288296,-0.32817294353378373,0.2415435729877236,80,0.005252836737781763,0.005309038795530796,0.9977881908416748,-0.10133346170186996,-0.0782589390873909,0.17010226845741272,0.005221753423048199,284.243968555164,0.0
0.504,62.40179299690806,-0.3411724014206377,0.3062233355170115,80,0.007685570977628231,0.008094272576272488,0.9975143671035767,0.21945206820964813,-0.2133336365222931,0.20749914646148682,0.005566796807684852,284.243968555164,0.0
0.554,62.40346106192004,-0.35893950964061533,0.2748659300255294,80,0.005947635974735022,0.003878710325807333,0.9980252385139465,0.030516065657138824,-0.14412787556648254,0.08554860949516296,0.005917719222502184,284.243968555164,0.0
0.605,62.406208058884324,-0.3379689271659234,0.2547155203780696,80,0.0050750840455293655,0.0033799530938267708,0.9988332390785217,-0.41592782735824585,0.038119763135910034,-0.1788657158613205,0.005786759382973171,284.243968555164,0.0
0.656,62.40462134631552,-0.3457024638022288,0.2581591396356953,80,0.00607032235711813,0.004744566977024078,0.996575653553009,-0.26299330592155457,-0.19789814949035645,0.019542543217539787,0.005863381987095006,284.243968555164,0.0
0.706,62.40435685629559,-0.38232609813010615,0.2597683986128833,80,0.0069657894782722,0.004525953438133001,0.9959064722061157,-0.2163529396057129,-0.2131660282611847,0.02549448050558567,0.005987846970489661,284.243968555164,0.0
0.756,62.407467286109096,-0.38662917825546195,0.25769195586635496,80,0.006553913000971079,0.004559010732918978,0.9991532564163208,-0.13146792352199554,-0.11749764531850815,0.1995006948709488,0.005674529985735223,285.96877343696735,0.0
0.807,62.410564222515134,-0.37534319325311294,0.2817835843120841,80,0.007231505587697029,0.006507929880172014,0.9985696077346802,-0.14911717176437378,-0.0306160319596529,0.1403392255306244,0.005913235998832645,285.96877343696735,0.0
0.857,62.411804122611066,-0.37599294361368446,0.29991917213112435,80,0.005002417601644993,0.004760302137583494,0.9988760352134705,-0.2381230890750885,-0.018521783873438835,0.05491984635591507,0.006991293604389188,285.96877343696735,0.0
0.908,62.41174062416262,-0.3742788142695872,0.28465831372112804,80,0.005013839341700077,0.0028456104919314384,0.9998682737350464,0.1532706320285797,-0.05765044689178467,0.06236764043569565,0.007357738106040676,285.96877343696735,0.0
0.958,62.40949152148051,-0.3852572540673243,0.2562840659853083,80,0.006886194460093975,0.002031439682468772,0.9964428544044495,-0.42622777819633484,-0.15079155564308167,-0.3234035074710846,0.007591707288663757,285.96877343696735,0.0
1.009,62.41146751626776,-0.369162108581604,0.29255322279628193,80,0.005451926961541176,0.005813161376863718,0.9980290532112122,-0.13642644882202148,-0.13162654638290405,-0.0031108460389077663,0.00808928158327947,285.96877343696735,0.0
1.059,62.415312666012674,-0.386136974198755,0.28143609512706724,80,0.006197103299200535,0.004056369885802269,0.999826192855835,-0.340728759765625,0.1500135362148285,0.12949007749557495,0.009220368829118529,285.96877343696735,0.0
1.11,62.41243461271132,-0.3639335646033742,0.31981817519431527,80,0.006191382650285959,0.0057935635559260845,0.9974948763847351,-0.18440531194210052,-0.037286993116140366,-0.09113416820764542,0.009731483900605555,285.96877343696735,0.0
1.16,62.41253494328783,-0.3844014596257469,0.28510666641865795,80,0.006326714996248484,0.003936136141419411,0.9993526339530945,0.07292348891496658,0.013014697469770908,-0.04640042781829834,0.010364471685390586,285.96877343696735,0.0
1.21,62.41142463792373,-0.40423475467449377,0.2770435977626113,80,0.007689753547310829,0.005446139257401228,0.9971504807472229,-0.380359947681427,0.024552732706069946,-0.14561480283737183,0.010638884917956747,285.96877343696735,0.0
1.26,62.40850711329181,-0.39882441284005943,0.27372562079104656,80,0.006093617528676987,0.005115472711622715,0.996879518032074,-0.32456138730049133,-0.043277446180582047,-0.02454652637243271,0.01047558087923624,286.98624700650015,0.0
1.311,62.4080315956083,-0.39205616625864803,0.2720838523042919,80,0.006891568657010794,0.006038547493517399,0.9997094869613647,-0.09847929328680038,0.09299026429653168,0.11384200304746628,0.01041122858722832,286.98624700650015,0.0
1.361,62.4086423233031,-0.3720199584218738,0.277161763309368,80,0.0055832043290138245,0.004102003760635853,0.9977768063545227,-0.07458286732435226,-0.007760926615446806,-0.14555993676185608,0.010571311342134846,286.98624700650015,0.0
1.411,62.407822393717936,-0.36067495078645256,0.25945928306408905,80,0.006730780471116304,0.006221077870577574,0.9971604943275452,-0.3110075294971466,-0.07238689064979553,-0.013882176019251347,0.010380225741061618,286.98624700650015,0.0
1.462,62.40781544740468,-0.36142159997893436,0.28498216948803945,80,0.007872733287513256,0.007363589014858007,0.9989838004112244,-0.15354391932487488,0.032511547207832336,-0.1031448096036911,0.010316826737686568,286.98624700650015,0.0
1.512,62.407240401202685,-0.37937791726653197,0.2813153288961424,80,0.006840561516582966,0.005326947197318077,0.9999462366104126,-0.26707562804222107,-0.14884847402572632,-0.07542319595813751,0.010915188856818126,286.98624700650015,0.0
1.562,62.404287059631564,-0.37436923987510795,0.30858237171019615,80,0.005729479715228081,0.005228769965469837,0.9994061589241028,-0.14306968450546265,-0.22641298174858093,0.09918376058340073,0.010930665047954929,286.98624700650015,0.0
1.613,62.40195303484421,-0.36505354286530306,0.3112223524913812,80,0.006798561662435532,0.006140232086181641,0.9988145232200623,-0.2146717607975006,-0.046619806438684464,0.018099892884492874,0.011034715249942047,286.98624700650015,0.0
1.663,62.400197371068195,-0.38425193691778164,0.3034156738487392,80,0.006848451215773821,0.004336000885814428,0.9994665384292603,0.07427037507295609,0.12990739941596985,0.0047666882164776325,0.011028398083990155,286.98624700650015,0.0
1.714,62.398923670945464,-0.3853168866436274,0.30201754706563727,80,0.007091826759278774,0.00514174485579133,0.996389627456665,0.06111447140574455,0.0542178675532341,-0.06436160206794739,0.011983950311451299,286.98624700650015,0.0
1.764,62.39923975207907,-0.4150127204645903,0.2848530532780979,80,0.009257097728550434,0.005268461536616087,0.9991143345832825,-0.08532270044088364,0.01385412085801363,-0.19581079483032227,0.012618473048130404,286.98624700650015,0.0
1.814,62.39710571288174,-0.41841609352076,0.28522613279104386,80,0.004980646073818207,0.006505522411316633,0.9966287612915039,-0.11989250779151917,-0.07778289914131165,-0.19055913388729095,0.012660149029443821,219.7005919019433,0.0
1.865,62.39846659159088,-0.40581947288664555,0.33872060418889466,80,0.006622601300477982,0.007280844729393721,1.000053882598877,-0.2027229219675064,-0.12565739452838898,0.0493849441409111,0.012587854558635305,219.7005919019433,0.0
1.915,62.39949648498462,-0.37607765719547914,0.3221358271615676,80,0.007273619528859854,0.005137970671057701,0.998611330986023,-0.0012623517541214824,0.07679132372140884,-0.1639038324356079,0.01246523698247509,219.7005919019433,0.0
1.966,62.39841204173664,-0.37556112720278545,0.30929872488056925,80,0.005899328272789717,0.005776878912001848,0.9954803586006165,-0.21803946793079376,-0.20943762362003326,-0.0019112898735329509,0.012689969848045947,219.7005919019433,0.0
2.016,62.40021999808507,-0.3757508644926618,0.33138330486935536,80,0.005561897996813059,0.007258697412908077,0.9990251660346985,-0.044865306466817856,0.07376481592655182,-0.17919763922691345,0.01233471922043728,219.7005919019433,0.0
2.066,62.39821217525369,-0.3901875695999735,0.25574756070816146,80,0.007471227552741766,0.0012353105703368783,0.9989584684371948,-0.14798179268836975,-0.18830905854701996,-0.04531483352184296,0.012123825037238658,219.7005919019433,0.0
2.116,62.39863036169057,-0.39534111103170905,0.2629917452060679,80,0.005667413119226694,0.004035556688904762,0.9972683787345886,0.04766257852315903,-0.09735488146543503,0.0016247434541583061,0.011949629023337516,219.7005919019433,0.0
2.167,62.397263844883376,-0.3964905757154329,0.30307130882053707,80,0.012548813596367836,0.007476130500435829,0.9959700107574463,-0.22434557974338531,-0.2994638979434967,-0.12096317857503891,0.01071262927125053,219.7005919019433,0.0
2.218,62.397867404875896,-0.4508469690749127,0.28357953540189923,80,0.010884301736950874,0.005139087792485952,0.9968879818916321,-0.32911503314971924,0.07609371095895767,-0.0517369844019413,0.009719269262751877,219.7005919019433,0.0
2.268,62.39692116826956,-0.3753119500146213,0.25738794927664455,80,0.005194300319999456,0.004619953688234091,0.9990412592887878,-0.06859272718429565,0.10051310062408447,0.08623392879962921,0.009086967744080625,219.7005919019433,0.0
2.318,62.39767805788452,-0.40138810631738403,0.2341900400993429,80,0.00796058401465416,0.004530990496277809,0.9976754784584045,-0.02641257457435131,-0.034095749258995056,0.06031832844018936,0.008548364119015654,219.7005919019433,0.0
2.368,62.40018365457477,-0.361110905183782,0.28053494611040297,80,0.003571790875867009,0.005001954268664122,0.996040940284729,0.041021693497896194,-0.06725150346755981,0.1580955684185028,0.008543706469134668,281.2326672924769,0.0
2.419,62.39936876235035,-0.3752552654209655,0.3002142816312458,80,0.005554681643843651,0.004592524375766516,0.9973781108856201,0.00232193642295897,-0.2404002696275711,0.04586934670805931,0.008883407983300682,281.2326672924769,0.0
2.469,62.39913143690895,-0.36733032401214427,0.34731335400235186,80,0.004751082509756088,0.005627265200018883,0.9985487461090088,-0.15962377190589905,-0.13889867067337036,-0.03477078303694725,0.00850435785414058,281.2326672924769,0.0
2.52,62.39687827060486,-0.3561739353599993,0.3508124259576255,80,0.005651517771184444,0.006630478892475367,0.9982725381851196,-0.14450454711914062,-0.010729631409049034,-0.13884510099887848,0.007722415942160303,281.2326672924769,0.0
2.57,62.398173769072336,-0.36706256474423166,0.3258875485812718,80,0.008198367431759834,0.00656893290579319,0.9954153895378113,-0.014259775169193745,0.032354503870010376,0.06298733502626419,0.006405915208926806,281.2326672924769,0.0
2.62,62.396615044171526,-0.38076706107254554,0.3334119714483892,80,0.008158623240888119,0.006397303193807602,0.9974156022071838,0.0045305173844099045,-0.05817929655313492,-0.143040731549263,0.005721562873336064,281.2326672924769,0.0
2.671,62.39940151781304,-0.26040014822808477,0.311373668510782,80,-0.009393604472279549,0.0007395592983812094,0.9987175464630127,0.06513582915067673,-0.2221398651599884,0.09911461919546127,0.005032733068251855,281.2326672924769,0.0
2.722,62.39326358647369,-0.40774050648005894,0.30781003095384746,80,0.008827000856399536,0.006366109475493431,0.999993622303009,-0.13637858629226685,0.2689739167690277,-0.09668289870023727,0.005171788072948535,281.2326672924769,0.0
2.772,62.388527836022895,-0.4309124940296536,0.3286908977770328,80,0.01025654561817646,0.005276256240904331,0.9983865022659302,0.052769798785448074,0.06386224925518036,-0.03723887354135513,0.004526670981086948,281.2326672924769,0.0
2.822,62.387905244872606,-0.3891830127218505,0.3354525197022176,80,0.007231460884213448,0.006989041808992624,0.9983766674995422,-0.07470579445362091,0.01871558651328087,-0.17193910479545593,0.004037549210842506,281.2326672924769,0.0
2.872,62.38937352969285,-0.4068734363076222,0.31813444427166776,80,0.006906765513122082,0.0051363552920520306,0.998460590839386,-0.0023567904718220234,-0.013190479017794132,0.04174160957336426,0.0034078330257628657,249.17150834669994,0.0
2.923,62.3900633348733,-0.3877517797676725,0.30047636507673753,80,0.004476084839552641,0.0047471667639911175,0.9982072710990906,-0.3773939609527588,-0.05347335711121559,-0.02631790190935135,0.0030355558333002284,249.17150834669994,0.0
2.974,62.38820484528721,-0.3183609426437769,0.2991330623000235,80,0.006273742765188217,0.006076377350836992,0.9991674423217773,-0.25775134563446045,-0.07374545931816101,0.12081441283226013,0.002538590718197478,249.17150834669994,0.0
3.024,62.386743911096744,-0.3907954561870674,0.28926547437590006,80,0.010843776166439056,0.003862004494294524,0.9985281825065613,-0.12422490864992142,-0.00044120874372310936,-0.21646209061145782,0.002264837476383048,249.17150834669994,0.0
3.074,62.387238169095745,-0.36506582615422317,0.24532969377049435,80,0.00417147483676672,0.004469254519790411,0.9988217353820801,-0.1970463991165161,-0.00037290152977220714,0.02031780034303665,0.001918921529618654,249.17150834669994,0.0
3.125,62.38793748011296,-0.3682710065881523,0.27376092919752076,80,0.007048415951430798,0.004774098750203848,0.9966897368431091,-0.11539255827665329,0.036667026579380035,0.06412136554718018,0.0017223931597128467,249.17150834669994,0.0
3.175,62.387015975278004,-0.3929141713972543,0.29047826926737363,80,0.007026711944490671,0.00558316009119153,0.9969382286071777,0.2957502007484436,0.0025683266576379538,0.015141518786549568,0.001450522262755568,249.17150834669994,0.0
3.226,62.38879756992333,-0.3812570098631935,0.2801231273584845,80,0.006848251447081566,0.002060764003545046,0.9965357184410095,-0.38434863090515137,0.05589547008275986,-0.03085576929152012,0.001294966704707044,249.17150834669994,0.0
3.277,62.385333932248024,-0.4067409284434472,0.2873478020866216,80,0.006795726716518402,0.006344467867165804,0.9992078542709351,-0.46258094906806946,-0.037625063210725784,-0.24992141127586365,0.0010966638941449765,249.17150834669994,0.0
3.327,62.3840440220982,-0.39324757499076884,0.2884471855694107,80,0.008469155989587307,0.006157137919217348,0.9981759190559387,-0.1788175404071808,-0.09784741699695587,-0.12948009371757507,0.0009823270573054818,249.17150834669994,0.0
3.377,62.381991365284286,-0.39177874855667805,0.2925374583665333,80,0.007131362799555063,0.006620327476412058,0.9998429417610168,-0.040390122681856155,-0.017742756754159927,-0.045885585248470306,0.0008298723440846635,249.17150834669994,0.0
3.428,61.92295814806012,0.7520850797015474,2.835211139513007,80,-0.09208835661411285,0.2171294242143631,1.0658040046691895,-9.673545837402344,-10.158275604248047,-33.322547912597656,0.0007039767025223244,276.1227123107307,0.0
3.479,60.60298190104795,1.065441072847799,-0.03868384419046035,80,-0.2396274358034134,0.04667332023382187,1.0191792249679565,25.60844612121582,-11.26081371307373,-40.729164123535156,0.000633098393673572,276.1227123107307,0.0
3.53,62.2248371602479,-2.980713513324619,-2.9487270015078764,80,-0.042305778712034225,-0.10537855327129364,1.0732338428497314,18.391963958740234,-92.42745208740234,67.46067810058594,0.0005432247540785819,276.1227123107307,0.0
3.58,63.458267017890364,1.266164153078657,-4.6460932930734415,80,0.05408765375614166,-0.0803745687007904,1.2390855550765991,240.7439422607422,43.42333984375,16.323331832885742,0.0004894473647754274,276.1227123107307,0.0
3.631,63.17846966510246,13.58242825788722,-2.6638392641884816,80,-0.23292846977710724,0.06997044384479523,0.609643816947937,288.60955810546875,101.81702423095703,-19.314546585083008,0.0008492698747043588,276.1227123107307,0.0
3.681,64.11118376980534,21.979752439634645,-2.2530974408254703,80,-0.4240812659263611,-0.19957885146141052,0.900214433670044,115.2999496459961,-24.042407989501953,56.74419403076172,0.0010598311938354453,276.1227123107307,0.0
3.731,67.49770307384546,31.310723796675212,-1.9044538074333155,80,-0.7350890636444092,0.19105035066604614,0.9376591444015503,91.0659408569336,-12.87729549407959,96.68396759033203,0.0008944721183058398,276.1227123107307,0.0
3.782,69.57489149250142,32.769116577227436,3.4529536871983146,80,-0.5603892207145691,0.16661225259304047,0.9110941886901855,83.91047668457031,10.827930450439453,2.7448556423187256,0.0008016995420187756,276.1227123107307,0.0
3.832,69.07042072148795,39.4763360544529,1.833078731289582,80,-0.7668757438659668,-0.10938335210084915,0.5042044520378113,-0.6135574579238892,-0.1711176484823227,0.27152684330940247,0.0006791767026610137,276.1227123107307,0.0
3.883,68.54983183874764,39.83063130597325,1.3219576152928731,80,-0.8007240891456604,-0.0831054300069809,0.5784344673156738,115.23348236083984,8.295156478881836,0.3912791907787323,0.0006081014688231928,276.1227123107307,0.0
3.933,68.59264369358209,45.33921813243078,2.613069668613503,80,-0.7896052598953247,0.01900540478527546,0.4268472492694855,-54.8775749206543,-0.8262043595314026,3.877490282058716,0.0005131270445276169,276.1227123107307,0.0
3.984,68.93595697716108,42.695907409182745,0.4806081775147506,80,-0.5883881449699402,-0.17523665726184845,0.6252254843711853,-173.05889892578125,8.24186897277832,22.93482780456543,0.00045687855772073854,283.53302237544784,0.0
4.034,69.06246367578248,38.3149341780767,2.907584784999896,80,-0.667458713054657,0.04964693263173103,0.4860975742340088,121.2841796875,4.5959086418151855,-8.755654335021973,0.000384042162471081,283.53302237544784,0.0
4.084,69.07281236735716,42.76916824699076,2.765378102173039,80,-0.7402759790420532,0.0877053439617157,0.5428581833839417,18.83644676208496,-6.5787224769592285,1.376508116722107,0.0003446063503411104,283.53302237544784,0.0
4.135,69.06683877268291,44.18956919654426,2.0493648304557084,80,-0.7489423155784607,-0.0587589293718338,0.64412921667099,-16.621477127075195,-1.3178991079330444,8.468897819519043,0.00029454841880799864,283.53302237544784,0.0
4.185,69.49315936679012,43.20901465451885,2.842666362319668,80,-0.7114256024360657,0.0840836837887764,0.7797243595123291,-57.26063537597656,-1.9812748432159424,6.3707685470581055,0.0002500978156791428,283.53302237544784,0.0
4.236,69.20823469746668,41.85349776502977,3.5696804308903873,80,-0.7081372141838074,0.04006168991327286,0.7929934859275818,-205.81143188476562,76.49319458007812,-29.247581481933594,0.00022325500965142593,283.53302237544784,0.0
4.286,66.74548109233686,34.20257344513967,0.6620630052564378,80,-0.5937756896018982,-0.06804974377155304,1.3280893564224243,-138.797607421875,-116.75354766845703,-59.216670989990234,0.00018949376746731634,283.53302237544784,0.0
4.336,66.96287376933313,24.976893773884722,-4.134421070020684,80,-0.13726265728473663,-0.16033296287059784,0.9622756242752075,-35.56724166870117,58.17879867553711,6.683526992797852,0.00017070814903426265,283.53302237544784,0.0
4.387,65.93758177289568,13.551218038789578,-12.615498896870758,80,-0.1120331883430481,-0.4014710485935211,1.0313920974731445,-160.79791259765625,-77.81781768798828,-57.50471878051758,0.00014652555047709741,283.53302237544784,0.0
4.437,64.27440404770701,4.870251727913621,-13.934659945742577,80,-0.04941493645310402,-0.13013944029808044,1.0029261112213135,-82.34210205078125,8.739134788513184,-32.91196060180664,0.0001324875654153148,283.53302237544784,0.0
4.488,64.03314701423155,4.425879502363728,-11.347208444623563,80,-0.10699040442705154,-0.1351175755262375,0.9004238247871399,-46.34088134765625,-23.25294303894043,4.816000461578369,0.00012023812549586596,283.05466324740183,0.0
4.538,64.41129865094821,5.121617869301373,-12.692086655468573,80,-0.0772068053483963,-0.13318125903606415,0.8544698357582092,15.940598487854004,-64.69184875488281,-41.70734405517578,0.00010382267931753538,283.05466324740183,0.0
4.588,62.61230435713437,7.434097476222758,-7.480081216603609,80,-0.16381193697452545,-0.058826249092817307,0.8573678731918335,-64.31958770751953,55.64729309082031,-36.92664337158203,9.010741574749125e-05,283.05466324740183,0.0
4.639,60.674017417976906,9.13211302065822,-4.115283552583228,80,-0.2500344514846802,-0.02238498255610466,0.8728176355361938,-6.026861190795898,95.53916931152344,-53.782047271728516,8.207596022127904e-05,283.05466324740183,0.0
4.689,59.555116146703455,11.372925741593406,3.0819291148764036,80,-0.2613039016723633,0.16659757494926453,0.6555889248847961,7.646379470825195,75.36270141601562,-28.038957595825195,7.124734684090408e-05,283.05466324740183,0.0
4.739,59.13481530122286,15.640286789487826,5.894825491331657,80,-0.346140056848526,0.1438600867986679,0.8399003148078918,31.418182373046875,-1.1713224649429321,3.84024715423584,6.504351917289706e-05,283.05466324740183,0.0
4.79,58.420965243816475,15.66726340769088,1.4964288348393546,80,-0.3212604820728302,-0.08564095944166183,0.8566328883171082,-36.13761901855469,-70.3038101196289,-38.888065338134766,5.687503228869761e-05,283.05466324740183,0.0
4.84,57.93573295128343,13.832790550809975,-3.5198539797652413,80,-0.14105817675590515,-0.15323075652122498,1.0169196128845215,11.349225044250488,28.001766204833984,-15.311162948608398,5.1940794557362e-05,283.05466324740183,0.0
4.891,56.40679606415963,9.23676318042922,-4.634385753918891,80,-0.3487037122249603,-0.02276764251291752,0.9258023500442505,-118.65281677246094,-116.53599548339844,22.23204803466797,4.5575879878119525e-05,283.05466324740183,0.0
4.941,56.588386677864634,4.371939732396161,-10.28776220629563,80,-0.03798383101820946,-0.24297013878822327,0.7926411032676697,29.990079879760742,0.09949240833520889,2.952460289001465,4.184068283267973e-05,283.05466324740183,0.0
4.992,56.48846311717788,2.6210669717029993,-9.96599735276332,80,0.012654755264520645,-0.10972046852111816,1.1124629974365234,92.34748077392578,80.2563247680664,19.648454666137695,3.681468256093944e-05,283.05466324740183,0.0
5.042,56.859926296878776,3.0711318733439588,-6.685870584950711,80,-0.017126739025115967,-0.0793939158320427,1.298102617263794,-4.240820407867432,3.764284133911133,-0.9273489713668823,3.3711967510516307e-05,286.1248379834914,0.0
5.093,56.982243645863434,3.4234641850895273,-1.4650969357963695,80,-0.0782879963517189,-0.01661881059408188,1.1990653276443481,0.40785953402519226,39.89320755004883,35.20256042480469,2.961293755111631e-05,286.1248379834914,0.0
5.143,57.63698879406769,1.7438332432629213,-2.160283772714695,80,-0.054488491266965866,-0.07173027843236923,1.0758178234100342,-59.10338592529297,-5.885173797607422,2.2176930904388428,2.6991459070149905e-05,286.1248379834914,0.0
5.193,57.93950928763438,1.4645720133058249,-3.2532957226766923,80,-0.020871955901384354,-0.08495641499757767,1.0785082578659058,-13.750514030456543,13.405376434326172,12.171284675598145,2.3438632736337363e-05,286.1248379834914,0.0
5.243,57.95687817702004,0.05196797633829635,-4.426362536991328,80,0.0019641369581222534,-0.11159495264291763,0.7880655527114868,-28.72029685974121,-17.1955623626709,-10.952925682067871,2.1356130071627484e-05,286.1248379834914,0.0
5.293,57.64967687473814,0.6229666221844964,-2.682321525475632,80,-0.03569239750504494,0.03218235448002815,0.8659054040908813,35.27947998046875,41.813873291015625,16.84511375427246,1.8627393925738535e-05,286.1248379834914,0.0
5.344,58.371622049698786,2.0485174891147047,-2.2699075176476398,80,-0.0038803976494818926,-0.0736333504319191,0.8165695071220398,31.654462814331055,-1.928209662437439,-2.5783729553222656,0.0004611271766219516,286.1248379834914,0.0
5.394,58.18469741331356,2.673435150004844,0.22039812458175892,80,-0.05759275332093239,0.0025247440207749605,0.7497334480285645,9.176061630249023,-13.890649795532227,-0.851012647151947,0.002091612020693138,286.1248379834914,0.0
5.444,57.8023036706697,3.0343860376343965,-2.130521513103994,80,-0.06924475729465485,-0.04971209913492203,0.8896876573562622,-0.08822999894618988,-19.965478897094727,-16.799392700195312,0.0036794728043454293,286.1248379834914,0.0
5.495,57.561593811118776,3.8487560751313916,-2.0486328278118178,80,-0.07574084401130676,-0.06213151663541794,1.0626996755599976,4.665637969970703,-3.392277479171753,-2.686452627182007,0.004653302310970313,286.1248379834914,0.0
5.545,57.39570143325132,3.9902841669561293,-1.6299144765075038,80,-0.06608989089727402,-0.010356527753174305,1.0559184551239014,-4.359171390533447,-10.018787384033203,-6.6432929039001465,0.005217646511659842,286.1248379834914,0.0
5.595,57.36523532740875,3.4601164033166643,-1.4728462220451444,80,-0.045035507529973984,-0.02791079506278038,1.0676566362380981,2.518599510192871,20.058185577392578,4.9010467529296875,0.006005240261794341,288.6651066758431,0.0
5.646,57.403256351258555,2.891472368079365,-1.229214768483466,80,-0.04512845352292061,0.006352249067276716,0.9576575756072998,-8.56114673614502,-2.642134189605713,-0.7506284117698669,0.0069903417275471585,288.6651066758431,0.0
5.696,57.44593836840165,2.353866328868592,-1.0831985417251706,80,-0.027858881279826164,-0.03737465292215347,0.9513882994651794,-0.467663437128067,0.4659963846206665,-0.2191028743982315,0.008456684531382522,288.6651066758431,0.0
5.747,57.43130754808189,2.0360184630859455,-1.4069853335963916,80,-0.03867034986615181,-0.053492844104766846,0.9433213472366333,-0.590870201587677,-4.9419965744018555,0.9549258947372437,0.009665558469164788,288.6651066758431,0.0
5.797,57.357171227722745,2.20871169731335,-2.4121140340584395,80,-0.046591661870479584,-0.05396819859743118,0.9947988390922546,6.733275413513184,0.6887497901916504,-3.4465627670288086,0.010249199969109331,288.6651066758431,0.0
5.848,57.29649910714314,2.6820184919545977,-1.7767201446382241,80,-0.05545872822403908,-0.03182495757937431,1.077946424484253,-1.8192250728607178,5.5834527015686035,-1.8731918334960938,0.010109528919524435,288.6651066758431,0.0
5.898,57.20616905048782,2.8638157778126865,-1.6979818984675763,80,-0.05931819602847099,-0.02810986340045929,1.0061848163604736,-3.9254066944122314,0.058733291923999786,-1.7346221208572388,0.0097778858155019,288.6651066758431,0.0
5.948,57.179161998774674,2.7207613721997124,-1.1556204943166628,80,-0.03758257254958153,-0.01166212372481823,1.0263128280639648,0.07966642826795578,5.0830888748168945,0.6301282644271851,0.009349843709373437,288.6651066758431,0.0
5.999,57.22554679909143,2.8002510746789655,-1.3136871369331078,80,-0.06415359675884247,-0.0345989353954792,1.052025318145752,-1.914522647857666,4.602845191955566,2.337193012237549,0.009387382072021807,288.6651066758431,0.0
6.049,57.20549936256019,4.224923051207724,-1.6785814937760777,80,-0.11543802171945572,-0.031592946499586105,1.2893394231796265,-0.34329479932785034,-9.072361946105957,-1.718477725982666,0.009621702102357478,288.6651066758431,0.0
6.099,57.07641344196927,3.934454145191837,-2.5471583093924695,80,-0.05796283483505249,-0.02101164124906063,1.348127841949463,-1.3387391567230225,-8.313433647155762,0.6859428882598877,0.009928138861053584,285.2879880288396,0.0
6.15,57.31057550531356,1.8793316275184357,-1.9813999556152397,80,0.0221713799983263,-0.029970807954669,1.0279163122177124,-6.814303874969482,5.537728786468506,8.977948188781738,0.011716986555689902,285.2879880288396,0.0
6.2,57.450476624893334,-0.6992383571015465,-1.7452420132356503,80,0.06861582398414612,-0.019715651869773865,1.0701532363891602,-22.99178695678711,-20.77634048461914,-1.7129325866699219,0.013450475186923553,285.2879880288396,0.0
6.251,57.48096580361413,-2.480737864528005,-1.9989325610322817,80,0.06352472305297852,-0.04922880604863167,0.8861029148101807,-16.766937255859375,-17.479001998901367,-2.1314432621002197,0.017926402910234725,285.2879880288396,0.0
6.301,57.494655258226345,-2.675661884656866,-2.592439899352602,80,0.03454962372779846,-0.055648379027843475,0.7655288577079773,-9.331928253173828,-7.204024314880371,-0.921313464641571,0.02237071560551062,285.2879880288396,0.0
6.352,57.54037471303015,-0.890639013912978,-2.4382907586029976,80,0.00027517403941601515,-0.04196162894368172,0.6239476799964905,14.170302391052246,8.69588851928711,6.160883903503418,0.0295743134638771,285.2879880288396,0.0
6.402,57.61012517767245,0.1631600636039306,-2.870855795208807,80,-0.01977112516760826,-0.05019015446305275,0.8523330688476562,28.36330795288086,14.451986312866211,1.0278222560882568,0.036594680918668326,285.2879880288396,0.0
6.453,57.69899645300096,1.5007186955691343,-3.9533668585598205,80,-0.033934734761714935,-0.12320272624492645,0.9746121168136597,14.950718879699707,4.069155216217041,-0.6554454565048218,0.04134464091676803,285.2879880288396,0.0
6.503,57.52002601590267,2.44323809098666,-3.6168469852271703,80,-0.053036827594041824,-0.020173722878098488,1.0216273069381714,13.421292304992676,6.484574794769287,0.4170975983142853,0.04791562837385106,285.2879880288396,0.0
6.553,57.63466404255806,2.6679892251637445,-3.319555935506519,80,-0.03002936765551567,-0.09381620585918427,1.0387665033340454,8.181748390197754,7.442281246185303,2.0523900985717773,0.05162367879017159,285.2879880288396,0.0
6.603,57.64686851777248,2.2225794796883784,-2.2057419902496944,80,-0.03284203261137009,-0.022268014028668404,1.0261116027832031,-0.4339384138584137,4.261972427368164,3.9124958515167236,0.05651533626496046,285.2879880288396,0.0
6.654,57.74251500345092,2.2083356247090284,-2.237296950355094,80,-0.04425615817308426,-0.05046258121728897,1.027668833732605,3.033695697784424,4.762455940246582,0.07816331833600998,0.05987817540891083,284.05146959230666,0.0
6.704,57.786202680255634,2.4762557589236276,-1.5496083667846383,80,-0.05053076893091202,-0.005940396338701248,1.0398907661437988,-4.597230911254883,2.617046594619751,4.614319324493408,0.06476636820501347,284.05146959230666,0.0
6.754,57.8856153128061,2.3078496411534037,-2.4214216213520188,80,-0.0342596136033535,-0.04890589043498039,0.9826934337615967,-3.200819969177246,1.8081923723220825,-0.915022611618042,0.06861181810343271,284.05146959230666,0.0
6.805,58.00791377570657,2.260540751817046,-1.1936618068374638,80,-0.045672912150621414,-0.022921722382307053,1.0247845649719238,-6.707852363586426,0.41874009370803833,6.4796528816223145,0.07434116976377375,284.05146959230666,0.0
6.855,58.248559727582105,2.53010524537412,-1.9720984120917262,80,-0.045792244374752045,-0.0615336075425148,1.0753684043884277,9.514873504638672,11.34448528289795,5.8564348220825195,0.07794664440575921,284.05146959230666,0.0
6.905,58.68218775443857,3.815494569395576,-1.5516936993149262,80,-0.08136657625436783,-0.0475383922457695,1.2301911115646362,20.848726272583008,30.983234405517578,20.156251907348633,0.08336967869153064,284.05146959230666,0.0
6.955,59.30345195237587,4.5611356997974415,-0.455000698990009,80,-0.07112757861614227,-0.028559936210513115,1.2445988655090332,-2.125849723815918,-5.227923393249512,8.245854377746582,0.08742581992033692,284.05146959230666,0.0
7.006,59.590816326408955,3.4422488110399474,0.8346950710978216,80,-0.026470106095075607,0.03076082468032837,1.006688117980957,-6.720841407775879,16.344358444213867,14.858406066894531,0.09458890688434674,284.05146959230666,0.0
7.056,59.80098840779372,2.2282668911468417,1.646109313314747,80,-0.028118224814534187,0.07145781069993973,1.0758202075958252,-15.985557556152344,5.727610111236572,3.860356092453003,0.09984378800363156,284.05146959230666,0.0
7.107,60.06151997448806,0.8071247898203502,2.28912407832781,80,0.011698046699166298,0.03475242853164673,0.8804265856742859,-27.159801483154297,-1.6142480373382568,6.145849704742432,0.10938969924452291,284.05146959230666,0.0
7.157,60.11525532335654,-1.4753259709227229,1.5420212898671382,80,0.06408382952213287,-0.00020598471746779978,0.710898220539093,-18.330463409423828,-11.567241668701172,-3.3728392124176025,0.11665607795230439,284.05146959230666,0.0
7.208,60.08507467699313,-2.7978207377940563,0.7637680750473763,80,0.06864266842603683,-0.00555584067478776,0.6639077067375183,6.5559234619140625,1.1027151346206665,-1.035425066947937,0.12853531025871462,282.007933839844,0.0
7.258,59.95180733645991,-1.262154149841155,-0.9142868353332692,80,-0.027377856895327568,-0.02827649936079979,0.8942441344261169,22.412561416625977,7.134681224822998,-7.647404670715332,0.13632947306948798,282.007933839844,0.0
7.309,59.6598282878721,1.8707827237453745,-0.30497445902157283,80,-0.09396502375602722,0.006954476237297058,1.0383460521697998,12.088101387023926,4.1053996086120605,-6.875567436218262,0.14680716349610315,282.007933839844,0.0
7.359,59.42763142902326,3.3259720335645517,0.7712856922353647,80,-0.06315641105175018,0.029331546276807785,1.0504053831100464,-0.06062006577849388,-4.11149787902832,-5.146051406860352,0.15281729922535708,282.007933839844,0.0
7.41,59.26280843364657,2.343170013087671,0.8838426094236326,80,-0.009757695719599724,0.023478489369153976,1.0102390050888062,3.7053873538970947,-0.8890399932861328,-3.4615321159362793,0.1602655702616184,282.007933839844,0.0
7.46,59.177265280774925,1.5125123895793893,1.4833046337246676,80,-0.0158233642578125,0.03737198933959007,1.0466641187667847,-0.4137274920940399,0.804042398929596,-1.216428279876709,0.16446474513272102,282.007933839844,0.0
7.51,59.185244032032095,1.7269042141299402,1.4943868749099616,80,-0.04599597305059433,0.005700528156012297,1.0304676294326782,-2.9507100582122803,-1.3838711977005005,1.3029676675796509,0.1695743544593951,282.007933839844,0.0
7.561,59.15275477816186,1.703929697942561,1.1972161166721844,80,-0.030457602813839912,0.027555014938116074,0.994136393070221,-3.455841302871704,-3.700477361679077,-1.960781455039978,0.1727671056742926,282.007933839844,0.0
7.611,59.18172389288397,1.925900091252504,0.7768300555210844,80,-0.03674501180648804,-0.01756102778017521,1.0056527853012085,-1.5225281715393066,-0.22835542261600494,-0.2215561419725418,0.1773650717339858,282.007933839844,0.0
7.661,59.14271385658158,1.7832781168260172,0.1752690235718736,80,-0.028846777975559235,0.005714297294616699,1.0009737014770508,-4.076074123382568,-5.943892478942871,-1.8868597745895386,0.1826641816539502,282.007933839844,0.0
7.712,59.21597339221772,1.9581920778523014,0.1386544556935252,80,-0.04097868502140045,-0.021283429116010666,1.0209442377090454,-0.4703429043292999,-1.7409489154815674,3.5528523921966553,0.18623612436286882,286.496174863388,0.0
7.762,59.192920918450085,2.6620087201458156,0.10943905488739236,80,-0.06981191784143448,0.012047472409904003,1.147992491722107,0.6886194944381714,-2.277034282684326,0.6255007386207581,0.1909378798235246,286.496174863388,0.0
7.813,59.42646353504394,3.054209014240025,1.1575982211405207,80,-0.05397506058216095,0.040875595062971115,1.2042325735092163,-13.003474235534668,-12.74515438079834,9.419211387634277,0.19393593355186087,286.496174863388,0.0
7.863,59.669544523720916,0.9814092757990222,-0.7865987140534669,80,0.03499089553952217,-0.04653862118721008,1.0562784671783447,-25.681516647338867,-24.42267417907715,2.4492197036743164,0.19875188405092412,286.496174863388,0.0
7.913,59.84084922126506,-1.7977866977387438,-0.9551813222336552,80,0.08797149360179901,0.0011976850219070911,0.9732227921485901,-10.080025672912598,3.5007288455963135,9.447003364562988,0.20266569912132062,286.496174863388,0.0
7.964,60.005255543276675,-3.185532812742187,-2.121483331639443,80,0.08050554245710373,-0.029324159026145935,1.0064138174057007,-8.77121353149414,12.461450576782227,-2.6274609565734863,0.21007270674738615,286.496174863388,0.0
8.014,60.01682926438884,-4.057727480741121,-0.14085334581213751,80,0.08536262065172195,0.027489811182022095,0.9541775584220886,-2.9795093536376953,5.512936115264893,4.00355863571167,0.21507070392830904,286.496174863388,0.0
8.064,60.22108427850849,-4.060460857178852,0.9333954690611282,80,0.06224733591079712,-0.006240926217287779,0.8938903212547302,-2.522543430328369,1.4620370864868164,6.817493915557861,0.2241644531043555,286.496174863388,0.0
8.115,60.35953709324567,-3.1752241847554603,-0.41604103929748726,80,0.05127861350774765,-0.05399712920188904,0.8181778192520142,18.092281341552734,6.12042760848999,-0.0019043654901906848,0.2305606284815284,286.496174863388,0.0
8.166,60.55468078270014,-1.2097139471927982,2.5628480257435275,80,-0.030280642211437225,0.051869094371795654,0.8584542870521545,19.781278610229492,14.209941864013672,19.82210350036621,0.2399782461468423,286.496174863388,0.0
8.216,60.97187800715001,1.0109446479873352,2.322316538424082,80,-0.06560906767845154,0.04925071448087692,0.9858691096305847,13.563989639282227,-1.9604452848434448,7.003713130950928,0.24607367638378466,286.496174863388,0.0
8.267,61.57198183781447,3.7915026730607635,1.539251639949137,80,-0.11910248547792435,-0.04046805202960968,1.0200399160385132,12.760616302490234,5.85496187210083,21.655324935913086,0.25442134108727954,285.9102931152011,0.0
8.317,61.731105878554054,3.927611819417813,-2.933729277232085,80,-0.04400517791509628,-0.09759661555290222,0.9061324000358582,4.046292304992676,-4.718827724456787,-5.257424831390381,0.2594248737156386,285.9102931152011,0.0
8.367,61.65284325816638,3.528020575531316,-3.1179861386483254,80,-0.059855345636606216,-0.06845124810934067,0.9682960510253906,4.188750743865967,4.5026774406433105,1.2951831817626953,0.2678268421613222,285.9102931152011,0.0
8.417,61.66038455042106,3.435227630291222,-2.385058708314835,80,-0.04679686948657036,0.02198469452559948,0.9709842801094055,5.76450777053833,6.810369968414307,-1.7854751348495483,0.27608767191610145,285.9102931152011,0.0
8.468,61.66516385121111,3.1512147406650874,0.40331327814986434,80,-0.044474270194768906,0.03766794130206108,1.0185585021972656,8.876967430114746,11.381386756896973,1.0868343114852905,0.284162676490908,285.9102931152011,0.0
8.518,61.69061311911026,2.938993470264734,2.7335412490716386,80,-0.047160468995571136,0.07306551933288574,1.0590707063674927,-1.5593923330307007,3.840855360031128,3.2109158039093018,0.2950156677841387,285.9102931152011,0.0
8.568,61.732489750481214,2.3790348149519747,2.786150902326117,80,-0.020751142874360085,0.06104915589094162,0.9985143542289734,-9.909296989440918,-1.4029970169067383,-2.2863833904266357,0.31043964534148144,285.9102931152011,0.0
8.619,61.860387970547606,1.2391332739807335,3.9917224172577885,80,0.003889156272634864,0.05330807715654373,0.9156264066696167,-0.3218044638633728,-0.5536373257637024,11.25513744354248,0.3199990343723491,285.9102931152011,0.0
8.67,61.99034242931202,0.5024403455995704,2.9182817223303026,80,0.009262031875550747,0.047817446291446686,0.9445932507514954,-0.20754042267799377,-10.685748100280762,-0.3080253601074219,0.3329559755403694,285.9102931152011,0.0
8.72,61.986998777295945,0.2632594313174403,0.8642188629588267,80,0.004475228954106569,-0.01003116276115179,1.0110974311828613,-0.7134760022163391,-7.417203426361084,-4.8557891845703125,0.3439929037325824,285.9102931152011,0.0
8.77,61.841046950050064,1.0258068462754064,-0.19543657454773486,80,-0.03354374319314957,-0.007844892330467701,1.049357533454895,-1.5669634342193604,-3.580418348312378,-5.167472839355469,0.3506641427248159,285.9102931152011,0.0
8.82,61.70220978317508,1.4769421161149443,0.37312738412668445,80,-0.03417840972542763,0.01699204370379448,1.0198180675506592,-3.8348872661590576,-6.022003650665283,-0.44530588388442993,0.3593933266292136,282.5969545883304,0.0
8.871,61.56854049514833,1.1850345262150987,0.35854742547918456,80,-0.022241678088903427,0.029143797233700752,0.9895076155662537,-6.706256866455078,-8.41160774230957,-6.292860984802246,0.3646730409861277,282.5969545883304,0.0
8.921,61.57771671085126,1.6074165892270644,0.9789279312357895,80,-0.03979166969656944,0.017316943034529686,0.9932968020439148,0.9287101030349731,2.396796941757202,2.3380203247070312,0.3677046749277014,282.5969545883304,0.0
8.972,61.501788671193495,1.7526109795024476,0.769945794447947,80,-0.03544372320175171,0.0494968481361866,1.0027859210968018,-3.890350103378296,-0.4504624605178833,-5.701494216918945,0.37448982417987225,282.5969545883304,0.0
9.022,61.45556510558453,1.725740545967131,1.686362391681919,80,-0.021305562928318977,0.049496158957481384,0.9799615740776062,-0.06279782205820084,0.43244561553001404,-0.2919653058052063,0.38018734070136895,282.5969545883304,0.0
9.073,61.55816325832974,1.774960279165226,1.8958949400404068,80,-0.024929391220211983,0.0046507613733410835,0.9885163307189941,0.10280657559633255,-3.6959476470947266,6.9788970947265625,0.3835959824431597,282.5969545883304,0.0
9.123,61.76131507400245,1.4364882026056696,0.8455399519958738,80,-0.027308272197842598,0.0002046245790552348,0.9963887333869934,1.1014139652252197,-7.401930809020996,7.317018032073975,0.38813648415956997,282.5969545883304,0.0
9.173,61.974333341976035,1.0943193193585679,-1.7121523788050204,80,-0.0038286447525024414,-0.07437152415513992,1.0084800720214844,1.0282093286514282,0.6236861944198608,0.12772896885871887,0.3910158787415353,282.5969545883304,0.0
9.223,61.933425633403786,0.9114990143445106,-1.7462806071586687,80,-0.009758569300174713,-0.016878245398402214,0.9803624153137207,0.1380009651184082,1.3805263042449951,-2.3311080932617188,0.3950672918879202,282.5969545883304,0.0
9.274,61.96705050317591,1.3649670907489206,-0.27975975994397967,80,-0.03369886800646782,0.005248622037470341,0.9813608527183533,4.668260097503662,3.883446216583252,2.7994494438171387,0.39743531739086385,282.5969545883304,0.0
9.324,62.0430812266158,1.6884450606372452,0.27285733053539923,80,-0.03570954129099846,0.013717995025217533,1.0182905197143555,-1.220921516418457,2.077803611755371,1.5146467685699463,0.4002662712754506,282.5969545883304,0.0
9.374,62.076529143184715,1.4404974858708826,0.028392619482367043,80,-0.010794120840728283,0.006325673311948776,0.9803686141967773,-0.12282320857048035,4.620389461517334,-2.060476303100586,0.40216802053750694,282.21665993809717,0.0
9.425,62.01364968584906,1.4879192845393183,0.648559581990197,80,-0.03548391908407211,0.015079307369887829,0.9745650291442871,2.5848793983459473,2.2639553546905518,-0.3247685432434082,0.40547062909200127,282.21665993809717,0.0
9.475,61.95124404627176,1.4355303115953468,0.9175511387129466,80,-0.020244956016540527,0.03608899563550949,0.9521559476852417,3.019827365875244,-1.943334937095642,-2.052992343902588,0.4074453032728619,282.21665993809717,0.0
9.525,61.976495742363596,1.6409562201260899,0.9328887847470668,80,-0.02904083952307701,-0.002198518719524145,0.9598843455314636,5.650357246398926,-2.269148349761963,0.5552643537521362,0.4104005000885034,282.21665993809717,0.0
9.576,61.923642568197955,1.950832593457394,0.4129477807273022,80,-0.03568011149764061,0.004880640655755997,0.996160089969635,6.519473075866699,-2.7330191135406494,-1.1431410312652588,0.4118994021276556,282.21665993809717,0.0
9.626,61.84964160728652,2.5238799627816872,-0.010525769199076392,80,-0.05929561331868172,-0.0038923192769289017,1.0469111204147339,3.0439131259918213,-0.3335980176925659,-2.7205166816711426,0.41323808666037354,282.21665993809717,0.0
9.677,61.798136820858765,2.9082784883657604,-0.0930923681986924,80,-0.05226201191544533,-0.012910796329379082,1.0426312685012817,-0.028699254617094994,-0.4543989300727844,0.0029801959171891212,0.41372672674440836,282.21665993809717,0.0
9.727,61.69533541880962,2.4538962867277694,-0.19118057358322305,80,-0.03318307548761368,0.010647352784872055,1.0269418954849243,-4.74951171875,-3.476794719696045,-3.59710693359375,0.4130934855500244,282.21665993809717,0.0
9.777,61.739073727905954,1.9130527337737153,0.044958580691541496,80,-0.023666108027100563,-0.020281115546822548,0.9773679971694946,0.1482824981212616,0.0788983553647995,1.269175410270691,0.4135482107760701,282.21665993809717,0.0
9.828,61.70134038127582,2.1763155159651886,-0.33857235758553234,80,-0.053813450038433075,-0.012018115259706974,1.0166099071502686,-2.021350622177124,0.1282462179660797,-0.679547131061554,0.4144919358469113,282.21665993809717,0.0
9.878,61.66004360039444,2.290522326398436,-0.10879630843610931,80,-0.04391966760158539,0.0018033527303487062,0.9643349051475525,-0.5236312747001648,0.6507067084312439,0.083949014544487,0.41599640962982987,283.0355624536069,0.0
9.929,61.617064132207084,2.5910913002291607,-0.39059490033028604,80,-0.05600721016526222,0.0003291959874331951,1.007120966911316,1.4569450616836548,2.0860037803649902,-1.95317804813385,0.4172778700072858,283.0355624536069,0.0
9.979,61.60256637819998,2.3935514435885645,0.5180953885612717,80,-0.033369030803442,0.029299743473529816,0.9794479012489319,0.3913382589817047,-3.710047960281372,1.6284494400024414,0.41803030169184535,283.0355624536069,0.0
10.029,61.68610676818234,1.9343143016069835,0.33641993423200495,80,-0.023890772834420204,0.0029815665911883116,1.0110689401626587,1.5704586505889893,0.07885491102933884,1.0616037845611572,0.4192041730765659,283.0355624536069,0.0
10.08,61.73048045565647,2.0411316531086077,0.40935659180135675,80,-0.029209785163402557,-0.009020736441016197,1.0185726881027222,-1.1800317764282227,0.7407827973365784,2.740293025970459,0.42038348741229353,283.0355624536069,0.0
10.13,61.810862239488486,2.3241119985861394,0.7251195508021261,80,-0.05591810122132301,-0.022865183651447296,1.0101561546325684,-1.3694578409194946,-1.6314266920089722,4.501348495483398,0.4207489803835626,283.0355624536069,0.0
10.18,61.75190929921088,2.2801772878696376,-0.15936341294383644,80,-0.046952445060014725,0.01119067333638668,1.001348853111267,-4.650625705718994,-4.4247727394104,-3.1807873249053955,0.42132617761279423,283.0355624536069,0.0
10.231,61.735131594371396,2.0514253959069912,-1.0825922181466576,80,-0.027587706223130226,-0.046456072479486465,0.953549325466156,-0.4418613910675049,-1.0209394693374634,-1.9282246828079224,0.4224344368196839,283.0355624536069,0.0
10.281,61.63946897719301,1.8486341470099354,-1.0381889779729776,80,-0.02202092669904232,-0.01050338614732027,0.9748615622520447,1.3623536825180054,0.10257482528686523,-1.8324836492538452,0.4232649873104084,283.0355624536069,0.0
10.331,61.6097462813759,1.8762762975231124,-0.30472222226085754,80,-0.03399983420968056,-0.0015134417917579412,0.9872110486030579,3.041557550430298,-1.3383657932281494,-0.8668685555458069,0.4236189963547097,283.0355624536069,0.0
10.382,61.60030499030541,2.359776342164959,0.1066356702454676,80,-0.05246145278215408,0.005190810188651085,1.028154730796814,0.8719078302383423,-3.927255153656006,2.2286276817321777,0.42285741845433594,283.0355624536069,0.0
10.432,61.651988440875364,2.4833941739822545,-0.6943516783794821,80,-0.045180123299360275,-0.03675112873315811,1.0322991609573364,-1.2971484661102295,-2.1451284885406494,0.36656084656715393,0.42277443936207953,276.97972660635276,0.0
10.483,61.65656121680556,2.2220546838969595,-1.3159183354262998,80,-0.02804059162735939,-0.03183211013674736,1.0028868913650513,-3.7943971157073975,-2.0024166107177734,-0.44338780641555786,0.42275992220175534,276.97972660635276,0.0
10.533,61.6188155194838,1.701399093560675,-1.6029909513361364,80,-0.02080235630273819,-0.02847079187631607,0.9801845550537109,-0.9683753252029419,0.03738870844244957,-1.7800215482711792,0.42224473967285064,276.97972660635276,0.0
10.583,61.56853445310241,1.8835673148698755,-1.715841218145538,80,-0.03568525239825249,-0.04360230267047882,0.9781989455223083,-0.9100629687309265,-0.6400349736213684,-1.7912992238998413,0.42208256686892814,276.97972660635276,0.0
10.633,61.45066008392005,1.7645507638717035,-1.252203462502959,80,-0.02424752153456211,-0.00030523494933731854,0.9684091210365295,0.9772354364395142,-1.3957687616348267,-1.8645035028457642,0.4220746417815306,276.97972660635276,0.0
10.684,61.425388697807136,1.6330490729238025,-0.7930351089859623,80,-0.03235780820250511,5.813066763948882e-06,0.9905679225921631,3.820702075958252,-0.6434112787246704,-0.5802783966064453,0.42185092263526863,276.97972660635276,0.0
10.735,61.44373685849832,2.060580041236042,-1.07841124725694,80,-0.04103974997997284,-0.0311360452324152,1.0120415687561035,2.848022222518921,0.8731893301010132,-0.4799667000770569,0.42172166003078426,276.97972660635276,0.0
10.785,61.41563623165951,2.4306750868302407,-0.9561830941780911,80,-0.0530545599758625,-0.013268598355352879,1.0141187906265259,1.7887368202209473,1.6286481618881226,0.28125521540641785,0.4214417431968955,276.97972660635276,0.0
10.836,61.38641920687026,2.3818492173730093,-0.9696880096452544,80,-0.04444710537791252,-0.012028475292026997,0.9978742599487305,0.5413575768470764,-0.44452691078186035,-0.6726834177970886,0.42113193607193566,276.97972660635276,0.0
10.886,61.38172676468422,2.523218509656323,-1.330955915430412,80,-0.044239483773708344,-0.029164884239435196,1.017948031425476,0.3255504071712494,0.7644149661064148,-1.398806095123291,0.42088963899700954,276.97972660635276,0.0
10.936,61.36780723969853,2.5732101663518154,-1.151618223473123,80,-0.042011648416519165,-0.031162362545728683,1.0117464065551758,-1.9401652812957764,-0.5424447059631348,-1.120849609375,0.41955272803195576,276.97972660635276,0.0
10.988,61.31699725838784,2.35238081060185,-1.0466944224294406,80,-0.03687015920877457,0.0012737748911604285,0.9981063604354858,-2.9257495403289795,-2.9572818279266357,-1.1105507612228394,0.4163845292497726,285.61824991487913,0.0
11.038,61.27717065596429,2.2242920523774012,-0.8433204636005037,80,-0.04130746051669121,-0.005317707546055317,0.9721636176109314,-2.8475403785705566,-2.264069080352783,-2.683589458465576,0.4141316273287287,285.61824991487913,0.0
11.089,61.27735116527071,2.245274872298836,-0.3604515610699446,80,-0.035668693482875824,-0.007668742444366217,0.9747728109359741,1.4362043142318726,-0.17733681201934814,0.9176201224327087,0.4108695334190027,285.61824991487913,0.0
11.14,61.270138237200186,2.178761073304697,-1.6676632138407015,80,-0.027929170057177544,-0.07291363924741745,0.9887754321098328,1.6958415508270264,2.203616142272949,-2.1900370121002197,0.41132636136064676,285.61824991487913,0.0
11.19,61.14305705262065,2.0454277854997085,-0.836007713204058,80,-0.04270370677113533,0.02831491269171238,0.9979104399681091,3.035817861557007,5.134293556213379,0.42844629287719727,0.41217574946242086,285.61824991487913,0.0
11.24,61.18080199819808,2.045949989415663,-0.5622621718954818,80,-0.036907654255628586,-0.01373201422393322,0.9863044619560242,3.3841044902801514,3.9711780548095703,0.08517757058143616,0.41279008804773953,285.61824991487913,0.0
11.291,61.150794930110315,2.193906889989984,-0.9420531637840075,80,-0.03805980086326599,-0.02661054953932762,0.9780845642089844,2.2601451873779297,-0.6295881867408752,-2.8419911861419678,0.4141565152138672,285.61824991487913,0.0
11.341,61.13159496211459,2.476217715994424,-0.6513900419428079,80,-0.04964002966880798,-0.01466483436524868,1.0165778398513794,-1.3237495422363281,-2.348205327987671,0.4912640452384949,0.41624994553198336,285.61824991487913,0.0
11.392,61.07901393270802,2.6625154337788857,-1.2859037912615772,80,-0.058186888694763184,-0.02397063374519348,1.0261574983596802,-2.729405164718628,-3.1926333904266357,-1.0863195657730103,0.41714644668062806,285.61824991487913,0.0
11.442,61.03384499977382,2.447772244124957,-1.5105544773182302,80,-0.029553670436143875,-0.031227421015501022,0.9771994352340698,-3.9280192852020264,-5.20969295501709,-4.003963947296143,0.4179210216382219,285.61824991487913,0.0
11.493,60.94114349561898,2.342645081658111,-0.5745283569969406,80,-0.04474303871393204,0.004061556421220303,0.9894436001777649,-1.0746911764144897,-1.5425238609313965,0.36664050817489624,0.4180820530645499,293.00062871114216,0.0
11.543,60.95806607659307,2.3557099342467027,-0.4692996527743772,80,-0.04380165413022041,0.0005835462361574173,1.0085138082504272,-1.659964919090271,-2.290376901626587,-0.6575700640678406,0.41809158244532946,293.00062871114216,0.0
11.593,61.00528616302123,2.3307160992910934,-0.23840137600765546,80,-0.04715297371149063,-0.012667842209339142,0.9897347092628479,0.33199459314346313,-1.6507906913757324,1.749931812286377,0.4182299609986344,293.00062871114216,0.0
11.644,61.05959701801045,2.5614573465401653,-1.0325313145493848,80,-0.04593074694275856,-0.036183517426252365,0.9949105978012085,-0.9095435738563538,-4.906213760375977,1.196418285369873,0.4181670014089617,293.00062871114216,0.0
11.694,61.06056779123699,2.271996520167145,-1.9618478177136336,80,-0.02714368887245655,-0.04389363154768944,0.9873740673065186,0.05813289061188698,-0.5009139776229858,-1.4317505359649658,0.41627486533043706,293.00062871114216,0.0
11.744,61.05531403323943,2.148067223278743,-1.8925742372072383,80,-0.0386500209569931,-0.03874467313289642,0.9981598258018494,1.0461914539337158,0.1342190057039261,0.2619211673736572,0.4135005681482928,293.00062871114216,0.0
11.795,61.02779708742254,2.1265956245276696,-2.0187228821245418,80,-0.036539722234010696,-0.02691686525940895,0.9949390888214111,-1.1266156435012817,-2.538456916809082,-1.1069141626358032,0.4113510049358969,293.00062871114216,0.0
11.845,60.97296918974854,2.0424291214158585,-2.395064360672234,80,-0.03264595568180084,-0.05740857124328613,1.0006115436553955,-0.3805058002471924,-3.0895214080810547,-2.4700284004211426,0.40876232190440914,293.00062871114216,0.0
11.895,60.888636942025634,1.9748096239290853,-2.6296167792454064,80,-0.03294806182384491,-0.04720509424805641,0.9847649931907654,-1.7137789726257324,-5.7309746742248535,-2.5181119441986084,0.4068798073338423,293.00062871114216,0.0
11.945,60.72715662054837,1.9811737131777534,-2.84541211217906,80,-0.039820265024900436,-0.045619916170835495,1.007417917251587,-0.6495518684387207,-3.146817207336426,-5.501345634460449,0.40375621863563643,293.00062871114216,0.0
11.996,60.5599452598941,1.9924868316408986,-2.3009588360435624,80,-0.03278263658285141,-0.011927259154617786,0.9728766083717346,0.9392475485801697,-1.4188792705535889,-3.5722970962524414,0.40176919367798025,293.00062871114216,0.0
12.047,60.54096698183399,2.0576880821252552,-1.8487928508498706,80,-0.03368917107582092,-0.050245001912117004,0.9712273478507996,4.051855087280273,2.6635901927948,0.9031673669815063,0.39934017641849706,283.3989189189189,0.0
12.097,60.489458493508224,1.9407528498000997,-2.245466037129423,80,-0.03882429003715515,-0.029501087963581085,1.0028027296066284,1.6903889179229736,1.3187768459320068,-0.8573030233383179,0.39763112604796114,283.3989189189189,0.0
12.147,60.44000131693217,2.131880673526634,-2.3362376419379838,80,-0.0419229231774807,-0.03455379605293274,1.006439208984375,0.4540615379810333,1.0611965656280518,-1.310415267944336,0.3963906427186181,283.3989189189189,0.0
12.198,60.37415715722737,2.114185039563616,-2.193704091122307,80,-0.03565371781587601,-0.02740011177957058,1.005136489868164,0.1919640600681305,0.7475267052650452,-2.065117359161377,0.394048129286681,283.3989189189189,0.0
12.248,60.41812186287653,2.454867347832857,-1.8122913916974972,80,-0.055222444236278534,-0.03708597645163536,1.0223294496536255,-1.2944598197937012,0.20897366106510162,1.251907467842102,0.39238500090736217,283.3989189189189,0.0
12.3,60.445058050359,2.6262902812878544,-2.395037218334678,80,-0.04477544128894806,-0.06291869282722473,1.0110262632369995,-0.8319676518440247,4.085419654846191,0.6138998866081238,0.390850784025898,283.3989189189189,0.0
12.35,60.42813667857899,2.4145064128171896,-1.90058753353866,80,-0.04145077243447304,-0.011785327456891537,0.9950004816055298,-1.5601081848144531,2.223452091217041,1.1342636346817017,0.38838624609930295,283.3989189189189,0.0
12.4,60.436057166901264,2.2258467593900813,-1.8455356469816337,80,-0.0385429821908474,-0.028376391157507896,1.0048202276229858,-0.4671323299407959,1.7022780179977417,-0.3656633794307709,0.3866215485770653,283.3989189189189,0.0
12.451,60.45661671298752,2.3161833925233246,-1.624405288885437,80,-0.04082242771983147,-0.02627108432352543,0.9978036284446716,-0.7502148151397705,2.12624454498291,0.5677282810211182,0.3857433382273156,283.3989189189189,0.0
12.502,60.50090970445814,2.4820495841198036,-1.2492473136428506,80,-0.048150576651096344,-0.02647506445646286,1.0004512071609497,0.6045739650726318,4.076143264770508,1.8747621774673462,0.38514432372457114,283.3989189189189,0.0
12.553,60.521108902615076,2.555069908675932,-0.7322301303614859,80,-0.04976849630475044,-7.722272857790813e-05,1.0012754201889038,-1.9377896785736084,0.38967302441596985,2.674398899078369,0.38489823782062765,283.3989189189189,0.0
12.606,60.58894382045322,2.2380529809784133,-1.4456205644203168,80,-0.033714137971401215,-0.043052736669778824,1.0016930103302002,-2.897322416305542,-0.9311410188674927,0.41954320669174194,0.3858011784259116,284.61043631675375,0.0
12.656,60.5974952099345,1.7182979394236706,-1.7279427024107852,80,-0.02128581516444683,-0.03646883741021156,0.995607316493988,-3.744847536087036,0.8824383616447449,1.2085634469985962,0.3879288859114373,284.61043631675375,0.0
12.707,60.53600476630632,1.2499344907455396,-2.1058859274931616,80,-0.012250643223524094,-0.03900603950023651,1.0117573738098145,-10.820626258850098,0.4523196518421173,-2.2219865322113037,0.38855457811939376,284.61043631675375,0.0
12.757,60.449359750055926,0.6264479166471413,-2.2725809910723482,80,-0.012751271016895771,-0.026194831356406212,0.9860254526138306,-9.187349319458008,2.0076818466186523,-5.504708766937256,0.3875478387598719,284.61043631675375,0.0
12.808,60.398575433251,0.5016634433235694,-1.0751079213386578,80,-0.006391426548361778,0.005646113771945238,0.9766722917556763,-2.5950610637664795,6.235517501831055,-0.7002952098846436,0.3869116627633478,284.61043631675375,0.0
12.858,60.3718612291809,0.44842255477483356,-0.7357414230898642,80,-0.01018243283033371,-0.016801048070192337,1.003267765045166,-3.848151445388794,3.173447608947754,-0.649730920791626,0.38637148154686085,284.61043631675375,0.0
12.908,60.34576512506477,0.4311262897232854,-0.39175737372688585,80,-0.006665882188826799,0.016651282086968422,1.0009987354278564,-3.582756280899048,2.976532459259033,-0.6324237585067749,0.3852936470109175,284.61043631675375,0.0
12.958,60.42268226738236,0.31767114950201963,-0.23953007278390087,80,-0.004257471766322851,-0.012372219003736973,1.0125938653945923,0.2909528315067291,4.134444713592529,3.4652628898620605,0.38409283611837064,284.61043631675375,0.0
13.009,60.554396247326196,0.21200249290221035,-0.708521753440758,80,0.0022114317398518324,-0.0304440725594759,1.0126909017562866,-3.4325647354125977,0.6414204835891724,1.574450969696045,0.38355793863443666,284.61043631675375,0.0
13.059,60.57411763775961,0.09568799881486745,-0.6283759866091652,80,-0.000843765155877918,-0.015524170361459255,1.0017086267471313,-3.154784917831421,0.9125409126281738,1.537585973739624,0.38432559706007563,284.61043631675375,0.0
13.109,60.59811703961435,-0.06435542599589587,-0.5677025937771958,80,0.002540569519624114,-0.013435589149594307,0.9985195398330688,-2.365093469619751,1.6636556386947632,0.5431809425354004,0.38544456733818583,278.67277921732773,0.0
13.16,60.61079587915765,-0.32551399607471404,-0.13513635072027957,80,0.012205895967781544,0.0067565906792879105,0.9729030132293701,0.8117428421974182,2.264758825302124,1.311294436454773,0.3887541829314835,278.67277921732773,0.0
13.21,60.62562555751249,-0.30015720936349277,0.23156946392328714,80,-0.001877063070423901,0.02128102071583271,0.9896784424781799,1.371079444885254,0.26965245604515076,0.04510098695755005,0.38842391787952885,278.67277921732773,0.0
13.261,60.72109812154555,-0.1557465738309173,0.5710789362373403,80,0.007463350892066956,0.005518733058124781,0.9921929836273193,-1.4189128875732422,-2.7293152809143066,3.564066171646118,0.3876295200170621,278.67277921732773,0.0
13.311,60.772457817077765,-0.2531734155755259,-0.4120598362398316,80,0.006135396659374237,-0.014360780827701092,1.0120481252670288,-1.358156681060791,-1.1104767322540283,-0.680927574634552,0.3871042546338815,278.67277921732773,0.0
13.361,60.777485915454605,-0.19042893990837287,-0.4265704749476196,80,-0.00022831186652183533,-0.003704007714986801,1.0009413957595825,-1.5164556503295898,-0.5378211736679077,-0.3774063289165497,0.38803479279439873,278.67277921732773,0.0
13.412,60.84140898386855,-0.4094575494602449,-0.6119379375949701,80,0.017309565097093582,-0.03755791857838631,0.9904915690422058,-2.6574249267578125,-1.940123438835144,1.131606101989746,0.38904940506111424,278.67277921732773,0.0
13.462,60.857384551122834,-0.572051961035414,-0.7943497500810643,80,0.00764637952670455,-0.016322048380970955,0.9957887530326843,-1.7931873798370361,-1.2994437217712402,0.8959910273551941,0.39236901360846504,278.67277921732773,0.0
13.513,60.858191508677905,-0.6069687275696959,-1.19634739641142,80,0.013186866417527199,-0.025382788851857185,0.9928298592567444,-0.4041956961154938,-1.0228571891784668,-0.579396665096283,0.3944970715649498,278.67277921732773,0.0
13.563,60.8369637434867,-0.5792253668397492,-1.30930674430227,80,0.00912743341177702,-0.01782108284533024,0.9967858791351318,2.114259958267212,-1.5224640369415283,-0.5257688760757446,0.3975465234835346,278.67277921732773,0.0
13.613,60.792154004261334,-0.5252694708194089,-1.0840230857990942,80,0.007574245799332857,-0.0033651613630354404,0.9997755289077759,1.4785195589065552,2.0666041374206543,-2.168210744857788,0.39916746966586203,278.67277921732773,0.0
13.664,60.78349785600707,0.0031644410220207655,0.2895293766944843,80,-0.012094760313630104,0.018374884501099586,1.0096042156219482,-0.2750142812728882,0.09287737309932709,1.4826847314834595,0.40178748874001885,278.39532722686846,0.0
13.715,60.85587729913589,0.17093704726596018,0.5539923299599387,80,-0.00029284763149917126,-0.0023283851332962513,0.9970474243164062,-3.3155405521392822,-0.5606997609138489,3.8801000118255615,0.40395662050909914,278.39532722686846,0.0
13.765,60.956091123005116,-0.4261354871711838,-0.33267461326693015,80,0.01817428134381771,-0.02705833502113819,0.962774932384491,0.0031629863660782576,0.3434047996997833,2.1319985389709473,0.40529885253489867,278.39532722686846,0.0
13.815,60.96261281451942,-0.5180122885331397,-0.49678209435145354,80,0.007328601088374853,-0.00042842410039156675,0.9920364618301392,1.0026257038116455,0.9433744549751282,0.34390509128570557,0.4069687270457483,278.39532722686846,0.0
13.865,61.02535133948215,-0.4731212579511378,-0.7523762965600145,80,0.013724423944950104,-0.02994440123438835,1.0007243156433105,0.9713755249977112,-0.2316909283399582,1.4126145839691162,0.4089686393391512,278.39532722686846,0.0
13.916,61.051281035078006,-0.6243280561753692,-1.482306279235739,80,0.013448252342641354,-0.04685766249895096,1.006744384765625,-0.6206657886505127,-0.9255582094192505,-0.4664335250854492,0.40967238081712626,278.39532722686846,0.0
13.967,61.006896241516046,-0.5751268689000815,-1.5988915808487107,80,0.005281264428049326,-0.023860177025198936,1.0112628936767578,-1.8612031936645508,-0.3902524709701538,-1.9453293085098267,0.41089543223994773,278.39532722686846,0.0
14.017,60.963267856398026,-0.6429856116089538,-0.9249987350075762,80,0.015886638313531876,-0.003595553571358323,0.9798189997673035,-0.2612117826938629,0.9853162169456482,-0.4919006824493408,0.4096409166461176,278.39532722686846,0.0
14.067,60.93837390695157,-0.5139891080817814,-0.33608636851102003,80,0.0017120996490120888,0.016959281638264656,0.9960219860076904,0.45663148164749146,-0.14450109004974365,-0.5511808395385742,0.41074524106527777,278.39532722686846,0.0
14.118,60.95803500347895,-0.23584366702202347,-0.036633697264760554,80,0.002179008675739169,0.000906624598428607,0.9941046237945557,-0.5425087213516235,-1.1700862646102905,-0.7272242903709412,0.4124318984495347,278.39532722686846,0.0
14.168,60.98502292580065,-0.3288886074076687,0.3699724329667004,80,0.01331213116645813,0.012195690535008907,0.9807104468345642,0.47363629937171936,-1.3379961252212524,2.0044054985046387,0.4132092919251728,278.39532722686846,0.0
14.22,61.065892501887795,-0.4267206563964798,-0.3900132954475794,80,0.008522484451532364,-0.03624524176120758,1.009572982788086,0.0024646250531077385,-0.38504552841186523,1.099444031715393,0.41431410810902064,281.9700168067227,0.0
14.27,61.02295714571601,-0.5236958499902181,-0.9005555618667065,80,0.00924693513661623,0.008167487569153309,0.999994158744812,-1.7784035205841064,-0.5416510105133057,-1.8330821990966797,0.4148750742778928,281.9700168067227,0.0
14.32,61.08463648132628,-0.7549902331534137,-1.1056025317003795,80,0.02152150310575962,-0.05086876451969147,0.997774064540863,-0.5454801321029663,-0.5273518562316895,0.556161105632782,0.4139327085333942,281.9700168067227,0.0
14.37,61.061665229447655,-0.8438680957878283,-1.6366964898630363,80,0.009144273586571217,-0.030420323833823204,1.0046066045761108,-0.8321623802185059,-0.8521654605865479,-0.06707596778869629,0.41414006471822384,281.9700168067227,0.0
14.421,60.978209374986385,-0.8200230876397815,-1.4469624237034713,80,0.0091314185410738,-0.0042372215539216995,1.0085324048995972,-0.8469195365905762,0.5878881216049194,-2.7217304706573486,0.4154889831603816,281.9700168067227,0.0
14.471,60.94135349649683,-0.5062907160674855,-0.7139173043083128,80,-0.0014843855751678348,-0.007724863011389971,1.0089547634124756,-1.3517556190490723,0.7570366859436035,-0.2279108613729477,0.4162399546371879,281.9700168067227,0.0
14.521,60.93929152146368,-0.3209440352444416,-0.47578624343580744,80,0.001541369827464223,0.00806640088558197,1.002151608467102,-2.1024715900421143,0.6013411283493042,0.9037001729011536,0.4177295738252492,281.9700168067227,0.0
14.572,60.99089852174623,-0.4767622315311038,-0.170111937406353,80,0.013997922651469707,-0.014554109424352646,0.9709610939025879,-0.5754356384277344,0.009373960085213184,0.3792286515235901,0.41850554096545717,281.9700168067227,0.0
14.622,61.00646813065293,-0.6515620200789832,-0.020198497817021342,80,0.014630724675953388,0.002740338444709778,0.9866018295288086,1.3480435609817505,-1.8163927793502808,3.02457857131958,0.41930888397170557,281.9700168067227,0.0
14.672,61.04429356380908,-0.9383128159231188,-0.871333742448038,80,0.025462206453084946,-0.03111281991004944,1.0029168128967285,1.1881521940231323,-1.303315281867981,-0.6893873810768127,0.41982745273069394,281.9700168067227,0.0
14.723,61.03466780745616,-0.8746243141250082,-1.041011450385992,80,0.013857157900929451,-0.028853654861450195,1.0086185932159424,1.5099610090255737,0.27210983633995056,-0.5903308987617493,0.4197972249340618,281.9700168067227,0.0
14.773,60.98408260964967,-0.7110140930188478,-1.0798413268357505,80,0.009048308245837688,-0.012934080325067043,1.0001384019851685,1.1056748628616333,-0.19792580604553223,-0.6833888292312622,0.41987643232212774,287.6357152653957,0.0
14.823,60.97055871894237,-0.6067572290231281,-1.1267650035464796,80,0.008701404556632042,-0.023443259298801422,1.0020802021026611,1.3099030256271362,1.3111311197280884,-0.8288969397544861,0.41993829949665124,287.6357152653957,0.0
14.874,60.92614843950543,-0.3958355178355218,-0.72742501696585,80,-0.0029580050613731146,-0.006065831985324621,1.0093657970428467,-0.5647048950195312,-0.4572567641735077,0.3476982116699219,0.42016256425669585,287.6357152653957,0.0
14.925,60.931802242062716,-0.2708300076197653,-0.6401003012615315,80,0.010257763788104057,-0.014452330768108368,0.999608039855957,-0.2937564253807068,0.5919802188873291,0.21435663104057312,0.4190170143361711,287.6357152653957,0.0
14.975,60.9300371606318,-0.4108275826129633,-0.694296885042047,80,0.01591876521706581,-0.018258916214108467,0.9935619831085205,0.1173187792301178,0.8348827362060547,1.1284650564193726,0.41644808334496,287.6357152653957,0.0
15.026,60.93927538099781,-0.6643728837200472,-1.1308480077150522,80,0.017747225239872932,-0.040417347103357315,0.9970188736915588,1.6555087566375732,2.7151389122009277,0.7420548796653748,0.4129159159312505,287.6357152653957,0.0
15.076,60.9113784377516,-0.5561403272626326,-0.7780900111543254,80,0.003892521606758237,0.00040882546454668045,0.9987697005271912,0.9889434576034546,1.022620677947998,-0.36246228218078613,0.4100504146638957,287.6357152653957,0.0
15.126,60.92999717634029,-0.32580142554776476,-0.3802933105006976,80,-0.001242942875251174,-0.008478565141558647,1.0192872285842896,0.7716289758682251,1.508824110031128,2.0621843338012695,0.4094258536515475,287.6357152653957,0.0
15.177,60.94263604233184,-0.39427847210143846,-0.5679588718199339,80,0.008779148571193218,0.00010304604802513495,0.9770424365997314,-1.1752461194992065,-0.18746663630008698,-1.1287500858306885,0.41101468499428173,287.6357152653957,0.0
15.227,60.94277339492713,-0.5171379857656614,-0.47739042168174034,80,0.015124117024242878,-0.010785779915750027,0.9794607162475586,-0.7756528854370117,0.47628024220466614,-1.1450191736221313,0.41216837216918123,287.6357152653957,0.0
15.278,60.942118810704386,-0.3963624569828245,-0.3762636985552525,80,0.008586729876697063,-0.015025393106043339,0.9923774600028992,0.93639075756073,0.4785640835762024,-0.4073741137981415,0.41423014949269665,286.71160024608656,0.0
15.328,60.931828776026556,-0.30959191347797016,-0.37732495860844295,80,0.009533903561532497,-0.009204848669469357,1.003178596496582,0.673293948173523,0.6052048802375793,0.06751114875078201,0.4154270663878704,286.71160024608656,0.0
15.379,60.93345454064833,-0.2608414427192832,-0.294206514745703,80,0.002607431262731552,-0.007353723514825106,1.0219429731369019,-1.2082881927490234,0.5729004740715027,1.2468687295913696,0.41687113435621564,286.71160024608656,0.0
15.429,60.954564952158364,-0.3699102327866428,-0.1739605900382861,80,0.007442151661962271,-0.0006702668615616858,1.000257968902588,-1.9488067626953125,-1.0846595764160156,1.9200654029846191,0.4171609434534627,286.71160024608656,0.0
15.479,61.00190249610008,-0.5516910725306032,-0.8595995374965292,80,0.012675105594098568,-0.034755486994981766,1.0026025772094727,-0.5165302157402039,1.4706835746765137,1.0506576299667358,0.41797758052499384,286.71160024608656,0.0
15.53,60.98618277373092,-0.7111960125795328,-0.7092470655885513,80,0.013731623999774456,-0.0003211441799066961,0.9771707653999329,0.28867292404174805,1.522542119026184,0.8888323903083801,0.4188390660719675,286.71160024608656,0.0
15.58,60.99360979937657,-0.678773986665055,-0.3495040580202298,80,0.006050778087228537,0.0023559394758194685,0.9966060519218445,-0.5369707345962524,-0.5078043937683105,-0.7276496887207031,0.42012494890557955,286.71160024608656,0.0
15.63,61.02897058727734,-0.4627973987033127,-0.015066140259023987,80,0.0032209185883402824,0.0017506220610812306,1.0042104721069336,-0.04165961965918541,-0.240146666765213,2.592768669128418,0.42085906081617047,286.71160024608656,0.0
15.68,61.06847843113686,-0.43506245019341894,-0.20346193242483257,80,0.00045188565854914486,-0.006228197365999222,1.0076398849487305,-1.0228792428970337,-0.0500960610806942,-0.08342474699020386,0.4215515193747557,286.71160024608656,0.0
15.731,61.0892917593514,-0.5268047475414626,-0.3509706518972667,80,0.016426634043455124,-0.009248883463442326,0.9855993390083313,-2.1236674785614014,-0.7923123836517334,-0.37562161684036255,0.42155911993517653,286.71160024608656,0.0
15.781,61.081922863653936,-0.6631989072223547,-0.6002236650370039,80,0.013866598717868328,-0.010441199876368046,0.9909881949424744,-0.6096287369728088,0.36279189586639404,0.05930691212415695,0.4214761444316221,286.71160024608656,0.0
15.831,61.07333518999875,-0.6916879116762673,-0.47979137463278637,80,0.013852041214704514,-0.01565385051071644,1.0039376020431519,-2.148995876312256,-1.9548109769821167,-0.6514372229576111,0.4215501823379256,286.39836121543186,0.0
15.882,60.99332057356784,-0.8419622023460012,-0.4600430687974191,80,0.016747428104281425,0.006482859142124653,0.9925782680511475,-1.287804126739502,-3.0911295413970947,-1.3315253257751465,0.4210723596491456,286.39836121543186,0.0
15.932,60.992108003840265,-0.851638891121854,-0.7516216827808161,80,0.01562277227640152,-0.03267067298293114,1.0026168823242188,-1.4810023307800293,-2.0662004947662354,-0.6751571893692017,0.4207522019854358,286.39836121543186,0.0
15.982,60.97837406380318,-0.8606841805760612,-0.7629874020825075,80,0.014533993788063526,-0.01014040783047676,1.00038480758667,-0.030600083991885185,0.5654810070991516,0.011860224418342113,0.41786954000585397,286.39836121543186,0.0
16.032,60.97119957643856,-0.9537006452041737,-0.6226890127102754,80,0.015235183760523796,-0.009800313040614128,1.0067768096923828,-1.3524609804153442,-0.3215762674808502,-0.11932656168937683,0.41781721216099227,286.39836121543186,0.0
16.083,60.95301675612969,-0.8787598433862817,-0.8393801257587948,80,0.007425527088344097,-0.010276268236339092,1.0151965618133545,-1.5292872190475464,1.2787493467330933,-0.6975446939468384,0.4179918455610069,286.39836121543186,0.0
16.133,60.94697674939731,-0.9719691738612423,-0.6633761641149262,80,0.021089602261781693,-0.008861461654305458,0.9929724335670471,-1.2873340845108032,0.9042272567749023,-0.3004935085773468,0.41777507927647695,286.39836121543186,0.0
16.183,60.94749328645756,-0.9816783119863606,-0.1384274717390704,80,0.01261906512081623,0.01410579401999712,0.9885843396186829,-0.2762989401817322,-0.33959653973579407,1.72117280960083,0.41323506864118587,286.39836121543186,0.0
16.234,60.97995884459286,-1.036615221744914,-0.4722885360195074,80,0.021715683862566948,-0.018417343497276306,0.9877902269363403,-1.6442499160766602,-2.462947130203247,-0.01755274087190628,0.41200762906753946,286.39836121543186,0.0
16.284,61.01481331831209,-1.2595116438971232,-0.8072891788769356,80,0.027343912050127983,-0.02422928437590599,0.9779355525970459,-0.12159887701272964,-1.7569221258163452,0.3602595627307892,0.4099891597933337,286.39836121543186,0.0
16.334,60.99259803967661,-1.2854251561981331,-1.1006154332186477,80,0.015415807254612446,-0.014356042258441448,0.9983718991279602,1.2797409296035767,0.15485526621341705,-0.9464769959449768,0.40991905523369937,286.39836121543186,0.0
16.385,60.95350740781978,-1.029562309995322,-0.9960737979283316,80,0.015507521107792854,-0.007367194630205631,1.0031332969665527,-0.12784254550933838,-0.47149932384490967,-1.0658237934112549,0.41092329888749707,284.9584890277872,0.0
16.435,60.94637861476495,-1.1063667289946273,-0.8009424877866168,80,0.02286815084517002,-0.012977056205272675,1.005779504776001,1.315870761871338,0.7112212777137756,-0.538041889667511,0.4119117269413137,284.9584890277872,0.0
16.486,60.94554910255136,-0.958236424025688,-0.5726263778893812,80,0.01637706719338894,-0.014677976258099079,1.0188405513763428,0.6405729055404663,1.4546598196029663,1.2194780111312866,0.4095135619054746,284.9584890277872,0.0
16.536,60.93089786083304,-0.9198881318378123,-0.6924648362295069,80,0.013085125014185905,-0.01870000921189785,1.0129565000534058,-1.954146385192871,-0.45617350935935974,0.33728882670402527,0.4057102254273251,284.9584890277872,0.0
16.586,60.95313512355793,-1.0876657149394569,-0.7957496609293881,80,0.018988028168678284,-0.01914496161043644,0.9875063896179199,0.21948985755443573,1.2613753080368042,1.3129117488861084,0.4030785352744397,284.9584890277872,0.0
16.637,60.95204739162707,-1.05090091040393,-0.8117751551759028,80,0.013392738997936249,-0.0058157918974757195,0.9844096302986145,-0.07300557941198349,0.9880026578903198,-0.16336029767990112,0.39968035130006,284.9584890277872,0.0
16.687,60.969356728923415,-0.9124089216339248,-0.4793177400365801,80,0.01622178591787815,0.0026123973075300455,0.9705659747123718,1.2287102937698364,0.048485081642866135,0.797095537185669,0.39755080526962105,284.9584890277872,0.0
16.737,61.010238516268636,-0.8428852227589199,-0.47709798587328023,80,0.014308358542621136,-0.01747993938624859,1.01528000831604,1.538001537322998,0.3666843771934509,1.7486708164215088,0.3952085312746385,284.9584890277872,0.0
16.788,61.04812273856048,-0.7822314602413488,-0.8234090366546276,80,0.011572464369237423,-0.029265031218528748,1.0050450563430786,3.058927059173584,2.2810769081115723,1.7644753456115723,0.3940047084891554,284.9584890277872,0.0
16.84,61.03683463397669,-0.7922084918439379,-1.0053392667886367,80,0.016316505149006844,-0.017064953222870827,1.010401725769043,-0.5340560674667358,-0.3555305600166321,-1.642073631286621,0.39441634797855235,284.9584890277872,0.0
16.89,60.98042685094485,-1.104885411732154,-0.2192683551840103,80,0.023525770753622055,0.020335467532277107,0.9774501323699951,3.319857358932495,1.9080640077590942,0.07757336646318436,0.3967945868724191,285.3656279765955,0.0
16.944,60.96877239158756,-0.7373876867225997,0.10748121981126986,80,-0.0036975841503590345,0.00957576371729374,1.0286599397659302,1.952641487121582,2.7382888793945312,-0.4750753939151764,0.3973010675607048,285.3656279765955,0.0
16.995,61.024672821561914,-0.01839209542302905,0.011045447460299247,80,0.003321249969303608,-0.03057768940925598,1.0244370698928833,-2.498194694519043,0.8863866925239563,1.8306291103363037,0.39812473882741417,285.3656279765955,0.0
17.045,61.08863635715551,-0.608750091176649,-0.7035572114301905,80,0.025253811851143837,-0.03448757901787758,0.9732754230499268,-0.978676438331604,2.503568410873413,1.2306697368621826,0.39961054690441483,285.3656279765955,0.0
17.095,61.12282254314946,-0.5460680653274101,-1.0754889803823346,80,-0.00022655411157757044,-0.022454651072621346,0.9915922284126282,1.0072102546691895,0.2357809692621231,1.671823501586914,0.4004367865056321,285.3656279765955,0.0
17.146,61.12105163335918,-0.49779896796500406,-1.33649691919795,80,0.008033846504986286,-0.029364027082920074,0.9823331832885742,0.9961467385292053,0.6568675637245178,0.01874743402004242,0.40245999229274754,285.3656279765955,0.0
17.196,61.10001036852193,-0.580630203045892,-0.8525750561817983,80,0.016961855813860893,-0.011414683423936367,0.9694312810897827,1.7127536535263062,-2.331001043319702,-0.300248920917511,0.40556281998425536,285.3656279765955,0.0
17.246,61.05378910374924,-0.6631285143840482,-0.43898455353422067,80,0.010998637415468693,0.008382600732147694,0.9906845092773438,1.8337814807891846,-0.9588863253593445,-1.944699764251709,0.40762589899780455,285.3656279765955,0.0
17.297,61.03557573350338,-0.4721695888803914,-0.2398758939539132,80,0.004929562099277973,-0.010752547532320023,1.0113738775253296,1.8644083738327026,-0.47035831212997437,-0.7405844330787659,0.4099415212342315,285.3656279765955,0.0
17.347,61.007001262752325,-0.329273070384436,-0.26730954455676115,80,0.0062150415033102036,-0.008168413303792477,1.025595784187317,1.7065593004226685,0.7434260845184326,-0.2336299866437912,0.41148966424441075,285.3656279765955,0.0
17.398,60.997723726225566,-0.2224950419146634,-0.5438283054738378,80,-0.003197507932782173,-0.017350543290376663,1.0299729108810425,-0.09138048440217972,2.7291054725646973,0.051204655319452286,0.4137773211393825,285.3656279765955,0.0
17.448,60.9845209416924,-0.4659691219388186,-0.45357230285614725,80,0.02160750702023506,-0.009077634662389755,0.9850770831108093,-0.3340664505958557,1.3839720487594604,0.8789863586425781,0.4156194259871552,293.02109822551347,0.0
17.498,60.96349045136156,-0.7031585316942458,-0.4367953303987423,80,0.007840389385819435,-0.006474444642663002,0.9932233095169067,-0.0993056446313858,1.6278388500213623,-1.1910197734832764,0.417177200534332,293.02109822551347,0.0
17.549,60.95067783518013,-0.30342518242910926,0.24595875593092448,80,-0.008269266225397587,0.01779288239777088,0.9839856624603271,0.3722114861011505,0.7646788954734802,0.8262555003166199,0.4183397085946556,293.02109822551347,0.0
17.599,60.99468811372354,-0.06206005229149905,0.08019234062778023,80,-0.0041542318649590015,-0.005316118244081736,1.0050760507583618,0.17944930493831635,1.7918784618377686,2.1953136920928955,0.42107770899320746,293.02109822551347,0.0
17.649,60.99642912846659,-0.3753493974357403,-0.7314349739965312,80,0.01706571877002716,-0.01087354589253664,1.0018023252487183,-0.5377762913703918,1.5206375122070312,-0.3237423896789551,0.42262180263824156,293.02109822551347,0.0
17.699,60.98444574640105,-0.5473331911752367,-0.024641456834393956,80,0.004959532525390387,0.012583984062075615,1.0027050971984863,0.4717991352081299,1.1086119413375854,0.47650080919265747,0.4253572555500389,293.02109822551347,0.0
17.749,61.00902875957719,-0.4167646932723049,0.16684765131717416,80,0.00797544326633215,-0.001757419086061418,0.9916549324989319,-2.1416983604431152,-0.6831518411636353,0.29580438137054443,0.4272972760739893,293.02109822551347,0.0
17.8,61.03595746447655,-0.5852044830193092,0.1604021719765183,80,0.019356699660420418,-0.004689316265285015,0.9701582789421082,0.19955025613307953,0.6340956687927246,0.772168755531311,0.4298617733312005,293.02109822551347,0.0
17.85,61.076357765043475,-0.5906820703533598,-0.08860671254690819,80,0.013532967306673527,-0.00876493938267231,0.9884028434753418,1.2159000635147095,0.11784067004919052,0.907945990562439,0.43125582258215905,293.02109822551347,0.0
17.901,61.09891697492047,-0.5905667462032499,0.015872240030496337,80,0.007887501269578934,-0.007193777244538069,0.9983119368553162,2.843573808670044,0.873015820980072,1.148708701133728,0.43423207039438183,293.02109822551347,0.0
17.951,61.100417286506094,-0.2733514072311349,0.14054080406911543,80,-0.00024413391656707972,0.013415757566690445,1.0077954530715942,-0.5315143465995789,-1.1732038259506226,0.6901942491531372,0.43690701899450657,293.02109822551347,0.0
18.002,61.14345212893803,-0.3196443529681186,0.5959701942577962,80,0.005235238466411829,0.022701488807797432,0.9873144030570984,0.1882759928703308,-1.8363006114959717,2.2868919372558594,0.4375795541476227,286.1248379834914,0.0
18.052,61.185010803291284,-0.2744668887963034,0.2692520587916251,80,0.0025560404174029827,0.004643493331968784,0.9918447136878967,0.6583433151245117,-2.0177206993103027,0.9879417419433594,0.43845140267035565,286.1248379834914,0.0
18.102,61.237400952505055,-0.2841787610522867,-0.1539208609811549,80,0.01569746993482113,-0.003592982655391097,1.0035796165466309,-1.0662996768951416,-2.133453369140625,0.1285226196050644,0.4393571262223003,286.1248379834914,0.0
18.152,61.26254901499821,-0.6274635108413518,-0.237786359956757,80,0.011318925768136978,0.003969204146414995,1.0094088315963745,2.7318246364593506,1.4972718954086304,-0.022272620350122452,0.4396910472383387,286.1248379834914,0.0
18.203,61.294963655204896,-0.3785711538736968,0.22352017413279923,80,0.0032824515365064144,-0.0051919398829340935,1.0360301733016968,0.768024206161499,1.925040602684021,1.8310742378234863,0.43924969780549133,286.1248379834914,0.0
18.253,61.34621245150543,-0.0993951550851735,0.2681899561512688,80,0.00015302789688576013,-0.008999284356832504,1.008558750152588,-2.4404633045196533,-1.0827991962432861,1.6113436222076416,0.4380085208788072,286.1248379834914,0.0
18.303,61.38408798039172,-0.11558457104767886,0.03186133602264139,80,0.0035220561549067497,-0.008157657459378242,0.9904006123542786,-2.251486301422119,-1.1837000846862793,1.339819073677063,0.4376942600919757,286.1248379834914,0.0
18.353,61.39366532356555,-0.3278530784942546,-0.2513478515687261,80,0.015397709794342518,-0.006078103557229042,0.9560295343399048,-0.29492732882499695,-1.9400235414505005,0.44356071949005127,0.43744766900367005,286.1248379834914,0.0
18.404,61.388755019811356,-0.4049050882933676,-0.6216466716290443,80,0.006233834661543369,-0.016937946900725365,0.9890621900558472,1.3448268175125122,0.16343218088150024,-0.17626900970935822,0.4366220509099136,286.1248379834914,0.0
18.454,61.3430630004278,-0.4663643578905532,-0.47453835336661493,80,0.012979941442608833,0.0046987649984657764,0.9939724802970886,0.5787809491157532,-2.4301705360412598,-2.010789632797241,0.435740346575066,286.1248379834914,0.0
18.504,61.36507873349091,-0.39179639045428505,-0.28817590335555615,80,0.009013623930513859,-0.015839681029319763,1.0162302255630493,1.2164826393127441,0.4738929569721222,1.0317834615707397,0.4356605376381066,289.14269957259063,0.0
18.554,61.355393058312416,-0.24296523435628994,-0.4941732423535421,80,0.0026588004548102617,-0.009202106855809689,1.000186562538147,-0.04968756064772606,1.3290228843688965,-0.20334692299365997,0.434510519946679,289.14269957259063,0.0
18.605,61.34218188532718,-0.33500448497117136,-0.155846080522655,80,0.010097035206854343,0.0013160299276933074,0.9746876955032349,1.4718153476715088,0.6743139624595642,0.2804453372955322,0.43420652871586146,289.14269957259063,0.0
18.655,61.33756898770557,-0.1602948553431919,-0.07490810422104795,80,-0.004949343856424093,0.005264767445623875,1.0041347742080688,0.7086095809936523,-0.9603263139724731,-0.7659674882888794,0.4333854952123639,289.14269957259063,0.0
18.705,61.36385656122119,0.06631286412859574,-0.0851424317312165,80,-0.0023868922144174576,-0.023480387404561043,1.0015300512313843,1.0211923122406006,-0.15279868245124817,0.7054654955863953,0.43238225273161807,289.14269957259063,0.0
18.756,61.36874507736784,0.04162123244908581,-0.39142864329676896,80,-0.0024004506412893534,-0.018134428188204765,1.0170470476150513,1.9177634716033936,1.1196998357772827,0.8606502413749695,0.4312324808426191,289.14269957259063,0.0
18.806,61.32582766693312,0.04183325085689053,-0.8256465458391878,80,-0.0031688902527093887,-0.007561834063380957,1.0128651857376099,-0.5387113094329834,-0.14365726709365845,-2.1776981353759766,0.4303049411963755,289.14269957259063,0.0
18.856,61.27862485984901,-0.06944497708820098,-0.4166198238835717,80,0.005699374713003635,0.007814060896635056,0.9839461445808411,0.09782223403453827,-1.058339238166809,-1.1871839761734009,0.42843691675334883,289.14269957259063,0.0
18.907,61.272650115345705,0.04205787604058666,-0.04207851062505422,80,-0.006730220280587673,-0.0026437444612383842,1.00937819480896,1.6906880140304565,-0.703804612159729,0.36017438769340515,0.42772634543180627,289.14269957259063,0.0
18.957,61.289530303162,0.3050716328703132,-0.3323239579881539,80,-0.00578538840636611,-0.025770623236894608,0.991003155708313,0.3198525011539459,0.33586910367012024,-1.220503807067871,0.42704617235429737,289.14269957259063,0.0
19.007,61.26203087032906,0.22070241322189593,-0.7649338916718275,80,-0.0015391543274745345,-0.029046451672911644,1.0002995729446411,0.9003611207008362,2.7206528186798096,-2.0753118991851807,0.42680194463975696,289.14269957259063,0.0
19.057,61.19958598806012,0.43609165024125035,-0.19018550537345288,80,-0.017887288704514503,0.0156269371509552,0.9997203946113586,0.6865882873535156,0.7487228512763977,-0.13835299015045166,0.42738451912964387,287.9121361889072,0.0
19.108,61.181172930375475,0.5030196564674697,0.11510655155525873,80,-0.006299455184489489,0.011685514822602272,0.993618905544281,0.09532120823860168,0.9938952326774597,0.22724689543247223,0.4278889871163149,287.9121361889072,0.0
19.159,61.260050850117246,0.4227937321714748,0.42101279966376176,80,-0.005747659597545862,-0.0010283741867169738,0.995279848575592,2.748816967010498,-0.2569693922996521,3.553687334060669,0.4283833878590797,287.9121361889072,0.0
19.21,61.31983140629274,0.49794164789802964,-0.2664848607386857,80,-0.00892912968993187,-0.012898275628685951,1.0044466257095337,1.138283610343933,-0.4513457119464874,0.9808906316757202,0.42864957445790225,287.9121361889072,0.0
19.26,61.34416066651717,0.4679705344467596,-0.5078958547954732,80,-0.003832804271951318,-0.013718785718083382,0.9911710619926453,0.3732880651950836,0.4742511510848999,0.6570557951927185,0.4294974741771087,287.9121361889072,0.0
19.311,61.347124743687345,0.4855349044333453,-0.39483707418508895,80,-0.008906353265047073,-0.006504680961370468,1.0090162754058838,-0.7905787825584412,-0.2706967890262604,-0.2017572969198227,0.4304951620709489,287.9121361889072,0.0
19.361,61.3442639221931,0.2920369059559694,-0.17276733743867528,80,-0.0011801549699157476,0.010548297315835953,0.9886314272880554,-0.7499955892562866,0.7380282878875732,0.35693231225013733,0.43128036381142704,287.9121361889072,0.0
19.411,61.368521812468295,0.1475108827908131,-0.3097391756755146,80,-0.0012993082636967301,-0.012887546792626381,0.9917590022087097,-1.9931672811508179,-2.144667863845825,-1.1010805368423462,0.43235869392648735,287.9121361889072,0.0
19.461,61.382208090889506,0.14719486534654028,-0.4899309537030777,80,0.000738368893507868,-0.012683938257396221,0.9930073618888855,-0.949313759803772,-0.9861681461334229,0.07694858312606812,0.4338308094555294,287.9121361889072,0.0
19.512,61.359475927122844,0.10576996392166674,-0.7102265771749352,80,-0.003168212715536356,-0.014779784716665745,1.0037957429885864,-0.5660900473594666,0.3910520374774933,-1.6343709230422974,0.4350525648034932,287.9121361889072,0.0
19.562,61.33038389805979,0.22654704343154952,-0.30523258252502694,80,-0.01068338006734848,0.006362700369209051,1.0003337860107422,-0.0342094711959362,1.0133756399154663,-0.7328105568885803,0.43564281045167724,287.9121361889072,0.0
19.613,61.338601088495935,0.24859434918144277,-0.2806826493938435,80,-0.0005502934218384326,-0.014309747144579887,0.9830373525619507,-1.1429035663604736,-2.1210319995880127,-0.14792129397392273,0.4367930891110407,285.92978389801624,0.0
19.663,61.33121904703445,0.12502870329734053,-0.5337507535185854,80,0.00525710079818964,-0.010572857223451138,0.9969353675842285,-0.06893215328454971,-0.4427747428417206,-0.6217606663703918,0.4371756724676491,285.92978389801624,0.0
19.714,61.31792977608049,0.0491862020355314,-0.11294984822831541,80,-0.003502283478155732,-2.400297853455413e-05,0.9950148463249207,1.7481493949890137,-1.5498652458190918,0.5269266963005066,0.4374336814683327,285.92978389801624,0.0
19.764,61.31879752710921,0.6106381355250533,-0.10550186652144052,80,-0.026512810960412025,0.006509813945740461,1.0221514701843262,-0.36464548110961914,-1.2323267459869385,0.3051140606403351,0.4375496300165494,285.92978389801624,0.0
19.815,61.36893868259512,0.44440073744950065,-0.29012463168896296,80,0.004313921555876732,-0.028488561511039734,0.9958663582801819,-0.5580503344535828,-1.0679258108139038,1.1108651161193848,0.43752502806940136,285.92978389801624,0.0
19.865,61.366148375350384,0.08466093945931243,-0.5725008016660804,80,0.002031792886555195,-0.008529635146260262,0.9902318120002747,0.055102210491895676,-1.1723761558532715,1.000124216079712,0.4371490999512852,285.92978389801624,0.0
19.915,61.36404512919915,0.03678598092509394,-1.203530156156606,80,0.0007190174073912203,-0.03729693591594696,1.0131261348724365,-0.8775703310966492,-0.8618482351303101,-1.5206117630004883,0.43672441451409305,285.92978389801624,0.0
19.966,61.32053401155582,-0.015165407562476398,-0.9159724220883124,80,0.0023855871986597776,-0.004273890517652035,0.9921982288360596,-0.8145630955696106,-1.1178381443023682,-0.38126140832901,0.43642085327771957,285.92978389801624,0.0
20.016,61.29310518532897,-0.027725756400583192,-0.7542063330273087,80,-0.002793524879962206,-0.009826657362282276,0.995111882686615,-1.7448835372924805,-1.7405258417129517,-1.4657440185546875,0.43542729327832436,285.92978389801624,0.0
20.066,61.26409108744448,-0.01997362835205769,-0.43658255169634247,80,0.002472079358994961,0.001957733416929841,0.971845269203186,0.1176881194114685,-1.4694197177886963,-0.48169341683387756,0.43480787357411577,285.92978389801624,0.0
20.117,61.26268615615474,0.13085948299659542,-0.6865561458123521,80,-0.0027270433492958546,-0.03549710661172867,1.0034617185592651,0.31791844964027405,0.4851715862751007,-1.4351025819778442,0.4337478849396291,267.5450660202845,0.0
20.168,61.22732874345134,0.073836016646927,-0.8558587626323568,80,0.005668445024639368,-0.009204139932990074,0.9843487739562988,0.7652990818023682,1.142545223236084,-0.5691367983818054,0.43336037058148663,267.5450660202845,0.0
20.218,61.2256006638269,0.2194344814793622,-0.7849776352660881,80,-0.011400842107832432,-0.023501519113779068,1.0093241930007935,0.9213976860046387,0.4010016918182373,-0.30693429708480835,0.43348934309977444,267.5450660202845,0.0
20.268,61.23233443993026,0.27707109384089773,-0.6371540957995876,80,0.0033700920175760984,-0.008738561533391476,0.9984384179115295,-0.6253790855407715,-0.7449625730514526,0.7042216658592224,0.43301748969308973,267.5450660202845,0.0
20.318,61.25395779185237,0.19381199459690146,-0.1811396080451331,80,-0.01011287234723568,0.009929893538355827,0.9901655912399292,-1.2382116317749023,-1.5238168239593506,1.663485050201416,0.43311663948268314,267.5450660202845,0.0
20.369,61.338564388501396,0.2165850834114497,0.01075273332763139,80,-0.00701742572709918,-0.0059370193630456924,1.0043823719024658,1.1753554344177246,0.7707886695861816,3.8635199069976807,0.43310283363706137,267.5450660202845,0.0
20.419,61.404817488395096,0.07845086607348163,-1.0480045112114118,80,0.0031335868407040834,-0.03301272541284561,0.9958148002624512,-1.2681587934494019,-0.11100234091281891,0.8120941519737244,0.43329730937785005,267.5450660202845,0.0
20.47,61.42546362444011,0.0045113651028218515,-1.4139028991360587,80,-0.0006630604038946331,-0.02810666337609291,1.0044525861740112,-1.5892704725265503,-0.5291751623153687,0.43061718344688416,0.43364060171802293,267.5450660202845,0.0
20.521,61.41850598446124,-0.07272255326448375,-1.76959257026114,80,0.0016782116144895554,-0.02574904076755047,0.989603579044342,-1.102665662765503,-0.08432447165250778,-0.9561105370521545,0.43353087579209376,267.5450660202845,0.0
20.571,61.33439040865481,-0.23141560094186253,-1.4355831528259584,80,0.0023285006172955036,0.001273421454243362,0.9983622431755066,0.5063598155975342,2.03129243850708,-2.472426176071167,0.43383675819128953,267.5450660202845,0.0
20.621,61.303700266545675,-0.032258111192727354,-0.18664572117357786,80,-0.00435991445556283,0.01924661360681057,1.0060909986495972,-0.9245922565460205,0.264880508184433,-0.4363822638988495,0.4337237868506884,267.5450660202845,0.0
20.672,61.3107140789674,0.1701253761637902,0.20122960339168855,80,-0.006468928884714842,0.009765742346644402,0.9992411732673645,-0.9189602732658386,-0.03736504912376404,-1.575309157371521,0.43316571296277695,283.1119811002362,0.0
20.722,61.38176634104396,0.3651621011761355,0.34271187666123587,80,-0.00180629245005548,-0.021947594359517097,0.997439444065094,0.17372915148735046,1.554071068763733,2.067274808883667,0.43285072137398695,283.1119811002362,0.0
20.773,61.440050404002086,0.36715563189931866,0.16561370918998444,80,-0.004705349914729595,-0.007948284037411213,0.9958393573760986,-0.07205525785684586,0.9544546604156494,2.609363555908203,0.43306664643516374,283.1119811002362,0.0
20.823,61.50627583276653,0.014306322601624673,-0.04870263982631174,80,0.006261678412556648,-0.012589221820235252,0.992637038230896,0.20408400893211365,-0.492865651845932,3.61940598487854,0.43305018337214307,283.1119811002362,0.0
20.874,61.55406517090977,-0.01805404451482389,-0.9803938313016796,80,0.001716909115202725,-0.02923642285168171,0.9971834421157837,-0.6282139420509338,-0.6739985346794128,0.6835628151893616,0.43372296097792873,283.1119811002362,0.0
20.925,61.54372657260233,-0.26276181479188054,-1.3840153645637525,80,0.01238061673939228,-0.027509141713380814,0.9890456795692444,0.776058554649353,1.7451616525650024,-1.7168729305267334,0.433581315688454,283.1119811002362,0.0
20.976,61.507415116807955,-0.009613689483184596,-1.0319160147583633,80,-0.008358296938240528,-0.013236903585493565,1.0163581371307373,-0.29781150817871094,0.4706953763961792,-0.7410889863967896,0.4336832450610611,283.1119811002362,0.0
21.026,61.489816974996714,0.26164965687754116,-0.7461712152066603,80,-0.0068878731690347195,-0.0157435555011034,1.0079838037490845,-0.5286462306976318,0.24399985373020172,0.09771683812141418,0.43374626758144313,283.1119811002362,0.0
21.077,61.458919279777575,0.1463663505175982,-0.47147101564155364,80,0.0034935350995510817,-0.003398382803425193,0.9926586747169495,-0.5563676953315735,0.6418108940124512,-0.03836954012513161,0.4343810604057689,283.1119811002362,0.0
21.127,61.43402876236318,0.05485510528869582,-0.4017559642577547,80,-0.0029603722505271435,0.0020612578373402357,0.995623767375946,-0.16085919737815857,0.5058602094650269,-1.283345103263855,0.4350795555966675,283.1119811002362,0.0
21.177,61.41230437290052,0.10202795885065145,-0.40600045272695795,80,-0.0006095359567552805,-0.01108813751488924,1.0023798942565918,-0.9374608993530273,1.0936167240142822,-0.6396605968475342,0.43616837627919824,283.1119811002362,0.0
21.228,61.39298679925269,0.08866834642550245,-0.4071734812915623,80,-0.0031849388033151627,-0.010024544782936573,0.9915087223052979,-0.65428626537323,0.8336211442947388,-0.0022651569452136755,0.43727111214531933,284.41744083542415,0.0
21.278,61.36134458962356,-0.061548340219737215,-0.46128563368090403,80,0.0035710823722183704,-0.005667950492352247,0.9933230876922607,0.06747762113809586,-0.289742648601532,-0.7952412962913513,0.4379219172668063,284.41744083542415,0.0
21.328,61.33197325085436,-0.028821629620623245,-0.5090127293019439,80,0.001804797793738544,-0.011245380155742168,0.999092161655426,-0.6215785145759583,-0.540149450302124,-1.8383146524429321,0.4383992354665195,284.41744083542415,0.0
21.378,61.30007734799632,-0.08421380316029639,-0.1226191785224497,80,0.004842675291001797,0.001660038367845118,0.9876522421836853,-0.15315347909927368,0.5163671970367432,-0.6634861826896667,0.43838481604380486,284.41744083542415,0.0
21.428,61.30218000128138,0.018569856818586396,0.14961812343804937,80,-0.0038771380204707384,-0.0039608171209692955,0.9970160722732544,-0.18865415453910828,-1.3585143089294434,0.9099904298782349,0.4380117347789165,284.41744083542415,0.0
21.479,61.304386849401354,-0.0879101103236273,-0.10498918795515007,80,0.005705900024622679,0.0028264757711440325,0.9860854744911194,1.1689449548721313,-0.2590465247631073,1.1756106615066528,0.43796716089485377,284.41744083542415,0.0
21.529,61.320449478219395,-0.17136620342481887,-0.2614994212489984,80,0.00265962234698236,-0.00499450508505106,0.9991711974143982,0.13184677064418793,-1.6404210329055786,-0.17061437666416168,0.4383920462410815,284.41744083542415,0.0
21.58,61.31074457186594,-0.06456213279170696,-0.4341378505487973,80,-0.0035610173363238573,-0.006092880852520466,1.0091099739074707,1.197127103805542,0.15457485616207123,-0.5248717069625854,0.43862267984373593,284.41744083542415,0.0
21.63,61.310093122882385,-0.06837544750109126,-0.5621712296957257,80,0.008363575674593449,-0.015877962112426758,1.0073858499526978,0.5482949614524841,0.06306815892457962,-0.20487520098686218,0.439421608021652,284.41744083542415,0.0
21.681,61.275224703118255,-0.13361120178950617,-0.5929921598998893,80,0.004000179469585419,-0.01013406366109848,1.0192060470581055,-0.5453827381134033,0.8168688416481018,-0.6321525573730469,0.44015091397196265,284.41744083542415,0.0
21.731,61.252669367101696,-0.1262107570809005,-0.5851945031775263,80,0.004975629970431328,-0.015163954347372055,0.9909833669662476,-1.5573389530181885,0.5204362273216248,-0.6491069793701172,0.4402567726507827,262.6693386773547,0.0
21.782,61.21313477008383,-0.23324467058561932,-0.251450392470343,80,0.005973716266453266,0.004461170639842749,0.9812271595001221,-0.6925632357597351,0.2542165219783783,-0.6903208494186401,0.4399968821439586,262.6693386773547,0.0
21.832,61.20655185989952,-0.1073800121614979,0.03988551166712093,80,-0.0038264677859842777,0.006587933748960495,0.9881407022476196,0.28182893991470337,-0.16502496600151062,-0.20689797401428223,0.43917040368261456,262.6693386773547,0.0
21.883,61.23098113431419,0.021079366728818237,-0.09768738566389241,80,0.0004743794852402061,-0.010039336048066616,0.9995617270469666,0.05404409393668175,-0.37807992100715637,0.7884770631790161,0.438913811036974,262.6693386773547,0.0
21.933,61.23013976283067,-0.08568110530741488,-0.6130264606930098,80,0.007027804851531982,-0.021194973960518837,0.9906622171401978,-0.4477746784687042,-0.18553337454795837,-0.9613173604011536,0.43796746353004706,262.6693386773547,0.0
21.983,61.22016580896619,-0.14444557651356504,-0.5930035928106951,80,-0.0008537114481441677,-0.01190000120550394,0.9962793588638306,0.6022651195526123,1.4910132884979248,0.5683343410491943,0.43698060429260144,262.6693386773547,0.0
22.034,61.22196387130575,-0.15555420606062378,-0.5667882690237583,80,0.0022673411294817924,-0.0021093168761581182,0.9934892654418945,0.6399461030960083,2.410090446472168,-0.7610349059104919,0.43651111267176135,262.6693386773547,0.0
22.084,61.20610909608134,-0.11737186033628795,0.1444534069644589,80,0.00027738019707612693,0.024303458631038666,0.9850135445594788,0.985598623752594,-0.3390432894229889,0.6498656272888184,0.43667517003634126,262.6693386773547,0.0
22.134,61.276593236191154,0.1794953653022028,0.16953367850458245,80,-0.009029187262058258,-0.018937470391392708,1.0121606588363647,0.19041958451271057,-0.6240844130516052,1.2081369161605835,0.4366136171931576,262.6693386773547,0.0
22.185,61.2995070104132,-0.0451545415071145,-0.26126821692477453,80,0.00814745482057333,-0.007727775257080793,0.9963501691818237,-0.8683103322982788,-0.5216734409332275,1.2209804058074951,0.43536960541334124,262.6693386773547,0.0
22.235,61.31580029093756,-0.2668312908089848,-0.5900886041584704,80,0.005819032434374094,-0.00664789043366909,1.0061241388320923,-1.6612956523895264,-1.3907536268234253,-0.09981024265289307,0.43408688105944643,262.6693386773547,0.0
22.287,61.3139665979183,-0.08737128852973658,-0.44198565888266494,80,-0.006616139318794012,0.0014122870052233338,1.0021601915359497,-1.2447588443756104,0.5034124255180359,-0.029356181621551514,0.4329337676300976,279.84414198025087,0.0
22.337,61.34557026416158,-0.14238737177225447,-0.1959509545792204,80,0.012904663570225239,-0.005995477084070444,0.9749290943145752,-0.0733618214726448,0.5806058645248413,1.2597742080688477,0.4319765267802363,279.84414198025087,0.0
22.388,61.353619242504394,-0.313104978237554,-0.03580670561340856,80,0.0074431090615689754,0.00869537889957428,0.9891273975372314,1.0154941082000732,-0.7530878782272339,0.45121467113494873,0.432988366020511,279.84414198025087,0.0
22.438,61.38804764637567,-0.2961367073085562,-0.18314356262753528,80,0.003521616803482175,-0.004846952855587006,0.9998367428779602,2.2165815830230713,-0.43970388174057007,1.0089595317840576,0.4339877426616443,279.84414198025087,0.0
22.489,61.40148600933158,0.0451714344087128,-0.26048964680507597,80,-0.005349996965378523,-0.002515154192224145,1.0161021947860718,0.047106172889471054,-1.606231689453125,0.3332710862159729,0.4348047164623102,279.84414198025087,0.0
22.539,61.45453684508145,0.167582799154898,-0.18487249082239465,80,-0.00579767394810915,-0.01579788513481617,1.0048531293869019,0.24904930591583252,-1.9743068218231201,2.1993677616119385,0.4352659989647633,279.84414198025087,0.0
22.589,61.47650342383159,0.19549645105739485,-0.7060936098838619,80,-0.007176785729825497,-0.013823612593114376,1.017175316810608,-1.3962736129760742,-1.7039072513580322,0.5473273396492004,0.43579413597181793,279.84414198025087,0.0
22.64,61.47466113468722,-0.22521401979235756,-0.9511097974898274,80,0.014066364616155624,-0.02231626957654953,0.9903478622436523,-0.9645802974700928,0.21445125341415405,-0.41743820905685425,0.43599305661693233,279.84414198025087,0.0
22.69,61.42912162053372,-0.2922911316522041,-0.7382721507462675,80,0.0023078816011548042,-0.0023200944997370243,0.9915196895599365,0.741428792476654,0.7298943996429443,-0.6865194439888,0.43605470566668125,279.84414198025087,0.0
22.74,61.39151475953614,-0.20749120360300025,-0.6732835063206274,80,0.005376525688916445,-0.010015163570642471,0.9972540140151978,-0.5524635910987854,-0.35650861263275146,-2.5934808254241943,0.4356577749240735,279.84414198025087,0.0
22.79,61.361411067711025,-0.26245251912626955,-0.9167147134501455,80,0.009901730343699455,-0.02774810418486595,0.995564341545105,0.050424978137016296,0.9980612397193909,-1.8800604343414307,0.4356767662502644,279.84414198025087,0.0
22.841,61.3047012453866,-0.34757058821289005,-0.6918029388984956,80,0.008498823270201683,-0.0035618366673588753,0.993260383605957,-0.13091908395290375,0.6411815881729126,-1.601198673248291,0.4357425288934918,285.85183670687655,0.0
22.891,61.276435431662534,-0.1685166936343287,-0.28039331050298066,80,-0.0024943882599473,-0.0014754898147657514,0.9969920516014099,-0.7383624315261841,-0.48331838846206665,-0.6410057544708252,0.4351198057863188,285.85183670687655,0.0
22.941,61.252999239302625,-0.07004324842322397,0.16287598571392933,80,0.0015250351279973984,0.011860371567308903,0.9873969554901123,0.2886482775211334,-0.5938636064529419,0.9414263367652893,0.4348996297442129,285.85183670687655,0.0
22.991,61.26905837144512,-0.06807883497483325,0.007739553154088607,80,-0.001904368051327765,0.0035986886359751225,1.005666971206665,0.8906630277633667,-0.018770283088088036,1.109391450881958,0.4343804632146491,285.85183670687655,0.0
23.042,61.293428923508195,0.042487773980841366,-0.08016036385833905,80,0.0015090693486854434,-0.003921329043805599,1.0039228200912476,-0.42318394780158997,-0.4691765606403351,1.044281244277954,0.4340967334739279,285.85183670687655,0.0
23.092,61.351838985422305,-0.17884384399567643,-0.3020996351391685,80,0.012274648994207382,-0.03420958295464516,0.982697606086731,0.27885735034942627,0.24535736441612244,0.5396595001220703,0.43394410927898924,285.85183670687655,0.0
23.143,61.337486583438114,-0.08152719781165081,-0.8358719250686327,80,-0.00737727340310812,-0.015351044945418835,1.017503261566162,-0.5530640482902527,0.4461110830307007,0.5796287655830383,0.4336213210540949,285.85183670687655,0.0
23.193,61.32416667538689,-0.18722735273208144,-1.0928213899908192,80,0.00905991904437542,-0.01793867163360119,0.996791660785675,-2.082880973815918,-0.47306835651397705,-1.8751190900802612,0.43340719906821823,285.85183670687655,0.0
23.244,61.29406208873223,-0.25234118418544155,-0.505413240542919,80,0.001002481672912836,0.001113835838623345,1.0056252479553223,-0.14388860762119293,-0.4057134687900543,0.1278291791677475,0.43292272925212927,285.85183670687655,0.0
23.294,61.28626137966718,-0.0789093408772759,-0.5774530988631481,80,-0.0023314463905990124,-0.007270835340023041,1.0027287006378174,-1.1854139566421509,-1.0264757871627808,-1.0717334747314453,0.4322610284366069,285.85183670687655,0.0
23.344,61.28058382279758,-0.07005946495403552,-0.5548043793638793,80,0.0049085537903010845,-0.002778000431135297,0.9959955811500549,-0.87429279088974,-1.9262057542800903,-0.7830214500427246,0.43263244842655313,286.65281574630944,0.0
23.395,61.30191139755179,-0.12649172409564344,-0.7134245521938233,80,0.003948013298213482,-0.03158388286828995,0.997838020324707,-0.18945465981960297,-0.5536165833473206,0.5907154679298401,0.43364398819959077,286.65281574630944,0.0
23.445,61.27487503787597,-0.20687732821481228,-0.6954533375481218,80,0.003999978769570589,-0.005247528199106455,0.9979049563407898,0.37271004915237427,0.7923096418380737,0.03151008114218712,0.43452200341218844,286.65281574630944,0.0
23.495,61.261911555824135,-0.24886484916783888,-0.8339758855220804,80,0.003034398192539811,-0.013904896564781666,1.0013093948364258,-0.4411913752555847,-0.09763477742671967,-0.5620987415313721,0.4359720997480541,286.65281574630944,0.0
23.546,61.251734256084845,-0.23073651675123574,-1.2222052057306985,80,0.008813458494842052,-0.0388202965259552,0.9896352887153625,-1.3609447479248047,-0.6954452991485596,-2.9445273876190186,0.43661169188621984,286.65281574630944,0.0
23.596,61.16791802558998,-0.3752571622632353,-0.640723071915162,80,0.006905845832079649,0.0019774308893829584,0.9962873458862305,-0.7455625534057617,-1.6527167558670044,0.17667172849178314,0.4376518798572899,286.65281574630944,0.0
23.647,61.13661142592104,-0.6365005712858834,-0.9017184552753442,80,0.013051646761596203,-0.009730123914778233,0.9822575449943542,0.25150594115257263,-0.16654111444950104,-2.385514736175537,0.4389028691444704,286.65281574630944,0.0
23.697,61.12811048717634,-0.5869140673091993,-0.4386760241216562,80,0.013162875548005104,-0.005815008655190468,0.9891266226768494,0.8788305521011353,-1.0660755634307861,-0.18944251537322998,0.43992678969385546,286.65281574630944,0.0
23.75,61.13533844891223,-0.44872942884735795,-0.424202445060922,80,0.0037994973827153444,-0.010225757956504822,1.0012997388839722,0.2842041254043579,1.758802890777588,1.4443169832229614,0.4414089220795176,286.65281574630944,0.0
23.801,61.183535454436004,-0.3173044249176986,-0.822721769354187,80,0.002138477750122547,-0.02511611208319664,1.0074459314346313,1.125549077987671,1.241297721862793,-0.23383231461048126,0.4422940976794773,286.65281574630944,0.0
23.851,61.163230555496355,-0.18395467576327681,-0.7597723706333698,80,-0.0021810398902744055,-0.013452359475195408,1.006722331047058,1.4641863107681274,2.168482780456543,0.4457714855670929,0.4434080354370555,286.65281574630944,0.0
23.902,61.13597525940786,-0.0822219261039634,-0.4935892905841995,80,-0.004344594664871693,0.01306732464581728,1.0087096691131592,-0.653249204158783,-0.7778915166854858,-0.20773765444755554,0.4439296550590359,285.17160728855043,0.0
23.952,61.13334934222178,-0.11405510135496878,-0.23791589808751143,80,0.006564770825207233,0.005420166999101639,0.9941405057907104,-1.8908263444900513,-1.1471672058105469,-0.8686007261276245,0.4436157293340002,285.17160728855043,0.0
24.002,61.19171409492515,-0.2596467373997544,-0.04758689771935344,80,0.006458614021539688,-0.019358545541763306,0.9920037388801575,1.1742891073226929,-0.26261889934539795,2.4825551509857178,0.44305627857126506,285.17160728855043,0.0
24.053,61.2169137489715,-0.24007709573545402,-0.8935571362907008,80,0.0030051954090595245,-0.04158959165215492,1.0012199878692627,-0.19464704394340515,-0.31037259101867676,-0.6028602123260498,0.4424854684204518,285.17160728855043,0.0
24.103,61.182308199989315,-0.441918477806011,-0.9844805472308342,80,0.010082043707370758,-0.005401159171015024,0.9910117387771606,0.8729892373085022,1.214809775352478,-0.5157794952392578,0.4427287367691829,285.17160728855043,0.0
24.154,61.14378057072433,-0.23169621742837623,-0.44006520308468616,80,-0.007628282532095909,0.004219578579068184,1.01091730594635,0.01175642479211092,0.1050342321395874,-0.36440807580947876,0.4422194131496356,285.17160728855043,0.0
24.204,61.13984091604917,0.06011310425550372,-0.09537419413052721,80,-0.007790872827172279,0.007146766409277916,1.0121732950210571,-1.2412583827972412,-0.05762721225619316,0.8447460532188416,0.44205562180277347,285.17160728855043,0.0
24.254,61.174111734203144,-0.012203729791996123,-0.17969002535577033,80,-2.408771797490772e-05,-0.00967246014624834,0.9985597133636475,-1.0934854745864868,0.5530301928520203,1.0196999311447144,0.44203100474245843,285.17160728855043,0.0
24.305,61.20180668035854,-0.12413904240113853,-0.47131835179960707,80,0.006244082003831863,-0.016014788299798965,0.9882419109344482,-1.060962200164795,0.57340008020401,0.26614460349082947,0.4413707462097177,285.17160728855043,0.0
24.355,61.262988796373875,-0.11710221774248772,-0.5602165476904386,80,0.003786517772823572,-0.024979619309306145,0.9889668226242065,0.13800090551376343,1.2146648168563843,1.4778066873550415,0.4411021412701666,285.17160728855043,0.0
24.406,61.28127875611092,-0.25033931396252546,-0.6935991266924926,80,0.005605079233646393,-0.009110079146921635,0.9948649406433105,0.11810169368982315,1.1677511930465698,0.7603375315666199,0.44032416654122813,285.17160728855043,0.0
24.456,61.291616067514504,-0.31614245119418205,-0.24347282165863257,80,0.0014956605155020952,0.0038909665308892727,0.996037483215332,-0.13834717869758606,-0.7877190709114075,1.4429296255111694,0.4395138923797441,253.17220981469185,0.0
24.506,61.32903187624988,-0.3632012799441126,-0.28022373938163403,80,0.005344062112271786,0.0054761506617069244,0.9957666993141174,0.7374796867370605,0.3324859142303467,1.957930088043213,0.4380597909910902,253.17220981469185,0.0
24.557,61.36539747550044,-0.3208590952139512,-0.7241124028385975,80,0.001849055988714099,-0.021835755556821823,1.0121455192565918,0.5453141927719116,0.6031074523925781,0.6549347639083862,0.43727321567434635,253.17220981469185,0.0
24.607,61.3560607418193,-0.22516261113347685,-0.6915826620177304,80,0.00043070586980320513,-0.0020198847632855177,1.0038763284683228,-1.4492993354797363,-0.004863298963755369,-0.5450302362442017,0.4357901117076684,253.17220981469185,0.0
24.658,61.365759152899145,-0.2649253423451978,-0.4219210809120396,80,0.004066796973347664,0.00967330764979124,0.9975491166114807,-1.2722079753875732,0.5061171650886536,-0.1440012902021408,0.43456655303785935,253.17220981469185,0.0
24.708,61.410654684325856,-0.14471073462527848,-0.39705210645450756,80,0.001845353515818715,-0.011945248581469059,0.9940870404243469,-0.824468731880188,-0.32821816205978394,0.4072549641132355,0.4343986327520273,253.17220981469185,0.0
24.759,61.43674577172306,-0.23170115071132621,-0.6303388015200556,80,0.009730605408549309,-0.025548119097948074,0.9909050464630127,-0.375603586435318,-1.147992730140686,0.9408544898033142,0.4349495669068649,253.17220981469185,0.0
24.809,61.426840176661536,-0.2084630466933264,-0.6000364648232948,80,-0.0006114814314059913,0.004243069794028997,0.9929195046424866,-1.48131263256073,-2.203758478164673,-0.19909100234508514,0.43511147622762886,253.17220981469185,0.0
24.86,61.453227452696815,-0.051347299471848795,-0.38322747350665876,80,-0.006350301671773195,-0.0015485469484701753,0.9933750033378601,1.9831736087799072,-0.5501859784126282,1.1466586589813232,0.4352536959635239,253.17220981469185,0.0
24.91,61.49666360027023,1.4998162354830232e-05,-0.31452495239589084,80,0.0030305131804198027,-0.005550704896450043,0.9914604425430298,0.11995045840740204,-2.316894054412842,1.1899527311325073,0.4363539016692109,253.17220981469185,0.0
24.96,61.51987167710355,-0.32277928106475534,-0.6163758811524941,80,0.012187800370156765,-0.014368060044944286,1.013283610343933,0.9127299785614014,-0.7320985198020935,0.2923160791397095,0.4373761626614661,253.17220981469185,0.0
25.011,61.51395298780546,-0.3833842164742446,-0.6497026518915763,80,0.0016594812041148543,-0.014311603270471096,1.0206109285354614,-0.504393994808197,-0.8412663340568542,-0.5422747135162354,0.43857567376701134,282.25464333781963,0.0
25.061,61.48008048802859,-0.26964304817362283,-0.7083019736074906,80,0.005833734292536974,-0.01608365960419178,1.0118005275726318,-2.0643365383148193,-1.0543403625488281,-0.5394266843795776,0.43888592830090645,282.25464333781963,0.0
25.112,61.44044801114162,-0.3697418517480224,-1.175243051395918,80,0.006444062106311321,-0.03006073087453842,1.0064101219177246,-1.354064702987671,-0.6805116534233093,-1.6538875102996826,0.440002102019165,282.25464333781963,0.0
25.162,61.39962271270363,-0.3523828293950495,-1.2188388272886825,80,0.0018946802010759711,-0.015543660148978233,0.9921765327453613,0.2549329996109009,0.6760740280151367,-1.0165822505950928,0.44088522147588444,282.25464333781963,0.0
25.212,61.334841623595224,-0.2800097767661022,-0.9113360709869979,80,0.005015335511416197,-0.004826584830880165,0.983092725276947,-0.5243852138519287,-0.5260160565376282,-1.0628092288970947,0.44253465384814095,282.25464333781963,0.0
25.263,61.30734224889207,-0.38729240982229907,-0.47969578267934954,80,0.00811658427119255,0.005550086032599211,0.9913472533226013,0.42559096217155457,1.3409948348999023,-0.5994676351547241,0.44339097113856707,282.25464333781963,0.0
25.313,61.31932482181453,-0.34167848867584993,-0.10262827044998613,80,0.005829912610352039,-0.006777030881494284,0.9978997111320496,1.259176254272461,-0.19200660288333893,0.6801743507385254,0.44327107777256386,282.25464333781963,0.0
25.363,61.35498287805973,-0.2541776080721787,-0.35869143499045747,80,0.009869824163615704,-0.015797723084688187,1.001319169998169,1.5118285417556763,0.3867338299751282,1.6202279329299927,0.4433105949418919,282.25464333781963,0.0
25.413,61.347410768954575,-0.42860406663281647,-0.6050598926664673,80,0.008310566656291485,-0.0174484271556139,1.0052000284194946,0.17480280995368958,-0.4412161707878113,0.5144093632698059,0.44374678284802416,282.25464333781963,0.0
25.464,61.35553851254013,-0.36018062236295556,-0.8915589375516664,80,0.006445036269724369,-0.020701825618743896,0.9951173067092896,-0.430367648601532,-0.0877770259976387,0.6909902691841125,0.4445303671286648,282.25464333781963,0.0
25.514,61.3689223514692,-0.4333997426703266,-1.0936153747211654,80,0.010884768329560757,-0.015395963564515114,0.9912126064300537,0.5036758184432983,1.5908589363098145,0.6433807015419006,0.44458548073093923,284.26323280243986,0.0
25.564,61.36751217380624,-0.37837107393399255,-0.7780268491574075,80,-0.00038466669502668083,-0.00432888837531209,0.9988622665405273,1.0038073062896729,1.869957685470581,0.6311743259429932,0.4440071941043908,284.26323280243986,0.0
25.615,61.37137941445961,-0.2681141697101567,-0.7869390608356396,80,0.005434235092252493,-0.00894851516932249,0.989468514919281,-0.9823564887046814,-1.5844773054122925,-0.6818954348564148,0.44270287767321004,284.26323280243986,0.0
25.666,61.383188625535205,-0.43124794828518,-0.8849807283378077,80,0.012526360340416431,-0.012814236804842949,0.9828197956085205,0.05634136125445366,-2.064514636993408,-0.15883077681064606,0.44085554764688833,284.26323280243986,0.0
25.716,61.37919132587156,-0.3755695675680785,-1.1402560461129516,80,0.0006843706360086799,-0.020950857549905777,1.00979483127594,1.4660395383834839,-0.25878670811653137,-0.4595973789691925,0.4400894715628764,284.26323280243986,0.0
25.766,61.374525135746495,-0.1974416364689277,-1.4431482835123453,80,0.0029075033962726593,-0.04258425906300545,1.0074412822723389,-0.6300369501113892,-0.3626096844673157,-1.2895057201385498,0.43992746263034427,284.26323280243986,0.0
25.817,61.29831328768327,-0.42627428262300426,-1.1290654987329194,80,0.017021534964442253,-0.009173018857836723,0.9870828986167908,0.16529281437397003,1.3150770664215088,-1.4640908241271973,0.4402193935114672,284.26323280243986,0.0
25.867,61.26136922009002,-0.42409610715157053,-0.44027604876661164,80,0.001025994075462222,-0.0063338871113955975,1.0070022344589233,1.9478483200073242,2.753326892852783,0.5071656703948975,0.4414854527185755,284.26323280243986,0.0
25.918,61.23692763657701,-0.1890778257449859,-0.133044832079552,80,-0.004458602983504534,0.015575115568935871,1.0045441389083862,-0.6133050918579102,0.4188491106033325,0.2816919684410095,0.44225716616039157,284.26323280243986,0.0
25.968,61.30054269992857,-0.23899129067216382,-0.4034999161875485,80,0.00760430283844471,-0.02351250685751438,0.9992234110832214,-1.2973370552062988,-0.630530595779419,1.1251883506774902,0.44239934826028027,284.26323280243986,0.0
26.018,61.32310355181402,-0.29686336480713854,-1.068724332573183,80,0.010023699142038822,-0.038807645440101624,0.9878328442573547,-0.9534489512443542,0.9340814352035522,-0.2867358326911926,0.4419230699600286,284.26323280243986,0.0
26.068,61.2975525911708,-0.505702149848864,-1.118613027939124,80,0.015393204987049103,-0.020489247515797615,0.9804974794387817,-0.19269929826259613,1.5489132404327393,-0.5144683122634888,0.4418249652586535,280.5554515050167,0.0
26.119,61.27875126357781,-0.5551123928795526,-0.7902598971824316,80,0.007193883880972862,-0.006638098042458296,0.9815555214881897,0.4061194658279419,0.14144763350486755,-0.016902120783925056,0.4414780687262061,280.5554515050167,0.0
26.17,61.2695721893555,-0.428699168966984,-0.5441453897432216,80,0.0036578865256160498,-0.001789560541510582,1.0103780031204224,-0.04275471344590187,-0.19137220084667206,0.277988463640213,0.4417141844569864,280.5554515050167,0.0
26.22,61.2774631938488,-0.3537365224077261,-0.6146436837449872,80,0.005472385790199041,-0.010049017146229744,1.001646637916565,0.06496638804674149,0.6013184189796448,0.655353844165802,0.4416514790885984,280.5554515050167,0.0
26.27,61.30292500024939,-0.5358194576486306,-0.6310611044267145,80,0.010832168161869049,-0.012677188962697983,0.9941864013671875,0.35182425379753113,0.7462504506111145,0.5686675310134888,0.442151792777196,280.5554515050167,0.0
26.32,61.318022216500744,-0.33071818327841235,-0.6245251016165009,80,-0.0016170523595064878,-0.013405630365014076,1.007472276687622,-0.2652932107448578,-0.25301241874694824,0.5548640489578247,0.4426490426856959,280.5554515050167,0.0
26.37,61.33352176617952,-0.24801718475306322,-0.6343238195444583,80,0.003800563048571348,-0.005865316838026047,0.9994999766349792,-0.5410726070404053,0.8284153938293457,0.6394699215888977,0.4431649169598558,280.5554515050167,0.0
26.42,61.35343444814373,-0.4242088210008539,-0.442049008652649,80,0.012792774476110935,0.0036182671319693327,0.9845245480537415,0.2588885724544525,0.5377009510993958,0.30717843770980835,0.4439979663425394,280.5554515050167,0.0
26.47,61.39790022997961,-0.33980717724949844,-0.70757927527394,80,0.006090638693422079,-0.02632969617843628,0.9999884366989136,-0.3231869637966156,-0.5882691144943237,-0.43637555837631226,0.44493468138373404,280.5554515050167,0.0
26.521,61.417313209482664,-0.37408514772758145,-0.8889620680770021,80,0.015885358676314354,-0.03560936078429222,0.996634840965271,0.27784502506256104,-0.10406133532524109,0.3934462070465088,0.44548241120600734,280.5554515050167,0.0
26.571,61.39293152078353,-0.35044919541380576,-1.1222917413954165,80,0.002048543654382229,-0.01479725819081068,1.0050681829452515,1.1797765493392944,1.6691464185714722,-0.7589423060417175,0.44541019661784464,280.5554515050167,0.0
26.621,61.368611771843874,-0.1801328362104877,-0.6792415161561114,80,0.0002036429796135053,0.0031721582636237144,1.0000336170196533,-0.457797110080719,0.17461003363132477,-0.27700892090797424,0.44514163360584935,284.30176913170203,0.0
26.672,61.3750841719534,-0.2182843772641164,-0.34324881918784445,80,0.0018737517530098557,-0.005395783577114344,1.0023573637008667,-0.10147836059331894,0.9805205464363098,0.6100245118141174,0.44472034785618153,284.30176913170203,0.0
26.723,61.39065601505719,-0.13814032149683086,-0.1230386891885828,80,0.002083713421598077,0.00757082412019372,1.0029916763305664,-1.6587942838668823,0.21910367906093597,1.0026576519012451,0.4445542497296269,284.30176913170203,0.0
26.773,61.41158885946006,-0.3294790015719367,-0.2915782118854839,80,0.012133590877056122,-0.008680162020027637,0.9964753985404968,-1.0507152080535889,0.9756126403808594,0.9742060303688049,0.44425399585438174,284.30176913170203,0.0
26.823,61.44798415782538,-0.6196447279773307,-0.3459581740937497,80,0.015704719349741936,-0.01083224918693304,0.9604817032814026,1.615993618965149,1.0886684656143188,1.4946247339248657,0.44529908890359343,284.30176913170203,0.0
26.874,61.46497158264839,-0.3029571680420649,-0.18407844221318842,80,-0.010709849186241627,0.005407848861068487,1.0024147033691406,2.382932186126709,0.16923096776008606,0.6554679870605469,0.4466054078109348,284.30176913170203,0.0
26.924,61.46196189780612,0.0505194031582865,-0.006646716222327321,80,-0.006509080529212952,0.014089160598814487,0.9971411228179932,1.7825788259506226,2.1432549953460693,1.0495948791503906,0.4479267903211151,284.30176913170203,0.0
26.974,61.47429056713857,0.0022020821555882855,0.1651169537899508,80,0.003050406463444233,0.005002371966838837,1.0051788091659546,2.2383787631988525,0.8654947876930237,0.06202380359172821,0.44899829177970213,284.30176913170203,0.0
27.025,61.513188409059254,0.09132061320707659,-0.07055207954586927,80,-0.003998091444373131,-0.009284147061407566,1.0226037502288818,1.7806241512298584,1.6907464265823364,0.49030423164367676,0.44980377406620625,284.30176913170203,0.0
27.075,61.548172347729036,0.22575268424801007,-0.008123509143246445,80,-0.0052087451331317425,-0.004147439729422331,1.0186964273452759,0.7640446424484253,3.4170048236846924,1.7697607278823853,0.44987188287266106,284.30176913170203,0.0
27.125,61.5667284393418,0.193991952160295,0.07501977833339729,80,-0.003972979262471199,-0.0015927428612485528,1.008055567741394,-0.4554220139980316,3.284348726272583,0.25714924931526184,0.4512590066899717,285.98827219419064,0.0
27.176,61.61763442440105,0.14912668228658896,0.22773323472206228,80,-0.007760530803352594,0.002791809383779764,0.9928891658782959,0.714644730091095,2.278312921524048,3.4239134788513184,0.451742776490251,285.98827219419064,0.0
27.226,61.62018818444096,-0.026417922896412104,0.3144157445358251,80,-0.00018628634279593825,0.008894592523574829,0.9855836629867554,-0.6054909229278564,0.4873186945915222,1.0331836938858032,0.45279115278019644,285.98827219419064,0.0
27.277,61.64105306720045,0.1881834921291618,0.5735104441181864,80,-0.011954429559409618,0.0075716315768659115,0.9957865476608276,0.8231217265129089,-0.9079949855804443,2.0196805000305176,0.45321516381358096,285.98827219419064,0.0
27.327,61.652471088931385,0.2917015684572883,0.057500279014439895,80,-0.005348449572920799,0.0012426039902493358,1.0017516613006592,-0.14378249645233154,-1.6212294101715088,0.3046696186065674,0.4537633694447986,285.98827219419064,0.0
27.377,61.66229056542434,-0.012418642385127427,-0.026896438920315135,80,0.007940750569105148,-0.00612726341933012,0.9950059652328491,-0.2863568961620331,-0.6713778376579285,0.18270151317119598,0.453563258916659,285.98827219419064,0.0
27.428,61.65074959085214,-0.0927284384724736,0.07921307696445457,80,-0.0027398865204304457,0.005796283017843962,0.9999220371246338,0.7318571209907532,-0.5083829164505005,0.6189749836921692,0.45251667632660353,285.98827219419064,0.0
27.479,61.639896635619465,0.030684858629017892,0.11280043741095064,80,-0.0010993077885359526,0.011605779640376568,1.0044059753417969,-0.21564504504203796,-1.0287878513336182,0.4314515292644501,0.451900007106279,285.98827219419064,0.0
27.529,61.65775616321118,-0.18853397759582352,-0.19828819913771198,80,0.009272515773773193,-0.011937594972550869,1.001806378364563,0.41187891364097595,-0.13665103912353516,0.31373330950737,0.4504128383997998,285.98827219419064,0.0
27.58,61.64128633146146,-0.0031277185584198926,-0.22834990662402682,80,-0.010270848870277405,1.9559971406124532e-05,0.9900933504104614,1.1140453815460205,0.3504268527030945,-0.025336377322673798,0.449822949803772,285.98827219419064,0.0
27.63,61.643428661538266,0.09569282769666806,-0.0870912725965081,80,-0.0034927448723465204,0.010579724796116352,0.9885264039039612,0.8732637166976929,-0.5079513192176819,0.42575860023498535,0.4489696270867836,285.98827219419064,0.0
27.68,61.67871091229535,-0.023797419499409767,0.1313891081525068,80,0.005497942678630352,-0.0052017089910805225,0.9917054772377014,1.8890554904937744,0.011080252937972546,1.5085351467132568,0.4478313288500022,286.75080330894923,0.0
27.731,61.71486454456119,0.12012443498789084,0.00599378556019604,80,-0.0040889643132686615,-0.00977738294750452,1.0009357929229736,3.092607259750366,0.11064383387565613,0.3395707905292511,0.44622805268801263,286.75080330894923,0.0
27.781,61.74634316597955,0.43910361985224566,-0.11926715534994532,80,-0.00582361314445734,-0.0024363708216696978,1.0056475400924683,-0.009881185367703438,0.1316748410463333,0.1842840611934662,0.4440961375976602,286.75080330894923,0.0
27.831,61.75099045426338,0.2567962898711426,-0.21226089530423567,80,-0.000138636605697684,0.0077203852124512196,0.9967945218086243,-0.41562071442604065,0.7025788426399231,-0.6093475818634033,0.44314361270944513,286.75080330894923,0.0
27.882,61.77341659741386,0.1922663284795303,0.2580691763215233,80,-0.0076827919110655785,0.012735845521092415,1.0034704208374023,1.2040936946868896,1.882108449935913,1.1008002758026123,0.4421993520688311,286.75080330894923,0.0
27.932,61.81256966681869,0.42463368907496635,0.28662170479839305,80,-0.011370401829481125,0.0014308253303170204,0.995806097984314,-0.4942775368690491,0.5575390458106995,1.4451254606246948,0.44233756085646697,286.75080330894923,0.0
27.982,61.84896069467329,0.46627757574326534,0.14885074740496607,80,-0.0076158433221280575,0.0008332941797561944,1.0028382539749146,-1.6180404424667358,-0.47748279571533203,1.638169288635254,0.4429913001512319,286.75080330894923,0.0
28.032,61.878031921544554,0.32401913269375454,-0.26606888818976265,80,-0.0025116929318755865,-0.012321745976805687,0.9902685284614563,-0.15333136916160583,0.8738409876823425,0.10142523795366287,0.4445664986340578,286.75080330894923,0.0
28.083,61.8968505750047,0.2727357747958987,-0.13006711502274998,80,-0.0014984635636210442,0.006680422928184271,0.9785804152488708,0.2890569865703583,-0.5269928574562073,0.7079672813415527,0.4459708321645347,286.75080330894923,0.0
28.133,61.92500649739055,0.277901886325596,-0.03855516316666198,80,-0.009748228825628757,-0.004087153822183609,0.9984086155891418,1.1722136735916138,-1.0888327360153198,0.6059428453445435,0.44686055078754544,286.75080330894923,0.0
28.183,61.9609884690796,0.4590505222513265,-0.12405899038387048,80,-0.010674506425857544,-0.007124353665858507,1.0045479536056519,1.8863316774368286,-0.7767894864082336,0.9891372323036194,0.44766025330880166,286.75080330894923,0.0
28.234,61.97604096302678,0.5566087369121562,-0.24905965596838509,80,-0.007685466669499874,-0.004604820162057877,1.007063388824463,0.7343822717666626,-0.9936651587486267,-0.11146259307861328,0.4476782677030337,285.6377008989376,0.0
28.284,61.97369669259078,0.659471702062026,-0.011676968110379883,80,-0.014594013802707195,0.007012589368969202,1.013526201248169,-1.338077187538147,-1.5888174772262573,-0.6561748385429382,0.44760557503532483,285.6377008989376,0.0
28.335,61.97360685992189,0.6357273781959666,0.02113391689784818,80,-0.009677870199084282,-0.00036370655288919806,0.9899949431419373,-0.2790595591068268,0.8375961184501648,0.6523418426513672,0.4476672373309344,285.6377008989376,0.0
28.385,61.95800846602486,0.50945103557788,-0.12200300866885268,80,-0.0011542591964825988,0.0029691895470023155,0.9862475991249084,-0.450452595949173,0.12700152397155762,-1.066391110420227,0.44679684654592944,285.6377008989376,0.0
28.436,61.99167083095435,0.4561336454662412,0.36187285821094595,80,-0.00974042247980833,-0.004090151283890009,0.9860742092132568,0.7811405062675476,1.5223585367202759,1.2371147871017456,0.4461928333743841,285.6377008989376,0.0
28.486,61.97382523381223,0.6978992681006678,0.3078980295020779,80,-0.016394902020692825,0.007471935823559761,1.003458023071289,-0.6997334361076355,0.5817872285842896,-0.06184898689389229,0.44511119434235535,285.6377008989376,0.0
28.536,62.00568301626211,0.5768071146782654,0.37924765080256667,80,-0.005749269854277372,0.0010797902941703796,0.9890928268432617,0.9597620964050293,0.13882683217525482,1.7030428647994995,0.444313365973157,285.6377008989376,0.0
28.586,62.03455053569888,0.5633625136038194,-0.11462675050614324,80,-0.010094596073031425,-0.005198715254664421,0.9983615875244141,0.6333073973655701,0.3203524649143219,0.7765288352966309,0.44428143442482637,285.6377008989376,0.0
28.637,62.05945596042173,0.5500683024792747,-0.07488081836778757,80,-0.00840897485613823,-0.0035218738485127687,1.0061521530151367,0.6601952910423279,0.36407870054244995,0.7192728519439697,0.44483640524092793,285.6377008989376,0.0
28.687,62.07360325427699,0.5654668981422931,-0.17092933737831764,80,-0.011837342754006386,0.003513477509841323,1.001355767250061,0.8365851044654846,0.9718225002288818,1.3127084970474243,0.44471870774756556,285.6377008989376,0.0
28.738,62.0744789861848,0.5245119875481533,-0.27643199493189063,80,-0.00872752070426941,-0.0006012872909195721,1.0016655921936035,-0.376349538564682,0.37082549929618835,-0.9366032481193542,0.4437957789291286,269.66079465089365,0.0
28.788,62.07142206261276,0.6386257774277325,-0.042319349647811186,80,-0.011960680596530437,0.0017952732741832733,1.0010544061660767,-0.2309102565050125,0.11855188012123108,-0.8204362988471985,0.4428923474804351,269.66079465089365,0.0
28.839,62.060547508825614,0.6912493902833674,0.41747191445652576,80,-0.011236990801990032,0.018063828349113464,0.9974486231803894,-0.5464810729026794,-1.1509977579116821,0.21873055398464203,0.4422759328392615,269.66079465089365,0.0
28.889,62.12154651276358,0.8001665224154332,0.43354319732391555,80,-0.012578190304338932,-0.010200352407991886,0.9991519451141357,-0.009843774139881134,0.01135275512933731,2.1748833656311035,0.4401180806424011,269.66079465089365,0.0
28.94,62.21804404889089,0.8066376253625831,0.6696742226421101,80,-0.005883478559553623,0.023962607607245445,0.9840816855430603,1.9109166860580444,-1.25266432762146,4.007689952850342,0.4382775309793993,269.66079465089365,0.0
28.993,62.28921311027296,0.6971969122739685,0.04668312295684398,80,-0.0062303743325173855,-0.023220287635922432,1.003005862236023,-0.04159040376543999,-1.217195987701416,0.31361037492752075,0.43597185608526595,269.66079465089365,0.0
29.043,62.27099920448882,0.6638432884872718,-0.37151854758293146,80,-0.0110499681904912,-0.017010193318128586,1.0120916366577148,-1.4702433347702026,0.06024909391999245,-1.478827953338623,0.4356393071221244,269.66079465089365,0.0
29.094,62.21477397267477,0.6388761990855469,-0.0395402325416131,80,-0.013382078148424625,0.019353413954377174,1.000674843788147,-1.3322559595108032,-0.33900728821754456,-1.5217821598052979,0.4346674326718507,269.66079465089365,0.0
29.144,62.19924084050797,0.6744995421885568,0.3130506065198699,80,-0.014725450426340103,0.006588343996554613,0.991305947303772,-1.47105073928833,-0.449451208114624,-1.224424123764038,0.4332524999178885,269.66079465089365,0.0
29.194,62.20227745277704,0.6386191993562627,0.352511621117181,80,-0.004769494291394949,-0.002891102572903037,0.9860444068908691,-0.6232166886329651,-1.0639286041259766,0.2973426282405853,0.43281033888661924,269.66079465089365,0.0
29.245,62.18867791191319,0.3017790802638613,-0.17619458290733678,80,0.0060029057785868645,-0.014042251743376255,0.9757644534111023,-0.19246473908424377,-1.2412371635437012,-0.5656043887138367,0.43226170446719236,269.66079465089365,0.0
29.295,62.145335952774104,0.2559247154244256,-0.3520676767117873,80,-0.011305510066449642,-0.005302442703396082,1.0007696151733398,1.834093451499939,0.3430735170841217,-1.8677951097488403,0.43279718315314836,285.83235654899823,0.0
29.345,62.091645179999254,0.6172950739282833,-0.2203534883997417,80,-0.013996787369251251,-0.0032568511087447405,1.0076289176940918,0.09655147790908813,-0.2833770215511322,-0.8770214319229126,0.43294190483657763,285.83235654899823,0.0
29.396,62.02623617347447,0.6023915732198761,-0.19156207499307767,79,-0.013976030983030796,-9.539617894915864e-05,1.0194604396820068,-1.3139053583145142,0.21849384903907776,-2.2758493423461914,0.43271599034054614,285.83235654899823,0.0
29.446,61.99158651602855,0.5952309992334206,0.07903269078016292,79,-0.00777417654171586,0.00029389801784418523,0.9909561276435852,-1.3914697170257568,0.6473157405853271,-1.3788626194000244,0.43307100643815843,285.83235654899823,0.0
29.497,61.98811064979147,0.5323854468672508,0.2609825708241923,79,-0.008250348269939423,-0.00011657810682663694,0.9944661259651184,-2.031663179397583,-0.5831776261329651,-0.11862362176179886,0.4330629791926314,285.83235654899823,0.0
29.547,61.99371416637922,0.2890885022558732,0.09978109821424587,79,0.0022370496299117804,-0.00483567314222455,0.984127402305603,0.8612338304519653,1.468002200126648,0.17101925611495972,0.4333857467763597,285.83235654899823,0.0
29.597,61.97252947307319,0.4257266636039852,-0.15753931176424996,79,-0.01354333944618702,-0.013698145747184753,0.9949398636817932,-0.6539421081542969,0.9110255837440491,-0.811876654624939,0.4337945264818386,285.83235654899823,0.0
29.648,61.939534011507305,0.3867397663179549,0.10081053150465369,80,0.0021534794941544533,0.011863105930387974,0.9839833378791809,-0.4283939301967621,-0.6245278716087341,-1.054345726966858,0.434712449024072,285.83235654899823,0.0
29.698,61.94733674215197,0.40099117825526415,0.5069378780330912,80,-0.010813475586473942,0.009702173061668873,1.0066421031951904,0.019469108432531357,-0.6260533332824707,0.8178324103355408,0.4352588351127146,285.83235654899823,0.0
29.749,61.96022325380402,0.3926607540605352,0.23494396067344836,80,-0.009292722679674625,-0.0006243394454941154,1.001967191696167,-0.2566628158092499,0.1582268327474594,0.781274676322937,0.4362933511743197,285.83235654899823,0.0
29.799,61.958822131155564,0.35148509234568004,0.16792069369814294,80,-0.005458406172692776,0.010084654204547405,0.9972277283668518,-0.7527210116386414,-0.36205804347991943,0.6669421792030334,0.4369727334249926,285.83235654899823,0.0
29.85,62.00503570282076,0.5317677301615851,-0.12607147417937234,80,-0.01389810349792242,-0.026625143364071846,1.00789475440979,-1.0013560056686401,0.09989377111196518,0.15385179221630096,0.43744957360833986,285.7544624608257,0.0
29.901,61.98752859262689,0.20298982251478484,-0.1923088864726447,79,0.005553426221013069,0.008278324268758297,0.9705463647842407,-0.7099281549453735,-1.1389940977096558,0.01947600021958351,0.43881894487107065,285.7544624608257,0.0
29.951,61.95983117127131,0.05765478552899862,-0.2756504352209274,79,-0.0024539437144994736,0.0031446332577615976,0.9797585010528564,-0.4000208377838135,-1.8525484800338745,-1.3829536437988281,0.43987732575157845,285.7544624608257,0.0
30.001,61.93812589102484,0.27560285165646414,-0.10772227989260612,79,-0.015557675622403622,0.0022576560731977224,1.0131702423095703,0.8733906745910645,-2.2702243328094482,0.4673367142677307,0.4403765117980811,285.7544624608257,0.0
30.051,61.97557494738003,0.20969136734598934,-0.47508194198181186,79,0.0063525717705488205,-0.02356518618762493,1.0075706243515015,0.636294960975647,-0.8199769854545593,0.8786642551422119,0.440500781870298,285.7544624608257,0.0
30.101,61.940378805275856,0.14815208335491578,-0.6646419171330622,79,-0.00580117292702198,-0.006369089242070913,1.0186388492584229,-0.2726813554763794,-0.8542719483375549,-0.14881911873817444,0.4402009631297775,285.7544624608257,0.0
30.152,61.92650988838424,0.23817044356465478,-0.3344882779591433,80,-0.010500794276595116,0.008029522374272346,1.0101207494735718,-1.1959738731384277,-0.5023804306983948,-0.3741570711135864,0.4395399634925119,285.7544624608257,0.0
30.202,61.9367541433159,0.3398658385442773,-0.3570679015144592,80,-0.0035369566176086664,-0.015895290300250053,0.9948959350585938,-2.0389740467071533,-0.25288134813308716,-0.09390775114297867,0.43899440313624655,285.7544624608257,0.0
30.252,61.94986668623022,0.054911561502500046,-0.5195516938299632,80,0.0023366734385490417,-0.014602324925363064,0.9754481315612793,-0.7414379119873047,-1.015568733215332,0.08317109942436218,0.4389037419604334,285.7544624608257,0.0
30.303,61.93268488319671,0.1214361691058922,-0.7628515735631535,80,-0.0051995329558849335,-0.009853786788880825,0.9787216782569885,-0.20148932933807373,-1.0407646894454956,-0.8214470148086548,0.4388156833046887,285.7544624608257,0.0
30.353,61.91311769209425,0.12806622790156763,-1.1766480040061877,80,0.0038858919870108366,-0.031193647533655167,0.9932231903076172,0.9106689691543579,-0.015353001654148102,-2.3891818523406982,0.43857560411819274,286.24199822561934,0.0
30.403,61.861105586128886,0.07768233367401767,-0.48188501934728245,80,-0.00010155399650102481,0.005618547089397907,0.9942061305046082,0.8651913404464722,-0.3713890314102173,-0.4871424734592438,0.43905348915128756,286.24199822561934,0.0
30.454,61.85145116508554,0.1386316445810778,-0.36376502868563715,80,-0.00805588997900486,0.003309659892693162,1.0125280618667603,-0.46117937564849854,-1.2825952768325806,-1.6320197582244873,0.4388224531093061,286.24199822561934,0.0
30.504,61.852009537281674,0.22191595390500243,0.05448623703006433,80,-0.006398729048669338,0.006037132814526558,1.0050792694091797,0.8283658027648926,0.6443018317222595,1.4569872617721558,0.43849916244998827,286.24199822561934,0.0
30.554,61.890647703223394,0.3564776169761856,-0.21065350078104128,80,-0.010670029558241367,-0.008512508124113083,1.0143507719039917,-1.1305581331253052,0.13936588168144226,0.7346541881561279,0.43810692127107353,286.24199822561934,0.0
30.605,61.944855665852344,0.2718909650830888,-0.26304641633080333,80,0.0025492107961326838,-0.011112873442471027,0.9862000942230225,-0.41690921783447266,1.0606414079666138,2.6414973735809326,0.4379364402368354,286.24199822561934,0.0
30.656,61.996982566728164,0.25567385796691694,-0.5536281862684537,79,-0.007369949482381344,-0.01615764945745468,0.9954164624214172,-0.0707884281873703,1.4934128522872925,1.302301287651062,0.43794576137364866,286.24199822561934,0.0
30.706,62.022620169771,0.28504073691884046,-0.4949088169305324,79,-0.008833568543195724,0.003058862406760454,0.9944008588790894,0.6228294968605042,0.25805842876434326,-0.2107178419828415,0.43766884398533307,286.24199822561934,0.0
30.756,62.06021268012287,0.28343533527640585,-0.4579999153134163,79,-0.00020488070731516927,-0.014904695563018322,0.9935083389282227,-0.4809795916080475,0.010886256583034992,-0.666545569896698,0.4365238906021749,286.24199822561934,0.0
30.807,62.05383745930823,0.2609371284530399,-0.11559439759924091,79,-0.005519942380487919,0.011354268528521061,0.9947831630706787,1.3136847019195557,0.6387122273445129,0.6619192957878113,0.4353407924374734,286.24199822561934,0.0
30.858,62.073310596597715,0.5137802923890227,-0.1258117600159125,79,-0.011117998510599136,-0.004378236830234528,1.009843349456787,-0.8243954181671143,-0.24707135558128357,-0.03773494064807892,0.4341199762534765,286.24199822561934,0.0
30.909,62.08082210139759,0.30388293041523123,-0.5311734216519677,80,0.0035119205713272095,-0.022480851039290428,0.9980642199516296,-0.24628889560699463,0.3027951121330261,-1.0244166851043701,0.43257966710145784,285.44331019463726,0.0
30.959,62.064667104639305,0.3110223770994606,-0.4317443656845562,80,-0.007464796304702759,-0.01186569407582283,1.0125468969345093,0.7867822647094727,1.7234793901443481,0.10860191285610199,0.4320309051260822,285.44331019463726,0.0
31.009,62.041500027700444,0.5477671992820241,-0.3576591747854273,80,-0.012976033613085747,-0.005046334583312273,1.0104316473007202,-0.5995587706565857,0.45322489738464355,-1.6075443029403687,0.43189749802480565,285.44331019463726,0.0
31.06,62.02215344079255,0.5010609719593659,-0.018781874607406022,80,-0.005420851055532694,0.0035104898270219564,0.9908025860786438,-1.3351879119873047,0.26748964190483093,-0.3394758999347687,0.43152823452721234,285.44331019463726,0.0
31.11,62.03859702948358,0.521848346478388,0.18125835611893887,80,-0.008620244450867176,0.0022689220495522022,0.9888401627540588,-0.7463593482971191,1.1609373092651367,0.6767305135726929,0.4315712091415138,285.44331019463726,0.0
31.161,62.062685139014945,0.5015584648878193,0.39093788514438677,79,-0.0069779762998223305,0.008886038325726986,0.995991051197052,-0.3562180995941162,0.07669930905103683,1.7647489309310913,0.4318747072557364,285.44331019463726,0.0
31.211,62.10849931180111,0.4127681653497803,0.16317613497766478,79,-0.0024908739142119884,-0.00507138017565012,0.989904522895813,0.023380596190690994,0.15315799415111542,1.0896110534667969,0.43234942030421536,285.44331019463726,0.0
31.261,62.1332520674487,0.24452823906918686,0.02362872852757517,79,-0.0012690814910456538,-0.003933922853320837,0.9963246583938599,0.46399828791618347,-0.48285967111587524,0.6696043610572815,0.43332620158787616,285.44331019463726,0.0
31.312,62.161585484264535,0.26087383512279677,-0.18843701586076073,79,-0.0010081592481583357,-0.011695177294313908,1.007726788520813,0.19653618335723877,-0.016806546598672867,0.9915282130241394,0.43375408069896226,285.44331019463726,0.0
31.362,62.153340396002214,0.17997827221712806,-0.35247415837167684,79,-0.003945869859308004,0.0014230347005650401,0.9981749057769775,-0.46614235639572144,-0.014153126627206802,-0.39258915185928345,0.4341513691848391,285.44331019463726,0.0
31.412,62.150372481832925,0.25879479838616687,-0.3549643658842241,80,-0.006092756986618042,-0.01245088130235672,0.9954650402069092,-0.4657445549964905,-0.004896602593362331,-0.7145861983299255,0.43476217452864907,285.44331019463726,0.0
31.462,62.0933329822385,0.17508329614665874,-0.051802771792073384,80,0.0027718855999410152,0.011761495843529701,0.9852370619773865,-0.17410218715667725,-0.4819965362548828,-1.108462929725647,0.4354871855270516,286.2029341521665,0.0
31.513,62.077400193903905,0.18417917382182697,0.020556451933764937,80,-0.0024744407273828983,-0.0022706168238073587,1.0024231672286987,0.034661371260881424,-0.6440350413322449,-1.6389387845993042,0.4365942830218244,286.2029341521665,0.0
31.563,62.06330990334016,0.39283292471598674,0.027446174961140355,80,-0.013207695446908474,-0.014157779514789581,1.0057865381240845,-0.02214253507554531,0.9814364910125732,-0.13875773549079895,0.438302384246274,286.2029341521665,0.0
31.614,62.04867162103952,0.462428862525596,0.045255207581681146,80,-0.006532485596835613,-0.0008874209597706795,0.9592950940132141,-1.114502191543579,-2.691056966781616,0.49188801646232605,0.4396737782875293,286.2029341521665,0.0
31.664,62.04235507712992,0.790124532812379,-1.2407878212982995,79,-0.031346846371889114,-0.055736392736434937,0.939570426940918,-1.2889845371246338,-8.726218223571777,-1.6548413038253784,0.44123062730076756,286.2029341521665,0.0
31.715,61.929576655362595,2.1719785297773786,-3.6515086920299873,79,-0.08670008182525635,-0.11519844084978104,0.7684075832366943,-9.504772186279297,-28.498559951782227,-9.763980865478516,0.4419236967251402,286.2029341521665,0.0
31.765,61.74307357684443,4.91065915031259,-5.311557402618855,79,-0.16610997915267944,-0.09468337893486023,0.6043393015861511,-28.269325256347656,-69.73999786376953,-2.9331445693969727,0.4422871600947164,286.2029341521665,0.0
31.815,61.59703795849367,7.521195477228357,-6.444565346907788,79,-0.23733828961849213,-0.010586715303361416,0.40948066115379333,-32.90021896362305,-101.38272094726562,11.425541877746582,0.44030098568301196,286.2029341521665,0.0
31.865,63.074920232838785,11.708880353195228,-6.436120632669701,79,-0.29097414016723633,-0.08189138025045395,0.6658979654312134,15.321979522705078,-62.98917007446289,61.66130828857422,0.4329014082914812,286.2029341521665,0.0
31.915,65.2788458855884,14.476378878824805,-9.232614140480385,79,-0.29662442207336426,-0.2227664291858673,0.5558629035949707,8.669837951660156,-37.085044860839844,50.65085983276367,0.42443533690674873,286.2029341521665,0.0
31.966,66.41760846901441,15.712519409034831,-10.46623060523833,79,-0.23822198808193207,-0.10793571919202805,0.8965862393379211,18.444355010986328,47.69938659667969,6.619116306304932,0.4060697698156246,288.5856612082015,0.0
32.016,66.9831366738734,16.02609921496387,-1.1613682162701802,79,-0.2165723294019699,0.13210105895996094,1.283691167831421,76.13592529296875,7.1609206199646,23.00191307067871,0.38007388879534404,288.5856612082015,0.0
32.066,67.8086782570511,11.582099626328135,-4.957143898829837,79,-0.01554154697805643,-0.2542542517185211,1.3923792839050293,1.5024583339691162,-22.26427459716797,26.490041732788086,0.35916843436121515,288.5856612082015,0.0
32.117,68.62631052049284,1.2459059103039787,-14.563415924871723,80,0.2901441752910614,-0.5408757925033569,1.446885108947754,23.349884033203125,0.36315086483955383,18.349679946899414,0.33663807925608263,288.5856612082015,0.0
32.167,68.63383952108867,-6.291678661908556,-22.972991403647075,80,0.30543777346611023,-0.4816763997077942,1.3622148036956787,52.446067810058594,-46.332183837890625,-15.323638916015625,0.3002110261959504,288.5856612082015,0.0
32.217,67.73884576888891,-7.872566114291533,-27.8868311343825,80,0.08632266521453857,-0.5275356769561768,1.0986368656158447,20.63925552368164,-81.75555419921875,-28.743135452270508,0.2764408175638217,288.5856612082015,0.0
32.268,67.18640875075354,-5.62212504353647,-31.055782182207327,80,0.028880145400762558,-0.47882768511772156,1.07504141330719,34.05921173095703,-30.67616081237793,-13.508768081665039,0.24283163713176992,288.5856612082015,0.0
32.318,66.67065331991053,2.301059861908064,-26.079531070411463,80,-0.2178235501050949,-0.26793715357780457,0.9310154914855957,105.6822280883789,28.161190032958984,-8.67257022857666,0.21200335877018592,288.5856612082015,0.0
32.368,66.34658061330374,7.855084899537047,-24.92578843548212,80,-0.1844886690378189,-0.7834564447402954,1.3395087718963623,-52.134368896484375,122.70960235595703,-5.961329936981201,0.19326326303227184,288.5856612082015,0.0
32.42,65.85146075118716,9.06934314336138,-16.231764290130958,80,-0.16469350457191467,-0.09046468138694763,1.1476417779922485,-57.7907829284668,134.34864807128906,-0.8532072305679321,0.1687831522208033,288.5856612082015,0.0
32.47,66.19682544321147,4.126421510241944,-9.908417417829334,80,-0.08693696558475494,-0.311852365732193,0.8942832350730896,-261.8655700683594,-124.280517578125,17.048839569091797,0.1542827697027498,288.5856612082015,0.0
32.52,66.13619791920104,-1.4013513296879487,-17.773368926958675,80,-0.029169820249080658,-0.4699510931968689,1.5306347608566284,-1.1097753047943115,32.61385726928711,26.26051139831543,0.13493845107730332,285.4821671658045,0.0
32.571,66.2284249874508,-1.0358869379354163,-5.502195717037105,80,0.06133831664919853,0.12316417694091797,0.33908045291900635,-20.944116592407227,296.1597595214844,-12.216573715209961,0.12378282424986156,285.4821671658045,0.0
32.621,66.07185919961488,-1.050803855429211,3.4926242193394117,80,0.10394944250583649,-0.17413796484470367,0.5607553720474243,-49.06417465209961,-26.25377655029297,-12.214829444885254,0.1085390535623894,285.4821671658045,0.0
32.671,66.14872403061585,-1.0026344699803071,1.691875081829635,80,0.033071961253881454,-0.008764841593801975,0.9765597581863403,0.09194119274616241,0.07453492283821106,-0.4578963816165924,0.09929865375047456,285.4821671658045,0.0
32.722,66.14777954139568,-0.7004801186834347,1.1589169011081006,80,0.007569464854896069,0.01253531128168106,0.9996123909950256,-0.362527072429657,-0.33664873242378235,-0.02438584715127945,0.08721194645769663,285.4821671658045,0.0
32.772,66.14848654438667,-0.6187715069691669,0.8479777929704511,80,0.008308136835694313,0.01150327268987894,0.9976708889007568,0.048211149871349335,-0.1430237740278244,0.16576945781707764,0.08014079943281571,285.4821671658045,0.0
32.822,66.14827372507608,-0.5746271066892934,0.6781446667398079,80,0.0088121946901083,0.007005573250353336,0.9991100430488586,-0.25622543692588806,-0.15308937430381775,0.03870813548564911,0.07061644477128008,285.4821671658045,0.0
32.873,66.1446937848155,-0.5862917436970203,0.6352641156451322,79,0.01077166385948658,0.011423383839428425,0.9990058541297913,-0.22739219665527344,-0.1349932998418808,-0.22238001227378845,0.06492214516635283,285.4821671658045,0.0
32.924,66.14229737276426,-0.5731246913858902,0.5594079406496775,79,0.00884175579994917,0.010237875394523144,1.0023193359375,0.05258505046367645,-0.17789115011692047,-0.14489714801311493,0.05736853009201837,285.4821671658045,0.0
32.974,66.14590338154174,-0.5775845861096333,0.5600643971235597,79,0.00988820195198059,0.010917043313384056,0.9976692795753479,-0.2910307049751282,-0.006521120667457581,-0.028612468391656876,0.052832388240617374,285.4821671658045,0.0
33.025,66.14342191495501,-0.5773920870208444,0.5484645826671373,79,0.00934996735304594,0.00805110577493906,0.998031497001648,-0.05533398315310478,0.03401146084070206,-0.0785735622048378,0.046654062192876405,285.4821671658045,0.0
33.075,66.1428867987277,-0.5818695421247772,0.5304111157152668,79,0.00920592900365591,0.008584234863519669,0.9968277215957642,-0.20370273292064667,0.027628645300865173,0.10342996567487717,0.04295558543326413,284.1861914763873,0.0
33.126,66.1408746125984,-0.5838197620802216,0.5161449628521028,79,0.010909654200077057,0.009311097674071789,0.9978043437004089,-0.10759105533361435,0.0759681984782219,-0.3702579438686371,0.037522944171488375,284.1861914763873,0.0
33.176,66.14000901128156,-0.5464054042266661,0.5512873993552915,79,0.008215698413550854,0.010202265344560146,0.9980148673057556,-0.08982156217098236,-0.18125207722187042,-0.08363836258649826,0.032631848968551154,284.1861914763873,0.0
33.226,66.13555268515832,-0.522428824408072,0.5331034015117379,79,0.005573726259171963,0.007983991876244545,1.0012909173965454,-0.20721203088760376,-0.026185574010014534,-0.17100673913955688,0.029782184996175003,284.1861914763873,0.0
33.277,66.13643045313805,-0.543211229770833,0.5411727977319869,79,0.007689987774938345,0.009675051085650921,0.9971129894256592,-0.2654009163379669,-0.34022942185401917,-0.02970731258392334,0.026055426286546352,284.1861914763873,0.0
33.327,66.1386353184409,-0.5481905809182709,0.5379336856808857,79,0.012102898210287094,0.011494646780192852,1.0019527673721313,0.11048208922147751,0.09891217947006226,0.11759533733129501,0.023881380354026847,284.1861914763873,0.0
33.378,66.14240453639312,-0.5008458631596165,0.5530716827856281,79,0.006607834715396166,0.008940326981246471,0.9978256821632385,0.01393477339297533,-0.09764375537633896,0.028549226000905037,0.020953403409682093,284.1861914763873,0.0
33.43,66.15119442591627,-0.5815686517613993,0.5902939703926756,79,0.012860150076448917,0.021256806328892708,0.9992539882659912,-0.6083135604858398,-0.8984218239784241,0.06607228517532349,0.01930542537870072,284.1861914763873,0.0
33.48,66.15159181393005,-0.5380332149177763,0.5288752786559487,79,0.009488854557275772,0.007753095123916864,0.9984859228134155,0.07799883931875229,0.17526482045650482,0.147550567984581,0.017539484498109083,284.1861914763873,0.0
33.531,66.15078440346652,-0.5488401230593546,0.5470395922773397,79,0.0093281464651227,0.010122002102434635,0.997776985168457,-0.40480074286460876,-0.00266437279060483,-0.08259714394807816,0.01667423550390746,284.1861914763873,0.0
33.581,66.15141009977813,-0.549491649465855,0.5451407437851485,79,0.011402221396565437,0.008779407478868961,0.9988745450973511,-0.1239447370171547,0.09688838571310043,-0.24169528484344482,0.015625971351237035,285.15221972941737,0.0
33.631,66.15057121276908,-0.5298465252797397,0.5245345692531159,79,0.0073476023972034454,0.007967237383127213,0.9965531229972839,-0.1865515261888504,-0.11281617730855942,-0.17505666613578796,0.01548567474043226,285.15221972941737,0.0
33.681,66.15188085306384,-0.555397988256018,0.470293605896442,79,0.011433533392846584,0.005596039351075888,0.9979931116104126,-0.03407641500234604,0.28531742095947266,0.020140087231993675,0.01555574619914903,285.15221972941737,0.0
33.731,66.15168574588033,-0.5470663147412378,0.48821837264878104,79,0.0077299755066633224,0.009639590978622437,0.9973248839378357,-0.242405503988266,0.10955190658569336,0.1566239893436432,0.016034219415479264,285.15221972941737,0.0
33.782,66.15217918643687,-0.5512516178084375,0.5380293024603492,79,0.007865766063332558,0.010410062968730927,0.9970320463180542,-0.20097585022449493,-0.0008609078940935433,0.09962198138237,0.016298643862046425,285.15221972941737,0.0
33.832,66.1519526940995,-0.5638881958543357,0.5548817859715733,79,0.009387760423123837,0.010263126343488693,0.9985511898994446,-0.11163448542356491,0.15318778157234192,0.11584466695785522,0.016675821435625293,285.15221972941737,0.0
33.883,66.1526880372884,-0.5493602731940233,0.5349372743857794,80,0.009540657512843609,0.011160324327647686,0.9977890849113464,-0.1925402134656906,-0.09821733087301254,0.006898767780512571,0.01735577361833206,285.15221972941737,0.0
33.933,66.15438133515,-0.5471829790064522,0.5461407926617219,80,0.008573688566684723,0.00851293746381998,0.9982261061668396,0.1077532097697258,-0.04250582307577133,0.03530959412455559,0.0179910844689402,285.15221972941737,0.0
33.984,66.15513988752218,-0.5281246998283055,0.5645584083067501,80,0.00920059997588396,0.009116299450397491,0.9974766969680786,0.11363288760185242,-0.06048894301056862,-0.08635174483060837,0.018743364494751606,285.15221972941737,0.0
34.034,66.15411988036352,-0.4966584686462474,0.5229548774886024,80,0.008698325604200363,0.008050656877458096,0.997405469417572,-0.24403813481330872,-0.040067583322525024,-0.13928921520709991,0.019190242959724546,285.15221972941737,0.0
34.084,66.15607955971512,-0.5164267002696643,0.5291544339154391,80,0.00631839781999588,0.009379060938954353,0.9997878074645996,-0.11703293770551682,0.05252184346318245,0.03933342546224594,0.019510182724984018,285.15221972941737,0.0
34.135,66.15655966890606,-0.49575091785333025,0.5186387581133682,80,0.007874401286244392,0.010717442259192467,0.998962938785553,0.3346177041530609,-0.2256995141506195,0.005432121455669403,0.020102863726250107,288.62537847508946,0.0
34.185,66.1554704143871,-0.5255451201880499,0.55786510622617,80,0.009556984528899193,0.010355168953537941,0.996838390827179,-0.25852522253990173,-0.08306023478507996,-0.17724590003490448,0.021511244096615735,288.62537847508946,0.0
34.236,66.15515632104895,-0.5328768338551845,0.5532531263579765,80,0.010121505707502365,0.009959489107131958,0.9964059591293335,0.032122522592544556,0.04237162321805954,0.2508273422718048,0.022871782737622543,288.62537847508946,0.0
34.286,66.15725539075837,-0.5512692335797512,0.5657029137518237,80,0.01069297082722187,0.010130041278898716,0.9999712705612183,-0.04711700975894928,0.01641160063445568,0.11014391481876373,0.025439907731027465,288.62537847508946,0.0
34.336,66.15392525065492,-0.5795087582372395,0.5448210307213094,80,0.010920890606939793,0.010631230659782887,0.9982470870018005,-0.06819400936365128,0.09038722515106201,-0.06046052649617195,0.027856677041790307,288.62537847508946,0.0
34.386,66.15599582777135,-0.5288226459328191,0.5550879348500429,80,0.006107350345700979,0.010184723883867264,0.9985734820365906,-0.06677790731191635,0.08971831202507019,0.03736710175871849,0.029902182745278793,288.62537847508946,0.0
34.437,66.15951775181166,-0.5320183024693317,0.5781774511660505,80,0.009420730173587799,0.009124049916863441,0.9988343715667725,0.032260712236166,0.04721586033701897,0.014365565963089466,0.0335339295190239,288.62537847508946,0.0
34.487,66.16175293248801,-0.5291627434573221,0.5390713176539255,80,0.00942505057901144,0.00828308705240488,1.0011401176452637,0.026999756693840027,0.11378256231546402,0.19514279067516327,0.03584335363567552,288.62537847508946,0.0
34.538,66.1580999545788,-0.5377394370988606,0.5641649019233467,80,0.009282609447836876,0.008710957132279873,0.9991478323936462,-0.10449443757534027,-0.2817748188972473,0.03552272170782089,0.038677895004621723,288.62537847508946,0.0
34.588,66.15524611289467,-0.5512905062974356,0.5429357271604985,80,0.009812378324568272,0.00938687939196825,0.9996023774147034,-0.17278994619846344,-0.11293118447065353,-0.030889572575688362,0.040656732635533065,288.62537847508946,0.0
34.638,66.1579279598023,-0.5327661659374111,0.575662067260407,79,0.009326977655291557,0.009079077281057835,1.0009626150131226,-0.12904499471187592,-0.061613649129867554,-0.0999855250120163,0.04305387559266416,288.62537847508946,0.0
34.689,66.1550791419677,-0.5261254789439015,0.5578175609357208,79,0.008160977624356747,0.010561392642557621,0.9973217248916626,-0.24632275104522705,0.06905246526002884,-0.0392548143863678,0.0444461642841572,280.78082742000265,0.0
34.739,66.1551656448216,-0.5454875991963498,0.551800361663228,79,0.009170032106339931,0.010136968456208706,1.0005162954330444,0.147520050406456,0.12474699318408966,0.15756401419639587,0.046140482773304244,280.78082742000265,0.0
34.79,66.15378773085216,-0.526544719846389,0.5409891684536202,79,0.01084791962057352,0.009105267003178596,0.9958881735801697,0.0020875525660812855,-0.15955312550067902,-0.03673148527741432,0.04681815669291565,280.78082742000265,0.0
34.84,66.15102180468404,-0.5655354862669272,0.556793062850471,79,0.01174760889261961,0.011698469519615173,0.9970809817314148,0.08572061359882355,-0.1982540339231491,-0.10077804327011108,0.048060642067332036,280.78082742000265,0.0
34.89,66.15074028475671,-0.5264272487991599,0.5607433298676081,80,0.008481806144118309,0.009753399528563023,0.9976990222930908,-0.022217094898223877,0.1337958127260208,0.19253948330879211,0.048819328922070755,280.78082742000265,0.0
34.941,66.15142738598266,-0.5370480869293682,0.5586255075134003,80,0.008825965225696564,0.010482403449714184,0.996766984462738,-0.0005412321188487113,0.00023849080025684088,0.18480949103832245,0.04939062796991401,280.78082742000265,0.0
34.991,66.15602067223178,-0.5174178915497959,0.5539445806770082,80,0.009712768718600273,0.011037316173315048,0.9976761341094971,-0.2263355255126953,0.024857671931385994,0.10873641073703766,0.049566980587790035,280.78082742000265,0.0
35.041,66.15586439715186,-0.5333581955675506,0.4928115306441492,80,0.010359919629991055,0.007683868519961834,0.9973320364952087,0.12422782927751541,-0.19618766009807587,0.13193880021572113,0.049696183041009014,280.78082742000265,0.0
35.092,66.15601480847086,-0.55453488372511,0.5081642212042103,80,0.009108479134738445,0.009259816259145737,0.9975423216819763,-0.1955232173204422,-0.07438693940639496,-0.12103112787008286,0.0497597081402195,280.78082742000265,0.0
35.143,66.1545932807011,-0.5566148221433189,0.5266348709993783,79,0.00866694375872612,0.009465385228395462,0.9977258443832397,-0.07669541984796524,0.031902898102998734,-0.03479447215795517,0.04981104537887175,280.78082742000265,0.0
35.193,66.15496430293298,-0.5706591156160746,0.49756169423056973,79,0.010252941399812698,0.005564132705330849,0.9986554980278015,-0.03592265769839287,-0.008925926871597767,-0.11398346722126007,0.0499276293611566,285.11345251852356,0.0
35.243,66.15352314277658,-0.5789321695811283,0.513351749844501,79,0.010122817009687424,0.00880278367549181,0.9979305863380432,-0.10632707178592682,0.04116469621658325,-0.052979063242673874,0.0500264145261441,285.11345251852356,0.0
35.294,66.15252574225713,-0.5515272267662272,0.5288677024382326,79,0.008470479398965836,0.009654960595071316,0.9973927140235901,0.026383889839053154,-0.08807272464036942,0.16464199125766754,0.0497258603661434,285.11345251852356,0.0
35.344,66.1516329215961,-0.5263764647714446,0.5200158971068495,79,0.007611570414155722,0.008004025556147099,0.9999740719795227,-0.2421276867389679,0.11382076144218445,0.002061994280666113,0.04925657130027012,285.11345251852356,0.0
35.395,66.15314851833323,-0.5108842679090322,0.5570946129616237,79,0.007270377594977617,0.01192291546612978,0.9980451464653015,0.164855495095253,0.053113002330064774,-0.02344973012804985,0.04902825259681735,285.11345251852356,0.0
35.445,66.15483654307074,-0.5246176916711154,0.5858550056342032,79,0.010626292787492275,0.010363249108195305,0.9971303939819336,-0.1846379190683365,-0.042624298483133316,0.050414182245731354,0.04912566443918903,285.11345251852356,0.0
35.495,66.15511097470217,-0.5322349616091343,0.5450955007226401,79,0.009352168999612331,0.007959400303661823,0.9980696439743042,-0.09022743254899979,-0.10637110471725464,-0.10125013440847397,0.04909535427170938,285.11345251852356,0.0
35.546,66.15428665165929,-0.5358617453241372,0.5484200515862394,79,0.008893693797290325,0.011363434605300426,0.9994433522224426,0.20557807385921478,-0.0011793453013524413,-0.10220115631818771,0.04922980814236995,285.11345251852356,0.0
35.597,66.15569742884907,-0.5315023182032586,0.560068311193318,79,0.009292123839259148,0.010215730406343937,1.0000096559524536,0.12614259123802185,0.23911668360233307,0.16158340871334076,0.04923593002749797,285.11345251852356,0.0
35.647,66.15468737468677,-0.5413116337427823,0.5649792211585464,79,0.008541219867765903,0.010217037983238697,0.9981692433357239,-0.13504941761493683,-0.018975118175148964,0.036014359444379807,0.04850781349394999,285.11345251852356,0.0
35.698,66.15473175077408,-0.5338350335666657,0.5312718664822978,79,0.008160389959812164,0.008305988274514675,0.996963381767273,0.1689750701189041,-0.03947589173913002,0.17642968893051147,0.046837437104800574,285.11345251852356,0.0
35.748,66.15679757839273,-0.5565931984326137,0.5011877153577912,79,0.01027374342083931,0.008575084619224072,0.9963847398757935,-0.0625566616654396,0.1426907330751419,0.0878019779920578,0.04554611148456709,285.94927733842377,0.0
35.799,66.16065826465586,-0.5514935166182843,0.5331721911591377,79,0.009261798113584518,0.010445209220051765,0.9994114637374878,-0.11534516513347626,-0.0975932627916336,0.19606654345989227,0.04416300028806256,285.94927733842377,0.0
35.849,66.15970968046292,-0.5456266416579801,0.532577508057367,79,0.010252437554299831,0.007986829616129398,0.9996883869171143,0.07630786299705505,0.19052830338478088,-0.009068637154996395,0.04325590267897307,285.94927733842377,0.0
35.901,66.1583168333688,-0.5884260854137079,0.5200779192888018,79,0.008643064647912979,0.00816486869007349,1.0002248287200928,0.03787394240498543,-0.1152811348438263,0.19166958332061768,0.04195245095772561,285.94927733842377,0.0
35.951,66.15583815370404,-0.5878204934052639,0.5573806915782309,79,0.009166131727397442,0.009420339949429035,1.0007458925247192,-0.07742404192686081,-0.03725916147232056,-0.052079375833272934,0.0410756652550088,285.94927733842377,0.0
36.002,66.15874465626528,-0.5519548510473015,0.510673275353906,79,0.010269197635352612,0.008006125688552856,0.9975128769874573,-0.1353628784418106,0.013654935173690319,0.22907549142837524,0.039989009769085114,285.94927733842377,0.0
36.052,66.16073303109816,-0.5457824920338245,0.5057703939246692,79,0.008137737400829792,0.007401054259389639,0.9969521164894104,-0.11871690303087234,-0.05127532407641411,-0.14134156703948975,0.03944071488221768,285.94927733842377,0.0
36.102,66.15874108060427,-0.5652470523859021,0.5275595187049592,79,0.011873120442032814,0.010889080353081226,0.9986070394515991,-0.261592835187912,0.06881231814622879,0.14877714216709137,0.03906530454443363,285.94927733842377,0.0
36.153,66.16061884163113,-0.563583504677244,0.554532159247776,80,0.011550785042345524,0.010005258023738861,0.9991691708564758,0.07381867617368698,-0.18154695630073547,0.12776517868041992,0.038824039253490844,285.94927733842377,0.0
36.203,66.15967021731412,-0.5579568509341082,0.48348618358100404,80,0.007512467447668314,0.005570654757320881,0.9996547698974609,0.008769731037318707,0.04974956065416336,-0.11103621870279312,0.03817702275667671,285.94927733842377,0.0
36.254,66.1569791962011,-0.4957010198433772,0.4993020680928626,80,0.007069443352520466,0.01105306576937437,0.9995098114013672,0.05745448172092438,-0.03575340285897255,0.27613410353660583,0.037387276492050175,285.94927733842377,0.0
36.304,66.15935527839916,-0.507695760835951,0.48494820919295656,80,0.010324728675186634,0.008758448995649815,0.9974575042724609,-0.024655476212501526,-0.09276051074266434,-0.14900635182857513,0.037030365943638975,286.4766067891537,0.0
36.354,66.15829072343733,-0.5103569899091083,0.49972028603486585,80,0.008174465969204903,0.008257784880697727,0.9983628392219543,-0.04990135878324509,0.14208579063415527,-0.00832388550043106,0.03626318818459674,286.4766067891537,0.0
36.405,66.15577111435488,-0.5021417494960453,0.5065644441055502,79,0.008586069568991661,0.009211686439812183,1.0005849599838257,-0.136781245470047,-0.10070487856864929,-0.06768491864204407,0.03594082488861491,286.4766067891537,0.0
36.455,66.15740789085831,-0.49155025488000975,0.5284528874596508,79,0.007639836519956589,0.011739099398255348,0.9984593987464905,0.018235724419355392,-0.1785382330417633,0.16590772569179535,0.03539019676184862,286.4766067891537,0.0
36.506,66.15740031277265,-0.525089371662662,0.5678923764496937,79,0.007847488857805729,0.010712757706642151,0.9974400401115417,-0.33670473098754883,-0.19855591654777527,0.018155664205551147,0.034545110198963266,286.4766067891537,0.0
36.556,66.15660123530688,-0.5072333934686118,0.56222613176787,79,0.008551781997084618,0.010199583135545254,0.9989430904388428,-0.04818631708621979,0.08528739959001541,-0.12524332106113434,0.03303595841569563,286.4766067891537,0.0
36.607,66.15791317677295,-0.5079415535725373,0.5352787865215698,79,0.008293665014207363,0.008745059370994568,0.9948449730873108,-0.09517816454172134,-0.06391429156064987,-0.01946071721613407,0.03222971245130055,286.4766067891537,0.0
36.657,66.15891128883366,-0.5173494957085293,0.5616299514894173,79,0.010743296705186367,0.010340787470340729,0.9986827969551086,-0.1699775606393814,0.020002949982881546,-0.11134354025125504,0.030275407528693912,286.4766067891537,0.0
36.707,66.15818639811101,-0.5196347193470228,0.5694894735877304,79,0.009379137307405472,0.009257197380065918,0.9955365061759949,-0.24995358288288116,0.0763310119509697,0.081321120262146,0.029255032373626946,286.4766067891537,0.0
36.757,66.15660835096422,-0.5421074962099146,0.5340852429074746,79,0.011085781268775463,0.007906492799520493,0.996707558631897,0.05996467545628548,-0.006622433662414551,-0.024148819968104362,0.027909279325087723,286.4766067891537,0.0
36.808,66.15362111079862,-0.5086813202059418,0.5142928966693784,79,0.009811798110604286,0.009941702708601952,1.0001155138015747,0.0641755685210228,-0.09806498140096664,-0.04070929437875748,0.026986272428279338,282.3306408185245,0.0
36.858,66.15274339334576,-0.5153334828286584,0.5364985346225389,79,0.008957374840974808,0.00837794505059719,0.996466338634491,-0.31426286697387695,0.09514894336462021,-0.015985941514372826,0.025503979162062134,282.3306408185245,0.0
36.909,66.15249513053055,-0.5365205091680889,0.554640528744513,79,0.011071262881159782,0.010112060233950615,1.0012800693511963,-0.05563625320792198,-0.005449324380606413,0.1641896516084671,0.024257683410753832,282.3306408185245,0.0
36.959,66.15330435370844,-0.5216817301128597,0.5529294149811145,79,0.008732760325074196,0.009969347156584263,0.9988398551940918,-0.10161571949720383,0.1882312148809433,0.05539052560925484,0.02244286818091122,282.3306408185245,0.0
37.01,66.1513665377824,-0.5109537807606926,0.5275853929093196,79,0.009005429223179817,0.009525465779006481,0.9985397458076477,-0.09049896895885468,-0.09090354293584824,0.09023924171924591,0.021501591554131626,282.3306408185245,0.0
37.06,66.15014144925199,-0.5078034272352777,0.5466725098954225,79,0.006953240372240543,0.011708206497132778,0.9975977540016174,-0.08999987691640854,-0.2686786353588104,-0.0446602888405323,0.02093975055151023,282.3306408185245,0.0
37.11,66.15055254274381,-0.5265615612565397,0.5603858100586403,79,0.009617299772799015,0.009947029873728752,0.9993667602539062,0.01389134768396616,-0.02252112329006195,-0.044523779302835464,0.02042373308675805,282.3306408185245,0.0
