time (s),yaw,pitch,roll,battery
0.0,137.2457067892626,0.22017278757916117,0.989040693431709,49
0.02,137.2451178224716,0.21423767526609205,0.9464529475083596,49
0.041,137.2467491375583,0.25885404706961507,0.9725090366618061,49
0.061,137.2452469821268,0.27881085186658583,0.9310939785865225,49
0.082,137.2455801124892,0.2888118379600404,0.9515621115806618,49
0.102,137.24406141064418,0.24301520101779922,0.9398756912406288,49
0.122,137.2459483399152,0.1844444775410544,0.8976137521949258,49
0.142,137.24592680617786,0.2140621611099697,0.9530867511668268,49
0.163,137.24510515316229,0.21346363127592702,0.9408468733618833,49
0.183,137.24693821717375,0.21589761974140745,0.8917097003770675,49
0.204,137.24725707658456,0.24136739304581836,0.9566249745132868,49
0.224,137.2488052110082,0.26921741188714543,0.9657507944083318,49
0.245,137.24895432724458,0.2500705091502615,0.9878557585201755,49
0.266,137.2505606731317,0.25121205644576355,0.9408022766753092,49
0.286,137.25159245951963,0.2658405462114508,0.9411488780682747,49
0.306,137.25311111106416,0.23895809409244564,0.9069588443049855,49
0.326,137.25236168867715,0.21871613808334392,0.8639046567224496,49
0.346,137.25412024593575,0.23625163964484377,0.8846119968240803,49
0.367,137.2535987671486,0.24330038198660714,0.9368252800754001,49
0.387,137.25299968536353,0.2503524744211878,0.9326608449527884,49
0.407,137.25293182091033,0.25991260478550976,0.8697234521686157,49
0.427,137.2536648696619,0.24080159610160876,0.8503966294155707,49
0.447,137.2564445002089,0.21632669698679963,0.9462743190315407,49
0.467,137.25429211004843,0.2256118027522198,0.8546812370718296,49
0.488,137.25269429567993,0.2236297526214377,0.9041452564014094,49
0.509,137.25077641908211,0.2517463413230729,0.9307361130364261,49
0.529,137.24987256188354,0.2528876864552517,0.8790444572878163,49
0.549,137.24791588646616,0.22532621670538308,0.8733391291260967,49
0.57,137.24412437485157,0.22545706754646266,0.8927837975808578,49
0.59,137.2439071367089,0.19482074711338848,0.8974910237009973,49
0.61,137.24600413202333,0.21997648785637855,0.9332390933123319,49
0.631,137.24844746817286,0.25784680696675794,0.8964548245808824,49
0.651,137.24669837512891,0.1951594909697073,0.9211058984722306,49
0.672,137.24734293672515,0.18521534555808528,0.9404649581793993,49
0.693,137.24799369081643,0.20586952341519216,0.9762077495640114,49
0.713,137.24792206819205,0.19734010151368656,0.9752813945130258,49
0.734,137.24783161258995,0.17907074896673825,0.9985401469467102,49
0.754,137.24631319945613,0.21297069976480718,0.9865623787294961,49
0.774,137.2446257983484,0.27202583292851534,0.9996354834383087,49
0.794,137.24443153141127,0.24141575983141703,0.9385256697199608,49
0.815,137.24133722799726,0.23073210036980749,0.910800127741343,49
0.835,137.24403259694387,0.22585624204061627,0.9212568017105165,49
0.855,137.24497040845094,0.25070150203613684,0.9371696147827283,49
0.876,137.24505333409704,0.26038762498139745,0.8821552949929521,49
0.896,137.2447400954728,0.2643574210279221,0.8905436400230207,49
0.916,137.2434961857942,0.2617455939571065,0.8887277551663888,49
0.936,137.24336108292067,0.23734500532121758,0.9071281517018988,49
0.956,137.24450666937875,0.23787353144665077,0.9110341304100263,49
0.977,137.24466641009786,0.2373462051675186,0.9642153466200806,49
0.997,137.2464972358224,0.232000787882082,0.944189007004395,49
1.017,137.2465157266112,0.26512542208058765,0.8710926780353017,49
1.038,137.24699901349314,0.26511958789870893,0.8816059289307144,49
1.058,137.24794378098477,0.23977574474787075,0.9041986746373996,49
1.079,137.24882209146068,0.26442901179760553,0.9340284534493326,49
1.099,137.24897736529655,0.2976265252451306,0.9651681318861247,49
1.119,137.24824004697265,0.2656811763903887,0.9378427598700111,49
1.139,137.2488273097294,0.2501312618139257,0.943485652313558,49
1.16,137.25050914246222,0.20434776194747004,0.9383961103299566,50
1.18,137.2504403765556,0.21038496504897564,0.9549907806777983,50
1.2,137.25101121529963,0.24385206138228394,0.9599277100658054,50
1.221,137.25202810206983,0.2745294601514267,0.9244936625572796,50
1.241,137.25136989014052,0.24415523438888614,0.8736658904327712,50
1.261,137.24934965402,0.2213483867145682,0.8942681771985926,50
1.281,137.24687992551443,0.23065947723273164,0.8955971246856157,50
1.302,137.24654767323162,0.2737838031209968,0.9025699096713008,50
1.322,137.24861869697318,0.2862454972764519,0.8849712956430377,50
1.342,137.24910722054744,0.29368391738250144,0.8740789799455501,50
1.363,137.24911806509496,0.2847660437300384,0.9062604163867253,50
1.383,137.25064592282163,0.26168394151911073,0.9192002682283921,50
1.403,137.2511447330081,0.25782163478420345,0.9344819518859171,50
1.423,137.2521193858701,0.22012930409930878,0.9439017542850383,50
1.444,137.25366379776236,0.19557441358252275,0.9285452527326568,50
1.464,137.2505488483569,0.1875177622355815,0.9465209125417539,50
1.485,137.25010846622823,0.20180646777096464,0.8822791564115134,50
1.505,137.2503146977174,0.18266772026559755,0.8790056626642078,50
1.526,137.24915458888458,0.2648606311909751,0.9007376014988306,50
1.546,137.24742717425244,0.2898788274259905,0.9522996323609434,50
1.566,137.24839247181902,0.2937570707373332,0.9372408890829736,50
1.587,137.24859683521564,0.3016092842940132,0.971940686957828,50
1.607,137.2480241219905,0.28668135037877124,0.9495890705311582,50
1.627,137.24834944173958,0.3066268643244368,0.9332141443285333,50
1.647,137.24759647877877,0.24982418796763178,0.9092335517247792,50
1.667,137.25615116797854,0.17427494531827978,0.9049822201731623,50
1.687,137.27597787013474,0.09982772689169017,1.11395203679946,50
1.708,137.28237280653596,0.0009507221029216212,1.1334269344854628,50
1.728,137.252168435793,0.06695787768987593,1.041216004236514,50
1.748,137.28585079269186,0.21992381642651232,0.9406768122852968,50
1.768,137.26619470719106,0.19625089733355067,0.9775818949639,50
1.789,137.26822139362213,0.09021099474458733,0.9750924968716211,50
1.809,137.27690728701774,0.2679833173233079,0.802384390508028,50
1.83,137.26063599483686,0.0034823674715994076,1.1226192151120529,50
1.85,137.29281269244737,0.3300204724674056,1.2542022303083957,50
1.871,137.32358652765467,0.34603021751394614,1.1369945624841624,50
1.891,137.29041966456816,0.5460513666383601,0.9970075844943492,50
1.911,137.34778591632391,0.1188228673677944,1.3504411023077423,50
1.932,137.30288577998786,0.4859778172538697,1.3660148444612534,50
1.952,137.2822947093349,0.3429081290111086,1.236739375704137,50
1.972,137.30990462345062,0.2483772804068929,1.14976110356527,50
1.993,137.33333706915275,0.3782052246842868,1.2255843245253,50
2.013,137.39553369039447,-0.0464051326592819,1.2711558441914106,50
2.033,137.40478158691639,-0.12594522152871795,0.989616416381944,50
2.053,137.4291976775441,-0.012523600991577424,1.0773724331472916,50
2.074,137.38419436931122,0.34669262075287743,1.0586142205521805,50
2.095,137.4724682577803,0.30573844225368924,1.5320955887198824,50
2.115,137.47466961799316,0.3293026708320462,1.5181567600679076,50
2.135,137.45611883522812,0.4787116389129999,1.7263550219491415,50
2.156,137.46576211704644,0.18529059369328946,1.3057755775882167,50
2.176,137.47314264549084,0.2679231454681109,0.7219312856364176,50
2.196,137.49416722850194,0.3228458995257034,0.9273226871741169,50
2.216,137.45616368791732,-0.09219610240497013,0.9815378960388391,50
2.237,137.52007274511973,0.06306649711659552,0.975276133276447,50
2.257,137.50148465600807,0.20047925931785263,0.6932777362136905,50
2.277,137.43160962972297,0.7020584511351514,1.1119232296894337,50
2.298,137.56328304673502,0.09133784892523028,1.5035771176358956,50
2.318,137.52220516295964,0.5926247994851079,1.8230515805344445,50
2.338,137.63356541949122,0.14464459379262526,2.083244955716451,50
2.359,137.5859111405678,0.7058485604124797,2.071677153606913,50
2.379,137.66794636575972,-0.09693308822278586,0.9499063458380874,50
2.399,137.62171273255066,-0.004895001286235208,0.5564398271013186,50
2.42,137.5895350268637,-0.028163377521285265,1.1720197781738593,50
2.44,137.66825991117082,0.39300728586613914,2.132960877616512,50
2.461,137.71301584043945,0.24514303359945727,1.422667751029637,50
2.481,137.66498732946525,0.03937151896634914,0.8299625751966124,50
2.501,137.55882792279473,-0.3149724886608299,0.9336248988182445,50
2.521,137.6734799576468,-0.3157878399855922,1.3579454742215973,50
2.542,137.67257216966033,0.16260372211244284,1.1531682971241044,50
2.562,137.67955181051803,0.8002923876955373,2.128679352105695,50
2.583,137.65809612542267,0.6686877439284735,1.9775820711550252,50
2.603,137.82885265871647,-0.24754606516880984,1.0678555955310614,50
2.623,137.75107409097853,0.22357578737828623,1.0248151495223716,50
2.643,137.72005978092898,0.09971299076271425,1.6443899652958485,50
2.664,137.7924176500849,0.08197019558412236,2.1262268022479187,50
2.684,137.93260190274103,0.1679372423117546,1.8403864337626346,50
2.704,137.76720045671348,0.38502258578434306,1.2928648764091568,50
2.725,137.92468619728314,0.23691404000852148,1.2994963358479104,50
2.745,137.92413208985457,0.2684639558253372,2.435734667431626,50
2.765,137.9624744839006,0.03283680725783792,2.2414846674162896,50
2.786,138.07966250505038,0.0815668058451558,2.5027023476973023,50
2.806,138.35120524045593,-0.43445835355036166,2.0573076276601054,50
2.826,138.8488565518493,-0.949022124833651,1.0459174309368473,50
2.847,139.1349393754737,-0.6334487492777667,1.4249112364232697,50
2.867,139.356437307829,-0.37930566483631006,1.997101064985939,50
2.887,140.23236184893466,-0.2581158042565087,2.220271700176537,50
2.908,141.123767820419,0.5058381634359688,2.5155424418977317,50
2.928,142.3532451103121,0.5386525713489431,3.360349540354454,50
2.948,143.96048915235514,0.9742892300385905,3.1777054339989452,50
2.968,146.1223976941721,0.6015899054043599,2.3978773038464047,50
2.989,148.16716931056285,1.0228937413380181,1.658173305391309,50
3.009,150.2176318478916,2.3441356582639394,2.385842496385349,50
3.03,152.5584403231216,1.1792761095372641,2.105034911787577,50
3.05,155.04051452768107,1.5712446163566558,1.2660711312299047,50
3.07,157.5126733930112,1.931246617064084,1.1486695041362671,50
3.091,160.53524527560802,2.264249060975473,1.9043640641836233,50
3.111,163.5735213748514,1.1063357634371125,1.2416499703014274,50
3.131,166.7265795454761,3.5640196734700322,2.635118284584836,50
3.152,169.1035928498288,-0.9751777220125164,2.676590580739677,50
3.172,171.37882291764362,0.8012063340252048,2.007982523892595,50
3.192,174.43561755578156,1.0599829523860171,0.7598318381998841,50
3.213,177.57975938468843,0.7184195980525852,0.26713669298262976,50
3.233,180.6632972204763,0.46471550607034207,-0.18535346914094591,50
3.253,184.2867210175329,1.3261333969069555,0.9632591725991271,50
3.274,188.26549893723964,1.4434457752973824,2.4045971629056013,50
3.294,192.43650500485924,-0.9261555644369681,2.003345912539065,50
3.315,195.50484855520438,-2.2516903785608373,1.5617753651479798,50
3.335,199.37282947931192,0.5468630234672792,1.30340296578753,50
3.356,203.81729242377435,1.5456878236746494,0.4651462064348706,50
3.376,209.08068262814152,0.30335271287818133,-0.7511027998715842,50
3.397,214.4921080048017,-0.03972409491892749,-0.4820136517874573,50
3.417,223.04723627797748,-1.334498110129249,-0.006810723284852902,50
3.437,228.89780857846299,0.4848608271663619,3.134882150752685,50
3.458,234.47028418878574,0.14428340047128121,2.891712841598775,50
3.478,239.5872087097533,-0.705029367531006,1.1288364173821686,50
3.498,245.3011027263065,0.8611727731906771,0.803695418090141,50
3.518,250.28699858564602,2.5420373649820873,1.458509600213854,50
3.539,255.52157270389674,2.5107406369007808,0.7369529238768756,50
3.559,260.82010906469174,2.0062354166915104,-1.1335156494276233,50
3.579,264.3733836216207,1.717562802914299,1.4402508807251018,50
3.599,267.5511261448274,1.8316960236642994,0.7888239913545366,50
3.62,271.2716004884251,2.03245821507135,-0.35810889278279995,50
3.64,275.0936345887759,1.8209301696853182,0.10371218460428216,50
3.66,278.2510601900477,1.9727851242333938,1.8790841113468326,50
3.68,281.06795117418835,1.3770104331271733,2.56028842413249,50
3.701,283.64819898246526,0.2124578855381542,1.9518158731105142,50
3.721,286.4285600341292,0.7885598314621639,0.7993279142156627,50
3.742,289.28022856671043,1.6278032395547994,0.6998875133676828,50
3.762,292.0909253399378,0.3323727714746802,1.3335305920554639,50
3.782,294.11596869526795,0.6385632103464961,1.4356493569063689,50
3.802,296.17096451021376,1.1205108099941081,1.5921072025266674,50
3.822,297.6770387861444,1.9017659621950709,2.0646962148471535,50
3.843,299.0273064995446,1.5742312326099874,1.390378453476211,50
3.863,300.6257083425473,1.878240840056986,0.8050555343776983,50
3.883,302.0821154259549,2.6820748956128413,0.7897593810801216,50
3.904,303.36176262518086,2.261688840592426,0.5288234486478491,50
3.924,304.65083721288204,2.547082648017548,0.6729033279897839,50
3.944,305.75654338631745,2.3193211794174764,1.2127634003548322,50
3.964,306.7731110912874,2.221421409513172,3.005647646489713,50
3.985,307.65181856454825,0.8111608741755926,2.460311518185814,50
4.005,307.51442541426877,-3.8006237346659506,-0.6062801403720952,50
4.026,307.4890415283585,-2.6961551503998527,-1.3959171643817605,50
4.046,307.6393982211662,-1.511237699582763,-0.8243607629480783,50
4.066,308.44021702396316,-1.696764441578471,-1.1504049145664117,50
4.087,308.9732900685526,-1.2537726857300078,-1.0852954784270072,50
4.107,309.3213145975528,0.01252602031535252,-1.1588684695227576,50
4.127,309.62862395713506,0.6201432026783805,-0.492352067852638,50
4.148,309.9115955550156,0.47053467152968204,0.445857838739365,50
4.168,310.2016741053785,1.3851647879513167,1.461211610634371,50
4.189,310.4706696031644,1.9991840569039818,1.8791244779408904,50
4.21,310.4990643172506,2.7105257075646785,2.3736086316422895,50
4.23,310.5944322084522,2.5231632551792194,0.8523447206782562,50
4.25,310.69411973758827,2.1544304990913177,0.5797287149468342,50
4.27,310.8670355363539,2.086868689933277,0.9664113724961756,50
4.291,310.89625737645906,2.8720197620788572,1.2357608414227006,50
4.311,310.84405262829864,2.6199504687989297,1.6329997646426393,50
4.331,310.6853518789758,1.8527415377962695,1.1105365418967768,50
4.351,310.56082621493215,1.5082912293896187,2.078640313912158,50
4.371,310.4564155659849,1.8087297049863433,2.0837191463933626,50
4.391,310.245566022507,1.8940163420542433,1.479141172696985,50
4.412,310.17304530043526,1.4489505156313285,0.7392192253361,50
4.432,310.15123219493125,1.7527790288687402,0.2425729771315426,50
4.453,310.19614904677525,1.6243055962866346,-0.11454966742681302,50
4.473,310.1674225708423,1.1001594787033149,-0.3452604744116577,50
4.493,310.0893332417508,0.9726349242790567,-0.2624854003478265,50
4.514,309.9234471795698,1.183833444139335,-0.35369995374770424,50
4.534,309.6958814331541,1.811495434940897,0.5259597597097072,50
4.555,309.40628592875726,1.7814367956990738,1.5520878385176555,50
4.575,308.9754420527469,1.6305823025362776,0.9918733135022986,50
4.596,308.7823754460842,3.319412990209034,2.0302064365366594,50
4.616,308.6351426393526,3.787398117565779,1.6888353670850804,50
4.637,308.54212587358666,3.4731182831071012,0.5944676848551741,50
4.657,308.47390031917206,2.826852250817136,0.22174132877973685,50
4.677,308.41800396671306,2.361038557906023,0.40013319222063465,50
4.697,308.2706094690221,2.0456652091276517,0.605653483462391,50
4.718,308.10599088378376,0.8456310376713905,0.5012272233765016,50
4.738,307.9798288813241,0.4879085895271314,1.6122208754921137,50
4.758,307.8676334873036,0.8325514806531183,1.3550259481699647,50
4.779,307.6981315386703,0.3090146395741465,0.2694854474269862,50
4.799,307.65454048221443,0.28009884368841126,-0.32977015207094296,50
4.819,307.75221257231476,0.7827315787038968,-0.0957473307901018,50
4.84,307.7164273388474,1.322882445443197,-0.23489184641865754,50
4.86,307.6476606592514,2.0408835681147335,0.26286957033220065,50
4.881,307.41556186529107,2.1263681793459392,1.254253150248115,50
4.901,307.1025976864906,2.008547598782132,1.5656788501720167,50
4.922,306.91372682082084,1.837902632677959,2.2446426839836824,50
4.942,306.6951984190198,1.5994640381262175,1.577491152384103,50
4.962,306.5500367584082,1.4009856795590634,1.1144393868123483,50
4.983,306.5060333863124,1.750573827603628,1.9080084194655553,50
5.003,306.4419270761213,1.3762075746759126,1.909337311816623,50
5.023,306.3538222189096,1.7051205056898913,1.8801477514518243,50
5.044,306.2757233442637,1.4107423728330486,1.725221865113498,50
5.064,306.15313692194627,0.6488453224497224,1.414348019215765,50
5.085,306.03055943937835,0.7038071384862872,1.6981249289267237,50
5.105,305.8254567719176,0.6598753353059037,1.476746385909554,50
5.125,305.5606732060938,0.8234489947989452,1.0555252325758475,50
5.145,305.33012537967477,0.2992987890731357,0.3190561282897714,50
5.166,305.26995622730453,1.2056733306137437,0.5718203878413095,50
5.186,305.2048624047896,1.894070847915529,1.740486700821216,50
5.207,304.9870503894136,1.1834941420136094,1.770327902795092,50
5.227,304.7056816261557,1.4596734175528518,1.2750736022374654,50
5.247,304.60084649642505,0.8152085993563097,0.8062272550743208,50
5.267,304.4995917171428,1.1588468287392562,1.380141195898165,50
5.288,304.34347368029955,2.0659518159624217,2.1835006075141847,50
5.308,304.0808692143451,1.9821918896198336,1.2893354180755194,50
5.329,303.91045555725816,1.87612555517887,1.7095712492614725,50
5.349,303.7925105198415,1.455685276735932,1.7421151189719715,50
5.369,303.6303498816217,0.7851084510839871,1.1522445117701328,50
5.389,303.5387325979996,1.3543177164507805,1.3355775960985294,50
5.41,303.38680945064704,1.2168730884086054,0.5287582684000607,50
5.43,303.3015537364648,1.1957019655553,0.061209524284375504,50
5.45,303.19471293997356,1.200016854777761,1.2080956663118696,50
5.471,303.0141578814231,1.1665575797408791,1.096603515640674,50
5.491,302.80293123120043,0.6475591049246948,0.7341399599936568,50
5.511,302.68380220671736,1.257928983330092,1.0674790318140897,50
5.532,302.546174694327,1.480038577312193,0.9865508575441403,50
5.552,302.4128171681647,1.689052797167121,1.5212686682306993,50
5.573,302.32075279644835,1.452509351462399,0.6099211017028524,50
5.593,302.2629467181287,1.639755916331846,0.8033869960681747,50
5.613,302.16965943033136,2.029130526534503,0.9890097295631877,50
5.634,302.0729245584407,2.596744172457179,1.3897823414139192,50
5.654,301.88204707715767,2.030174904331949,0.6738134765559155,50
5.675,301.7183220495553,1.2605291619173642,0.6895412828921558,50
5.695,301.54368604997853,1.1643981967213846,1.465751120121257,50
5.716,301.30050394144604,1.245457612453992,1.570261017992053,50
5.736,301.0904491433577,1.6644765802058044,2.17431741365588,50
5.756,300.8704068416629,1.1214888711611952,1.2117832943895976,50
5.777,300.69262031693404,0.3286684918099527,0.31102348147587505,50
5.797,300.55190581596554,0.19570086937909625,-0.4610810732589916,50
5.817,300.3972565503048,0.4155137549624823,-0.000607719140047535,50
5.837,300.82296861734204,-19.289357251221865,-21.712029653554794,50
5.858,299.7989743890633,-18.788094685643674,-21.479140346990885,50
5.878,299.09708749286284,-10.312453915440347,-11.583642952305679,50
5.899,298.5053388281279,-6.145214277488095,-6.624664767528069,50
5.919,298.09004123533424,-2.9209593195438606,-3.905548696172649,50
5.939,297.80066754754426,-0.8775238106738684,-7.144049327838541,50
5.959,297.107284604437,-3.1970657697653437,-11.901816194344734,50
5.98,296.55658659581314,-0.7636144700173148,-9.46982493418211,50
6.0,296.3920649488471,0.4230582981925998,-5.130762359281097,50
6.021,296.44818771749715,0.5489059294351216,-3.93178227971274,50
6.041,296.49808349095014,0.9958623670623938,-1.9245134293970343,50
6.062,296.4689757709137,1.1254957299270092,-0.9796223958821701,50
6.082,296.49963917487236,1.8545812270390911,-0.17577027294877948,50
6.102,296.4635735288621,2.1248585220890273,0.2988793914031872,50
6.123,296.4889200663692,2.039600150028122,0.11094483968744935,50
6.143,296.5045370885943,2.385422624887116,-0.18441356275850798,50
6.163,296.51955075835474,2.1668513103494274,0.03465447031285034,50
6.183,296.5018119576445,1.8992508940357125,0.16503122519718635,50
6.204,296.489235198028,2.0471008320550084,0.6939895606150095,50
6.224,296.48455437892767,2.349771082158899,0.8823659715160949,50
6.244,296.49976297402435,2.009089243122933,0.45494132798564463,50
6.264,296.4674147449479,1.9526391749528,0.48770974561871566,50
6.285,296.4726467830465,2.0621680544413357,0.29066287685753034,50
6.305,296.48387256527,2.085218276313547,0.12026816259095828,50
6.326,296.4528136022634,2.043539952950225,0.3509182297113948,50
6.346,296.48085493332337,1.9239057617420894,0.6551243147009317,50
6.366,296.4774748216931,2.116582239614042,0.7532248291132233,50
6.387,296.5025585098768,2.659790831868644,1.049736742494876,50
6.407,296.4934662571695,2.528977897353424,1.0939730189711079,50
6.428,296.48460062871703,2.259142555050744,1.5927023649648473,50
6.448,296.5399536442605,2.2828301761389445,0.9677662733479367,50
6.468,296.50928024409507,2.3076260296433264,1.1406827972236053,50
6.489,296.5064165792621,2.083100423677922,1.3331572651710903,50
6.509,296.48635214053246,1.9367932956678922,1.280323062829383,50
6.529,296.5410837277837,2.75737906474117,0.9572922723540396,50
6.549,296.5057460316852,2.717535221635384,0.9035984113728208,50
6.57,296.5611976063934,3.8441804519464005,2.34691233937868,50
6.59,296.536519419511,3.1553338531669652,0.43753048981071396,50
6.61,296.580492334406,3.4633719311550513,0.8103646150751991,50
6.631,296.4784092286072,2.902681230358967,0.4003478540058119,50
6.651,296.55456352068336,1.5761739901949945,-0.7125512516530759,50
6.671,296.54436642116633,1.4985594227293981,-0.5812311515099264,50
6.691,296.51414084439426,1.710858661409659,-0.2766562001502358,50
6.711,296.5918539966481,1.3024444497561964,-0.23213668167867801,50
6.732,296.56077882972227,2.6245701129487617,0.7703033032720269,50
6.752,296.52830408192153,2.4228950597886714,1.8995443855530194,50
6.773,296.5586439847357,1.9078320064816847,2.1694966563076696,50
6.793,296.5830872642871,1.6864928233503167,2.1769782215205367,50
6.814,296.66233673778015,1.8570428604453402,1.0466404384345092,50
6.834,296.5945234354473,2.3771050503112647,0.9224702144049158,50
6.855,296.5625134689657,2.016150881117058,0.1650065961600526,50
6.875,296.5885908953822,1.8772144842186678,0.5151256216650539,50
6.895,296.5006521486982,2.152795592736254,1.7879503758057376,50
6.916,296.5063608093499,2.7841320949202575,1.8261241346215291,50
6.936,296.4372362913566,2.3156878388523947,2.312742983168823,50
6.956,296.4087968649541,2.445947544285458,2.3594950867662914,50
6.976,296.36694926925924,2.5727487609502435,1.5577976599884515,50
6.996,296.41202793553543,2.3118555097474065,1.6900148580993155,50
7.017,296.3999412003397,2.0537214002127264,0.9243919829411528,50
7.037,296.3938610979169,2.263288013814991,1.0272713218450014,50
7.057,296.40454107650015,2.611618455048477,1.3801674313390113,50
7.078,296.49913595281436,2.856552637119708,1.4400337863466548,50
7.098,296.53006283483154,3.3055581114960972,1.2610849634363706,50
7.118,296.64102654333317,3.5433473571355125,0.09500656989065498,50
7.139,296.54157203556986,3.281346952319132,-0.06283946583346683,50
7.159,296.5036058885475,2.1574233953859934,0.2042972992317076,50
7.179,296.5952563567149,1.6336462567329801,0.3577023027727601,50
7.2,296.55898240201975,0.41828197062618283,-0.2785810774552898,50
7.22,296.4712521477444,-0.8716980872447764,-0.6740514904549957,50
7.24,296.3071807516409,-1.3556538804923628,0.17894336330802585,50
7.261,295.86111308234433,-2.037866856663403,2.7666099924509284,50
7.281,295.60266835350524,-2.4587158399212066,3.6311451775033423,50
7.301,295.4021425460443,-2.3128411763838495,2.160006059948886,50
7.322,295.3991781800209,-2.7517986397940826,1.3982415801863415,50
7.342,295.2749079141112,-2.1963653583226215,0.36708618340514443,50
7.362,295.1187698400467,-1.8151211743674927,1.236468797045254,50
7.383,294.8635574239676,-1.3390192209080294,1.4429834175439995,50
7.403,294.5191668338658,-2.3956556947951353,-0.07944331664083182,50
7.423,294.1812263382409,-2.632064001620813,-1.3381754318478567,50
7.444,293.99123942897637,-1.020591964894535,-0.3248630160564843,50
7.464,293.9702802160304,-1.1948764716186666,0.16020778792132473,50
7.485,293.8110778005393,0.017618505603009066,-0.19476186266868686,50
7.505,293.61692203432085,-0.6273383101833445,-1.111538554835439,50
7.525,293.61599644515616,-1.5538600932796833,-0.776789280893336,50
7.546,293.5361716081202,-0.10593138235768142,0.18116903305918403,50
7.566,293.3933431463713,0.8926040534779428,0.2235858203222198,50
7.586,293.1795119389308,1.002489531762224,0.10051464472072962,50
7.606,292.9941341455124,0.5307745982790658,0.20063427146809393,50
7.627,292.7904577562936,-0.6397428082728075,-0.18794787377558242,50
7.647,292.63509278180356,-0.7422893987472491,-0.4146709604154388,50
7.667,292.510144828889,-0.05830304570730454,-0.15191512180357863,50
7.687,292.531013828505,-2.063179258471654,-0.37945611212152125,50
7.708,292.63456939391904,-1.393046688423317,-0.28697486401230143,50
7.728,292.6617916843547,-0.6891905857730265,0.23395826775301892,50
7.748,292.52966656359007,-0.6392691102287857,-0.39695284445706014,50
7.769,292.37825815554396,-0.7765049534688551,-0.05246687909530083,50
7.789,292.50383023231456,-1.6987543557652183,-0.03517104969425832,50
7.809,292.6279635625114,-0.9755793540381803,0.1927839448804865,50
7.829,292.7278934748212,-1.804932045123363,-0.3972121384407705,50
7.85,292.9278570510498,-3.002746491702221,-1.1967179205042728,50
7.87,293.1203586583899,-1.6598846184089189,-0.11829145597551363,50
7.891,293.1288118326398,-0.08322428562697902,-0.2116219485458551,50
7.911,293.16106342240926,-1.7514730282445103,-0.38188829229849247,50
7.931,293.43928745163277,-1.4866372502976017,0.6349936729519546,50
7.951,293.5023408139974,-0.6081666218150953,1.2107768016878002,50
7.971,293.44194316023305,-0.5339704591526988,0.6336343282548378,50
7.992,293.27493402582155,0.6299997593091112,0.7215239853312331,50
8.012,293.12137017756083,1.8460169932318022,1.0155306924326157,50
8.032,292.7878367221748,2.5839399636239846,0.38190955400980153,50
8.052,292.6924864209924,1.7889425974220454,-0.4090735857033061,50
8.073,292.41785067791545,1.4558177661994152,0.6509241105107597,50
8.093,292.2005821790232,-0.006678099073686217,-0.29777184111109967,50
8.114,292.11885831204285,-0.1283206246953921,-0.4986918083079685,50
8.134,292.0269858074468,-0.10741118049646363,-0.8495809288752139,50
8.155,291.9784030373747,-1.7016268657289648,-0.5759006167616202,50
8.175,292.1261959585661,-2.5465280023895662,-0.17721421028217504,50
8.195,292.1349941570898,-0.8463746792891433,-0.6063601959650011,50
8.216,292.0944531680728,-1.0452148317965424,-0.6929369472448431,50
8.236,292.02322321261295,-1.8123244033843613,-0.626683757945333,50
8.256,291.98160330581834,-0.9836395448446015,-0.4368900267418385,50
8.276,291.84582644924956,-0.7027488155191113,-0.23138528923570717,50
8.297,291.79455554581267,-0.46100397086094297,-1.1332303491683904,50
8.317,291.70606799826805,0.5750521229873835,0.07982657105812326,50
8.337,291.5319822247668,1.0894297849334689,0.014889670055287563,50
8.358,291.3667905754024,1.0678970770810992,0.19025634480114362,50
8.378,291.1006714707524,1.686421026814241,0.5541094805102391,50
8.398,290.8532896910938,0.530588320379339,-1.1189823121098472,50
8.419,290.51475206815354,0.03614153564023161,-0.9390848415262014,50
8.439,290.30506815406744,-0.15781767511031844,-0.11914869626245497,50
8.46,290.0139745730101,0.7910798038468742,0.5820938955225489,50
8.48,289.662880991941,0.707709289047022,-0.36732402551391763,50
8.5,289.30143404257325,0.6252395684578693,-0.7853793204991802,50
8.521,289.04834178047696,1.4021718044975748,0.3115870204148846,50
8.541,288.7047820649594,0.9724886623422376,-0.6874894463682616,50
8.561,288.1495413337091,0.3279808040370444,0.4694512148460615,50
8.582,287.856745667468,-0.03661571563516074,0.6052707929166492,50
8.602,287.6557743923184,0.6341207152234037,0.5199458141349772,50
8.623,287.50703332500535,0.7093041571916976,0.4691003562721512,50
8.643,287.40402505107863,1.3301504635985237,0.5023281301830855,50
8.664,287.2392591821465,0.991560084330371,0.1122297121881649,50
8.684,287.0059790915208,1.088686605509342,-0.09313465657133695,50
8.704,286.89734578965357,0.9283802530354468,-0.25164983740181335,50
8.725,286.8781837290716,1.2528203454793578,-0.021487708760464515,50
8.745,286.91989536598356,1.2048897651138333,0.4862279506911719,50
8.765,286.9301710058564,2.0316140063609933,1.2644162547282087,50
8.786,286.95441242804264,1.8453304534368298,0.6794027481272593,50
8.806,287.0093062194162,1.9064896359257026,0.16902897946795245,50
8.826,286.9921575910512,1.2284082180400286,-0.7903262695664687,50
8.847,287.02494454307146,0.7153852753021929,-0.4616976096902341,50
8.867,287.1700365032952,0.7435544872304252,0.2773174481727042,50
8.887,287.29537232833667,1.0936375608493676,1.011715511142417,50
8.908,287.4116327532758,0.39173755800844146,0.6383980402705639,50
8.928,287.642163017783,-0.5319919434117484,0.4215767465382665,50
8.948,287.9785423826312,0.6143531863441926,2.1441060054797747,50
8.969,288.28536923998684,0.6171748194294102,1.7205103419659273,50
8.989,288.5656573032717,0.9159860544595749,1.722123500477685,50
9.009,288.8941565726924,1.3437009718320638,1.362786746268068,50
9.03,289.22409557514277,2.1966936922226488,0.8775433584649468,50
9.05,289.6548865693463,1.753725077013887,0.9643914492875818,50
9.07,290.1959551106143,0.4138583904373626,0.5809220287267495,50
9.09,290.730712304257,0.38271455267531096,0.19762676741765686,50
9.111,291.3708893663894,0.3834778752859464,1.9502724797302877,50
9.131,291.64908439702054,0.5634401558997177,2.224152303112535,50
9.151,292.3106412420062,0.7511099952045525,2.3900787145425264,50
9.172,292.50403744120524,0.638820721865031,2.23684230233683,50
9.192,293.1832196258171,1.6840075864206472,1.6605878952133377,50
9.212,293.3940052787645,1.6911336552377365,1.0789146247648895,50
9.232,294.2780429385117,2.5718114554203897,1.0012130738964495,50
9.253,294.78175439272735,2.554603116054655,1.4942077094148944,50
9.273,295.193660132172,1.3795180517782184,1.2322180407534584,50
9.293,295.70553202272936,1.214379303835828,2.1171858632951266,50
9.313,296.2540826282732,0.1965995023898654,1.9846820159706393,50
9.334,296.687770894134,-0.3636704240457066,2.3084641323437625,50
9.354,296.94577406676825,0.166917204236529,2.001028391732159,50
9.374,297.15075215933774,0.23119089209881152,2.149148414205501,50
9.395,297.31477389742275,0.7721973424071427,2.6754095722016427,50
9.415,297.38392975501756,-0.18505237439707897,1.852700831469745,50
9.435,297.41408747996104,0.039520852979873254,1.3795523870676598,50
9.456,297.5112810998886,-0.5257744021210659,0.6471732276606309,50
9.476,297.6492012725834,-1.3950209635080983,0.4831323921297391,50
9.496,296.97853749737664,-6.574759846812407,-1.7223417208603178,50
9.517,297.4245257170586,-20.59076430506225,3.2171084192583206,50
9.537,299.63815943763245,-18.623353234261803,4.923380474058495,50
9.557,299.15199708516997,-13.858321346239839,2.377819474697418,50
9.578,298.3498757816173,-5.979166941298549,2.3745100099984513,50
9.598,297.6264267405199,-2.4455612773742197,2.7290917317298184,50
9.618,297.066681458255,-1.268636276129956,2.2645860944375236,50
9.639,296.61705013092745,-0.8531769009013508,2.192246425956443,50
9.659,296.2426866480796,-1.4923631101985413,1.315716533857485,50
9.679,295.85035780236603,-1.7006284202107318,0.4144921930570321,50
9.7,295.53649822457874,-0.9100992815545755,0.31577760584279413,50
9.72,294.96104363514627,-1.687254820120555,0.46170166117298517,50
9.74,294.7050973794698,-1.712586018727256,0.21784221976216342,50
9.76,293.94698974463785,-3.237555674743642,-0.6070799376797994,50
9.781,293.357472924199,-3.2642674519485433,-0.4354719504232711,50
9.801,292.72916636422445,-3.4079841566101297,-0.20239940694245948,50
9.822,292.03737715326855,-2.855483571943888,-0.31962747263539776,50
9.842,291.32589298180204,-2.583690927031889,-0.334183940768559,50
9.862,290.4576155471486,-1.2678182299044276,0.6115223047894481,50
9.883,289.5316813593244,-1.0146432576451545,0.8209402478608469,50
9.903,288.4033466336304,-0.2545655699236258,2.0813009293700064,50
9.924,287.35607854209314,0.371192210806623,1.1743655078491795,50
9.944,286.49084869812117,0.611766869464814,0.972331480618295,50
9.964,285.5998173704074,1.0958621877030308,-0.4793913777152023,50
9.985,284.90116206350365,0.1446734927319379,-0.2887232382028195,50
10.005,284.2884580764638,-0.486097369845122,-1.035585953485943,50
10.025,283.7991378873488,-1.7635422137317605,-2.0007123520229815,50
10.045,283.2944254220542,-1.285828870178708,-1.1706913763500062,50
10.066,282.8677366670062,-0.8472793848765393,0.5196225945548028,50
10.086,282.45009269776705,-2.5810974643345945,0.22995852892928864,50
10.106,291.25274924556646,-52.27397065934287,-38.70321462302909,50
10.127,287.95023400330314,-86.72199226193204,-31.01819446166024,50
10.147,285.30899782392584,-43.925878548904215,-13.893648707788692,50
10.167,283.0380445198316,-25.24404869635414,-7.966032955486046,50
10.188,281.38309552697683,-14.028576474246576,-4.672736543592235,50
10.208,279.3697447688428,-5.702828517739307,-3.5660729078723885,50
10.229,277.9742297165157,1.2851567131347301,6.691568629050372,50
10.249,278.623577421642,-2.047842256711694,10.545214152440114,50
10.269,279.13128917054104,0.25446014703729997,5.396009571893577,50
10.29,279.19249127041456,-0.5907326460860146,-1.836950745175054,50
10.31,279.146595901634,-1.472149891865858,-0.0631054701449473,50
10.331,279.1169738127669,-1.429500877096782,1.2349568754265448,50
10.351,279.1285523540687,-1.2382222250807655,2.343201677576131,50
10.371,279.1515528985223,-0.8074661207835586,-0.8614801328583456,50
10.391,279.1238927604027,-0.8738178755067179,0.03946488457786908,50
10.411,279.14707761429395,0.3223243145917862,0.9680376071501383,50
10.432,279.13572018212835,0.34506447758472997,1.0939852552121556,50
10.452,279.1212189579128,0.8083056541456124,1.602641228582666,50
10.472,279.15116691142504,0.5591689372499297,1.4113545864405492,50
10.493,279.14235799381635,0.08598040615074418,1.5841319485365286,50
10.513,279.15278090427046,-0.26671725141388014,1.0761524317407463,50
10.534,279.1407706354036,-0.10735111106664809,1.748943182295695,50
10.554,279.14564502863465,-0.32409775705823557,1.5228690390899626,50
10.574,279.1463273675754,-0.2394954484249553,1.384330972505633,50
10.595,279.1499793063304,0.19515257578968834,1.321016625085336,50
10.615,279.1521667215023,-0.018572120055624745,1.0624857642449046,50
10.635,279.1449582707573,-0.06877151317175373,1.320422960080131,50
10.656,279.14759445110116,-0.0211524507823211,0.9573004724745805,35
10.676,279.1514308992054,-0.4385886398220946,1.1973691260829387,35
10.696,279.1753932800337,0.05945521406730051,1.103005545548998,35
10.716,279.12137822815674,0.18685849904725546,1.5839869655805523,35
10.737,279.09790378886237,-0.14412821125913042,1.5121896440815317,35
10.757,279.1158994247573,-0.3667553323785909,1.066992833614754,35
10.777,279.1674401779938,-0.2560726787787018,0.662566641949472,35
10.798,279.2676864152223,-0.3103346569684627,0.6284722836097832,35
10.818,279.3526293777533,-0.9387052587293542,0.9844930247374916,35
10.838,279.3870044382556,-0.8802770373631981,1.3937637195992914,35
10.858,279.2950243895033,-0.1093274240431522,1.319833213139585,35
10.879,279.26475690491736,0.07800774172495575,0.5619323617999559,35
10.899,279.3721864169414,-0.5261090832131392,0.916322376553355,37
10.919,279.26545674913206,0.08095550091076449,0.9072322499563976,37
10.94,279.34928247113396,-0.33670172149806027,0.7129413713094704,37
10.96,279.2814595299305,0.04313887716010971,0.9596231742732564,37
10.98,279.2660606206431,-0.38647593287614423,0.9280787695851704,37
11.001,279.33532074456355,0.013605383415034583,0.617079113578758,37
11.021,279.2271710297968,0.04671417716304348,1.0405748919200815,37
11.041,279.2416791844934,-0.357660505460821,1.090703323276972,37
11.062,279.2956052658647,-0.08019201844534883,0.9947373707212588,37
11.083,279.25725323558646,-0.31219210769485584,1.1301624199023768,37
11.103,279.22258584751563,-0.33126771854527093,1.093205192376016,37
11.123,279.2237984170675,-0.327875412632041,0.9015388170470281,37
11.144,279.23005401123925,-0.32552305825151295,0.7059466692714437,37
11.164,279.23314541994455,-0.34655000655335705,0.7384300796359832,39
11.185,279.2334630803435,-0.39110808483382165,0.7707908582034717,39
11.205,279.23311406694404,-0.4310051111846116,0.9590181806982515,39
11.226,279.23636029067313,-0.42519219010590803,1.0872901283173215,39
11.246,279.23743225747336,-0.34016478247784276,1.1717708188194884,39
11.266,279.2346550330885,-0.18633161342201696,0.981286231286117,39
11.287,279.2327490514892,-0.1545094882483624,0.7646866325362253,39
11.307,279.2336630737287,-0.19133484731661266,0.6405658992006017,39
11.327,279.2352659204813,-0.15034593610623012,0.8579990245997058,39
11.348,279.2319362163861,-0.061992634786025826,0.895466435205484,39
11.368,279.2296785884773,-0.07603685182985552,0.8495832520665156,39
11.388,279.2325044554773,-0.16399057612008158,0.9829378633174601,39
11.409,279.23122855820844,-0.11827258626548336,0.8878070454583787,39
11.429,279.2316998545634,-0.17284925603173512,0.8163338413842894,39
11.449,279.23268701951184,-0.09062631132991333,0.8521907502440659,39
11.469,279.2304021141614,-0.11737918006182743,0.8452438146423104,39
11.49,279.23038288407963,-0.15045111210430742,0.8367006078771575,39
11.51,279.22988877142393,-0.13604552554041452,0.8636973903442583,39
11.531,279.22907896882737,-0.11527392765166979,0.8943467801624743,39
11.551,279.2284196850385,-0.15987348792514933,0.8887228875491462,39
11.571,279.2300565259792,-0.17233670400463078,0.8262020475498051,39
11.591,279.23048800527897,-0.17465164606366676,0.913608958384242,39
11.612,279.22970680050196,-0.13222179888406974,0.9109069746093971,39
11.632,279.2304990457416,-0.12822116918423793,0.8563278720340208,39
11.652,279.22995456678154,-0.11934096282784597,0.8509937298986588,39
11.672,279.2298928648843,-0.14007670375302178,0.8592377728813267,39
11.693,279.22622882457284,-0.0749994200898155,0.8413063711326288,39
11.713,279.224198722258,-0.11092634627838434,0.8276688739112052,39
11.733,279.22304610237506,-0.10573618925164494,0.8011970006455983,39
11.753,279.22596266234694,-0.1321120674687331,0.8410765543546115,39
11.774,279.22229454296814,-0.1655718730283087,0.8753715798505909,39
11.794,279.22144739586406,-0.16819580734089767,0.8169295919740343,39
11.814,279.2208062090243,-0.16542226978108582,0.8056037162992273,39
11.835,279.2208012454977,-0.1555442405075214,0.8368111563634741,39
11.855,279.22088621884825,-0.17884846619941186,0.8604455754294749,39
11.875,279.21985782933643,-0.18986397275372513,0.8705637275019846,39
11.895,279.2186791370601,-0.1497047085436206,0.8935863839148753,39
11.916,279.219309428727,-0.15613988532412781,0.896739801855426,40
11.936,279.2199286903439,-0.15467056333683935,0.9025201915077917,40
11.957,279.21797869119706,-0.1827277896264629,0.8544897817817658,40
11.977,279.2173709334972,-0.16976280723746753,0.8549257761933022,40
11.997,279.21576957869286,-0.13737969388582558,0.8572566584677859,40
12.018,279.2144530328121,-0.1909496278074456,0.8670688126495809,40
12.038,279.21570757452884,-0.15233875168603342,0.8843473231626705,40
12.058,279.21562964189593,-0.19378935680278916,0.8490573893613599,40
12.079,279.2151083424245,-0.18776387478984244,0.8454578750004081,40
12.099,279.21470408117074,-0.2026299583861124,0.837653789747982,40
12.12,279.21588320089734,-0.17726402993844034,0.8392220499324722,40
12.14,279.21549116447176,-0.19754284196677038,0.8352103115338634,40
12.16,279.2169020667927,-0.22374583798032802,0.8611251158682584,40
12.181,279.22023507604024,-0.13023981680292823,0.855552444209236,40
12.201,279.2215082276415,-0.04785814626670802,0.9699679989557591,40
12.221,279.22126188152123,-0.10615558235263879,0.8284906451915511,40
12.242,279.21922349806545,-0.211230345355963,0.9034776242385845,40
12.262,279.218264914451,-0.2050271342356303,0.8227218282520248,40
12.283,279.219887363703,-0.2232364826049943,0.8366287891742358,40
12.303,279.22178815456607,-0.24159564820421453,0.7901147730202156,40
12.323,279.2208320579895,-0.23699923983890614,0.8334482355195323,40
12.343,279.2230370409964,-0.17875037150157586,0.8516170876054174,40
12.363,279.2218670818682,-0.1937418652243158,0.8300549018749255,40
12.384,279.2217960804348,-0.18104703012786474,0.8331868200159472,40
12.404,279.2221719820391,-0.22702814869340873,0.8405075120674079,40
12.424,279.22229656954784,-0.20545986713301284,0.8502249484895689,40
12.445,279.22358032748286,-0.16566636716999478,0.8524825016766282,40
12.465,279.22296256106057,-0.21534569495089506,0.8664561602261045,40
12.485,279.2209368594065,-0.20689902642976618,0.8822742620031496,40
12.506,279.2225595112092,-0.21841520530684214,0.863109448135388,40
12.526,279.2210069690664,-0.21699566914067325,0.8276660246613446,40
12.546,279.2214198066501,-0.15532221492685755,0.868847947346218,40
12.566,279.2206203583464,-0.13510423418111275,0.8707138333730102,40
12.586,279.221417470333,-0.16931928923166992,0.8852237791149249,40
12.607,279.22088000747897,-0.20012628262601817,0.9061015277736552,40
12.627,279.22235987871653,-0.17745320835083292,0.8741344541347731,40
12.647,279.2237647711009,-0.1678244322971808,0.8731800388951614,41
12.667,279.2208788925976,-0.17371068527888914,0.899790880317395,41
12.687,279.2191724747021,-0.18321001210507562,0.9000466857492553,41
12.708,279.2214699943664,-0.14472443540923435,0.8919258753373603,41
12.728,279.2212890844031,-0.13928327644112937,0.8441799758802053,41
12.749,279.2238700325019,-0.18870460846884016,0.8788747910435062,41
12.769,279.22255446760323,-0.2593145356898622,0.712281665544518,41
12.789,279.18521091742195,-0.26945105048365436,-0.43782554174402233,41
12.809,279.2161367011551,-0.9253327226974024,1.7933030703906168,41
12.83,279.2969308751353,-1.3439737388744086,1.060004048786574,41
12.85,279.4182951193422,-0.6602315986189689,1.9196642976429827,41
12.87,279.56559319305296,1.9652082547155094,3.6175839514728505,41
12.891,279.47696544908007,3.8909153194217634,1.3328808671672032,41
12.911,279.54000986561863,-1.2414940196600859,-1.938406199076572,41
12.932,279.58861124229395,-1.8527672147857228,-0.04273844127412201,41
12.952,279.8711444277395,-0.9004151666856842,4.062571603105816,41
12.972,281.9844633794763,-1.403930287354538,10.892568683703733,41
12.993,285.5734066465792,-4.622311851244702,1.3441517486460504,41
13.013,287.06849228988165,-11.147030995549533,-1.4181084341404597,41
13.033,288.42648373993313,-16.515390268429115,0.3072913600662637,41
13.054,290.41875714247715,-23.872743184833357,2.8269469986095377,41
13.074,292.3408309006844,-33.00462432502924,7.612431127754822,41
13.095,294.52721131881106,-39.383482426772055,8.691412436783098,41
13.115,296.38817396943693,-42.49369542917321,7.20083143470707,41
13.135,296.38817396943693,-42.49369542917321,7.20083143470707,41
13.156,305.8286949109459,-42.97401779905888,2.23630734013174,41
13.176,308.8323975834499,-39.73498843725129,3.7942434625541175,41
13.196,312.63092003276677,-37.13344887543041,3.5080265981132994,41
13.217,314.9907971386636,-23.070958501384847,-1.0127889200604943,41
13.237,318.8376492161877,-13.863239729485453,-2.2954858297420304,41
13.257,323.4559377082076,-5.629642223604935,-1.524738201032867,41
13.278,324.3665700623531,1.576454875197428,-2.6586119736407166,41
13.298,327.3172361860323,6.635587914177598,-4.076977629166404,41
13.318,328.9781173245699,8.682930798606916,-6.818012921508941,41
13.338,330.45742828820016,10.588380599539521,-11.336769211323197,41
13.359,331.1537114103246,12.363439401302923,-14.906906669935468,41
13.379,333.5991277700193,15.44357518975258,-13.574104204982408,41
13.399,334.87371594734554,17.43228452584015,-16.44668225099418,41
13.42,335.99492114432155,14.354940933809406,-18.66905354900808,41
13.44,336.9383670216928,10.700654348293574,-19.43140639278169,41
13.461,337.6651634150819,7.9075187381993315,-20.201866769795593,41
13.481,338.02968764825505,7.433763739522094,-19.65902334961604,41
13.501,338.0616320510152,6.132452686870376,-20.008858686201158,41
13.521,338.17916042183475,2.7852680549871525,-22.723708103596465,41
13.542,338.85300770556665,-0.8158124747638635,-25.65060716400035,41
13.562,339.978823264416,-4.788151740854921,-22.550741392216594,41
13.583,341.04751076345934,-4.314325476548056,-17.680279200386128,41
13.603,341.5690035182461,-4.537728718385072,-13.687600629397792,41
13.623,342.09537100083804,-8.17935601895819,-7.595964295199297,41
13.643,343.038635633724,1.3944991483959408,0.4135068126456633,41
13.664,342.9254780253323,5.479328874064629,9.26600200112272,41
13.684,342.82038436998255,2.905041547413896,5.20636269788677,41
13.704,342.8965326461678,0.05744771489190549,3.2898746746337846,41
13.725,342.895769401701,0.3999589809873429,1.9384878810642978,41
13.745,342.8935057986332,0.33122500611162775,1.2596436033674732,41
13.766,342.89405155281514,0.3331188391016785,0.9262084749571763,41
13.786,342.89400390961754,0.3369949125957922,0.7551413608163827,41
13.806,342.89341699774053,0.33590285598274183,0.6199430719120569,41
13.827,342.89494990505534,0.2585182108455731,0.6380616706870218,41
13.847,342.8949079301866,0.23643379709313525,0.6087734345732727,41
13.867,342.89608126476827,0.2908155559492063,0.5831348406623494,41
13.888,342.8954285847366,0.27352456023436433,0.5262179322141098,41
13.908,342.89524955532096,0.26791643347936217,0.5186038372300946,42
13.929,342.8946886454527,0.22355582293644086,0.5616999644533683,42
13.949,342.8949810939151,0.26011310235560575,0.55201590357873,42
13.969,342.8943399602837,0.25152716085397997,0.5454722791593358,42
13.99,342.8911544369298,0.20040540234964455,0.5148993135916798,42
14.01,342.89058743074713,0.24580053545591415,0.48792288849342896,42
14.03,342.8882421120799,0.20061044941359363,0.4991176212191266,42
14.051,342.886213091948,0.18007007092683214,0.47365907302983257,42
14.071,342.8826330571421,0.2436168568485077,0.47317221318538355,42
14.091,342.88081733914913,0.30723091750358145,0.3575295845463306,42
14.111,342.8801558577721,0.2582334242677836,0.3488204191178168,42
14.132,342.8812286563157,0.21706379135785675,0.4523565135528563,42
14.152,342.8798720579787,0.27043182749186734,0.45575817476303637,42
14.172,342.879355641104,0.2980292395269951,0.4988230108199809,42
14.193,342.8804364298538,0.2960372463649903,0.4777171588941942,42
14.213,342.8805352950651,0.31831301263556755,0.42254532950641605,42
14.233,342.8793817808557,0.3311666838436616,0.4297485055102436,42
14.253,342.8768508648741,0.267449914937616,0.4546043180140565,42
14.274,342.8756750982447,0.24900608192333584,0.5489790988380893,42
14.294,342.87712325160044,0.25080101837607605,0.49794559501410335,42
14.314,342.87509656385197,0.2865054324853007,0.4936873443478027,42
14.335,342.8737013341928,0.2914475300147815,0.47927905015943206,42
14.355,342.8744302306306,0.2706301729564078,0.4427099915772628,42
14.375,342.8736425467145,0.2739861975411729,0.46962662079479617,42
14.396,342.87382312714476,0.2770438133492389,0.5174666986810642,42
14.416,342.8774500490907,0.2670238720993908,0.5164205724161335,42
14.436,342.8773911879311,0.2823547974402935,0.4845982212231849,42
14.456,342.8772875678738,0.23300579770616933,0.4941707837928223,42
14.477,342.8757927945902,0.20146784100291149,0.49125045252428234,42
14.497,342.8766156135583,0.2366100543736167,0.5001491311645313,42
14.518,342.8777925649606,0.24629431943236374,0.5220717997279705,42
14.538,342.87862963367627,0.2266116116836557,0.5602487452997159,42
14.558,342.87878810640365,0.27160281924116,0.526129849247324,42
14.578,342.8804497802964,0.25549761375661223,0.51166012902394,42
14.598,342.87998227462134,0.2456864103831261,0.4712686846507231,42
14.618,342.88127177088637,0.2990370529311832,0.4737587875266377,42
14.639,342.88174055896104,0.2667035124979959,0.49124971126014144,42
14.659,342.8819075867034,0.2998321965660741,0.4636358315222691,42
14.679,342.88196377941017,0.2786380432924838,0.48591419757743737,42
14.699,342.8831664683939,0.254408431124598,0.4513279632153531,42
14.719,342.8829556131184,0.23520673434799547,0.4449883396154791,42
14.74,342.8666331161114,0.27780245994250724,0.42247519435994724,42
14.76,342.88052015135264,0.09845899118964037,0.505565908444342,42
14.78,342.8328653254666,0.2466923027038664,0.13894129336324215,42
14.8,342.9816836112177,0.0755258519072724,0.1089851421245044,42
14.821,342.94599362041873,0.2733285198599065,0.5295894425353863,42
14.841,342.94208892149635,0.05666333703554929,0.21433670300107907,42
14.861,342.96656501778006,0.4143589252058144,0.5627730841905733,42
14.881,343.0063229831639,0.9071670675481215,1.3027788765048747,42
14.902,343.05924277954654,-0.258807749748048,-0.12753895962387368,42
14.922,343.1041287291327,-0.04766905854965777,0.7614563287707907,42
14.942,343.1247930478467,0.01680816894995666,1.3666723708478385,42
14.962,343.1338159764761,0.45269046263400503,2.129054792204375,42
14.983,343.1312397488609,0.46516889104446646,1.5360073758327284,42
15.003,343.165851936025,-0.08561917077454682,0.47339470542264495,42
15.023,343.22184796536743,0.1895041966595847,0.8063843545801178,42
15.044,343.23970969691237,0.5045621328544077,0.732126928019271,42
15.064,343.20367569447427,-0.23646861846522751,0.5872504091702293,42
15.084,343.2717570598629,0.23711279756695236,0.6336924874634092,42
15.105,343.27510225183045,0.14205898760039862,0.9137648471475964,42
15.125,343.22628510927274,0.13343769090691604,1.1177630380856218,42
15.145,343.25807190550813,0.5335701175625767,0.16311969047859579,42
15.166,343.2169567972369,0.4082175109639271,0.6135958874437001,42
15.186,343.27671626159866,-0.15618037641954008,1.2957883310176386,42
15.206,343.2304027889974,0.0822227355640052,0.7784941524071475,42
15.227,343.2104710117248,0.2660563170249528,1.3125394882826849,42
15.247,343.27728432558604,0.06627179785471637,1.2872182862041273,42
15.268,343.1973716323088,-0.23564757854530352,1.349970690159614,42
15.288,343.23400950872275,0.1828788530291007,0.2356292381106539,42
15.308,343.2482155942172,-0.04631298513862859,1.0310903617943494,42
15.329,343.2075059975563,-0.6893337094758443,1.4126218770513503,42
15.349,343.19774040488926,-0.5699550627027168,0.30129344304961503,42
15.37,343.21082928154766,0.13330039386097295,1.084086119951701,42
15.39,343.16802920709284,-0.2231450829793957,2.8241260282970853,42
15.41,343.19885357325757,-0.5679974698872161,2.5004484458856986,42
15.431,343.20838888758396,-0.7027388910730805,2.656016776980931,42
15.451,343.15703631908696,-0.12001513234929452,0.8356437890412836,42
15.471,343.2385576737904,0.14657602114114568,0.015372154252918798,42
15.491,343.11998191590135,0.06515651751927812,1.0528722271115176,42
15.512,343.113018435609,0.28132795595682925,2.3519545036333183,42
15.532,343.09760242135746,0.186208093349129,1.922942269110952,42
15.552,343.16755952314236,0.06357617778627317,2.3990931232769195,42
15.573,343.09162038112856,0.422693950752454,1.7237132924626175,42
15.593,343.17273530468157,0.49156366690239844,0.6316086328847951,42
15.613,343.1172011799987,0.6689268863519314,1.3007086700147812,42
15.634,343.0627821220627,0.803158168302454,1.342097046998823,42
15.654,343.1581849526727,1.1693973304092784,2.846638909973537,42
15.674,343.1142315018855,0.7415860350289474,3.326514345947292,42
15.694,343.14907439455186,0.8362418263800974,3.2329964748391182,42
15.715,343.167462019,0.3372047334287875,3.159621436859169,42
15.735,343.12844964009827,0.6744744168166329,4.004819381338377,42
15.755,343.13747339992864,0.431886936501375,3.2484581311077227,42
15.775,343.214615413862,0.3569375416253137,2.4277679720198164,42
15.796,343.22389360777265,0.34969161026179424,2.5969201480159567,42
15.816,343.14174468202685,0.5748301407195826,2.607624686215666,42
15.837,343.2532229875662,-0.11028061103016966,3.222755577830271,42
15.857,343.07150565053706,0.36546675573760073,3.340809896787375,42
15.877,343.2613497854256,0.41490934275308433,2.2465831405334757,42
15.897,343.10329819080465,0.4906117371961076,2.544722454610371,42
15.918,343.1496923078638,0.10205818070321855,3.292007912373706,42
15.938,343.1130262725088,0.3744553463423407,2.7171570960335276,42
15.959,343.23995679218444,0.4376890451224123,4.419163199139395,42
15.979,343.1160412542735,0.557119355149926,4.821281630387388,42
15.999,343.20932055503596,0.603341863224542,1.9705497633323001,42
16.02,343.241674931329,0.8909546523757186,3.2335598788573883,42
16.04,343.185114734791,0.394220543719983,4.295056284527345,42
16.061,343.1288706952211,0.5170198809849502,3.3265780397534064,42
16.081,343.26186612292776,0.44081632337766463,4.208636279075208,42
16.101,343.1823588795813,-0.7281708742289583,5.519212566137593,42
16.121,343.121675700479,1.340602409642451,4.858017364090655,42
16.141,343.23528785614246,1.8426396014815385,4.056801978572208,42
16.162,343.25769932766565,1.0713553410958898,4.978180017197117,42
16.182,343.20065040096324,1.3865108571208296,4.468642366290979,42
16.202,343.09536075865117,0.4649104867938843,5.624818532205237,42
16.223,343.1657927617458,0.4166768810585596,4.314402234593202,42
16.243,343.25533447235233,0.1412602500354673,5.409532345541274,42
16.263,343.1564591214501,0.2572527542487345,5.522404445159447,42
16.283,343.143211980831,0.8403544872834754,4.4303086908191105,42
16.304,343.21225742535484,0.10779852473557558,5.006364856395853,42
16.324,343.1214689682093,1.1934636268588563,5.308075414283705,42
16.344,343.1889960823446,1.3427918925579714,4.8930684534237106,42
16.364,343.23075198218703,1.7803423354046053,4.478790887340178,42
16.385,343.1971391281121,0.9467235135338168,3.9493714985390964,42
16.405,343.0771996997843,0.5851995960626386,3.73005630255867,42
16.425,343.1154252801459,0.7737619837220027,2.1301874648259163,42
16.445,343.15674424376454,-0.22993610693650574,2.3422032387393728,42
16.466,343.05106362226485,0.4753379501603385,2.2430329073147472,42
16.486,343.00667317292346,0.8738901731330719,2.4829472902614453,42
16.507,343.01723400691475,1.0323431200013846,3.9318528557460146,42
16.527,342.93663815616924,1.1149193106820483,3.0646890434285896,42
16.548,342.91050334069814,0.4058764333037793,4.348628402210055,42
16.568,342.7887768940741,1.4677829036860865,4.018885619093952,42
16.589,342.82012838221425,1.799739289718843,4.718354165842035,42
16.609,342.69107072781395,1.387870887312527,5.018388334434348,42
16.629,342.4820858383178,1.4311097057270583,3.704338028382852,42
16.65,342.3582625693804,1.4689453019785188,3.4346515755382954,42
16.67,342.2958248055644,0.8291312512917909,3.3098553344793964,42
16.69,342.1521934449594,1.634318940873635,4.278127013695112,42
16.71,342.06129437004745,1.4008211729763327,3.451750646017686,42
16.731,342.02740021537863,1.3404313639736183,2.810950044762564,42
16.751,342.1686830873638,1.3739980642375267,2.4652415442490847,42
16.771,342.19709541347686,0.5761850213153508,2.802163333380778,42
16.791,342.0540153272292,1.059725806185449,4.034247072630858,42
16.812,341.65684673830594,0.8171016692742954,5.13012423904362,42
16.832,341.15064220901434,2.232593630956782,6.1298071776907,42
16.852,340.683388330982,1.093879816702159,6.1006099621581225,42
16.873,340.48384523496094,1.4192756252581356,5.271721552547769,42
16.893,340.4702093823389,0.8767118716464488,4.408079001628987,42
16.913,340.5722243577083,0.8083091069185899,5.032892145972066,42
16.933,340.52712432472,0.13596896427234204,4.831603071023864,42
16.954,340.06222944036085,0.728429947389374,4.7475067797833805,42
16.974,339.8198045078868,0.7490913530274338,2.5629471509037938,42
16.995,339.8529611732847,-0.5772312414265888,2.3136202124404073,42
17.015,339.62042846442205,-1.9317717087699262,2.278981060085783,42
17.035,339.60745821441816,-1.3926466193239093,2.3685131443712804,42
17.056,339.70977972080914,0.3539141389618654,2.174001096418978,42
17.076,339.6024678369097,0.3090319896602,5.409680832033094,42
17.096,339.5167665971578,0.7463020328631459,5.763729197568863,42
17.117,339.6525672625728,1.1564488023926474,5.118894226683742,42
17.137,339.778018690723,-0.18598023450361545,3.8456814071126186,42
17.157,339.757674881467,0.5503622411574008,2.866672366285192,42
17.178,339.8448011625064,0.14786857469919815,2.980822483954113,42
17.198,339.8332866251006,1.4540727322347964,3.732838051723608,42
17.218,339.8910056568399,0.7742243230302026,4.216086041472335,42
17.238,339.72632232443226,0.2398027612223717,4.829113885600916,42
17.259,339.93192317717313,0.36974126630789156,4.214626146867574,42
17.279,339.8212998737979,-0.17516732061836265,4.119277818016815,42
17.299,339.779517213133,0.6990295180722426,3.8469537818039323,42
17.319,339.81272783781753,1.0915687560709637,3.5093493219166034,42
17.34,339.9535524427572,0.965241647255503,4.6219674009011875,42
17.36,339.8486591193588,1.0325496305192838,5.160230579116717,42
17.381,339.82104954358425,1.8535559475878542,3.9616516557341304,42
17.401,339.93056491899114,0.7720953935863678,4.491122513552282,42
17.421,339.8356373759152,0.4576822008219576,2.9636344906625687,42
17.442,339.7815662185121,-0.3612060339515463,2.604887317935469,42
17.463,339.8644855121864,0.19673828795747175,4.135453713721911,42
17.483,339.8091590180257,0.9025667114147,4.637170144669533,42
17.503,339.807865453105,2.567491590886095,3.78568736477471,42
17.524,339.8324099884351,2.3956642690637304,4.254852101083199,42
17.544,339.67309280715045,-0.027453430422049657,3.6978938209613204,42
17.564,339.69567846101677,0.5024165646672486,2.6617318852732854,42
17.584,339.6779735900471,0.36570683206848886,3.9753359545822478,42
17.605,339.5720255168248,1.211677877429174,3.824143699569876,42
17.625,339.6830540367043,1.03166480286675,2.865856300459568,42
17.645,339.6120997090826,1.8157494085401071,3.247699853257618,42
17.666,339.3160560114917,0.8564509063845438,3.7021393224963504,42
17.686,339.0861749294587,1.290970082523861,3.011783227768905,42
17.706,339.0175941559838,1.2569837289304866,3.417711060639146,42
17.727,338.73364310964195,0.657051162147228,1.792135116825892,42
17.747,338.3031387465239,1.0397173308103593,1.455041718380985,42
17.768,337.79372441997566,0.473362652016445,2.545863286345478,42
17.788,337.2943081536491,0.9912856848680639,1.8233031930676138,42
17.808,336.4993015990126,0.06777201290637686,2.2667116910050638,42
17.829,336.2430147427917,0.8553392386134144,-0.027892575386352952,42
17.849,335.9724939775601,0.537227665608049,0.6782261883290375,42
17.869,335.3225970961625,1.3213952054907476,3.1390095695697156,42
17.89,334.41048264300974,1.4113206544797012,4.443117035186157,42
17.91,333.2906676147153,2.249979331252031,3.0387675472210653,42
17.93,332.1959327036288,2.159233736229752,1.2205479567379125,42
17.951,331.07638562948836,0.45827319104698166,2.2848731681104906,42
17.971,330.2494742711938,1.058070739231581,1.6875915064150036,42
17.991,329.2799504202526,2.377874520407028,1.0668375487268025,42
18.012,327.37084428664684,2.5214803345653523,0.16568806089536453,42
18.032,325.764328937405,1.5215937636977386,1.730361847908714,42
18.052,324.21764346506507,0.9191482695329524,2.184007479183826,42
18.073,323.19299264574374,-1.2061116758447483,1.053086037948148,42
18.093,322.78210949539016,-1.8009685407124654,2.335557604602931,42
18.114,320.9320725969242,1.250678867547907,2.3871600928577186,42
18.134,319.38452637808354,2.0314411467370608,2.02353103468297,42
18.154,317.7314465844624,1.3818083669883614,1.359596613927717,42
18.174,316.08548988184106,2.1253561086468014,2.7246435906123554,42
18.195,313.9496927350824,2.4092554083685425,2.7443799562625317,42
18.215,311.8255982756868,1.0950954161604938,3.027810284104627,42
18.235,309.7483126847632,-0.704596405382865,4.706621818635921,42
18.256,307.1049217816448,0.5656177591724839,4.963521303474109,42
18.276,304.9054426145862,1.2177000178757247,2.578189335611683,42
18.296,303.11371698865645,1.7543591317061702,3.273847992918267,42
18.317,301.33826602520594,1.742152168763475,1.5680856363607756,42
18.337,299.0534234904476,1.9655655227931497,2.7357762897238866,42
18.357,296.30129353182883,1.6372028498004707,0.009170354372094945,42
18.378,294.26467326758893,0.48555336246854197,-0.4513403556713262,42
18.398,291.71201672067355,0.5389710079679605,-0.3085968678787851,42
18.418,289.4867424521467,0.46353952493828315,0.4447649192513395,42
18.439,287.05508008280185,1.2810113261546638,2.0343384492136325,42
18.459,284.6187709181645,1.4599683481679915,1.0047139598364574,42
18.479,282.4892391377539,0.6763192622634224,2.59047535310097,42
18.5,280.0514749200697,3.365485403051618,1.2225806588202301,42
18.52,277.94560996437536,3.6762330539629717,1.4272546525246614,42
18.54,275.4978556316233,3.7382389717881566,1.440048953823397,42
18.56,273.06249123478085,4.668958060293961,0.9774004531872756,42
18.581,271.18933883668035,2.721256010571792,1.1218147127647125,42
18.601,269.2058324350724,2.0056593146463544,-0.8799050627050868,42
18.621,267.6990556225442,0.47940370460494003,0.4168812600407589,42
18.642,266.0739585860315,1.8693764498464822,1.4957044026541984,42
18.662,263.47608844131673,2.8164029864734275,0.7467043121008873,42
18.683,261.6803248058636,2.6100923572100543,0.7173479554615683,42
18.703,260.0762762947047,1.829203927380252,0.8500793939444746,42
18.723,258.37621656401416,1.3335321005248666,0.9165002466564043,42
18.744,256.6363847567404,1.6329870721188793,2.0354055936079867,42
18.764,254.71901507902797,1.6646227434374108,3.0363559282735046,42
18.784,253.21559541250602,1.8230786533105199,2.6469332477903196,42
18.805,251.69979081114576,1.9615865818070246,2.8652929165720438,42
18.825,250.13101909788526,1.8620069754325264,2.491708870769378,42
18.845,248.96221925271814,1.8573842194026622,2.589502370841969,42
18.865,247.74823987742414,1.7230727207638086,1.9225475561361778,42
18.886,246.53834566729486,1.741219736505892,2.270266188972271,42
18.906,245.323421166911,1.024277110821935,1.8247275458146675,42
18.926,244.31191417556653,0.9844377361678968,1.6732554701857947,42
18.947,243.2343467997594,0.21581381685465087,-0.30322161310169693,42
18.967,242.21121732822897,1.1495815319556992,-0.7508368730458073,42
18.987,241.35356732271387,0.44645067302390423,-0.5868852025696027,42
19.008,240.3402372553915,-0.17000312523190794,-0.30209774588176874,42
19.028,239.41421897618378,-0.1542534482832109,1.210491683177851,42
19.048,238.40825516701761,-1.0551702772569809,0.9050086653386024,42
19.069,237.47493350781366,-1.1508126899630555,0.4217360227813225,42
19.089,236.4161505491916,0.21705701026951146,1.0131001352740128,42
19.11,235.2160995906229,0.22181224949047346,1.9365313913005484,42
19.13,234.1182470882554,0.24120803440439084,1.3028104222236074,42
19.15,232.97634389078985,0.10828924551237072,1.0069053870123643,42
19.171,231.80432529642297,0.7180473986523901,0.486689161641821,42
19.191,230.86577001111206,1.2899622343605515,0.09313093180338489,42
19.211,230.0777051177824,1.5184492328055568,0.4896012884051673,42
19.232,228.86838684411532,1.7425025533439984,-0.12587340224921784,42
19.252,228.06041004916233,1.4058570517922513,-0.25697421645285434,42
19.272,227.27217302780582,2.0279963754418437,0.09012459775863664,42
19.293,226.7625434011784,2.704781505010377,0.7255776765449338,42
19.313,226.17699547379152,2.637185414157151,1.1076208217977717,42
19.333,225.63572261169747,2.7388977877131895,0.8731174423842,42
19.354,225.29618236911168,3.6589564494295086,1.7944681070032358,42
19.374,224.92246393556206,3.4106833156446714,1.3543311531695779,42
19.395,224.62376102132248,3.4618327749489395,1.1497075843027016,42
19.415,224.49361214219596,2.696702894595867,0.7583163569348806,42
19.435,224.40311269531878,2.4809437289683185,1.1519266233300156,42
19.456,224.36321429446966,2.7861120080042436,0.7711316855276491,42
19.476,224.4333781154538,2.4534570115344536,0.8747670059047523,42
19.497,224.54851944578473,2.554753337659451,0.14143627442900222,42
19.517,224.63661938689285,2.8705340894960854,0.527822789562647,42
19.537,224.81889966667728,3.1432708728988734,0.5975264431892865,42
19.558,225.01553625630646,2.5902003752505003,0.05785666416287599,42
19.578,225.15718083437702,2.730138781257981,0.18724088007330067,42
19.599,225.22965065084557,3.2725841014673764,0.31039580639854875,42
19.619,225.49094345514757,4.19568042667157,0.35318879456172425,42
19.639,225.71886328107738,4.344389773372095,1.4692949190648215,42
19.66,225.96785743840275,4.592945678187053,1.561794260069052,42
19.68,226.41990013815376,4.986308521804696,1.1603369233293421,42
19.7,226.96685118772874,4.261331395142779,1.1258250470412847,42
19.72,228.0167701464068,4.814463837212263,-0.05756586948519008,42
19.741,228.34021248933985,4.360265748480023,-0.1411773092252108,42
19.761,229.34375934940888,4.544210730468262,-0.6993798996576375,42
19.781,230.58762219280086,3.4016016590900042,-0.9094147064592091,42
19.802,230.92981942058196,3.083952465934565,0.21798442405533264,42
19.822,231.87779182677767,2.178108979829152,0.42716300265272533,42
19.843,232.44496916760528,1.9387159257779651,0.6696541786629167,42
19.863,232.93912163505303,1.8579232025950212,1.3735295632389564,42
19.884,233.47754364711983,1.9065022526121977,0.03934370873786651,42
19.904,233.8955799763138,1.4393353439280716,0.05153293013230945,42
19.924,234.41430986950803,1.6216898147451493,-0.21539466126929233,42
19.944,234.7485043779024,17.224779132926187,-7.478100020969968,42
19.965,234.09510365450564,70.90995405626666,-37.74135235210257,42
19.985,235.7151125763584,39.23922870934209,-20.02610724778775,42
20.005,237.05968048193145,22.50510959661775,-10.447402044794945,42
20.026,238.3623632156695,15.292253988361256,-3.540501250034549,42
20.046,239.46891047256838,7.588912227334869,-2.1855631680432186,42
20.066,240.2516103974548,3.3677804197469317,-2.552455451750727,42
20.087,240.62383363449533,5.242935921588821,-0.6833802896835329,42
20.107,240.75798036499927,6.234306908318129,3.438704080054064,42
20.128,241.05727497447663,1.6935501804815394,1.1153541741313866,42
20.148,241.26672337319712,0.36297133510057816,-1.2931254519107842,42
20.168,241.25850525853707,-0.8505087443801118,-7.098737738494708,42
20.189,241.28991712938628,-0.21367421611730317,-2.5410003139974404,42
20.209,241.27478438574698,-0.3638535830738838,0.7723118600042477,42
20.229,241.26328347467705,0.008260480211047756,-0.643248201832842,42
20.249,241.31292856017006,0.4198884999524531,0.594354017949442,42
20.269,241.27887589514881,-0.2462155557191826,0.056864954030368196,42
20.29,241.28097398653154,-0.07989932168823091,-0.04793278759712761,42
20.31,241.26315534276057,0.2918459153882033,0.18532242373606017,42
20.33,241.28740504744852,-0.012555500568630062,-0.5972556792572888,42
20.351,241.29008330887714,-0.02236901942898558,-0.3878840923599181,42
20.371,241.2896176170896,-0.1687122387235044,-0.3150576318129223,42
20.391,241.28424609241236,0.39487523719786893,0.13539790729772894,42
20.412,241.2496982275706,0.24230940658298059,0.3575364701567241,42
20.432,241.25181083182053,0.18224282071200265,0.5968667819182315,42
20.453,241.26178780587023,-0.015244195741210123,0.26942773054384545,42
20.473,241.25630173975514,-0.022896875082496233,0.49314173102644443,42
20.493,241.26473283082518,0.2014878544664845,-0.07364375373384666,42
20.513,241.2656665111441,-0.12996986267322036,-0.0953183236073104,42
20.534,241.24880387291583,0.09153722337537123,0.12101080436891198,42
20.554,241.26303749130926,-0.24876671817167412,-0.12252859973599604,42
20.575,241.2138382081451,-0.03240069592469702,0.2256961503741192,42
20.595,241.23069546845198,-0.5253729236311634,0.19060968383383928,42
20.615,241.26920060078348,-0.1950255343313507,-0.28682772455390265,42
20.635,241.24467628059043,0.22941989633251958,-0.3693573130973149,42
20.656,241.2057401222011,0.4818829031183705,0.021714334418763255,30
20.676,241.14670193387545,0.7170552874802405,0.4315726892195541,30
20.696,241.0768241447227,0.8160489357794437,0.164538618336127,30
20.717,241.08939931650016,0.8990416205626792,-0.4544374057383948,30
20.737,241.19953000918363,0.4506947184748563,-0.44096071791625585,30
20.758,241.24679584743365,0.19301861947873,0.36347531708044495,30
20.778,241.09779312038123,0.0722961426814982,0.20993932026541662,30
20.798,241.18165511658637,0.021722210466280135,0.015669041699534106,30
20.819,241.22656584886042,-0.03882971245251608,0.24311217288051185,30
20.839,241.18720861136075,-0.23248593515649635,-0.25019798743399274,30
20.859,241.1925709584395,0.04703154401552225,0.0913519344064508,30
20.879,241.27428658633426,0.017562133053555164,0.09165150286690679,30
20.9,241.2187294274715,-0.29504783289147196,-0.24844679795879443,33
20.92,241.2328807467116,0.2548501158719693,-0.18765465723110453,33
20.94,241.1944150371568,0.16617653448392047,0.22947987542375922,33
20.961,241.2465190435843,-0.18509173750274963,0.09285688821980963,33
20.981,241.23624116851977,-0.35485087650770586,-0.0848117865060557,33
21.001,241.23841048478846,-0.28953407600488773,-0.4346663341338347,33
21.022,241.24533437129244,0.3883542055501193,0.09570902237464696,33
21.042,241.23993642931302,-0.3162659935474543,-0.36265513588385806,33
21.062,241.22398792153845,-0.1527728207177649,-0.34789948613856503,33
21.083,241.22593653204703,0.21875111521215945,0.07372611367496844,33
21.103,241.22386469023687,0.2611592714200664,-0.12405260909960854,33
21.123,241.21715625902164,0.1154667070123014,-0.35399139857580403,33
21.144,241.213834101546,-0.25097506944441306,-0.3642467142939173,35
21.164,241.21438766430703,-0.33693715379823896,-0.25981971980456964,35
21.185,241.21550766767712,-0.21121566002278927,-0.0030560889817674184,35
21.205,241.21176973785057,-0.09555975794959101,-0.10778074849231711,35
21.225,241.2099626551526,-0.17096827497889314,-0.2556576171878843,35
21.246,241.21227986650996,-0.12846010858265475,-0.13026049937775297,35
21.266,241.21172189740682,-0.03952114204787277,-0.13879356690453853,35
21.287,241.21253733529193,-0.15063592762894737,-0.16867328300683754,35
21.307,241.2118077180207,-0.09925212722950273,-0.12566487041988433,35
21.327,241.21182096156852,-0.07724017901532902,-0.24236938732029578,35
21.348,241.20976660431174,0.0027957328833051885,-0.18758244587414732,35
21.368,241.21019267498872,0.0033901758106662998,-0.1897473786328568,35
21.389,241.2109866694697,0.08133214004856257,-0.06889220048429272,35
21.409,241.2116581748754,-0.009993457768942362,-0.09057879284311843,35
21.429,241.21009011099954,-0.03197098806840402,-0.19522428459566032,35
21.45,241.2102976560555,-0.012967939695776181,-0.1577003152927809,35
21.47,241.2100773922614,-0.033639170140478625,-0.135713791725037,35
21.49,241.2076587324005,-0.06358073745392491,-0.11556410387017317,35
21.51,241.21097289299746,-0.02390060172546251,-0.11354219353333081,35
21.531,241.21155973551956,-0.027719833034424154,-0.08672617643938357,35
21.551,241.212915338782,-0.04313131378565339,-0.13826264075002098,35
21.571,241.2121264777665,-0.05600672817065479,-0.17528267529595293,35
21.592,241.2126733245806,-0.032878790691856265,-0.09691457853510815,35
21.612,241.21323695927924,-0.058100486030136886,-0.17368767744888866,35
21.632,241.21199795184165,-0.04836913349964873,-0.16913319848924172,35
21.652,241.2154597697729,-0.07063787959440022,-0.16075711771823356,36
21.672,241.21596216715471,0.0008836457618680782,-0.06452464620365753,36
21.693,241.21570043143868,-0.04837740961180139,-0.07943827713497005,36
21.713,241.21412731812947,-0.0011754712154502574,-0.1487711340302517,36
21.734,241.2133422688428,-0.16625944445008595,-0.030164191734237365,36
21.754,241.21437830537036,-0.018895949977358845,-0.12568916703400895,36
21.775,241.2175393337153,-0.03570177544091952,-0.10622316170243785,36
21.795,241.21680532410423,-0.17133059419610108,0.026737418685311713,36
21.815,241.21782979145,0.01402167480357972,-0.17040840059520265,36
21.835,241.21814099952297,0.007687489503654197,-0.19128342185765454,36
21.856,241.2177099232948,-0.028837830447635084,-0.19351307102170942,36
21.876,241.21919688553257,-0.047064245866872516,-0.2117183677310987,36
21.896,241.21982560224123,-0.05763986224720337,-0.1775455212464879,36
21.917,241.2197691692112,-0.05743600865831484,-0.17281993381616506,36
21.937,241.2192984134891,0.0005188789433828472,-0.12421124039330093,36
21.957,241.21797663098093,-0.0238789312918554,-0.11329276570210892,36
21.978,241.21647668467375,-0.019412546738890316,-0.1196354122852299,36
21.998,241.21548998961714,-0.03629621664378882,-0.15038236961170767,36
22.018,241.21312969574456,-0.07885682713136442,-0.17478279432881505,36
22.038,241.21271380695478,-0.12214769766446744,-0.122047483674724,36
22.059,241.21164349487432,-0.10298036937802145,-0.13605042635938927,36
22.079,241.21104526288107,-0.09836882389859299,-0.09303272884742239,36
22.1,241.21149875316158,-0.25941953928129063,0.05672650235104466,36
22.12,241.22028447388408,0.3556808105025187,-1.36612980979944,36
22.14,241.2195268587139,-0.0589765120900529,0.32631615088353016,36
22.161,241.21686012308686,-0.17363016074642054,0.23515135354769579,36
22.181,241.21572108110584,-0.1080357118209651,0.05230752682623839,36
22.201,241.21513690112994,-0.01518382969883406,-0.0959708423422652,36
22.222,241.21619557866194,-0.013678358504542685,-0.20976622063100775,36
22.242,241.21318846369394,-0.005524221395616802,-0.1581143632308599,36
22.262,241.21472657233616,-0.029973026933324844,-0.16731872431516467,36
22.282,241.21571470210782,-0.004861790779099456,-0.19659113844470347,36
22.303,241.21641214932578,-0.01287431593863473,-0.18152709234339748,36
22.323,241.21750528482636,-0.0047539949873621114,-0.1934485957445168,36
22.344,241.21510418344752,-0.01592783899756884,-0.1392553603245103,36
22.364,241.2145721011375,-0.0162164959644653,-0.17687178043298565,36
22.384,241.21596413888875,-0.05130471436535124,-0.18027015812529984,36
22.404,241.21780187956355,-0.06681893605361,-0.12958210710031404,37
22.425,241.21623280855263,-0.04616001900625942,-0.10230217397889463,37
22.445,241.21698571983853,-0.044437602639264225,-0.1254141079234574,37
22.465,241.2161718409484,-0.0107983951806612,-0.12667114160956494,37
22.486,241.18007938053464,-0.5507903511165361,0.024739920034418186,37
22.506,241.15665694484298,-0.14794178716887282,0.10040889209891922,37
22.526,241.20440984761885,0.3470468758661939,-1.0364921358479608,37
22.546,241.2609448469603,0.3359092582533197,-0.06863702526692131,37
22.567,241.4160965214856,1.4769892393128086,-0.7357043133165475,37
22.587,241.5629597433154,-0.3265152975508975,0.06618099945538156,37
22.607,241.60192062175432,0.9011441441236933,-0.17137509884529736,37
22.627,241.66636341485133,-0.7060340858680382,0.07395087788632945,37
22.648,241.64148531975553,-1.6765006359353944,-0.7574489807907813,37
22.668,241.58036809640674,0.17077170306978962,0.7365963878762696,37
22.689,241.53150645790683,-0.3776038170265778,0.21917043054733545,37
22.709,241.5036104426195,-0.10365233631672148,0.1999309487964409,37
22.73,241.48470566809897,0.11862478460847892,-0.2670614960377475,37
22.75,241.4927348473568,0.053175789510178394,-0.38512188529670466,37
22.77,241.50961903782752,0.22190190802282062,-0.18742091713756787,37
22.791,241.40496159985577,-2.569767318361021,-1.3228250421582524,37
22.811,240.8139604092591,-3.615875270822248,-2.2412088868231876,37
22.831,239.6101356709275,-5.2472691404126435,-2.487007811019347,37
22.851,239.0965254913605,3.2936244287656327,1.618502086880022,37
22.872,238.8757472736099,7.0933489691809,-1.9011923028091853,37
22.892,238.41300614276426,16.667881857388313,-4.309856532260175,37
22.912,237.50253677832114,22.162146067499567,-8.717241282600883,37
22.932,236.51233623219125,25.456907854594757,-17.54487380942878,37
22.953,234.68787125200583,29.20770456622732,-21.72959880641387,37
22.973,232.18344587579236,30.098348704484444,-21.835261297138192,37
22.993,229.5335390139564,36.1400727178402,-22.42870524465269,37
23.013,227.39942668522528,35.42520802512397,-19.501510752365377,37
23.034,226.0425580327694,32.31587218063276,-15.102874535601323,37
23.054,224.91923184705158,31.203853402304098,-16.271009929230836,37
23.074,224.1212491896524,28.919900187599918,-15.984021447330889,37
23.095,222.99118696265143,24.147396771475584,-18.96765412706264,37
23.115,221.32958216728295,21.9042229450921,-15.695644722686117,37
23.135,219.7045503579331,20.024892449396965,-11.491879297780274,37
23.155,218.33548963125685,19.6573218746523,-11.39931353848311,37
23.176,216.58522660586203,22.060292572333143,-8.67417053929214,37
23.196,215.58543940907583,24.945226565150865,-5.262320869129668,37
23.216,214.51959800204094,27.359326263684594,-3.1499864148683017,37
23.237,212.66129424894933,28.28547179624496,2.6689908206218784,37
23.257,210.90173541955772,27.180487522838455,5.618499906485949,37
23.277,210.33080611512577,26.343265439127936,2.4538137568435996,37
23.298,208.7480675080389,26.175643329509693,0.20497700291454007,37
23.318,207.7969243412719,28.492070383384362,-1.9304087893360171,37
23.338,204.74667051680282,33.82974742412955,-1.400324598540646,37
23.359,201.79210636370243,40.227208980636235,-0.8058698552706295,37
23.379,198.83409681254324,42.02687761266242,-0.9416219670780958,37
23.399,196.42708687863177,44.03895949765041,3.4903035930440005,38
23.419,194.96242783113684,47.51817881954947,8.895566167551507,38
23.44,194.96242783113684,47.51817881954947,8.895566167551507,38
23.46,188.02131490178925,47.71118105079371,13.475887942428935,38
23.48,186.59887274973534,39.765148913920996,4.774284240003527,38
23.501,184.3392966507328,33.37891685881401,7.74744449753787,38
23.521,182.5634287126342,30.878795015933154,7.808832812685172,38
23.542,181.29297621547465,31.29634714594915,3.979155542161928,38
23.562,179.9988591507319,33.78946002521599,-0.21325209857021973,38
23.582,178.73469033090095,33.98220838121228,-1.6493273215094433,38
23.603,177.62739347212863,33.00997088021803,1.8304392366585107,38
23.623,176.98750635742743,33.19933450163959,5.14373199393018,38
23.643,176.5561608032996,34.34588850524699,5.2393030421218665,38
23.663,176.34007073749413,35.186103043860314,4.215524881431288,38
23.684,175.49599544817752,38.74409375424233,2.4079837298047826,38
23.704,174.77676091569552,41.2045111737679,4.037205905233487,38
23.725,173.9573181687421,43.73419104993322,7.40481099981575,38
23.745,173.8213821239872,43.5772283889449,8.819216267454248,38
23.765,174.11912271382542,44.80583975102415,5.680873190966071,38
23.786,173.85309189421957,45.14030488655046,0.2366177713089079,38
23.806,171.99330948223167,41.882562656853544,-3.3927053978324437,38
23.827,170.31692500835368,36.85600551795324,-4.284286110218302,38
23.847,168.7480872542709,32.69606079845038,-4.177589732010517,38
23.867,167.28316262967007,32.94952950814818,-1.245643429704643,38
23.888,166.3688243647283,32.99632732677694,3.0712172419399195,38
23.908,165.74122047281517,33.17141791458577,2.885975236555728,38
23.928,164.83986303391782,35.940175414402,0.5198354673228118,38
23.949,163.6135615197326,39.09957318231001,0.6468023744995065,38
23.969,162.5489529541609,38.14853418021742,1.6844364051370109,38
23.989,161.54400545386025,36.6165805477226,1.7967980596511413,38
24.01,160.78391526439455,37.51078731106722,2.3591860366060966,38
24.03,160.30712070048222,40.63074551632218,5.579291702909588,38
24.05,160.14829386998,45.1340500082783,9.341913719385193,38
24.07,159.99203758245895,46.83693645926346,11.080032720177899,38
24.091,159.819471384246,45.304816341584186,9.766000229263456,38
24.111,159.42653255320707,47.707326526010064,10.42156221192265,38
24.132,158.42270625382312,47.64418510636691,9.575064246410395,38
24.152,157.43933643113468,44.68996997784455,14.052105644235926,38
24.172,156.80796864934217,42.86892289530837,16.861017123189594,38
24.192,156.61667623978016,42.81482931958462,18.803443397998116,38
24.212,156.6455602856318,43.38334147655614,19.996020292676498,38
24.232,156.68042308049738,44.51514250979684,19.595236155107273,38
24.253,156.33724632934263,45.288912706326585,18.08712439491787,38
24.273,155.5691117502056,45.005702039509735,16.183834874189902,38
24.293,154.9149315988261,44.66853977767532,15.894749648139559,38
24.313,154.39315621016382,46.988679630561684,17.15270230734229,38
24.334,154.04378579919282,48.80506411865226,21.340183238430352,38
24.354,153.82081800733883,47.28088407757114,24.75866753161754,38
24.374,153.5012163151591,43.478592487248925,23.893932646082508,38
24.394,153.09275667785457,38.41383783371549,21.360918194930125,39
24.415,152.52215621935193,32.16151185512684,16.55830945795956,39
24.435,152.13755071370906,28.332883947538217,12.417376078458934,39
24.455,151.98964419474623,27.068963158268204,11.707661748895879,39
24.476,152.00474441716113,28.030914610055316,12.284408885751919,39
24.496,152.24587237990616,28.166232699109184,15.270902278537555,39
24.517,152.4612096817694,25.423500732367994,17.67552223263984,39
24.537,153.0688019168231,22.403350451637575,15.815669339559925,39
24.557,153.26241286677106,19.78265465783041,12.727486360579052,39
24.577,153.36722490164382,18.93729577389756,13.152658653369482,39
24.597,154.11762741043074,20.351730930964514,14.096779636494563,39
24.618,154.79320526795416,21.222590172823416,11.539011154741992,39
24.638,155.44695804163237,21.856956095143605,8.420271341510736,39
24.658,156.53706378895257,20.74035087650105,7.4102128944541334,39
24.679,157.81673380404646,18.59914921475095,6.992047829977467,39
24.699,159.27339763551828,19.003027915546024,4.092034156719998,39
24.719,160.4833932887039,19.74256007632527,1.7866721469101798,39
24.74,161.45025170519222,19.79993699956389,3.119094910980844,39
24.76,162.7773232452244,21.063223615661983,1.723397009925155,39
24.78,163.93912466078274,24.911839338724725,1.3672756151700085,39
24.8,165.3379130116098,23.77229703125091,6.860135212111621,39
24.821,167.6447745383937,20.817617774400585,3.820542004837722,39
24.841,168.66412389774794,24.793624823995316,-2.8532122296651066,39
24.861,169.41102980447414,26.02378924923428,5.416370303138482,39
24.882,170.70344459479367,24.83485062197953,0.3646544779072099,39
24.902,171.7155954231201,20.42775401627331,-8.463464165492613,39
24.922,172.9378440970084,21.21189064846232,-4.871665117481137,39
24.943,173.71359034739712,22.893445115328465,-1.177548046445905,39
24.963,174.45201523111413,21.16716155013884,3.1267797426544917,39
24.984,175.3592996737351,21.199207023250732,7.941502655295346,39
25.004,176.08664961238523,19.973927258111992,9.806535033041133,39
25.025,176.6721127745894,19.565227829385428,11.001082792866164,39
25.045,177.32709601945032,19.77631309377002,8.169570681870475,39
25.066,178.24828151914417,18.852514990418147,3.444593811575913,39
25.086,178.82421426182273,16.25112820814576,1.5360158559712709,39
25.106,179.1469312675962,14.705074835896086,1.3359417976709882,39
25.127,179.31095445589145,13.593371448795386,2.0897965273715213,39
25.147,179.18971291435778,15.196180258234431,4.149104707752708,39
25.168,178.77763587590164,19.68898741408862,8.580192909667907,39
25.188,178.09118635940433,21.746106856984827,14.780391053991929,39
25.208,177.3377045913018,20.864713109969006,15.705853601074523,39
25.229,176.16683370057365,20.42581320393978,17.235538627493792,39
25.249,174.90941288175387,21.038803840147445,17.54624484136839,39
25.27,173.8415039396856,21.21118825528412,17.891344500729375,39
25.29,172.77219677437427,19.399277615933084,18.637661053940988,39
25.31,172.29857578913894,17.759292072012787,18.462889815399752,39
25.33,172.29857578913894,17.759292072012787,18.462889815399752,39
25.351,172.29857578913894,17.759292072012787,18.462889815399752,39
25.371,172.29857578913894,17.759292072012787,18.462889815399752,39
25.391,172.29857578913894,17.759292072012787,18.462889815399752,39
25.411,172.29857578913894,17.759292072012787,18.462889815399752,39
25.432,172.29857578913894,17.759292072012787,18.462889815399752,39
25.452,172.29857578913894,17.759292072012787,18.462889815399752,39
25.473,172.29857578913894,17.759292072012787,18.462889815399752,39
25.493,172.29857578913894,17.759292072012787,18.462889815399752,39
25.513,172.29857578913894,17.759292072012787,18.462889815399752,39
25.534,172.29857578913894,17.759292072012787,18.462889815399752,39
25.554,172.29857578913894,17.759292072012787,18.462889815399752,39
25.574,172.29857578913894,17.759292072012787,18.462889815399752,39
25.595,172.29857578913894,17.759292072012787,18.462889815399752,39
25.615,172.29857578913894,17.759292072012787,18.462889815399752,39
25.635,172.29857578913894,17.759292072012787,18.462889815399752,39
25.655,172.29857578913894,17.759292072012787,18.462889815399752,39
25.676,172.29857578913894,17.759292072012787,18.462889815399752,39
25.696,172.29857578913894,17.759292072012787,18.462889815399752,39
25.717,172.29857578913894,17.759292072012787,18.462889815399752,39
25.738,172.29857578913894,17.759292072012787,18.462889815399752,39
25.758,172.29857578913894,17.759292072012787,18.462889815399752,39
25.778,172.29857578913894,17.759292072012787,18.462889815399752,39
25.799,172.29857578913894,17.759292072012787,18.462889815399752,39
25.819,172.29857578913894,17.759292072012787,18.462889815399752,39
25.839,172.29857578913894,17.759292072012787,18.462889815399752,39
25.859,172.29857578913894,17.759292072012787,18.462889815399752,39
25.88,172.29857578913894,17.759292072012787,18.462889815399752,39
25.9,172.29857578913894,17.759292072012787,18.462889815399752,39
25.92,172.29857578913894,17.759292072012787,18.462889815399752,39
25.941,172.29857578913894,17.759292072012787,18.462889815399752,39
25.961,172.29857578913894,17.759292072012787,18.462889815399752,39
25.981,172.29857578913894,17.759292072012787,18.462889815399752,39
26.001,172.29857578913894,17.759292072012787,18.462889815399752,39
26.022,172.29857578913894,17.759292072012787,18.462889815399752,39
26.042,172.29857578913894,17.759292072012787,18.462889815399752,39
26.063,172.29857578913894,17.759292072012787,18.462889815399752,39
26.083,172.29857578913894,17.759292072012787,18.462889815399752,39
26.104,172.29857578913894,17.759292072012787,18.462889815399752,39
26.124,172.29857578913894,17.759292072012787,18.462889815399752,39
26.144,172.29857578913894,17.759292072012787,18.462889815399752,39
26.165,172.29857578913894,17.759292072012787,18.462889815399752,39
26.185,172.29857578913894,17.759292072012787,18.462889815399752,39
26.205,172.29857578913894,17.759292072012787,18.462889815399752,39
26.226,172.29857578913894,17.759292072012787,18.462889815399752,39
26.246,172.29857578913894,17.759292072012787,18.462889815399752,39
26.266,172.29857578913894,17.759292072012787,18.462889815399752,39
26.287,172.29857578913894,17.759292072012787,18.462889815399752,39
26.307,172.29857578913894,17.759292072012787,18.462889815399752,39
26.328,172.29857578913894,17.759292072012787,18.462889815399752,39
26.348,172.29857578913894,17.759292072012787,18.462889815399752,39
26.369,172.29857578913894,17.759292072012787,18.462889815399752,39
26.389,172.29857578913894,17.759292072012787,18.462889815399752,39
26.409,172.29857578913894,17.759292072012787,18.462889815399752,39
26.43,172.29857578913894,17.759292072012787,18.462889815399752,39
26.45,172.29857578913894,17.759292072012787,18.462889815399752,39
26.47,172.29857578913894,17.759292072012787,18.462889815399752,39
26.49,172.29857578913894,17.759292072012787,18.462889815399752,39
26.511,172.29857578913894,17.759292072012787,18.462889815399752,39
26.531,172.29857578913894,17.759292072012787,18.462889815399752,39
26.551,172.29857578913894,17.759292072012787,18.462889815399752,39
26.572,172.29857578913894,17.759292072012787,18.462889815399752,39
26.592,172.29857578913894,17.759292072012787,18.462889815399752,39
26.612,172.29857578913894,17.759292072012787,18.462889815399752,39
26.632,172.29857578913894,17.759292072012787,18.462889815399752,39
26.653,172.29857578913894,17.759292072012787,18.462889815399752,39
26.673,172.29857578913894,17.759292072012787,18.462889815399752,39
26.694,172.29857578913894,17.759292072012787,18.462889815399752,39
26.714,172.29857578913894,17.759292072012787,18.462889815399752,39
26.734,172.29857578913894,17.759292072012787,18.462889815399752,39
26.754,172.29857578913894,17.759292072012787,18.462889815399752,39
26.775,172.29857578913894,17.759292072012787,18.462889815399752,39
26.795,172.29857578913894,17.759292072012787,18.462889815399752,39
26.815,172.29857578913894,17.759292072012787,18.462889815399752,39
26.836,172.29857578913894,17.759292072012787,18.462889815399752,39
26.856,172.29857578913894,17.759292072012787,18.462889815399752,39
26.876,172.29857578913894,17.759292072012787,18.462889815399752,39
26.896,172.29857578913894,17.759292072012787,18.462889815399752,39
26.917,172.29857578913894,17.759292072012787,18.462889815399752,39
26.937,172.29857578913894,17.759292072012787,18.462889815399752,39
26.957,172.29857578913894,17.759292072012787,18.462889815399752,39
26.978,172.29857578913894,17.759292072012787,18.462889815399752,39
26.998,172.29857578913894,17.759292072012787,18.462889815399752,39
27.019,172.29857578913894,17.759292072012787,18.462889815399752,39
27.039,172.29857578913894,17.759292072012787,18.462889815399752,39
27.059,172.29857578913894,17.759292072012787,18.462889815399752,39
27.079,172.29857578913894,17.759292072012787,18.462889815399752,39
27.1,172.29857578913894,17.759292072012787,18.462889815399752,39
27.12,172.29857578913894,17.759292072012787,18.462889815399752,39
27.141,172.29857578913894,17.759292072012787,18.462889815399752,39
27.161,172.29857578913894,17.759292072012787,18.462889815399752,39
27.182,172.29857578913894,17.759292072012787,18.462889815399752,39
27.202,172.29857578913894,17.759292072012787,18.462889815399752,39
27.223,172.29857578913894,17.759292072012787,18.462889815399752,39
27.243,172.29857578913894,17.759292072012787,18.462889815399752,39
27.263,172.29857578913894,17.759292072012787,18.462889815399752,39
27.283,172.29857578913894,17.759292072012787,18.462889815399752,39
27.304,172.29857578913894,17.759292072012787,18.462889815399752,39
27.324,172.29857578913894,17.759292072012787,18.462889815399752,39
27.344,172.29857578913894,17.759292072012787,18.462889815399752,39
27.365,172.29857578913894,17.759292072012787,18.462889815399752,39
27.385,172.29857578913894,17.759292072012787,18.462889815399752,39
27.405,172.29857578913894,17.759292072012787,18.462889815399752,39
27.426,172.29857578913894,17.759292072012787,18.462889815399752,39
27.447,172.29857578913894,17.759292072012787,18.462889815399752,39
27.467,172.29857578913894,17.759292072012787,18.462889815399752,39
27.487,172.29857578913894,17.759292072012787,18.462889815399752,39
27.507,172.29857578913894,17.759292072012787,18.462889815399752,39
27.527,172.29857578913894,17.759292072012787,18.462889815399752,39
27.548,172.29857578913894,17.759292072012787,18.462889815399752,39
27.568,172.29857578913894,17.759292072012787,18.462889815399752,39
27.588,172.29857578913894,17.759292072012787,18.462889815399752,39
27.609,172.29857578913894,17.759292072012787,18.462889815399752,39
27.629,172.29857578913894,17.759292072012787,18.462889815399752,39
27.649,172.29857578913894,17.759292072012787,18.462889815399752,39
27.669,172.29857578913894,17.759292072012787,18.462889815399752,39
27.69,172.29857578913894,17.759292072012787,18.462889815399752,39
27.71,172.29857578913894,17.759292072012787,18.462889815399752,39
27.73,172.29857578913894,17.759292072012787,18.462889815399752,39
27.75,172.29857578913894,17.759292072012787,18.462889815399752,39
27.771,172.29857578913894,17.759292072012787,18.462889815399752,39
27.791,172.29857578913894,17.759292072012787,18.462889815399752,39
27.811,172.29857578913894,17.759292072012787,18.462889815399752,39
27.831,172.29857578913894,17.759292072012787,18.462889815399752,39
27.852,172.29857578913894,17.759292072012787,18.462889815399752,39
27.872,172.29857578913894,17.759292072012787,18.462889815399752,39
27.893,172.29857578913894,17.759292072012787,18.462889815399752,39
27.913,172.29857578913894,17.759292072012787,18.462889815399752,39
27.933,172.29857578913894,17.759292072012787,18.462889815399752,39
27.954,172.29857578913894,17.759292072012787,18.462889815399752,39
27.974,172.29857578913894,17.759292072012787,18.462889815399752,39
27.994,172.29857578913894,17.759292072012787,18.462889815399752,39
28.014,172.29857578913894,17.759292072012787,18.462889815399752,39
28.034,172.29857578913894,17.759292072012787,18.462889815399752,39
28.054,172.29857578913894,17.759292072012787,18.462889815399752,39
28.075,172.29857578913894,17.759292072012787,18.462889815399752,39
28.095,172.29857578913894,17.759292072012787,18.462889815399752,39
28.115,172.29857578913894,17.759292072012787,18.462889815399752,39
28.135,172.29857578913894,17.759292072012787,18.462889815399752,39
28.155,172.29857578913894,17.759292072012787,18.462889815399752,39
28.176,172.29857578913894,17.759292072012787,18.462889815399752,39
28.196,172.29857578913894,17.759292072012787,18.462889815399752,39
28.216,172.29857578913894,17.759292072012787,18.462889815399752,39
28.236,172.29857578913894,17.759292072012787,18.462889815399752,39
28.257,172.29857578913894,17.759292072012787,18.462889815399752,39
28.277,172.29857578913894,17.759292072012787,18.462889815399752,39
28.297,172.29857578913894,17.759292072012787,18.462889815399752,39
28.318,172.29857578913894,17.759292072012787,18.462889815399752,39
28.338,172.29857578913894,17.759292072012787,18.462889815399752,39
28.358,172.29857578913894,17.759292072012787,18.462889815399752,39
28.379,172.29857578913894,17.759292072012787,18.462889815399752,39
28.399,172.29857578913894,17.759292072012787,18.462889815399752,39
28.42,172.29857578913894,17.759292072012787,18.462889815399752,39
28.44,172.29857578913894,17.759292072012787,18.462889815399752,39
28.46,172.29857578913894,17.759292072012787,18.462889815399752,39
28.48,172.29857578913894,17.759292072012787,18.462889815399752,39
28.501,172.29857578913894,17.759292072012787,18.462889815399752,39
28.521,172.29857578913894,17.759292072012787,18.462889815399752,39
28.541,172.29857578913894,17.759292072012787,18.462889815399752,39
28.561,172.29857578913894,17.759292072012787,18.462889815399752,39
28.582,172.29857578913894,17.759292072012787,18.462889815399752,39
28.602,172.29857578913894,17.759292072012787,18.462889815399752,39
28.622,172.29857578913894,17.759292072012787,18.462889815399752,39
28.643,172.29857578913894,17.759292072012787,18.462889815399752,39
28.663,172.29857578913894,17.759292072012787,18.462889815399752,39
28.683,172.29857578913894,17.759292072012787,18.462889815399752,39
28.703,172.29857578913894,17.759292072012787,18.462889815399752,39
28.723,172.29857578913894,17.759292072012787,18.462889815399752,39
28.743,172.29857578913894,17.759292072012787,18.462889815399752,39
28.764,172.29857578913894,17.759292072012787,18.462889815399752,39
28.784,172.29857578913894,17.759292072012787,18.462889815399752,39
28.805,172.29857578913894,17.759292072012787,18.462889815399752,39
28.825,172.29857578913894,17.759292072012787,18.462889815399752,39
28.846,172.29857578913894,17.759292072012787,18.462889815399752,39
28.866,172.29857578913894,17.759292072012787,18.462889815399752,39
28.886,172.29857578913894,17.759292072012787,18.462889815399752,39
28.906,172.29857578913894,17.759292072012787,18.462889815399752,39
28.927,172.29857578913894,17.759292072012787,18.462889815399752,39
28.947,172.29857578913894,17.759292072012787,18.462889815399752,39
28.968,172.29857578913894,17.759292072012787,18.462889815399752,39
28.988,172.29857578913894,17.759292072012787,18.462889815399752,39
29.008,172.29857578913894,17.759292072012787,18.462889815399752,39
29.028,172.29857578913894,17.759292072012787,18.462889815399752,39
29.049,172.29857578913894,17.759292072012787,18.462889815399752,39
29.069,172.29857578913894,17.759292072012787,18.462889815399752,39
29.09,172.29857578913894,17.759292072012787,18.462889815399752,39
29.11,172.29857578913894,17.759292072012787,18.462889815399752,39
29.13,172.29857578913894,17.759292072012787,18.462889815399752,39
29.151,172.29857578913894,17.759292072012787,18.462889815399752,39
29.171,172.29857578913894,17.759292072012787,18.462889815399752,39
29.191,172.29857578913894,17.759292072012787,18.462889815399752,39
29.212,172.29857578913894,17.759292072012787,18.462889815399752,39
29.232,172.29857578913894,17.759292072012787,18.462889815399752,39
29.252,172.29857578913894,17.759292072012787,18.462889815399752,39
29.273,172.29857578913894,17.759292072012787,18.462889815399752,39
29.293,172.29857578913894,17.759292072012787,18.462889815399752,39
29.313,172.29857578913894,17.759292072012787,18.462889815399752,39
29.334,172.29857578913894,17.759292072012787,18.462889815399752,39
29.354,172.29857578913894,17.759292072012787,18.462889815399752,39
29.374,172.29857578913894,17.759292072012787,18.462889815399752,39
29.395,172.29857578913894,17.759292072012787,18.462889815399752,39
29.415,172.29857578913894,17.759292072012787,18.462889815399752,39
29.435,172.29857578913894,17.759292072012787,18.462889815399752,39
29.455,172.29857578913894,17.759292072012787,18.462889815399752,39
29.476,172.29857578913894,17.759292072012787,18.462889815399752,39
29.496,172.29857578913894,17.759292072012787,18.462889815399752,39
29.516,172.29857578913894,17.759292072012787,18.462889815399752,39
29.537,172.29857578913894,17.759292072012787,18.462889815399752,39
29.557,172.29857578913894,17.759292072012787,18.462889815399752,39
29.577,172.29857578913894,17.759292072012787,18.462889815399752,39
29.598,172.29857578913894,17.759292072012787,18.462889815399752,39
29.618,172.29857578913894,17.759292072012787,18.462889815399752,39
29.638,172.29857578913894,17.759292072012787,18.462889815399752,39
29.658,172.29857578913894,17.759292072012787,18.462889815399752,39
29.679,172.29857578913894,17.759292072012787,18.462889815399752,39
29.699,172.29857578913894,17.759292072012787,18.462889815399752,39
29.719,172.29857578913894,17.759292072012787,18.462889815399752,39
29.739,172.29857578913894,17.759292072012787,18.462889815399752,39
29.76,172.29857578913894,17.759292072012787,18.462889815399752,39
29.78,172.29857578913894,17.759292072012787,18.462889815399752,39
29.8,172.29857578913894,17.759292072012787,18.462889815399752,39
29.821,172.29857578913894,17.759292072012787,18.462889815399752,39
29.841,172.29857578913894,17.759292072012787,18.462889815399752,39
29.862,172.29857578913894,17.759292072012787,18.462889815399752,39
29.882,172.29857578913894,17.759292072012787,18.462889815399752,39
29.902,172.29857578913894,17.759292072012787,18.462889815399752,39
29.922,172.29857578913894,17.759292072012787,18.462889815399752,39
29.943,172.29857578913894,17.759292072012787,18.462889815399752,39
29.963,172.29857578913894,17.759292072012787,18.462889815399752,39
29.984,172.29857578913894,17.759292072012787,18.462889815399752,39
30.004,172.29857578913894,17.759292072012787,18.462889815399752,39
30.024,172.29857578913894,17.759292072012787,18.462889815399752,39
30.044,172.29857578913894,17.759292072012787,18.462889815399752,39
30.064,172.29857578913894,17.759292072012787,18.462889815399752,39
30.085,172.29857578913894,17.759292072012787,18.462889815399752,39
30.105,172.29857578913894,17.759292072012787,18.462889815399752,39
30.125,172.29857578913894,17.759292072012787,18.462889815399752,39
30.146,172.29857578913894,17.759292072012787,18.462889815399752,39
30.166,172.29857578913894,17.759292072012787,18.462889815399752,39
30.186,172.29857578913894,17.759292072012787,18.462889815399752,39
30.207,172.29857578913894,17.759292072012787,18.462889815399752,39
30.227,172.29857578913894,17.759292072012787,18.462889815399752,39
30.247,172.29857578913894,17.759292072012787,18.462889815399752,39
30.268,172.29857578913894,17.759292072012787,18.462889815399752,39
30.288,172.29857578913894,17.759292072012787,18.462889815399752,39
30.308,172.29857578913894,17.759292072012787,18.462889815399752,39
30.329,172.29857578913894,17.759292072012787,18.462889815399752,39
30.349,172.29857578913894,17.759292072012787,18.462889815399752,39
30.369,172.29857578913894,17.759292072012787,18.462889815399752,39
30.389,172.29857578913894,17.759292072012787,18.462889815399752,39
30.409,172.29857578913894,17.759292072012787,18.462889815399752,39
30.43,172.29857578913894,17.759292072012787,18.462889815399752,39
30.45,172.29857578913894,17.759292072012787,18.462889815399752,39
30.47,172.29857578913894,17.759292072012787,18.462889815399752,39
30.491,172.29857578913894,17.759292072012787,18.462889815399752,39
30.511,172.29857578913894,17.759292072012787,18.462889815399752,39
30.531,172.29857578913894,17.759292072012787,18.462889815399752,39
30.551,172.29857578913894,17.759292072012787,18.462889815399752,39
30.572,172.29857578913894,17.759292072012787,18.462889815399752,39
30.592,172.29857578913894,17.759292072012787,18.462889815399752,39
30.613,172.29857578913894,17.759292072012787,18.462889815399752,39
30.633,172.29857578913894,17.759292072012787,18.462889815399752,39
30.653,172.29857578913894,17.759292072012787,18.462889815399752,39
30.674,172.29857578913894,17.759292072012787,18.462889815399752,39
30.694,172.29857578913894,17.759292072012787,18.462889815399752,39
30.714,172.29857578913894,17.759292072012787,18.462889815399752,39
30.735,172.29857578913894,17.759292072012787,18.462889815399752,39
