time (s),yaw,pitch,roll,battery,acc_x,acc_y,acc_z,gyro_roll,gyro_pitch,gyro_yaw,altitude (m),loop rate (Hz),target altitude (m)
0.0,78.47477043287348,-0.5415330926749201,0.7026045672481571,83,0.007317632436752319,0.014125095680356026,0.9976003766059875,0.06902975589036942,-0.33509695529937744,-0.038352303206920624,4.538533954513048e-95,285.85183670687655,0.0
0.05,78.47546779630584,-0.5444630218146583,0.6764190538295378,83,0.00789272878319025,0.010155260562896729,0.9976786971092224,0.016782773658633232,0.02579852007329464,0.059593282639980316,4.1146696432910076e-95,285.85183670687655,0.0
0.101,78.47323215976594,-0.5362939338582144,0.6730117876204174,83,0.008074101060628891,0.012362291105091572,0.9988463521003723,-0.04500354826450348,-0.03637605533003807,-0.028289956972002983,3.548486314039109e-95,285.85183670687655,0.0
0.151,78.47149179302053,-0.541061024840547,0.6883344205019873,83,0.01062044594436884,0.01101821381598711,0.996909499168396,-0.20570175349712372,0.08344612270593643,-0.06371263414621353,3.210306343986838e-95,285.85183670687655,0.0
0.202,78.47090916904446,-0.5340486121525353,0.6687435064187776,83,0.008709467016160488,0.010048272088170052,1.0007855892181396,-0.06049603596329689,0.03507352992892265,-0.032952502369880676,2.7615920238502042e-95,285.85183670687655,0.0
0.252,78.47069536183248,-0.5296352001949802,0.7199017075770611,83,0.009892771951854229,0.014305731281638145,0.9972889423370361,0.03711342811584473,-0.06892888993024826,0.06204203516244888,2.49727684289107e-95,285.85183670687655,0.0
0.303,78.47188694926992,-0.5514944794437823,0.7126559406507685,83,0.00922861322760582,0.012616010382771492,0.9977391958236694,-0.1450672745704651,-0.0554167702794075,-0.0835631862282753,2.1479186552612656e-95,284.90042113843225,0.0
0.353,78.46956575880255,-0.5872094275730516,0.7081649358968906,83,0.010057595558464527,0.011345729231834412,0.9968788623809814,-0.11278222501277924,-0.14544658362865448,0.07367391139268875,1.838338265443843e-95,284.90042113843225,0.0
0.403,78.47027190993424,-0.5350979923971393,0.7135989138321861,83,0.008068985305726528,0.01311461627483368,0.999509334564209,-0.00945897027850151,0.07627878338098526,-0.09773759543895721,1.660887425845429e-95,284.90042113843225,0.0
0.454,78.47418946454079,-0.5399334710957279,0.7063705855061436,83,0.010044318623840809,0.01225996483117342,0.9974567890167236,-0.10668802261352539,-0.14358997344970703,0.08547316491603851,1.5068669810383262e-95,284.90042113843225,0.0
0.505,78.4733672573262,-0.5263662306318133,0.724980828310015,83,0.007753853686153889,0.014745152555406094,0.9973514080047607,-0.19975750148296356,-0.003327665850520134,0.006100683473050594,1.2965827428073724e-95,284.90042113843225,0.0
0.555,78.4725605260871,-0.5368881605888235,0.7293123397606497,83,0.010155776515603065,0.01323347631841898,0.9966046214103699,-0.06782806664705276,-0.09628201276063919,0.1500704139471054,1.1164233434791567e-95,284.90042113843225,0.0
0.605,78.47191215248776,-0.5222618543144576,0.7250276942940487,83,0.008923249319195747,0.012108657509088516,0.9969602823257446,-0.18357285857200623,-0.16517838835716248,0.042158931493759155,1.0056263528301053e-95,284.90042113843225,0.0
0.656,78.47217474594548,-0.5670422990809266,0.7105338194082014,83,0.011726977303624153,0.013718757778406143,0.9972770810127258,-0.11581255495548248,-0.15646512806415558,-0.0026440408546477556,8.632027616094911e-96,284.90042113843225,0.0
0.707,78.47076295895951,-0.5513944329685304,0.7266815651003634,83,0.010331522673368454,0.011674615554511547,1.0029329061508179,-0.20122045278549194,-0.03692605718970299,0.05852146074175835,7.788167911644301e-96,284.90042113843225,0.0
0.757,78.47440020995985,-0.5444689445957355,0.7476404578155177,83,0.007981925271451473,0.01345742680132389,0.9963359236717224,-0.1282547265291214,0.006059183739125729,0.22695916891098022,6.690907208378468e-96,284.90042113843225,0.0
0.807,78.47561546135863,-0.5515294417030179,0.7068208699733166,83,0.008331356570124626,0.009895657189190388,0.9973017573356628,0.1363763064146042,-0.014641194604337215,0.002600959734991193,6.0726263849614345e-96,285.6377008989376,0.0
0.858,78.47263598748684,-0.5400938776506748,0.6771816462886404,83,0.008730367757380009,0.012297234497964382,0.9978312253952026,-0.17198431491851807,0.038492877036333084,0.0055706738494336605,5.240388467578503e-96,285.6377008989376,0.0
0.908,78.47484721769501,-0.5486543140260636,0.6789071198165176,83,0.010158476419746876,0.01135859452188015,0.996721088886261,0.08911975473165512,-0.03320913016796112,0.1564159095287323,4.757366949381268e-96,285.6377008989376,0.0
0.959,78.47639390461975,-0.5434129349225378,0.6319243561047144,83,0.008651676587760448,0.009556417353451252,0.9971457719802856,-0.033700428903102875,0.040573325008153915,-0.10795886069536209,4.131684452377296e-96,285.6377008989376,0.0
1.009,78.47864289237438,-0.5019342628165258,0.6272543966735203,83,0.00660898070782423,0.012284297496080399,0.99843829870224,-0.10814304649829865,0.07146809995174408,-0.0519794262945652,3.767323509752397e-96,285.6377008989376,0.0
1.06,78.47671565301113,-0.49143210978560525,0.6802156095476344,83,0.006785801146179438,0.013123571872711182,0.9983504414558411,-0.20707803964614868,0.08941689878702164,-0.2194458395242691,3.2655312280975465e-96,285.6377008989376,0.0
1.11,78.47434177829369,-0.5011037527727502,0.6795591963276892,83,0.008248751983046532,0.013039996847510338,0.9966883063316345,0.09870389103889465,-0.28534066677093506,0.1449151635169983,2.9715131071283136e-96,285.6377008989376,0.0
1.16,78.47546892398849,-0.49281066759279857,0.6986220195558966,83,0.00993689801543951,0.012282578274607658,0.99592125415802,-0.07790253311395645,-0.15708568692207336,0.15161196887493134,2.5701342702895672e-96,285.6377008989376,0.0
1.21,78.47766644054084,-0.5235573139554157,0.7074792690488994,83,0.010458508506417274,0.011337668634951115,0.9966258406639099,0.05242791399359703,-0.0038248600903898478,0.1377641260623932,2.3375751598176275e-96,285.6377008989376,0.0
1.26,78.47754028388674,-0.5512514917007024,0.6874374383121711,83,0.009788591414690018,0.009810633026063442,0.9982169270515442,-0.1621524542570114,-0.10799501836299896,-0.06375809013843536,2.0366022556693085e-96,285.6377008989376,0.0
1.311,78.47766267645646,-0.548110106379557,0.6555287107130037,83,0.008137880824506283,0.01121438480913639,0.9963204860687256,-0.33645910024642944,-0.05007688328623772,-0.1921423226594925,1.7674261017913514e-96,285.6377008989376,0.0
1.361,78.47912209368249,-0.5415543363664133,0.6446530831454499,83,0.009633670561015606,0.012233679182827473,0.9969782829284668,-0.2034601867198944,-0.06457298994064331,0.09002581983804703,1.606271293619507e-96,257.63538083538083,0.0
1.411,78.48063205098263,-0.5386035928292155,0.6824601731252079,83,0.00913489144295454,0.012386237271130085,0.9985138773918152,0.0111142722889781,-0.04219533130526543,-0.08708744496107101,1.3949030170965815e-96,257.63538083538083,0.0
1.461,78.48192298909899,-0.5289235208290866,0.6963261455159464,83,0.009041577577590942,0.012619266286492348,0.9980413317680359,0.16158463060855865,-0.3526965379714966,0.17115038633346558,1.2720986825976003e-96,257.63538083538083,0.0
1.512,78.48163665788265,-0.550269452696134,0.7119624101719946,83,0.00851495936512947,0.012843561358749866,0.9972478151321411,-0.05777077004313469,-0.06756925582885742,-0.04945218190550804,1.1585489601814945e-96,257.63538083538083,0.0
1.562,78.4807021502806,-0.5242711405510221,0.6703335398606419,83,0.009948281571269035,0.010648554190993309,0.9968817234039307,-0.32761743664741516,-0.14727383852005005,0.026176201179623604,1.007752700629358e-96,257.63538083538083,0.0
1.613,78.48106053037901,-0.5444239884494007,0.6595264305278089,83,0.009417851455509663,0.011124827899038792,0.9996572136878967,0.036077216267585754,0.048797935247421265,0.05229334160685539,8.770665428392732e-97,257.63538083538083,0.0
1.663,78.4818013668898,-0.5294914702858692,0.7186787949243273,83,0.007834207266569138,0.014633862301707268,0.9977766275405884,0.05932195112109184,0.1227441132068634,-0.14982648193836212,7.962617733343401e-97,257.63538083538083,0.0
1.713,78.48065101169233,-0.5365292388366792,0.7036177473382006,83,0.008205443620681763,0.013045844621956348,0.9978408813476562,-0.03465837240219116,-0.18676982820034027,-0.24556168913841248,6.901264433171182e-97,257.63538083538083,0.0
1.764,78.48402085323045,-0.5385444917503168,0.7110722323251031,83,0.009406469762325287,0.011609924025833607,0.9977329969406128,0.022835513576865196,-0.10060957819223404,-0.14663603901863098,6.29077359660664e-97,257.63538083538083,0.0
1.815,78.48358317422449,-0.543377094592545,0.6678530411070824,83,0.009747646749019623,0.010668645612895489,0.9973612427711487,-0.12703563272953033,-0.1909126490354538,0.007057121954858303,5.459827106166135e-97,257.63538083538083,0.0
1.865,78.48441291309167,-0.5384656926969079,0.6932773570824264,83,0.009545697830617428,0.01330156996846199,0.9974818825721741,-0.1947573721408844,0.10203592479228973,-0.033964648842811584,4.946564833406463e-97,257.63538083538083,0.0
1.915,78.48368813330885,-0.5286583768228511,0.6615626462219472,83,0.009046963416039944,0.009404846467077732,0.9966541528701782,-0.26126646995544434,0.01261016633361578,-0.16310575604438782,4.2512478135670213e-97,284.41744083542415,0.0
1.965,78.48649457921645,-0.5122047383487821,0.6951077527916167,83,0.006906067952513695,0.014242371544241905,0.9988898634910583,0.03896858170628548,-0.009934595786035061,0.20675502717494965,3.8447419992985157e-97,284.41744083542415,0.0
2.016,78.48663323272565,-0.5547017224941728,0.6940446963977336,83,0.01147876214236021,0.011418825946748257,1.0003633499145508,-0.17799286544322968,0.1474405825138092,-0.06030399724841118,3.3207953989349797e-97,284.41744083542415,0.0
2.066,78.48974747520357,-0.5101235688744521,0.7058583808678893,83,0.005568399094045162,0.012424105778336525,1.0011425018310547,-0.19459785521030426,0.09433700889348984,-0.041521359235048294,3.022992488322218e-97,284.41744083542415,0.0
2.117,78.49046843124286,-0.51598981976998,0.7292482953470166,83,0.009881637990474701,0.013145574368536472,0.9989557266235352,-0.47595831751823425,-0.25171464681625366,-0.060772135853767395,2.6347656644131765e-97,284.41744083542415,0.0
2.167,78.48883888907316,-0.5485097902506312,0.7243265377926141,83,0.00956816878169775,0.012142598628997803,0.9992388486862183,-0.11089262366294861,-0.013326766900718212,-0.07006634026765823,2.407953710748681e-97,284.41744083542415,0.0
2.217,78.48601626361162,-0.5679684968760672,0.7012599770215895,83,0.009689835831522942,0.01233618799597025,0.9984098672866821,-0.029713070020079613,-0.19977889955043793,0.20199865102767944,2.079963908127874e-97,284.41744083542415,0.0
2.268,78.48564049507692,-0.5553956541978073,0.7195442169171313,83,0.008592489175498486,0.01290055550634861,0.998130202293396,-0.1893274188041687,-0.05550871044397354,0.09711042046546936,1.8894258058311508e-97,284.41744083542415,0.0
2.318,78.4831490790145,-0.5660912534657477,0.6975850643994842,83,0.010973994620144367,0.01295489352196455,0.9989234805107117,0.043701671063899994,-0.18039564788341522,-0.16688495874404907,1.6339878153882605e-97,284.41744083542415,0.0
2.368,78.48220434032045,-0.5402112012178908,0.6938982505237642,83,0.009376336820423603,0.011515840888023376,0.9978998899459839,-0.19854526221752167,0.005275215953588486,-0.05051927641034126,1.482219003578869e-97,284.41744083542415,0.0
2.419,78.48201439089995,-0.5315274776266998,0.6789692800837431,83,0.008249402977526188,0.010649167001247406,0.99793940782547,0.10275277495384216,0.023029429838061333,0.06653812527656555,1.281157293969044e-97,284.5139058472392,0.0
2.469,78.48191566572936,-0.5210781545533728,0.6993114448860869,83,0.009045285172760487,0.012539356015622616,0.9983547329902649,-0.06185121834278107,0.012782406993210316,-0.10443069785833359,1.1590448492393447e-97,284.5139058472392,0.0
2.52,78.4837523251346,-0.5501257224129276,0.7435599198133805,83,0.019796065986156464,0.00984348077327013,0.9979376196861267,-0.039224665611982346,-0.00027491882792674005,-0.24791717529296875,9.957350340552308e-98,284.5139058472392,0.0
2.57,78.48182184496012,-0.5258214675572677,0.7282407199958898,83,0.009641517885029316,0.012594669125974178,0.9958047866821289,-0.057660870254039764,-0.04943782091140747,-0.05433850735425949,8.580136984748528e-98,284.5139058472392,0.0
2.62,78.47893893396406,-0.5328900418283108,0.7222607996037284,83,0.009387397207319736,0.012374120764434338,0.998315155506134,-0.09860841929912567,0.03440336510539055,-0.07967343181371689,7.792951140770326e-98,284.5139058472392,0.0
2.671,78.47912779840365,-0.5174753831402138,0.6793546169403871,83,0.007167938631027937,0.009660924784839153,0.9956715703010559,0.04776454344391823,0.06260105222463608,0.1146235540509224,6.763538137677073e-98,284.5139058472392,0.0
2.721,78.47826502988104,-0.5136915525333084,0.6678146013567995,83,0.009744646959006786,0.01047996524721384,0.9965379238128662,-0.18443307280540466,-0.042067281901836395,-0.22379906475543976,6.153159946420536e-98,284.5139058472392,0.0
2.771,78.47768203868766,-0.5360114034651428,0.6567982781632127,83,0.01144604291766882,0.011559697799384594,0.9972770810127258,0.09585382789373398,-0.25465118885040283,0.009728769771754742,5.339558907988899e-98,284.5139058472392,0.0
2.822,78.47766050076578,-0.5428074653840441,0.7008665507730896,83,0.014604086987674236,0.010009558871388435,0.9966422319412231,0.14454427361488342,0.023529332131147385,0.106449194252491,4.844803831842588e-98,284.5139058472392,0.0
2.873,78.47928476803256,-0.5353143799218852,0.6879783933787622,83,0.009881800971925259,0.009736643172800541,0.9982431530952454,-0.10446797311306,0.09740044921636581,-0.10869145393371582,4.173638707911234e-98,284.5139058472392,0.0
2.923,78.4804289502227,-0.5318823225022958,0.7226261842118155,83,0.011765213683247566,0.015993567183613777,0.999380350112915,-0.17351393401622772,0.048360105603933334,0.007503801491111517,3.778414177660646e-98,284.5139058472392,0.0
2.973,78.48161387863684,-0.5522287450471763,0.7366381539865657,83,0.011439787223935127,0.011101869866251945,1.0003365278244019,0.01901886984705925,-0.05133660510182381,0.018641402944922447,3.2461424029970085e-98,291.4127700965747,0.0
3.024,78.48225486104849,-0.5529925419981221,0.7359318744264222,83,0.009051443077623844,0.014391264878213406,0.9959378838539124,-0.08742814511060715,-0.1282166838645935,-0.032268788665533066,2.93474742352747e-98,291.4127700965747,0.0
3.074,78.48620102468607,-0.5223017175217575,0.7527553756230506,83,0.01058968249708414,0.013081539422273636,0.9971621632575989,-0.24359486997127533,-0.03167102113366127,0.07221487909555435,2.531315137915118e-98,291.4127700965747,0.0
3.125,78.48746865136171,-0.5561075199175782,0.7118606907527848,83,0.009664581157267094,0.010049375705420971,0.9969688057899475,-0.03308745101094246,-0.12615221738815308,0.05154106393456459,2.2988918936192753e-98,291.4127700965747,0.0
3.175,78.4864095892523,-0.5292364864346379,1.0168443050930305,83,-0.013887370936572552,0.053670551627874374,0.9398302435874939,-3.033281087875366,0.07066081464290619,-2.424105405807495,1.994780204348164e-98,291.4127700965747,0.0
3.225,78.48042884506789,-0.6458806951123196,0.8044791831041799,83,0.0060688816010952,0.027645982801914215,0.9977461099624634,-0.9736892580986023,0.04009777680039406,-0.11453370749950409,1.8166877480527973e-98,291.4127700965747,0.0
3.275,78.50165645878438,-1.4540887082676706,1.6016594316144857,83,0.09596126526594162,0.09335771203041077,1.006118655204773,3.202509641647339,-0.12305945158004761,1.9595284461975098,1.5850033533362345e-98,291.4127700965747,0.0
3.326,78.32807708971941,0.1730575311569865,1.3064313372844565,83,-0.023346537724137306,-0.013566684909164906,0.9326363801956177,-1.8215999603271484,6.995276927947998,-23.738277435302734,1.4481433771986634e-98,291.4127700965747,0.0
3.377,77.87337877960493,-0.7753627254122907,0.21703080175465014,83,0.022035401314496994,0.05064406245946884,1.0154412984848022,-8.516637802124023,6.625858306884766,2.860379934310913,1.2575914231262816e-98,291.4127700965747,0.0
3.427,77.83787950729376,-0.827925832234787,1.1005331054449499,83,0.014556226320564747,0.0326811783015728,1.0120244026184082,-9.275395393371582,3.844338893890381,-4.561896324157715,1.1374389830037005e-98,291.4127700965747,0.0
3.478,77.76932822932699,-1.019958737376713,0.8604063807752265,83,-0.005929382052272558,0.00020604646124411374,1.0156962871551514,-12.146502494812012,10.11026668548584,-1.8655003309249878,9.773476834761261e-99,291.4127700965747,0.0
3.528,77.47520068911955,-2.156265370573952,2.0532950712398024,83,0.07604748010635376,0.0474097914993763,0.9765743613243103,-0.8394677639007568,0.26515257358551025,-3.0314817428588867,8.851973385719423e-99,284.3981556821264,0.0
3.578,77.50635929578814,-1.8592020545331105,1.5582594754550791,83,0.0027188551612198353,-0.010205315425992012,1.047261357307434,6.447917938232422,-5.391907215118408,0.35759174823760986,7.634608179630966e-99,284.3981556821264,0.0
3.629,77.18759067094149,-1.408696115564129,0.7550014926590276,83,0.03600764274597168,0.0016896987799555063,1.0139864683151245,-21.16448211669922,-4.999748706817627,-12.776325225830078,6.600590975946727e-99,284.3981556821264,0.0
3.679,76.37854822336746,-3.067751751116774,0.04130473905700816,83,0.06973249465227127,0.024229243397712708,0.9425912499427795,41.204830169677734,-8.37876033782959,-33.88035202026367,6.010166496007e-99,284.3981556821264,0.0
3.73,74.68887853137537,-6.476285334552325,-0.8751540834210356,83,0.4868079125881195,-0.25771191716194153,1.179947018623352,6.668826580047607,-38.981361389160156,-97.02946472167969,5.241213889079077e-99,284.3981556821264,0.0
3.78,70.03641830786043,-4.747767412171998,-3.932506605228518,83,-0.0547916404902935,0.026626748964190483,1.5163804292678833,9.610283851623535,30.63368797302246,-127.33499145507812,4.788587473271057e-99,284.3981556821264,0.0
3.83,69.28233961731686,1.7214711978051116,6.165479654854357,83,-0.11715968698263168,0.2505277991294861,0.9084680080413818,-46.26526641845703,11.472946166992188,44.134796142578125,0.0002303037583309919,284.3981556821264,0.0
3.881,70.70796523835472,-0.1570317905825854,4.3594199193002,83,0.05156603455543518,-0.013065949082374573,1.0952569246292114,-4.2385101318359375,-20.18405532836914,15.245837211608887,0.001580780543911196,284.3981556821264,0.0
3.931,70.62792442324437,0.6605707836556094,2.100288381424788,83,-0.051229216158390045,0.011340727098286152,1.1609300374984741,-21.388277053833008,-2.810741662979126,-2.5825085639953613,0.004926693020726875,284.3981556821264,0.0
3.981,70.48068915778532,-0.15261035275208412,1.402965713689101,83,0.021855536848306656,0.045459721237421036,0.9941699504852295,7.065095901489258,-20.96860122680664,-11.306071281433105,0.008377832598472058,284.3981556821264,0.0
4.031,70.02380711932102,-0.509031235341226,2.449432926621297,83,0.009075142443180084,0.07712135463953018,0.8628447651863098,-36.587982177734375,22.96565818786621,-9.697769165039062,0.014084470344721215,282.0458610718849,0.0
4.081,69.88134462811394,-0.66174345689746,4.682900312332755,83,-0.017163818702101707,0.13139376044273376,1.030113697052002,-10.813429832458496,-0.1837848275899887,-0.19053824245929718,0.018423011910398707,282.0458610718849,0.0
4.132,70.48871105751658,0.07505154641011874,6.1769594297476145,83,-0.029169872403144836,0.0995892584323883,0.5224246382713318,-17.190542221069336,15.627762794494629,28.51999855041504,0.026015158596467025,282.0458610718849,0.0
4.182,71.08145781373098,0.9131361045457816,2.580908656931142,83,-0.04503771290183067,-0.047048792243003845,0.6783016920089722,-1.4872604608535767,16.729021072387695,4.056070804595947,0.030748098113243937,282.0458610718849,0.0
4.232,71.51247184541823,3.687112430631369,-0.6977114138974219,83,-0.033283885568380356,-0.08909298479557037,1.1760265827178955,84.25990295410156,-24.058338165283203,8.361504554748535,0.03747062929604201,282.0458610718849,0.0
4.283,70.73288194814876,3.360363722055491,0.47827132085036794,83,-0.08332961052656174,0.0912928432226181,0.7246205806732178,-13.422879219055176,16.266334533691406,-25.41698455810547,0.04150587332311052,282.0458610718849,0.0
4.333,70.93731695314824,3.7576813436870764,-0.4029120600409745,83,-0.007891755551099777,-0.08706946671009064,1.267884373664856,4.643261909484863,-30.281293869018555,21.81292724609375,0.04702327697827908,282.0458610718849,0.0
4.384,71.17523021908042,0.2806889673247231,-3.4750402011198327,83,0.05747375637292862,-0.09306523948907852,1.0855802297592163,-8.479089736938477,-20.172388076782227,-3.540782928466797,0.050918883355600734,282.0458610718849,0.0
4.434,71.16799379868317,-1.8442060454495048,-3.0366972854431684,83,0.07699546217918396,-0.03002561256289482,0.9817686676979065,-6.656955718994141,12.243813514709473,1.223604440689087,0.05658486112689177,282.0458610718849,0.0
4.485,71.08057013034791,-0.9366459049656558,-1.5292733571130885,83,-0.050862640142440796,0.008461660705506802,0.792818009853363,-1.3712326288223267,-17.663257598876953,2.0659048557281494,0.06004409896716155,282.0458610718849,0.0
4.535,71.23838709148698,0.5369365409404061,-1.6545010119318535,83,-0.022712191566824913,-0.02652173675596714,0.955750584602356,11.299615859985352,-8.317574501037598,-0.661241352558136,0.06462278608994441,282.0458610718849,0.0
4.586,70.99490762574102,2.3760789796859365,-0.6418803376427059,83,-0.07203391939401627,0.01957380585372448,0.856528103351593,23.952425003051758,-0.17280149459838867,-5.371906757354736,0.06683411439170261,293.4721522530087,0.0
4.637,71.04456722676173,3.621142272206372,0.8834897893202441,83,-0.06837161630392075,0.0477055199444294,0.945423424243927,1.3508003950119019,4.129859447479248,4.4124436378479,0.06960409854869493,293.4721522530087,0.0
4.688,71.3693410796966,3.2101687550766584,0.2756178961789629,83,-0.017034931108355522,-0.05570995435118675,1.1501988172531128,7.754016876220703,3.2763731479644775,10.768089294433594,0.07273387864922097,293.4721522530087,0.0
4.738,71.21117955354279,1.683003849988643,-0.4441455824621552,83,-0.014246315695345402,0.003293508430942893,0.9701973795890808,4.49625301361084,0.18565893173217773,-12.608702659606934,0.0745372164098765,293.4721522530087,0.0
4.788,70.89858897888563,2.5375239623715458,0.7299931348085752,83,-0.07809224724769592,0.027353903278708458,1.0159319639205933,-21.857099533081055,3.0267531871795654,0.19813722372055054,0.07683290110295297,293.4721522530087,0.0
4.839,70.94168589093157,2.0288524339824923,-0.5382341342822373,83,-0.025238746777176857,-0.049082182347774506,1.037962555885315,-5.69379186630249,-2.6775364875793457,-4.35113000869751,0.07793194048114666,293.4721522530087,0.0
4.889,70.71630648905374,1.480145143691055,-0.7937910549648721,83,-0.0315689854323864,-0.009346007369458675,0.9356701374053955,-21.873260498046875,13.779824256896973,-6.39536190032959,0.07951758166173938,293.4721522530087,0.0
4.94,70.57704154621352,1.2371958844056903,-0.9191903876002997,83,-0.006613144651055336,-0.024954160675406456,1.026560664176941,6.025048732757568,-3.1957693099975586,-4.018716812133789,0.08072378792409968,293.4721522530087,0.0
4.99,70.16398595633005,1.5022711766650605,0.586575185506973,83,-0.054447222501039505,0.06940732896327972,0.8696392178535461,6.189227104187012,2.712752342224121,-13.349241256713867,0.0826866250629457,293.4721522530087,0.0
5.041,70.23627137293077,2.809832665659464,2.1761722799322234,83,-0.05592764541506767,0.05012749508023262,1.0655993223190308,-5.144063472747803,-8.902933120727539,10.779410362243652,0.0838649549459151,293.4721522530087,0.0
5.091,70.62692349884945,1.7320642410763092,0.9141753865331288,83,-0.008437765762209892,-0.002408905653283,0.9520151615142822,-1.8044966459274292,-20.954668045043945,7.746823310852051,0.08553629028443409,293.4721522530087,0.0
5.142,70.92646634947434,1.2381791067478287,-0.33684967354342066,83,-0.006916489452123642,-0.02817283757030964,1.014204978942871,-2.3547286987304688,-10.033985137939453,9.63719654083252,0.0871424851688451,285.3462140281652,0.0
5.193,71.02796191066196,0.5825132907364803,-1.3115646377746168,83,-0.005915818735957146,-0.03369994834065437,1.0143342018127441,-7.297354221343994,2.936680316925049,0.04292001947760582,0.08936088079625015,285.3462140281652,0.0
5.243,71.10236957822607,0.2927700867419237,-1.5453492360569645,83,-0.003512869356200099,-0.03813626989722252,0.9994409084320068,-4.189308166503906,-6.781792163848877,3.342837333679199,0.09028454042474367,285.3462140281652,0.0
5.293,71.23520926110409,0.27569782966935097,-2.7893577058875034,83,-0.0047981021925807,-0.09276240319013596,1.0355428457260132,-6.046433448791504,-3.6777408123016357,4.453166484832764,0.0913637265918679,285.3462140281652,0.0
5.344,71.11096253194573,-0.6866318340518301,-3.8055084385940137,83,0.028599297627806664,-0.06522040069103241,1.0104268789291382,-9.074543952941895,24.09592056274414,-18.623340606689453,0.09185582009546855,285.3462140281652,0.0
5.394,70.49312631981334,1.0650882212226287,-1.4684319327705337,83,-0.07965288311243057,-0.01382176112383604,0.9740220904350281,0.024942567571997643,-4.047145366668701,-3.976682186126709,0.09308759122915361,285.3462140281652,0.0
5.445,70.19131289563121,1.4708578571779778,-1.127980011001454,83,-0.01956157386302948,-0.014860016293823719,1.1752744913101196,-8.058457374572754,13.171205520629883,-20.716440200805664,0.0936150499332599,285.3462140281652,0.0
5.496,69.63121868496114,1.0090123388372885,1.889958902559243,83,-0.060840193182229996,0.051997747272253036,0.9080790877342224,-30.284696578979492,-11.045720100402832,11.00761604309082,0.09503890193677161,285.3462140281652,0.0
5.546,70.19063517279551,-2.3830990254521636,-3.351591424598935,83,0.1452075093984604,-0.16420643031597137,0.9070901870727539,-34.84396743774414,15.290445327758789,-11.06263256072998,0.09611280715456762,285.3462140281652,0.0
5.597,69.48668621577008,-1.9497233035697363,-2.957137498456253,83,-0.016295554116368294,-0.01574372686445713,1.0559844970703125,17.449077606201172,-51.40009307861328,5.264901161193848,0.09802853670108402,285.3462140281652,0.0
5.647,69.61281571212703,-4.074712305800852,-2.913487680889325,83,0.15252277255058289,-0.06618993729352951,0.8391608595848083,8.234951972961426,12.80405330657959,-12.327269554138184,0.09945545947111449,282.74935957934474,0.0
5.697,68.83886565481042,-3.505402535691147,-1.4372317790910158,83,0.031544312834739685,0.04747559130191803,1.1026568412780762,-9.350095748901367,19.5530948638916,-23.15972137451172,0.10222634903247109,282.74935957934474,0.0
5.747,68.43889065730994,-2.3650015477710986,1.0635696621968975,83,0.0392061322927475,-0.0026763665955513716,1.0270707607269287,-1.2863268852233887,-8.212421417236328,1.7946170568466187,0.10482510274465719,282.74935957934474,0.0
5.798,68.0359477890988,-2.2902937195633046,1.5688756404398867,83,-0.006075237412005663,0.07054474949836731,0.8965675234794617,-2.0726256370544434,8.455402374267578,-15.197020530700684,0.10631882928973634,282.74935957934474,0.0
5.848,68.14618609391377,-1.8219434883880068,1.4410467788176808,83,0.06351616978645325,-0.014821423217654228,1.0309008359909058,-4.664617538452148,13.631494522094727,-1.1169719696044922,0.10966665233422127,282.74935957934474,0.0
5.899,68.00881716684572,-2.122397903318263,0.3657262602333082,83,0.03497432544827461,-0.024993786588311195,0.9310525059700012,-13.264874458312988,-4.3719305992126465,-0.8441168069839478,0.11208099073024583,282.74935957934474,0.0
5.949,67.72871358115006,-2.818538116856989,-0.7713321603041636,83,0.058859385550022125,-0.02564583346247673,1.010953426361084,-1.319928526878357,4.603726387023926,-11.198223114013672,0.11619384680714616,282.74935957934474,0.0
6.0,67.41218559924269,-3.7139766384185977,-1.4092761890986265,83,0.10379161685705185,-0.04175959527492523,0.9079577922821045,3.694749593734741,-3.095919609069824,-8.036191940307617,0.11886325989517253,282.74935957934474,0.0
6.05,66.78534116941834,-3.9654306711026024,-0.583579967416606,83,0.04657433554530144,0.03391176089644432,1.0851110219955444,-0.7498922348022461,8.923274040222168,-19.937969207763672,0.12218623149659405,282.74935957934474,0.0
6.1,66.31760498406258,-2.3682707758813577,2.638996113246251,83,0.0019949283450841904,0.11250961571931839,0.986625611782074,5.4516167640686035,-5.1646599769592285,-6.561174392700195,0.12411369853225511,282.74935957934474,0.0
6.151,66.41306884163426,-1.8825908044925022,3.0138858422977024,83,0.04158487543463707,0.0334223173558712,0.9724241495132446,-8.614192008972168,6.762374401092529,3.064375877380371,0.1261931212089243,282.74935957934474,0.0
6.201,66.327713898343,-2.0286198391249823,2.934495061883718,83,0.021941963583230972,0.06754205375909805,0.9696222543716431,1.477863073348999,-6.583364963531494,-1.7161083221435547,0.12694990388445448,289.5618916120124,0.0
6.251,66.4198511772067,-1.9800434622896839,2.656424409307628,83,0.0348004586994648,0.03170780465006828,1.0274345874786377,-5.369887828826904,-4.71055793762207,2.9179396629333496,0.12730873298561646,289.5618916120124,0.0
6.302,66.51417771827956,-2.6053311623304274,1.5711393158630054,83,0.07487490028142929,0.006587759125977755,1.0325143337249756,-2.5528366565704346,-3.638608455657959,-2.254061698913574,0.12776766010555451,289.5618916120124,0.0
6.352,66.57766541229677,-3.072074128498455,0.7875720672539118,83,0.0696462094783783,-0.017002789303660393,0.9841151237487793,-4.26114559173584,-4.146008014678955,5.298313140869141,0.12862038995269165,289.5618916120124,0.0
6.402,66.45539537423132,-4.02400305620709,-0.04342403056405767,83,0.06888078898191452,0.00870254822075367,0.9976187944412231,-3.2746171951293945,4.564920902252197,-10.075947761535645,0.12913861804245466,289.5618916120124,0.0
6.453,66.23961507055098,-3.2161461154728332,1.5369349200968303,83,0.03748711571097374,0.05345688387751579,1.0061275959014893,-2.651641845703125,-1.8829234838485718,0.8549344539642334,0.13036737417532812,289.5618916120124,0.0
6.504,66.18655174342963,-3.107379220164698,2.0124686107059735,83,0.04962969571352005,0.052946947515010834,0.9799194931983948,2.5497753620147705,2.49129056930542,-4.04158878326416,0.13148328449875935,289.5618916120124,0.0
6.554,66.2129681972137,-2.3693078554580365,3.036421393627705,83,0.02655070275068283,0.06304853409528732,0.9536269903182983,-8.450066566467285,3.691850185394287,7.2993245124816895,0.1327484769708749,289.5618916120124,0.0
6.605,66.57531829667658,-2.7458991656389675,1.7573863212726093,83,0.061161939054727554,-0.019113725051283836,1.0371217727661133,-1.7847282886505127,-6.639501571655273,10.0640230178833,0.13323131495025572,289.5618916120124,0.0
6.655,66.70877670698755,-3.9107141474190974,0.06335790553366236,83,0.09390449523925781,-0.009011772461235523,0.9851361513137817,0.43343308568000793,4.196629047393799,-2.7204482555389404,0.13510398458695452,289.5618916120124,0.0
6.705,66.76398087697302,-3.6205973476099222,0.5285954927666521,83,0.06066298484802246,0.01218626368790865,0.9681210517883301,-3.7103521823883057,-1.0421565771102905,6.534887313842773,0.13648341295494967,289.5618916120124,0.0
6.756,66.80464916657601,-4.006104527149481,0.23367046427167007,83,0.07106352597475052,0.002757216338068247,1.0108580589294434,0.7858065366744995,-0.9683440923690796,-0.5955294966697693,0.13901565056651516,288.28812976836895,0.0
6.806,66.78319466221718,-4.168649535519888,0.1550928414915284,83,0.0747482106089592,0.0017449733568355441,1.0092939138412476,4.094141960144043,-0.08981968462467194,-3.223827838897705,0.14141372739253188,288.28812976836895,0.0
6.857,66.71714044544422,-3.871944696071128,-0.04836824227969172,83,0.060603007674217224,-0.012275376357138157,0.9868388175964355,-5.16828727722168,6.231326103210449,-2.5619595050811768,0.1428797231047107,288.28812976836895,0.0
6.907,66.56732999810589,-3.725971244019795,0.05636180578779435,83,0.05762874707579613,0.01619155891239643,0.9723598957061768,3.187892198562622,-0.300264835357666,-4.790443420410156,0.14489337143501185,288.28812976836895,0.0
6.958,66.39285490467347,-3.263747306382428,0.802687010787194,83,0.04522494971752167,0.030404329299926758,0.9982461929321289,-1.2192580699920654,0.3428087532520294,-4.345878601074219,0.1460194477476581,288.28812976836895,0.0
7.008,66.32373271301127,-3.0657795362741576,1.4490478832803664,83,0.05591440200805664,0.03693579137325287,0.9824508428573608,2.7707176208496094,-3.7149555683135986,-1.1489429473876953,0.1479203102560972,288.28812976836895,0.0
7.058,66.26497525245523,-3.0449931290095864,2.047540649907723,83,0.052190251648426056,0.05060703307390213,0.9559644460678101,2.69769287109375,-2.2677111625671387,-0.546071469783783,0.14945912623092597,288.28812976836895,0.0
7.108,66.33199385993429,-3.0696733608441926,1.8077562207205033,83,0.05985541641712189,0.009129717946052551,1.0420371294021606,-0.6634070873260498,-4.302996635437012,4.158679485321045,0.1502666312224564,288.28812976836895,0.0
7.159,66.34065694472994,-3.779989540912555,0.9115120958305247,83,0.07419687509536743,0.01731184870004654,1.0219805240631104,2.8817389011383057,0.4521610140800476,-5.248311519622803,0.15109691313622436,288.28812976836895,0.0
7.209,66.32354845079686,-3.3655894028152904,1.1122500896981904,83,0.05091866850852966,0.009549660608172417,0.9818755388259888,-3.034635305404663,5.0510454177856445,2.0080602169036865,0.15186859641625453,288.28812976836895,0.0
7.259,66.30619259077663,-3.233946391097092,0.7827904379812705,83,0.04654502868652344,0.008183666504919529,0.9970644116401672,-1.8654042482376099,-0.7289698719978333,0.8924878239631653,0.15204834660502883,291.5748348974626,0.0
7.31,66.36799211965656,-3.5404727963229856,-0.03542412213605453,83,0.07820785790681839,-0.027472548186779022,0.9990763664245605,-0.22208154201507568,-2.239527702331543,0.18122197687625885,0.1516861570737749,291.5748348974626,0.0
7.36,66.2364225500134,-3.6014093739293758,-0.09776172679757646,83,0.05396353453397751,0.01552879810333252,0.9591813683509827,4.327126979827881,1.3991074562072754,-5.297047138214111,0.15167183263549608,291.5748348974626,0.0
7.41,66.18692478760448,-3.2503868083123475,0.17678348046154643,83,0.0621732734143734,-0.0038595846854150295,1.020235300064087,-1.3357598781585693,3.988661766052246,-0.0026632638182491064,0.1522201789516639,291.5748348974626,0.0
7.46,66.02013213823642,-3.3673870388458247,0.7760538080130288,83,0.045604389160871506,0.04409896209836006,1.0036120414733887,-0.4831582009792328,1.389799952507019,-3.4783976078033447,0.15259387260243829,291.5748348974626,0.0
7.511,65.95784113919322,-3.1536242271637915,1.5852540890326374,83,0.05518311634659767,0.037543609738349915,0.9759865999221802,2.017784833908081,0.8404676914215088,-2.1666080951690674,0.15357880351476713,291.5748348974626,0.0
7.562,65.93910485568709,-3.160193842307424,1.6524629757333127,83,0.06523063033819199,0.025020068511366844,0.9920403361320496,2.437223196029663,1.303491234779358,-2.0941739082336426,0.15398913464106725,291.5748348974626,0.0
7.612,65.89184969772177,-2.974491071595706,1.8063481714404697,83,0.04198424145579338,0.02658875845372677,1.0337297916412354,-2.664590835571289,-1.018100380897522,2.9538140296936035,0.15427522700561339,291.5748348974626,0.0
7.663,65.93288167422143,-3.2419401826960996,1.3796818166306641,83,0.06333361566066742,0.016366397961974144,0.9979517459869385,-2.2661266326904297,-0.1576969027519226,-2.2173352241516113,0.15407283756402476,291.5748348974626,0.0
7.713,65.87331963563528,-3.2280059885058785,1.4838515866491786,83,0.04752091318368912,0.03539907932281494,0.9817484617233276,-2.303762435913086,-0.33645108342170715,0.38073697686195374,0.15399065539681658,291.5748348974626,0.0
7.763,65.85749990899086,-3.2143835864438373,1.9280818072319217,83,0.04869227111339569,0.04542779177427292,0.9871700406074524,-2.4576637744903564,-0.11471366882324219,3.2319960594177246,0.15361704927162648,291.5748348974626,0.0
7.814,65.94663387028054,-3.5935688812021542,1.4707404311795003,83,0.07056443393230438,0.01250941026955843,1.0189828872680664,0.5731117725372314,-1.510798692703247,-1.7189584970474243,0.15298584710626256,285.5988015797358,0.0
7.864,65.93292726291637,-3.6502371024141707,1.5228516086104769,83,0.07100939005613327,0.028493907302618027,0.9778715968132019,2.1617348194122314,0.20119695365428925,-0.07442738860845566,0.15220953233611947,285.5988015797358,0.0
7.915,65.93690151549751,-3.5225140656325795,1.34776580536152,83,0.06007135286927223,0.00828870851546526,0.9858971834182739,-6.440391540527344,5.097733497619629,3.158306837081909,0.15167644403679817,285.5988015797358,0.0
7.965,65.83678205897618,-3.535795407889027,1.2108757237568206,83,0.04324071854352951,0.03685440123081207,0.9993554949760437,4.587927341461182,-5.00762414932251,-5.154235363006592,0.15165849464024403,285.5988015797358,0.0
8.016,65.90394916959777,-3.071671809793834,1.6927699638434155,83,0.06161122769117355,0.025615165010094643,0.9844062924385071,-1.7383452653884888,-0.4620901048183441,3.912687301635742,0.1514386600175322,285.5988015797358,0.0
8.066,65.95059895608975,-3.501213897823275,0.9318262604240586,83,0.07097052782773972,0.0008278336026705801,1.0049548149108887,-1.9489352703094482,1.4832526445388794,0.7201153039932251,0.1505902668259927,285.5988015797358,0.0
8.116,65.8877573549881,-3.7651506720624304,0.880634052584466,83,0.06193992868065834,0.023591281846165657,0.9782741069793701,2.0004842281341553,0.1256643533706665,-2.9275152683258057,0.1499441789897303,285.5988015797358,0.0
8.166,65.83776936823675,-3.425610179845902,1.27561301236868,83,0.05536838248372078,0.024646898731589317,1.0247852802276611,0.7808405160903931,-0.4631739854812622,0.5559136867523193,0.1490092081878095,285.5988015797358,0.0
8.217,65.7215152975939,-3.5429853999268364,1.6770689483937822,83,0.05461267754435539,0.043999120593070984,1.0031148195266724,2.5344715118408203,-0.21797804534435272,-3.3562982082366943,0.1488109184065466,285.5988015797358,0.0
8.267,65.7091253702479,-3.3966257139927314,1.8519495051833597,83,0.0610903799533844,0.028502363711595535,0.9982491731643677,-4.791248798370361,6.2279534339904785,-1.505293607711792,0.14869310699376706,285.5988015797358,0.0
8.317,65.70776083040982,-3.2550170372834097,1.859785618440622,83,0.05483197793364525,0.020065244287252426,1.0062798261642456,-1.5650070905685425,-4.382853984832764,4.133724212646484,0.14857281645911188,285.5988015797358,0.0
8.368,65.67754034077348,-3.8673465647386203,1.1131952979930533,83,0.07272808998823166,0.019895194098353386,0.9827300906181335,0.6991493105888367,0.2812313139438629,-5.565903186798096,0.14883252976526457,253.18749245442473,0.0
8.418,65.66451501578277,-3.734952295273257,1.1650518513559294,83,0.07363788038492203,0.006833893712610006,0.9783360362052917,0.047641538083553314,1.231992244720459,1.7837212085723877,0.1493845553224363,253.18749245442473,0.0
8.469,65.57722425513413,-3.7303816884958065,1.0914888007511052,83,0.05003302916884422,0.025112608447670937,1.0134257078170776,-2.650343894958496,2.3211429119110107,-2.3480241298675537,0.14981086261444868,253.18749245442473,0.0
8.519,65.5233996175981,-3.7492693419685192,1.1068281360361087,83,0.07123499363660812,0.021202540025115013,0.9697981476783752,2.6051700115203857,-2.395004987716675,-2.972607135772705,0.14968155689399262,253.18749245442473,0.0
8.569,65.44320866295575,-3.477575961487612,1.7382124679915756,83,0.049380432814359665,0.04017375782132149,1.0025169849395752,-3.375833511352539,1.2252306938171387,0.3322063982486725,0.14896275237897075,253.18749245442473,0.0
8.62,65.43934105605351,-3.594066438483004,1.6541292560521457,83,0.06803548336029053,0.028499385342001915,0.9876832962036133,0.5752354860305786,-0.05638909712433815,-2.1677472591400146,0.14787526826723094,253.18749245442473,0.0
8.67,65.40990710255957,-3.5230785258679966,1.7873883333117266,83,0.061398059129714966,0.029189584776759148,0.9803180694580078,1.05984628200531,-0.11992570757865906,-1.1479451656341553,0.14663350155545646,253.18749245442473,0.0
8.72,65.40614801512714,-3.4346908928377524,1.7460926535316734,83,0.06033455953001976,0.022907808423042297,1.0023146867752075,0.915894627571106,-2.351285934448242,2.162224292755127,0.14601765254496005,253.18749245442473,0.0
8.77,65.38309525951188,-3.8049039914704488,1.3280690334620344,83,0.06810015439987183,0.0188672486692667,0.9823797941207886,0.502888560295105,1.9138215780258179,-3.7132019996643066,0.14578877133646584,253.18749245442473,0.0
8.821,65.27905302814348,-3.344893483055297,2.032170218175153,83,0.04692647233605385,0.05647851526737213,1.0117758512496948,-0.3764476180076599,1.4651603698730469,-2.2404465675354004,0.14573112568612348,253.18749245442473,0.0
8.871,65.31151406921572,-3.2600440117777603,2.1502765693267234,83,0.0634499192237854,0.030364157631993294,0.9856950044631958,-0.04573331028223038,-1.3447201251983643,1.2960962057113647,0.14533785143330852,277.12613148331684,0.0
8.922,65.30472095203747,-3.5948929946521373,1.8150568356598586,83,0.0634055882692337,0.03321542590856552,0.9941183924674988,-1.9234174489974976,1.2828888893127441,-2.1334099769592285,0.14519320951278963,277.12613148331684,0.0
8.972,65.28391513229344,-3.355639483035865,2.1632454268676975,83,0.05140155553817749,0.04481910914182663,1.0091617107391357,-0.7217352986335754,-3.3863701820373535,1.291906714439392,0.14471852827727788,277.12613148331684,0.0
9.022,65.34990277074148,-3.671754950982926,1.6606581514394922,83,0.07953155785799026,0.018803583458065987,0.9907639622688293,3.3120014667510986,-0.9299259781837463,-1.619941234588623,0.14494519331885697,277.12613148331684,0.0
9.072,65.29832570984476,-3.5406767092331437,1.9557227830938957,83,0.05225420370697975,0.041897986084222794,1.0106066465377808,-2.7008821964263916,3.4882616996765137,0.5230863690376282,0.14522829745026405,277.12613148331684,0.0
9.123,65.30975797873481,-3.514902455011283,1.879938816862284,83,0.060694266110658646,0.029535023495554924,0.9973763823509216,-0.29287201166152954,0.8322803378105164,-0.05456896498799324,0.14574496622414074,277.12613148331684,0.0
9.173,65.31420084796831,-3.2691301512853634,1.8025492758414374,83,0.0532720722258091,0.019618866965174675,0.9798266291618347,-1.4818083047866821,0.4295344054698944,2.358389377593994,0.1468196972964652,277.12613148331684,0.0
9.224,65.31664200113985,-3.2790617928069894,1.5964594103442287,83,0.05303071439266205,0.0283436868339777,1.0006070137023926,3.0496416091918945,-5.1569013595581055,0.14051708579063416,0.1475417893423636,277.12613148331684,0.0
9.274,65.38205825589964,-3.4587869109762415,0.9893933144023547,83,0.0697464793920517,0.0029882171656936407,0.9578663110733032,-1.5529851913452148,0.5198187828063965,0.25121086835861206,0.14791201590534334,277.12613148331684,0.0
9.324,65.41038318419338,-3.7168022545801023,0.5016778788548154,83,0.0764034315943718,-0.007882366888225079,1.0324015617370605,-0.8291136026382446,-3.2011938095092773,1.5147653818130493,0.14839308258559228,277.12613148331684,0.0
9.375,65.29205599589254,-4.177406295302546,0.26748367672554146,83,0.06800101697444916,0.013073751702904701,0.9891009330749512,-1.6316254138946533,0.5824556350708008,-5.942402362823486,0.1483601166908453,277.12613148331684,0.0
9.425,65.1318968341014,-3.789227262803951,0.9038732735432468,83,0.05660109966993332,0.0319158174097538,0.9909391403198242,-1.712457537651062,1.9850870370864868,-4.9637556076049805,0.14854967277445022,292.44903081857484,0.0
9.476,65.0032816930454,-3.2120504133320824,1.7555363902523848,83,0.04242934286594391,0.04249521344900131,1.0182656049728394,-1.7303321361541748,0.29781967401504517,-1.0743354558944702,0.14842657200816703,292.44903081857484,0.0
9.526,64.96502021673916,-2.573917469531456,1.342735396693036,83,0.01339146587997675,0.002413138747215271,0.9740108251571655,3.0464537143707275,-6.003200054168701,-0.9120001196861267,0.1477823616088325,292.44903081857484,0.0
9.576,65.0808859024472,-1.1808917236625132,-1.223625788066596,83,-0.004551879595965147,-0.09025412797927856,1.0124306678771973,4.0864386558532715,-8.438342094421387,3.9786486625671387,0.14751203581513866,292.44903081857484,0.0
9.627,65.30760042567299,0.7608338521943894,-5.6655863217147555,83,-0.061569247394800186,-0.20557178556919098,1.0825949907302856,14.658893585205078,-21.347444534301758,6.720712184906006,0.14742365093533988,292.44903081857484,0.0
9.677,65.06156864280904,5.585578079345879,-7.997550950524177,83,-0.27030572295188904,-0.13622039556503296,0.9994878172874451,31.0627498626709,-14.56027603149414,-7.386061668395996,0.14700991096235203,292.44903081857484,0.0
9.727,65.57327640524181,12.47229131479802,-12.047524097595465,83,-0.2980685234069824,-0.35920414328575134,1.2543795108795166,22.959732055664062,-27.03951644897461,35.3830451965332,0.1462388095913565,292.44903081857484,0.0
9.777,65.41694529248258,10.928616038731235,-9.626309075751534,83,-0.19716320931911469,0.1952502578496933,0.8108053207397461,-18.351024627685547,-26.907819747924805,-37.12570571899414,0.14680018591077426,292.44903081857484,0.0
9.828,69.35821299543845,18.147419805320975,-17.572256948259596,83,-0.09482557326555252,-0.5414413809776306,2.0706539154052734,42.283390045166016,-48.02647399902344,168.14288330078125,0.14934438779195072,292.44903081857484,0.0
9.878,68.34609290567374,3.90954405827583,-18.64634909115983,83,0.06663871556520462,-0.21596969664096832,0.49672189354896545,-22.641551971435547,9.555588722229004,-154.44332885742188,0.15224642633937105,292.44903081857484,0.0
9.929,65.63398784447469,8.778965806384061,-5.253657117241371,83,-0.05021670460700989,-0.03309883549809456,1.2117583751678467,1.5818287134170532,47.59934997558594,18.548419952392578,0.1593102223365961,292.44903081857484,0.0
9.979,65.1143982869159,1.6045943519103232,-6.300353669421157,83,0.18433831632137299,-0.18311195075511932,0.6871198415756226,18.523651123046875,-0.1466381549835205,-74.4863510131836,0.16580851396496965,276.92486465073284,0.0
10.029,61.71264998789019,-1.1058743203470103,-4.176584941339119,83,0.017767680808901787,0.009661461226642132,1.0697134733200073,-7.8418869972229,43.15624237060547,-94.38056182861328,0.17659414057933462,276.92486465073284,0.0
10.08,59.011355233352965,-2.9830727269154096,0.0021048508869058297,83,0.14846500754356384,0.05788857862353325,0.6660465002059937,5.193811416625977,20.16320037841797,-82.62500762939453,0.18420228140232442,276.92486465073284,0.0
10.131,55.66508651847989,-4.801695490842398,3.2176945567668196,83,0.07829778641462326,0.11220194399356842,0.9001671671867371,-8.404814720153809,20.827491760253906,-74.56632995605469,0.1963121065499575,276.92486465073284,0.0
10.181,52.92167399375984,-4.552803773746806,8.53967761655351,83,0.07505504786968231,0.25792625546455383,0.8180904388427734,33.70840835571289,37.03108215332031,-79.5596694946289,0.20474781863609126,276.92486465073284,0.0
10.232,51.556195365411156,-3.0081382211111753,10.888906232293941,83,0.06722310930490494,0.21414534747600555,0.9961518049240112,20.49285888671875,-20.88928985595703,-12.324394226074219,0.21649136424843582,276.92486465073284,0.0
10.282,51.36037907876147,-4.43767679155796,8.993322165000318,83,0.1353689730167389,0.0853106826543808,1.1794087886810303,-5.567813396453857,-0.31046271324157715,-4.09339714050293,0.2272920391027095,276.92486465073284,0.0
10.332,50.911523289574404,-4.5908878142610785,6.521121724418309,83,0.0338277705013752,0.0870978832244873,1.1711432933807373,4.14854097366333,-18.714590072631836,-19.80812644958496,0.23458919751630877,276.92486465073284,0.0
10.382,50.21109345215763,-3.126291998068452,6.5810981082044,83,0.001835143193602562,0.11816681921482086,1.085829734802246,-30.47397804260254,31.062002182006836,-20.901748657226562,0.24491686129884638,276.92486465073284,0.0
10.432,49.3840515650856,-1.3274207152336435,8.649052989666023,83,-0.053249720484018326,0.16399186849594116,0.8847413659095764,-17.684865951538086,28.2634220123291,-19.661460876464844,0.25479588980160983,276.92486465073284,0.0
10.482,49.053367943254955,-0.16257575432674481,8.884905636285474,83,-0.035104673355817795,0.11722378432750702,0.8674423098564148,-22.036497116088867,28.127063751220703,-9.174287796020508,0.27308414753749555,276.92486465073284,0.0
10.533,48.817636872953926,0.8782904191759698,6.983039885983995,83,-0.04660804942250252,0.05520155653357506,0.9002476930618286,-12.05814266204834,8.162976264953613,-3.3987643718719482,0.2845506435528959,285.0165805925523,0.0
10.583,48.19006121909661,1.0777954695930916,6.6996633376737655,83,-0.03860566392540932,0.11215879768133163,0.9019603729248047,3.3350846767425537,34.26523208618164,-26.79640007019043,0.3010141141024818,285.0165805925523,0.0
10.633,47.7117878107893,2.038797481862616,8.300349687362417,83,-0.042219363152980804,0.15601956844329834,0.9625469446182251,-0.8135731816291809,15.248533248901367,-2.0770680904388428,0.3106015545939301,285.0165805925523,0.0
10.684,47.60818994274268,0.6409257294488239,8.358025656371304,83,0.032122835516929626,0.13346506655216217,0.9676195979118347,2.4511640071868896,17.38103675842285,-11.946290016174316,0.32385747416763255,285.0165805925523,0.0
10.734,47.36528625962183,0.7164461997653401,8.92445199198923,83,-0.023662986233830452,0.15811027586460114,1.0467721223831177,-6.426936149597168,-5.314090251922607,7.684658527374268,0.33183766121671243,285.0165805925523,0.0
10.785,47.94817342512715,-1.3362222157008081,7.25925430556297,83,0.08240074664354324,0.06855836510658264,1.0249406099319458,-13.826459884643555,10.541732788085938,8.02567195892334,0.34234186431401975,285.0165805925523,0.0
10.835,47.80005913061538,-2.242807913749915,6.499906885484612,83,0.021051762625575066,0.11567789316177368,0.9892436265945435,-13.438392639160156,2.0808627605438232,-6.3115410804748535,0.34864901694477113,285.0165805925523,0.0
10.885,47.72920241059026,-1.9085001865011681,6.332028534397204,83,0.006926593836396933,0.09091692417860031,0.9519193768501282,-20.26331329345703,15.695723533630371,-2.811220169067383,0.35683342452257866,285.0165805925523,0.0
10.936,47.626479604606686,-1.5814260925775312,6.788465404667571,83,0.012333450838923454,0.13875721395015717,0.8715793490409851,-15.176532745361328,4.455066680908203,-1.957311987876892,0.35962182122008945,285.0165805925523,0.0
10.986,47.622068384727896,-1.6432264678190889,7.85107820082427,83,0.022517580538988113,0.16929122805595398,1.000251293182373,-14.389032363891602,-0.2654515504837036,0.8164241313934326,0.36007271906000743,285.0165805925523,0.0
11.037,47.7960571828984,-2.0464358901431203,8.750974364689796,83,0.05078539997339249,0.16070076823234558,0.9211992621421814,-8.222146987915039,-10.704105377197266,9.847444534301758,0.3589503993477152,211.99413697245387,0.0
11.087,48.073480739524626,-3.488765712024143,8.687086455172286,83,0.09800990670919418,0.14895197749137878,0.9867834448814392,1.3796137571334839,-4.683911323547363,4.6686930656433105,0.3563179959149635,211.99413697245387,0.0
11.137,48.25403125574903,-4.369903581237092,8.09566087475462,83,0.10327152907848358,0.12720665335655212,1.0535950660705566,7.314718723297119,-11.568994522094727,6.523736000061035,0.35432594235702974,211.99413697245387,0.0
11.188,48.235651218111144,-5.324521223095281,7.5729059492849125,83,0.10354182869195938,0.12644338607788086,1.04134202003479,-0.37995076179504395,3.30814266204834,-7.747676372528076,0.3502428594224756,211.99413697245387,0.0
11.238,48.06170680626656,-4.660844478452088,8.049524065976826,83,0.052760977298021317,0.152338907122612,1.0656311511993408,-6.788294315338135,1.494925856590271,2.3511948585510254,0.3469708379279434,211.99413697245387,0.0
11.289,48.15691099512599,-4.759716482368606,7.919635366261026,83,0.08334721624851227,0.1279560625553131,0.9444734454154968,-5.863870620727539,5.696347713470459,-1.8556394577026367,0.34190149858140106,211.99413697245387,0.0
11.339,48.04618083465544,-4.466254845908072,7.813598006663031,83,0.0638888031244278,0.13472025096416473,0.9650160074234009,-1.154884696006775,2.1752936840057373,-2.4265990257263184,0.33785902190033995,211.99413697245387,0.0
11.39,47.936310667412265,-3.9444278945944085,8.094060486058867,83,0.055390071123838425,0.14313732087612152,0.9543507695198059,-0.9028046727180481,2.189575433731079,-3.3534607887268066,0.33216524025390043,211.99413697245387,0.0
11.441,47.84602699918827,-3.456713957269821,8.331790023246889,83,0.04913157969713211,0.14810054004192352,0.9436513185501099,1.1002379655838013,2.85599422454834,-1.5952171087265015,0.3267975031597341,211.99413697245387,0.0
11.491,47.80428275066725,-2.9978161682124047,8.814471697215927,83,0.0441676490008831,0.16236795485019684,0.9800305962562561,6.938738822937012,-0.46082374453544617,0.6902775168418884,0.3227238648131303,211.99413697245387,0.0
11.542,47.96726373044395,-3.0166279110966117,8.67136703201021,83,0.06325685977935791,0.14446121454238892,1.0058685541152954,-1.065996527671814,-0.9837891459465027,6.210517406463623,0.3160382358216963,211.99413697245387,0.0
11.592,48.1235259335732,-3.407923008056561,7.813950537850924,83,0.07231777161359787,0.11589929461479187,1.0435199737548828,2.0519907474517822,-2.763533353805542,3.256953239440918,0.31126360631298605,280.46165162153125,0.0
11.643,48.099903278877754,-4.109910237390185,7.309211382590057,83,0.08470138907432556,0.11962965875864029,0.9721486568450928,-3.809394598007202,7.585499286651611,-3.0905423164367676,0.3052965920239541,280.46165162153125,0.0
11.693,47.986930933319776,-4.174553303082581,7.447043222962233,83,0.06788738071918488,0.13356386125087738,1.009425401687622,-1.1570353507995605,0.43855077028274536,-2.5100436210632324,0.3019380830129977,280.46165162153125,0.0
11.743,47.95969309492012,-4.410655316593689,7.229710498356987,83,0.08601650595664978,0.1172490194439888,0.9620028734207153,-2.3083713054656982,1.712583065032959,-2.1324777603149414,0.2966052346613374,280.46165162153125,0.0
11.794,47.727588343607756,-4.38926631722973,7.598118029591301,83,0.06340304017066956,0.1459142416715622,0.9672091007232666,-1.38034987449646,2.763681173324585,-7.240044593811035,0.2932722438125781,280.46165162153125,0.0
11.844,47.65338362333284,-4.1280492638870285,8.29424482584272,83,0.06960903108119965,0.14895060658454895,0.9674839973449707,2.0242412090301514,-2.103785276412964,-0.2185722142457962,0.2877995375656593,280.46165162153125,0.0
11.895,47.59351316469693,-4.473044219915152,8.177587223859963,83,0.08820246905088425,0.14107456803321838,0.9690060615539551,-0.6053283214569092,1.1041594743728638,-4.121749401092529,0.2844328187384764,280.46165162153125,0.0
11.949,47.43343400340464,-4.3304205180994115,8.452717780336958,83,0.07326167076826096,0.15422862768173218,1.0201441049575806,1.3736587762832642,1.566156029701233,-2.7198121547698975,0.280439627868112,280.46165162153125,0.0
12.0,47.31800496304393,-4.407987400933689,9.004198451487778,83,0.0801379531621933,0.16487543284893036,0.9661511778831482,-3.4959897994995117,4.103026390075684,-3.278825521469116,0.2777995688088366,280.46165162153125,0.0
12.05,47.167923938564535,-4.149337980215535,9.843528194810009,83,0.060353055596351624,0.19194690883159637,0.9606128334999084,3.7846760749816895,-0.5747339725494385,-3.7377853393554688,0.2740512450448573,280.46165162153125,0.0
12.1,47.259197951934226,-3.7185950946969,10.056570233085917,83,0.06247863173484802,0.1635369062423706,0.9896072149276733,-2.1729609966278076,-0.08833204954862595,6.5384907722473145,0.27082983826372947,280.46165162153125,0.0
12.15,47.39510237716805,-4.343309508613621,9.31576719352939,83,0.08978911489248276,0.15113109350204468,0.9739167094230652,0.8075520992279053,2.459613561630249,-1.5267024040222168,0.26847949626286555,285.3656279765955,0.0
12.201,47.34132745920015,-4.024075953162053,9.706697867886408,83,0.05634668096899986,0.1794484257698059,0.9835018515586853,-2.1777234077453613,2.887315511703491,1.2065706253051758,0.26654735685235365,285.3656279765955,0.0
12.252,47.45558800977102,-4.029661862277421,9.683778435788284,83,0.07670716196298599,0.1610639989376068,0.9395588040351868,1.3679914474487305,0.42235201597213745,2.730548858642578,0.2632329899170406,285.3656279765955,0.0
12.302,47.49424073462827,-3.870839379478409,9.709119377910861,83,0.05865570157766342,0.17091022431850433,0.9864261746406555,6.0083184242248535,-2.2854220867156982,1.0431722402572632,0.2597418198145339,285.3656279765955,0.0
12.353,47.60051299656403,-3.460023723408695,9.879615110552615,83,0.05626159906387329,0.1738329529762268,1.0091925859451294,1.7244288921356201,1.7706167697906494,3.9196739196777344,0.257590731336101,285.3656279765955,0.0
12.403,47.82630560393262,-3.4186164152381298,9.777626011219942,83,0.06390074640512466,0.16334854066371918,0.9900147914886475,0.03840349242091179,-2.927419900894165,7.496510982513428,0.25530764711791815,285.3656279765955,0.0
12.454,48.04542181880323,-3.7695140586625397,9.194106236959378,83,0.07132195681333542,0.14549894630908966,0.988416850566864,4.061671733856201,-5.974118709564209,6.452123165130615,0.252766861351401,285.3656279765955,0.0
12.505,48.271914055900204,-4.004989344241213,8.751782789892314,83,0.0743761658668518,0.14544454216957092,0.9472861886024475,1.486260175704956,-1.3728803396224976,3.3628132343292236,0.25034288485128814,285.3656279765955,0.0
12.555,48.317166182893544,-3.8417853209062884,8.949312728778438,83,0.05998971313238144,0.17213457822799683,1.0010238885879517,-2.579761505126953,3.157235622406006,1.8112531900405884,0.24883937690746735,285.3656279765955,0.0
12.605,48.54516822786002,-3.8018547229752704,10.012756147076367,83,0.08629345148801804,0.2198849320411682,0.9386652708053589,2.3360610008239746,13.29634952545166,5.766164779663086,0.24723678149947892,285.3656279765955,0.0
12.656,49.105433027341235,-3.0647338254204204,11.289200731541246,83,0.04288614168763161,0.21590714156627655,1.014142394065857,41.36665344238281,13.82174301147461,3.4956061840057373,0.24560071492285512,290.72599986137106,0.0
12.707,50.23945832154261,-1.021754266818031,13.52443989282175,83,-0.02281796932220459,0.29910656809806824,0.9407472014427185,4.372032642364502,-7.497178554534912,52.6740837097168,0.24327001142942228,290.72599986137106,0.0
12.758,53.63410695706063,-2.095918584301697,13.298997121706961,83,0.06062411889433861,0.23400436341762543,1.0310652256011963,-31.292491912841797,-30.301586151123047,96.2877426147461,0.2420768127390853,290.72599986137106,0.0
12.808,56.53788742270429,-3.9228360959610717,12.623114462950259,83,0.11505479365587234,0.22440475225448608,0.959542989730835,-16.093017578125,-46.21906661987305,117.29017639160156,0.24024543340532725,290.72599986137106,0.0
12.858,61.90337060776238,-6.424609373829422,9.411199095325777,83,0.14741452038288116,0.1234266385436058,0.9723927974700928,-24.664886474609375,-65.45429992675781,148.2379608154297,0.23969290307067265,290.72599986137106,0.0
12.909,65.44724886216754,-12.400529581408094,3.132213004427074,83,0.44095686078071594,-0.17241430282592773,0.9238612651824951,103.22543334960938,45.27277755737305,23.484275817871094,0.24064497056973216,290.72599986137106,0.0
12.959,63.0770739427226,-10.141510967349266,-1.839618550225278,83,0.13315722346305847,-0.02816067636013031,0.9679856896400452,98.64520263671875,-7.26668119430542,-95.6695785522461,0.24209446825361744,290.72599986137106,0.0
13.009,60.13009046572193,-2.654095359902835,2.0429301166049365,83,-0.08813615143299103,0.13702714443206787,0.9850012063980103,62.95138931274414,7.915728569030762,-71.62125396728516,0.24573981381504645,290.72599986137106,0.0
13.059,60.5926853522895,3.527182135883247,6.060411395596988,83,-0.18813395500183105,0.16044269502162933,1.0061070919036865,-4.039491176605225,41.2436637878418,81.84455108642578,0.25067782442957726,290.72599986137106,0.0
13.11,65.19251779447116,6.4557998199609115,7.106500938929135,83,-0.13294824957847595,0.08260121196508408,0.7333004474639893,21.638872146606445,17.45425033569336,183.28939819335938,0.25484186857533725,290.72599986137106,0.0
13.16,71.06410344101899,3.252258922038673,2.002072753687717,83,0.07567479461431503,-0.05626784637570381,0.8741105794906616,24.013046264648438,-45.684085845947266,106.42363739013672,0.26165769759271934,290.72599986137106,0.0
13.211,71.93600947123782,1.2759782211311717,-0.5822885055091424,83,0.008662564679980278,0.0025792119558900595,0.9846964478492737,35.3492431640625,-35.73086929321289,-9.967071533203125,0.2659194659392419,288.6651066758431,0.0
13.261,71.49289901058212,4.541453600489665,0.5820432804905218,83,-0.18203431367874146,0.06484854221343994,1.0207668542861938,14.64699649810791,-21.82312774658203,9.560016632080078,0.270940061119906,288.6651066758431,0.0
13.311,73.1615799666236,6.329421033965893,1.85420146180031,83,-0.11274482309818268,0.046367060393095016,1.0327192544937134,-3.8707950115203857,17.285856246948242,55.11868667602539,0.27423212928324225,288.6651066758431,0.0
13.361,74.84907237414092,6.108146486995104,0.8014034572717649,83,-0.12181849777698517,-0.06798790395259857,0.9350118637084961,-8.495739936828613,30.579912185668945,48.54560470581055,0.27780468630683125,288.6651066758431,0.0
13.412,76.65797899202273,5.80855037320663,-4.311373534557002,83,-0.08494400233030319,-0.18607503175735474,0.7949631810188293,-6.630850315093994,-32.11887741088867,54.49248123168945,0.2793231138218124,288.6651066758431,0.0
13.462,77.42606276290917,3.070821853717397,-5.325096342482541,83,-0.03540623560547829,-0.0624178871512413,1.124724268913269,-33.650150299072266,-8.705988883972168,-14.835288047790527,0.28034285243908164,288.6651066758431,0.0
13.513,76.46856559364734,3.809788448518149,-3.8396324120957073,83,-0.08671483397483826,-0.012939284555613995,1.0200518369674683,-25.4776554107666,51.20695877075195,-38.352210998535156,0.2799943044425416,288.6651066758431,0.0
13.564,75.47832356859237,5.468546459082444,2.583671950191467,83,-0.1971971094608307,0.16699768602848053,0.7569702863693237,-18.293291091918945,21.035037994384766,-4.769957065582275,0.2780698328344664,288.6651066758431,0.0
13.615,76.27832758858824,5.9899919998535225,5.067798963533233,83,-0.09916595369577408,0.11649411171674728,0.997834324836731,6.851100921630859,13.434115409851074,25.1456241607666,0.2760327027012836,288.6651066758431,0.0
13.665,77.12990019150824,6.150909161237904,4.285451636966268,83,-0.09766513109207153,0.0667986199259758,1.0705571174621582,-15.730727195739746,-33.66065979003906,16.437755584716797,0.27184402098871574,288.6651066758431,0.0
13.715,77.44547784267792,5.880754682448667,3.965515590011922,83,-0.08136837929487228,0.09340102225542068,0.9989836812019348,-1.9863262176513672,-0.09357285499572754,-18.958776473999023,0.2681847570905976,288.6651066758431,0.0
13.766,77.51112588149856,9.531504884750193,0.5702770783325867,83,-0.25078466534614563,-0.05479132756590843,1.3047301769256592,5.081974029541016,-98.7357406616211,51.85921859741211,0.2623874576103688,285.5988015797358,0.0
13.816,78.80449683208683,5.356871760378885,-3.594874602522583,83,-0.036991529166698456,-0.10704583674669266,0.9112269878387451,-58.61274337768555,19.091276168823242,8.184727668762207,0.25761955182219853,285.5988015797358,0.0
13.866,78.72023340325987,3.488828332059611,-3.5600276786437544,83,0.007777722552418709,-0.006326008588075638,1.0323307514190674,9.405827522277832,-43.891845703125,-7.52606725692749,0.25060431604325345,285.5988015797358,0.0
13.917,77.68321744316918,2.66249466620611,-0.14709276938750854,83,-0.07879722118377686,0.07231319695711136,0.9697140455245972,12.15356159210205,3.9310462474823,-29.073490142822266,0.2456775936127026,285.5988015797358,0.0
13.967,77.76843713809868,4.5146546812147115,0.3707164105067798,83,-0.08460619300603867,-0.0063474164344370365,1.041282296180725,-4.0920844078063965,-60.44429016113281,26.297672271728516,0.23801403208257593,285.5988015797358,0.0
14.017,78.39829840370177,2.5357685704281363,-2.2735982769085545,83,0.04791641980409622,-0.04170514643192291,1.0216411352157593,12.227850914001465,-3.9949159622192383,-10.96350383758545,0.2328088719815333,285.5988015797358,0.0
14.067,78.10455280453844,2.3465506268801826,-5.353335278898909,83,-0.002668093889951706,-0.1745319813489914,1.128831148147583,-5.627627849578857,-39.51182556152344,-3.3327693939208984,0.22562609368537695,285.5988015797358,0.0
14.118,76.54349456004601,0.14403087352564783,-7.862825956549016,83,0.013340638019144535,-0.143828883767128,0.9228420853614807,21.632400512695312,24.250051498413086,-67.3698501586914,0.2215538570677473,285.5988015797358,0.0
14.168,74.89810559691396,3.329138405415336,-6.969215225638272,83,-0.09664187580347061,-0.1419295072555542,1.1563841104507446,31.391218185424805,-10.504884719848633,-21.395057678222656,0.21545613460692364,285.5988015797358,0.0
14.218,74.0824685341382,1.4871657156500397,-8.079248799265201,83,0.05582861602306366,-0.13270805776119232,0.8643556833267212,-2.049240827560425,33.60947799682617,-47.62281036376953,0.21018541866083124,285.5988015797358,0.0
14.268,71.94702078729605,3.848189221745329,-5.230200472388206,83,-0.16782811284065247,-0.04460692033171654,1.0157424211502075,43.171051025390625,-11.814502716064453,-44.88996505737305,0.20762034130083237,286.92734984265974,0.0
14.319,71.36440266091617,5.793331248368744,-4.981420177645484,83,-0.09446533769369125,-0.10865403711795807,1.0594961643218994,0.2227732092142105,38.734649658203125,-9.597256660461426,0.20430545429578764,286.92734984265974,0.0
14.369,70.86919350174058,6.085651913376944,-1.772949694083379,83,-0.13399581611156464,0.0288529209792614,0.9759433269500732,6.694399833679199,3.64807391166687,-7.965421676635742,0.2024602576498343,286.92734984265974,0.0
14.42,71.19411764681983,5.889812469123561,-1.852288328399053,83,-0.07169780880212784,-0.04671236127614975,0.9581509828567505,-9.022994041442871,17.747804641723633,12.256025314331055,0.19908534028302807,286.92734984265974,0.0
14.47,71.3962061169705,5.164737921400438,-0.45381461362800274,83,-0.09146542847156525,0.03198046609759331,0.9132120609283447,2.210831642150879,-8.434221267700195,5.812317371368408,0.19663698218511308,286.92734984265974,0.0
14.521,71.84615374682693,5.033305188941356,-1.2978238768306574,83,-0.08663683384656906,-0.06492452323436737,0.9388852715492249,-19.414810180664062,-2.0469930171966553,15.376119613647461,0.19336984907014093,286.92734984265974,0.0
14.571,72.57694264238461,4.76795413129348,-2.289554401033606,83,-0.0803813487291336,-0.0035965016577392817,0.955231785774231,-12.719624519348145,-39.65098571777344,29.6467227935791,0.19108130949567773,286.92734984265974,0.0
14.622,73.60374585424844,3.5417317754293283,-3.697352597596048,83,-0.030258437618613243,-0.11706583201885223,1.0941976308822632,-19.698442459106445,14.234256744384766,22.67882537841797,0.18746579057779408,286.92734984265974,0.0
14.672,73.70529770864852,2.0470064207056486,-4.066614420707237,83,-0.023391172289848328,-0.08046605437994003,0.9788910746574402,-3.4840781688690186,9.390495300292969,-10.762301445007324,0.1852602297147073,286.92734984265974,0.0
14.722,73.1505921601643,2.134020308733696,-3.184541797538017,83,-0.042745526880025864,-0.04084787517786026,1.0940001010894775,4.112909317016602,20.4698429107666,-15.727298736572266,0.1823297209960166,286.92734984265974,0.0
14.772,72.75897340759029,2.5819809297633687,-1.0726374623896096,83,-0.0519031397998333,0.018782082945108414,0.9598211646080017,6.574272155761719,3.598191261291504,-4.643981456756592,0.18059973884600924,286.92734984265974,0.0
14.822,72.87508951928405,2.6710209874875614,-1.1005121438520353,83,-0.0328325554728508,-0.04096430167555809,1.0847421884536743,-1.695088505744934,5.087837219238281,3.9456114768981934,0.17814625133170042,283.53302237544784,0.0
14.873,72.77629743369928,2.696805197882668,-0.46012619924166265,83,-0.07373099774122238,0.014685711823403835,0.917648196220398,4.169899940490723,-6.592483043670654,2.4614217281341553,0.17611951952401828,283.53302237544784,0.0
14.923,73.06782050037289,3.2299057383227785,-0.7148640743362089,83,-0.03891651704907417,-0.04136370122432709,1.0416791439056396,5.304721832275391,-0.39405813813209534,9.84596061706543,0.1733697591139347,283.53302237544784,0.0
14.973,72.9582552231494,2.590557035931862,-0.38821768239079396,83,-0.062015265226364136,0.039120472967624664,0.9122405052185059,6.789853572845459,-4.862456798553467,-5.946195125579834,0.17181137579755826,283.53302237544784,0.0
15.023,73.15884892874827,3.252630481912258,-0.21272009189984661,83,-0.04175299033522606,-0.033484820276498795,1.0620471239089966,-6.5626983642578125,-4.997185707092285,10.850961685180664,0.1691395370629325,283.53302237544784,0.0
15.074,73.0924986799265,2.836285189760667,-0.8169771493281277,83,-0.06756347417831421,0.006134872790426016,0.9574630260467529,-1.2383989095687866,-8.533649444580078,-1.0627641677856445,0.16752291777270095,283.53302237544784,0.0
15.124,73.27513825141551,3.3717683188753518,0.021577257303622543,83,-0.05874666944146156,-0.0042031495831906796,0.9608139991760254,4.59814977645874,-11.19510555267334,8.15591812133789,0.16555352505677856,283.53302237544784,0.0
15.175,73.51406324950752,3.2642352199695983,-1.579929655773555,83,-0.04887520894408226,-0.04836151748895645,0.9974192976951599,5.133668899536133,-4.8941450119018555,2.422214984893799,0.16422131575440163,283.53302237544784,0.0
15.225,73.51904000903797,3.4753430280157667,-1.5805657871079868,83,-0.06698975712060928,-0.021227318793535233,0.9938782453536987,2.7896273136138916,-0.22463202476501465,4.613840103149414,0.16147149939251432,283.53302237544784,0.0
15.275,73.72553227661088,3.36156660434578,-1.9975638254745076,83,-0.046650275588035583,-0.05022381246089935,1.0223157405853271,0.8518713712692261,-3.76065731048584,3.2106690406799316,0.15961170218378554,283.53302237544784,0.0
15.326,73.73868212881614,3.057663423254636,-2.087436868691953,83,-0.04579856991767883,-0.03418362885713577,0.998515784740448,-5.627595901489258,4.9476847648620605,-1.6130179166793823,0.15646514552717236,283.53302237544784,0.0
15.376,73.64968609289782,2.6641892666736284,-2.099985534804283,83,-0.04076017439365387,-0.042747143656015396,1.037533164024353,-1.1571035385131836,-3.581037998199463,-2.1447041034698486,0.15311003848844346,265.17696149712333,0.0
15.426,73.44991084874597,2.29407304285429,-2.619553592909702,83,-0.03311033546924591,-0.05695009604096413,1.0178449153900146,-3.918898344039917,7.537105560302734,-6.93112850189209,0.15029550688078966,265.17696149712333,0.0
15.477,73.18197414523104,2.363809599013465,-2.1091225783391154,83,-0.055985014885663986,-0.017416825518012047,1.0126665830612183,-1.7166175842285156,5.796250343322754,-7.60075044631958,0.14657802294018465,265.17696149712333,0.0
15.527,73.14812818783041,2.7938511438935163,-1.7037148031385239,83,-0.049435582011938095,-0.03489137068390846,1.0034562349319458,-3.3283236026763916,3.7345709800720215,2.113412618637085,0.1449707751794477,265.17696149712333,0.0
15.577,73.04716455532004,2.7965256516947,-0.7100879738059332,83,-0.06131290644407272,0.025692356750369072,0.9389784932136536,1.066035270690918,8.14199161529541,-3.9602530002593994,0.14369824947335866,265.17696149712333,0.0
15.628,73.2896315553333,3.0267057719589,-0.18767247662030492,83,-0.035637304186820984,-0.020189179107546806,1.0049655437469482,-2.574885606765747,1.6436508893966675,10.808095932006836,0.14197345676898204,265.17696149712333,0.0
15.678,73.42945116107495,2.4331533219956643,-0.7373913628880228,83,-0.04131888225674629,-0.015186038799583912,0.9819707274436951,1.2066129446029663,-0.14312796294689178,1.9103269577026367,0.1404205972724944,265.17696149712333,0.0
15.728,73.61113315711287,2.603974232702514,-0.528704955489652,83,-0.04945632070302963,-0.018907686695456505,1.0156221389770508,-1.5866144895553589,-1.0702931880950928,9.237527847290039,0.1392435235002744,265.17696149712333,0.0
15.779,73.77079404946497,1.9980058030189851,-1.504528172937089,83,-0.025868048891425133,-0.03199642151594162,1.0054166316986084,0.6461840867996216,4.913387775421143,-3.557310104370117,0.13702873974108018,265.17696149712333,0.0
15.829,73.83901344394096,2.6538390041433204,-0.6945524349478636,83,-0.054913099855184555,-0.008539697155356407,1.0304882526397705,-3.2102901935577393,2.4984097480773926,9.245811462402344,0.13503728611383775,265.17696149712333,0.0
15.879,73.95672965993417,2.2379478677103988,0.10065972251663619,83,-0.04275697469711304,0.026518382132053375,0.9860706925392151,0.24172519147396088,8.242148399353027,-1.8162997961044312,0.1328358703888679,285.7739320024528,0.0
15.93,74.12702516821551,2.610463798235482,0.9300604984823443,83,-0.04397840052843094,-0.0004864259681198746,0.9978681206703186,-6.867727756500244,11.452679634094238,9.30561351776123,0.1315759728524313,285.7739320024528,0.0
15.98,74.17545465050367,1.9088367236032882,0.8083814161258096,83,-0.03307196870446205,0.008141244761645794,0.9964357614517212,-0.3514288663864136,6.801871299743652,-2.259688377380371,0.12978249712497786,285.7739320024528,0.0
16.03,74.14377705950747,1.6257612417640828,0.8026700494513758,83,-0.02632458321750164,0.008213716559112072,0.9817941188812256,-6.466169834136963,9.898661613464355,-1.9428603649139404,0.12869030309485538,285.7739320024528,0.0
16.082,73.97477056966639,1.6253430267273885,1.0991052944450026,83,-0.038817714899778366,0.036941442638635635,1.004672646522522,-4.43011999130249,6.2309699058532715,-5.319643974304199,0.1280196379664863,285.7739320024528,0.0
16.133,73.97126770984752,1.9174498819013777,1.7835568364120353,83,-0.03636901080608368,0.030701637268066406,0.9631909728050232,-1.0842245817184448,-2.9439942836761475,3.7424843311309814,0.12790124303102063,285.7739320024528,0.0
16.184,74.11913594905477,1.3426727095902367,1.2819162778740272,83,-0.011874322779476643,0.024267209693789482,1.0047677755355835,-6.626617431640625,-0.1786782294511795,1.3040574789047241,0.12788744898964033,285.7739320024528,0.0
16.234,74.09545457826759,1.4442579764825365,2.172516889436253,83,-0.036524586379528046,0.060457874089479446,1.0096731185913086,0.24540868401527405,-4.822100639343262,1.468623399734497,0.12782224759561683,285.7739320024528,0.0
16.284,74.18625429654695,1.3439312984337455,2.568972149655291,83,-0.01459974329918623,0.05819905549287796,0.9682198166847229,-1.5060627460479736,-5.578583717346191,2.133692502975464,0.12626687353199845,285.7739320024528,0.0
16.336,74.25764330309077,1.253875544386516,2.8282742985114084,83,-0.03092338889837265,0.06251652538776398,1.0026487112045288,-0.5888918042182922,-5.904903888702393,4.692393779754639,0.1250607267270303,285.7739320024528,0.0
16.386,74.50828064363182,0.7009525525552264,1.5653128260536417,83,0.004671574104577303,0.00014504790306091309,1.0331826210021973,-4.458024978637695,1.4802848100662231,2.8860297203063965,0.12415968677093861,285.7739320024528,0.0
16.436,74.60068925702673,0.35552019511274546,0.14745681800151064,83,0.007693250197917223,-0.02787105366587639,1.053053379058838,-5.900828838348389,-0.28721120953559875,2.3234596252441406,0.12382218444360625,286.22246485601204,0.0
16.487,74.42824659278128,0.5200452150879852,0.1606395998573125,83,-0.032471369951963425,0.014778832904994488,0.9812082052230835,1.2486528158187866,-2.343151330947876,-4.752573013305664,0.1236001287285085,286.22246485601204,0.0
16.537,74.23593583343468,1.327954735628715,-0.0319169467309478,83,-0.04738672822713852,-0.00261615845374763,0.9519199728965759,-4.930476665496826,17.71491050720215,-14.19727897644043,0.12359411462939769,286.22246485601204,0.0
16.588,73.6526020583055,2.393948735750099,1.2407823599660286,83,-0.04284026101231575,0.050636544823646545,1.0667356252670288,-1.157795786857605,4.281032562255859,-19.219125747680664,0.12305612903074659,286.22246485601204,0.0
16.638,73.18109870351775,2.860884896630845,2.4005163839549546,83,-0.040464065968990326,0.027379246428608894,1.0233193635940552,7.95717191696167,-30.868000030517578,0.3185010254383087,0.12357024340085013,286.22246485601204,0.0
16.689,72.78446003806272,0.6035843907556548,0.5392557078189564,83,0.027227845042943954,0.03636808693408966,0.9513961672782898,-0.14033129811286926,3.9418141841888428,-27.600635528564453,0.12430652769026812,286.22246485601204,0.0
16.739,72.4683560985129,0.035575127112665916,1.503486866733761,83,0.04985516890883446,0.05184637010097504,1.0934276580810547,-6.457729339599609,-16.19011116027832,3.5529119968414307,0.12579263747792954,286.22246485601204,0.0
16.789,72.69281294801897,-0.6514894114965732,-0.32714792199307113,83,0.018318822607398033,-0.090712770819664,1.0920237302780151,-7.240720748901367,-17.600099563598633,16.012495040893555,0.12743236680877837,286.22246485601204,0.0
16.84,72.44591870934404,-2.8382430627348776,-4.236278216896127,83,0.08484102785587311,-0.11503852158784866,0.9177883863449097,1.4946311712265015,11.956611633300781,-29.374900817871094,0.13061224593989273,286.22246485601204,0.0
16.891,71.62062599827222,-0.5802160083846511,-1.5605915055940334,83,-0.05891288444399834,0.021097509190440178,1.07774019241333,-6.481540679931641,4.020648956298828,-3.050917625427246,0.13231656503776823,286.22246485601204,0.0
16.941,71.4977665854684,-1.6636195672829392,-2.9029332937286663,83,0.06168094277381897,-0.08847738057374954,0.87339848279953,-8.024134635925293,15.975491523742676,-19.99514389038086,0.13501008639528075,286.22246485601204,0.0
16.992,70.42261910136664,-0.03330981944451984,0.7287843980450723,83,-0.07680311799049377,0.13161544501781464,0.9609485268592834,6.570776462554932,2.5885262489318848,-12.389274597167969,0.1367204319055646,277.97097223142686,0.0
17.042,70.27433914051977,1.4747469954628845,4.27783895565844,83,-0.03676796704530716,0.11514870077371597,0.9575108885765076,1.7861247062683105,-8.143789291381836,8.227542877197266,0.13940457866767753,277.97097223142686,0.0
17.092,70.72469369300184,0.34709090861264297,2.0117470173837293,83,0.04589534178376198,-0.009970107115805149,0.9875344038009644,-1.521613597869873,1.4020678997039795,2.9059336185455322,0.14118963645674806,277.97097223142686,0.0
17.143,70.53976676653332,0.22273041225404525,2.430438020199319,83,-0.04232889041304588,0.07792247831821442,0.9669526219367981,2.0291216373443604,-6.329020023345947,-3.1838228702545166,0.14385684191140752,277.97097223142686,0.0
17.193,70.8580645418176,-0.19590808285373462,1.4101897824689658,83,0.02456221543252468,-0.011857699602842331,0.9661290049552917,3.2062489986419678,-5.236589431762695,1.2665306329727173,0.14540206587659618,277.97097223142686,0.0
17.244,70.91523672795721,-0.515250941939152,-0.4030974555167456,83,0.02643994800746441,-0.039321962743997574,1.0231930017471313,0.45226994156837463,2.368595838546753,-2.184358596801758,0.14715333880126205,277.97097223142686,0.0
17.294,70.69087167037377,-0.6160962546959329,-0.18115810832544726,83,0.017072396352887154,0.019511107355356216,1.018919587135315,5.548035621643066,3.8578011989593506,-7.296913146972656,0.1485741228872694,277.97097223142686,0.0
17.344,70.4698042830564,-0.20598355293537055,1.5092102696310874,83,-0.0030921369325369596,0.06694537401199341,1.0172122716903687,8.232059478759766,1.8686116933822632,-4.961533069610596,0.15075958965936861,277.97097223142686,0.0
17.395,70.37690009477227,0.15489532542768752,3.162131408990619,83,-0.029323045164346695,0.10715193301439285,0.9613678455352783,0.4946187436580658,6.412725448608398,1.8770878314971924,0.15198981062486858,277.97097223142686,0.0
17.446,70.79684617267826,0.860164933503678,3.405477679754492,83,-0.022286687046289444,0.01703655533492565,1.0052491426467896,-4.767949104309082,-7.003068923950195,18.056631088256836,0.15389225770057538,277.97097223142686,0.0
17.496,71.2290423668998,-0.30789639910834643,0.13763223466596783,83,0.037060704082250595,-0.05898232385516167,1.006596326828003,-4.1818623542785645,-1.2904655933380127,2.9464170932769775,0.1563072970279721,285.8908049894349,0.0
17.547,71.2748297410045,-0.08338005622824306,-0.43836231776878687,83,-0.015574611723423004,-0.0222611203789711,0.9957987070083618,-2.5307984352111816,-6.089558124542236,9.285884857177734,0.15798370332567163,285.8908049894349,0.0
17.597,71.46875659468576,-1.0528372841517992,-1.8833970358435832,83,0.0434131883084774,-0.04573613405227661,0.9762750864028931,5.495938777923584,6.364706516265869,-7.335536479949951,0.16067639471868506,285.8908049894349,0.0
17.648,71.33739109401795,-0.1991304701155838,-0.3401238990103334,83,-0.014853209257125854,0.0220471378415823,0.991870641708374,-2.090545654296875,1.2177410125732422,4.969320774078369,0.1623832634945913,285.8908049894349,0.0
17.699,71.41651332139129,-0.561688664335373,-0.39207757509447305,83,0.017338281497359276,-0.01575307734310627,0.9875540137290955,4.162344932556152,-2.7126007080078125,0.14554516971111298,0.16463402028274918,285.8908049894349,0.0
17.749,71.35102004835399,-0.2747173385449685,-0.29992388472435494,83,-0.00704986322671175,0.0012846611207351089,0.9731382727622986,1.5722860097885132,5.551079273223877,-2.067502498626709,0.1660444152032207,285.8908049894349,0.0
17.8,71.28826185934109,0.28400669242885174,0.6254513216172398,83,-0.019379455596208572,0.0261082760989666,1.024600625038147,-1.9339393377304077,-1.2197034358978271,3.071080446243286,0.16819836706197583,285.8908049894349,0.0
17.85,71.43858508998939,0.21097622552572887,0.25430193968284126,83,0.014737753197550774,-0.010359314270317554,1.0064167976379395,0.6154470443725586,-3.1726722717285156,-1.2460392713546753,0.1693444240910605,285.8908049894349,0.0
17.9,71.43487024720056,0.3519925239715113,1.0310650872640543,83,-0.014902210794389248,0.04895487427711487,1.0033705234527588,0.6883089542388916,-1.8184584379196167,4.2563676834106445,0.1710354783736726,285.8908049894349,0.0
17.952,71.66781256999954,0.6244064472403962,1.3401494202068815,83,-0.013102966360747814,0.01410125382244587,1.0277315378189087,-4.04822301864624,-3.8328895568847656,10.516067504882812,0.17199492031547023,285.8908049894349,0.0
18.003,72.00168181372915,-0.07182627389471861,0.06551083210985019,83,0.020066462457180023,-0.019523611292243004,0.9956865906715393,-0.14433151483535767,-2.593524932861328,5.767408847808838,0.17339474899369883,285.8908049894349,0.0
18.053,72.06883494948089,-0.25699711253163326,-0.5066434496243954,83,-0.0005590960499830544,-0.020781852304935455,1.016241431236267,-4.840415000915527,1.7785309553146362,2.257065773010254,0.17448779618630017,285.5988015797358,0.0
18.103,72.15271420344361,-0.7063408644752359,-1.3129283597928587,83,0.030029762536287308,-0.035899240523576736,1.0099369287490845,-1.2512584924697876,0.24717140197753906,-2.837674379348755,0.17624072658067444,285.5988015797358,0.0
18.154,72.02883979743343,-0.5641575293237018,-0.4988261953420264,83,0.0033979848958551884,0.010408367030322552,0.9769535064697266,-5.720498085021973,1.0098357200622559,1.0347847938537598,0.17782506238815834,285.5988015797358,0.0
18.205,71.9855372979684,-0.6885178346512703,-0.06563074635504054,83,0.006328190211206675,0.015138626098632812,0.9957600831985474,-0.7916218042373657,-0.0827263593673706,-3.3056862354278564,0.17847200330767157,285.5988015797358,0.0
18.255,72.0661778647742,-0.20068608717484035,0.2885571470103457,83,0.0013601620448753238,-0.0056717777624726295,1.0085467100143433,-0.4381133019924164,-5.282358646392822,6.024326801300049,0.17904097730353855,285.5988015797358,0.0
18.305,72.14770070212498,-0.6070738708467217,-0.7660588811692894,83,0.015163921751081944,-0.02672949992120266,0.9825186133384705,-0.6608105301856995,-1.7910971641540527,-1.1906591653823853,0.17918357770913707,285.5988015797358,0.0
18.356,72.13516921488248,-0.5713010271368557,-1.0052149987795873,83,0.010741320438683033,-0.020834699273109436,0.9727791547775269,0.6757920980453491,0.11877252161502838,0.7987239360809326,0.17947965616712175,285.5988015797358,0.0
18.407,72.07125089435172,-0.4707750073807847,-0.8898200509712018,83,0.0025627631694078445,-0.009172759018838406,1.0294194221496582,3.762655735015869,-2.4299960136413574,-1.6559014320373535,0.17981868552400262,285.5988015797358,0.0
18.457,72.09668006982201,-0.744261264872204,-1.1211148888511482,83,0.029355354607105255,-0.029953191056847572,1.0097867250442505,1.3011194467544556,-1.963910698890686,-0.39528247714042664,0.1811831153517995,285.5988015797358,0.0
18.507,71.95353598761392,-0.8927653153768009,-1.155224595923015,83,0.009875083342194557,-0.010520690120756626,1.0009602308273315,-2.9494261741638184,2.7249560356140137,-4.846157073974609,0.1816902409278909,285.5988015797358,0.0
18.558,71.81061472034224,-0.5707278899082839,-0.6580232436563852,83,-0.0030053898226469755,-0.0029546571895480156,0.9815238118171692,0.42179712653160095,1.9055882692337036,-3.3282368183135986,0.18161711408541853,285.5988015797358,0.0
18.608,71.7400654193781,-0.22120476252742993,0.021281525265195275,83,-0.003183227963745594,0.01152159832417965,1.007086992263794,-1.708521842956543,-0.015734318643808365,0.40046802163124084,0.1816303887357904,281.3269837011201,0.0
18.658,71.79457753333122,-0.5547090827248803,-0.3888205861081449,83,0.019933152943849564,-0.01544179953634739,1.0083500146865845,-0.512549638748169,-0.3446011543273926,-3.358320474624634,0.1820840253523903,281.3269837011201,0.0
18.709,71.79572364307467,-0.41562146304140934,-0.20711906090416743,83,0.008024932816624641,-0.002842211863026023,0.9930518269538879,0.038311101496219635,-3.2022206783294678,2.6159257888793945,0.18220684763084707,281.3269837011201,0.0
18.759,71.88338703861177,-0.6387667383977396,-1.0937344893581518,83,0.017143849283456802,-0.043766383081674576,0.9844898581504822,-3.5052402019500732,-1.450027346611023,1.697289228439331,0.18257754180629074,281.3269837011201,0.0
18.809,71.7460131559667,-0.6991528849753786,-0.9770659524856532,83,0.001587705803103745,0.0035196305252611637,1.0065884590148926,0.5540633797645569,-1.9723984003067017,-1.7271555662155151,0.1830467624431899,281.3269837011201,0.0
18.86,71.76900146830312,-0.6547267669101451,-0.8404837241236995,83,0.022572267800569534,-0.021617699414491653,0.9877669811248779,0.09558434784412384,-0.5539910793304443,-0.6937441229820251,0.18242821506042298,281.3269837011201,0.0
18.91,71.64342128979274,-0.9625530405495423,-0.9149843841732165,83,0.013216537423431873,0.0012408187612891197,0.9884541034698486,-3.5266811847686768,5.25116491317749,-4.785987377166748,0.181594338394888,281.3269837011201,0.0
18.96,71.65600817513626,-0.7485534683166319,-0.48721387612703354,83,0.01578465662896633,-0.006105788983404636,0.9925734996795654,-0.884341299533844,-4.014490127563477,3.536856174468994,0.18129188133283688,281.3269837011201,0.0
19.011,71.67888142209276,-0.9862400408400032,-1.0324583202466824,83,0.02322220616042614,-0.021262777969241142,0.9913051724433899,2.424605369567871,0.8753562569618225,-4.423856258392334,0.18150161631320452,281.3269837011201,0.0
19.061,71.65771548159819,-0.7459734280996473,-0.4973270177933292,83,0.017272774130105972,-0.008673816919326782,0.9742227792739868,0.7920948266983032,-0.773007869720459,3.873262405395508,0.180785807281992,281.3269837011201,0.0
19.111,71.67467431234874,-0.9815277415975086,-0.9271348998659735,83,0.01723056100308895,-0.026810510084033012,1.0105301141738892,-1.6247080564498901,1.3579505681991577,-0.5706177949905396,0.18073669987476348,285.7544624608257,0.0
19.162,71.61995453922106,-0.8641539188138271,-0.45585772838883365,83,0.006784137804061174,0.01424478366971016,0.983494758605957,6.466175079345703,-0.8125126957893372,-2.9734511375427246,0.1819995636546348,285.7544624608257,0.0
19.212,71.74434630409004,-0.35659756949236027,-0.2266197872260248,83,0.0067024617455899715,-0.017231687903404236,0.9965590238571167,-5.8121161460876465,1.6288701295852661,6.874159336090088,0.18349254259531572,285.7544624608257,0.0
19.263,71.783855861317,-0.5571067280328718,-0.87532412861776,83,0.0036720517091453075,-0.024584641680121422,1.0212881565093994,0.14124706387519836,-1.6015375852584839,0.6585597991943359,0.18463603482367522,285.7544624608257,0.0
19.313,71.86023500587328,-0.8546484116144708,-1.42774080931075,83,0.03763765096664429,-0.03745066374540329,0.9761525988578796,0.31587323546409607,2.2490928173065186,-0.6795249581336975,0.18522016050635498,285.7544624608257,0.0
19.363,71.7431240859827,-0.6441663989058923,-0.7777511396668503,83,-0.009784520603716373,0.009796208702027798,1.0096789598464966,0.6828478574752808,-1.2551976442337036,-0.057378049939870834,0.18657321161070978,285.7544624608257,0.0
19.414,71.82087682367963,-0.8172235853393002,-0.7478090948872617,83,0.021544892340898514,-0.014249562285840511,0.9940318465232849,-1.1477205753326416,1.7353196144104004,-1.0933345556259155,0.1875025413212258,285.7544624608257,0.0
19.464,71.82733889416038,-0.6884996948838151,-0.47741629288776266,83,0.007877606898546219,-0.015359455719590187,1.0047489404678345,-1.0927504301071167,-1.5134427547454834,3.2598559856414795,0.18798442805654142,285.7544624608257,0.0
19.515,71.83253553192984,-0.9082047536675251,-0.8737877368504929,83,0.019632700830698013,-0.011293957941234112,0.9841570854187012,2.9559977054595947,0.7056721448898315,-3.346108913421631,0.1889676093822729,285.7544624608257,0.0
19.565,71.8610984891781,-0.645883514302963,-0.7340301504175185,83,0.013126892037689686,-0.020714914426207542,0.980945885181427,-0.7771609425544739,0.138315349817276,4.029754161834717,0.18999980482924594,285.7544624608257,0.0
19.615,71.8401965433797,-0.8963659171978129,-0.9939909096388545,83,0.009853138588368893,-0.01704765111207962,0.9924113750457764,1.0567595958709717,-0.39387109875679016,-1.4313281774520874,0.19118083509516476,285.7544624608257,0.0
19.666,71.84945026668203,-0.8564120035410603,-1.0921177694330677,83,0.017316430807113647,-0.025257444009184837,1.0047428607940674,2.1395926475524902,-3.401047706604004,0.6391581296920776,0.19208295116579685,285.11345251852356,0.0
19.716,71.81688741227089,-0.8527220093986254,-1.4584435020566804,83,0.014419112354516983,-0.024058835580945015,1.0122638940811157,-0.6020553112030029,0.655311107635498,-2.5131301879882812,0.19304214147069032,285.11345251852356,0.0
19.766,71.77128785738516,-0.6159138357655377,-1.1176524401546535,83,-0.001161774736829102,-0.021855419501662254,0.9956067800521851,-0.6353439092636108,-1.966559648513794,2.4769418239593506,0.19394892838495087,285.11345251852356,0.0
19.817,71.76259606624983,-0.9266570466976836,-1.2602864244398246,83,0.021504024043679237,-0.017195027321577072,0.9848006367683411,0.9915262460708618,2.1723430156707764,-3.359952688217163,0.19452200099340944,285.11345251852356,0.0
19.867,71.71980282781531,-0.6931707238325551,-0.6632728329213119,83,0.017880337312817574,-0.0014818203635513783,0.9806287288665771,-1.8930878639221191,1.369109869003296,1.2845865488052368,0.19484387802489847,285.11345251852356,0.0
19.917,71.70599027059292,-0.6571403027728397,-0.29899551257534335,83,0.0013451381819322705,0.0011345114326104522,1.0156670808792114,-1.1916900873184204,2.069657325744629,2.4076006412506104,0.1957943778490302,285.11345251852356,0.0
19.968,71.78476931844439,-0.7875424663155214,-0.8163476852719113,83,0.02670321799814701,-0.031766634434461594,0.9866625070571899,0.39938342571258545,1.5235971212387085,0.1325874626636505,0.1962963497930902,285.11345251852356,0.0
20.019,71.70657059416357,-0.5192370643271981,-0.5835549516604267,83,-0.009490014053881168,-0.0008264438365586102,1.013602614402771,-0.8918256759643555,0.456917405128479,1.0517457723617554,0.19727305031760964,285.11345251852356,0.0
20.07,71.77500954802224,-0.6996233501710961,-0.6461454392547638,83,0.020632073283195496,-0.013103637844324112,0.986953854560852,0.1959177702665329,1.5145074129104614,-1.3881878852844238,0.19792628157304012,285.11345251852356,0.0
20.12,71.77904403418144,-0.6232823270078189,-0.2775880808687627,83,0.00993854459375143,0.001282386016100645,1.0075401067733765,0.4397462010383606,-0.9071674346923828,1.8503072261810303,0.1987465193273968,285.11345251852356,0.0
20.17,71.84922979776846,-1.011249648845035,-0.5767949080668557,83,0.02437766082584858,-0.0231882743537426,0.9926818013191223,-3.1780507564544678,3.979679822921753,0.5316036343574524,0.19926062205985115,285.7155313351499,0.0
20.221,71.81320827897564,-1.2850526278239818,-0.8689736541684088,83,0.028459331020712852,-0.015998465940356255,0.9893041253089905,-0.9622453451156616,2.0142533779144287,-3.065783977508545,0.19951453965868107,285.7155313351499,0.0
20.271,71.6732589985011,-0.8934657455044815,-0.01934471442582552,83,-0.00984768383204937,0.02512507699429989,1.0056800842285156,-0.8210240006446838,0.8387494087219238,-1.800568699836731,0.2002801456302694,285.7155313351499,0.0
20.321,71.74678230664907,-0.8646555710576727,0.1312694407736204,83,0.024695325642824173,-0.0069401743821799755,0.9698382616043091,0.2866009771823883,-0.05232064425945282,0.41334784030914307,0.2011549730551054,285.7155313351499,0.0
20.372,71.71916419853565,-0.7503124419904609,-0.12634949980537213,83,0.009991620667278767,-0.0037787321489304304,1.0027589797973633,-4.186161041259766,3.456951856613159,-0.2450479120016098,0.20086618189118666,285.7155313351499,0.0
20.422,71.75042948898788,-0.6188272709456885,-0.2660633409114136,83,0.011089672334492207,-0.017887959256768227,0.9744448065757751,3.35225510597229,-8.151436805725098,2.829805374145508,0.2002285633537155,285.7155313351499,0.0
20.473,71.74789807500102,-0.8411344938979881,-0.8905198488118581,83,0.017331553623080254,-0.015674645081162453,1.0008794069290161,1.9581420421600342,0.7269240021705627,-3.3861582279205322,0.19965072057258107,285.7155313351499,0.0
20.523,71.75654411410655,-0.8278870511343849,-1.1453962251454033,83,0.02734639309346676,-0.030302733182907104,1.0322058200836182,3.1325581073760986,-2.829019546508789,0.5188064575195312,0.1992728752703688,285.7155313351499,0.0
20.574,71.59989150182916,-0.853790639135663,-1.077871174084708,83,0.0018241752404719591,-0.004958335775882006,1.0065462589263916,-0.618048906326294,-0.7841429114341736,-4.324636459350586,0.1990358360071441,285.7155313351499,0.0
20.624,71.5858383157053,-0.702735112130145,-1.1945724055962834,83,0.018165377900004387,-0.032590098679065704,1.0184677839279175,-1.1199889183044434,-0.29802176356315613,-1.7802993059158325,0.19944157469975315,285.7155313351499,0.0
20.674,71.39052263692298,0.6826724670866852,-1.2446363455965241,83,-0.06760117411613464,-0.010359237901866436,1.016951322555542,2.167567491531372,-11.801759719848633,-2.5943307876586914,0.19998689453921495,285.7155313351499,0.0
20.725,71.73289780194256,2.4741790858630597,-3.038118361929811,83,-0.08316601067781448,-0.1117902398109436,1.0242608785629272,-6.942103862762451,-21.28419303894043,16.269607543945312,0.20062034210052537,277.8052722214863,0.0
20.775,72.18102862990806,3.3728298621355806,-7.304451324817867,83,-0.0879586711525917,-0.19086416065692902,1.066998839378357,-2.123710870742798,-17.402070999145508,3.563199758529663,0.20152267888808173,277.8052722214863,0.0
20.825,72.51950709988752,6.122057209940975,-10.04475512324065,83,-0.15918542444705963,-0.2054768055677414,1.1019220352172852,10.645414352416992,-46.81234359741211,16.045984268188477,0.20231403011518476,277.8052722214863,0.0
20.876,72.93328958536019,6.266812659877435,-11.634927196140632,83,-0.10188130289316177,-0.20019379258155823,1.2057939767837524,9.53686237335205,-10.575444221496582,3.2217326164245605,0.20407367860442205,277.8052722214863,0.0
20.926,72.497996935404,9.77401510507283,-8.503543333428262,83,-0.2708696126937866,-0.005311021115630865,1.0972517728805542,-3.832209348678589,-4.7590742111206055,-12.860718727111816,0.20522303440999845,277.8052722214863,0.0
20.976,73.86059837044536,6.912382453120068,-8.198617141712637,83,-0.07617469131946564,-0.30856573581695557,0.9260531067848206,20.168020248413086,-110.69002532958984,60.8528938293457,0.2083424014267607,277.8052722214863,0.0
21.027,74.02759082603983,5.674466865660533,-18.720222988634323,83,-0.04930584132671356,-0.3712761104106903,1.4537981748580933,-26.347023010253906,68.95315551757812,-65.81625366210938,0.21186641222463326,277.8052722214863,0.0
21.077,71.2711986876891,9.263513555464707,-3.9518800234398745,83,-0.43091148138046265,0.19273169338703156,0.40973591804504395,12.72225284576416,-61.29814147949219,39.674720764160156,0.21975453751308613,277.8052722214863,0.0
21.128,72.3946995807835,3.353718697380877,-5.541356271796068,83,0.3130650818347931,-0.17629416286945343,0.7443488240242004,0.3451262414455414,96.44939422607422,-67.2098617553711,0.22671881697370025,277.8052722214863,0.0
21.178,68.97434385009706,-0.19854873676991822,1.7445361515334847,83,-0.06576278805732727,0.2824487090110779,0.5881428718566895,39.921661376953125,20.56708335876465,-49.725059509277344,0.23829459412056775,277.8052722214863,0.0
21.229,68.5978927154567,-1.0154097305634096,6.84324379117941,83,0.19074156880378723,0.07659850269556046,0.9086686968803406,12.202686309814453,35.810638427734375,-7.575919151306152,0.24948303244816047,277.8052722214863,0.0
21.279,67.63399222607309,-5.270870912471413,4.339670855254569,83,0.1135614663362503,0.010345853865146637,0.8139537572860718,9.140812873840332,1.7342753410339355,-29.678762435913086,0.2602116828692769,282.6921884477994,0.0
21.329,67.26824186180917,-6.793258388981374,0.9825829402123373,83,0.23743389546871185,-0.054773133248090744,1.088533639907837,28.6127872467041,21.696048736572266,-32.61575698852539,0.2703222550219429,282.6921884477994,0.0
21.38,65.91704951300743,-5.553016433545404,2.3414104430388027,83,0.021154027432203293,0.10038799792528152,1.4348783493041992,0.998730480670929,-35.58765411376953,-16.04182243347168,0.2793026552798686,282.6921884477994,0.0
21.43,65.81689540830656,-4.681554954111079,2.2050809658603066,83,0.059439726173877716,0.013543732464313507,0.7549365758895874,-26.635780334472656,32.60639572143555,-3.967453718185425,0.28485508776578483,282.6921884477994,0.0
21.48,65.33362807949325,-2.9602829949773155,0.5009319832919105,83,-0.018359767273068428,-0.003175535472109914,1.201317310333252,-16.350828170776367,-17.139738082885742,-16.647737503051758,0.2953375356270245,282.6921884477994,0.0
21.531,64.8100230961226,-1.3196538861294609,1.672570283499944,83,-0.024198442697525024,0.043105557560920715,0.8161662220954895,-17.087982177734375,13.743012428283691,-10.963272094726562,0.309915889470627,282.6921884477994,0.0
21.581,64.57806941260439,-1.0982489300906106,1.515208348072952,83,0.019479932263493538,0.01584531180560589,1.040226936340332,-14.93668270111084,-10.047517776489258,-8.333505630493164,0.3189195571910104,282.6921884477994,0.0
21.632,64.37009192437442,-0.16888465789274917,0.5020742164001395,83,-0.03649013862013817,-0.03078915923833847,1.0339206457138062,-11.57227611541748,-0.6152786016464233,0.33325788378715515,0.3311508543975769,282.6921884477994,0.0
21.682,64.20412923535844,-0.6922155606659172,-0.32266274771874165,83,0.025197580456733704,0.0021173181012272835,0.9352411031723022,-10.275396347045898,12.072700500488281,-12.23460578918457,0.338675796025075,282.6921884477994,0.0
21.732,63.93870502999591,-0.6390478090296127,0.798608200920704,83,0.004592667333781719,0.02609420008957386,1.0185110569000244,-11.187555313110352,-12.190500259399414,2.4299938678741455,0.34974459103080807,282.6921884477994,0.0
21.782,63.94589271625698,-2.033076733772792,0.035436184100079995,83,0.05226631835103035,-0.019404824823141098,0.9253180027008057,-16.47245216369629,17.339902877807617,-6.9926066398620605,0.35693418686154604,282.6921884477994,0.0
21.834,63.738487677654035,-2.7417595766124796,0.8244180890501676,83,0.06314675509929657,0.04512641578912735,0.8924303650856018,-0.9276317954063416,-3.169968843460083,-3.3576724529266357,0.36710726029066215,278.39532722686846,0.0
21.884,63.80682960233057,-3.509912090762619,0.5676131694652072,83,0.08367208391427994,-0.02033163420855999,0.971264660358429,-2.511319160461426,-0.9950453042984009,3.528963088989258,0.3734328534339405,278.39532722686846,0.0
21.934,63.70405373693519,-3.896500548457645,-0.8095105432664979,83,0.061951667070388794,-0.03815793618559837,0.9809921383857727,-3.0831780433654785,5.022601127624512,-7.425833225250244,0.3814905515071422,278.39532722686846,0.0
21.984,63.27283145036711,-3.2199961183155144,0.1821042487345002,83,0.02263137511909008,0.03303120657801628,0.832344114780426,1.6709020137786865,9.330925941467285,-12.15355396270752,0.3863551342225945,278.39532722686846,0.0
22.034,63.13966641630328,-2.5192155555608333,0.9197658181100953,83,0.05718329921364784,0.022912003099918365,1.0561364889144897,10.823600769042969,-8.99439811706543,-0.1565861850976944,0.3919621397574851,278.39532722686846,0.0
22.085,62.982036804818804,-2.843303549213346,1.4049072100788356,83,0.05094417557120323,0.041103020310401917,1.0556713342666626,2.145111560821533,12.61365032196045,-8.18677806854248,0.395219505626048,278.39532722686846,0.0
22.136,62.63944246001052,-2.065738253200548,4.085040966370157,83,0.004131556488573551,0.13182109594345093,0.9820223450660706,1.9167611598968506,12.852021217346191,-3.792750597000122,0.39947723444304023,278.39532722686846,0.0
22.186,62.793841474552366,-0.958202588631999,5.5322510903740145,83,0.00942438654601574,0.09573463350534439,0.9600604176521301,2.8836734294891357,-2.760528326034546,10.99752140045166,0.40199383773387126,278.39532722686846,0.0
22.236,63.18835604834332,-0.9044399280872094,4.0880865591590085,83,0.016783457249403,0.03291058912873268,1.0012080669403076,2.2033867835998535,-6.579385757446289,13.195330619812012,0.4047232400606458,278.39532722686846,0.0
22.287,63.60209088796266,-1.4215635292477404,1.1685498242238876,83,0.03874978795647621,-0.049164287745952606,1.023991346359253,-2.3987464904785156,-3.7809760570526123,6.568294048309326,0.4058380219105453,278.39532722686846,0.0
22.338,63.771871947741985,-1.7213988122454842,-0.8844985198279434,83,0.03116794303059578,-0.05395113304257393,1.001739501953125,-1.8318284749984741,2.043240547180176,3.3299241065979004,0.4074977156092473,283.5138569690415,0.0
22.388,63.686737026435196,-2.320736943500352,-2.1424335738105333,83,0.05186028778553009,-0.04177895933389664,0.9611529111862183,-3.0938055515289307,9.438207626342773,-9.557350158691406,0.40714114011298463,283.5138569690415,0.0
22.439,63.280254424205,-1.708001887148703,-0.21640365349637866,83,0.009961388073861599,0.048424407839775085,0.9863350987434387,12.194148063659668,-9.970110893249512,-7.187471389770508,0.40438255124730155,283.5138569690415,0.0
22.489,63.154267622830965,-1.536157171611141,1.1463869237951343,83,0.019593149423599243,0.050537001341581345,1.1095547676086426,-4.432505130767822,0.0008072388591244817,-4.1773552894592285,0.40130496415597383,283.5138569690415,0.0
22.54,63.10074217811637,-1.061800052859069,1.9927980039302802,83,0.002510405844077468,0.05055416375398636,1.020259141921997,-6.347470283508301,0.6155221462249756,-0.04649850353598595,0.39950814623894393,283.5138569690415,0.0
22.59,63.235715225565855,-0.8112142773155692,2.2065496012468278,83,0.0103945666924119,0.03632582724094391,1.024301290512085,-12.204127311706543,0.1378253847360611,6.9327592849731445,0.3964452059178997,283.5138569690415,0.0
22.642,63.455862471305416,-1.3583336492486389,1.3832440126595738,83,0.03832520917057991,-0.009053966961801052,0.955767810344696,-5.9491472244262695,4.182730197906494,6.199394702911377,0.39488342678725036,283.5138569690415,0.0
22.692,63.5341611396695,-2.167639977869595,0.25283603915909864,83,0.05303429439663887,-0.020282354205846786,0.97691410779953,0.4384598433971405,-0.6666039228439331,0.4970775842666626,0.3926548097833701,283.5138569690415,0.0
22.743,63.45359420451086,-2.5191215617303966,-0.27244505530069996,83,0.04802912473678589,-0.00661484943702817,1.005712866783142,-0.06623692065477371,3.3310434818267822,-5.121135234832764,0.3918011626648649,283.5138569690415,0.0
22.793,63.230235139420756,-2.39714594777064,0.5416449551358112,83,0.03331499174237251,0.031229345127940178,1.035366415977478,2.1871771812438965,4.0342116355896,-6.129044532775879,0.3905539125059924,283.5138569690415,0.0
22.843,63.07568355675813,-2.3153004893397897,1.4838030355530967,83,0.03546427562832832,0.03547980636358261,0.9944077730178833,-4.479457855224609,10.221569061279297,-4.068739891052246,0.3897373124299528,283.5138569690415,0.0
22.894,62.924348816291634,-2.2844472263775746,1.9737042760679198,83,0.038427434861660004,0.042817436158657074,0.9867992997169495,0.8036016225814819,3.656966209411621,-4.3602447509765625,0.3934258380213054,277.6213926396611,0.0
22.944,62.745187066321144,-2.1266422623005696,2.451965252633414,83,0.04136226698756218,0.047407325357198715,0.9441941976547241,10.485884666442871,11.031464576721191,-5.2614665031433105,0.3957467442585176,277.6213926396611,0.0
22.994,62.509749453714804,-1.3431802341990036,3.102403854732208,83,0.011156836524605751,0.07917718589305878,1.0006377696990967,26.69611358642578,-14.485491752624512,-3.749725580215454,0.3987469346881662,277.6213926396611,0.0
23.045,62.469359840036596,-1.2549637356845755,3.927606106204346,83,0.0020076187793165445,0.06215401738882065,1.114176630973816,-7.070779800415039,49.505496978759766,4.186706066131592,0.40095277465601087,277.6213926396611,0.0
23.095,62.94321298979553,-1.0785622030986037,4.294208583881771,83,0.027767498046159744,0.05507908761501312,0.9206985235214233,4.10295295715332,11.183045387268066,17.975875854492188,0.40449382378194326,277.6213926396611,0.0
23.148,63.14737892144927,-1.566293689420592,4.480795424183491,83,0.02782709151506424,0.09277573227882385,1.0835692882537842,6.970224857330322,5.404361724853516,-0.5456363558769226,0.4068919941227011,277.6213926396611,0.0
23.199,63.73899420541845,-0.8965585564299399,5.841182252566579,83,0.0011966133024543524,0.10200265049934387,0.9255131483078003,-21.802827835083008,7.447007656097412,23.427433013916016,0.4102012539370482,277.6213926396611,0.0
23.25,64.49539729108817,-1.5350831127619549,5.076654938196269,83,0.05646706745028496,0.07068633288145065,1.0081369876861572,8.670149803161621,4.238335609436035,14.408110618591309,0.4135302868430748,277.6213926396611,0.0
23.3,64.62197127239006,-1.5868288861248199,5.787320765839346,83,0.017528733238577843,0.13178880512714386,0.9591399431228638,-7.9249267578125,2.63297438621521,2.2667276859283447,0.4155671900863365,277.6213926396611,0.0
23.351,65.26867456142462,-1.0554838736353098,6.736734880406523,83,0.00795931089669466,0.13442176580429077,0.9986466765403748,-1.775033950805664,-4.3567938804626465,35.37808609008789,0.41814079227438616,277.6213926396611,0.0
23.401,66.57826758326699,-1.1484897696308847,7.462768730928019,83,0.008433704264461994,0.12137845158576965,1.0205806493759155,0.48884114623069763,11.008532524108887,43.64378356933594,0.41967344296248016,277.6213926396611,0.0
23.451,68.39128678486303,-2.2238891975525856,7.346027259818319,83,0.0796426311135292,0.13681383430957794,1.0057445764541626,-34.18616485595703,19.530542373657227,51.355751037597656,0.4220920288007547,286.3397050791917,0.0
23.502,69.8069379651706,-3.1193614747347227,8.623841764994536,83,0.040893957018852234,0.12836617231369019,0.9704312682151794,-13.662569999694824,47.98012161254883,49.66334533691406,0.4240969624476361,286.3397050791917,0.0
23.552,72.03013262888452,-4.6879190916454,8.959532083851144,83,0.12673991918563843,0.1426827311515808,0.8706838488578796,-34.46591567993164,24.764225006103516,64.31105041503906,0.42677855590221553,286.3397050791917,0.0
23.602,73.21042511057384,-5.930862859188139,10.028942442966787,83,0.10255815833806992,0.15227404236793518,0.937742292881012,86.13556671142578,39.82090759277344,17.292264938354492,0.42848395449515214,286.3397050791917,0.0
23.653,73.99449661543166,-2.344906478193492,13.76792009706481,83,0.05038014054298401,0.31631821393966675,0.9032188653945923,72.6842269897461,48.468353271484375,19.218578338623047,0.4303933606616986,286.3397050791917,0.0
23.703,74.78358548901312,1.1055796442423236,17.323346514310696,83,-0.09648861736059189,0.27802208065986633,0.8876058459281921,69.98249816894531,9.926344871520996,43.52385711669922,0.4317758036243418,286.3397050791917,0.0
23.754,76.44643717448204,2.4639758981241666,15.309139752966287,83,0.007251298986375332,0.2939959466457367,0.9194796085357666,36.36103057861328,-66.72537231445312,37.77958679199219,0.4335917455356742,286.3397050791917,0.0
23.804,77.44175936183363,5.5633253146523405,15.073140975741131,83,-0.1635259985923767,0.24342603981494904,0.9754425883293152,93.9952621459961,-46.53589630126953,49.0718994140625,0.43547647717879073,286.3397050791917,0.0
23.854,80.18819256370988,11.218020507114316,12.321447660870968,83,-0.20073302090168,0.4097231924533844,1.0652660131454468,54.01633834838867,-74.82418823242188,91.32241821289062,0.4371024521782128,286.3397050791917,0.0
23.905,83.66026389461693,5.7393183772824425,9.910034533481474,83,0.2141759693622589,-0.09349383413791656,0.9872970581054688,-1.1565890312194824,126.01605987548828,38.60773468017578,0.43826818493652137,286.3397050791917,0.0
23.955,84.2464089789696,3.199053709741741,6.919036277401627,83,-0.0641203373670578,0.04572741687297821,0.6144369840621948,-24.435314178466797,-90.8668212890625,-2.6417412757873535,0.43978446857989667,269.2799178222907,0.0
24.006,84.12897364243608,3.544220274180452,4.914717893267991,83,-0.06614188104867935,0.18909408152103424,1.454332709312439,-33.897193908691406,-57.41468811035156,17.37479591369629,0.43992506033268186,269.2799178222907,0.0
24.056,83.28130488395689,2.038332344114514,5.376910993993342,83,-0.06723006069660187,0.05771375074982643,1.084008812904358,-14.561162948608398,-1.43446683883667,-52.98155212402344,0.4388854174777799,269.2799178222907,0.0
24.106,81.82662255068867,3.0780180982570085,7.144155598438191,83,-0.032757535576820374,0.15640656650066376,0.8951740264892578,-40.79359817504883,34.6812858581543,-13.316628456115723,0.4378711987282762,269.2799178222907,0.0
24.156,80.89857707368951,0.11068637465852396,6.581388755790376,83,0.054948482662439346,0.13105857372283936,0.7345603704452515,-1.034415602684021,-31.28469467163086,-32.85374450683594,0.43742397471328576,269.2799178222907,0.0
24.207,79.80597819863583,-0.44813436277643753,6.983452554265108,83,0.06508907675743103,0.21601088345050812,0.8150003552436829,-45.65678405761719,16.546545028686523,-38.59119415283203,0.4371654871085023,269.2799178222907,0.0
24.257,78.85583619013237,-0.8039344575021459,9.605055065009244,83,0.004490955267101526,0.22046136856079102,1.0667188167572021,28.225791931152344,13.407488822937012,-16.55961036682129,0.43573403201023525,269.2799178222907,0.0
24.307,79.15527140816135,2.075995946593028,13.204803500947305,83,-0.13852116465568542,0.24423128366470337,1.085150957107544,35.950801849365234,33.287750244140625,36.52981948852539,0.4335535418587904,269.2799178222907,0.0
24.358,83.34239866313925,4.3634176674444145,10.617339511864433,83,-0.19932134449481964,0.029083307832479477,0.9299267530441284,-180.63290405273438,-135.4190673828125,171.8544158935547,0.4322663947665715,269.2799178222907,0.0
24.408,88.00769914126117,-9.334307913211976,-4.699969102680318,83,0.3509569764137268,-0.3534981906414032,0.9514911770820618,-348.37786865234375,-222.46058654785156,92.89527130126953,0.4281959833693856,269.2799178222907,0.0
24.458,89.05374857595058,-19.622702689585385,-17.072132288844223,83,0.3358435332775116,-0.3469078540802002,0.7716556787490845,-153.7778778076172,-146.82888793945312,-16.796749114990234,0.42394406901276166,269.2799178222907,0.0
24.508,90.7745787160339,-19.159960507497424,-18.29597345095254,83,0.28055712580680847,-0.48718345165252686,0.8134050965309143,172.99798583984375,117.12135314941406,47.955894470214844,0.41712853388825843,280.34917452041975,0.0
24.559,91.17906188338054,-14.409221093434573,-14.636546149863522,83,0.24326719343662262,-0.1575278490781784,0.8206504583358765,49.50941848754883,39.361637115478516,16.168336868286133,0.41157974534822783,280.34917452041975,0.0
24.609,91.37966432106067,-12.380822138682861,-13.326705666605426,83,0.19483129680156708,-0.23633578419685364,1.126866102218628,46.5835075378418,100.58649444580078,-27.75346565246582,0.40156010318597996,280.34917452041975,0.0
24.659,90.40446524217657,-13.715259970832214,-7.798134485371119,83,0.2881593108177185,-0.09018196910619736,0.924980878829956,84.30062103271484,27.08504867553711,-42.297969818115234,0.3940839692544864,280.34917452041975,0.0
24.71,89.0841828342626,-8.148810286904219,-4.710713955482554,83,0.10781534761190414,-0.05441953241825104,1.1554853916168213,22.477602005004883,27.694364547729492,-41.69919204711914,0.3817094737563077,280.34917452041975,0.0
24.761,87.65381119206894,-6.418259918936924,2.0793507500495116,83,0.060000449419021606,0.1395358443260193,0.8831930756568909,36.322509765625,31.796539306640625,-26.481624603271484,0.37358363559160945,280.34917452041975,0.0
24.811,86.19308856931538,-1.015884434595739,2.6535142757950223,83,-0.08239441365003586,0.055155199021101,0.9784107208251953,69.37840270996094,18.60491943359375,-69.07994842529297,0.36072822558095524,280.34917452041975,0.0
24.861,83.88336853946831,1.4304928420005494,4.683278920969311,83,-0.019503870978951454,0.05168518051505089,0.9069735407829285,20.77703285217285,-6.603728771209717,-53.42836380004883,0.3518190673365103,280.34917452041975,0.0
24.911,82.19426533069138,-0.265823778260887,2.643702380725237,83,-0.0015545005444437265,0.05513501539826393,0.9629667401313782,-56.82917404174805,32.33296585083008,-49.51837158203125,0.3382134216859872,280.34917452041975,0.0
24.962,80.00913383985146,-2.902684378667943,-0.01997575761117487,83,0.0645817220211029,-0.06326158344745636,1.1654995679855347,-26.043954849243164,-103.3810043334961,-67.93607330322266,0.329136297921115,280.34917452041975,0.0
25.013,79.32902883123228,-0.5915417269553003,-1.6430890729066918,83,-0.035032909363508224,-0.08332967013120651,1.1268028020858765,76.36124420166016,57.12689971923828,4.034437656402588,0.3155571610206247,280.34917452041975,0.0
25.063,78.69942421172055,-0.1747549647282265,-2.4291407853047815,83,0.038519229739904404,0.02902725152671337,0.9946146011352539,8.766687393188477,2.43710994720459,-36.88831329345703,0.3063717968727903,283.1502059002228,0.0
25.113,77.2084064410481,-0.046182456321760566,-0.3541156882307292,83,-0.02312474697828293,0.03288547322154045,1.1100934743881226,23.387208938598633,17.79559326171875,-31.284343719482422,0.29359233904978593,283.1502059002228,0.0
25.164,77.64926926648643,1.5385245900170155,5.586730981310847,83,-0.02130270004272461,0.07411215454339981,1.0749455690383911,68.36305236816406,90.08566284179688,17.162269592285156,0.28594503690675616,283.1502059002228,0.0
25.215,77.31413296781845,2.366318845071166,7.081343051882986,83,-0.06257064640522003,0.20831161737442017,0.9682484269142151,-49.135860443115234,-84.82319641113281,-21.36522102355957,0.2758356101666442,283.1502059002228,0.0
25.265,76.77569370294637,2.7091523283371775,2.874173581869294,83,-0.13048987090587616,-0.03366243839263916,1.0228053331375122,-33.48249816894531,-53.958091735839844,-19.337017059326172,0.2699952375316979,283.1502059002228,0.0
25.316,76.34661529388535,2.3890141693173517,1.2948788396947815,83,-0.023405728861689568,0.004311342723667622,0.9677038192749023,-1.365297794342041,-20.496807098388672,5.1958489418029785,0.2612851688779384,283.1502059002228,0.0
25.366,76.70799560769098,0.6935823448412893,-0.632808648438513,83,0.033744439482688904,-0.07102654129266739,0.8326087594032288,-8.59334659576416,-25.261699676513672,22.719953536987305,0.25599041013503676,283.1502059002228,0.0
25.416,77.31516971815275,-0.5992815059173265,-3.552087393703376,83,0.03227879852056503,-0.10381235182285309,1.013384222984314,-1.9103922843933105,-5.065738201141357,15.051838874816895,0.24937886391274314,283.1502059002228,0.0
25.467,77.94130552591498,-0.9378420774922107,-2.8714231902997915,83,0.028612550348043442,-0.03762544319033623,0.9401986002922058,12.838055610656738,25.686513900756836,12.29898738861084,0.242744497661138,283.1502059002228,0.0
25.517,78.36048028757439,-0.08684934799677603,-1.2426390534450042,83,-0.013519282452762127,-0.016233844682574272,0.9573361873626709,21.40077018737793,23.427228927612305,13.038304328918457,0.23853669484765824,283.1502059002228,0.0
25.568,78.61470808845031,0.25686334248927273,0.9615270669879518,83,-0.005581689532846212,0.0825960636138916,1.071401596069336,17.441850662231445,29.534475326538086,6.748682022094727,0.2326875297638854,282.21665993809717,0.0
25.618,79.11508744853138,0.5868224805025454,3.3056057519681876,83,-0.006275494582951069,0.057495586574077606,0.981797993183136,-7.772753715515137,-4.713488578796387,15.247706413269043,0.2291845571192378,282.21665993809717,0.0
25.668,79.34618328307715,0.15486038735523,0.3556091681594756,83,0.01118411310017109,-0.05727219954133034,0.9582057595252991,-9.447331428527832,-17.55809211730957,-0.48512646555900574,0.224654537235654,282.21665993809717,0.0
25.719,79.34850938781027,-0.2852131301275393,-0.739487328796397,83,-0.00749545032158494,-0.004968184977769852,1.0372569561004639,-4.629544734954834,13.024555206298828,9.546125411987305,0.2220468904523415,282.21665993809717,0.0
25.769,79.68364260037741,0.7423817282791735,-0.9291101929614387,83,0.00024677638430148363,-0.025727666914463043,0.9121116995811462,38.52497482299805,47.31171798706055,-4.018919467926025,0.21840473991174322,282.21665993809717,0.0
25.82,79.28531405336727,2.2291069349731827,1.5238434699885077,83,-0.03728344291448593,0.08426361531019211,1.0297499895095825,20.03052520751953,0.3010685443878174,-21.93185043334961,0.21572985571739295,282.21665993809717,0.0
25.87,78.60633030041456,1.4955188689437429,1.1877999674500137,83,0.028128083795309067,-0.009028120897710323,0.987982988357544,-56.20651626586914,-81.21464538574219,-33.7651481628418,0.21236811226635094,282.21665993809717,0.0
25.921,77.64693226348867,0.36336391245934563,1.0149422382759634,83,-0.014702962711453438,0.06107419729232788,1.0752030611038208,7.085207939147949,-7.18491792678833,-3.693094253540039,0.2097746401140453,282.21665993809717,0.0
25.971,76.97666380668231,0.5740633469578907,-1.3979952218929605,83,-0.05864431709051132,-0.05599977448582649,0.9855372309684753,-11.624403953552246,-20.085344314575195,-19.69722557067871,0.2053678689441884,282.21665993809717,0.0
26.022,76.44907753903922,-0.618261554564768,-2.7638105303847262,83,0.016436809673905373,-0.03130441531538963,0.9910184144973755,-31.566448211669922,-27.036046981811523,-10.567378997802734,0.2022901612477183,282.21665993809717,0.0
26.072,76.45659153668592,-0.7746472305883932,-2.794586588035586,83,0.02537795528769493,-0.03956656530499458,1.1490249633789062,-30.986791610717773,2.720033884048462,3.94830584526062,0.19760197273436989,282.21665993809717,0.0
26.123,76.68805141385276,-1.112358628177204,-3.102121996442605,83,0.016644125804305077,-0.08733752369880676,1.005472183227539,0.7656838297843933,11.319955825805664,5.3401007652282715,0.19466848174039436,286.02727768685213,0.0
26.173,76.64261420565666,-1.9901020998005616,-3.158118760799392,83,0.06594163924455643,-0.07337132096290588,1.0719683170318604,-2.3548436164855957,13.248034477233887,-8.817548751831055,0.18942753478748314,286.02727768685213,0.0
26.223,76.65367258981905,-1.321445391009724,-2.4896732011736935,83,0.008650236763060093,-0.06034572049975395,0.9815454483032227,13.345443725585938,34.204402923583984,6.00045108795166,0.18608974191536087,286.02727768685213,0.0
26.273,76.87524356660282,-0.1283863876060282,-0.007142929354563453,83,-0.0018643145449459553,0.05153173953294754,1.0223318338394165,44.568580627441406,54.26027297973633,14.380829811096191,0.18189325503131826,286.02727768685213,0.0
26.324,77.3152679508076,0.8435044743515973,1.7522214443799191,83,-0.013462006114423275,0.03798661381006241,0.9903932213783264,8.558038711547852,9.151392936706543,6.147525310516357,0.1773283868390996,286.02727768685213,0.0
26.374,77.31150751357583,0.9868848990911128,2.7364946753689128,83,-0.01454922929406166,0.0645185261964798,0.9545990824699402,-2.447519063949585,-3.731578826904297,-0.4809493124485016,0.1742367603094141,286.02727768685213,0.0
26.424,77.28663799583649,1.257973249430595,3.1423938459619287,83,-0.030785156413912773,0.07031847536563873,0.9022964835166931,-0.10883808881044388,-9.494732856750488,1.3911820650100708,0.16920691585819334,286.02727768685213,0.0
26.474,77.1567405180455,0.6830309439768046,1.8140845030517176,83,-0.016528921201825142,0.02949640341103077,0.9058934450149536,-11.603625297546387,-28.80591583251953,-6.7574992179870605,0.16608342812880655,286.02727768685213,0.0
26.525,76.90342661652805,0.06151282556340954,0.3186018125550082,83,0.012276150286197662,-0.027966057881712914,1.0466582775115967,-13.44919490814209,-14.46460247039795,-9.07418155670166,0.1629924014318323,286.02727768685213,0.0
26.575,76.80470685449933,0.008900239493185939,-0.44553184281223646,83,0.0076896026730537415,-0.01311454363167286,1.0017290115356445,8.302300453186035,8.776468276977539,0.13848863542079926,0.15802100342960168,286.02727768685213,0.0
26.625,76.70513634327659,-0.4292320399963546,-1.1232985188512579,83,0.023817427456378937,-0.04347454383969307,1.0302753448486328,-6.379810810089111,-8.77383804321289,-7.126389503479004,0.15352658886558,286.02727768685213,0.0
26.675,76.31009054856992,-0.382744309713586,-0.6645297145671881,83,-0.004015063401311636,0.013092427514493465,1.0038214921951294,11.184002876281738,4.949845790863037,-9.782035827636719,0.15057799398360316,263.759527103509,0.0
26.726,75.90696735815762,0.44485516100330513,0.4804941685986256,83,-0.00131660932675004,0.03202151879668236,0.9992185235023499,16.35670280456543,-3.1003711223602295,-9.424314498901367,0.14616214318446225,263.759527103509,0.0
26.776,75.219660313529,0.7514078161364997,0.681508486018522,83,-0.017822708934545517,0.021179264411330223,0.9674211740493774,11.112282752990723,-14.371012687683105,-21.785015106201172,0.1429950410001516,263.759527103509,0.0
26.827,74.44123966532977,1.6314849237320719,-0.4096970676187871,83,-0.03504510223865509,-0.030972067266702652,0.9802289009094238,2.4083492755889893,-19.28854751586914,-22.61040687561035,0.1378876608946482,263.759527103509,0.0
26.877,73.59725178119157,1.417280830925501,-2.841516208187807,83,-0.023725412786006927,-0.08179502189159393,1.0061125755310059,-1.5072598457336426,2.8088889122009277,-22.995494842529297,0.13473638819659417,263.759527103509,0.0
26.927,72.64040880992849,0.7997799149171825,-3.9901603827500627,83,-0.0034765067975968122,-0.0905921459197998,1.0036202669143677,-9.191691398620605,-13.568263053894043,-29.994884490966797,0.13045685354042028,263.759527103509,0.0
26.978,71.83338752818605,1.0942234653801,-2.275724454217116,83,-0.03453722596168518,0.02984345145523548,1.019637107849121,5.957508563995361,3.521028757095337,-18.585479736328125,0.12750959031879971,263.759527103509,0.0
27.028,71.38630400178756,1.559964053012527,-1.6549071766119436,83,-0.024775078520178795,-0.061381056904792786,1.0238564014434814,8.023356437683105,5.123629570007324,-8.159852027893066,0.12321637419654864,263.759527103509,0.0
27.079,71.1833961208185,1.6178303839831087,-2.1568092512441006,83,-0.03523195534944534,-0.04080284386873245,0.9922633767127991,-3.3389854431152344,-0.620933473110199,-3.9086694717407227,0.12027093840621055,263.759527103509,0.0
27.129,71.10148978350358,1.6017901943543114,-3.15730552130308,83,-0.025500424206256866,-0.08613263070583344,0.9850103855133057,1.2768118381500244,2.271632432937622,-0.7704465985298157,0.11720438787155911,263.759527103509,0.0
27.179,71.10064926218507,1.8388893129193338,-3.7180613775907294,83,-0.03809992969036102,-0.05891960859298706,0.9538442492485046,-1.5464767217636108,-9.400252342224121,-2.2882726192474365,0.11562280587084542,263.759527103509,0.0
27.229,71.11533514758942,1.7891512440174249,-3.092228617332383,83,-0.016776282340288162,-0.05288928374648094,1.0059759616851807,-0.4603489637374878,-0.5086748600006104,0.677944004535675,0.11308049227122821,281.1384141028219,0.0
27.28,71.13094208002418,1.8953254927877157,-3.006322601941968,83,-0.02847273088991642,-0.03694581612944603,0.993749737739563,4.673913955688477,2.5710549354553223,-1.0414249897003174,0.11174297277710502,281.1384141028219,0.0
27.33,71.21188501402315,1.9521217955048926,-2.1416926706320703,83,-0.024847783148288727,-0.019926143810153008,1.0206379890441895,-1.2658705711364746,-7.003802299499512,3.0118095874786377,0.11057869466652308,281.1384141028219,0.0
27.38,71.34299146209214,1.4255376805756235,-3.0440242428382724,83,-0.02198108099400997,-0.08321956545114517,1.016399621963501,-3.8617894649505615,-0.1816529929637909,2.8055458068847656,0.10988714328712623,281.1384141028219,0.0
27.431,71.44737890758213,1.0530888941762768,-3.6102365951719833,83,-0.012197536416351795,-0.07074158638715744,0.9883830547332764,-2.3016059398651123,-1.7379519939422607,1.5961740016937256,0.10916944852711256,281.1384141028219,0.0
27.481,71.47162578653491,1.113742401206071,-3.309838559565223,83,-0.02676941640675068,-0.03714701533317566,1.011909008026123,-4.686257362365723,-3.209951162338257,2.026301145553589,0.10910041083169081,281.1384141028219,0.0
27.532,71.60720693942945,1.1493541789746422,-2.9471572564120856,83,-0.02724332921206951,-0.04815952852368355,0.985441267490387,-3.3310601711273193,-2.2039926052093506,4.605592727661133,0.10932215078242973,281.1384141028219,0.0
27.586,71.72250849574169,1.1697352839554058,-3.318818761498191,83,-0.024465760216116905,-0.06861143559217453,0.9691901206970215,-2.8618838787078857,-3.362445116043091,3.4047045707702637,0.10973238285870886,281.1384141028219,0.0
27.636,71.8347935283785,1.113673809291143,-3.2742776090511896,83,-0.014606078155338764,-0.055827319622039795,0.9940024018287659,2.0200459957122803,0.034895334392786026,3.4743387699127197,0.11071274476196347,281.1384141028219,0.0
27.687,71.87144066352401,0.8281978749351444,-3.898358407689633,83,-0.005781664978712797,-0.06716328859329224,1.0200227499008179,0.7057901620864868,1.8140102624893188,-1.2790073156356812,0.11170669786400264,281.1384141028219,0.0
27.737,71.93173365135517,0.922668514101222,-2.680962393892007,83,-0.023565957322716713,-0.03261193260550499,0.9844524264335632,-3.0144259929656982,-1.172450304031372,3.3241500854492188,0.11222096939969127,282.2926369632521,0.0
27.788,72.05622736305298,0.9700508151443243,-2.836252423170135,83,-0.005514516029506922,-0.07241322845220566,1.0235886573791504,-1.0456414222717285,-0.936557948589325,3.2949326038360596,0.11292837379494074,282.2926369632521,0.0
27.838,72.13014654766003,0.9197611708918648,-3.438023555591459,83,-0.018934309482574463,-0.05375777184963226,0.9975968599319458,1.332861304283142,-3.200835943222046,-0.06958574801683426,0.11342828304059942,282.2926369632521,0.0
27.888,72.18329306037914,1.0784941991941608,-3.849067394292061,83,-0.02310636267066002,-0.07639847695827484,0.98142409324646,0.9841979742050171,-1.2980884313583374,1.1527495384216309,0.11382338006382166,282.2926369632521,0.0
27.938,72.1677162933333,1.0170725695413296,-4.144917239850928,83,-0.011977064423263073,-0.07468259334564209,1.0056614875793457,2.193741798400879,3.7865095138549805,-0.304340660572052,0.11395714691708814,282.2926369632521,0.0
27.989,72.12829025823667,1.2191265732685752,-3.7318457389475763,83,-0.021653855219483376,-0.05010863393545151,0.9956236481666565,4.120432376861572,3.128319263458252,-1.3656251430511475,0.11446025449265927,282.2926369632521,0.0
28.039,72.09217356867511,1.2804186862773355,-3.696429714250068,83,-0.026078740134835243,-0.06278634071350098,0.9772491455078125,2.409818172454834,1.5252972841262817,-1.0016549825668335,0.11494054414928823,282.2926369632521,0.0
28.09,72.02683890806864,1.3683813244967864,-3.501359642456513,83,-0.025833090767264366,-0.05154738202691078,0.9942386150360107,0.9736050367355347,0.3256063759326935,-0.03696839138865471,0.11549381816913286,282.2926369632521,0.0
28.14,71.98855324082106,1.3796770638610212,-3.464655745084719,83,-0.023665577173233032,-0.06014847382903099,0.9965505599975586,2.215663433074951,1.5910977125167847,-1.1947832107543945,0.11582821167285001,282.2926369632521,0.0
28.19,72.00346405519653,1.4833280463117242,-2.8528596427758806,83,-0.024751348420977592,-0.04255855828523636,0.9838870763778687,2.089421272277832,0.07674919068813324,0.7773762941360474,0.11620075338699513,282.2926369632521,0.0
28.241,72.07858598380663,1.3882896929729653,-2.867293780468986,83,-0.018072234466671944,-0.06632073223590851,1.0003036260604858,1.7537281513214111,6.650623798370361,3.1734790802001953,0.1165835057896521,282.2926369632521,0.0
28.291,72.13521131930302,1.326455388672583,-2.911404015753139,83,-0.026216212660074234,-0.05350062623620033,1.0077049732208252,-1.4605693817138672,3.453782796859741,0.644325852394104,0.11736756201220777,288.050545978985,0.0
28.341,72.1600187240428,1.312554406935944,-2.5238001260678207,83,-0.019382791593670845,-0.043022602796554565,0.9948938488960266,-1.0481475591659546,6.629360675811768,-0.0884094089269638,0.11794596389444938,288.050545978985,0.0
28.392,72.17790787877237,1.3371039700657013,-1.622729874143416,83,-0.027953341603279114,-0.00941610336303711,0.9990496635437012,-1.1500587463378906,5.631193161010742,2.5743231773376465,0.11871131133069351,288.050545978985,0.0
28.443,72.25021989288705,1.3257336392854433,-1.7164846667491105,83,-0.02161967195570469,-0.03575121611356735,1.0277328491210938,-2.959690570831299,4.5411601066589355,1.4940813779830933,0.11925532508619467,288.050545978985,0.0
28.493,72.3104452161227,1.2737304675340126,-1.6832150600572802,83,-0.02753976359963417,-0.022830616682767868,0.9885261654853821,-2.6611075401306152,2.2901611328125,1.281590461730957,0.1204829162217621,288.050545978985,0.0
28.543,72.39457423377458,1.1874530265238539,-2.154614834381763,83,-0.022639304399490356,-0.060121797025203705,1.0108087062835693,-3.429436206817627,-0.15284866094589233,1.5525734424591064,0.12166402768753984,288.050545978985,0.0
28.593,72.39916790631035,1.2251087888213623,-2.2046440236352014,83,-0.026129383593797684,-0.029946094378829002,1.007289171218872,-1.8554937839508057,0.994755744934082,0.08939896523952484,0.12246500527715042,288.050545978985,0.0
28.644,72.44026175456284,1.2174167865870722,-1.964723697872287,83,-0.02363549917936325,-0.03918330371379852,1.021874189376831,-1.9030976295471191,-0.11681410670280457,1.295731782913208,0.12312519449799189,288.050545978985,0.0
28.694,72.50298331225572,0.9617067833851733,-1.7941120878775354,83,-0.012455497868359089,-0.03626643493771553,0.999833345413208,-2.801866054534912,0.8653255105018616,3.140136241912842,0.1237887775347882,288.050545978985,0.0
28.745,72.54076427483683,0.8221878888178825,-1.929641261709673,83,-0.01053716242313385,-0.018868669867515564,1.0055896043777466,2.368947744369507,6.169770240783691,0.4553327262401581,0.12492981744068599,288.050545978985,0.0
28.795,72.63458622492533,1.0110775811914132,-0.9328684050938477,83,-0.01765446551144123,0.008903749287128448,0.9827162623405457,0.23034027218818665,2.714646577835083,1.659271478652954,0.12579555009882012,288.050545978985,0.0
28.846,72.78913946859062,1.1003037457536489,-1.0027627645553714,83,-0.018133636564016342,-0.04824189841747284,0.9706626534461975,-2.4619035720825195,-1.3823363780975342,2.6408917903900146,0.1266203484845064,285.6377008989376,0.0
28.896,72.83155852914862,1.126821108909307,-1.0452479005795339,83,-0.01959618180990219,-0.0009427019394934177,1.0192902088165283,0.5927720665931702,3.3621931076049805,2.9263453483581543,0.1271660644883729,285.6377008989376,0.0
28.947,72.92785742540546,0.9214981556200709,-1.4459018042982699,83,-0.006281337235122919,-0.0462273545563221,0.9547646045684814,0.7902833819389343,3.6331939697265625,1.4923162460327148,0.12815493150950896,285.6377008989376,0.0
28.997,72.9153496407434,0.9530283550271936,-1.3338442832171842,83,-0.022710485383868217,-0.023441964760422707,0.978333055973053,3.06246280670166,4.732129096984863,-0.01868007704615593,0.1291413308477395,285.6377008989376,0.0
29.048,72.8738418933626,1.1713097981663245,-0.8665220712410426,83,-0.02479199506342411,0.00765340868383646,0.9814741611480713,4.170714855194092,3.555417060852051,-1.543757438659668,0.12954175502196766,285.6377008989376,0.0
29.098,72.86658003512598,1.1945160181765702,-0.7586159818697962,83,-0.019708609208464622,-0.017263339832425117,0.9872905611991882,1.3261098861694336,-2.7737648487091064,-0.3457750380039215,0.12953171988098044,285.6377008989376,0.0
29.149,72.84594241114746,1.3017445032166932,-0.5530735991062958,83,-0.02614096738398075,-0.004997913260012865,1.0123939514160156,2.090073585510254,2.0156710147857666,0.90615314245224,0.12986968085465236,285.6377008989376,0.0
29.199,72.83976519947828,1.292629517349047,-1.1717571394026356,83,-0.02384031191468239,-0.029199810698628426,0.9887396097183228,1.089105486869812,-2.4468672275543213,-1.327146053314209,0.12996737556743493,285.6377008989376,0.0
29.25,72.76707037868026,1.3552210457953078,-0.8018510073614896,83,-0.0286704208701849,0.010314290411770344,1.0206924676895142,0.6560162901878357,2.972320318222046,-0.34794512391090393,0.12997063538510878,285.6377008989376,0.0
29.3,72.77083884909226,1.56674522810743,-0.13152214386332434,83,-0.02712719701230526,0.003592278342694044,0.9982064962387085,1.608906626701355,0.3558636009693146,0.003229206893593073,0.13027465741327132,285.6377008989376,0.0
29.35,72.81730815254829,1.5105437349693096,-0.04740441867277961,83,-0.02366768568754196,-0.013768734410405159,0.9952535033226013,-0.9459437131881714,0.45706436038017273,1.693206548690796,0.1310531280818575,284.97785025139285,0.0
29.401,72.84687049411647,1.4322743226401249,-0.3593502699990346,83,-0.024672117084264755,0.0024564426857978106,1.0070111751556396,0.004914822988212109,-1.1646414995193481,0.36077502369880676,0.1315201418362692,284.97785025139285,0.0
29.451,72.88318970728028,1.3631628605149635,-0.8858002149629614,83,-0.020509695634245872,-0.03609490022063255,0.993983805179596,0.7869402766227722,1.469091534614563,0.2677888572216034,0.132547431245449,284.97785025139285,0.0
29.501,72.86566926504837,1.4419222039283686,-1.0181501341353756,83,-0.020105360075831413,-0.02588542550802231,1.0126681327819824,-0.37823230028152466,0.3878343105316162,-0.23788955807685852,0.1333349149601124,284.97785025139285,0.0
29.552,72.84551404591826,1.4272146015818163,-0.5121979084851173,83,-0.024792347103357315,0.005503055639564991,1.0013606548309326,-0.9644202589988708,0.10941872000694275,-0.532943844795227,0.13418357473243675,284.97785025139285,0.0
29.602,72.8280240845089,1.4159690857695555,-0.5166536906084385,83,-0.02580433152616024,-0.007085803430527449,0.9769609570503235,2.0645954608917236,4.129737377166748,-1.6201151609420776,0.13455041408007473,284.97785025139285,0.0
29.653,72.81195295384713,1.4849421109801038,0.26158123016881185,83,-0.02353539504110813,0.011227823793888092,1.0092731714248657,0.9056738615036011,4.538241863250732,1.4607475996017456,0.13453486473426077,284.97785025139285,0.0
29.703,72.82506869307599,1.4653503758253064,-0.16142362755091844,83,-0.02873370051383972,-0.01521329302340746,0.9755527377128601,0.033540867269039154,1.625542402267456,-0.5923485159873962,0.13446456288951675,284.97785025139285,0.0
29.753,72.79718060244714,1.4873862543204528,-0.11029486042363693,83,-0.026545755565166473,-0.004847045987844467,0.9957796335220337,0.41187378764152527,2.3170151710510254,-0.6703502535820007,0.1350385252299482,284.97785025139285,0.0
29.804,72.76852362826823,1.5656118337159448,-0.170817037355852,83,-0.02845292165875435,-0.0005026572034694254,1.0033698081970215,0.29268401861190796,0.36808136105537415,-1.981776475906372,0.1352594560201942,284.97785025139285,0.0
29.854,72.73972845833919,1.5714401872557986,0.1227315375980843,83,-0.026071986183524132,0.007539666723459959,1.0012511014938354,0.3727111220359802,2.1775968074798584,0.2849176228046417,0.13524052156397773,284.97785025139285,0.0
29.904,72.71702069296042,1.5759039612698427,0.4171538041128445,83,-0.02649061195552349,0.017149245366454124,1.0070912837982178,-0.6386985182762146,-3.447418451309204,-0.7201956510543823,0.13547857911098887,284.1861914763873,0.0
29.954,72.75436949303219,1.6874692874785953,0.3566097834817796,83,-0.0303952656686306,-0.0065631987527012825,0.9991024136543274,-1.5267075300216675,-0.6171464323997498,2.06668758392334,0.13579855281708259,284.1861914763873,0.0
30.004,72.75762101420153,1.4364375967902892,-0.3048485977880125,83,-0.019082453101873398,-0.015812138095498085,1.0018243789672852,-0.11016439646482468,1.1443194150924683,-0.6847237348556519,0.136918797867348,284.1861914763873,0.0
30.055,72.6948050284698,1.3246813382441838,-0.5849955521447021,83,-0.025585154071450233,-0.004887117072939873,1.0187240839004517,-0.009666169062256813,0.7548271417617798,-2.8260891437530518,0.13812977707841786,284.1861914763873,0.0
30.105,72.64738539287002,1.4230043256437406,0.20273761746606503,83,-0.032544247806072235,0.021147925406694412,0.993755042552948,-2.627908945083618,0.30017971992492676,0.39587411284446716,0.14008138030805148,284.1861914763873,0.0
30.155,72.64634777879664,1.50729222169525,-0.060671013028750075,83,-0.027541356161236763,-0.007036370690912008,0.9651184678077698,-0.5512122511863708,1.1057711839675903,-1.03474760055542,0.14135813214538961,284.1861914763873,0.0
30.206,72.62076566419302,1.645653834981702,0.2312064931606557,83,-0.026603829115629196,0.02219279110431671,1.0015777349472046,1.5034809112548828,0.5063796043395996,-0.8902007937431335,0.14318785805080744,284.1861914763873,0.0
30.256,72.66516647037469,1.5050736944485879,-0.18530462468017575,83,-0.018686747178435326,-0.032744795083999634,0.9947056174278259,-1.7024694681167603,-4.18448543548584,0.7625844478607178,0.14437893171945082,284.1861914763873,0.0
30.306,72.60150925559584,1.34233548513355,-0.16318645184055064,83,-0.021376078948378563,0.022552253678441048,1.0383800268173218,0.5795876383781433,0.20827801525592804,-1.4218878746032715,0.1460608200137207,284.1861914763873,0.0
30.356,72.61797827760483,1.3385234917015862,0.3760548137021106,83,-0.02516000345349312,0.023102879524230957,1.0075998306274414,-1.3812671899795532,0.17074599862098694,0.2762872278690338,0.14726932047306612,284.1861914763873,0.0
30.407,72.69299037916134,1.2295768152869633,0.7738745570723282,83,-0.020549429580569267,0.011329351924359798,1.009036898612976,-3.4713850021362305,1.3565646409988403,3.019144296646118,0.149285126699654,284.1861914763873,0.0
30.457,72.77040873269105,1.1806369258623235,0.6756857867512076,83,-0.022083565592765808,0.0052700890228152275,1.0036547183990479,-3.536285400390625,0.46541696786880493,2.0751688480377197,0.1505239296772903,285.5015996188142,0.0
30.508,72.86482008941545,1.0600547994391172,0.5341505477278495,83,-0.020654816180467606,0.0007125118281692266,0.9689574241638184,-2.065765380859375,-2.115586280822754,1.4080277681350708,0.15254909203767616,285.5015996188142,0.0
30.558,72.90377889389885,0.953824658208178,0.01778039751737818,83,-0.013203682377934456,-0.004889313597232103,1.0064915418624878,-1.63919997215271,0.9050673842430115,1.4826514720916748,0.1537200324419436,285.5015996188142,0.0
30.608,72.94387650483935,0.8304216287171993,-0.206156587096344,83,-0.01124495267868042,-0.00840840395539999,0.9899910092353821,0.7339756488800049,1.514628529548645,-0.24183127284049988,0.15554143002219795,285.5015996188142,0.0
30.658,72.9247865196689,0.7939447503854982,0.21579262780552036,83,-0.018803825601935387,0.02215038798749447,1.0013716220855713,0.06745316833257675,1.5892572402954102,1.2080013751983643,0.15707400412835612,285.5015996188142,0.0
30.709,72.93580701530657,0.7568460831983765,0.42332646111704086,83,-0.005908586084842682,0.009796571917831898,1.005407691001892,-0.4250773787498474,0.8865746855735779,0.06798017024993896,0.15918367266943134,285.5015996188142,0.0
30.759,72.97984966078477,0.7298671201859899,0.2413036501105225,83,-0.012586023658514023,-0.009749069809913635,0.991100549697876,-0.6546997427940369,-1.1011929512023926,0.9639974236488342,0.1605770714774156,285.5015996188142,0.0
30.81,72.98851294785115,0.5845790609290491,-0.13830943647430624,83,-0.009078646078705788,-0.0061704982072114944,0.9779041409492493,-0.7069868445396423,-0.5799010992050171,-0.10764685273170471,0.16219816025842435,285.5015996188142,0.0
30.86,72.96570543057021,0.661834592521073,-0.0702880903256207,83,-0.011376448906958103,0.004418873693794012,0.9926141500473022,0.2629919648170471,0.20690549910068512,-1.258224368095398,0.16328358093891315,285.5015996188142,0.0
30.911,72.95041353132277,0.7201869393895877,0.4753004144526916,83,-0.014464613050222397,0.025477655231952667,1.0199906826019287,-0.2391631156206131,0.5943393707275391,0.6233060956001282,0.16388611848455992,285.5015996188142,0.0
30.961,73.00160163698784,0.6027998542014184,0.2427393386798076,83,-0.012396931648254395,-0.011029135435819626,0.9888738393783569,-1.8513402938842773,-1.528167963027954,0.6300916075706482,0.1647926869672239,280.4804065801792,0.0
31.011,72.98116303345762,0.6216220529752396,0.18517189877772317,83,-0.013912277296185493,0.006908698007464409,1.0075911283493042,-0.8173115253448486,1.0492140054702759,0.19599542021751404,0.16536681662220792,280.4804065801792,0.0
31.061,72.93206740810442,0.6169456095982397,0.07646243841780345,83,-0.013043902814388275,0.021326294168829918,0.9934937953948975,1.5039122104644775,2.402066230773926,-2.91381573677063,0.16578554789205102,280.4804065801792,0.0
31.112,72.91644999700671,0.7706535393111643,1.1670159567066005,83,-0.020950568839907646,0.03868255391716957,0.9922029972076416,-0.008411416783928871,0.1842426061630249,1.3818199634552002,0.16587653845887448,280.4804065801792,0.0
31.162,72.9613154488605,0.7288844389686925,0.8086398821743178,83,-0.010332588106393814,0.008089093491435051,1.0067485570907593,1.56773841381073,1.5816802978515625,1.1516880989074707,0.16595046757344772,280.4804065801792,0.0
31.212,73.0145188514305,0.5614339659602905,0.550197999027495,83,-0.008938038721680641,-0.0050123753026127815,1.014233112335205,-0.8746638298034668,1.0391465425491333,1.8364152908325195,0.16578759357426728,280.4804065801792,0.0
31.262,73.07454512770286,0.3267920852342065,-0.2308740263851648,83,-0.004579585511237383,-0.02616831846535206,0.9995574951171875,-2.831918239593506,-1.5418896675109863,1.3607324361801147,0.16528740099581354,280.4804065801792,0.0
31.313,73.05773681407236,0.28906407157501535,-0.4337671222395171,83,-0.007362966425716877,0.016132300719618797,0.9985588192939758,-1.3862074613571167,-0.4822710454463959,-2.711207866668701,0.16492772533132474,280.4804065801792,0.0
31.363,73.008087649168,0.5052279170518639,0.9567457460958937,83,-0.019090939313173294,0.04150365665555,0.968318521976471,0.11653614044189453,1.2532058954238892,-0.14938992261886597,0.16460991379295428,280.4804065801792,0.0
31.413,73.0537549971219,0.8681771028704703,1.1073163609126557,83,-0.017991626635193825,-0.0010879961773753166,1.01405930519104,-0.81849604845047,-1.595096468925476,3.593871593475342,0.16423670680349167,280.4804065801792,0.0
31.463,73.11519559742311,0.6532893530991418,-0.31363256981529114,83,-0.0027817829977720976,-0.02594796009361744,1.0028005838394165,0.4702282249927521,-0.4329891502857208,-0.230887770652771,0.1634683000106548,280.4804065801792,0.0
31.514,73.10492394242367,0.36318431593033507,-0.25840541708922576,83,0.0008586911717429757,0.0004757200076710433,1.0372610092163086,-2.4289815425872803,-1.736557960510254,-0.4055183231830597,0.16237715356551408,287.45829620999245,0.0
31.564,73.09057356558101,0.15702675905181568,-0.08527910419751344,83,-0.003763218643143773,0.005429173819720745,0.9896519184112549,-2.2348811626434326,0.8790547847747803,-1.891974925994873,0.1609719171004317,287.45829620999245,0.0
31.615,73.0397610873452,0.1558182192627142,1.146723559745196,83,-0.002145161619409919,0.041440173983573914,1.0103087425231934,-2.912161111831665,0.3107107877731323,-0.09485280513763428,0.16051791287382847,287.45829620999245,0.0
31.665,73.04812462523476,0.21563734972353063,1.4482364436765793,83,-0.00848586019128561,0.032344188541173935,0.9951423406600952,-1.7489179372787476,-0.6940599679946899,0.10905789583921432,0.15964402039002518,287.45829620999245,0.0
31.715,73.09687959572413,0.1626512731995283,1.1273210222419845,83,0.0014733084244653583,0.0013979461509734392,0.9868679046630859,-0.3344007730484009,0.8456022143363953,1.2364788055419922,0.1592341501547747,287.45829620999245,0.0
31.766,73.1347103888556,0.0703651812129165,0.6017618217702997,83,-0.0011212652316316962,-0.004502497613430023,0.9908567070960999,-0.5544221997261047,0.3428821861743927,0.8636757135391235,0.1586085514846564,287.45829620999245,0.0
31.816,73.1222012706666,-0.02288176941021798,0.20971998046155846,83,0.004099550656974316,0.007472934667021036,1.0144585371017456,-0.7853134274482727,-1.1760331392288208,0.04317617788910866,0.15836829603790548,287.45829620999245,0.0
31.867,73.12420826952975,-0.029700191563997263,-0.23294710405794478,83,-0.0038777561858296394,-0.0012810530606657267,0.9816871285438538,0.12422990798950195,-0.6993274688720703,-1.7252583503723145,0.15785405684776968,287.45829620999245,0.0
31.917,73.12459551132622,0.021804162384136818,0.025955047616524552,83,-0.0005675200372934341,-0.006819293834269047,0.9869938492774963,-2.17197585105896,-1.3051974773406982,0.9959284663200378,0.15760447231832664,287.45829620999245,0.0
31.968,73.06722891885701,-0.08681116635412699,-0.1239188269699409,83,0.003001891542226076,0.016093192622065544,0.9885759353637695,0.9877005815505981,1.0000590085983276,-2.011198043823242,0.15715431046366993,287.45829620999245,0.0
32.018,73.03848695741185,-0.04129709050708865,0.6111273353378052,83,-0.003997418563812971,0.03126164525747299,1.0057810544967651,-0.3737219572067261,-2.0238890647888184,0.25173240900039673,0.15641524542304788,287.45829620999245,0.0
32.068,73.07513693823631,-0.08931378647659738,0.5535084180338088,83,0.002613858785480261,-0.0028437336441129446,0.9881789088249207,-1.757380723953247,-2.3297460079193115,1.0231695175170898,0.15570382831651255,278.3399031123499,0.0
32.118,73.05235130932525,-0.17903294749747994,0.22448634165877276,83,0.0006255795597098768,0.0038823923096060753,1.008876919746399,0.20317120850086212,-0.16930633783340454,-0.8128827214241028,0.15482587807749423,278.3399031123499,0.0
32.169,73.04295223255207,-0.0985672465830623,0.09727881494287305,83,0.002428025472909212,0.003900487907230854,1.015243411064148,-1.343277931213379,-0.5648502707481384,-0.3396528661251068,0.15314446562046236,278.3399031123499,0.0
32.219,73.02938175814155,-0.2558907355904628,-0.587738875459089,83,-0.0009387048194184899,-0.013835770078003407,0.9559571146965027,1.6232212781906128,1.512258529663086,-2.2970519065856934,0.15126909542852326,278.3399031123499,0.0
32.269,72.95197432891094,-0.12252529131953435,-0.015918113851753006,83,0.00261889910325408,-0.004667466972023249,1.0125805139541626,0.028358876705169678,3.5087695121765137,-0.3546529710292816,0.15048028730466162,278.3399031123499,0.0
32.32,72.89882305840378,-0.08652859982726004,-0.02278139390314682,83,-0.0021508103236556053,0.007135497406125069,0.9959997534751892,1.0957727432250977,-0.3669463098049164,-2.4286820888519287,0.1494876008233894,278.3399031123499,0.0
32.37,72.89699090422121,-0.04858017217882146,0.46399433312178695,83,0.0023569464683532715,0.0038012841250747442,1.0020195245742798,-1.2080097198486328,0.320486456155777,1.0301848649978638,0.1490930616296885,278.3399031123499,0.0
32.421,72.86882760369502,-0.08446459867454675,0.32604099092936095,83,-0.0027459918055683374,0.0158843956887722,1.0177983045578003,-0.10033643990755081,1.0196516513824463,-0.8115668892860413,0.14957883851982548,278.3399031123499,0.0
32.471,72.89214773349055,0.010212659686747259,0.8645654657058406,83,-0.0017454162007197738,0.03504851832985878,0.9836418628692627,-0.2775055170059204,-2.0113582611083984,0.011735391803085804,0.1498813032926506,278.3399031123499,0.0
32.523,72.92369033439189,0.033559569185713865,0.7462350349197383,83,0.0015145172365009785,0.008385534398257732,0.9938903450965881,1.1594395637512207,3.11440372467041,0.5105925798416138,0.15014812395126234,278.3399031123499,0.0
32.573,72.95868302384473,0.07414392695107669,1.3032574829147403,83,0.001753970980644226,0.023406045511364937,1.0180326700210571,0.5874356031417847,3.7767584323883057,1.693236231803894,0.15093920481372272,278.3399031123499,0.0
32.623,73.01204360364768,0.17616066848959985,1.0543998573093027,83,-0.005898239091038704,0.015651322901248932,1.0041507482528687,0.3293460011482239,0.2619779109954834,0.4243638217449188,0.15186808190696052,263.97532884385424,0.0
32.674,73.05885435219643,0.12888108806686466,0.6664689963610881,83,0.002397342585027218,-0.005279989447444677,1.0039055347442627,0.41808971762657166,2.7156009674072266,1.1850740909576416,0.15252237174030903,263.97532884385424,0.0
32.724,73.0714047231368,-0.03550303610242804,0.6025785142774788,83,0.0013444003416225314,0.013314076699316502,1.007541298866272,-0.43104222416877747,1.2902770042419434,1.0988246202468872,0.15361397066310606,263.97532884385424,0.0
32.774,73.10525340874149,0.1118391363170037,0.3972158689826062,83,-0.009167082607746124,0.0023777149617671967,0.9782811999320984,0.8804992437362671,0.7670006155967712,0.6684600114822388,0.1540361179206753,263.97532884385424,0.0
32.825,73.10131634209091,-0.0008474743144340745,0.19735497907594776,83,0.00539794797077775,-0.004092491697520018,0.9989606142044067,0.2719736099243164,-1.1706801652908325,-0.1219252496957779,0.1552690098481379,263.97532884385424,0.0
32.875,73.06366038779416,-0.06074683701450071,0.2905351536144713,83,8.65693946252577e-05,0.01482931338250637,1.009915828704834,-1.2185863256454468,-0.234655499458313,0.20492896437644958,0.15686176588669296,263.97532884385424,0.0
32.926,73.06420744660791,-0.028089059628576257,0.23549633555914837,83,-0.0006803846335969865,0.0020681582391262054,0.9859223961830139,-0.057564686983823776,-1.797164797782898,-0.760407567024231,0.1583416459867861,263.97532884385424,0.0
32.976,73.03565364047262,-0.10276303940472026,0.08929146471909133,83,0.0003120435867458582,0.004919189028441906,0.9967084527015686,-0.3980385661125183,-1.4784283638000488,-1.9514403343200684,0.15939395656934502,263.97532884385424,0.0
33.026,72.94761863747948,0.016954071708656666,0.8023606897147516,83,-0.0035677747800946236,0.03942203149199486,1.0183454751968384,0.06526914238929749,1.8217557668685913,-0.7145830988883972,0.16108347841678583,263.97532884385424,0.0
33.077,72.94027101279408,0.13252240065479792,1.261803000891935,83,-0.0055398037657141685,0.028216665610671043,0.9903902411460876,0.45796433091163635,-0.7519086599349976,-0.4365374743938446,0.16212188040647024,263.97532884385424,0.0
33.127,72.97977471683366,0.07466720335664853,1.2547843438870256,83,0.0012674350291490555,-0.0012878850102424622,0.990263819694519,-1.3930110931396484,-0.22242935001850128,2.306680202484131,0.16282080736020785,285.85183670687655,0.0
33.177,72.97716113950624,0.036727890540199024,0.5684382727378612,83,0.0013030387926846743,0.009978271089494228,1.0142567157745361,-0.3491176664829254,-1.9793541431427002,-0.42462313175201416,0.16291491412970482,285.85183670687655,0.0
33.228,72.96408737701486,-0.0747428641167924,0.08964984907306983,83,0.004341366700828075,-0.002285266062244773,1.0168859958648682,-0.19681915640830994,-1.2276796102523804,-1.6148054599761963,0.16303587272191122,285.85183670687655,0.0
33.278,72.93459741453745,-0.22170149591633884,-0.058342347110820376,83,0.003579282434657216,-0.01029464416205883,0.9868605732917786,-2.3085219860076904,-0.11635544151067734,-0.8723325729370117,0.1636364782468645,285.85183670687655,0.0
33.328,72.84925602938394,-0.10717590880559187,0.7032595601387611,83,-0.002154950052499771,0.045741405338048935,1.0003414154052734,-0.29809486865997314,-1.1886123418807983,-1.8723937273025513,0.16497383412160577,285.85183670687655,0.0
33.379,72.85957104923374,-0.058028816414017796,1.2034670217745747,83,0.00599508173763752,0.020927341654896736,0.9918525218963623,-0.8013746738433838,-3.386464834213257,0.18354295194149017,0.16557449015400497,285.85183670687655,0.0
33.43,72.89304804542535,-0.3079644283837448,0.6944501764677605,83,0.010934187099337578,-0.01152670755982399,0.9986365437507629,-1.387593150138855,-1.1455193758010864,0.5170783400535583,0.16545844340125235,285.85183670687655,0.0
33.48,72.87932416791395,-0.2762690958606359,0.6043702618379116,83,0.004534251056611538,0.01821674220263958,0.9958643913269043,0.7648764252662659,1.6606266498565674,0.2640165686607361,0.16435507105005812,285.85183670687655,0.0
33.53,72.89196460089501,-0.31823759719175293,0.40998148648794486,83,0.006621171720325947,-0.0017858520150184631,0.990132212638855,-0.09169801324605942,0.4693412780761719,-0.5480734705924988,0.16383656325518448,285.85183670687655,0.0
33.581,72.90029496041883,-0.28231960285741164,0.7549574609328702,83,-0.0006457745330408216,0.016046004369854927,0.9985771775245667,-1.3931738138198853,-0.9378900527954102,1.6065174341201782,0.16349135458934178,285.85183670687655,0.0
33.631,72.92736645591627,-0.2511873626061896,0.31832314004660656,83,0.004171447828412056,-0.005566108040511608,0.9923951625823975,0.8043950200080872,-0.13523901998996735,0.8735370635986328,0.16302926827044736,285.85183670687655,0.0
33.682,72.90579414810333,-0.3295946293445508,-0.4013976076578103,83,0.00975115317851305,-0.011555982753634453,0.9889280796051025,0.6909891366958618,1.010056495666504,-1.7164844274520874,0.16260060433654103,285.3268027210884,0.0
33.732,72.85229697264865,-0.3727756713337156,0.16771701824935217,83,0.006073914933949709,0.012190067209303379,1.0055745840072632,-0.4536187946796417,-0.6139143705368042,-0.7470540404319763,0.1625864150812695,285.3268027210884,0.0
33.782,72.81444265293044,-0.22550453050884084,0.8060723820971689,83,0.001161339576356113,0.03826699033379555,1.0140899419784546,-0.6126775145530701,-2.4605727195739746,-0.5872111916542053,0.16271094333095054,285.3268027210884,0.0
33.833,72.86920800921467,-0.34682105627455556,0.7065633890705751,83,0.009460658766329288,-0.006345229223370552,0.9843136668205261,-0.8143455982208252,0.1832648068666458,1.2638119459152222,0.16200991160391603,285.3268027210884,0.0
33.883,72.87615131703971,-0.31901858518621096,0.3014245950393771,83,0.0072723692283034325,-0.0019969898276031017,0.985832154750824,-0.8947970867156982,-0.4352220594882965,0.6887282729148865,0.16085427432167398,285.3268027210884,0.0
33.933,72.85414633981678,-0.31610689347072546,-0.11555082352442349,83,0.002296644961461425,0.00029171345522627234,1.003626823425293,0.5999696254730225,0.2733995318412781,-1.011764407157898,0.1604745345102971,285.3268027210884,0.0
33.983,72.84288718920023,-0.2593565266974381,0.22219876057141225,83,0.007237739395350218,0.0045179082080721855,0.9856252074241638,0.7855648994445801,-0.6002801656723022,-0.7805337905883789,0.16014293822739553,285.3268027210884,0.0
34.034,72.86603476546776,-0.3128451783069789,0.4686406969216114,83,0.010152170434594154,-0.00469881622120738,1.0049307346343994,-0.5374407768249512,0.6358852386474609,1.2518924474716187,0.15951423784650984,285.3268027210884,0.0
34.086,72.85166726741598,-0.3150652432250281,0.08549379564207084,83,0.006934330333024263,0.009730348363518715,1.004982590675354,0.6658434271812439,-1.2553255558013916,-1.2286362648010254,0.159435643427322,285.3268027210884,0.0
34.136,72.83773032984494,-0.3040369160788528,0.20648061030594692,83,0.009353461675345898,0.015168275684118271,0.9813809990882874,2.0022594928741455,0.35684192180633545,-2.0814335346221924,0.1598856839326685,285.3268027210884,0.0
34.187,72.85341320241645,-0.22938982631601484,0.7331017686294907,83,0.0007104153628461063,0.0007043922669254243,0.9921932220458984,0.5055700540542603,5.114159107208252,2.371565818786621,0.16041722341774065,285.3268027210884,0.0
34.237,72.88878125973963,-0.15117945809001426,0.7762508334547987,83,-0.0017994188237935305,0.01756512001156807,1.0113617181777954,-0.5233599543571472,-1.1582585573196411,2.4436631202697754,0.16075773895749243,268.058030293347,0.0
34.288,72.96991452744861,-0.10333521491373336,-0.00085739495468253,83,-0.00017331134586129338,-0.016140997409820557,0.978123128414154,-0.9563013315200806,-6.321218490600586,0.4495108127593994,0.16098091660457897,268.058030293347,0.0
34.338,73.00455573104635,-0.1611212932403494,-0.3762039384136691,83,0.007274468895047903,-0.023213401436805725,0.9930984973907471,0.9676889777183533,-0.1972312480211258,1.3723375797271729,0.16197367216557929,268.058030293347,0.0
34.388,72.94065110759236,-0.15129650428836366,-0.16551954498734758,83,0.004041432868689299,0.03299107030034065,1.0271800756454468,3.934480667114258,1.1270140409469604,-2.1785342693328857,0.1632000177802029,268.058030293347,0.0
34.439,72.93132993558456,-0.2626669594907474,0.5960787586395229,83,0.005205545574426651,0.02173224836587906,1.0131758451461792,-0.13954004645347595,0.5773142576217651,0.18013089895248413,0.16479944109127614,268.058030293347,0.0
34.489,72.9249866296405,-0.38684154451241376,0.490004351053299,83,0.010150440037250519,0.005401201080530882,1.0270991325378418,-0.6354311108589172,0.8454770445823669,-0.3422276973724365,0.16533597362532643,268.058030293347,0.0
34.54,72.95973110285523,-0.42420223300792764,0.16407756063988901,83,0.006165562197566032,-0.02300015650689602,0.9682414531707764,-1.9685862064361572,0.9291461706161499,1.0231577157974243,0.16594669090206818,268.058030293347,0.0
34.59,72.91265661588768,-0.3788495535796601,-0.17063102707786812,83,0.0014010729501023889,0.01268785446882248,0.9837682843208313,0.6106574535369873,1.0632121562957764,-0.6394000053405762,0.16656254765084944,268.058030293347,0.0
34.641,72.90345485757256,-0.4145511949075936,0.02275087584610046,83,0.010609298944473267,-0.0031388001516461372,0.9906229376792908,-1.0581815242767334,-0.0002096183889079839,-0.4495254456996918,0.16763106400752842,268.058030293347,0.0
34.692,72.87606483137537,-0.4710345111434714,-0.06406631813887258,83,0.011286278255283833,-0.0009735850035212934,1.0003478527069092,-0.07537051290273666,0.22542771697044373,-0.9813457727432251,0.1682751297631336,268.058030293347,0.0
34.742,72.83978419046132,-0.5432766593355172,0.26777915070763064,83,0.013208053074777126,0.013830266892910004,1.0034329891204834,-0.3856813609600067,-0.7377276420593262,-1.4232587814331055,0.1699935078639345,283.3989189189189,0.0
34.792,72.83500275550098,-0.483641128784232,0.5527583357481832,83,0.00616613682359457,0.015031162649393082,0.9851009249687195,1.3170191049575806,-1.6154624223709106,0.18140104413032532,0.17059077916114085,283.3989189189189,0.0
34.842,72.8631241437701,-0.3139956050499355,0.42415308735917556,83,0.004510571714490652,-0.0024859867990016937,0.9871379137039185,0.4393722712993622,0.4099601209163666,1.630279302597046,0.17181290962665297,283.3989189189189,0.0
34.893,72.87191229195564,-0.44695025612086575,0.08328953205072306,83,0.010973524302244186,-0.0037483409978449345,0.9964242577552795,1.722242832183838,1.5928411483764648,0.17918497323989868,0.17251779216779015,283.3989189189189,0.0
34.943,72.8360742312704,-0.4288282273956676,-0.09824217903261101,83,0.007470352109521627,0.00786618236452341,1.007996916770935,0.8027122020721436,0.4337921142578125,-0.45947858691215515,0.1738209217835626,283.3989189189189,0.0
34.993,72.84189996865736,-0.4241091573169641,-0.15710263426937834,83,0.011704463511705399,-0.019976366311311722,0.9872137904167175,-1.0404365062713623,-0.3627849519252777,-1.731804609298706,0.17396515663226997,283.3989189189189,0.0
35.044,72.76866025136204,-0.28998584740945416,0.5376105544919801,83,0.005129110533744097,0.037128105759620667,1.0183371305465698,2.749659299850464,4.566013336181641,0.23887678980827332,0.17444233524795114,283.3989189189189,0.0
35.094,72.78546732175771,-0.3279307005470397,0.7669379727524993,83,0.005623165052384138,0.007812207564711571,0.9786452054977417,-0.7521156072616577,-1.8501882553100586,-0.37811487913131714,0.17415483585593833,283.3989189189189,0.0
35.148,72.8050226292228,-0.2349490313316578,0.441045952565014,83,0.0027666299138218164,-0.007385025266557932,1.000722885131836,0.23562152683734894,0.1467212289571762,1.343712568283081,0.1736452265274094,283.3989189189189,0.0
35.198,72.81017252164693,-0.068942963078477,0.17044241912242653,83,0.001363288378342986,0.0033160303719341755,1.0085219144821167,-1.1596887111663818,-2.440265655517578,0.35186445713043213,0.173079155995733,283.3989189189189,0.0
35.249,72.80075123760106,-0.16561836271226477,-0.14743458305432597,83,0.004821733105927706,0.002313940552994609,0.9990707635879517,-0.3142029941082001,-1.1962910890579224,-1.2690519094467163,0.17229717873176306,283.3989189189189,0.0
35.299,72.77756971992386,-0.06763282002015301,0.22638631477743432,83,-0.0034872328396886587,0.017159489914774895,0.9726956486701965,1.689942717552185,-0.681739091873169,-0.6168414354324341,0.17144812913434174,271.3179377708778,0.0
35.349,72.74116000334458,-0.011870701649231527,0.2853737529611663,83,0.0007728594937361777,0.006885533686727285,1.0097953081130981,1.4674320220947266,1.0030534267425537,-0.5480223298072815,0.17101398704653956,271.3179377708778,0.0
35.4,72.70852627572853,-0.08716624570067903,0.08335397766725451,83,0.007173983845859766,-0.005189880263060331,0.9791063666343689,1.9281485080718994,-0.07059349119663239,-2.1226446628570557,0.17092968258630567,271.3179377708778,0.0
35.45,72.67001652839882,0.02279570649802059,0.4656652079367227,83,-0.004151735920459032,0.01616915687918663,0.9944586157798767,0.8677644729614258,-0.047116298228502274,-0.7190046310424805,0.1707779213022563,271.3179377708778,0.0
35.5,72.65844182321594,0.16658883338854666,1.0357796590237356,83,-0.002975194714963436,0.02785402722656727,1.012520432472229,0.5049649477005005,-1.9646815061569214,0.7818549275398254,0.16981117743945326,271.3179377708778,0.0
35.55,72.71066035470389,0.1788515549276801,0.6139111495362318,83,0.0005362225347198546,-0.0027322005480527878,0.9924454689025879,0.6343169212341309,-0.10035952180624008,0.9137385487556458,0.16923630403496182,271.3179377708778,0.0
35.601,72.72366588210282,0.21163686526560424,0.19218562555266072,83,-0.004352174233645201,-0.0009066610364243388,0.9840467572212219,0.9328430891036987,0.056502506136894226,0.025664791464805603,0.16861188428551915,271.3179377708778,0.0
35.651,72.71593191795705,0.2333218472036045,-0.11684407030325417,83,-0.002436456037685275,-0.0036166224163025618,0.9887244701385498,2.47019362449646,1.8615707159042358,-0.8041832447052002,0.16831400291537227,271.3179377708778,0.0
35.702,72.69103751445273,0.2598010171985755,0.23981893420699146,83,-0.004325525835156441,0.009692434221506119,1.0052273273468018,0.7397943735122681,0.8873652815818787,0.26340168714523315,0.16817479093455398,271.3179377708778,0.0
35.753,72.6876732864137,0.33637612315912707,0.3105481065884372,83,-0.009873835369944572,0.006845927331596613,0.9925891160964966,2.204904794692993,1.7571852207183838,0.08423255383968353,0.16762674540638642,271.3179377708778,0.0
35.803,72.67011673780246,0.45627068690804057,0.5209351620194963,83,-0.011114554479718208,0.01812678761780262,1.0167310237884521,0.8341129422187805,1.1360931396484375,0.523212730884552,0.1660643424270056,271.3179377708778,0.0
35.853,72.70776482271573,0.46811847891739206,0.24081436741145476,83,-0.007495320867747068,-0.008752187713980675,1.0013151168823242,0.8914326429367065,0.37419623136520386,-0.35797420144081116,0.16533936319519765,282.6540872026417,0.0
35.903,72.6965621459252,0.4415923139463786,0.28275873487023506,83,-0.00956724863499403,0.0073686926625669,1.0006686449050903,0.0609770342707634,0.6791498064994812,-0.197947695851326,0.16460707034776498,282.6540872026417,0.0
35.955,72.69708389533761,0.5184579230268502,0.6240748605301182,83,-0.010068804025650024,0.023367177695035934,1.0023834705352783,-0.5712190866470337,-0.23364029824733734,1.0975011587142944,0.1639518717264807,282.6540872026417,0.0
36.005,72.73653067251293,0.5217085659077932,0.31881274724088443,83,-0.0059968712739646435,-0.004952873103320599,0.981412947177887,0.7050777077674866,-0.4467924237251282,-0.31421682238578796,0.16300286808524767,282.6540872026417,0.0
36.055,72.73154829539487,0.6100676482508565,0.20773281825080842,83,-0.010309982113540173,-0.00781993381679058,0.9873102903366089,1.2018438577651978,0.02138824760913849,-0.8394624590873718,0.1624311598216603,282.6540872026417,0.0
36.106,72.70405421454757,0.6058614117499332,0.43475241253117325,83,-0.009978254325687885,0.017992109060287476,1.0230962038040161,-0.4146686792373657,0.5070137977600098,0.5498369932174683,0.16244970248824045,282.6540872026417,0.0
36.156,72.71405380715606,0.6404810151659753,0.6320979676792547,83,-0.01191292516887188,0.016966065391898155,1.0035046339035034,-0.5085958242416382,-0.3432548940181732,0.19787552952766418,0.16280533269458386,282.6540872026417,0.0
36.206,72.71469050972037,0.5465479687628385,0.4919001153036108,83,-0.006057221908122301,0.02226947620511055,1.0077908039093018,0.22670835256576538,0.5157327651977539,-0.8555709719657898,0.16279507983978253,282.6540872026417,0.0
36.257,72.74964497163178,0.5436565591658411,0.9650726429728348,83,-0.010906049981713295,0.012852398678660393,0.9702775478363037,-0.4699091911315918,-0.15677693486213684,1.500144362449646,0.1635266614424027,282.6540872026417,0.0
36.307,72.77560045223004,0.5308044206989919,0.8192146691538568,83,-0.008865544572472572,0.00793943740427494,0.9920474290847778,-0.23034536838531494,1.6887773275375366,2.0471763610839844,0.16361674327098755,282.6540872026417,0.0
36.357,72.77985501632661,0.5709217547540335,0.2910395662118521,83,-0.010254411026835442,0.01596328802406788,0.9918286800384521,2.344245433807373,-0.12481895834207535,-1.530662178993225,0.16211177798877663,282.6540872026417,0.0
36.408,72.81455191226183,0.5796301223122348,0.4972191067321797,83,-0.010185387916862965,-0.002718714764341712,0.9941017031669617,-0.5514192581176758,0.6893063187599182,1.4567574262619019,0.16103102880065295,285.5793558929666,0.0
36.458,72.78880533859851,0.5437330803143587,0.1349605585277075,83,-0.006378709804266691,0.004336729180067778,1.004615306854248,2.0075888633728027,1.3637869358062744,-1.7494795322418213,0.1580379978692339,285.5793558929666,0.0
36.508,72.7634535403824,0.5513245364375877,0.6410943080459812,83,-0.011675829999148846,0.021647514775395393,0.9990158677101135,-0.6960548162460327,0.5989677309989929,-0.7166607975959778,0.15634190451281618,285.5793558929666,0.0
36.558,72.76568579665371,0.6117225546712705,1.348780844125189,83,-0.010557389818131924,0.03539339452981949,1.014392614364624,-1.857733964920044,-0.5914353728294373,1.1437214612960815,0.1542400598711899,285.5793558929666,0.0
36.609,72.79515080779966,0.6486502330063623,1.231895320990733,83,-0.014453447423875332,0.02627575397491455,0.9899191856384277,-0.6895711421966553,-0.6625753045082092,0.30099767446517944,0.1521749715540479,285.5793558929666,0.0
36.659,72.82565527693649,0.6065531644501622,0.9611849216577019,83,-0.008597384206950665,0.006193541921675205,0.9855860471725464,0.14842261373996735,1.8516629934310913,0.3764035701751709,0.14908902460090237,285.5793558929666,0.0
36.709,72.82941137464368,0.5948817162625941,0.70842810884892,83,-0.012583458796143532,0.007474884856492281,0.9842027425765991,1.10915207862854,2.3657383918762207,0.32915154099464417,0.1478497451288145,285.5793558929666,0.0
36.76,72.81576888173636,0.645914204865976,0.9997785858231786,83,-0.012879839166998863,0.02460339292883873,1.0094149112701416,-0.3113030195236206,0.16989581286907196,0.28682681918144226,0.14585844944900453,285.5793558929666,0.0
36.81,72.82915386725898,0.6195100790206324,0.6950165551082729,83,-0.007627604063600302,0.010874740779399872,0.9931907653808594,0.9956292510032654,0.0678882896900177,-1.0217293500900269,0.1442096837077193,285.5793558929666,0.0
36.861,72.8365964065327,0.5991857607033066,0.7220673254707561,83,-0.009258868172764778,0.00019266721210442483,1.0009323358535767,-0.7184451222419739,-0.9515384435653687,0.19502295553684235,0.14207625093862586,285.5793558929666,0.0
36.911,72.8184731525459,0.5017911274049978,0.6383413232413679,83,-0.00603901781141758,0.021261654794216156,1.0045738220214844,-1.4832242727279663,-1.5749891996383667,0.23136842250823975,0.14133020147469194,285.6571545324525,0.0
36.962,72.82424224824281,0.514850604139225,0.9042858621608825,83,-0.012106262147426605,0.017262740060687065,0.985629677772522,-0.05919051542878151,0.03135393559932709,0.0817975103855133,0.13979478090959313,285.6571545324525,0.0
37.012,72.83705282611783,0.5941391523311457,0.9854293015736206,83,-0.012001714669167995,0.01685326173901558,0.9971954226493835,-0.3361593782901764,-0.9997491240501404,1.0098276138305664,0.13935538627173613,285.6571545324525,0.0
37.062,72.8242431995055,0.510461169502452,0.41149959609790715,83,-0.008468899875879288,0.016220487654209137,0.9932850003242493,1.4051740169525146,0.6157717108726501,-1.2990789413452148,0.13868465161882434,285.6571545324525,0.0
37.112,72.80595865938967,0.5702374907705441,0.6063800960880499,83,-0.011533266864717007,0.004879792220890522,1.0032559633255005,1.1124156713485718,0.04200258105993271,-0.2946860194206238,0.13823787897587125,285.6571545324525,0.0
37.163,72.78543083305273,0.5739393483484961,1.0264441437155452,83,-0.008526889607310295,0.0343361534178257,1.030131459236145,-2.467930316925049,-0.8674498796463013,1.2494566440582275,0.1381054911501899,285.6571545324525,0.0
37.213,72.78280693357264,0.4475961080739156,0.6390238660987028,83,-0.008361495099961758,0.025541942566633224,1.0069096088409424,-1.0135241746902466,-1.7181140184402466,-1.3999600410461426,0.13809492211065605,285.6571545324525,0.0
37.264,72.80066577772868,0.48204311737629857,0.6775491653712993,83,-0.008604687638580799,0.0035878457129001617,0.9623498916625977,-0.9857088327407837,0.26227885484695435,-0.34150931239128113,0.1383353681935532,285.6571545324525,0.0
37.314,72.77931072498156,0.5472176490558242,0.6875004067132757,83,-0.011797183193266392,0.007938363589346409,0.9924986958503723,0.7044991254806519,1.3042439222335815,-0.49500179290771484,0.13806950992350928,285.6571545324525,0.0
37.365,72.78181145534508,0.6624166734334531,0.9404134151163758,83,-0.004898276645690203,0.010570916347205639,1.026549220085144,-0.4725901484489441,0.45453721284866333,-0.41572123765945435,0.1375853989187691,285.6571545324525,0.0
37.415,72.78230967082128,0.6494831441915447,0.8565523757314781,83,-0.007905106991529465,0.017280755564570427,1.005657434463501,-0.14294616878032684,-1.2730153799057007,-0.6413457989692688,0.1370227543073856,285.6571545324525,0.0
37.466,72.8111485312915,0.6454074745555843,0.6743028343711379,83,-0.010052861645817757,-0.006122269202023745,1.0002497434616089,-0.35399577021598816,1.2174761295318604,0.9610444903373718,0.1365054909535456,285.69606975001705,0.0
37.516,72.78185163130267,0.47875305716929983,0.6219625653115564,83,-0.00851079449057579,0.019613103941082954,1.0233335494995117,-1.2023886442184448,0.9856038689613342,-0.31847575306892395,0.13569751361639076,285.69606975001705,0.0
37.566,72.77534846354204,0.5530571309481793,1.1094125404290687,83,-0.010352476499974728,0.035415973514318466,0.9934042692184448,-0.36381426453590393,0.6660371422767639,-0.6071909666061401,0.1354942853949766,285.69606975001705,0.0
37.616,72.8013406259298,0.6305999719485716,1.4074061541732408,83,-0.008367223665118217,0.017282886430621147,0.9695186018943787,-0.5974501371383667,1.2933117151260376,0.8687002658843994,0.13493146957512547,285.69606975001705,0.0
37.667,72.8163314091462,0.5975082379699508,1.0009530372985695,83,-0.007376616820693016,0.0032083862461149693,0.9974600672721863,1.6130460500717163,2.070242166519165,0.7586323022842407,0.13475401345396246,285.69606975001705,0.0
37.717,72.80409695146722,0.5881138213222,0.6320436440873272,83,-0.009526640176773071,0.011687953025102615,0.9991673827171326,0.5847384929656982,0.524020254611969,-1.378251314163208,0.13499121840464956,285.69606975001705,0.0
37.768,72.78353878445608,0.5310027976745412,1.1535647506291493,83,-0.00969729945063591,0.030963849276304245,1.0380817651748657,-2.299274206161499,-1.3370720148086548,-0.02698240801692009,0.13512092236977766,285.69606975001705,0.0
37.819,72.82332325500658,0.5028830314701491,1.131114773436757,83,-0.003334921784698963,0.01088479533791542,0.9791370630264282,-2.723001003265381,-0.9585617184638977,0.5676349997520447,0.1352971629975144,285.69606975001705,0.0
37.869,72.84443350737983,0.4276675948811273,0.5095158680211251,83,-0.010409537702798843,-0.0009459548746235669,0.9579936861991882,0.21912188827991486,-0.319318562746048,0.15851202607154846,0.13581452145875453,285.69606975001705,0.0
37.919,72.82678863271035,0.45765867045255415,0.46325223361883183,83,-0.006076993886381388,0.003546953434124589,1.0008978843688965,1.24220609664917,1.3477630615234375,0.28358694911003113,0.136573922065091,285.69606975001705,0.0
37.97,72.79276471794658,0.4832481918984514,0.8664810569659214,83,-0.009227885864675045,0.04121176153421402,0.9946810007095337,1.7263208627700806,-0.028146227821707726,-0.9945642948150635,0.13672348746723528,285.69606975001705,0.0
38.02,72.79833299637306,0.523588065618371,1.4771603487371299,83,-0.008894636295735836,0.03643835335969925,1.0033620595932007,2.280086040496826,-0.09874146431684494,0.5005523562431335,0.1374829382262238,276.19544317134205,0.0
38.071,72.84980959535156,0.5552912457068315,1.613943161388273,83,-0.007200745400041342,0.007526978850364685,1.0140602588653564,-1.2922420501708984,-1.8847533464431763,1.4807857275009155,0.13819249536343112,276.19544317134205,0.0
38.121,72.84386805996994,0.4833867756260011,0.49758896569744593,83,-0.012434238567948341,-0.007254311349242926,1.009132981300354,0.005804826971143484,-1.1806106567382812,-0.6398817896842957,0.13863021256410205,276.19544317134205,0.0
38.172,72.77994433424885,0.666890819411003,0.3865856574075634,83,-0.01638084463775158,0.022931566461920738,0.9974882006645203,1.4086289405822754,-1.5265116691589355,-1.901116967201233,0.13901424980134655,276.19544317134205,0.0
38.222,72.75978613423338,0.834451295892797,1.1533810304157706,83,-0.01401103287935257,0.032349515706300735,1.0037230253219604,-0.05253139138221741,-1.8806962966918945,0.7540512681007385,0.1392022599816919,276.19544317134205,0.0
38.272,72.81325012554424,0.7298162054160973,0.8583515802662279,83,-0.009069869294762611,-0.00030017492827028036,0.9826174974441528,1.2337939739227295,1.7322313785552979,1.1236907243728638,0.13939194088505696,276.19544317134205,0.0
38.323,72.82112520473449,0.6853636801468145,0.7245003845210619,83,-0.012594862841069698,0.013313619419932365,1.014580488204956,0.7308811545372009,2.2074923515319824,0.9928759336471558,0.1396489528015752,276.19544317134205,0.0
38.373,72.83301124139945,0.6861885917799845,0.6053269061756008,83,-0.014875531196594238,0.01565270498394966,1.0116277933120728,0.27244338393211365,0.9336023330688477,0.43258705735206604,0.14002936733225355,276.19544317134205,0.0
38.424,72.87190573005009,0.6836189189477863,0.4107683097518357,83,-0.012455325573682785,0.0026453379541635513,1.0009856224060059,-1.0721409320831299,-2.2012016773223877,0.789435863494873,0.14068558475168505,276.19544317134205,0.0
38.474,72.8935515261436,0.6202513960869298,-0.1038263507305826,83,-0.0072780996561050415,-0.014630633406341076,0.9990881085395813,-2.9645578861236572,-1.2309367656707764,0.13171152770519257,0.1412713856193209,276.19544317134205,0.0
38.524,72.86270279610164,0.47557917602212757,-0.013819375981835417,83,-0.007318176794797182,0.011433051899075508,0.9882468581199646,0.06749427318572998,0.9540855884552002,-1.1657408475875854,0.14208248816426278,254.74060127543274,0.0
38.575,72.82203082902029,0.5319309020016015,0.4544407880300519,83,-0.014422982931137085,0.022394243627786636,0.9914091229438782,-0.01726538874208927,0.7919954657554626,-0.7270241379737854,0.1433354024593088,254.74060127543274,0.0
38.625,72.79379351677032,0.6288408522980693,0.9728383447842989,83,-0.01171006541699171,0.024443890899419785,0.988071084022522,0.601008951663971,0.402311772108078,-0.9737117290496826,0.1439091992321183,254.74060127543274,0.0
38.675,72.79909665659879,0.5633786414429524,1.08011632990542,83,-0.005878827068954706,0.013247816823422909,0.9895045757293701,0.07902896404266357,0.7756506204605103,0.7827759981155396,0.14443286116802556,254.74060127543274,0.0
38.725,72.8058727758383,0.46511142795524885,0.8730790346521574,83,-0.010358626022934914,0.013087254017591476,0.9880447387695312,0.5333871841430664,0.2283388376235962,-0.006805515382438898,0.14489919393848752,254.74060127543274,0.0
38.776,72.82286281757357,0.5654607692114888,0.9986883374785607,83,-0.009956682100892067,0.01793879270553589,1.001610279083252,0.7946509718894958,-0.5777465105056763,1.3675047159194946,0.1458062287448242,254.74060127543274,0.0
38.826,72.83141012431416,0.4749828977173365,0.8388013487912276,83,-0.005257404875010252,0.02569897100329399,1.0058265924453735,0.9397337436676025,1.3703278303146362,0.10572755336761475,0.1463568236341279,254.74060127543274,0.0
38.876,72.86574256743319,0.42509945366619717,0.8632094967232602,83,-0.007834010757505894,0.0060690403915941715,1.005737543106079,-0.8087907433509827,0.009259233251214027,1.0720652341842651,0.14712207236869385,254.74060127543274,0.0
38.927,72.88014156587965,0.4036481844053128,0.16170934188907735,83,-0.009561130777001381,-0.0004897004109807312,0.9810981750488281,0.5663497447967529,1.130068302154541,-0.15439775586128235,0.14777994783294468,254.74060127543274,0.0
38.977,72.8477858318087,0.42986953868535094,0.1434018932715048,83,-0.0101950503885746,0.00047684329911135137,0.9828245043754578,0.338897705078125,-0.8006361126899719,-1.2005350589752197,0.14900762346108795,254.74060127543274,0.0
39.027,72.76594404434971,0.5779323775986938,0.9243605426836196,83,-0.008734348230063915,0.04423738270998001,1.0295265913009644,0.25545600056648254,1.625194787979126,-1.25046706199646,0.14954647678983324,254.74060127543274,0.0
39.077,72.7822161245773,0.5203625113543962,1.2537230485833262,83,-0.008538106456398964,0.025211339816451073,0.9959890842437744,-0.22858214378356934,-0.1652114987373352,-0.21368199586868286,0.15061612601781452,285.4044637996734,0.0
39.128,72.8073926858782,0.4979954268153936,1.4230684222175576,83,-0.007852071896195412,0.018008451908826828,1.0006624460220337,-1.7360554933547974,0.8459373712539673,1.2582213878631592,0.15118927869239804,285.4044637996734,0.0
39.178,72.83477847839217,0.35000693267396277,0.956353679717176,83,-0.005034397356212139,0.015665924176573753,0.9944555759429932,-0.28100383281707764,0.5947777628898621,0.7076391577720642,0.15142695670775835,285.4044637996734,0.0
39.228,72.87916881705551,0.45454891595412,0.46598301416331844,83,-0.011184679344296455,-0.00667859660461545,0.9945541024208069,-1.640243649482727,-1.3460701704025269,1.2810146808624268,0.15120910891813974,285.4044637996734,0.0
39.28,72.88380758733814,0.4963552992014899,-0.04239513453717322,82,-0.007734840270131826,-0.001677350839599967,0.9831435084342957,1.9048309326171875,0.034027568995952606,-1.635319709777832,0.15047945608961702,285.4044637996734,0.0
39.331,72.85554896529867,0.4779745468054372,0.19099569788094745,82,-0.008853052742779255,0.010287473909556866,0.9986700415611267,0.31357982754707336,-1.3292027711868286,-1.8290389776229858,0.14901893328534274,285.4044637996734,0.0
39.381,72.83069206925413,0.418882405302842,1.019171757197024,82,-0.004756643902510405,0.018534863367676735,1.0146617889404297,-2.214217185974121,-0.1973026841878891,1.16679048538208,0.14857850325497624,285.4044637996734,0.0
39.432,72.82177659964476,0.26484339880931007,0.6452567650033001,82,-0.00468680402263999,0.014553078450262547,0.99663907289505,0.20778487622737885,-0.6239302754402161,-1.2597640752792358,0.1474199160528345,285.4044637996734,0.0
39.482,72.80611751445257,0.28516919944850777,0.7959167013615254,82,-0.005121774505823851,0.012139060534536839,0.9917188882827759,-0.9521392583847046,-0.7690021395683289,-0.0053111482411623,0.14609193715702137,285.4044637996734,0.0
39.533,72.79401513268375,0.31901471191556086,0.9117481263471253,82,-0.00822288729250431,0.022629307582974434,1.0019941329956055,-0.5457306504249573,-1.273033857345581,0.3079792559146881,0.1439922898207778,285.4044637996734,0.0
39.584,72.83107718406305,0.17921394407046812,0.28997889848037955,82,-0.0006613240693695843,-0.01663779281079769,0.9734236001968384,-0.5815860033035278,-2.3067588806152344,-0.14604012668132782,0.14257175654689716,285.4044637996734,0.0
39.634,72.7909443361641,0.16545716034074318,0.016298184309796997,82,-0.004264506511390209,0.000993609894067049,1.0060712099075317,-0.765560507774353,-3.3515655994415283,-0.8262413144111633,0.14104156934943946,278.8395160218056,0.0
39.685,72.76159190545263,0.10580517773505488,-0.22249526255306953,82,-0.0009237315971404314,-0.006026770919561386,0.9961759448051453,-0.7006123065948486,-0.2598200738430023,-1.3667008876800537,0.1406534715934362,278.8395160218056,0.0
39.735,72.70116984689182,0.08418074846811734,0.01687237284552645,82,-0.0029096766375005245,0.010347217321395874,0.978736162185669,1.7677186727523804,0.7087633013725281,-1.8099817037582397,0.1410601326391078,278.8395160218056,0.0
39.785,72.66501431836907,0.13763699178184619,0.3326764109334626,83,-0.0027069048956036568,0.007634716108441353,1.0079928636550903,0.0380573570728302,-0.471955806016922,-0.7280442118644714,0.14056386752581648,278.8395160218056,0.0
39.836,72.64415820978016,0.1452093598517164,0.6576104417646681,83,-0.003948178142309189,0.018341457471251488,1.0065518617630005,0.17649033665657043,0.07019372284412384,-0.12601354718208313,0.14028288534961328,278.8395160218056,0.0
39.886,72.659075610767,0.1314807385629304,0.6028026463582118,83,-0.004661864601075649,0.009709886275231838,0.9861270785331726,0.07117056101560593,1.3577262163162231,0.021933279931545258,0.13950570213595118,278.8395160218056,0.0
39.937,72.69216598449569,0.20430587480626422,0.48208077268003435,83,-0.004174103494733572,-0.01282486692070961,0.972996711730957,-0.5148144364356995,0.2595464587211609,0.9900065064430237,0.13793542796482333,278.8395160218056,0.0
39.987,72.67361382877654,0.37263853652127293,0.4927802645166002,83,-0.008450126275420189,0.022495608776807785,1.0224922895431519,-0.5254055857658386,0.39961639046669006,1.1155911684036255,0.1372501188466809,278.8395160218056,0.0
40.037,72.70577459520345,0.3525973873302375,0.1080178675049374,83,-0.007402409799396992,-0.005474709440022707,0.9914856553077698,0.42704254388809204,-0.3494904637336731,-0.6187558770179749,0.13571049680977124,278.8395160218056,0.0
40.087,72.7039845045574,0.33078927566724947,0.1525755702346973,83,-0.005411107093095779,0.0007196436054073274,1.0124337673187256,-1.532364010810852,0.8394995927810669,0.7155035138130188,0.13497419555003615,278.8395160218056,0.0
40.137,72.69899038766769,0.29895045337259074,0.15993642924856954,83,-0.004292045719921589,0.0136842867359519,1.0003231763839722,0.19986608624458313,0.8965669274330139,-0.5707973837852478,0.13484915588890015,285.4044637996734,0.0
40.188,72.71993793098211,0.392755037914413,0.6488650312577079,83,-0.011687352322041988,0.012332513928413391,0.9920282363891602,-0.4251271188259125,0.35153016448020935,1.0361442565917969,0.13430366846481923,285.4044637996734,0.0
40.238,72.75113837652746,0.42759357799695785,0.4860858720940143,83,-0.004433729220181704,-0.00016124606190714985,0.9940640330314636,0.6159443855285645,-1.1999218463897705,0.20739902555942535,0.13390043023493448,285.4044637996734,0.0
40.289,72.78038028051057,0.25324268132537986,0.07518718874241404,83,0.0006066079367883503,-0.01931864768266678,0.9947788715362549,-0.2916015088558197,1.1318150758743286,0.4868716895580292,0.13380405025976433,285.4044637996734,0.0
40.339,72.7545895427262,0.25992207543935975,0.0022471056751139883,83,-0.008429223671555519,0.009880306199193,1.0059744119644165,-0.3378906548023224,0.1828567534685135,-0.5360075831413269,0.1335160772564112,285.4044637996734,0.0
40.39,72.7709342244563,0.4315221232567215,0.28346869841629035,83,-0.011508490890264511,0.005372998770326376,0.9829617738723755,0.7513461709022522,0.2393762320280075,1.0349369049072266,0.13338285680520215,285.4044637996734,0.0
40.44,72.75841262560319,0.4304237139624282,0.003968908145132743,83,-0.006824779789894819,-0.0007232770440168679,0.9991163611412048,1.820298194885254,-0.31891605257987976,-1.9156697988510132,0.13304511389584497,285.4044637996734,0.0
40.49,72.72962762663869,0.46977734946927246,0.5815825782091011,83,-0.007756315171718597,0.018146922811865807,1.0219967365264893,-0.7365350723266602,-0.06758567690849304,1.0466439723968506,0.13269138142390047,285.4044637996734,0.0
40.54,72.7382513296393,0.27477825953906104,0.5778005866345288,82,0.0004974726471118629,0.008366241119801998,1.0156159400939941,-1.1445871591567993,-0.18194493651390076,0.13060230016708374,0.13204831515417145,285.4044637996734,0.0
40.593,72.7198738357839,0.14717533190166837,0.18303646235253077,82,-0.0007761789602227509,0.0008156925905495882,0.9799519777297974,0.18517109751701355,1.3420298099517822,-1.510740041732788,0.13197724556954482,285.4044637996734,0.0
40.644,72.7193005453524,0.16888947486861183,0.8519098921687477,82,-0.0029365005902945995,0.00034111959394067526,0.9673295021057129,-0.5479375720024109,-0.2602951228618622,1.5711004734039307,0.1328887574000791,285.4044637996734,0.0
40.694,72.69124747756939,0.2670755089850653,0.5512462068489222,82,-0.009147868491709232,0.0161104928702116,0.995964765548706,1.4875143766403198,-0.152957946062088,-1.1185524463653564,0.13435542737644146,282.84469620338524,0.0
40.744,72.70508419233762,0.4301680347846785,0.5864044650894503,82,-0.009513452649116516,0.003179650055244565,0.9948858022689819,-0.11667007207870483,-1.8683615922927856,0.531627893447876,0.13566800584907562,282.84469620338524,0.0
40.795,72.70137929559495,0.45706751944793667,0.32326717634225033,83,-0.007013475988060236,0.007968259043991566,1.005871057510376,1.0386658906936646,-0.672109842300415,0.13062648475170135,0.13757343163089716,282.84469620338524,0.0
40.845,72.70220483525544,0.3205268133388978,0.2981030975454823,83,-0.003734006080776453,0.010213950648903847,1.0035607814788818,0.7135177254676819,-0.4917726516723633,0.32531094551086426,0.1388902278085111,282.84469620338524,0.0
40.896,72.69948881859935,0.212576477694454,0.035160382548857665,83,-0.0007239979458972812,-0.002564611379057169,0.9822443127632141,0.3130685091018677,0.27970704436302185,-0.9239378571510315,0.14028444026365414,282.84469620338524,0.0
40.946,72.66581132537758,0.2655967278691617,0.44178499282662725,83,-0.008169098757207394,0.01740877516567707,1.0196781158447266,-0.410960853099823,-0.8694850206375122,-0.19398386776447296,0.14057204793160766,282.84469620338524,0.0
40.996,72.68499348517759,0.34907937746215606,0.1887337562416618,83,-0.005988589487969875,-0.013737293891608715,1.0026726722717285,-0.7800481915473938,-0.6055654883384705,-0.6372647285461426,0.14007018847301614,282.84469620338524,0.0
41.047,72.66186316847775,0.37185749630434073,0.1903101314025421,83,-0.009119919501245022,0.011825055815279484,0.9986903071403503,-0.3755030035972595,1.409909963607788,0.4275602698326111,0.14042764212237813,282.84469620338524,0.0
41.097,72.67618769467425,0.4423379660256938,0.1629358174232223,83,-0.010578340850770473,-0.005552820861339569,0.9769186973571777,-0.30344170331954956,-0.5800942182540894,-0.023176001384854317,0.14159624514673363,282.84469620338524,0.0
41.147,72.67428915203324,0.5080722380513586,0.056182106974457344,83,-0.010224769823253155,0.0010868459939956665,0.9972370266914368,-0.5141404867172241,-2.1782302856445312,0.5619391798973083,0.14092321935679714,282.84469620338524,0.0
41.198,72.67302851856978,0.42569712413182237,-0.39193043549560697,83,-0.003947857301682234,-0.012256115674972534,1.0004794597625732,0.3508017063140869,-0.016400784254074097,-0.8004119992256165,0.14139189191829493,282.84469620338524,0.0
41.248,72.6705628011295,0.3475263945707386,-0.4457690535618088,83,-0.004903379827737808,-0.011000924743711948,0.9952958226203918,0.5589269995689392,0.027049047872424126,-0.1715029776096344,0.1421300115440979,285.5015996188142,0.0
41.298,72.66152462864846,0.3387213248176014,-0.3358690172112616,83,-0.006241777911782265,-0.012554717250168324,1.0092605352401733,-1.2163625955581665,1.7891606092453003,0.27735602855682373,0.14204713270965175,285.5015996188142,0.0
41.348,72.61524566622454,0.3537122414784892,-0.4434410758875815,83,-0.012226483784615993,0.006913752760738134,0.9850180745124817,0.43388381600379944,0.6389755606651306,-2.1843783855438232,0.14244356701333938,285.5015996188142,0.0
41.399,72.5849097062837,0.5938364085684041,0.36562754820059634,83,-0.01648874767124653,0.011259377934038639,1.0180550813674927,-1.2201037406921387,-0.5781405568122864,0.25967293977737427,0.14395121075585263,285.5015996188142,0.0
41.449,72.59095516862986,0.4267516849023071,0.08323307289505141,83,-0.0017326792003586888,0.0017486849101260304,0.983195424079895,0.7685722708702087,0.39551061391830444,-0.6849386096000671,0.14446218690986332,285.5015996188142,0.0
41.5,72.57692926002433,0.37184159985756265,-0.101848645050157,83,-0.007093485444784164,-0.013850707560777664,0.9885314702987671,0.14118340611457825,-1.0116339921951294,-0.7269235849380493,0.1460443770236967,285.5015996188142,0.0
41.55,72.5395213432506,0.34487065438874415,-0.02467797020027274,82,-0.004755538422614336,0.0031628161668777466,1.0055376291275024,-0.7271950840950012,-0.7379046678543091,-0.9871525764465332,0.1479814065117346,285.5015996188142,0.0
41.6,72.54231225551591,0.337099016597777,0.4202391398947195,82,-0.010457713156938553,0.012613413855433464,1.0079550743103027,-2.44622802734375,-0.18118499219417572,1.7947750091552734,0.1499790847103885,285.5015996188142,0.0
41.651,72.58740779270127,0.32409859888767,0.5200449320442081,82,0.0009436911204829812,0.007074140477925539,1.0009040832519531,-1.2179036140441895,-2.1476612091064453,-0.6854826807975769,0.1524244931283723,285.5015996188142,0.0
41.702,72.62098069249781,0.23875795241397452,0.39130681744530116,82,0.0016460164915770292,0.00042900966946035624,1.0050164461135864,-0.05521652474999428,-0.30851295590400696,-0.2744373381137848,0.15346090934489737,285.5015996188142,0.0
41.753,72.64096243779713,0.19468867321207092,0.9422494972590713,82,-0.006336101330816746,0.029672153294086456,1.0002753734588623,-0.267997145652771,2.23775315284729,1.977986454963684,0.15476952397253543,280.856033212803,0.0
41.803,72.70666371854766,0.29755321141566193,0.8247666149195426,83,-0.010609185323119164,0.009273971430957317,1.0092159509658813,-0.9355133771896362,0.40545225143432617,1.599390983581543,0.15563406404227095,280.856033212803,0.0
41.853,72.77869900435563,0.27673340567361543,0.1593425458885431,83,0.0003270217857789248,-0.01571088656783104,0.9815189838409424,0.617629885673523,1.6269252300262451,1.1881097555160522,0.15619609717998006,280.856033212803,0.0
41.903,72.78580650541971,0.3277757647752589,-0.15579677046191498,83,-0.0070786564610898495,-0.013078834861516953,1.0126537084579468,-0.8161551356315613,-0.4365061819553375,0.3559337556362152,0.15670291083315208,280.856033212803,0.0
41.954,72.77713510815725,0.3569729777788866,0.0011132533516756606,83,-0.004983061924576759,0.014443593099713326,0.9910465478897095,-0.17599926888942719,1.0809162855148315,-0.13668128848075867,0.1578922053926214,280.856033212803,0.0
42.005,72.79376920861523,0.4066233286815647,0.09689373512788935,83,-0.00783588644117117,0.002339222002774477,0.9931240677833557,-0.3079971671104431,-2.0129494667053223,-0.1010543629527092,0.15841510795139835,280.856033212803,0.0
42.055,72.80910650067979,0.5173328165376667,0.07182592879271801,82,-0.012195668183267117,-0.0012415326200425625,0.9850847721099854,0.6753209233283997,0.5338383316993713,0.7642094492912292,0.1601313296366904,280.856033212803,0.0
42.106,72.82198259072476,0.5753974064418044,-0.14752997719242883,82,-0.006285994779318571,-0.013680752366781235,0.9935644268989563,-0.7508193254470825,-1.0281680822372437,0.3337477445602417,0.1613975808643986,280.856033212803,0.0
42.156,72.77062517536169,0.34604763599659283,-0.47967339261625874,82,0.0006346483714878559,-0.004266359843313694,1.015910029411316,0.9489190578460693,0.8794398307800293,-1.8864327669143677,0.1629419971415142,280.856033212803,0.0
42.207,72.69335401260854,0.3667898458020236,0.06736862964260233,82,-0.014903061091899872,0.02437100186944008,1.0115076303482056,0.4951655864715576,1.9529445171356201,-2.014009475708008,0.1637047949133754,280.856033212803,0.0
42.257,72.69843873393059,0.5878820509508672,0.7470327713437904,82,-0.009207398630678654,0.003947024699300528,1.0039269924163818,-1.7438808679580688,-0.313406765460968,0.9427529573440552,0.16373496049124892,280.856033212803,0.0
42.307,72.68593044620353,0.6465283325383734,0.5844855644690923,82,-0.011660829186439514,0.019259490072727203,1.006453037261963,0.9728831052780151,2.4564456939697266,-0.11789348721504211,0.16381121232241233,285.4821671658045,0.0
42.358,72.69201731687942,0.6116578443844384,0.4469411728104022,82,-0.005583359394222498,-0.001407972420565784,0.9947484731674194,0.6987905502319336,0.15615031123161316,-0.951702892780304,0.1637345209783148,285.4821671658045,0.0
42.408,72.68172624355492,0.5102053365687302,0.7699312391838056,82,-0.006476572714745998,0.014087013900279999,1.0054885149002075,-0.17502018809318542,0.48005712032318115,0.4040626585483551,0.1630376652239509,285.4821671658045,0.0
42.458,72.68365476128376,0.4567177362737957,0.8575276341191945,82,-0.007787419483065605,0.014311488717794418,1.0042909383773804,-1.684881567955017,-0.8120538592338562,0.5288915038108826,0.1625782572022968,285.4821671658045,0.0
42.509,72.70057632871398,0.46623490787935806,0.9198009295845135,82,-0.006723275873810053,0.024615811184048653,0.9922459125518799,0.5503795146942139,0.6628679037094116,0.15379047393798828,0.16233694532282902,285.4821671658045,0.0
42.559,72.72594208050513,0.43498776965513464,0.844055176877796,83,-0.009865250438451767,0.009307467378675938,0.9900213479995728,0.017286576330661774,1.8503267765045166,0.692908525466919,0.1624312525556391,285.4821671658045,0.0
42.61,72.77238612469618,0.3774175419201086,0.9677566314763734,83,-0.00267230998724699,0.008708917535841465,0.9904457926750183,-1.2049959897994995,0.810657799243927,1.9971774816513062,0.16244251856803896,285.4821671658045,0.0
42.66,72.80034413125621,0.31599049468786183,0.518595113401487,83,-0.006133335176855326,-0.0001831733825383708,1.006112813949585,-1.5693944692611694,-0.8817525506019592,0.4428001940250397,0.16227545684416755,285.4821671658045,0.0
42.711,72.81204322340947,0.39760679273013494,0.4115631681424995,83,-0.007611933164298534,0.01578364707529545,0.992461085319519,-0.16289126873016357,0.24928881227970123,-0.15637809038162231,0.1621047958015397,285.4821671658045,0.0
42.761,72.82573369247655,0.4528210551559958,0.5189318413237158,83,-0.011034509167075157,0.010100073181092739,0.9794730544090271,1.0646804571151733,0.32542887330055237,-0.3832603394985199,0.16122596517062784,285.4821671658045,0.0
42.812,72.8393478976586,0.5754805230101959,0.8652572738155101,82,-0.011776956729590893,0.011261711828410625,1.0099735260009766,-0.6738705039024353,0.20269417762756348,1.6184241771697998,0.15925448164967113,285.4821671658045,0.0
42.862,72.84175085747354,0.5174167420086732,0.4606884140609637,82,-0.006270910147577524,0.009024741128087044,0.9937736392021179,1.5992001295089722,0.28568559885025024,-1.2718908786773682,0.15851592190938127,287.4977037494002,0.0
42.912,72.8441515784277,0.6146448106142436,0.8164545505890172,82,-0.011827983893454075,0.012338490225374699,0.9948304891586304,0.5699831247329712,-0.3925801217556,0.22743171453475952,0.15766821558935665,287.4977037494002,0.0
42.963,72.84595434473486,0.6646153026467708,1.0735309554346835,82,-0.01298993919044733,0.026346124708652496,1.0043418407440186,-0.16784420609474182,0.63644939661026,0.8579581379890442,0.1566799192126035,287.4977037494002,0.0
43.013,72.85905697369807,0.7079044434219204,1.0035119763619178,82,-0.01520917285233736,0.02220023050904274,1.0101100206375122,0.34376636147499084,0.467356413602829,0.19500163197517395,0.15491825568406675,287.4977037494002,0.0
43.064,72.86924681218372,0.6344459676715442,1.1402984383855574,83,-0.009284032508730888,0.026241427287459373,1.0031895637512207,0.10329916328191757,1.1282583475112915,0.363468199968338,0.15365831719916,287.4977037494002,0.0
43.114,72.89585826932898,0.6695369326167693,1.113348537211496,83,-0.01525033637881279,0.016947921365499496,0.9892635345458984,0.48575448989868164,1.7174850702285767,0.9734767079353333,0.1519459944456991,287.4977037494002,0.0
43.164,72.91300815877992,0.6370842717630683,0.6740393754685104,83,-0.007895614951848984,0.0012729098089039326,0.9922459721565247,-0.37896788120269775,-1.7012089490890503,-0.2383730411529541,0.15122321273811998,287.4977037494002,0.0
43.215,72.87165659057527,0.5375579805588386,0.7927155003238046,83,-0.006407090462744236,0.020959703251719475,1.016374111175537,-1.7378795146942139,-0.5763440728187561,-0.3555378317832947,0.15089396367762004,287.4977037494002,0.0
43.265,72.85016145484789,0.6052703928504277,1.4753525422171474,83,-0.016422990709543228,0.05356217548251152,1.0016148090362549,-0.7995746731758118,-2.3692684173583984,0.7028042078018188,0.15096256641676967,287.4977037494002,0.0
43.315,72.90922774945179,0.6280595297797963,1.38001271858764,82,-0.009552073664963245,0.004346273839473724,0.988703191280365,-2.4725987911224365,-2.873783588409424,1.4704550504684448,0.15176238916893733,287.4977037494002,0.0
43.366,72.95339126907781,0.6396058858495548,0.8748737539122621,82,-0.01830955035984516,0.014624509960412979,0.9870337843894958,-3.4450056552886963,-4.682415962219238,0.10820499062538147,0.15124921330012095,286.14435802974486,0.0
43.416,72.93191891871605,0.6706072673418183,0.6321825263197217,82,-0.012756461277604103,0.025171464309096336,0.9855657815933228,3.3872151374816895,1.9016377925872803,-1.4485818147659302,0.1496809084622527,286.14435802974486,0.0
43.466,72.92657479091292,0.6826817296533413,0.9178990799444303,82,-0.01424397062510252,0.010003406554460526,1.012473702430725,-0.965728223323822,-0.7174501419067383,1.0490361452102661,0.1483430270886718,286.14435802974486,0.0
43.517,72.93282104322924,0.5938922350590518,0.45850026931302323,82,-0.007484619505703449,-0.0004564586270134896,1.0070949792861938,-1.7076966762542725,-2.275947332382202,-0.5972967147827148,0.1474462001681489,286.14435802974486,0.0
43.567,72.89624555986748,0.5622217026884558,0.392300363819723,82,-0.010323110967874527,0.016303444281220436,1.0001373291015625,0.7116857767105103,-2.1771864891052246,-1.772396445274353,0.14696388520512965,286.14435802974486,0.0
43.617,72.87269057583373,0.5619187784851699,0.9554596748846562,82,-0.011281643062829971,0.02591700479388237,0.9942566752433777,-0.28254953026771545,-0.6141061782836914,-0.24401801824569702,0.14641661198091865,286.14435802974486,0.0
43.668,72.87670958004917,0.5213877650600978,1.390020994989158,82,-0.007225116714835167,0.029576918110251427,1.0100510120391846,-1.2883319854736328,-0.4415586590766907,1.6929651498794556,0.14615045213167982,286.14435802974486,0.0
43.718,72.92592110820844,0.5437920483957474,0.8561964803648874,82,-0.014803720638155937,0.005418816581368446,0.9832481145858765,-0.18413034081459045,1.348635196685791,1.387126088142395,0.1454750243701925,286.14435802974486,0.0
43.768,72.93480220701605,0.7472151623853377,0.44017704321063067,82,-0.016926174983382225,0.01091235876083374,0.9718120694160461,1.3287932872772217,1.478641390800476,-0.027698177844285965,0.14453028152206346,286.14435802974486,0.0
43.819,72.95844709639043,0.7219312546698743,0.7510489313989491,83,-0.010174752213060856,0.010056010447442532,1.011582612991333,0.018907466903328896,-1.3832017183303833,1.8639105558395386,0.1426056148333615,286.14435802974486,0.0
43.869,73.00897946459625,0.6415949449542754,0.039719193848094185,83,-0.006334950681775808,-0.015483354218304157,0.9856305718421936,0.8712079524993896,-0.9744669795036316,0.17937399446964264,0.14073507670147065,286.14435802974486,0.0
43.919,73.00523444181131,0.5595519147462673,-0.18924436796915647,83,-0.009209212847054005,-0.007877366617321968,1.0017045736312866,-0.09784624725580215,-0.5946695804595947,-0.41927993297576904,0.13982783353900585,291.06897987508677,0.0
43.97,72.97599909282752,0.5869726034365595,0.18513638591129244,83,-0.014339087530970573,0.02126578614115715,1.0139963626861572,-0.13440802693367004,0.6262447237968445,-0.42452099919319153,0.13815967424050424,291.06897987508677,0.0
44.02,72.98865703261572,0.8210235810578824,0.5544156085878377,82,-0.016721658408641815,0.011901219375431538,0.983722448348999,0.7605406641960144,-0.10628888756036758,-0.46564629673957825,0.13720224346499685,291.06897987508677,0.0
44.071,73.01594727837764,0.6808639880531036,0.5180477106661364,82,-0.004248089622706175,-0.006082200910896063,0.9972341060638428,-1.825164794921875,0.6764104962348938,1.4503000974655151,0.13606037405472637,291.06897987508677,0.0
44.122,73.01585002865433,0.5265037302485607,-0.1810338686163209,82,-0.00897711981087923,-0.021080734208226204,1.000953197479248,-0.40698421001434326,0.14762838184833527,-1.135579228401184,0.13561880060730355,291.06897987508677,0.0
44.173,72.93491392927429,0.6803054164048812,-0.3180653536888965,82,-0.026049915701150894,0.006536331959068775,1.0296539068222046,-1.7556908130645752,0.32536593079566956,-1.0526716709136963,0.13575384816875238,291.06897987508677,0.0
44.223,72.89583865001754,0.6139659585411169,0.23280025664059326,82,-0.01079579722136259,0.01542331837117672,1.0012221336364746,-1.2166647911071777,0.4594099223613739,-1.0878244638442993,0.13580423172213357,291.06897987508677,0.0
44.273,72.90212939065144,0.6842667135943645,0.6872047813680275,83,-0.011244342662394047,0.006903464440256357,0.9800103902816772,-1.3972842693328857,0.9995355606079102,1.135347843170166,0.13482538332945754,291.06897987508677,0.0
44.324,72.88739946921068,0.6147784880075504,0.5945490868450118,83,-0.008060994558036327,0.014772802591323853,0.9980262517929077,-1.127290964126587,-0.0500253289937973,0.2663992941379547,0.13417653474383187,291.06897987508677,0.0
44.374,72.86252190769927,0.49946482369268097,0.37932618596475876,83,-0.008174888789653778,0.015941480174660683,0.9901394844055176,-0.17897115647792816,0.46983474493026733,-1.0120621919631958,0.13344721834524487,291.06897987508677,0.0
44.424,72.84607305230907,0.4753624605041879,1.0753324425814759,83,-0.005420347210019827,0.03180519863963127,0.9887628555297852,-1.194623589515686,-1.9980545043945312,0.19643905758857727,0.13278010764521914,291.06897987508677,0.0
44.474,72.87192830719506,0.4952908504976329,0.7751512298445414,83,-0.005768484901636839,0.012548809871077538,0.9872668981552124,1.1138131618499756,0.5619450807571411,-0.38591626286506653,0.13327540246042766,277.2177131526768,0.0
44.525,72.86669167276493,0.4139250878768701,1.184196038431695,82,-0.006331185810267925,0.031900763511657715,1.0155282020568848,-0.4657653868198395,1.6359816789627075,1.263297438621521,0.1343584943255156,277.2177131526768,0.0
44.575,72.92168718196446,0.28006331835449944,1.2300018565351163,82,0.006927275564521551,0.011928630992770195,0.9941726326942444,-0.9891406893730164,1.2328486442565918,1.6681866645812988,0.13602691975801037,277.2177131526768,0.0
44.625,72.94470374086065,0.472182340987982,0.6055964729800064,82,-0.014856706373393536,0.0060988133773207664,0.9684761166572571,3.8462069034576416,0.3286195993423462,0.10537222772836685,0.1380647297452246,277.2177131526768,0.0
44.676,72.98191051321137,0.6303930746338662,0.48215758598182473,82,-0.007597324438393116,-0.0032006287947297096,0.9693096280097961,1.9905836582183838,0.41883084177970886,0.34037232398986816,0.13967417225528744,277.2177131526768,0.0
44.726,72.94455869720348,0.5888063293908365,0.29073076091026334,82,-0.007756754755973816,0.007760974578559399,1.0329787731170654,2.1026673316955566,1.0761034488677979,-1.4510104656219482,0.14216477932294155,277.2177131526768,0.0
44.777,72.96034334032365,0.5973141871713754,0.08642435854237604,83,-0.012684538960456848,-0.018162209540605545,0.9830432534217834,-0.770920991897583,-0.0857938751578331,-0.27677229046821594,0.14374706310781116,277.2177131526768,0.0
44.827,72.90154002007785,0.5213641854792692,0.24057449175580334,83,-0.012636901810765266,0.016156243160367012,1.005435585975647,-1.258815884590149,0.9154446125030518,-0.7750216126441956,0.14497779580545525,277.2177131526768,0.0
44.877,72.8428121204611,0.7754993190963475,1.5682238293533222,83,-0.021861055865883827,0.07066942751407623,1.0274170637130737,-0.510770320892334,-0.4479806423187256,-0.4581605792045593,0.14683414490517332,277.2177131526768,0.0
44.928,72.91366216429614,0.7761965438330786,1.3429495726292084,83,-0.012463780120015144,-0.0019004192436113954,0.9825765490531921,-2.8731539249420166,-2.4083449840545654,0.8676729202270508,0.14915586731239805,277.2177131526768,0.0
44.978,72.93808332552666,0.6592217428811775,1.0988078197957203,83,-0.008773012086749077,0.010452425107359886,0.9755222201347351,-1.1114206314086914,0.06875161081552505,0.6592089533805847,0.15054817068584708,286.515745611039,0.0
45.028,72.93556468662095,0.7664295149219387,1.2088836304165842,82,-0.01640811376273632,0.033984217792749405,1.0187866687774658,0.10519202798604965,1.3640575408935547,0.712498128414154,0.15295514858535192,286.515745611039,0.0
45.079,72.97582505065448,0.6792611530188094,1.2847609529526602,82,-0.009679731912910938,0.02169216051697731,1.0114800930023193,2.577989339828491,0.90175861120224,1.1966091394424438,0.1540636690687288,286.515745611039,0.0
45.129,73.0113417417009,0.5136194823425818,0.6450662641750844,82,0.0035847825929522514,0.007346733007580042,0.9865451455116272,2.1784474849700928,0.05990581959486008,-0.8693603277206421,0.155626228871748,286.515745611039,0.0
45.179,72.98729377074842,0.8070042924726064,0.7237132090309019,82,-0.020195800811052322,0.01525856088846922,0.9919928908348083,2.269110918045044,0.2348410040140152,0.374494343996048,0.15639385318545254,286.515745611039,0.0
45.23,72.93643191202034,0.8037743874210426,0.5858253338510194,82,-0.01463644951581955,0.024529770016670227,1.0037376880645752,2.199266195297241,1.358325719833374,-1.7585418224334717,0.15679270417102276,286.515745611039,0.0
45.28,72.92102818533944,0.8565945082275034,0.90843162687961,83,-0.013210555538535118,0.016630001366138458,0.9853556156158447,-1.2080894708633423,-2.501086950302124,-0.7483142018318176,0.15755421386137236,286.515745611039,0.0
45.33,72.92418500053141,0.7639607266918547,0.6628463258582504,83,-0.01399769727140665,-0.0030679884366691113,0.9893378019332886,-0.882580578327179,-0.007420755457133055,0.21103456616401672,0.1593867524742843,286.515745611039,0.0
45.38,72.88615515590804,0.7977939927710912,0.8691611884111323,83,-0.017852162942290306,0.03109217993915081,1.0131806135177612,-0.47619378566741943,-0.4403150975704193,-0.29471299052238464,0.16047964149895155,286.515745611039,0.0
45.431,72.91214769631989,0.8501351578020224,0.878914496748155,83,-0.0145906712859869,0.01100486796349287,0.9852054119110107,0.011425632983446121,0.3375470042228699,0.47024935483932495,0.16169401601395558,286.515745611039,0.0
45.481,72.92980139756578,0.8345309756944578,0.631750007668894,83,-0.01628822088241577,-0.0027864763978868723,0.9910026788711548,-0.797662079334259,-0.10364878922700882,0.3341095745563507,0.1619316969336026,286.515745611039,0.0
45.531,72.90312473192672,0.8147929032352245,0.30304254628967814,83,-0.012710203416645527,0.013516043312847614,1.0053317546844482,0.09804952889680862,0.4196248948574066,-1.019852638244629,0.1621463995189632,275.63277912860616,0.0
45.582,72.87652917302246,0.9148559368728482,0.5641683348664206,83,-0.017655378207564354,0.01877291314303875,0.9995643496513367,0.7562791705131531,-0.26162683963775635,-1.0111768245697021,0.16131352418001002,275.63277912860616,0.0
45.633,72.89616954818132,0.8705501890631244,0.9372517730651058,83,-0.015954788774251938,0.013098281808197498,0.9872254133224487,-0.8790474534034729,-1.741262674331665,0.3589048683643341,0.15993604241124548,275.63277912860616,0.0
45.683,72.91232375503552,0.8862314341730098,0.782594631808619,83,-0.014663844369351864,0.004365257918834686,1.0076206922531128,-0.9426720142364502,0.17574678361415863,1.7951823472976685,0.15880469689529567,275.63277912860616,0.0
45.733,72.91067812808737,0.8213248247609422,0.22125839072748266,83,-0.014203507453203201,0.0033141905441880226,0.9976434707641602,0.41961172223091125,-1.3145097494125366,-1.6340126991271973,0.15725810229466605,275.63277912860616,0.0
45.783,72.87251183690027,0.7344742833115194,0.5431087038982312,82,-0.014112361706793308,0.01705928146839142,1.009111762046814,-1.7379024028778076,-1.6628355979919434,-1.0047980546951294,0.1561413909479052,275.63277912860616,0.0
45.834,72.84164382515603,0.7223625226947378,0.7684777151579749,82,-0.010129179805517197,0.017292873933911324,1.0086300373077393,-0.3429088592529297,0.9987944960594177,-1.1328413486480713,0.15480453932777957,275.63277912860616,0.0
45.886,72.83918524528931,0.6348494508944533,1.2536563360431265,82,-0.011016597039997578,0.025666173547506332,0.9856533408164978,-2.1411421298980713,0.8890476226806641,1.016686201095581,0.15430630861266265,275.63277912860616,0.0
45.936,72.88303103117615,0.6039940709346656,0.612768911623644,82,-0.012415348552167416,-0.012599563226103783,0.9676579236984253,-0.7813588976860046,-1.8814525604248047,1.023514986038208,0.15418740493285038,275.63277912860616,0.0
45.987,72.85070472839341,0.6083765726004327,0.39436032191213355,82,-0.006406466010957956,0.025354087352752686,1.0165812969207764,-0.08015312254428864,-1.671832799911499,-1.0243892669677734,0.1538020904961925,275.63277912860616,0.0
46.037,72.8573670031822,0.5279615071465058,0.4887696285188668,82,-0.01001898292452097,0.004668030887842178,1.0034635066986084,-0.28660497069358826,-1.0132198333740234,-0.37893301248550415,0.15375774351313598,275.63277912860616,0.0
46.088,72.87276951545607,0.41169773281899746,0.1852911835173129,82,-0.0039914813823997974,-0.007546535227447748,0.9586305022239685,0.4275877773761749,-0.011739426292479038,-0.07866797596216202,0.15388859087741522,286.1053206002729,0.0
46.138,72.84414042720486,0.39802044852172,0.3392432290997559,82,-0.007295276504009962,0.008994417265057564,1.007047176361084,-0.7531262636184692,-0.30114614963531494,-0.4347604811191559,0.153900749497841,286.1053206002729,0.0
46.189,72.8338393073511,0.33379732749109997,0.783053228541765,82,-0.007357591763138771,0.025235649198293686,1.0015616416931152,-1.7908002138137817,-2.3916258811950684,0.43424224853515625,0.15425852183071706,286.1053206002729,0.0
46.239,72.84855126845507,0.27540890874277446,0.45800095670139185,82,-0.003443895373493433,0.00614063860848546,0.9942345023155212,-1.6655739545822144,-2.5395987033843994,-0.4881223738193512,0.15426056611449113,286.1053206002729,0.0
46.289,72.84568049727335,0.25435822202935576,0.26221662488004194,82,-0.004441555589437485,-0.0025388854555785656,0.9686444401741028,0.20134632289409637,0.09638316184282303,-0.8963335752487183,0.154366462701473,286.1053206002729,0.0
46.34,72.83318764732907,0.40986237447970275,0.8689532106956067,82,-0.01485485304147005,0.03234969079494476,1.016233205795288,-0.85556560754776,-0.1022605374455452,1.525743842124939,0.15489456333633425,286.1053206002729,0.0
46.392,72.84892822807645,0.33425041432016017,0.32177985435293144,82,-0.0035277169663459063,0.00191966921556741,0.9816684722900391,1.1021041870117188,0.98204505443573,-0.48506736755371094,0.15584985065726104,286.1053206002729,0.0
46.442,72.85336493086876,0.4273249570835951,0.15397964483280402,82,-0.009633366018533707,0.0009605337399989367,0.9855576753616333,0.9261838793754578,0.8686073422431946,-0.17628076672554016,0.1560089847449946,286.1053206002729,0.0
46.493,72.87169017929715,0.42680995817331635,-0.06135240003530989,82,-0.0040254429914057255,-0.020402709022164345,0.9938148260116577,0.678607702255249,1.5176968574523926,0.5059756636619568,0.15528180917094497,286.1053206002729,0.0
46.543,72.84116474983807,0.3793152164188498,0.12210847539823881,83,-0.007700430229306221,0.024422183632850647,1.0152667760849,0.5885323882102966,1.2772072553634644,-0.5173099637031555,0.15463460617223737,286.1053206002729,0.0
46.593,72.85974560221689,0.482290294542465,0.38005654773988023,83,-0.010454703122377396,0.006448456086218357,0.9945957064628601,1.2455596923828125,1.9875935316085815,0.5677984952926636,0.15438343148707384,286.9469795443662,0.0
46.644,72.88538875777408,0.528806011670824,0.5525676123495395,83,-0.01215033046901226,0.004599895793944597,0.9797692894935608,0.49582192301750183,2.23458194732666,0.9933413863182068,0.1544295250675819,286.9469795443662,0.0
46.694,72.86843053295615,0.8175830547692894,1.0581058274426116,83,-0.015508314594626427,0.03641599416732788,1.016736626625061,-0.29841166734695435,0.006628780160099268,0.4862358272075653,0.1547764359051401,286.9469795443662,0.0
46.745,72.88534161795982,0.6409641292939999,0.5044178123430313,83,-0.007450956851243973,0.0018842093413695693,0.9830055236816406,1.415198802947998,1.045027732849121,-1.4822381734848022,0.15611791401604352,286.9469795443662,0.0
46.795,72.88809053929633,0.7914122948219104,1.5355225729577664,82,-0.017063535749912262,0.045147646218538284,1.0041766166687012,-1.2671900987625122,-1.421406626701355,2.326796293258667,0.15742726113935024,286.9469795443662,0.0
46.845,72.960949610611,0.6778187237442239,1.174819837719817,82,-0.010258162394165993,0.00904152449220419,1.0035374164581299,-0.24029837548732758,-0.7540413737297058,1.7974801063537598,0.15943843577884717,286.9469795443662,0.0
46.897,72.99609818868029,0.5613346219006667,0.4638755326929882,82,-0.00964870024472475,-0.006859160959720612,1.0192193984985352,-1.7819774150848389,-0.6330950260162354,0.2242339551448822,0.16052469246542994,286.9469795443662,0.0
46.947,73.00831213372173,0.5776177041962338,0.20663702335444004,82,-0.011415110900998116,0.0014740178594365716,0.9807533025741577,-1.1430259943008423,0.9307130575180054,-0.3281653821468353,0.161284972107762,286.9469795443662,0.0
46.997,72.98443112903728,0.5940708423017574,0.4562899375304073,82,-0.012646804563701153,0.01861678808927536,1.0049351453781128,-0.9759568572044373,-0.011686904355883598,-0.7386676669120789,0.16179036647768355,286.9469795443662,0.0
47.048,72.99165209630284,0.588054972467574,1.02428647898201,83,-0.006633466109633446,0.02242499776184559,0.9800406098365784,-0.645031213760376,-0.3318798840045929,0.7884902358055115,0.16235190890311024,286.9469795443662,0.0
47.098,73.00928753757236,0.5346958480627833,0.8818524148587862,83,-0.009218492545187473,0.015919920057058334,1.002690076828003,0.26397398114204407,0.308253675699234,0.8386315107345581,0.16270497704417555,286.9469795443662,0.0
47.149,73.05111608548532,0.4298288159471997,0.21164888759068304,83,-0.006002024747431278,-0.019839975982904434,0.9788060784339905,-0.8310855627059937,-1.278669834136963,0.4456675052642822,0.1626835602500038,282.1597040026909,0.0
47.2,73.01755352714562,0.303850071391209,-0.02187824183448473,83,-0.007263071835041046,0.00454189907759428,1.008793830871582,0.1320226639509201,0.32944098114967346,-0.7013884782791138,0.16238231815499565,282.1597040026909,0.0
47.251,72.98153419412544,0.504752012038525,0.42108666377561665,83,-0.012173855677247047,0.018583066761493683,1.0044946670532227,-0.5990065932273865,-0.3228151202201843,-0.1695481389760971,0.16163406919085851,282.1597040026909,0.0
47.302,72.97227288073475,0.49241501400434845,0.2633454392791185,83,-0.004948365967720747,-0.0008050431497395039,0.9906035661697388,0.03984372317790985,-2.0468955039978027,-1.4561767578125,0.1611681597934767,282.1597040026909,0.0
47.352,72.93675770851343,0.4732773056897699,0.46351166549239237,83,-0.011166077107191086,0.022868206724524498,1.0163400173187256,-0.3672737777233124,-0.12181846797466278,-0.255567729473114,0.16160984169987694,282.1597040026909,0.0
47.402,72.94600327521464,0.49463488883129353,0.7102285868167406,83,-0.005591551307588816,0.009197493083775043,0.9997028708457947,-1.112252950668335,-0.08407119661569595,0.8288710713386536,0.16102438530189606,282.1597040026909,0.0
47.453,72.93952163169796,0.44064528535110997,0.3898275881856855,83,-0.00427456758916378,0.002882544184103608,0.9849908351898193,1.2484887838363647,1.215860366821289,-1.5170955657958984,0.15962931708424785,282.1597040026909,0.0
47.503,72.94089885186871,0.5202717589957925,0.8640371948318925,83,-0.013198467902839184,0.011765392497181892,0.976652979850769,0.039395324885845184,-0.05039616674184799,0.5310583710670471,0.15864202611136524,282.1597040026909,0.0
47.554,72.9360537552287,0.5646366552189547,1.0255093442399037,82,-0.008193915709853172,0.023313241079449654,1.0139983892440796,-0.24773161113262177,-0.8968871831893921,0.8534128665924072,0.15850102166947572,282.1597040026909,0.0
47.604,72.94758869045843,0.5535687568268854,0.9375705731505217,82,-0.009548154659569263,0.021530216559767723,1.0109968185424805,-0.42731690406799316,0.48141032457351685,-0.5447820425033569,0.1579951287387342,282.1597040026909,0.0
47.654,72.99159730800129,0.5727740193503872,1.0697589014139364,82,-0.0111078517511487,0.012050741352140903,0.9817142486572266,-1.1425200700759888,-0.5860044360160828,1.338281273841858,0.15728520634515708,282.1597040026909,0.0
47.705,73.02103450334633,0.5728549977806229,0.8297529174215929,82,-0.00811736285686493,0.020255258306860924,1.0216619968414307,0.06335853040218353,0.18594631552696228,0.8536842465400696,0.15669994534507262,283.4755339280887,0.0
47.755,73.04705010258442,0.48664976128428683,0.48656469824313076,82,-0.005563909187912941,-0.000987346051260829,0.9996645450592041,0.42114344239234924,0.6328009963035583,-0.4477897882461548,0.15630010581711987,283.4755339280887,0.0
47.805,73.05141345414665,0.5177741448433577,0.7782060798214414,83,-0.011198537424206734,0.021720899268984795,1.0025032758712769,-0.6779135465621948,2.487499475479126,0.9515740275382996,0.15622027541352024,283.4755339280887,0.0
47.856,73.07433518002435,0.5002036341480054,0.7096460040706137,83,-0.008427157066762447,0.006079512648284435,0.9813306331634521,0.937606692314148,1.7966079711914062,0.34542974829673767,0.15615266208165623,283.4755339280887,0.0
47.906,73.05792610976901,0.5954914485639257,1.3295292774148,83,-0.014228089712560177,0.04573269933462143,1.006120204925537,-0.012999197468161583,0.5918121337890625,0.9733322262763977,0.15536962023985057,283.4755339280887,0.0
47.956,73.10585005653857,0.5793951617688947,0.9994785143142132,83,-0.008172981441020966,0.006639433093369007,0.9859300851821899,0.23974619805812836,-1.700529932975769,0.284229040145874,0.1551521842876861,283.4755339280887,0.0
48.006,73.12615481691806,0.5879329847860613,0.6890005989797144,83,-0.008435049094259739,0.0018518881406635046,0.9891357421875,1.1435229778289795,1.143977403640747,0.16645273566246033,0.15514824164016136,283.4755339280887,0.0
48.057,73.11340984852352,0.5431761083959744,0.9106958231462869,82,-0.006321024615317583,0.026089761406183243,1.0105395317077637,1.1932547092437744,1.3537851572036743,-0.15813887119293213,0.15473432856689376,283.4755339280887,0.0
48.107,73.11728920786723,0.6103715379006941,1.4005573676343606,82,-0.013281678780913353,0.03550363704562187,1.013575553894043,-0.5618127584457397,0.3607400357723236,1.308120608329773,0.15368492097682948,283.4755339280887,0.0
48.158,73.16923434193373,0.5937345276383856,1.0822757184776224,82,-0.0076485686004161835,0.0013741200091317296,0.9912740588188171,-0.9566641449928284,-0.6554955840110779,1.4223401546478271,0.15325233221073983,283.4755339280887,0.0
48.208,73.16914816993445,0.5360739711362155,0.448386915892866,82,-0.011087591759860516,0.001669295714236796,0.9813681244850159,4.124969482421875,6.177118301391602,-0.18357530236244202,0.15231971227022498,298.2722230123738,0.0
48.259,73.11465830559125,0.5984158218835754,0.7848672752240026,82,-0.01631845161318779,0.03856095299124718,1.0250954627990723,0.9402855634689331,0.30866539478302,-0.4800523817539215,0.1514594270638853,298.2722230123738,0.0
48.309,73.11582189958035,0.5667951019307711,0.8377621966143955,83,-0.009243703447282314,0.01085465308278799,0.9828038811683655,0.09724016487598419,-1.5236276388168335,-1.176169514656067,0.15054985318938005,298.2722230123738,0.0
48.359,73.09754246023375,0.5293746137004808,0.9945320452997694,83,-0.0074482630006968975,0.015504701063036919,0.9988692402839661,-1.1433494091033936,-2.123042106628418,-0.8681764602661133,0.1501605786435251,298.2722230123738,0.0
48.41,73.05386383065735,0.5937768312021402,1.13596516637115,83,-0.013869239948689938,0.0250210240483284,0.9974461793899536,-0.5098963975906372,0.0979287400841713,-0.28743088245391846,0.14994281186956301,298.2722230123738,0.0
48.46,73.0315528162994,0.6549774729909913,1.3240503402377104,83,-0.011851622723042965,0.03100513108074665,0.999056875705719,-0.31393709778785706,-1.8757283687591553,-0.4760516285896301,0.14998655725545446,298.2722230123738,0.0
48.51,73.02291238775474,0.5706190423037532,0.8904456464333123,83,-0.006346839480102062,0.004307523835450411,0.983413815498352,0.7119256258010864,0.4576347768306732,-1.1900092363357544,0.14987694979938287,298.2722230123738,0.0
48.561,72.99512389811439,0.5783841294967669,1.1465635742859905,82,-0.013868260197341442,0.013746773824095726,0.9889510273933411,0.44527414441108704,0.14411456882953644,0.31954649090766907,0.15008214319742863,298.2722230123738,0.0
48.611,72.97561038836434,0.6147344608324387,1.2866066036356418,82,-0.010418841615319252,0.03602825477719307,1.015220284461975,0.01936599798500538,-0.049708109349012375,0.15680494904518127,0.15045170869873556,298.2722230123738,0.0
48.662,73.00025516340261,0.5701091755849045,1.0448150538072343,82,-0.008261706680059433,0.00792733859270811,0.9916485548019409,-0.682306170463562,-1.1027956008911133,0.13624711334705353,0.1504604776501169,298.2722230123738,0.0
48.712,73.01428614830073,0.7026744530004073,0.9243399592407309,82,-0.014435856603085995,0.013569720089435577,0.9724505543708801,0.5110934376716614,-0.5683058500289917,0.6058875918388367,0.15064404883936944,298.2722230123738,0.0
48.762,73.02356367384678,0.8632083908377273,1.1330011641585915,82,-0.022181836888194084,0.04060789570212364,0.9901593923568726,1.7585735321044922,-0.7649017572402954,1.2022637128829956,0.15066699383602275,277.2543627710206,0.0
48.813,73.11522351376995,1.217567898250397,0.6887204759831871,82,-0.03222564607858658,0.00013770873192697763,0.9524497389793396,-0.6547731161117554,-6.924831390380859,2.656531810760498,0.14989166445739546,277.2543627710206,0.0
48.863,73.14312058393875,1.5207220831062034,-0.4299122476942308,82,-0.04022078216075897,-0.007617455441504717,1.0080987215042114,1.1473263502120972,-4.583404064178467,1.1328471899032593,0.14872072121035282,277.2543627710206,0.0
48.914,73.20039721953886,1.7523173522688975,-1.2662243294836018,82,-0.04594283550977707,-0.03831111267209053,0.906243085861206,-11.80795669555664,-15.95203685760498,-2.6942219734191895,0.14824458441589564,277.2543627710206,0.0
48.964,73.13859232946014,2.6541474938338765,-3.45987463444973,82,-0.09797845780849457,-0.11442841589450836,0.8650422096252441,10.660357475280762,-5.930790424346924,-0.1898323893547058,0.14901475442347953,277.2543627710206,0.0
49.015,73.64372916356385,6.1290969532890545,-2.2695135721444313,82,-0.16607233881950378,0.01442447304725647,0.6991248726844788,30.642908096313477,15.033432960510254,23.455392837524414,0.14919968566468236,277.2543627710206,0.0
49.066,74.5934600331925,9.538492683563817,0.9801807370538946,82,-0.22138382494449615,0.164108544588089,0.7558799982070923,58.091224670410156,-22.479459762573242,27.746240615844727,0.14792744857823692,277.2543627710206,0.0
49.116,75.82214688122029,16.833424753230553,5.531711713221351,82,-0.3782598376274109,0.07824484258890152,0.7296714186668396,171.66693115234375,72.34600830078125,66.80413055419922,0.14573747564951187,277.2543627710206,0.0
49.166,77.68920349644713,23.714371819516817,3.9867675794560498,82,-0.3702002167701721,0.03745526075363159,0.7934386730194092,229.54920959472656,47.374996185302734,38.26957702636719,0.13916735198358557,277.2543627710206,0.0
49.217,77.78761320681802,30.174889017625443,7.133339850905239,82,-0.589576005935669,0.18446533381938934,1.0318193435668945,90.21258544921875,-82.57946014404297,-4.107748508453369,0.13176703313861468,277.2543627710206,0.0
49.267,78.55801611398498,31.931463388354366,6.137694132958939,82,-0.5644526481628418,0.10520686209201813,1.0142565965652466,-52.745033264160156,-103.26978302001953,39.470855712890625,0.11770280151609613,277.2543627710206,0.0
49.317,79.02107695585293,31.21214997869471,5.612751016020257,82,-0.5011475086212158,0.21550026535987854,1.1546435356140137,91.81552124023438,-130.44297790527344,18.30019187927246,0.10818513069355534,282.6350404312669,0.0
49.367,80.15239648668143,32.51878192658859,-2.1753343376258263,82,-0.4491922855377197,-0.30105409026145935,1.027898907661438,4.934605598449707,-64.64246368408203,12.616878509521484,0.09517173463753337,282.6350404312669,0.0
49.418,80.38735692149366,27.844498496235605,-11.88706998195266,82,-0.38633012771606445,-0.373300164937973,1.1293734312057495,-24.01209259033203,4.642445087432861,-3.837461471557617,0.08735691877409567,282.6350404312669,0.0
49.468,79.07844414148967,23.457032493423316,-15.115049102835625,82,-0.3662244975566864,-0.2149021178483963,0.8932754993438721,-28.707910537719727,11.088711738586426,-66.53562927246094,0.076764808601096,282.6350404312669,0.0
49.52,77.01990725021533,25.901138502169765,-13.077074307230806,82,-0.613735020160675,-0.20846353471279144,0.8743464946746826,97.71987915039062,21.31574058532715,-45.15776443481445,0.07062253037829444,282.6350404312669,0.0
49.57,74.81948610727505,33.779528101027225,-5.545883179683224,82,-0.5622954368591309,0.01274478156119585,0.9094944000244141,-6.956777095794678,130.5,-68.85376739501953,0.062353521241743606,282.6350404312669,0.0
49.62,71.73961709893756,30.72533385226183,-1.2347377062854448,82,-0.4710650146007538,-0.13848859071731567,0.4251866340637207,-256.64263916015625,23.715469360351562,-47.957542419433594,0.057368132178291814,282.6350404312669,0.0
49.671,72.07062444018429,14.524317236214367,-9.946936593482565,82,-0.11345721781253815,-0.1688678115606308,1.3945980072021484,-312.1339111328125,-157.75758361816406,84.31905364990234,0.050572192391497885,282.6350404312669,0.0
49.721,71.09055287447933,3.6392791638759983,-6.572245825328901,82,0.23606300354003906,0.059491243213415146,1.0204061269760132,47.3462028503418,285.0349426269531,-95.2301025390625,0.04649222726812076,282.6350404312669,0.0
49.771,69.34943664094641,-3.1174736069776072,4.604339838193598,82,0.6384143829345703,0.6640222668647766,4.620379447937012,11.806266784667969,71.50843048095703,14.221972465515137,0.04086334282584665,282.6350404312669,0.0
49.822,68.29240132482896,0.31782499160355693,3.397281711810971,82,-0.4464230537414551,0.20693154633045197,1.1816383600234985,43.892635345458984,-11.726244926452637,-174.8048095703125,0.035864868785955226,285.5793558929666,0.0
49.873,67.72737407049237,-2.8671331484675115,1.9387753760107902,82,-0.17364810407161713,0.1408620923757553,1.0161283016204834,0.0004943858948536217,0.3731749355792999,5.590160846710205,0.03290172625636492,285.5793558929666,0.0
49.923,67.72451439129524,-1.35537539710043,1.6737796099542726,82,-0.006068491842597723,0.02979065664112568,0.9995054006576538,-0.23510022461414337,-0.5291215777397156,-0.02995205484330654,0.028909224355576645,285.5793558929666,0.0
49.973,67.72186553493367,-0.7440768466032436,1.3233433163122341,82,0.0014048449229449034,0.016885608434677124,0.9991878867149353,-0.07725106179714203,0.09738759696483612,-0.0991872176527977,0.02649424905237843,285.5793558929666,0.0
50.024,67.7208365445842,-0.36007114825919323,1.1309627800832194,82,-0.0016727487090975046,0.016895918175578117,0.9985890984535217,0.10868667811155319,0.11781982332468033,-0.06685617566108704,0.02333291388094831,285.5793558929666,0.0
50.074,67.72009299446543,-0.16844247487848918,1.062681036658429,82,0.0012538568116724491,0.017621776089072227,0.9982719421386719,-0.1810508668422699,-0.0022172306198626757,0.010317320935428143,0.021454635053304225,285.5793558929666,0.0
50.125,67.72031989922533,-0.04963868362075248,0.996877073252272,82,-0.00304444064386189,0.01724068820476532,0.9979469180107117,0.19823148846626282,-0.013299687765538692,0.05052303522825241,0.01893971925980413,285.5793558929666,0.0
50.175,67.72103320504431,-0.009065330205905362,0.9966933864839939,82,-0.002395468298345804,0.01746509224176407,0.9983612895011902,-0.20537617802619934,-0.1499309092760086,-0.06076967716217041,0.0174284029489238,285.5793558929666,0.0
50.225,67.72202903690759,0.003270605890068621,0.9995375355511347,82,1.6591871826676652e-05,0.016626203432679176,0.9968694448471069,-0.424897164106369,-0.22881028056144714,-0.14568859338760376,0.015328630224542582,285.5793558929666,0.0
50.276,67.72049222012842,0.0012324691945252387,0.9531944581697971,82,0.0007192823104560375,0.015510153025388718,0.9970912337303162,-0.26193732023239136,0.14624488353729248,-0.16000553965568542,0.014000710718578991,285.5793558929666,0.0
50.326,67.71838621354078,0.0055077493354211025,0.9702561790884747,82,-0.0008377623744308949,0.017149681225419044,0.9996428489685059,-0.12307422608137131,-0.1332269012928009,-0.11034254729747772,0.012162823291105896,285.5793558929666,0.0
50.376,67.71896516151524,0.01655122933448879,0.9505078353355645,82,0.0005297472234815359,0.014858165755867958,0.9988709092140198,-0.2064492404460907,-0.04096190631389618,-0.0386347696185112,0.01105600593030633,284.0130010834236,0.0
50.427,67.71932543099456,-0.015657129970579872,0.947753059188799,82,0.00052763766143471,0.017980435863137245,0.9975629448890686,-0.05687529221177101,-0.00896583590656519,-0.19880498945713043,0.009501658790421443,284.0130010834236,0.0
50.477,67.7169440631593,0.022664449501673824,0.9474489771989526,82,-0.0032710146624594927,0.017869718372821808,0.9988284111022949,-0.10807982087135315,0.2554558217525482,-0.25534769892692566,0.00861082763134076,284.0130010834236,0.0
50.527,67.71258866253278,0.008462231967087546,0.9741113092386765,82,0.0014357139589264989,0.018700888380408287,0.998008131980896,-0.12745966017246246,-0.061698365956544876,-0.11491110920906067,0.0074406142147859814,284.0130010834236,0.0
50.578,67.71419195415787,-0.007093071296559315,0.9735246322937003,82,0.00032874176395125687,0.017054585739970207,0.9982094168663025,-0.04195793718099594,0.023891184478998184,0.2061319649219513,0.006744750359162976,284.0130010834236,0.0
50.628,67.7169955885165,-0.0009646335580985495,0.9684362054835396,82,-0.00010585985000943765,0.015916187316179276,0.9987064003944397,-0.18153676390647888,-0.17611049115657806,-0.08222194015979767,0.0057295315797225065,284.0130010834236,0.0
50.679,67.71573348169,0.005660198218758343,0.9670494783205404,82,0.0002332591830054298,0.018371911719441414,0.997468888759613,-0.23544596135616302,-0.15530361235141754,-0.34716883301734924,0.005131289842291177,284.0130010834236,0.0
50.729,67.71663721016427,0.021202024364259477,0.9341436544293622,82,0.0004659463302232325,0.01850709691643715,0.9969985485076904,0.1712956428527832,-0.2849326729774475,0.2468326836824417,0.004376892544331105,284.0130010834236,0.0
50.78,67.71648607681077,0.02864575235325714,0.9730621216980397,82,-0.000466861150925979,0.018785668537020683,0.9988587498664856,-0.17138932645320892,0.16033992171287537,-0.008636998943984509,0.0037336428751400196,284.0130010834236,0.0
50.831,67.72035538706228,0.02979143664417386,0.9578097234798383,82,-0.001511784503236413,0.01591683179140091,1.0003142356872559,0.02738681621849537,-0.08839984238147736,0.12203937023878098,0.003366471628166347,284.0130010834236,0.0
50.882,67.72509496830567,0.05611037543859566,0.9880176866364347,82,0.0025995157193392515,0.01783539354801178,0.9977967739105225,-0.032751504331827164,-0.15839390456676483,0.0800604447722435,0.002884296530765278,284.0130010834236,0.0
50.932,67.72874419076176,0.04137087138935777,0.9913378969928174,82,0.0003551736881490797,0.017978982999920845,0.9989739656448364,0.1261034905910492,0.020620880648493767,-0.06682349741458893,0.002602599609406457,258.55652817161877,0.0
50.983,67.72938666492288,0.04628468393154205,0.965738903521614,82,-0.0012079185107722878,0.015810759738087654,1.0000232458114624,-0.07952497899532318,-0.09422840178012848,0.011512475088238716,0.00223407747611681,258.55652817161877,0.0
51.033,67.72900799506778,0.023687831245391987,1.0174310978770944,82,0.0007354998961091042,0.01921893283724785,1.0010175704956055,-0.10040661692619324,0.061940502375364304,-0.17838993668556213,0.0020236616760745505,258.55652817161877,0.0
51.084,67.72891779379546,0.022578910409165723,0.9687616215925601,82,-0.00025681647821329534,0.01717935875058174,0.998866617679596,0.024073494598269463,0.09481067210435867,0.0770658552646637,0.0018357951235417624,258.55652817161877,0.0
51.134,67.73341172534461,0.044890120525638705,0.9462382020142415,82,-0.001929303864017129,0.016054930165410042,0.9974686503410339,0.11095631867647171,0.12351655215024948,0.23405420780181885,0.0015824299697632875,258.55652817161877,0.0
51.184,67.73532176115874,-0.023369946746798962,0.9786734082029072,82,0.004122018814086914,0.017195742577314377,0.9974803924560547,-0.152871772646904,0.19643807411193848,0.01624756120145321,0.0013381227081433807,258.55652817161877,0.0
51.235,67.73388184236217,0.004100743028056189,0.9570499677487931,82,-0.0016852597473189235,0.015128310769796371,0.995442807674408,0.05943785235285759,-0.05785578861832619,-0.09798283874988556,0.0011974267500082327,258.55652817161877,0.0
51.285,67.73371349717763,0.009450590430816454,0.9530415870085632,83,-0.0010099796345457435,0.017469732090830803,0.9968157410621643,-0.2599223554134369,-0.04805665463209152,0.020823530852794647,0.00101641319042635,258.55652817161877,0.0
51.335,67.72995529566955,0.022731901048329985,0.9537849307277957,83,-0.0019450675463303924,0.01762026734650135,0.997063398361206,-0.0532967783510685,0.0023542018607258797,0.17106100916862488,0.0009148731868358995,258.55652817161877,0.0
51.386,67.7293258418733,0.04475892542974394,0.9523626271434812,83,-3.160153573844582e-05,0.016824450343847275,1.000141978263855,-0.13363541662693024,-0.09410440176725388,-0.015309084206819534,0.0007853408829227449,258.55652817161877,0.0
51.436,67.7263568758568,0.03805102087598347,0.9775178436247499,83,-0.00135188945569098,0.017096808180212975,0.9973722100257874,-0.1554720401763916,-0.017299287021160126,-0.29116594791412354,0.0007112234088407724,286.24199822561934,0.0
51.487,67.72686260179583,0.02552266623534954,0.9717973792978984,83,-0.0004920171340927482,0.016807198524475098,0.9976415634155273,0.12650921940803528,-0.07940953224897385,0.03019494004547596,0.00061556567141627,286.24199822561934,0.0
51.537,67.72495650887775,0.031113432114223606,0.966574350269327,82,-0.0019154362380504608,0.018142521381378174,0.9989235997200012,0.11507198959589005,-0.11156071722507477,-0.008156836032867432,0.0005607103242277476,286.24199822561934,0.0
51.587,67.72417068934224,0.027782685797965997,0.9416107019377622,82,-2.510718331905082e-05,0.015588241629302502,0.9999527335166931,0.0741550400853157,0.02496212162077427,0.10607613623142242,0.0005479908905585168,286.24199822561934,0.0
51.638,67.72683484969879,-0.006570468038980846,0.9718108330478866,82,0.0008213875698857009,0.01633720099925995,0.9968418478965759,-0.3109531104564667,0.015677671879529953,0.13677853345870972,0.0004980204444600061,286.24199822561934,0.0
51.688,67.72869180215679,0.010748759260274436,0.9584565051051339,82,-0.0018956392304971814,0.017325233668088913,0.9989452958106995,-0.1523197889328003,-0.005832318216562271,0.06090773642063141,0.00042895183408706955,286.24199822561934,0.0
51.738,67.73011944284785,0.020523701295110833,0.9551333259579238,82,-0.0004094939795322716,0.016572292894124985,0.9966923594474792,-0.2079942524433136,0.031132593750953674,-0.17377130687236786,0.0003882461305357445,286.24199822561934,0.0
51.789,67.72471331606688,0.02839572995020248,0.9613887387675042,82,-0.0001823301863623783,0.017799826338887215,0.9983226656913757,0.09852451831102371,0.010455806739628315,-0.01695098727941513,0.00033351588583338163,286.24199822561934,0.0
51.839,67.72401867049679,0.049582618150708094,0.9775371736428641,82,-0.0008924640133045614,0.017598804086446762,0.9978370666503906,0.04833021014928818,-0.019971251487731934,-0.038307078182697296,0.0003009872627594655,286.24199822561934,0.0
51.889,67.72531445336496,0.05494327680129348,0.9763497829970231,82,0.0006436426192522049,0.01722811535000801,0.999187707901001,0.14767998456954956,-0.05805237963795662,0.03385695442557335,0.0002572983962246301,286.24199822561934,0.0
51.941,67.72675627240545,0.03636076252389467,1.0043439605312356,82,-0.001100129564292729,0.017673570662736893,0.9983739852905273,0.03779630362987518,-0.017303703352808952,0.1508485972881317,0.0002211194284315156,286.24199822561934,0.0
51.991,67.72498353218072,0.06253908148044526,1.015149753438428,82,-0.0012409151531755924,0.0189152080565691,0.9980682134628296,-0.2914864122867584,-0.08014199882745743,-0.11575762927532196,0.000199725956160208,280.1993453136482,0.0
52.041,67.72601950397969,0.04784678336141415,1.0397977808671555,82,-0.0005169778596609831,0.01984499953687191,0.9983392953872681,-0.22927172482013702,-0.039382535964250565,-0.03518753871321678,0.00017170429988900952,280.1993453136482,0.0
52.091,67.72729256559677,0.036403344213789615,1.001708948162881,82,-0.002260209061205387,0.01869950257241726,0.9997915625572205,0.1713416427373886,0.1768166720867157,0.100227952003479,0.00015493247499283685,280.1993453136482,0.0
52.142,67.72797255652944,0.0037168440423931393,0.9864809204656415,82,0.0020202009472995996,0.017351998016238213,0.9975640773773193,-0.13172560930252075,0.002899572718888521,0.00031820297590456903,0.00013271958682102472,280.1993453136482,0.0
52.192,67.73119713690129,-0.0005486325901957503,0.9656332978249046,82,-0.0005719813052564859,0.014842062257230282,0.9974161982536316,-0.17499302327632904,0.10102619230747223,0.026148103177547455,0.00012003103655804144,280.1993453136482,0.0
52.243,67.73118201999064,0.0007479816922175247,0.9453308110207946,82,-0.0010130471782758832,0.016644863411784172,0.9987716674804688,-0.06353846937417984,0.14113642275333405,-0.1843494027853012,0.00010337733528424725,280.1993453136482,0.0
52.293,67.73103203281605,0.008502575388539154,0.9383593162947479,82,0.0020520975813269615,0.015484617091715336,0.9982582926750183,-0.006043036002665758,-0.04636285826563835,0.10446203500032425,9.374785952960264e-05,280.1993453136482,0.0
52.343,67.73583358435405,0.011470345389346884,0.9561299902655784,82,-0.001531361835077405,0.017250193282961845,0.9969225525856018,0.15846458077430725,-0.19119350612163544,0.180037721991539,8.148918303872143e-05,280.1993453136482,0.0
52.393,67.73655335155503,0.03780849775787364,0.9646631327452677,82,-0.0025072135031223297,0.01671196147799492,0.998271107673645,0.06174573674798012,-0.048186883330345154,0.19397057592868805,7.42278834807797e-05,280.1993453136482,0.0
52.444,67.73911370030991,0.03745030945267835,0.9384257687251125,82,-0.0006072135292924941,0.016295865178108215,0.997321605682373,-0.06894534081220627,-0.038341451436281204,-0.002121326280757785,6.463161383161482e-05,280.1993453136482,0.0
52.494,67.73590738984923,0.03249420397011643,0.9470781794581713,82,0.0015978196170181036,0.01600242406129837,0.9959214329719543,0.03279334306716919,0.022347576916217804,0.049247365444898605,5.9142349534824814e-05,280.1993453136482,0.0
52.544,67.73410406138498,0.04866153347536427,0.9419383336022976,82,-0.00039670264231972396,0.016230836510658264,1.0000685453414917,-0.627933919429779,-0.18774181604385376,-0.0034336489625275135,5.180871183584058e-05,282.007933839844,0.0
52.595,67.73351904352754,0.004066054372235359,0.9863683333120656,82,0.001435461570508778,0.01883646845817566,0.9978401064872742,-0.14749298989772797,0.34478944540023804,0.005445154849439859,4.747418490440167e-05,282.007933839844,0.0
52.648,67.73652949432973,0.028317684448493873,0.9981635925902603,82,-0.0024487089831382036,0.02001473493874073,0.9983347654342651,-0.14317163825035095,-0.01897655986249447,0.11905419081449509,4.1574893463954994e-05,282.007933839844,0.0
52.699,67.73315764889392,0.022196314897530788,0.9657506582190372,82,-0.00017811292491387576,0.016335271298885345,0.9966087937355042,0.04920612648129463,-0.16372209787368774,0.03574633598327637,3.644657130392314e-05,282.007933839844,0.0
52.749,67.73405334526785,0.026783610174103835,0.9775900899445769,82,-0.001530289533548057,0.01798427663743496,0.9975536465644836,-0.22466857731342316,-0.09508372098207474,-0.11662974208593369,3.3432159390746134e-05,282.007933839844,0.0
52.8,67.73087333108336,0.027302137179974238,0.9832892440455684,82,0.00018491422815714031,0.01822340488433838,0.9969348311424255,-0.2668890953063965,-0.08056142181158066,0.03181062266230583,2.9167300068004502e-05,282.007933839844,0.0
52.85,67.72831506343813,0.02845118019019655,0.9829030432829376,82,-0.0019408840453252196,0.01623835228383541,0.9976218938827515,0.07693006843328476,0.18456274271011353,-0.2269538789987564,2.6579839000083032e-05,282.007933839844,0.0
52.9,67.72867685335412,0.042136432700900575,0.9943852589772835,82,-0.0008242464391514659,0.016135873273015022,0.9995512962341309,-0.014710219576954842,0.03409853205084801,0.045239128172397614,2.323640088161561e-05,282.007933839844,0.0
52.951,67.72785220056272,0.03502009391377426,0.9717313323049759,82,-0.0005182638415135443,0.016571858897805214,0.997942328453064,-0.033846158534288406,0.029305264353752136,-0.04160920903086662,0.00012253066073418054,282.007933839844,0.0
53.002,67.73017076761255,0.0224664259121697,0.9166913984476222,82,-0.0010578668443486094,0.015840614214539528,0.997398316860199,-0.07693544030189514,0.025742769241333008,0.28182122111320496,0.0003092972699468937,282.007933839844,0.0
53.052,67.72987196441365,0.0007984185698626545,0.9351469855148772,82,-0.0004502266237977892,0.014992731623351574,0.9941437244415283,-0.3226921558380127,-0.1401422917842865,-0.026057044044137,0.00031497960351742056,286.00777361063757,0.0
53.103,67.72609231351794,0.04603028318424798,0.9604814090225583,82,-0.0028433986008167267,0.016009600833058357,0.9993448853492737,-0.16375881433486938,-0.11269893497228622,-0.09593214839696884,0.0004128885914438798,286.00777361063757,0.0
53.153,67.7251952166874,0.05499438769310032,0.9883521233918566,82,-0.000434124784078449,0.017486702650785446,0.9971533417701721,-0.010691647417843342,0.062304768711328506,-0.05853990092873573,0.0006835192452576052,286.00777361063757,0.0
53.204,67.72612809622966,0.058249696093386726,0.9650474255398206,82,-0.0008326816605404019,0.016439776867628098,0.9989855289459229,0.06580965965986252,-0.04547479376196861,0.22189216315746307,0.0011080584615939459,286.00777361063757,0.0
53.255,67.72675982460183,0.04474343906754924,0.9620913491628031,82,-0.0007097689085640013,0.015861371532082558,0.9975240230560303,-0.2714104950428009,-0.026391422376036644,-0.042861901223659515,0.0013416153828520621,286.00777361063757,0.0
53.305,67.72468587020097,0.04171435303446762,0.9712357011502561,82,-4.5851702452637255e-05,0.017257926985621452,0.9991883039474487,-0.19234563410282135,-0.04432334378361702,-0.1324913203716278,0.0018523071303489947,286.00777361063757,0.0
53.355,67.72109115060051,0.0572084110024401,0.9859404486457444,82,-0.003178507788106799,0.01833229511976242,0.997526228427887,-0.05003279820084572,-0.17165356874465942,-0.16197378933429718,0.0018836276371431333,286.00777361063757,0.0
53.405,67.71961332313647,0.04814480180498608,0.9696200667963925,82,-0.0016363209579139948,0.017695646733045578,0.9957844614982605,0.15872149169445038,0.018855690956115723,-0.0024001705460250378,0.0020162725598056657,286.00777361063757,0.0
53.456,67.72273377086339,0.04734113516681455,0.9822371803582676,82,-0.0005559337441809475,0.01700950600206852,0.9980847835540771,-0.1472562700510025,-0.0976741760969162,0.18578700721263885,0.0020399342996125286,286.00777361063757,0.0
53.506,67.72604098206244,0.03478031131288162,0.9725232147776575,82,-0.0008746728417463601,0.017519017681479454,0.99640953540802,-0.018135249614715576,0.10367418080568314,0.09864228963851929,0.0017866575467827385,286.00777361063757,0.0
53.557,67.72508805132766,0.020512932030933153,0.978549795057367,83,0.0005495811346918344,0.017737610265612602,1.001085638999939,-0.025079907849431038,-0.011729973368346691,-0.062145110219717026,0.0016344357311443845,286.00777361063757,0.0
53.607,67.72604751855359,0.012956748366173092,0.9839656322464146,83,-0.0009734302875585854,0.01758723519742489,0.9985024929046631,-0.09260271489620209,-0.21062730252742767,0.025880789384245872,0.001429911400603991,285.13283480625427,0.0
53.658,67.72622513915647,0.019350024942636303,0.9892426520038726,83,0.0002964141021948308,0.016842231154441833,0.9987735152244568,-0.042878955602645874,0.04502176493406296,0.03916885703802109,0.0012530408572890323,285.13283480625427,0.0
53.708,67.72765283446766,0.03522119559418244,1.0167413517825055,83,-0.0011313216527923942,0.019509142264723778,0.9978671669960022,0.03815198689699173,-0.0774497389793396,0.1590474247932434,0.001147289055429941,285.13283480625427,0.0
53.758,67.72689177511663,0.04907549321883393,0.9647328178011149,82,-0.0016550319269299507,0.015906130895018578,0.9973949193954468,-0.30377599596977234,-0.04832735285162926,-0.0573393814265728,0.0010490328009172562,285.13283480625427,0.0
53.809,67.72836648471772,0.046338164725103895,0.9480922277511586,82,-0.0012576889712363482,0.014490270055830479,0.99826580286026,0.09818011522293091,-0.06419789046049118,0.13739214837551117,0.0009162600924484651,285.13283480625427,0.0
53.859,67.72814842716559,0.03736602974125612,0.9565257557535976,82,-0.0016325479373335838,0.01863676682114601,0.9974769949913025,-0.027839016169309616,-0.14304976165294647,0.04028630256652832,0.0008395874239837199,285.13283480625427,0.0
53.91,67.72915293148125,0.048862397937988834,0.9528979383416237,82,-0.0021404947619885206,0.016404757276177406,0.99756920337677,0.04696965962648392,-0.06361091881990433,-0.05929030478000641,0.0007350953566374239,285.13283480625427,0.0
53.96,67.73278970739283,0.04011590672670075,0.9680490412394593,82,-0.0026176294777542353,0.018110211938619614,0.9972213506698608,0.12075163424015045,-0.0031765548046678305,0.10604353249073029,0.0006454466416371708,285.13283480625427,0.0
54.01,67.73168589849541,0.05904920821390273,0.9635654759247915,82,-0.0014911083271726966,0.01670433022081852,0.9981356263160706,-0.19508697092533112,-0.2234230488538742,-0.1487450748682022,0.0005922198884229604,285.13283480625427,0.0
54.061,67.73092112961146,0.04191980691157427,0.9751041630590741,82,-0.0013635202776640654,0.015734365209937096,0.9969838261604309,-0.3327189087867737,0.000827502110041678,-0.10215090215206146,0.0005216218308384255,285.13283480625427,0.0
54.111,67.73057843547063,-0.010980634968036324,0.9800881778189471,82,0.002306502778083086,0.016836408525705338,0.9975247383117676,0.07238775491714478,-0.03782685846090317,-0.03128047287464142,0.00047943744388883296,285.2879880288396,0.0
54.161,67.72727549088599,0.005767253864485167,1.0102932559188627,82,0.000371847883798182,0.017422208562493324,0.9954138398170471,-0.16288159787654877,0.08459604531526566,0.00962899625301361,0.000423035510307819,285.2879880288396,0.0
54.212,67.72821760379125,0.029900541266889052,1.0131800037280871,82,0.0006668369169346988,0.016395503655076027,0.9968211650848389,0.04259853810071945,-0.05874398350715637,0.04883651062846184,0.000388379684746642,285.2879880288396,0.0
54.263,67.72994963226705,0.025678781057240432,0.9910526862203071,82,-0.0023927732836455107,0.018056418746709824,1.0006479024887085,-0.11977643519639969,-0.2541778087615967,-0.054129019379615784,0.00034145885638666595,285.2879880288396,0.0
54.314,67.73025698573854,-0.0037538982570808482,1.010783799342189,82,-0.000488369376398623,0.017538459971547127,0.9979783296585083,-0.15416255593299866,0.14397190511226654,0.016487840563058853,0.00031294679803074824,285.2879880288396,0.0
54.364,67.72982577145852,-0.004609403316352673,0.9775690846082321,82,0.001074838568456471,0.0148767726495862,0.9981104731559753,0.10105810314416885,-0.13021288812160492,0.02745327726006508,0.0002756800276591512,285.2879880288396,0.0
54.414,67.72996640702809,0.009004786090312992,0.9553776825717778,82,-0.0014667108189314604,0.01732620783150196,0.995753288269043,-0.06729722768068314,-0.023186976090073586,-0.005066558253020048,0.0002537931322002544,285.2879880288396,0.0
54.464,67.72683556543548,-0.011587895966195154,0.9341318492670627,82,0.001328382990323007,0.016558218747377396,0.9989970326423645,-0.19917774200439453,-0.004946745932102203,-0.12957121431827545,0.00023374619159926576,285.2879880288396,0.0
54.515,67.72458196322016,-0.00028179723927357006,0.956904122853151,82,0.0010353914694860578,0.017215047031641006,0.9992693066596985,-0.346540242433548,0.07416179031133652,-0.12552346289157867,0.00020732326326716892,285.2879880288396,0.0
54.565,67.72201008967464,-0.01082667391765553,0.9485764829123036,82,-2.1225461750873365e-05,0.01648404449224472,0.9978246688842773,-0.11644979566335678,0.10913272202014923,0.07069650292396545,0.00018313032541115664,285.2879880288396,0.0
54.616,67.72086575617227,0.01705761770421936,0.9757973888063202,82,-0.0006259187939576805,0.016450686380267143,0.9986435770988464,-0.040108077228069305,0.2313036173582077,0.11964772641658783,0.0001615832515569019,285.2879880288396,0.0
54.666,67.7197759055309,0.01823060604965011,0.9717484134930634,82,0.00039056866080500185,0.014624462462961674,0.9972795844078064,0.06461004167795181,0.07668009400367737,0.05630272999405861,0.00014872131867871004,177.03461083910182,0.0
54.716,67.71941063016482,0.02634329017104533,0.9751350851381451,82,0.0006362076965160668,0.01650315336883068,0.9984673261642456,-0.1347600668668747,-0.09135214984416962,-0.07683547586202621,0.0001312848550432193,177.03461083910182,0.0
54.767,67.72403029659354,0.03776045852209595,0.9802233187949264,82,-0.0014212231617420912,0.018103692680597305,0.9988284707069397,-0.09704487025737762,0.041573185473680496,0.11739351600408554,0.00012071332431047678,177.03461083910182,0.0
54.818,67.72603361501918,0.05695625662715201,0.9661063286155801,82,-0.0008580751600675285,0.01685125194489956,0.9982323050498962,0.13724848628044128,-0.07667126506567001,0.15911675989627838,0.00010637976954074415,177.03461083910182,0.0
