time (s),yaw,pitch,roll,battery,acc_x,acc_y,acc_z,gyro_roll,gyro_pitch,gyro_yaw,x (m),y (m),altitude (m),loop rate (Hz),target altitude (m)
0.0,6.0449587135667775,-0.8389304987130344,0.3472860604070706,54,0.012329602614045143,0.006736721843481064,1.0009740591049194,-0.034267690032720566,-0.18789562582969666,0.04317982867360115,0.5455514937569987,0.5501169885585214,0.0034797300227121476,279.34092574092574,0.0
0.051,5.870889992307848,-0.8475434282005945,0.35089360751836773,54,0.01699990965425968,0.00818417314440012,0.997130811214447,-0.026829713955521584,-0.18053926527500153,-0.0705985352396965,0.546603605442103,0.5504092704408369,0.0043024322640881005,279.34092574092574,0.0
0.101,5.811009255613708,-0.8551067862334262,0.3510070648316621,54,0.013513781130313873,0.005225403234362602,0.998447835445404,0.03902139514684677,-0.06981734931468964,-0.10208611190319061,0.548163652074412,0.5500578626220516,0.00396799254264874,279.34092574092574,0.0
0.152,5.713402213138389,-0.8476658326294767,0.3422747213107337,54,0.014086752198636532,0.005125665105879307,0.9988486766815186,-0.006231508683413267,-0.19549919664859772,0.2027568519115448,0.5483808679360883,0.5494166375826128,0.003056852175518495,280.1993453136482,0.0
0.202,5.136776461294188,-0.8465092271920308,0.34483683420045136,54,0.014526658691465855,0.00680563086643815,0.9990373849868774,0.1878128945827484,-0.14424669742584229,-0.07922858744859695,0.5479746643798533,0.5489275072988946,0.002501025576603127,280.1993453136482,0.0
0.252,4.668725925296363,-0.8506234186757249,0.3484103126814403,54,0.014613890089094639,0.00816352665424347,0.9986371397972107,-0.11268679052591324,-0.08838999271392822,0.04125954210758209,0.5487726410592872,0.5482814265232222,0.001850810199194789,280.1993453136482,0.0
0.302,4.720864337306306,-0.8417494904403292,0.34976783726465405,54,0.011891116388142109,0.006138654425740242,1.0003859996795654,-0.17584434151649475,0.03455048426985741,-0.15736982226371765,0.5475966527339825,0.5491027741427305,0.0015141883025443872,280.1993453136482,0.0
0.352,5.2876204087916,-0.8339006147336459,0.34255346098277345,54,0.013999467715620995,0.007123301737010479,0.9994117021560669,-0.1665072739124298,-0.05613255500793457,0.09502419829368591,0.5474659512409835,0.5495263812626991,0.0011204281914419742,280.1993453136482,0.0
0.403,5.193141887913034,-0.8322748567120068,0.346794732727833,54,0.014758553355932236,0.006623371504247189,1.0005381107330322,0.12030074000358582,-0.011482015252113342,0.20435138046741486,0.5506278152368147,0.5488114912349503,0.0009165374188993,280.1993453136482,0.0
0.453,5.207784438928487,-0.8378987633423186,0.3487275961058777,54,0.014939146116375923,0.006072512362152338,1.0001683235168457,-0.00630978075787425,-0.12075896561145782,-0.08638303726911545,0.5541794557341952,0.5505239274803777,0.001360334095278519,280.1993453136482,0.0
0.504,5.363862649968286,-0.8388443372149021,0.34679437131762764,54,0.015202770940959454,0.007231026887893677,0.9988957047462463,0.016656950116157532,-0.05538123846054077,-0.025055762380361557,0.5549398757829226,0.5519682029021596,0.0015382003985437607,280.1993453136482,0.0
0.554,5.7521816244955,-0.836206489933484,0.3508689795955318,54,0.014330422505736351,0.005177303683012724,0.9986425638198853,-0.17863532900810242,-0.053216684609651566,-0.01346837542951107,0.552314992773237,0.5554894692581239,0.0015566011282579658,280.1993453136482,0.0
0.604,6.272740181231549,-0.8507402870084575,0.3497339262967693,54,0.015022876672446728,0.005830236244946718,0.9984212517738342,-0.16787926852703094,-0.0546729601919651,-0.0725538432598114,0.5516208721051333,0.5575223930428072,0.001897992127448548,280.1993453136482,0.0
0.654,6.797644197554296,-0.8547369902963202,0.34084674876154003,54,0.014171921648085117,0.005260496865957975,0.9998652338981628,-0.0812290608882904,0.004811851307749748,-0.032609645277261734,0.5487914684767016,0.560822214546723,0.0036340513484601922,280.1993453136482,0.0
0.705,7.367666320271417,-0.8460642263182258,0.3482951696470623,54,0.015585318207740784,0.006353386677801609,1.0006992816925049,-0.10721802711486816,-0.006558152846992016,0.006340417079627514,0.5453685690400614,0.5643505772698969,0.0044405020632783355,276.34101989721967,0.0
0.755,7.928299633784139,-0.845788265599128,0.3578103476437633,54,0.01482432708144188,0.00876783300191164,0.9984283447265625,-0.04427345097064972,-0.017964081838726997,-0.022738540545105934,0.5444388657792196,0.5659206969265757,0.005836311064493082,276.34101989721967,0.0
0.806,8.253223554732482,-0.842715240479639,0.3463849533306437,54,0.01482966635376215,0.004793975967913866,1.0028247833251953,-0.013811654411256313,-0.21208517253398895,-0.17790035903453827,0.5442970165565929,0.5668581778155504,0.0066244879810461645,276.34101989721967,0.0
0.856,8.768100376088595,-0.840888445846976,0.3492200607440468,54,0.016110483556985855,0.007366676814854145,0.9972360730171204,0.04273032769560814,-0.05768926814198494,-0.006290830671787262,0.5417524019506039,0.5687412156373709,0.0066819177368981015,276.34101989721967,0.0
0.907,9.37272121997229,-0.8486312189232953,0.34313789084946145,54,0.01541330385953188,0.004383952356874943,0.9988558888435364,-0.05955682322382927,0.00020233445684425533,-0.02561766840517521,0.538698583271359,0.5721673201824407,0.006502025816738146,276.34101989721967,0.0
0.958,9.899103243257724,-0.85048551011294,0.34495092861386417,54,0.013074557296931744,0.006741762161254883,0.9987568259239197,-0.16168120503425598,0.03718128427863121,-0.03427361696958542,0.535655143766536,0.5767601941732571,0.006244488687864376,276.34101989721967,0.0
1.008,10.419216348582026,-0.8511449209254814,0.3467803255425809,54,0.015754135325551033,0.0063818288035690784,0.9999203681945801,-0.0388394370675087,0.016363751143217087,-0.006495240610092878,0.5307841741567373,0.5818732616771465,0.005631889731563382,276.34101989721967,0.0
1.058,10.954153397786177,-0.8562437344577543,0.3563450785488784,54,0.015986347571015358,0.0066742850467562675,1.0032522678375244,-0.21894390881061554,-0.11901094019412994,0.04538612440228462,0.5298938704484935,0.5839372270693554,0.004721946008668594,276.34101989721967,0.0
1.109,11.50964130797179,-0.8639499607073556,0.3700532388429252,54,0.015802206471562386,0.006100961938500404,0.9997658729553223,-0.049738720059394836,0.08035847544670105,-0.08246269822120667,0.5263070997214481,0.58531900317358,0.0034940106374377372,276.34101989721967,0.0
1.159,11.928883820917884,-0.8571953431601408,0.37377733248032347,54,0.014679012820124626,0.007155668456107378,1.0002193450927734,-0.04016244411468506,-0.11704639345407486,-0.02171286940574646,0.5257006418146917,0.5832951568024275,0.002858527590094994,276.34101989721967,0.0
1.209,11.298740921247147,-0.8448425442581154,0.3746677969785689,54,0.014508564956486225,0.006572105456143618,0.9965367913246155,-0.09502331167459488,-0.11840946972370148,0.054759662598371506,0.5232491976122129,0.5834477933665442,0.0021152123582440984,276.34101989721967,0.0
1.26,11.336800895736122,-0.8510626670826426,0.36034014106946355,54,0.014890541322529316,0.004375565331429243,0.9995015263557434,0.054918598383665085,-0.08635751157999039,-0.03572259098291397,0.5233944122068405,0.58360649372635,0.0017303813367532826,283.78240866035185,0.0
1.31,11.288934147979024,-0.8542889213915316,0.3499721060333329,54,0.014670424163341522,0.004257773980498314,0.9972849488258362,-0.24526461958885193,0.11096953600645065,0.05861775949597359,0.5277875072736207,0.5803674615284002,0.0012802519748292404,283.78240866035185,0.0
1.36,11.06065313192084,-0.8606818224018135,0.33132435743831024,54,0.016330542042851448,0.004374327138066292,1.0017387866973877,0.1541663259267807,-0.07490900158882141,0.014907528646290302,0.5294879613743163,0.5784174414283662,0.0010472651931987182,283.78240866035185,0.0
1.411,10.78233142853201,-0.8530973714089687,0.3399155070855339,54,0.015542812645435333,0.0060602156445384026,0.9995047450065613,-0.04704790189862251,0.03870715573430061,0.1613250970840454,0.5301328369002134,0.5758754544159592,0.0007748020959671599,283.78240866035185,0.0
1.461,10.400615983891022,-0.8544613337685203,0.3348691921412775,54,0.016323674470186234,0.005372203420847654,0.998291015625,-0.09943945705890656,-0.1336117833852768,-0.16335155069828033,0.5309735569127102,0.5726182380848847,0.0006337487741786257,283.78240866035185,0.0
1.511,10.055844173636531,-0.8475490416454114,0.3314647916516062,54,0.013346000574529171,0.005558560602366924,0.9983922243118286,-0.05192207172513008,0.10844680666923523,0.21440809965133667,0.5326021887681551,0.5693529171346844,0.00046883508110186775,283.78240866035185,0.0
1.562,9.705164297510217,-0.8586596193784295,0.34089006475566364,54,0.015091104432940483,0.0061803641729056835,0.9980933666229248,0.13058461248874664,-0.2068963497877121,0.1188889741897583,0.5341192218315935,0.5670919772950129,0.0003834893698842739,283.78240866035185,0.0
1.612,9.495012921944813,-0.8647424638888476,0.34515956716846913,54,0.014868621714413166,0.005915218032896519,0.9981263875961304,0.08429603278636932,-0.031231073662638664,0.0552479550242424,0.5369775927737307,0.5657008294075008,0.00028371604002302715,283.78240866035185,0.0
1.663,9.30495868238107,-0.8665253506057189,0.3131093371866632,54,0.01590239815413952,0.003393155988305807,0.9985837936401367,0.2574813663959503,0.06605631113052368,0.24253863096237183,0.537264482601762,0.5651515231866188,0.0002320577251784501,283.78240866035185,0.0
1.714,8.983618110358952,-0.8489293698113072,0.31317107882649353,54,0.01440880075097084,0.005645538214594126,1.0001167058944702,0.1572197526693344,-0.03505215048789978,-0.01496896706521511,0.5389773633480396,0.562808451813752,0.0001716530130941312,283.78240866035185,0.0
1.765,8.721212567655778,-0.86171125158137,0.314074664630257,54,0.013773170299828053,0.005262384191155434,0.9997903108596802,-0.10634957253932953,-0.027523744851350784,0.25498947501182556,0.5413111521051512,0.5592593530851291,0.00012697730568660256,284.70703231061634,0.0
1.816,8.398195654823317,-0.8548127967246691,0.30805313804125795,54,0.014566185884177685,0.005068952217698097,0.9990606904029846,0.10673628002405167,-0.26257985830307007,0.08328494429588318,0.5429790944163644,0.554761857882124,0.00010387019722615406,284.70703231061634,0.0
1.866,8.041821287434207,-0.8473538907908144,0.31559473918766495,54,0.01400364562869072,0.006588684394955635,0.9988867044448853,-0.04150133952498436,-0.06618056446313858,0.10085052251815796,0.5433227499191926,0.5506537399674135,7.685543271871668e-05,284.70703231061634,0.0
1.917,7.642369988855662,-0.8523333524686297,0.33201994789139083,54,0.014822806231677532,0.004043771419674158,0.998308539390564,-0.10840757191181183,0.0813765600323677,0.10508758574724197,0.5441255865129035,0.5478907404114429,0.00041180484705738353,284.70703231061634,0.0
1.969,7.256062033522166,-0.8520575292304282,0.32770769075272954,54,0.014493932016193867,0.005108755547553301,0.9984512329101562,0.26945146918296814,-0.08766007423400879,0.012617549858987331,0.5448708222798737,0.5433795866653203,0.00033691524012115573,284.70703231061634,0.0
2.019,6.863736350549933,-0.860437451093371,0.3165568078612169,54,0.014586130157113075,0.0047671981155872345,0.9976539611816406,0.04176931455731392,-0.09225750714540482,0.24059805274009705,0.5455509720478399,0.5387475275394196,0.0003128269958886485,284.70703231061634,0.0
2.07,6.404590047280687,-0.8443078388056862,0.3366978197538811,54,0.012588312849402428,0.007812910713255405,0.9979631304740906,-0.048750825226306915,0.05314040929079056,-0.08662727475166321,0.5436863055300372,0.5346831445330857,0.0007875625852004333,284.70703231061634,0.0
2.12,5.906296033510269,-0.849021853412714,0.32897173220038844,54,0.014177126809954643,0.005725153721868992,1.0001003742218018,-0.08370424062013626,0.1327754110097885,0.042560189962387085,0.543432793474366,0.5337494231606823,0.0010328418164981686,284.70703231061634,0.0
2.17,5.313496346968441,-0.8457039754448216,0.3292278667704808,53,0.015298498794436455,0.006705726962536573,0.9982147812843323,0.07292861491441727,-0.03448924422264099,-0.07952526211738586,0.5412989637262577,0.5336854860561755,0.0009687869580011214,284.70703231061634,0.0
2.22,5.149574949432453,-0.847481438490984,0.3382358552414765,53,0.016115136444568634,0.007258937694132328,0.9980849623680115,0.09884995222091675,0.014227576553821564,-0.10916724056005478,0.5408034884796818,0.533264197135491,0.001195299869149325,284.70703231061634,0.0
2.271,4.772597020100227,-0.8463480929843746,0.3314714189128752,53,0.014582167379558086,0.004478118382394314,0.9998462796211243,0.035739716142416,-0.06505946815013885,0.10853467136621475,0.5396551400531728,0.5310173267707714,0.0022156187715163663,284.70703231061634,0.0
2.321,4.135457797838376,-0.8397526234672826,0.32421756559151815,53,0.013594782911241055,0.0029600742273032665,0.9988033175468445,-0.20864051580429077,0.16025349497795105,0.0962347462773323,0.5392080309157369,0.5280625965583371,0.003111068052221546,285.6377008989376,0.0
2.372,3.861485607902409,-0.8362052386952338,0.3504150119293708,53,0.015566682443022728,0.009082061238586903,1.0000765323638916,-0.046331413090229034,-0.18676091730594635,0.026420587673783302,0.5437093197624818,0.5262955883273666,0.00468421652124033,285.6377008989376,0.0
2.422,3.925416918553662,-0.8288637775380653,0.35364227711369906,54,0.012564289383590221,0.006451657507568598,0.9990584850311279,-0.017590131610631943,-0.03826490417122841,0.018895577639341354,0.5434641233521291,0.5282701735939039,0.004456695509698663,285.6377008989376,0.0
2.472,4.338355318762003,-0.8336505556070485,0.36154267238514015,54,0.014901671558618546,0.008142106235027313,1.0011746883392334,-0.2509714365005493,0.12817442417144775,-0.1689966917037964,0.540708621812979,0.5304675442089387,0.0034785498218581653,285.6377008989376,0.0
2.523,4.879454147418365,-0.8329216740343947,0.3742030593558443,54,0.0139829833060503,0.004538272507488728,0.998698890209198,-0.22120189666748047,0.04887973517179489,-0.07925241440534592,0.5404304764256289,0.5333176179152964,0.002954715777888842,285.6377008989376,0.0
2.574,5.486750533987403,-0.8448874174844114,0.37100963202088466,54,0.015064719133079052,0.007778340484946966,1.001508355140686,0.024378446862101555,0.03486459702253342,-0.28646960854530334,0.5387537314763943,0.533474454873405,0.002482076991323208,285.6377008989376,0.0
2.625,5.090447342751323,-0.8441497192578095,0.36354952430299736,54,0.014013638719916344,0.005769051611423492,0.9983779191970825,-0.2376970648765564,-0.14573900401592255,0.09982665628194809,0.5390294674067615,0.5321747311862632,0.0027162936946385093,285.6377008989376,0.0
2.675,4.856910369896451,-0.8427722801336984,0.3582262207220275,54,0.013841732405126095,0.004914701916277409,0.9993698596954346,-0.08461073040962219,0.24524365365505219,-0.12609130144119263,0.5400822275714726,0.5323984844195192,0.0027880890035816546,285.6377008989376,0.0
2.725,4.868386108651616,-0.8347590633977525,0.3342185735442394,54,0.011929231695830822,0.003910582046955824,1.0006732940673828,0.015044587664306164,-0.11606904864311218,-0.14960047602653503,0.5436158429353678,0.5326001693462022,0.002983171083684099,285.6377008989376,0.0
2.776,4.8738163852184515,-0.8350098160252245,0.33770354531502067,54,0.014103948138654232,0.007571239490061998,1.0001237392425537,0.11211651563644409,-0.007726436946541071,-0.045191891491413116,0.5477472802191632,0.5335348049455059,0.0040314668554027565,285.6377008989376,0.0
2.826,4.909218285613906,-0.8393646158307205,0.3449784878330874,54,0.015345585532486439,0.007676956243813038,0.9985511898994446,-0.11365435272455215,0.15732894837856293,-0.07883170247077942,0.5543860481419416,0.5372473024021309,0.00549485350142667,285.6377008989376,0.0
2.876,5.009912652898742,-0.8393732316243685,0.3512428664158708,54,0.015654196962714195,0.006492493208497763,0.9982687830924988,0.14603079855442047,0.25887906551361084,-0.14824414253234863,0.5566522387122012,0.536887374508526,0.0060066730916153895,285.96877343696735,0.0
2.927,4.992624696268047,-0.8470225622561026,0.3568925684281752,54,0.014317112043499947,0.0050984644331038,0.998618483543396,0.1375790536403656,0.09424706548452377,0.027561228722333908,0.5624421270761717,0.5363894944562484,0.007601228381591545,285.96877343696735,0.0
2.977,4.941746636377678,-0.8459128702236346,0.3561099489705837,54,0.014061364345252514,0.006061029154807329,1.0006366968154907,0.033445730805397034,-0.12015529721975327,-0.003961666952818632,0.5624279570373918,0.536183873343755,0.008001592989988853,285.96877343696735,0.0
3.027,4.918549443651367,-0.8498363123616612,0.3689915709283389,54,0.015303469263017178,0.008046327158808708,1.0005277395248413,-0.02836567535996437,-0.08498142659664154,-0.0925736203789711,0.5619399698973805,0.5364064705148403,0.008928836291384627,285.96877343696735,0.0
3.078,4.918637277516555,-0.84956511677549,0.3456421136457126,54,0.014502553269267082,0.006823228672146797,0.998820960521698,-0.24239371716976166,0.0015900162979960442,0.03994007781147957,0.5620443545918203,0.5365428241987269,0.008948297850558937,285.96877343696735,0.0
3.128,5.469030754703884,-0.8485999269588802,0.3405782522624043,54,0.013187515549361706,0.004201660864055157,1.0005972385406494,-0.018620634451508522,-0.04028187692165375,-0.00651779817417264,0.5592444354245613,0.5376763583214581,0.007966933746934364,285.96877343696735,0.0
3.178,6.136952965130565,-0.8344085244100358,0.33516811745605796,54,0.013308812864124775,0.005079370923340321,1.0002095699310303,-0.04681555554270744,-0.006767949089407921,-0.06318166851997375,0.557824135430899,0.5376069036694173,0.006880804688432033,285.96877343696735,0.0
3.229,6.662750448787497,-0.8423834631799124,0.344815654420735,54,0.016542350873351097,0.008401235565543175,1.0016933679580688,0.22006282210350037,-0.30629587173461914,-0.12257461994886398,0.5578081972397773,0.5393845034507168,0.005174087931293907,285.96877343696735,0.0
3.279,7.116158805709558,-0.8599214350049738,0.359375463983506,54,0.01595359854400158,0.006403451319783926,0.9995132684707642,-0.008638350293040276,0.06106990575790405,-0.09630812704563141,0.5573430463177096,0.5406948184385862,0.00423208321986499,285.96877343696735,0.0
3.329,7.611178556411167,-0.8559151026499061,0.35759947177593854,54,0.01560902874916792,0.005141896661370993,1.0005742311477661,-0.2703699767589569,0.010669730603694916,0.01742655225098133,0.5552756948301996,0.5456255969355736,0.0031306274054459294,285.96877343696735,0.0
3.38,8.204598973271146,-0.8495583593611336,0.3664557812241793,54,0.013619846664369106,0.00886214803904295,1.0008177757263184,-0.18278101086616516,0.14987650513648987,-0.15172778069972992,0.550741796456906,0.5503167190458437,0.0025608633889368498,285.96877343696735,0.0
3.43,8.761373435700845,-0.8462077683510151,0.3625881704361128,54,0.013779368251562119,0.007845795713365078,1.0005661249160767,-0.10555848479270935,0.13415563106536865,0.09381817281246185,0.5453578974356342,0.5552538050941036,0.0018947099441860985,276.6873804340656,0.0
3.481,9.340765645057841,-0.8394833864775308,0.35757895209955665,54,0.014621076174080372,0.006835952401161194,0.9983497262001038,-0.1876821666955948,0.0633777305483818,-0.2743496000766754,0.5415619181167551,0.5571924976178227,0.0015499741559676314,276.6873804340656,0.0
3.531,9.971570702005488,-0.8465966176282969,0.3592329401168357,54,0.014844636432826519,0.007131526712328196,1.0011225938796997,-0.1418093889951706,0.02654217928647995,0.03963577002286911,0.5337218709905162,0.5609402396041764,0.0011468577869585938,276.6873804340656,0.0
3.581,10.648851857449108,-0.8426908701332083,0.3529377965418402,54,0.014659188687801361,0.0059303599409759045,1.002501368522644,-0.06558382511138916,-0.05118614062666893,-0.09555423259735107,0.5304957724339477,0.5613842501683809,0.0009382513751305155,276.6873804340656,0.0
3.632,11.351897266093648,-0.8517368556849574,0.3525947291619143,54,0.014125856570899487,0.004464858211576939,0.9996829628944397,-0.1593976765871048,0.08584505319595337,0.10983964800834656,0.5261425126648582,0.5613921518893047,0.0006942744363655758,276.6873804340656,0.0
3.682,10.918763250332983,-0.8627010327278646,0.3538438594434317,54,0.015664594247937202,0.006083816755563021,0.9994175434112549,0.05161475017666817,-0.06948056071996689,-0.07103626430034637,0.5256474757057534,0.5591052536319886,0.0005136594498286522,276.6873804340656,0.0
3.733,10.450454803205217,-0.8534636043958747,0.36684695660669614,54,0.015424284152686596,0.0060082231648266315,1.0009517669677734,0.08817671239376068,0.05881880596280098,-0.12917625904083252,0.5254527655329119,0.5578425064105489,0.0004202087832148293,276.6873804340656,0.0
3.783,9.830552255660672,-0.8569750515338441,0.35780684467149515,54,0.015381475910544395,0.004820801317691803,0.9988905191421509,-0.03208306059241295,0.13386380672454834,-0.07007197290658951,0.5221985026386267,0.5562188060626908,0.00031091214204199654,276.6873804340656,0.0
3.834,9.130223908643071,-0.8471254268266685,0.35405195098665354,54,0.013322572223842144,0.007552852854132652,0.9983581900596619,-0.3306572735309601,0.18424749374389648,0.021685892716050148,0.5206819987472164,0.5548746615405407,0.00025435196015843837,276.6873804340656,0.0
3.884,8.410062720775121,-0.8615488533147779,0.35210009692065586,54,0.0167316272854805,0.006123163737356663,0.9994775652885437,-0.012912187725305557,-0.12867775559425354,0.0562039390206337,0.5193159311061293,0.5555254918490357,0.00018821527925826813,276.6873804340656,0.0
3.935,8.808114446570848,-0.8656449392576181,0.3402179971013825,54,0.015358006581664085,0.005289371591061354,1.001569151878357,0.1659979522228241,0.252901166677475,-0.0033511589281260967,0.5177793364250667,0.5553028768577571,0.00015399356176008162,284.49460761039137,0.0
3.985,8.167590314882828,-0.8601382749002201,0.3456612363442205,54,0.014790918678045273,0.003001630073413253,0.9979075193405151,-0.1446404755115509,-0.14785972237586975,0.021162783727049828,0.5194033937162659,0.5507739679922375,0.00011392419850852918,284.49460761039137,0.0
4.036,7.854680079966347,-0.8494928840037955,0.3474798488161935,54,0.013504951260983944,0.0066267214715480804,0.9996726512908936,-0.0675751119852066,0.04067707806825638,-0.01864369958639145,0.5209720319292593,0.5487855143809579,9.317654044500124e-05,284.49460761039137,0.0
4.086,7.570721748797988,-0.8462093583818882,0.340718797975249,54,0.014251146465539932,0.005262642167508602,1.0014357566833496,0.04626373574137688,-0.013716310262680054,-0.13523900508880615,0.524694043085352,0.5439266947314259,6.89238514828883e-05,284.49460761039137,0.0
4.138,7.293351732154648,-0.8408976510887076,0.3538870009011891,54,0.015220822766423225,0.006407533772289753,0.9999045729637146,-0.018488828092813492,0.028849700465798378,0.010541894473135471,0.5264492880400394,0.5403092109008787,5.637981623663853e-05,284.49460761039137,0.0
4.188,6.966490128926375,-0.8487292290267383,0.34717185973262543,54,0.016006767749786377,0.006146578583866358,1.0001407861709595,0.016968902200460434,0.03603473678231239,0.1832311749458313,0.5287983898801547,0.5310583127035191,4.170443670950881e-05,284.49460761039137,0.0
4.238,6.632916942794242,-0.84607856907521,0.35618722758521815,54,0.014443441294133663,0.003975949715822935,1.0000369548797607,-0.17889715731143951,0.03043871745467186,0.055505476891994476,0.5327689594317566,0.5269440244278295,3.411016460160607e-05,284.49460761039137,0.0
4.289,6.3195201239399434,-0.8485080573057819,0.3382904533198976,54,0.013377859257161617,0.0063218832947313786,0.9980167150497437,-0.080587238073349,0.0862714871764183,-0.1731111854314804,0.5349611464874117,0.5209065953709591,2.5236260472296042e-05,284.49460761039137,0.0
4.339,6.024255443201526,-0.84693813895151,0.34190386067685535,54,0.014689677394926548,0.005815895739942789,1.0004758834838867,0.0913962870836258,0.019473712891340256,-0.030176272615790367,0.5387528087684785,0.5161769935016606,2.0645584740737577e-05,284.49460761039137,0.0
4.389,5.7635661619944,-0.8416377943755647,0.3313360351347595,54,0.012440170161426067,0.005673143081367016,0.9971816539764404,-0.06177743896842003,-0.16526825726032257,0.16407808661460876,0.5424548272777551,0.5139065817964265,1.5277769189473467e-05,284.49460761039137,0.0
4.439,5.507797654987323,-0.8407504021023767,0.3461933793673496,54,0.013980794697999954,0.007400173228234053,1.001481533050537,-0.0882742628455162,-0.05434525012969971,0.06746400892734528,0.5423310937286625,0.5131758666897226,1.2498459492075952e-05,284.49460761039137,0.0
4.49,5.310735144798394,-0.8364136100988776,0.3529093463371241,54,0.014708749949932098,0.008539160713553429,0.9979365468025208,0.19148311018943787,0.1106598749756813,-0.020231282338500023,0.5438980113007728,0.5144201120163445,9.246735899557025e-06,259.7896562403221,0.0
4.54,5.568050043079131,-0.83083911620291,0.35610815616917313,54,0.013653108850121498,0.006378494203090668,1.00016188621521,-0.22353537380695343,0.23427383601665497,-0.30435770750045776,0.5455937111852364,0.5179827624082729,7.563017654133447e-06,259.7896562403221,0.0
4.591,5.872940023210838,-0.8219721372138069,0.362235397645114,54,0.01457802951335907,0.006140472367405891,1.0013716220855713,-0.19590897858142853,-0.19621595740318298,0.19620977342128754,0.5465704479200019,0.5221370421587452,5.592855655095007e-06,259.7896562403221,0.0
4.641,6.154873170025662,-0.8217368968134605,0.35240299688749077,53,0.01548480149358511,0.007927563041448593,1.0006208419799805,-0.09731937944889069,0.003516596741974354,0.255268931388855,0.5472871417188216,0.5237802433888269,4.5737596694443165e-06,259.7896562403221,0.0
4.691,6.6175892919505745,-0.8273935717050197,0.34839665167144174,53,0.01508348062634468,0.006845273543149233,1.000001311302185,-0.08615106344223022,-0.03307969495654106,-0.05757235735654831,0.5441381124414347,0.5263670999919615,3.3831151879663053e-06,259.7896562403221,0.0
4.742,7.222999352721323,-0.8320803851675983,0.35340425474042103,53,0.014730498194694519,0.006629261653870344,0.9985572099685669,-0.1334853321313858,-0.13564826548099518,-0.0003503081388771534,0.5420422884354177,0.5279893160281975,2.767224226667926e-06,259.7896562403221,0.0
4.792,7.938084549010218,-0.8217012154580098,0.3538798684196366,53,0.013799459673464298,0.004495181608945131,0.9993552565574646,-0.2549615204334259,0.12955769896507263,-0.012675074860453606,0.5404372742057092,0.5277013353623559,2.046896049801363e-06,259.7896562403221,0.0
4.843,8.40842220523832,-0.8272659041557033,0.3554469246017978,53,0.014166263863444328,0.006314347498118877,1.000632643699646,0.1901361495256424,-0.030825797468423843,0.05816379189491272,0.5404357965724997,0.5311363149927759,1.5140801144552657e-06,259.7896562403221,0.0
4.893,8.69308513708955,-0.8303232003685659,0.3523100416945735,54,0.014532718807458878,0.007291505113244057,0.9988912343978882,-0.1995425820350647,0.08808384090662003,-0.09523826092481613,0.542991246669951,0.5313795508000596,1.2385036597811767e-06,259.7896562403221,0.0
4.943,8.67903326452597,-0.8395294187685112,0.3501483738217707,54,0.016309846192598343,0.008171633817255497,1.0003950595855713,-0.03683207184076309,-0.026134731248021126,-0.11170674115419388,0.5502678766892265,0.531364453223156,9.163314030443603e-07,259.7896562403221,0.0
4.994,8.626870763332999,-0.8314047662315686,0.33802479171281435,54,0.01313989982008934,0.006284685339778662,1.0006747245788574,-0.09301303327083588,-0.10462360084056854,0.11084648221731186,0.550068762882739,0.5303550613477084,7.495169445538306e-07,259.7896562403221,0.0
5.044,8.35253350026749,-0.8453223124204353,0.3495729145788903,54,0.01645154505968094,0.005299644079059362,1.000497579574585,-0.031235557049512863,-0.06145177036523819,-0.06419569253921509,0.5507747756541886,0.526911399525655,5.54281876460945e-07,285.5015996188142,0.0
5.094,8.06381953222928,-0.835127340540686,0.3258073339769434,54,0.012947941198945045,0.00641595758497715,0.9990690350532532,-0.0899919718503952,-0.18721118569374084,-0.028926759958267212,0.5527396406629844,0.5259151941283852,0.00035894430312849457,285.5015996188142,0.0
5.144,7.9144144539043575,-0.8346205304999997,0.3290416647782989,54,0.015069576911628246,0.0058210608549416065,0.9982661008834839,-0.19224324822425842,-0.05776983126997948,0.22893200814723969,0.5534475038851615,0.5264039579136764,0.0002654215673596769,285.5015996188142,0.0
5.195,7.915632953034457,-0.8268707506664077,0.3469208667860645,54,0.01437995582818985,0.008627290837466717,0.9996241927146912,-0.09305619448423386,0.10768050700426102,0.04583597928285599,0.5564184895933414,0.5259690372489172,0.00038040070530710106,285.5015996188142,0.0
5.245,7.89987609393145,-0.8241307782447734,0.3381626680186346,54,0.012642019428312778,0.007888123393058777,0.9987353682518005,0.19409753382205963,0.1123666763305664,-0.09053235501050949,0.562318665808161,0.5273820088327426,0.0016605795882096873,285.5015996188142,0.0
5.295,7.857761735015694,-0.8394193610852021,0.33896447914465716,54,0.015854598954319954,0.0056189242750406265,0.9989184737205505,-0.10548307001590729,-0.10941261053085327,-0.09168597310781479,0.5655311499649106,0.5254090468330005,0.001967890132930869,285.5015996188142,0.0
5.346,7.76596410085662,-0.849075127582458,0.33322745624221256,54,0.014712072908878326,0.007753476500511169,0.9995194673538208,-0.30335089564323425,0.010957862250506878,-0.27849382162094116,0.5716463708145658,0.5238406525427937,0.0023178827150908145,285.5015996188142,0.0
5.396,7.598576413342923,-0.8318535852484766,0.333669988615519,54,0.012171123176813126,0.005366010125726461,0.9978047609329224,-0.1616887003183365,-0.12917856872081757,0.2614119350910187,0.5719256357645177,0.5231336514062923,0.001940283271241907,285.5015996188142,0.0
5.446,7.502110673519609,-0.8294604771033457,0.3329457939924972,54,0.013874787837266922,0.006621326319873333,1.000113606452942,-0.029913850128650665,-0.05047436058521271,-0.04086475819349289,0.5735047355925889,0.5239256208176679,0.002388706325643313,285.5015996188142,0.0
5.497,7.757930785575305,-0.8177210877039102,0.3350609814071135,54,0.013578956946730614,0.005309549160301685,0.9980635046958923,-0.0627259761095047,0.046155963093042374,-0.22623613476753235,0.5710991084786369,0.5249605312934735,0.001979477097431016,285.5015996188142,0.0
5.547,8.406266393639864,-0.8254298673239773,0.33818211910505097,54,0.0145949125289917,0.006127983797341585,0.9989743232727051,0.25412023067474365,-0.15530413389205933,0.05391893908381462,0.567963039881714,0.5287865718879654,0.002388333612421398,285.3850445669184,0.0
5.597,9.026885997717475,-0.8230238403522061,0.33430477978731343,54,0.01301990170031786,0.003878271672874689,1.0008844137191772,0.01897244155406952,-0.023587124422192574,-0.05610641464591026,0.5654413990164976,0.5317107410111059,0.002065231806975582,285.3850445669184,0.0
5.65,9.499840671983524,-0.8069174420853131,0.33257372797388174,54,0.011913478374481201,0.006116114091128111,1.0007352828979492,-0.056286200881004333,0.042320460081100464,-0.11322777718305588,0.5606264674348199,0.5342334626305443,0.0015282113949056163,285.3850445669184,0.0
5.701,10.298682769347161,-0.8121490055448257,0.33906384192913613,54,0.012964027002453804,0.005762134678661823,0.9997788071632385,0.22976285219192505,-0.06639521569013596,-0.08638665080070496,0.5560389149104877,0.5341605898379443,0.0011310756499043285,285.3850445669184,0.0
5.751,10.098852637426118,-0.8205082559286458,0.34783906980927404,54,0.01501605287194252,0.006011463236063719,0.999150276184082,0.22280466556549072,0.0601060576736927,0.1381000131368637,0.5544828433281848,0.5332055104858462,0.000925418735859434,285.3850445669184,0.0
5.801,9.915097170369892,-0.8273690725675563,0.33636992318631653,54,0.015260632149875164,0.004748884122818708,0.9992051124572754,0.07948586344718933,-0.043919637799263,-0.032177481800317764,0.552788267610479,0.5340840027806348,0.0008484243933639173,285.3850445669184,0.0
5.852,10.570006984665838,-0.8204014028043902,0.32639386655584585,54,0.014711881056427956,0.007107814308255911,1.00106942653656,-0.09174519032239914,-0.02321622706949711,-0.01772569678723812,0.5505423566124376,0.5352914849686293,0.0006941623292810327,285.3850445669184,0.0
5.902,11.210360228975633,-0.8287466565412975,0.32612258797872606,54,0.015141378156840801,0.006554066203534603,1.0009465217590332,-0.01642449200153351,0.13218404352664948,0.00168136740103364,0.5471796286152444,0.537253451135619,0.000513771006869973,285.3850445669184,0.0
5.953,11.810670238965939,-0.8305523287200705,0.3159808609807283,54,0.015028007328510284,0.004103788640350103,1.0014781951904297,0.10474489629268646,-0.042930759489536285,-0.2868037223815918,0.5461440215572888,0.5387816796605307,0.00042039639994116663,285.3850445669184,0.0
6.003,12.393686514350883,-0.8279335535564734,0.3162211131398607,54,0.013461148366332054,0.0053993393667042255,0.999535083770752,0.010494949296116829,0.0006930786184966564,-0.05780816078186035,0.5445294930213119,0.5404327609296428,0.0005905844099497033,285.3850445669184,0.0
6.053,12.64887976302275,-0.8275715649433458,0.3214903423226926,54,0.014803842641413212,0.005256849806755781,0.9971023797988892,-0.099370077252388,-0.048548005521297455,0.038610056042671204,0.5467955518334688,0.5391661290289941,0.0010098557073804878,285.3850445669184,0.0
6.103,12.517269896901022,-0.8156024374377597,0.341926948769152,54,0.012342995032668114,0.007182562258094549,1.0029335021972656,-0.0526483952999115,-0.05392381548881531,-0.12526020407676697,0.547071541922453,0.5383565303340786,0.000816169214902129,282.82562373567094,0.0
6.154,11.976357368578519,-0.820997701109629,0.3481798978514286,54,0.01205040980130434,0.007667804602533579,0.9991870522499084,-0.026664214208722115,0.09852702915668488,-0.05957102030515671,0.5460924421476825,0.5377350315833465,0.0006677205729339921,282.82562373567094,0.0
6.204,11.385407876377252,-0.8285683626963031,0.3643051251739335,54,0.01417809072881937,0.00611296808347106,0.9995267987251282,-0.05033330246806145,0.1138216182589531,-0.029123803600668907,0.5453260239708274,0.5367534182882655,0.0005724585680304513,282.82562373567094,0.0
6.255,11.388953970261486,-0.8348984465007705,0.3564705776746241,54,0.014807785861194134,0.004042459186166525,0.9998250603675842,-0.07756418734788895,-0.04186607897281647,-0.13251972198486328,0.544755983463972,0.5387261948321821,0.0008333719577615483,282.82562373567094,0.0
6.305,11.809274205096846,-0.8206015123947754,0.3738852358332472,54,0.01182623766362667,0.009566855616867542,0.9981676340103149,0.0791396051645279,-0.13114191591739655,-0.0235812496393919,0.5452022846047963,0.5377122712125937,0.0012388634362073224,282.82562373567094,0.0
6.355,11.431910019684285,-0.8237249296500428,0.3765523260277958,54,0.014350421726703644,0.005921302363276482,1.0006245374679565,-0.20101909339427948,0.009997651912271976,0.18132536113262177,0.5464847000862251,0.5359723754215252,0.0014912238046285112,282.82562373567094,0.0
6.406,11.044858600526712,-0.8268054620973044,0.35700873925585946,54,0.014310217462480068,0.005144760012626648,1.0008721351623535,0.0157017782330513,-0.18742890655994415,0.11610998213291168,0.5451875156424113,0.5346018668889557,0.0012745641415010452,282.82562373567094,0.0
6.457,10.811024332324404,-0.8317131111643659,0.33089206425917256,54,0.015150677412748337,0.005041681230068207,0.9982007145881653,0.12673801183700562,0.0519498735666275,-0.2648874521255493,0.5482548514038073,0.5359774117240745,0.0010425967324877257,282.82562373567094,0.0
6.507,10.957906743874261,-0.8456633815039312,0.34494463038683165,54,0.01596844382584095,0.005125308409333229,0.9962608814239502,0.013815403915941715,-0.03919951617717743,0.13364988565444946,0.55077834095339,0.5397816085645079,0.0007714117054282709,282.82562373567094,0.0
6.557,11.152445148357163,-0.8403569584862793,0.33883988871446485,54,0.014399305917322636,0.007289208006113768,0.9996796250343323,-0.1498304158449173,0.03840456157922745,-0.08117646723985672,0.5527174899290267,0.5411841214294862,0.0006310558563490185,282.82562373567094,0.0
6.608,11.243812319435314,-0.8514860289321265,0.3351410886369052,54,0.015724020078778267,0.0046513983979821205,0.99687260389328,0.1550038754940033,-0.21698643267154694,-0.027412351220846176,0.5570572487721269,0.5437485403263407,0.00046681898584601537,282.82562373567094,0.0
6.659,11.303633818660352,-0.8476373389342859,0.34646668124452357,54,0.014240609481930733,0.008094409480690956,0.9978493452072144,-0.10902160406112671,0.22472268342971802,-0.14541761577129364,0.5574254607562035,0.5429885194558693,0.00034539057737479175,284.82303408936576,0.0
6.709,10.827531454963443,-0.8329938742346795,0.3509918687898977,54,0.012902270071208477,0.007612972520291805,0.9977918863296509,0.17106126248836517,0.050803977996110916,-0.09042753279209137,0.5565729482726504,0.5422747684363555,0.0002825766426270445,284.82303408936576,0.0
6.76,10.409252035150713,-0.8297127499007146,0.33769339784645774,54,0.014728154987096786,0.006224488373845816,0.9982077479362488,-0.026814689859747887,0.1811484545469284,-0.12399536371231079,0.5569958009789845,0.5424732185366622,0.00023118715869764836,284.82303408936576,0.0
6.81,10.324882643601065,-0.8366964126910972,0.3399614031803685,54,0.012963743880391121,0.006475737318396568,0.9978958368301392,0.06324545294046402,-0.005491111893206835,-0.08511228114366531,0.5571905057710824,0.5413219321990095,0.00017108208030946998,284.82303408936576,0.0
6.86,10.225113172122752,-0.8416836452942629,0.348682270751918,54,0.01305654551833868,0.0062658279202878475,1.0000864267349243,0.14197088778018951,-0.08385830372571945,0.24789482355117798,0.5607334169378491,0.5438180071137863,0.00012661360253718844,284.82303408936576,0.0
6.911,10.30119539602571,-0.832861776505705,0.34835201226723556,54,0.013432539068162441,0.006142803002148867,0.9999433159828186,0.057314272969961166,0.07439597696065903,-0.11923001706600189,0.5627743047214825,0.5436440898382648,0.00010359711453292967,284.82303408936576,0.0
6.961,10.235583514722544,-0.841697832967054,0.3676183826107563,54,0.014643993228673935,0.008198458701372147,0.9999233484268188,-0.06254463642835617,0.07659447193145752,-0.18534593284130096,0.5661235594702532,0.543204478034644,7.667475047399152e-05,284.82303408936576,0.0
7.012,10.127253010811218,-0.8338693210227476,0.36988234728902264,54,0.013463794253766537,0.0063872262835502625,1.0007719993591309,0.0959436297416687,-0.011239209212362766,-0.13767680525779724,0.5666523033577577,0.542404357265524,6.273899757735577e-05,284.82303408936576,0.0
7.062,9.929264535553784,-0.8270950259767152,0.36168522300405775,54,0.014646700583398342,0.007634950336068869,0.9996728897094727,-0.03617287799715996,0.1941121518611908,-0.02503085695207119,0.5697962568041768,0.5413280065734187,4.6434171985835936e-05,284.82303408936576,0.0
7.113,10.011853504467563,-0.8236593062719576,0.3459744553073617,54,0.012456775642931461,0.005258340388536453,0.9989170432090759,-0.03131670877337456,-0.04980141296982765,-0.0023448800202459097,0.5683625631480255,0.5416204263246981,3.7993762166983775e-05,284.82303408936576,0.0
7.163,9.693037871449876,-0.8216387577526545,0.3548082603609401,54,0.012256532907485962,0.0061219921335577965,0.999422013759613,-0.10729475319385529,0.057376936078071594,-0.04666733369231224,0.5705084894760521,0.540017263219308,2.8121827104533504e-05,227.93891636324113,0.0
7.213,9.54113547142904,-0.8247845935887642,0.3405509045392796,54,0.015357570722699165,0.005379804875701666,0.9986468553543091,-0.007359894458204508,-0.1139940395951271,0.2658041715621948,0.5722720072220209,0.5407992171888212,2.3010002862527582e-05,227.93891636324113,0.0
7.264,9.652421657410327,-0.8238345146846677,0.3489134849400511,54,0.015394930727779865,0.008284371346235275,0.998694658279419,-0.07675618678331375,0.02642117626965046,0.07270198315382004,0.577216441597465,0.5426716618637409,1.703147444956191e-05,227.93891636324113,0.0
7.315,9.706884775311652,-0.8267359891266863,0.3394027136934192,54,0.014940042048692703,0.004646069370210171,0.9980748891830444,0.2927451431751251,0.09325927495956421,0.14061428606510162,0.5791220734877833,0.5441313817629982,1.3936276868569846e-05,227.93891636324113,0.0
7.365,9.815438047731064,-0.8198098493791427,0.3318290766785598,54,0.01233680360019207,0.004430049564689398,1.0005253553390503,-0.13920073211193085,-0.06643721461296082,-0.13170726597309113,0.5834741445416635,0.547599255456216,1.0315629012230322e-05,227.93891636324113,0.0
7.415,9.966702454011315,-0.8201106174926919,0.3296554172035694,54,0.01388438232243061,0.008073161356151104,1.000067114830017,-0.09995627403259277,-0.09260430932044983,-0.2733597457408905,0.5840686909545401,0.5482718769065511,8.440938739772587e-06,227.93891636324113,0.0
7.465,10.300870985823266,-0.825437745199974,0.335912528768384,54,0.014255965128540993,0.007098438683897257,1.001100778579712,-0.010775462724268436,-0.05643174424767494,0.04133272543549538,0.5820757074292662,0.5507058006210978,6.247180669883487e-06,227.93891636324113,0.0
7.516,10.787394131792192,-0.8243710070420109,0.34333763546097834,54,0.012656371109187603,0.006797888316214085,0.9978845715522766,0.10731171816587448,-0.09426116198301315,0.00843931082636118,0.5766376160611635,0.5509802049963702,5.111382476822317e-06,227.93891636324113,0.0
7.566,10.729759095861855,-0.8258939776383769,0.35338307928830814,54,0.015172431245446205,0.0064243655651807785,0.9991780519485474,0.018481669947504997,0.06803831458091736,-0.1302219182252884,0.5700610287677621,0.5493638778640427,3.782965961974383e-06,227.93891636324113,0.0
7.617,10.554067022465787,-0.8266966560099028,0.34121769209562386,54,0.014605434611439705,0.003951029386371374,1.0007597208023071,-0.10235796868801117,-0.08788476884365082,-0.06766868382692337,0.5664611078236395,0.5499005805451357,3.09534514845814e-06,227.93891636324113,0.0
7.667,11.23734557048602,-0.833050465117092,0.35954712950935425,54,0.01607479900121689,0.005411121062934399,0.9981486797332764,-0.30033671855926514,-0.14309893548488617,-0.09951666742563248,0.5575804329247815,0.5533749096726114,2.2909931214933455e-06,227.93891636324113,0.0
7.718,11.952772147919251,-0.8376764623707416,0.36088826000997054,54,0.011939849704504013,0.006518674083054066,0.9969347715377808,-0.16049756109714508,0.17876707017421722,-0.17215193808078766,0.5525975686601154,0.5527081234645587,1.8745902558365955e-06,285.92978389801624,0.0
7.768,11.116282737116567,-0.8396961063604234,0.3602904163825609,54,0.015359899029135704,0.0073492880910634995,0.9997908473014832,0.015361016616225243,-0.051312804222106934,-0.10467293113470078,0.5479074210018524,0.551503633202263,0.00014304524431153537,285.92978389801624,0.0
7.818,10.283359028619993,-0.8293328336577529,0.35849731850081806,54,0.014885356649756432,0.00477318000048399,1.0007598400115967,-0.11763833463191986,0.009193324483931065,-0.10960535705089569,0.5436284066007969,0.5515135797871605,0.0001058784283653987,285.92978389801624,0.0
7.869,9.628986684357853,-0.8154702924367452,0.35919986262813086,54,0.012642841786146164,0.006509697530418634,1.0016957521438599,-0.03368731588125229,0.1174192875623703,-0.11509639024734497,0.5450237040628748,0.5518049932611178,0.0005457171737995674,285.92978389801624,0.0
7.919,9.901622959743543,-0.8160716494695002,0.36272812931728887,54,0.014389862306416035,0.006403154693543911,0.9977825880050659,-0.18633416295051575,-0.10773128271102905,-0.18270155787467957,0.5438298083565789,0.5532028260719702,0.0004302919773635703,285.92978389801624,0.0
7.969,10.534807841287465,-0.816265179543214,0.350856915241928,54,0.01376021932810545,0.006958151236176491,1.0002251863479614,-0.17962037026882172,-0.17107488214969635,-0.10330991446971893,0.5419576089543011,0.5533127173939093,0.0007223481813266728,285.92978389801624,0.0
8.02,11.215122745490149,-0.8215415258682951,0.3468016585360991,54,0.014078154228627682,0.003996104467660189,0.9981732368469238,-0.37964558601379395,0.07717157155275345,-0.07206010073423386,0.5419055664089457,0.5542003216419794,0.0007946006226161372,285.92978389801624,0.0
8.071,11.431580295387617,-0.8343445321618076,0.3359670149720873,54,0.0151900015771389,0.005397931672632694,1.0002670288085938,-0.044422298669815063,0.028002554550766945,0.032852496951818466,0.543483402720448,0.5541229894017503,0.000771853941978497,285.92978389801624,0.0
8.121,11.255741059869557,-0.8385179726271812,0.32763199462710996,54,0.014015731401741505,0.00564352935180068,0.9991505146026611,0.0723111480474472,0.12852104008197784,0.18228010833263397,0.5442326327736624,0.5515432829396891,0.0006096086607207701,285.92978389801624,0.0
8.172,10.885029027069184,-0.8337927165130584,0.32100597752461824,54,0.013262634165585041,0.0038959993980824947,0.9998469948768616,-0.11351482570171356,0.26999232172966003,0.10958903282880783,0.5445849844822749,0.5478171643036761,0.0006030819017131216,285.92978389801624,0.0
8.222,10.411883219928907,-0.8311224822684042,0.32431148462909565,54,0.0148360850289464,0.0047350069507956505,0.9999450445175171,-0.22767294943332672,0.0650145560503006,0.09710441529750824,0.5442931546264204,0.5432020279834039,0.00044629881885124774,283.78240866035185,0.0
8.273,9.980676916985871,-0.833692790367722,0.33026117158782564,54,0.014997616410255432,0.0035600161645561457,0.9981663227081299,-0.12122320383787155,0.13606198132038116,0.11287844181060791,0.5455269954487292,0.5387525954734067,0.0009691033184672454,283.78240866035185,0.0
8.323,9.525190137730974,-0.8299452195326027,0.34676744451273256,54,0.013445943593978882,0.00649312324821949,0.9992385506629944,-0.13776080310344696,-0.14182224869728088,0.13999192416667938,0.5445487244484096,0.5356372279898726,0.0007795307451778009,283.78240866035185,0.0
8.374,9.068586284623267,-0.8282108376645934,0.35785580856376714,54,0.01406211219727993,0.004511324223130941,0.9999715089797974,-0.012554343789815903,-0.06817547231912613,0.10755056142807007,0.5449941122309855,0.5338092560853572,0.0006962207285241245,283.78240866035185,0.0
8.424,8.58043511294458,-0.8196949533372401,0.35940231881423335,54,0.015259064733982086,0.0060467845760285854,0.9988173246383667,0.08189074695110321,-0.04981110244989395,-0.2138584405183792,0.5444153896625122,0.5280598811323516,0.000708781982688495,283.78240866035185,0.0
8.474,8.135227954258626,-0.8145879092245715,0.35720318542980045,54,0.01577703095972538,0.0054427809081971645,0.9985479712486267,-0.03390221670269966,-0.020855668932199478,-0.12595616281032562,0.5422336290512048,0.5249184652306645,0.0011061980606031107,283.78240866035185,0.0
8.524,7.608973298883165,-0.819963528980626,0.35206242277771366,54,0.013421688228845596,0.00464238878339529,1.0003647804260254,0.13484449684619904,-0.04563487693667412,0.30641651153564453,0.5430016546955821,0.5190805071800884,0.001450871787509288,283.78240866035185,0.0
8.575,7.113007303381247,-0.8129682087245129,0.3485800944484473,54,0.016192447394132614,0.005719509441405535,0.998813271522522,0.09667344391345978,0.18855278193950653,0.14649371802806854,0.5431876907288918,0.5158510598989877,0.0013079767212076827,283.78240866035185,0.0
8.625,6.654410072627865,-0.8129106556653206,0.34742839608536696,54,0.014941026456654072,0.006947156507521868,1.001877784729004,-0.04489510506391525,-0.156777024269104,0.08778993040323257,0.5425952048561034,0.5124126102093225,0.00096790985175289,283.78240866035185,0.0
8.675,6.2400835626540525,-0.8231934535989719,0.36131060628649986,54,0.013105621561408043,0.0068744090385735035,1.0009970664978027,0.03242737427353859,-0.06003402918577194,0.13089968264102936,0.5430927376319445,0.5125383404946102,0.0007918416127837174,283.78240866035185,0.0
8.726,6.311181841641317,-0.8184728249452174,0.37406573798268067,54,0.015539219602942467,0.007549679838120937,1.0001424551010132,-0.06826602667570114,-0.0445142425596714,-0.14428159594535828,0.5453364272010429,0.5139108235514591,0.0005860119728953046,283.78240866035185,0.0
8.776,6.382985175022605,-0.8335524722299913,0.3578402676410702,54,0.01394632551819086,0.005078974645584822,1.0003011226654053,-0.17328821122646332,-0.100275918841362,0.032342277467250824,0.5465132942346055,0.5134468718763685,0.0004794886015389948,286.53531903265474,0.0
8.826,6.18294486499833,-0.8311703523439629,0.36136533263826587,54,0.014589216560125351,0.00942457839846611,0.9984596371650696,-0.17894808948040009,-0.032951470464468,0.07507077604532242,0.5496275697897974,0.5105233649302661,0.00035489288714987395,286.53531903265474,0.0
8.877,5.896707842308944,-0.8327253431078392,0.36231862789199204,54,0.016212893649935722,0.00546759320423007,0.9987897872924805,0.19717684388160706,0.0036610623355954885,0.021123575046658516,0.5494137431450631,0.50454204946815,0.00026268228877524957,286.53531903265474,0.0
8.927,5.473759785739386,-0.8215758786034181,0.3574149295520575,54,0.013724425807595253,0.007537685800343752,0.9984262585639954,-0.0982266217470169,-0.03535325080156326,0.08986669778823853,0.5504682092365415,0.5017822786222405,0.00021491255398959762,286.53531903265474,0.0
8.978,5.163771010819613,-0.8325081664015036,0.3525325095086737,54,0.014896398410201073,0.008667225018143654,0.9987668991088867,-0.09328848868608475,0.020769761875271797,-0.05625830963253975,0.5499030794525827,0.5021035948528418,0.00015905098015923168,286.53531903265474,0.0
9.028,5.163643990596582,-0.8274450817094263,0.3603193102433839,54,0.015052875503897667,0.0055395164526999,1.0010392665863037,0.09650231152772903,-0.06418903172016144,-0.025609752163290977,0.5504366951978457,0.5020396307493248,0.0001301378735993032,286.53531903265474,0.0
9.079,5.460434887644605,-0.8279188766265777,0.36038542077810615,54,0.014273401349782944,0.006147314794361591,0.9984568953514099,-0.07601051777601242,0.1173199713230133,0.1281011998653412,0.5487784313549023,0.5042953208228049,9.632362220530031e-05,286.53531903265474,0.0
9.129,6.04728345046763,-0.8277606327972209,0.363090675107761,54,0.013083534315228462,0.00503575149923563,0.99921715259552,-0.09226243197917938,-0.029687577858567238,-0.018057288601994514,0.5472631691652093,0.5060102914403806,7.88138550724933e-05,286.53531903265474,0.0
9.179,6.579529502975886,-0.8300637594846908,0.3592316256093419,54,0.014948244206607342,0.007377514149993658,1.0000439882278442,0.13544681668281555,0.07506310194730759,0.08861485868692398,0.5457847672323239,0.5104103095791721,5.832646547096936e-05,286.53531903265474,0.0
9.23,7.091353890412133,-0.8286053040227341,0.36071153242893644,54,0.01562982238829136,0.005557033233344555,0.9983618855476379,-0.1271083503961563,-0.09151671826839447,0.13859823346138,0.5418901886917661,0.5134874284516667,4.77259997436479e-05,286.53531903265474,0.0
9.282,7.538580042457882,-0.8230442511688046,0.3617901867417242,54,0.0157172828912735,0.006500151474028826,0.9992751479148865,-0.017099812626838684,0.20580840110778809,0.22261646389961243,0.540788714227548,0.5155678677769269,3.904992416427633e-05,286.53531903265474,0.0
9.332,7.996808250619776,-0.8277843943232811,0.34893327681309305,54,0.016030849888920784,0.005834036972373724,0.996909499168396,0.07257017493247986,0.11405404657125473,0.27857062220573425,0.5431240489383072,0.5193224499825214,2.8902157676010343e-05,285.4238856753998,0.0
9.383,8.331797131822416,-0.8314360720594444,0.3400948749352065,54,0.014957884326577187,0.006076860707253218,0.9994715452194214,-0.02188217081129551,0.042764633893966675,-0.006593355443328619,0.5427532961280984,0.5229871021638599,2.1391009520848406e-05,285.4238856753998,0.0
9.434,8.728236800242666,-0.8296676079816387,0.34890896752275824,54,0.014226304367184639,0.0057753389701247215,0.9990264177322388,-0.05203554406762123,-0.04603143036365509,0.10322755575180054,0.543189192124719,0.5234435261313799,1.7501616620932405e-05,285.4238856753998,0.0
9.484,8.803986432592788,-0.8325500732972156,0.34223740101963035,54,0.015252362936735153,0.0065591707825660706,1.0007327795028687,-0.03135864809155464,0.16369521617889404,0.03064921870827675,0.5485795656221848,0.5249228163688427,1.2951505258183337e-05,285.4238856753998,0.0
9.534,8.830173010949416,-0.8409728752476985,0.3541758272284042,54,0.015454908832907677,0.0072213890962302685,0.9995849132537842,0.08820003271102905,-0.10292938351631165,0.17264613509178162,0.5526284597368164,0.5256595125572148,1.0596540358830823e-05,285.4238856753998,0.0
9.585,8.778242412871542,-0.8391924111569704,0.35133535090790424,54,0.015841541811823845,0.006035685073584318,0.9988876581192017,-0.32454434037208557,-0.014514917507767677,0.07327564060688019,0.5573472303997896,0.5243001134144004,7.842271611255192e-06,285.4238856753998,0.0
9.635,8.690325600314713,-0.8495530681632057,0.3506524505862789,54,0.014822898432612419,0.004972650669515133,0.9997310638427734,-0.08318544179201126,0.01760716922581196,-0.02720707654953003,0.5594350909042204,0.5240252015390413,6.41646193929647e-06,285.4238856753998,0.0
9.685,8.64007780645548,-0.8465311567124614,0.3556221949423266,54,0.015050753019750118,0.007310373708605766,1.0020067691802979,0.05125175788998604,0.17067816853523254,-0.11994460225105286,0.5592663837541499,0.5235669237649957,4.7485587632274065e-06,285.4238856753998,0.0
9.736,8.696590512767825,-0.858196019304153,0.3525572394219253,54,0.015078366734087467,0.007417514454573393,0.9982629418373108,-0.006219613365828991,-0.13027484714984894,0.03152206912636757,0.5605204301598052,0.5251015609547849,3.884943429887428e-06,285.4238856753998,0.0
9.786,9.075662891132357,-0.8539766949535265,0.33914909234964896,54,0.014423206448554993,0.005003650207072496,0.9984660148620605,-0.06670544296503067,0.01822330616414547,-0.09226009249687195,0.5586996145660631,0.5297794925867205,2.8751484171895943e-06,285.4238856753998,0.0
9.836,9.464182350581426,-0.8576908578885913,0.33211185471585397,54,0.015495039522647858,0.007913980633020401,0.9992836713790894,-0.22386546432971954,0.1282346546649933,-0.1640583723783493,0.5606402191488822,0.5335256108471738,2.1277746038062945e-06,243.69902969031435,0.0
9.887,9.729295962605862,-0.8597050682668813,0.34127162006426837,54,0.013056953437626362,0.006582286674529314,1.000719428062439,-0.07271969318389893,-0.08644647151231766,-0.21656370162963867,0.5614077667448795,0.5363871248169294,1.7409013663826848e-06,243.69902969031435,0.0
9.937,10.114108230283776,-0.8583753682934893,0.3498165870195948,54,0.014994198456406593,0.009092343971133232,1.001278042793274,0.1294228583574295,-0.05031929910182953,-0.26190364360809326,0.5592205471504547,0.5398686643740002,1.2884841539288271e-06,243.69902969031435,0.0
9.987,10.583729683399984,-0.8564888854507361,0.34774783064146975,54,0.01575387269258499,0.006637451238930225,1.0000073909759521,-0.09383713454008102,0.0057096099480986595,0.018652232363820076,0.5582686669676171,0.5418678576654352,1.0541053647498179e-06,243.69902969031435,0.0
10.037,11.079496539431663,-0.8475296783081,0.3540688574206465,54,0.014438280835747719,0.008178762160241604,1.0007284879684448,-0.1213785707950592,-0.06857100874185562,0.16457872092723846,0.5557893983425727,0.5446856046332342,7.800574806798093e-07,243.69902969031435,0.0
10.089,11.624472130011597,-0.8473180327151565,0.35927434153425153,54,0.01652933657169342,0.008278585970401764,1.001230001449585,0.32507067918777466,0.0840795487165451,0.16365361213684082,0.5545861941810987,0.5454445409123285,6.381812846371057e-07,243.69902969031435,0.0
10.139,12.195872707792475,-0.8445371704954638,0.3547065415169909,54,0.016332421451807022,0.006346735171973705,1.0002503395080566,0.09342526644468307,0.08814923465251923,-0.25499773025512695,0.553244235275393,0.5485961740024629,4.7225563972548073e-07,243.69902969031435,0.0
10.19,12.622001494626115,-0.8493071227455686,0.35082142968189955,54,0.015037374570965767,0.005281651858240366,0.9993672370910645,0.17108295857906342,0.06664306670427322,-0.03516412153840065,0.5521970938951117,0.5503559384016151,3.8637171763699124e-07,243.69902969031435,0.0
10.24,13.134873538273698,-0.8530426470441412,0.3469876311743295,54,0.015482190065085888,0.005117044318467379,1.0008829832077026,0.0028059084434062243,0.06922534108161926,0.05587415397167206,0.5520365437050896,0.549965964309392,2.859248869039226e-07,243.69902969031435,0.0
10.29,12.991206974291602,-0.8477211264832304,0.34394391506990635,54,0.013726436533033848,0.0035191390197724104,0.9992365837097168,0.11009368300437927,-0.263925164937973,-0.03870091214776039,0.553719753842031,0.5492558424420128,2.3393987632080226e-07,243.69902969031435,0.0
10.341,12.883753475549494,-0.8316610304883639,0.3285029075435027,54,0.012273416854441166,0.00456476304680109,1.0001425743103027,-0.17902344465255737,-0.14521673321723938,0.20096361637115479,0.5565195254928316,0.5492499128608485,1.731255579547235e-07,243.69902969031435,0.0
10.391,12.786882081924867,-0.8382870879304973,0.3241280170338877,54,0.01691952720284462,0.005088957957923412,0.9977177977561951,-0.23171466588974,-0.005761114414781332,0.02379484474658966,0.5581842310257241,0.5481904638761487,1.4163521209096873e-07,285.5988015797358,0.0
10.442,12.544568591249197,-0.8311950411296961,0.32755428889796545,54,0.01453941036015749,0.007027983665466309,1.0022395849227905,0.07942122220993042,-0.1487114280462265,-0.06899610161781311,0.5605252056145911,0.5463018569111517,1.0479983644091992e-07,285.5988015797358,0.0
10.492,12.310021309858952,-0.8258973429187269,0.340160480843958,54,0.015127414837479591,0.006563602481037378,0.9998332858085632,-0.05784034729003906,0.03532589599490166,0.031312040984630585,0.5603598686433564,0.5460518191585335,8.573504713625686e-08,285.5988015797358,0.0
10.543,11.941856491830418,-0.8298744510032668,0.3509197746378997,54,0.015902645885944366,0.006614380981773138,1.001555323600769,0.07150812447071075,0.22921927273273468,0.06185782328248024,0.5590818547729962,0.5441186061110517,6.343906385640852e-08,285.5988015797358,0.0
10.594,11.422912474854256,-0.8106709373088695,0.34876991268785246,54,0.01157319638878107,0.008215113542973995,1.0003687143325806,0.19227902591228485,-0.019686980172991753,0.05016997456550598,0.5596089959139836,0.5427735952159589,5.1903887625448645e-08,285.5988015797358,0.0
10.644,11.029346468919295,-0.8277081483847902,0.3421486781620767,54,0.014249118976294994,0.003528944682329893,0.9978609681129456,0.29193487763404846,-0.16565148532390594,0.09948372095823288,0.559695971897617,0.5414865816067403,3.841734644586869e-08,285.5988015797358,0.0
10.695,10.640055265255507,-0.8311707597742942,0.3526167677455849,54,0.014991345815360546,0.006085740402340889,0.9991089105606079,0.03333505243062973,-0.0391266793012619,0.09113359451293945,0.5600007861108592,0.5409959610634241,3.14331824823309e-08,285.5988015797358,0.0
10.745,10.783097492472955,-0.8440315150938142,0.36153336125957164,54,0.014663521200418472,0.009104656986892223,1.0001275539398193,-0.18980877101421356,0.12105025351047516,0.0023167359177023172,0.5609813546432211,0.5427965944192523,2.326208310029735e-08,285.5988015797358,0.0
10.795,10.936653386330919,-0.8487928217176076,0.35921212128683466,54,0.014561187475919724,0.006785574834793806,0.9990299344062805,-0.2445428967475891,-0.1183270588517189,-0.16825594007968903,0.5616285880286587,0.5430845588260123,1.9031691124079427e-08,285.5988015797358,0.0
10.845,10.469397314492804,-0.8566983794649713,0.3690639864233607,54,0.01485656201839447,0.005938195623457432,0.999485194683075,-0.008151392452418804,0.005625129211694002,0.006211667787283659,0.5567569969004448,0.5412664438021926,1.4084356079269821e-08,285.5988015797358,0.0
10.896,9.715867710781643,-0.850365001341585,0.3571769431580353,54,0.013029898516833782,0.006892498582601547,1.0008540153503418,-0.12115604430437088,0.07876993715763092,0.07477516680955887,0.5523166715122638,0.5392467978118132,1.1523485654574526e-08,285.5988015797358,0.0
10.947,9.012387734866811,-0.8454813715545185,0.358544083377593,54,0.013409841805696487,0.006437517702579498,1.002231240272522,0.017460273578763008,-0.0931631326675415,-0.16108566522598267,0.5459863994368712,0.5345209027413338,8.527004282027718e-09,286.08580587954435,0.0
10.997,8.3311131082733,-0.8436724509947247,0.3452509149758341,54,0.014484988525509834,0.0049124727956950665,0.9999731183052063,0.006178079638630152,0.14031074941158295,0.1721242219209671,0.5399527156386414,0.5286647244956174,6.3098205275458065e-09,286.08580587954435,0.0
11.048,7.670294475373586,-0.8437722696229568,0.33838629192202646,54,0.015137054957449436,0.00535582983866334,1.0017852783203125,-0.1334925889968872,0.16097082197666168,-0.02319723553955555,0.5362550130779657,0.5253997087706921,5.1621385223453624e-09,286.08580587954435,0.0
11.098,7.026775317744189,-0.8375919754600328,0.34356650693498947,54,0.013292408548295498,0.003088707569986582,1.000407099723816,-0.05018915235996246,0.031730812042951584,0.1618255376815796,0.5335227021436506,0.5231175838725999,3.820390565950726e-09,286.08580587954435,0.0
11.15,6.323452797131652,-0.8392381924461104,0.3458728937308312,54,0.014695068821310997,0.0030147533398121595,0.99952232837677,0.0016422669868916273,-0.19936062395572662,0.021123016253113747,0.5336440047658381,0.523305245542133,3.1259449629832263e-09,286.08580587954435,0.0
11.2,6.1855752329996205,-0.8383642208154573,0.35784143746732394,54,0.013601627200841904,0.007238641381263733,1.0003715753555298,0.07052288949489594,-0.12116818875074387,-0.09497963637113571,0.5369965117173815,0.5235104191472995,2.3138225094110085e-09,286.08580587954435,0.0
11.251,6.163686107750176,-0.8303757694761229,0.34221754850109315,54,0.013763876631855965,0.007615502458065748,0.9987437129020691,-0.12721563875675201,-0.09381316602230072,0.18044660985469818,0.5399232237254559,0.5238861583889262,1.8934663760564186e-09,286.08580587954435,0.0
11.301,6.270361741664191,-0.83024546911628,0.33035025853796246,54,0.014213561080396175,0.002322685904800892,1.0001415014266968,-0.014408363960683346,0.09232810139656067,-0.09409748762845993,0.5416384248299879,0.5283619236211085,1.4018365672058019e-09,286.08580587954435,0.0
11.351,6.510210779482973,-0.8334411062807772,0.3638539327256581,54,0.014708887785673141,0.007667230907827616,0.9981645345687866,-0.20702743530273438,0.04892995208501816,-0.23792432248592377,0.5436412528420868,0.5285008921257407,0.00039025300947425197,286.08580587954435,0.0
11.402,6.4605602766135615,-0.8368014760267389,0.36001715574738524,54,0.01706017553806305,0.0022975089959800243,1.000372290611267,-0.1885940581560135,-0.21205511689186096,-0.011868709698319435,0.5452945084753548,0.5272416473376373,0.0010671749437018696,286.08580587954435,0.0
11.452,6.098498124762875,-0.8373928189048342,0.35491241398237894,54,0.013154854997992516,0.0026163950096815825,1.0000905990600586,-0.07797510921955109,0.05530189350247383,-0.0700472816824913,0.5443509897279674,0.5264732252265404,0.0009078525245522517,286.08580587954435,0.0
11.503,5.676757383830002,-0.8467338978477607,0.3557044875064025,54,0.012427219189703465,0.006675475277006626,1.000580072402954,0.015709925442934036,0.06002170220017433,-0.05362679436802864,0.5457165651254514,0.5257620088273347,0.0008964546377398021,275.37942354408773,0.0
11.553,5.671298656223914,-0.8386118809427027,0.3598157344834826,54,0.015481512062251568,0.006919416598975658,0.9984346032142639,0.012663627974689007,-0.05031280219554901,-0.13620886206626892,0.5480392648374697,0.5266189245486864,0.0007744580758880097,275.37942354408773,0.0
11.603,5.751656786964684,-0.8273700335947299,0.35188396084161644,54,0.013622624799609184,0.0044235349632799625,0.9991804957389832,0.23222534358501434,0.061437223106622696,0.10568830370903015,0.5503754809094402,0.5275037047132072,0.0005731782726268378,275.37942354408773,0.0
11.653,5.843962238904298,-0.8215805228864216,0.3506826124075378,54,0.015161510556936264,0.007385717239230871,1.001286506652832,-0.17546336352825165,0.06402802467346191,0.1597771793603897,0.5530010715599014,0.5302826121966534,0.0006421114429871926,275.37942354408773,0.0
11.704,6.179225996957481,-0.8363750731956481,0.3554957767610067,54,0.017030484974384308,0.00681186281144619,1.0012081861495972,0.047575775533914566,-0.022345148026943207,0.15279050171375275,0.5520147427732929,0.5349040358408003,0.00047532602647433995,275.37942354408773,0.0
11.754,6.635133688277062,-0.832279797708944,0.3453892595718196,54,0.01573939248919487,0.006218289490789175,1.0020700693130493,0.21898332238197327,0.13209141790866852,-0.04695727303624153,0.5508834166425665,0.5352136930188114,0.0003518727122144109,275.37942354408773,0.0
11.805,7.259907919174799,-0.8381374421609115,0.34271118490050856,54,0.01498077716678381,0.007809788919985294,0.9995265603065491,0.017388293519616127,0.013191185891628265,-0.042114511132240295,0.5486394709277856,0.5358047184294493,0.0002879513607730119,275.37942354408773,0.0
11.855,7.9304427561788025,-0.8386785173817441,0.36836593062803613,54,0.01486609410494566,0.008918596431612968,0.999861478805542,-0.07960610836744308,0.05755006894469261,0.2247604876756668,0.5458428512636633,0.5381072728961521,0.00021314387067137972,275.37942354408773,0.0
11.906,8.596349901366663,-0.8368851864770639,0.38841422559739147,54,0.0128046665340662,0.008202373050153255,1.001104712486267,0.09767768532037735,0.08682724833488464,-0.11111322045326233,0.5448408235830653,0.5372160808437216,0.00017440051162721093,275.37942354408773,0.0
11.956,8.677120956472873,-0.8272205295803114,0.3741667311406158,54,0.014337151311337948,0.00749273132532835,1.0002244710922241,0.08455806225538254,-0.15346850454807281,0.05433804914355278,0.543153521365838,0.5383710440564213,0.00012908588550399316,275.37942354408773,0.0
12.006,9.183981684008499,-0.8228681822631254,0.37439955273660014,54,0.014858396723866463,0.005760774947702885,0.9994069933891296,-0.06457467377185822,0.08863326907157898,0.014384201727807522,0.5434773161755658,0.5382514030837474,0.00010562379181825517,285.5988015797358,0.0
12.057,8.973841810671649,-0.8220500623206977,0.3692464304958976,54,0.011978954076766968,0.005858821794390678,0.9975851774215698,0.19716964662075043,0.05362336337566376,0.016249947249889374,0.545174860656143,0.5380544647538107,7.818717072984117e-05,285.5988015797358,0.0
12.107,8.990089416359954,-0.8267427140019988,0.3611161791943824,54,0.016599196940660477,0.005131319630891085,0.9991152286529541,-0.32744666934013367,-0.01361126359552145,-0.19422870874404907,0.5451465676456965,0.5383138066956309,6.398383748427758e-05,285.5988015797358,0.0
12.157,8.747832480185087,-0.8238684454258834,0.35823713404196267,53,0.01446088682860136,0.005535376723855734,1.0001033544540405,-0.15138788521289825,0.16448727250099182,-0.18412798643112183,0.5434713794029569,0.5356161384241921,4.736212346463336e-05,285.5988015797358,0.0
12.207,8.125064311469009,-0.8190145021650319,0.35687711837811226,53,0.012936399318277836,0.005650192033499479,0.998339831829071,-0.052212148904800415,0.13374094665050507,-0.4018841087818146,0.5407216891202771,0.5361095387241139,3.875510157052172e-05,285.5988015797358,0.0
12.258,8.543984543331465,-0.8256126381590726,0.35026381390397027,53,0.016093796119093895,0.0047127315774559975,1.000020146369934,0.06950690597295761,0.23960734903812408,-0.21529625356197357,0.5381931128707911,0.5372083834570963,2.8685217040356062e-05,285.5988015797358,0.0
12.308,9.06992906481937,-0.8319395729706776,0.3555329102070358,53,0.01468950416892767,0.006470938678830862,1.0009299516677856,-0.2307056337594986,-0.1194198876619339,-0.2283259630203247,0.5388393918530542,0.538880220141911,2.3473375198720583e-05,285.5988015797358,0.0
12.359,9.319110521124552,-0.8322566155639044,0.35531990830726506,53,0.013606314547359943,0.00640277611091733,0.9973357319831848,0.04124875366687775,-0.0901130884885788,0.10334281623363495,0.5401130168764463,0.5414639535802112,1.737458673543281e-05,285.5988015797358,0.0
12.41,9.580113853062281,-0.8293237103596316,0.35885635355342466,54,0.013598496094346046,0.005945791490375996,0.9984738826751709,-0.013162684626877308,0.0640881285071373,-0.09494765847921371,0.5417451433216242,0.5427228603009716,1.421710872901011e-05,285.5988015797358,0.0
12.46,9.729613615411411,-0.826717729479429,0.354504765464717,54,0.013726427219808102,0.005693555809557438,0.9994841814041138,-0.024987906217575073,-0.19423893094062805,0.06373059749603271,0.5440411610552338,0.5448053065627032,1.052344030483806e-05,285.5988015797358,0.0
12.51,10.005776572714916,-0.8161412139287262,0.3499421923420994,54,0.013035892508924007,0.006505191791802645,0.9983237981796265,0.022864937782287598,-0.07226477563381195,-0.08130042999982834,0.5436994421389365,0.5458602153346249,8.610933130737444e-06,285.5988015797358,0.0
12.561,10.048008813046158,-0.8173875517808988,0.36035746373628424,54,0.014518160372972488,0.005861407611519098,1.0005557537078857,0.0708087906241417,-0.13774779438972473,-0.0292437132447958,0.5437234701409487,0.5445639555061299,6.373718184761038e-06,279.22934558285067,0.0
12.611,9.533667593646125,-0.8220037730061206,0.35854675588584145,54,0.01375356875360012,0.008278358727693558,0.9991450905799866,-0.07072596997022629,0.09048740565776825,-0.10455532371997833,0.5432387254764888,0.543694537742778,5.2152862193212135e-06,279.22934558285067,0.0
12.662,8.861157557967385,-0.8254766238154666,0.3667865712787448,54,0.013819098472595215,0.007746689487248659,1.0021772384643555,0.06832477450370789,0.15161502361297607,-0.1625973880290985,0.5414198470290144,0.5423244875297367,3.8599594399870765e-06,279.22934558285067,0.0
12.712,8.491931051506597,-0.8257314198778487,0.3600418466183358,54,0.015155046246945858,0.007059838622808456,0.9996224641799927,0.006363909691572189,-0.07225248962640762,0.13756948709487915,0.5424379401085325,0.5426727403344204,3.1585439401589564e-06,279.22934558285067,0.0
12.762,8.737517961978094,-0.8225869791191242,0.3566219502558974,54,0.0136775067076087,0.004581797402352095,0.999332070350647,-0.2943630516529083,0.01193227432668209,0.1758473962545395,0.5418340077864217,0.5442153883351208,2.3378579264112444e-06,279.22934558285067,0.0
12.813,9.309812175426217,-0.825131687925076,0.3490698806843031,54,0.0163860023021698,0.006578104570508003,0.9984356760978699,-0.011040323413908482,-0.036126069724559784,0.04923950135707855,0.5404257349548961,0.5447492937651841,1.9125632430677396e-06,279.22934558285067,0.0
12.863,9.085484410646176,-0.8301299865532389,0.34823390308574237,54,0.01585252583026886,0.006234791129827499,1.0002238750457764,-0.12516768276691437,0.02270067110657692,-0.041350338608026505,0.5417130778370294,0.5419966953556963,1.4153349908022733e-06,279.22934558285067,0.0
12.913,8.66900616288208,-0.8466147824352274,0.3336899153458714,54,0.016527745872735977,0.005858051124960184,1.0009195804595947,0.188870370388031,-0.09791842103004456,0.18381693959236145,0.5411846859410107,0.5402696115632851,1.1579898934997158e-06,279.22934558285067,0.0
12.964,8.367891289397573,-0.8556920708904099,0.33962430192989085,54,0.016261188313364983,0.007967510260641575,0.999340832233429,0.1376725733280182,-0.002671316731721163,-0.06814105063676834,0.5432525836740429,0.5393777336238829,8.570749066517336e-07,279.22934558285067,0.0
13.014,8.17243428859113,-0.8557542819702416,0.35301300652809436,54,0.015744049102067947,0.00791317131370306,1.0012646913528442,-0.01897498220205307,-0.035557057708501816,-0.04533320665359497,0.5435651679461321,0.5387296077946214,6.343266162408961e-07,279.22934558285067,0.0
13.064,8.047853662099937,-0.8496390032057927,0.35648514668870557,54,0.013117387890815735,0.006209598854184151,1.000392198562622,0.09216087311506271,0.004694772884249687,-0.15017662942409515,0.5441771768867003,0.5384890501505278,5.189237733311846e-07,284.43672860436726,0.0
13.114,7.980043409375512,-0.851882542114134,0.3601248531515735,54,0.01414453238248825,0.006058721803128719,0.9963268041610718,0.13145336508750916,-0.02891313098371029,-0.07004041969776154,0.5446745512148339,0.5373472147821506,3.8398129815311844e-07,284.43672860436726,0.0
13.165,7.588299261668203,-0.8396210519841764,0.35894716085920153,53,0.01324933860450983,0.005908178165555,0.9993113279342651,0.12344208359718323,0.11031964421272278,-0.0879095271229744,0.5450480328149926,0.5345413024897533,3.141485635256721e-07,284.43672860436726,0.0
13.216,7.200242064214879,-0.842273862470202,0.3587319138655751,53,0.01625823974609375,0.004411496687680483,0.9999629855155945,-0.058326490223407745,0.06992125511169434,-0.14926598966121674,0.5459629617473333,0.5290356778489688,2.3246822778374602e-07,284.43672860436726,0.0
13.267,6.816925620630773,-0.8432066313194007,0.3587009200868507,53,0.014877588488161564,0.006934337317943573,0.9990226030349731,-0.10077512264251709,0.05153319612145424,-0.10137439519166946,0.5467337046522436,0.5285671822365694,1.9019789417724988e-07,284.43672860436726,0.0
13.317,6.59698627567866,-0.8421601599369998,0.357674117516745,53,0.01375709567219019,0.007038266863673925,1.001513123512268,0.07600319385528564,-0.06614258140325546,0.09821135550737381,0.5459967340033153,0.5289207298311571,1.407583674284775e-07,284.43672860436726,0.0
13.367,6.353173818055057,-0.8381881566154188,0.35777756705759667,53,0.013809395022690296,0.008448256179690361,0.9979197382926941,-0.0528581477701664,0.060848817229270935,-0.12676195800304413,0.5463412317105782,0.5282608707562668,1.1515666687678933e-07,284.43672860436726,0.0
13.417,6.34459544811505,-0.8337330524431861,0.3632940023913437,54,0.014479629695415497,0.006894515361636877,1.0022602081298828,0.04315619543194771,-0.03659684583544731,-0.026646841317415237,0.5492025801033557,0.5290546218431271,8.520925936735084e-08,284.43672860436726,0.0
13.468,6.461676548351146,-0.8330697221374541,0.3636950267089496,54,0.015353409573435783,0.007530571427196264,0.9993301630020142,-0.22586758434772491,0.06726910918951035,0.062429122626781464,0.5487057684014601,0.5307171739104504,6.970838145178847e-08,284.43672860436726,0.0
13.518,6.934795638623402,-0.8339217163322461,0.3641740357794292,54,0.015025279484689236,0.0059609971940517426,0.9998234510421753,0.2525479197502136,-0.1923649162054062,0.08966649323701859,0.5462167188403154,0.533572069782156,5.157569442274048e-08,284.43672860436726,0.0
13.569,7.578660404865131,-0.8257413620858164,0.3336369634216504,54,0.014918681234121323,0.004194062203168869,0.9965081214904785,-0.18030178546905518,0.0017852101009339094,0.04770141839981079,0.5428321621286203,0.537439370285371,4.2193351536810686e-08,284.43672860436726,0.0
13.619,8.190928670834628,-0.81580734423093,0.3446773695642751,54,0.013988942839205265,0.005439605098217726,0.9977982044219971,0.14185920357704163,0.024039292708039284,-0.06303533166646957,0.5378417101068284,0.5389843398026614,3.121915286129723e-08,287.1827456350565,0.0
13.669,8.656836399308482,-0.8219123756957327,0.3492007882254093,54,0.015448802150785923,0.006793772801756859,0.9983009696006775,-0.028717786073684692,0.10489574819803238,-0.008948523551225662,0.5381000149877534,0.5409890472607152,2.5542287063841876e-08,287.1827456350565,0.0
13.72,9.11944336864048,-0.8221239723345696,0.34703994156676155,54,0.013852556236088276,0.005654660984873772,0.9998866319656372,0.0992574691772461,-0.054386306554079056,0.10705279558897018,0.5380885193124997,0.542264057289965,1.8904133932086197e-08,287.1827456350565,0.0
13.77,9.326565697642442,-0.8330796738518884,0.3454862714674951,54,0.014828266575932503,0.006451866123825312,0.9992702007293701,-0.16323982179164886,0.01394713670015335,0.20856358110904694,0.5415873420751819,0.5428691216187658,1.546776308152583e-08,287.1827456350565,0.0
13.821,9.37869893456377,-0.8367735135199245,0.34444635432150356,54,0.016873609274625778,0.005261084996163845,1.0004751682281494,-0.3742313086986542,0.015133603475987911,-0.2609265148639679,0.5461306053778544,0.5452284526520308,1.1447382751712119e-08,287.1827456350565,0.0
13.871,9.509705229860332,-0.8406202958516966,0.3386265746842584,54,0.013919210061430931,0.006346237380057573,1.0023095607757568,-0.2426532655954361,0.020639194175601006,-0.10687845945358276,0.5469222156353022,0.5467678387535014,9.365886692931809e-09,287.1827456350565,0.0
13.922,9.755978743510294,-0.8407850606402709,0.33527346386605805,54,0.013682452030479908,0.003014072310179472,1.0005306005477905,0.008542275056242943,-0.13984206318855286,-0.04455319792032242,0.5472374050445544,0.5496614132753618,6.930259547750983e-09,287.1827456350565,0.0
13.972,10.098259169762823,-0.836829869551194,0.3408163990146827,54,0.01451039221137762,0.005957688204944134,0.9996359348297119,0.10698504000902176,0.05167120322585106,0.2554883658885956,0.5460456280529857,0.5550688085115573,5.128301217189746e-09,287.1827456350565,0.0
14.023,10.541531501529905,-0.8438771208808516,0.345427621765575,54,0.016019171103835106,0.007048300001770258,0.9980557560920715,0.28465700149536133,0.11346409469842911,0.15405265986919403,0.544348810890864,0.5564897077349791,4.195542762819443e-09,287.1827456350565,0.0
14.074,11.204633611598796,-0.838932514315764,0.3389349899335681,54,0.015264407731592655,0.003697924315929413,0.9986509084701538,-0.1045558825135231,0.0031995063181966543,0.10131952911615372,0.543529180905208,0.5557017382676172,3.1049079859979825e-09,287.1827456350565,0.0
14.124,10.699981297990124,-0.8418511156336952,0.3313468794527994,54,0.015371907502412796,0.004781070630997419,1.000450849533081,-0.021491093561053276,0.07454200834035873,0.3499540686607361,0.5421330105028995,0.555990388988422,2.5405124464198803e-09,287.1827456350565,0.0
14.174,10.818209912264887,-0.8466724314050241,0.3402781929831824,54,0.01661410741508007,0.005089411046355963,1.001282811164856,0.003984289243817329,0.016523269936442375,-0.0833953320980072,0.5381983026034045,0.5556220064050786,1.8803954526821667e-09,284.97785025139285,0.0
14.225,9.985905156398164,-0.8414469547796162,0.34283423086003223,54,0.013974799774587154,0.007363509852439165,0.9972230195999146,0.002511892933398485,0.1045936644077301,0.04266614094376564,0.5350363392124402,0.5550859630815491,1.538765523272113e-09,284.97785025139285,0.0
14.275,9.795862356459079,-0.8457166416942461,0.3503953515423936,54,0.01475406065583229,0.006417714990675449,1.001197099685669,0.007246451452374458,0.04078073427081108,-0.05852969363331795,0.5281122079525953,0.5566331734698363,1.139041621511092e-09,284.97785025139285,0.0
14.325,10.443069200822011,-0.8506379519251349,0.3548501512992577,54,0.014463473111391068,0.0066815088503062725,1.0008111000061035,-0.08828727900981903,-0.11354296654462814,-0.08385402709245682,0.5262359433722263,0.5605720853181989,9.320363052758515e-10,284.97785025139285,0.0
14.376,10.927786156958899,-0.8405996116685539,0.35632378144093363,54,0.015125082805752754,0.007760751526802778,0.997275710105896,-0.2442375123500824,-0.15234044194221497,0.207118421792984,0.5259777967641996,0.5618589904436057,6.897867901890993e-10,284.97785025139285,0.0
14.426,10.767927340136412,-0.8426383724987192,0.3487909736233689,54,0.017262475565075874,0.004167474806308746,0.9994494915008545,-0.014962251298129559,-0.04168024659156799,0.1346985548734665,0.5260755236734184,0.5589232459423521,5.64321837213064e-10,284.97785025139285,0.0
14.477,10.378297861317037,-0.8435924165610499,0.3414094542936452,54,0.014590216800570488,0.006028139032423496,0.9992887377738953,-0.0055135455913841724,-0.10922451317310333,-0.04943648725748062,0.5267022355015596,0.5572491984585167,4.175646545298375e-10,284.97785025139285,0.0
14.532,10.00860561916135,-0.8439905789265426,0.32373292637177753,54,0.012587831355631351,0.0040011280216276646,1.0015681982040405,-0.10583607852458954,-0.032720133662223816,0.11263586580753326,0.5258908474129038,0.5578407231372934,3.415979404638814e-10,284.97785025139285,0.0
14.582,9.503135107155773,-0.8479146270697749,0.3367568113292304,54,0.016588207334280014,0.007802871055901051,1.000064492225647,-0.04689926654100418,-0.038526441901922226,0.19653676450252533,0.5263860317374813,0.5557052024367177,2.527546510798873e-10,284.97785025139285,0.0
14.633,9.40944078071648,-0.8581581898701965,0.3397082351600377,54,0.014941009692847729,0.005298914387822151,1.0027785301208496,0.09747080504894257,0.05465850606560707,-0.0186505988240242,0.5294577675804832,0.5567807427400402,1.8703912501364301e-10,284.97785025139285,0.0
14.683,9.497756724267745,-0.8525027306037843,0.34289837017408664,54,0.015996448695659637,0.006980245467275381,0.9976678490638733,-0.28936582803726196,0.0999947115778923,0.007964804768562317,0.5308351761917869,0.5579299459473869,1.530202444057398e-10,285.9102931152011,0.0
14.734,9.534626398560267,-0.8386964719196209,0.34439949952409854,54,0.011919678188860416,0.005207452457398176,0.9993566274642944,-0.04120367765426636,0.05709784850478172,0.04421885684132576,0.5342889334221048,0.5584803086291691,1.1322957821403565e-10,285.9102931152011,0.0
14.784,9.581879728504296,-0.8356122062320135,0.34878046481969543,54,0.015343491919338703,0.0060404082760214806,0.9985709190368652,-0.05885590240359306,-0.045787014067173004,-0.06067933142185211,0.5340151386653544,0.5590198209058049,9.262962404141416e-11,285.9102931152011,0.0
14.835,9.737642419364331,-0.8378581350142642,0.3519208617469434,54,0.014556577429175377,0.005273432936519384,0.998083233833313,-0.029062114655971527,-0.1511942595243454,-0.18668842315673828,0.5352866195042266,0.5590923015350897,6.854000125260877e-11,285.9102931152011,0.0
14.885,9.612124728941549,-0.8412586477130533,0.34062108235985533,54,0.013956405222415924,0.005654961336404085,1.0002421140670776,-0.08928040415048599,-0.013503449968993664,-0.03942888230085373,0.5359744150115837,0.5581054357846857,5.6068015575003266e-11,285.9102931152011,0.0
14.935,9.317466834384657,-0.8371198441980878,0.33730841634028375,54,0.013525617308914661,0.007280462421476841,1.0017237663269043,-0.10582377761602402,0.12647700309753418,-0.0851256400346756,0.5362309484129085,0.5573416043731024,4.1486846661002437e-11,285.9102931152011,0.0
14.985,9.178619385106431,-0.8467072760746266,0.3380084547105286,54,0.014531925320625305,0.0032606045715510845,0.9985568523406982,-0.10263118147850037,-0.032186828553676605,0.0922795906662941,0.5359397243776424,0.5573922351956863,3.3943370453765675e-11,285.9102931152011,0.0
15.036,8.788210622636775,-0.8472755580977763,0.344519076909566,54,0.014268169179558754,0.007313079200685024,1.0001641511917114,0.14768239855766296,0.018714329227805138,0.11533176153898239,0.5357845945947213,0.5546422568424623,2.5123139446180656e-11,285.9102931152011,0.0
15.086,8.22977988574617,-0.8468253324988737,0.3417805789638187,54,0.015290817245841026,0.0056692142970860004,1.0006352663040161,0.08378688246011734,0.08663799613714218,0.16235439479351044,0.5315134636153865,0.5521883300366192,2.055636012776167e-11,285.9102931152011,0.0
15.136,7.570968665056946,-0.8488167000778056,0.36035486094527297,54,0.014727188274264336,0.007755758240818977,0.9977708458900452,-0.17419704794883728,0.07895248383283615,0.002794683212414384,0.5268714879627479,0.546514219828216,1.5215617329990887e-11,285.9102931152011,0.0
15.187,6.841365325635535,-0.8376977208048584,0.36930351808285666,54,0.014085919596254826,0.007311641704291105,0.9981258511543274,-0.07823523133993149,-0.0007583030965179205,-0.061002135276794434,0.5248198907934649,0.5439496431001601,1.24506660300388e-11,285.9102931152011,0.0
15.237,6.242968445944183,-0.84706772854611,0.34924189028117536,54,0.016336895525455475,0.0041610682383179665,0.9972584843635559,0.10160659998655319,-0.17034077644348145,0.17219248414039612,0.5218367435421672,0.5391781681249089,9.215744964093593e-12,285.3268027210884,0.0
15.288,5.735828189303089,-0.8397857004981576,0.3468801718694023,54,0.012592824175953865,0.006021443288773298,0.9997472763061523,-0.1748395562171936,-0.22689613699913025,0.01895599253475666,0.5222652879538979,0.5373676477613206,7.540502701491814e-12,285.3268027210884,0.0
15.338,5.430400708883131,-0.8357150952470406,0.3407887069188041,54,0.014725782908499241,0.005973334424197674,0.9983143210411072,-0.051223523914813995,0.060493141412734985,-0.0050323172472417355,0.5239407615806311,0.5358840597265301,5.580459932572935e-12,285.3268027210884,0.0
15.388,5.144483624016989,-0.8517007297916597,0.3291915132804342,54,0.014883588999509811,0.0045888773165643215,1.0002905130386353,-0.24499432742595673,0.10294303297996521,-0.017914433032274246,0.5260650829120513,0.5328684136856351,4.565634420750228e-12,285.3268027210884,0.0
15.438,4.992457527132874,-0.8472314516694784,0.3367778186166159,54,0.014553331770002842,0.009434422478079796,0.9987186193466187,0.15370750427246094,-0.0434718020260334,0.19567835330963135,0.5321618829726947,0.5311990011992351,3.3786600559264963e-12,285.3268027210884,0.0
15.489,4.882686120724648,-0.8343220239898289,0.3446116119654927,54,0.015329018235206604,0.007046341430395842,1.0008573532104492,0.059961091727018356,-0.03406152129173279,-0.01999276876449585,0.5348845317767738,0.5302720191650666,9.676679021586177e-05,285.3268027210884,0.0
15.539,4.720973701021249,-0.8161662491446583,0.34701923056606504,54,0.012489572167396545,0.006312165874987841,0.9964532852172852,0.01395297423005104,0.06993945688009262,0.10757263004779816,0.5368740510504544,0.5281756918587631,0.00032114455794307335,285.3268027210884,0.0
15.589,4.391048980440196,-0.8163109094168544,0.34738801248181056,54,0.012532304041087627,0.006453926675021648,0.9993779063224792,0.04240075498819351,-0.13883717358112335,0.046906132251024246,0.5367355508767462,0.5250824619914135,0.0005740368385853795,285.3268027210884,0.0
15.64,4.053102623230418,-0.8341000944094518,0.35365190072934544,54,0.014727186411619186,0.007315201684832573,1.0001157522201538,0.04965950548648834,0.12767082452774048,0.007364646997302771,0.5381932283764232,0.523936200424715,0.0004841612492839402,285.3268027210884,0.0
15.69,4.177047513707846,-0.8374991525330118,0.3570204361211675,54,0.0165377389639616,0.007602849509567022,0.999723494052887,0.00023899611551314592,-0.09327975660562515,0.06673286110162735,0.5382838392869059,0.5260029008125505,0.0003583955299205684,285.3268027210884,0.0
15.741,4.4757155707253204,-0.838022327185244,0.36272832077395056,54,0.013587194494903088,0.004988657310605049,1.0006258487701416,0.10341410338878632,-0.1302867978811264,0.050339195877313614,0.5394004026099087,0.5262270323617035,0.00038170643127808816,285.3268027210884,0.0
15.791,4.5574272808498595,-0.8407930381969394,0.3506975786860145,54,0.014617118053138256,0.0058510443195700645,0.9987595081329346,-0.03905710577964783,-0.11320383846759796,0.01605973020195961,0.5412744197963402,0.5269430020419159,0.00030666754367389176,284.0707077548256,0.0
15.842,4.734957687658786,-0.8437598043026772,0.3599782809083635,54,0.013974519446492195,0.007172799669206142,0.9995685815811157,-0.25626787543296814,-0.048322517424821854,0.041331369429826736,0.5413897102016894,0.527843864599196,0.000250931381355702,284.0707077548256,0.0
15.892,4.69201978394391,-0.8400595674529291,0.36385897069618833,54,0.01532447524368763,0.007360843010246754,1.0019601583480835,0.0942205935716629,-0.08447211980819702,-0.0037684100680053234,0.5410173557612528,0.5248338814352168,0.0005545812349483952,284.0707077548256,0.0
15.943,4.350798918691953,-0.8356434157126602,0.354135509648022,54,0.0128816869109869,0.005098308436572552,0.9995518326759338,0.10841614753007889,-0.0026494874618947506,0.007094561588019133,0.5406114224039879,0.5261230965662376,0.0007971965538095039,284.0707077548256,0.0
15.993,4.826216467116133,-0.8413838671527765,0.3531568746861274,54,0.017104050144553185,0.005905020982027054,1.0012611150741577,0.28985100984573364,-0.03368421643972397,0.24226553738117218,0.5348064398409155,0.5293529375471793,0.0007002135994430773,284.0707077548256,0.0
16.043,5.483409148048908,-0.8504533566085545,0.35533096244487894,54,0.014287471771240234,0.005818492732942104,1.0014002323150635,0.17462609708309174,-0.13699953258037567,0.21933014690876007,0.5306846297801613,0.5320626493940263,0.0007514556965959264,284.0707077548256,0.0
16.093,6.1272627916354505,-0.8495316228280245,0.3472979181030746,54,0.016057809814810753,0.005029967520385981,0.9984925985336304,-0.20602084696292877,-0.2584720551967621,-0.002832006197422743,0.5248171607504873,0.5352641156051915,0.0019078821005307262,284.0707077548256,0.0
16.144,6.76284941641471,-0.8540614868247294,0.33853427200262765,53,0.016053039580583572,0.00546817434951663,1.0005894899368286,0.11274608224630356,0.117634117603302,-0.05186235159635544,0.5218236511819764,0.5368860078595643,0.002337051601288051,284.0707077548256,0.0
16.194,7.470285467548116,-0.8480270938051356,0.34675849112819856,53,0.015282385982573032,0.0069344537332654,0.999869704246521,0.1364872306585312,-0.23812851309776306,-0.0062018572352826595,0.5173269857329208,0.5365516116109377,0.0024887949206842575,284.0707077548256,0.0
16.245,8.072037313742047,-0.8487967073964418,0.34944892943529854,53,0.012210480868816376,0.006451755296438932,1.0005686283111572,-0.06834757328033447,-0.08017352223396301,0.09745271503925323,0.518266387879109,0.5367721290707206,0.0023700236388825694,284.0707077548256,0.0
16.295,7.934861278512007,-0.8428878048504556,0.3568469970760883,53,0.01512259989976883,0.007209043949842453,1.0007102489471436,0.10071484744548798,-0.004124528728425503,-0.23032207787036896,0.5238275035930853,0.5352454866719744,0.0025250057272507547,284.0707077548256,0.0
16.346,7.941196991664702,-0.8386936790408211,0.35670657976368747,53,0.014189503155648708,0.005636841990053654,0.9991235136985779,0.056537825614213943,-0.07289621233940125,-0.07878566533327103,0.5264294383521038,0.537295901844576,0.0026780221190215764,284.3403159107857,0.0
16.396,8.12182665575281,-0.8361938066679484,0.35769577472082925,54,0.014695393852889538,0.006132856942713261,1.0019911527633667,-0.03888838738203049,-0.001337234047241509,-0.25138595700263977,0.5278204268675577,0.5415084701804306,0.0026712097805841853,284.3403159107857,0.0
16.446,8.231743966711829,-0.8272001557582743,0.3465892175260678,54,0.01354023814201355,0.0063224127516150475,1.0004826784133911,-0.05169157311320305,-0.023259704932570457,0.15255385637283325,0.5315331317248188,0.5404539444395202,0.003823667968435922,284.3403159107857,0.0
16.497,8.204247963108493,-0.8234776763744767,0.34230959963909,54,0.01231810450553894,0.006280429195612669,0.9979708790779114,0.09196634590625763,-0.09931797534227371,-0.08097630739212036,0.5362483858552458,0.5418222622235705,0.0053842343568938685,284.3403159107857,0.0
16.547,8.21519606316062,-0.8131595865593793,0.3495749576845349,54,0.012524246238172054,0.004632330033928156,0.9977036118507385,-0.05375637114048004,0.07871419936418533,0.0996498391032219,0.5399117010806016,0.5416620722220565,0.006433000460290366,284.3403159107857,0.0
16.598,8.118004910583359,-0.8188103419421411,0.33919544799507406,54,0.0135800801217556,0.004178134724497795,0.9981910586357117,-0.026408694684505463,-0.030983438715338707,0.22650280594825745,0.5431565740394414,0.5397745073814987,0.007785046586931833,284.3403159107857,0.0
16.649,7.958584190097106,-0.8220505954754348,0.3410250400755754,53,0.014640910550951958,0.007237348239868879,0.9998217821121216,-0.16710296273231506,0.04955175518989563,-0.13710245490074158,0.5440578704809459,0.5389600344341414,0.007541056436197832,284.3403159107857,0.0
16.699,7.675120704129945,-0.8150968087655248,0.3386909966139776,53,0.013423613272607327,0.008220878429710865,0.9988523721694946,-0.013024535961449146,-0.1875581592321396,0.022236237302422523,0.5447545633546346,0.5359621654422925,0.006446113075021412,284.3403159107857,0.0
16.749,7.490460099868954,-0.8131545544484876,0.33518686437477285,53,0.013488560914993286,0.00655053835362196,0.9992212057113647,-0.06601365655660629,0.14170435070991516,0.09058567136526108,0.5456727947047324,0.538028207345197,0.0055786801669459865,284.3403159107857,0.0
16.799,7.799363352399138,-0.8188118425791324,0.3401488577577926,53,0.015447289682924747,0.007557431235909462,0.9995342493057251,-0.003730308497324586,0.28476855158805847,-0.008584469556808472,0.544362493633694,0.5399308351604367,0.0057304495723993504,284.3403159107857,0.0
16.849,8.226119262874555,-0.8294474731924733,0.3323796797238434,53,0.0163491889834404,0.005467518698424101,1.001268982887268,0.03553835675120354,0.05891961231827736,-0.12505562603473663,0.5446262140302779,0.5427611433255962,0.0062640286285728835,271.61662997021114,0.0
16.9,8.573019713360104,-0.8390487520946609,0.3398048084491682,55,0.014418411999940872,0.008200762793421745,1.0011941194534302,0.18499377369880676,0.1445501297712326,0.014409326948225498,0.5449844511460875,0.5446262314618973,0.0057750953330302675,271.61662997021114,0.0
16.95,8.960002932914088,-0.8308889592089508,0.3479274336963585,55,0.011740726418793201,0.007732176687568426,1.002037525177002,-0.033953748643398285,0.20240835845470428,-0.00805022194981575,0.5444970018305291,0.544191019594545,0.004435643471344423,271.61662997021114,0.0
17.0,8.958673666836559,-0.8413255797002142,0.3423848841572267,55,0.014978677034378052,0.006651500705629587,0.9984934329986572,-0.14232081174850464,0.1571594625711441,0.09370125830173492,0.5440547590782971,0.5439477347129885,0.0036291931000175448,271.61662997021114,0.0
17.05,8.955661121015279,-0.8288229700499229,0.3356584856410496,55,0.012981971725821495,0.005075300578027964,0.996978759765625,-0.05866152048110962,0.14249147474765778,0.1004348173737526,0.5431025348616815,0.544457168921286,0.002728919744006706,271.61662997021114,0.0
17.1,8.781224749750624,-0.8356425757605266,0.3362826796314048,55,0.015695543959736824,0.00598739692941308,1.000007152557373,0.08817057311534882,-0.09998787194490433,-0.03133777156472206,0.5430135232050888,0.5428915306578255,0.002667727003055447,271.61662997021114,0.0
17.151,8.250538648716573,-0.835275245629343,0.322146879497104,54,0.015688661485910416,0.005830679554492235,0.999154806137085,-0.006846427917480469,-0.1409684419631958,0.06938102841377258,0.5405672484234576,0.540221042392301,0.0029230800121546174,271.61662997021114,0.0
17.201,7.551520517381202,-0.8454697283975268,0.337676164400329,54,0.01607484370470047,0.005995787214487791,1.0014570951461792,-0.20327427983283997,-0.0579887330532074,-0.24249576032161713,0.5364072754961374,0.5371064109314266,0.0026356629405176377,271.61662997021114,0.0
17.251,7.0671740080759236,-0.8376077056002178,0.35561465097192907,54,0.014132400043308735,0.006824657786637545,1.0013115406036377,-0.34242120385169983,0.02155120298266411,0.06070184335112572,0.5394190260243791,0.5364081206082197,0.004005282826272915,271.61662997021114,0.0
17.301,7.0604163551186705,-0.8361011972996376,0.3530630588995205,54,0.01402819063514471,0.0064279185608029366,1.0015276670455933,-0.09521113336086273,0.05799019709229469,0.14974327385425568,0.5387805989609694,0.53742317512132,0.004545717852501656,271.61662997021114,0.0
17.352,7.04536574654264,-0.8418008753960627,0.36545229891302305,54,0.015515132807195187,0.008056910708546638,0.9995546936988831,-0.06943744421005249,-0.06921336054801941,-0.04918472096323967,0.5412524047383417,0.535987503552047,0.006234040528543384,271.61662997021114,0.0
17.402,6.9331226213157375,-0.8331968065420581,0.37226654570976825,54,0.013002689927816391,0.007561667822301388,0.999451756477356,-0.1461421549320221,-0.022953510284423828,-0.16455796360969543,0.543573627766665,0.5358776410057473,0.006635867589914111,285.07469584720997,0.0
17.453,6.9143349260269575,-0.8325861748932766,0.3729484565519555,54,0.014891455881297588,0.006733238697052002,0.9997035264968872,0.0016273311339318752,0.041133660823106766,0.018874716013669968,0.5432410638494876,0.5371906712949688,0.006861562894970262,285.07469584720997,0.0
17.503,7.464798267004828,-0.8220859422746918,0.372448370685991,54,0.013093605637550354,0.007398754358291626,1.0002679824829102,0.09044621884822845,0.06220793351531029,-0.04111625626683235,0.5401602583614584,0.5383654812344819,0.006905771490693739,285.07469584720997,0.0
17.554,8.086369066041948,-0.8249489698402905,0.37603622657362695,54,0.014014705084264278,0.005313351284712553,0.9991043210029602,0.02464507706463337,-0.31053680181503296,-0.05059487372636795,0.5366764765195396,0.5408112986409914,0.006803156049834616,285.07469584720997,0.0
17.604,8.733164163570004,-0.8258812575410358,0.36440067104094526,54,0.015451565384864807,0.006436718162149191,1.0000221729278564,-0.11824647337198257,-0.08619014918804169,0.20593483746051788,0.5368955258868198,0.5399240085669732,0.006405357196382304,285.07469584720997,0.0
17.655,8.660244485686006,-0.8211637140137701,0.3631645102305569,54,0.015931647270917892,0.0031334268860518932,0.9994440078735352,-0.25151365995407104,0.14549385011196136,-0.2238144874572754,0.5397211110337692,0.5394755814815058,0.006032077695788602,285.07469584720997,0.0
17.705,8.841819004922217,-0.8204440531739522,0.36251043102215347,54,0.012891382910311222,0.004348312970250845,0.9980892539024353,0.13300035893917084,-0.18631374835968018,0.09543021768331528,0.5389515897839052,0.5419216722436605,0.0049350209225821045,285.07469584720997,0.0
17.755,9.123516669450769,-0.8236919645221449,0.3596832189290827,54,0.015771744772791862,0.006665956228971481,1.000333309173584,-0.3623071312904358,-0.1397721767425537,0.002183800097554922,0.5409865531375083,0.5448858216639672,0.003651331382156481,285.07469584720997,0.0
17.806,9.290258859321796,-0.8268616448701473,0.36491145618360027,54,0.013762111775577068,0.006988884415477514,0.9995031952857971,0.045941371470689774,0.07057340443134308,-0.10198862850666046,0.5440361539326487,0.5474303780707286,0.002987209887715652,285.07469584720997,0.0
17.856,9.512010399007506,-0.8328061912500511,0.366348000558255,54,0.014509192667901516,0.005830524023622274,0.9991075396537781,-0.09528142958879471,-0.04572414979338646,-0.05066069960594177,0.5453264176137391,0.551488416217855,0.0022107724552478778,285.07469584720997,0.0
17.907,9.83859536351379,-0.8253208743047563,0.36464520898296476,54,0.01461863424628973,0.006961476989090443,0.9991254210472107,0.2697864770889282,-0.09524223953485489,-0.035262975841760635,0.5441578147042595,0.5529578797681582,0.0018089385150080258,285.07469584720997,0.0
17.957,10.348429955495906,-0.8265786508895947,0.3704401211710889,54,0.015920698642730713,0.00591769115999341,1.000741958618164,-0.024551503360271454,-0.22886401414871216,0.23928220570087433,0.5423568442142315,0.5540576479229556,0.0013387797728795293,285.1909974841912,0.0
18.008,10.900689299444135,-0.8290921487831548,0.3613551854043434,54,0.015219106338918209,0.005243540275841951,0.999141275882721,0.3986998498439789,-0.16233143210411072,0.1297202855348587,0.5418795886541066,0.5555283780267631,0.0009909870242447015,285.1909974841912,0.0
18.058,11.27770363937217,-0.8399941542360241,0.3567686116274713,54,0.014356427825987339,0.0065930006094276905,1.0011342763900757,0.1297786980867386,0.004013516008853912,-0.05959939584136009,0.5425951998077232,0.557008404539972,0.0008109362101363115,285.1909974841912,0.0
18.108,11.477998436514625,-0.829684722074346,0.3514304571777692,54,0.014639441855251789,0.007850672118365765,0.9984375238418579,-0.1469719111919403,0.04879918321967125,-0.10447488725185394,0.5443175088109589,0.5589096381154626,0.0006636013198415158,285.1909974841912,0.0
18.158,11.735603173681037,-0.8262808767642121,0.35377538873169695,54,0.01449946966022253,0.006202545017004013,0.9993091821670532,0.035952743142843246,-0.0915750041604042,-0.10123489052057266,0.544964156658519,0.5615980320767772,0.0004912089858514955,285.1909974841912,0.0
18.209,11.851980556268163,-0.819862196192795,0.34894669358699937,54,0.013740330934524536,0.0062365480698645115,1.000187635421753,-0.09169571846723557,0.2018875628709793,-0.15041804313659668,0.5480370559262088,0.5616136852480705,0.0009018690130085412,285.1909974841912,0.0
18.26,11.766665211729654,-0.8228034388276215,0.34562222792580133,54,0.016100680455565453,0.0065063959918916225,0.9997678995132446,-0.02782156690955162,-0.22177009284496307,-0.05706637725234032,0.5500915800186656,0.5608875371226661,0.001463028575958839,285.1909974841912,0.0
18.31,11.740033958412488,-0.8338389769558658,0.3521558308195767,54,0.014089320786297321,0.006424214690923691,1.0015816688537598,0.001151730422861874,0.18325942754745483,0.04518607258796692,0.5513408275067516,0.5605747491022891,0.0018045120164937854,285.1909974841912,0.0
18.36,11.626418044191404,-0.8299765511776215,0.321881999774852,54,0.01621803641319275,0.005605719983577728,0.9993147253990173,0.023998189717531204,-0.08143225312232971,0.09744171053171158,0.5514568449008683,0.5601354193359999,0.0017796489859043918,285.1909974841912,0.0
18.411,11.38517374877783,-0.8432118126083563,0.32882906462645506,54,0.01355407852679491,0.005152326542884111,1.0001500844955444,-0.0030960538424551487,-0.07432028651237488,0.12329044193029404,0.5531842513781491,0.5594686525905039,0.0020550399430366646,285.1909974841912,0.0
18.461,11.25953578129576,-0.8269683475051915,0.32367029246124623,54,0.014162839390337467,0.00605440279468894,0.9988970160484314,0.038349445909261703,-0.12091414630413055,0.13937970995903015,0.5545822919635558,0.5593558260157527,0.0017847823473495466,285.07469584720997,0.0
18.511,11.493026775153659,-0.8301997068024951,0.3364506334227116,54,0.012741943821310997,0.008354313671588898,1.0002667903900146,0.06160290539264679,0.006220264360308647,-0.052916329354047775,0.5511376647685877,0.5604363740547502,0.0013502327567190791,285.07469584720997,0.0
18.562,12.130312970706584,-0.8362046526717223,0.3361205729923974,54,0.017062155529856682,0.004360682796686888,1.0007681846618652,0.13912005722522736,0.12471690773963928,0.04275616258382797,0.5500571074458718,0.5617649184273455,0.0011045877556949773,285.07469584720997,0.0
18.612,12.7713427963437,-0.8279647047854295,0.3319948763651794,54,0.013142349198460579,0.006943235173821449,0.9970792531967163,0.04360325261950493,-0.04586247354745865,-0.09053348749876022,0.5470060731934617,0.562199022154557,0.0008173260315130384,285.07469584720997,0.0
18.663,12.389785439995148,-0.835661028842144,0.33210126986309635,54,0.016208941116929054,0.005803667940199375,0.9959796667098999,-0.22700662910938263,0.14935892820358276,-0.09421109408140182,0.5436872758334811,0.560881454780173,0.000668674124249769,285.07469584720997,0.0
18.714,11.814094977929122,-0.8371942363473647,0.33357817231786074,54,0.014192881993949413,0.0062287007458508015,1.0008509159088135,0.11920703947544098,-0.16658537089824677,0.0108816372230649,0.5424697189872019,0.558471220997518,0.0004947899266083697,285.07469584720997,0.0
18.764,11.08037884951905,-0.825583199926672,0.33136768394511296,54,0.016168858855962753,0.004685373045504093,0.999243974685669,0.09319556504487991,-0.06467293947935104,0.17192281782627106,0.541110573360038,0.5578049403146638,0.00040481146217910823,285.07469584720997,0.0
18.814,10.416924754795328,-0.8350759545315426,0.3435190337457373,54,0.014964678324759007,0.007806446868926287,1.0000189542770386,-0.09003444015979767,-0.04167947173118591,-0.22433459758758545,0.5406826851783604,0.556035512007238,0.0002995896319303265,285.07469584720997,0.0
18.864,10.058099643758213,-0.842547531970532,0.35084282835083647,54,0.01570149138569832,0.006944000255316496,0.9987273216247559,-0.07103556394577026,-0.018775271251797676,-0.22386327385902405,0.5430344165356192,0.5556308750109551,0.00035722460961536015,285.07469584720997,0.0
18.914,10.00645445263471,-0.8430379701466445,0.3318472286660639,54,0.015285647474229336,0.004781528376042843,1.0002918243408203,-0.18081416189670563,0.2172854095697403,-0.01006984245032072,0.5479720455182466,0.5563121037667743,0.0005177291890285211,285.07469584720997,0.0
18.965,9.882527645952434,-0.8660607251779963,0.3293111012109464,54,0.017650026828050613,0.006433782167732716,1.0002455711364746,0.19611552357673645,0.04136443883180618,0.0590018555521965,0.5494678489246939,0.5536526842621554,0.0007818087820972606,285.07469584720997,0.0
19.015,9.643805201726401,-0.857307406557282,0.3325084892283271,54,0.013810303993523121,0.006788881029933691,0.9982755184173584,-0.149991974234581,0.14166468381881714,0.042487408965826035,0.5531394913714706,0.5512705537868384,0.0010488590023676938,285.9102931152011,0.0
19.065,9.519090563035425,-0.8455876565772626,0.3256389174650265,54,0.012788334861397743,0.005067008081823587,0.9985688328742981,-0.09906135499477386,0.13241896033287048,0.037613749504089355,0.55536290964664,0.5515109344478132,0.0012100330991440522,285.9102931152011,0.0
19.115,9.540634824375584,-0.8481517340467981,0.33419606693053444,54,0.015418902970850468,0.007056184578686953,0.998874306678772,-0.12838566303253174,-0.19029144942760468,0.045345284044742584,0.5572675633762287,0.5538409325470445,0.0012168549413123192,285.9102931152011,0.0
19.166,9.91702872634113,-0.8438885919485006,0.3286746242945074,54,0.01269950345158577,0.0025283924769610167,1.0006929636001587,0.2640053629875183,-0.0015881417784839869,-0.08452790230512619,0.5547811736601993,0.5533541529788862,0.0009004742303048399,285.9102931152011,0.0
19.216,9.09104755406503,-0.8387028788296964,0.336054085196897,54,0.01491955853998661,0.005685670301318169,1.0016664266586304,-0.058593034744262695,0.23191039264202118,0.12524081766605377,0.5523223583804407,0.5534983447154207,0.0011045783581610986,285.9102931152011,0.0
19.267,9.438340040200924,-0.8391642005715761,0.34843087301078307,54,0.014143367297947407,0.0063803656958043575,0.9973777532577515,0.09419476985931396,0.04220470041036606,-0.009480522945523262,0.5488110782627306,0.5565108849395153,0.002576425128879988,285.9102931152011,0.0
19.317,10.041757371620111,-0.8412284093542305,0.333096330422352,54,0.012915232218801975,0.00461514201015234,1.0007091760635376,-0.12345684319734573,0.011034253984689713,-0.052965305745601654,0.5444425827440141,0.5599160846673895,0.003373967337707979,285.9102931152011,0.0
19.367,10.613265142788961,-0.8393163586048249,0.31828024322311227,54,0.016111841425299644,0.004684078507125378,0.9992961287498474,-0.10460958629846573,0.09535614401102066,-0.034384585916996,0.5410278532139412,0.5649540504771655,0.004582356095656726,285.9102931152011,0.0
19.418,11.122939956237426,-0.8355005443699183,0.32780946382108256,54,0.015212899073958397,0.004934509284794331,0.9994625449180603,-0.312843918800354,-0.288557231426239,0.036729469895362854,0.5381466300372073,0.5677034780827407,0.00485190208824002,285.9102931152011,0.0
19.468,11.713253702544488,-0.8404641808327613,0.31812989437669825,54,0.014018799178302288,0.00379200535826385,0.9986385703086853,-0.15455031394958496,0.1461186558008194,-0.1494782418012619,0.5312257155020012,0.5709295462920186,0.0061145380261667225,285.9102931152011,0.0
19.518,12.345027801391682,-0.8236944810490957,0.32818347099681494,54,0.012456865049898624,0.0050505041144788265,0.998359739780426,-0.4377651512622833,0.051634661853313446,-0.0939539223909378,0.5302086033697256,0.5710957079289544,0.00656282070446638,285.9102931152011,0.0
19.569,12.960526530584485,-0.8377906397149878,0.3348253428044421,54,0.013975926674902439,0.0054983654990792274,0.9992478489875793,-0.044339053332805634,0.0029607240576297045,0.1240963488817215,0.529980702553402,0.5711133590525688,0.006493959103348282,285.03594971117906,0.0
19.619,12.787450073104235,-0.8441420760283602,0.3338137025254735,54,0.01473495177924633,0.005074922926723957,0.9990535974502563,-0.08148958534002304,-0.09629553556442261,0.07146532088518143,0.5292056502774114,0.5689653681915303,0.00606488046469557,285.03594971117906,0.0
19.669,12.262229233244671,-0.8418474677596538,0.33140165693495965,54,0.01480396930128336,0.0033608891535550356,1.0002765655517578,0.18738967180252075,-0.042710740119218826,0.06972398608922958,0.5290349482057305,0.5648992731002953,0.005514036652568092,285.03594971117906,0.0
19.72,11.853703283298323,-0.8454932589792021,0.33679473097525536,54,0.014704919420182705,0.0069752284325659275,1.0001039505004883,-0.04166293516755104,-0.12088435888290405,-0.07301881909370422,0.5302315282096938,0.5631789518377929,0.005108701508922563,285.03594971117906,0.0
19.771,11.538616942518791,-0.8490255825248019,0.3290468047333201,54,0.014016155153512955,0.005884416867047548,0.9995851516723633,0.023488497361540794,0.053726550191640854,-0.04362727701663971,0.5323147187547138,0.5602373192493216,0.00401075934480435,285.03594971117906,0.0
19.821,11.218247768769029,-0.8460981435278044,0.3340448433697785,54,0.013610172085464,0.006294029764831066,0.9977669715881348,-0.21490925550460815,-0.012809419073164463,-0.031969550997018814,0.5332746170653084,0.55751699830627,0.00328206215102298,285.03594971117906,0.0
19.871,10.945354402008771,-0.8485754108330394,0.33000761856832894,54,0.016345718875527382,0.005893135908991098,0.9985085129737854,0.011859048157930374,-0.0028458046726882458,0.2068546861410141,0.5366917108390509,0.5549051047676962,0.002429809541215747,285.03594971117906,0.0
19.922,10.639297590451513,-0.8498879053037643,0.3379043565821748,54,0.01607382670044899,0.007256955374032259,1.0015469789505005,-0.08646833151578903,-0.17614561319351196,0.08350147306919098,0.5364481511573238,0.5511697738761943,0.001988519413321525,285.03594971117906,0.0
19.972,10.090158849377689,-0.8504072768170334,0.3399697433078746,54,0.014591159299015999,0.004544611554592848,0.9968652725219727,0.03436070680618286,0.06426401436328888,0.034320466220378876,0.5354029939480314,0.5471286395470548,0.0014721551725668702,285.03594971117906,0.0
20.023,9.735127801557496,-0.8455281657917052,0.3391020236152315,54,0.014065615832805634,0.0055841607972979546,0.9996412992477417,-0.30253925919532776,-0.04156386852264404,0.15747761726379395,0.5366595101902168,0.5460052499715655,0.0015488875442805816,285.03594971117906,0.0
20.073,9.515400785178398,-0.8402076396809659,0.3515488850754323,54,0.013328249566257,0.006825889460742474,1.000919222831726,0.04869060963392258,0.04404519125819206,0.18715648353099823,0.5424781020596493,0.5444867844203772,0.0018240504263527305,285.03594971117906,0.0
20.123,9.421315902867157,-0.8400276948980698,0.3654349007436873,53,0.014333547092974186,0.00593807315453887,0.9961638450622559,0.044072460383176804,0.06889859586954117,0.0717858374118805,0.54509413093103,0.5449745293466332,0.002232529462071884,283.53302237544784,0.0
20.173,9.49011786742349,-0.8384458388449221,0.3526150101330379,53,0.014704607427120209,0.0036748338025063276,0.9980254769325256,-0.033354394137859344,-0.040667824447155,-0.12473031878471375,0.5466449076576037,0.548045762510334,0.00196941526111276,283.53302237544784,0.0
20.224,9.678190352420227,-0.8398096254152925,0.358317603030713,53,0.01351014431566,0.010665537789463997,1.0012785196304321,0.019939597696065903,-0.08579245954751968,0.06660649925470352,0.5494727224840231,0.5498720755054805,0.0020876471375508516,283.53302237544784,0.0
20.274,9.723415842861803,-0.8400349486765031,0.34822649065066213,53,0.013773982413113117,0.004775796085596085,1.0007655620574951,-0.06673358380794525,0.11286214739084244,-0.022202087566256523,0.5529029077432728,0.5499597317963784,0.0020333188648541133,283.53302237544784,0.0
20.325,9.531365676986841,-0.8324814874174468,0.36213227444262996,53,0.014448609203100204,0.004566211253404617,0.9983722567558289,-0.0770963802933693,-0.15228043496608734,-0.030165115371346474,0.5522373599713647,0.5461982295562791,0.0015817321850046433,283.53302237544784,0.0
20.375,8.955249863625221,-0.8404516026508141,0.35570302162765427,54,0.014701702632009983,0.007984458468854427,0.9996771812438965,0.03510398790240288,0.0021975236013531685,-0.08584607392549515,0.5485024550817789,0.5449190605870973,0.0012942091548396942,283.53302237544784,0.0
20.425,8.261495471272855,-0.8521381359038067,0.33354553720447166,54,0.014542721211910248,0.004906016867607832,0.9991195201873779,-0.014002272859215736,0.01760712079703808,-0.05803193897008896,0.5445396286130422,0.5415753294378984,0.000957972350136373,283.53302237544784,0.0
20.476,7.599820484366354,-0.8444439070023063,0.3393170535171168,54,0.014439324848353863,0.006594973616302013,1.0000306367874146,-0.09431170672178268,-0.06175150349736214,-0.06769932806491852,0.542952253825637,0.5406954247595996,0.000783935296563174,283.53302237544784,0.0
20.526,6.96694038888062,-0.8368713075297699,0.343128931596784,54,0.015357627533376217,0.005800048820674419,0.9986220002174377,0.011335252784192562,-0.02573629468679428,0.2323325127363205,0.5421668746687911,0.5387561403620759,0.0006415567885111001,283.53302237544784,0.0
20.577,6.4383881118048505,-0.8515654321548125,0.3615742145146635,54,0.014893051236867905,0.007693561725318432,0.999770998954773,-0.11718472838401794,0.026355180889368057,-0.2849401831626892,0.5400273554422622,0.5316004524238465,0.0004749188227925392,283.53302237544784,0.0
20.627,5.936943049645383,-0.8479293003731685,0.3751790455933498,53,0.014043905772268772,0.007901545614004135,0.9988022446632385,-0.06664877384901047,-0.017386307939887047,-0.016917545348405838,0.5395368354133157,0.5266454030844955,0.0003516029467910682,285.6571545324525,0.0
20.677,5.558836931848876,-0.8490000967872275,0.36013066242296704,53,0.014939237385988235,0.006487149279564619,0.9977091550827026,0.010407431051135063,0.02187884971499443,-0.07225047051906586,0.5428375252687216,0.5247114977498124,0.0002876993789064943,285.6571545324525,0.0
20.728,5.241226103306221,-0.8502885307539367,0.3699633358520851,53,0.013872257433831692,0.005212428979575634,1.0005638599395752,-0.15207670629024506,0.10365885496139526,-0.07723867148160934,0.5412737309395492,0.5248820156141277,0.00021296896423097822,285.6571545324525,0.0
20.778,5.249673327861825,-0.8599649851181866,0.3646185938045108,53,0.01728961430490017,0.007012126035988331,1.0020262002944946,0.05301539599895477,0.0685400664806366,0.022621402516961098,0.5422770968848591,0.5267046268682537,0.00017427870263533082,285.6571545324525,0.0
20.829,5.547903494119535,-0.8544367071038854,0.35710267357536446,53,0.016204483807086945,0.0051766023971140385,1.0024360418319702,0.12745827436447144,-0.02719556726515293,-0.03326324373483658,0.5419564377497887,0.5330660751827031,0.00012900957462662525,285.6571545324525,0.0
20.879,5.985448541081833,-0.8476917369834154,0.3431641767158212,54,0.015651298686861992,0.005625633057206869,1.0013371706008911,0.21152997016906738,0.15707184374332428,0.18221454322338104,0.5399384276073028,0.5360410789780616,0.0001055719973051363,285.6571545324525,0.0
20.929,6.435383521400187,-0.8363198454420673,0.35495311981890143,54,0.01438554935157299,0.00607702974230051,1.0001081228256226,-0.26422834396362305,-0.12229369580745697,-0.1091342344880104,0.539974361556258,0.5391749076297025,7.814452658794959e-05,285.6571545324525,0.0
20.979,6.830165481907237,-0.8349934003544055,0.3532453986249892,54,0.015074695460498333,0.005212486255913973,1.000402808189392,-0.05477585271000862,0.03584137186408043,-0.21497227251529694,0.5400898271651818,0.5407741901845438,6.393877357146059e-05,285.6571545324525,0.0
21.029,7.115674785803674,-0.8328824777255486,0.34687657359446805,54,0.0143368449062109,0.0036255584564059973,0.9994772672653198,-0.12134804576635361,0.08916155993938446,-0.08484839648008347,0.5418678989546282,0.5450948488861052,4.7318460245479914e-05,285.6571545324525,0.0
21.08,7.411406531410357,-0.8278466938329204,0.3627242042272953,54,0.012674689292907715,0.00758290896192193,0.9993950128555298,-0.0028341973666101694,0.16897429525852203,0.04679732769727707,0.5423625583129,0.549534097758649,3.871463927087254e-05,285.6571545324525,0.0
21.131,7.87761508716572,-0.8324699635883208,0.3537953232816316,54,0.014514243230223656,0.003922495525330305,0.9979735612869263,0.12886163592338562,-0.05799590051174164,-0.027575483545660973,0.5407463680833773,0.5530218755286175,2.8651258098339068e-05,285.6571545324525,0.0
21.181,8.19613785375883,-0.8324523752825863,0.3705607232130132,54,0.014851836487650871,0.009235609322786331,1.0003329515457153,0.059664901345968246,-0.10816261917352676,-0.12722323834896088,0.5416513174326935,0.5549389983110119,2.3440860928480734e-05,281.8373874479237,0.0
21.232,8.666173339171854,-0.8353697921148874,0.35330087421846074,54,0.015278637409210205,0.006216765381395817,0.9994334578514099,-0.07050567865371704,0.013635063543915749,0.2536306381225586,0.5401010729154485,0.5563147206787833,1.735035472951806e-05,281.8373874479237,0.0
21.282,8.927063608563786,-0.8164201459457101,0.3565409962446515,54,0.013755235821008682,0.006719293538480997,1.0000444650650024,0.006851672660559416,-0.16797876358032227,0.04003233462572098,0.5402554061249267,0.5544177254946959,1.4198769378881602e-05,281.8373874479237,0.0
21.332,8.432525148544485,-0.8197731939526466,0.3546413638802244,54,0.016204016283154488,0.007036986760795116,0.9991773962974548,0.010369116440415382,-0.058347031474113464,0.18844906985759735,0.5410490327196225,0.5515141562416099,1.0511788879961148e-05,281.8373874479237,0.0
21.383,7.883269411376851,-0.8311182568953792,0.3523437376011013,54,0.01608477346599102,0.006787873804569244,1.000023603439331,0.21095918118953705,-0.04827752709388733,0.1370890885591507,0.539593836485522,0.5516616348544898,8.602874341117948e-06,281.8373874479237,0.0
21.433,7.190863251341732,-0.8399698387661015,0.34457329330186787,54,0.014762423932552338,0.005662387702614069,0.9983473420143127,0.22030460834503174,0.13780802488327026,0.1319429725408554,0.5368033014437713,0.5498665082757596,6.369124238691205e-06,281.8373874479237,0.0
21.484,7.591544237193176,-0.847074727726658,0.351737367588481,54,0.01426747441291809,0.004247425124049187,0.9989877939224243,0.10961315035820007,-0.07002376765012741,-0.03977515920996666,0.533404984346301,0.5529388776079625,4.71585541818718e-06,281.8373874479237,0.0
21.534,8.174220724910299,-0.8361388430318716,0.3508021146313056,54,0.014018763788044453,0.006253603845834732,0.9998328685760498,0.06353671848773956,-0.07962802797555923,-0.04719450697302818,0.5324787609016781,0.5536816594284482,3.85967556083076e-06,281.8373874479237,0.0
21.584,8.84040496794731,-0.8380402306378871,0.3613342778946305,54,0.014677651226520538,0.006355850957334042,0.9998064637184143,0.0661885216832161,0.15820972621440887,-0.11976134777069092,0.5315098384381792,0.553223464341047,3.158819216779924e-06,281.8373874479237,0.0
21.635,8.071811621201713,-0.843669624067305,0.3622052324356041,54,0.015125568024814129,0.00804801844060421,0.99973064661026,0.16547735035419464,-0.21583916246891022,0.017971469089388847,0.5284721184967189,0.5515186975530741,2.3387561689353113e-06,281.8373874479237,0.0
21.685,7.492632466985224,-0.8411975460402176,0.36596868229755714,54,0.016734633594751358,0.004678349941968918,0.9998164772987366,0.11832490563392639,-0.14282648265361786,-0.2037251889705658,0.5311389014810205,0.549729106836437,1.7312556801022515e-06,281.8373874479237,0.0
21.736,7.417575136479501,-0.8463935425897601,0.34892067314187764,54,0.016963673755526543,0.005305544938892126,1.0020420551300049,-0.12759026885032654,-0.1866218000650406,0.0669618546962738,0.5332844286863011,0.5503707596952774,1.4168140028937272e-06,278.6172445861565,0.0
21.786,7.482364144276223,-0.8483445661797471,0.3498308558181676,54,0.013798194006085396,0.00718303956091404,0.9983618855476379,0.11758679896593094,-0.13799966871738434,-0.09295819699764252,0.5342242393955088,0.5513463190943876,1.1595442003953784e-06,278.6172445861565,0.0
21.837,7.521069100405127,-0.842032118345534,0.3425464331496643,54,0.013319319114089012,0.007216309197247028,0.99871426820755,0.1149502843618393,-0.11225469410419464,0.04910195618867874,0.5340114930970887,0.5510461477742272,8.585133738544168e-07,278.6172445861565,0.0
21.887,7.881252969118798,-0.831688166682989,0.3568075949924807,54,0.013171546161174774,0.007596300449222326,0.9993439316749573,-0.09406819939613342,-0.04245428368449211,0.19139035046100616,0.533213770458013,0.5531511023591345,6.35596984773218e-07,278.6172445861565,0.0
21.937,8.413854907743977,-0.8332908168003358,0.3531262263093532,54,0.014449718408286572,0.006523940712213516,1.0014454126358032,-0.0569634735584259,-0.033193111419677734,0.06550999730825424,0.5320489829310362,0.5529880169276395,5.201419202735754e-07,278.6172445861565,0.0
21.988,8.91906742867724,-0.839302777311977,0.3659508454094115,54,0.016635404899716377,0.009047945961356163,0.9991251230239868,-0.1425064355134964,0.08775722235441208,0.055467281490564346,0.5327997461004851,0.556613055905031,3.8505627631436577e-07,278.6172445861565,0.0
22.038,9.26550341038446,-0.831338722617413,0.35881022033496596,54,0.011488942429423332,0.004634208045899868,1.0017118453979492,0.10449963808059692,-0.13741004467010498,0.0003715079801622778,0.5319525001679513,0.5594940530080436,3.151142014399955e-07,278.6172445861565,0.0
22.088,9.6950599553465,-0.8323779624106434,0.3594305190766331,54,0.014758147299289703,0.005307687446475029,1.0002965927124023,-0.06598876416683197,-0.08959013968706131,-0.09445114433765411,0.5321263991476523,0.5592549782250787,2.3328654652099346e-07,278.6172445861565,0.0
22.138,9.627942360221923,-0.8353198785759713,0.34904452322796237,54,0.015211544930934906,0.006928016897290945,0.999528169631958,0.1580643653869629,-0.05817050859332085,0.0026865771505981684,0.5318748348994262,0.5586680157277065,1.9090023069465006e-07,278.6172445861565,0.0
22.189,9.092180500795417,-0.8224230997153896,0.3490318137183791,54,0.014490596950054169,0.005774093326181173,0.9977311491966248,0.16420187056064606,0.15249210596084595,0.07868745177984238,0.5287638092080608,0.5565940025064484,1.412881481134276e-07,278.6172445861565,0.0
22.239,8.448850431506552,-0.8201512541634087,0.36886999214848726,54,0.014686412177979946,0.009888890199363232,1.0019464492797852,0.07174254208803177,0.14121371507644653,0.17364975810050964,0.5270935722297024,0.5532439499697123,1.1559521489803814e-07,279.7508170479557,0.0
22.29,7.737961310017325,-0.8250743509282574,0.37196628570595597,54,0.014903047122061253,0.006094438023865223,0.9980742335319519,-0.18222340941429138,0.05549463629722595,-0.02899874560534954,0.5242426339722452,0.5501984502163847,8.555286587305893e-08,279.7508170479557,0.0
22.34,7.2614855240588865,-0.8369951347282912,0.359936897358862,54,0.01456001028418541,0.004507048986852169,0.9976500868797302,0.0033798369113355875,-0.0503779835999012,-0.020104749128222466,0.5234378717191098,0.5482827140050929,7.000187438030179e-08,279.7508170479557,0.0
22.39,6.623883436768461,-0.8467168024576309,0.35066637065140016,54,0.01626726984977722,0.007716665044426918,1.0008727312088013,-0.08341473340988159,0.014550193212926388,0.006008865311741829,0.5224441248884333,0.5433217479745482,5.181740470530602e-08,279.7508170479557,0.0
22.441,6.297002749717727,-0.8540488504698142,0.33678196711190456,54,0.0147699024528265,0.004211742430925369,1.000891923904419,0.059215132147073746,0.08127162605524063,0.024401554837822914,0.525040774923453,0.5428134079508851,4.2405022152654814e-08,279.7508170479557,0.0
22.491,5.97599332579588,-0.8522293666285694,0.34188491393925213,54,0.014211807399988174,0.0073127602227032185,0.9982415437698364,0.09278576821088791,0.09270745515823364,0.10593637079000473,0.5241657001184972,0.5406016450896913,3.139234117974788e-08,279.7508170479557,0.0
22.541,5.523004728387427,-0.8469672099335432,0.35923314173437726,54,0.016112321987748146,0.00827060453593731,0.9996253848075867,-0.09646093845367432,0.03618011996150017,-0.023584147915244102,0.5247503913776006,0.5390860729787986,2.568617423928555e-08,279.7508170479557,0.0
22.592,5.28517364427155,-0.8474575487385029,0.36228960904454516,54,0.015239391475915909,0.007327343802899122,0.9972743391990662,-0.12400679290294647,0.10521037131547928,0.028665442019701004,0.5278529669779042,0.5374335723272069,1.9009490112640426e-08,279.7508170479557,0.0
22.642,5.19234124334596,-0.8535156843377808,0.34956219723062515,54,0.015807852149009705,0.007699466776102781,0.9997071027755737,-0.20635336637496948,-0.10983839631080627,0.061398014426231384,0.5315948063298721,0.5367085532635382,9.937065588246899e-05,279.7508170479557,0.0
22.693,5.097372434720861,-0.8545561782806711,0.36288922392843925,54,0.014295676723122597,0.008538324385881424,0.9987923502922058,0.31801900267601013,0.19714435935020447,0.03560352697968483,0.5386039686380857,0.5352058612081325,0.0005847229377305514,279.7508170479557,0.0
22.743,5.057315445849837,-0.8589622498630465,0.34099856558167707,54,0.016958575695753098,0.004137331619858742,0.9996768236160278,-0.13641078770160675,-0.06989848613739014,0.20340144634246826,0.5443995937119775,0.5356939622733562,0.0008080590983620189,279.7508170479557,0.0
22.794,5.061544807668862,-0.8567480075980161,0.3355467133929617,54,0.015654724091291428,0.006158948875963688,0.9998071789741516,0.11582790315151215,0.07849325239658356,0.0860963836312294,0.5527793468151593,0.5364910230549095,0.0005979856169205584,286.14435802974486,0.0
22.844,5.024797355727989,-0.8650090075498696,0.33024285551558064,54,0.014346826821565628,0.005558760836720467,0.9993472099304199,-0.13965243101119995,0.05259322375059128,0.0634261965751648,0.5613940186578293,0.5365947089054189,0.0006882773433302021,286.14435802974486,0.0
22.895,5.034987905029272,-0.8653669473698439,0.32519667383360973,54,0.015320686623454094,0.005325967911630869,0.9980892539024353,-0.2815212607383728,0.24375441670417786,-0.18207912147045135,0.5644281159345478,0.5376178525028713,0.0005632133391939978,286.14435802974486,0.0
22.945,5.03158396261823,-0.8481682615372598,0.338864809190626,54,0.014469007961452007,0.007914900779724121,0.9995377063751221,0.01818816363811493,0.07770832628011703,0.04000076651573181,0.5700663916021437,0.5376233661199611,0.00045052117624335206,286.14435802974486,0.0
22.995,5.05745129751547,-0.8416564361848954,0.319593880418231,54,0.01286350004374981,0.004606407135725021,1.001661777496338,0.05668710172176361,-0.1066727489233017,0.057481903582811356,0.5721563127368803,0.5394041158112363,0.0003686515000634301,286.14435802974486,0.0
23.046,5.212099422882503,-0.8443441861544778,0.32387919456536707,54,0.01419880148023367,0.006271397229284048,0.9980280995368958,-0.24242018163204193,0.05501167103648186,0.11424627155065536,0.576320728864908,0.5415358984271625,0.0017563768457545229,286.14435802974486,0.0
23.096,5.236307956102561,-0.8479796127585887,0.34287204982986524,54,0.015118862502276897,0.007002326659858227,0.9977484345436096,-0.08386002480983734,-0.22727711498737335,-0.03148934990167618,0.5824243584019182,0.5406648753667158,0.0033928942576552305,286.14435802974486,0.0
23.146,5.180424163350261,-0.8529836412352579,0.3650302894401512,54,0.015596138313412666,0.006664422806352377,0.9987118244171143,-0.1227322518825531,-0.09223917871713638,0.10625804215669632,0.5856140454826922,0.5390650641342585,0.004461039803326857,286.14435802974486,0.0
23.197,4.932312572572232,-0.8401317144753616,0.35366263971323686,54,0.012940467335283756,0.0053307232446968555,0.9976162314414978,0.015203535556793213,0.003440630855038762,-0.11872462928295135,0.5842506885451267,0.5387016141625863,0.004684192749346354,286.14435802974486,0.0
23.247,4.823371969082957,-0.8356645201219787,0.34097062502906417,54,0.014046474359929562,0.006885192822664976,0.999300479888916,-0.02970670908689499,0.022404592484235764,-0.12899582087993622,0.5851298534925802,0.5390900444631336,0.004238022426511692,286.14435802974486,0.0
23.297,5.263384875870237,-0.8354775965565162,0.34322113018075723,54,0.015109652653336525,0.003590267850086093,1.000178337097168,0.23282010853290558,-0.02650846168398857,-0.11334765702486038,0.5823097421742737,0.5396040302092273,0.0034675699393879873,286.14435802974486,0.0
23.347,5.414370807852829,-0.8286633649209145,0.3313662628440172,54,0.013253621757030487,0.0057238019071519375,1.0001946687698364,-0.10413987934589386,0.05327674373984337,-0.1520647555589676,0.5807542865117605,0.537082421148441,0.002566493580433052,281.4402469301483,0.0
23.398,4.903591810355368,-0.8292878268821355,0.3395433787285486,54,0.014808638952672482,0.004483665805310011,0.9986582398414612,0.09190625697374344,-0.011100178584456444,0.022867942228913307,0.5810203602231805,0.534433188279786,0.0022231229560363396,281.4402469301483,0.0
23.448,4.414292906369296,-0.824946345410495,0.33509987268629804,54,0.013255407102406025,0.005757165141403675,0.9996054172515869,0.037307657301425934,0.057925935834646225,-0.17769694328308105,0.5810845875274284,0.530368178640255,0.0016457474975157967,281.4402469301483,0.0
23.499,4.074398058527453,-0.8342593234999428,0.3340818068744535,54,0.014237571507692337,0.003605540608987212,1.000807285308838,0.07830625027418137,-0.15857507288455963,-0.08742261677980423,0.5802779858928937,0.5264206765854693,0.0013466994353736684,281.4402469301483,0.0
23.549,3.424707703167409,-0.8434405150807716,0.3447300947935031,54,0.01501715462654829,0.00857234001159668,0.9974892139434814,0.1729995459318161,0.025473162531852722,0.0816831961274147,0.5753562235329157,0.5230124142472736,0.0009968600232605044,281.4402469301483,0.0
23.6,2.7375820713043746,-0.8448160612904271,0.3722169971831416,54,0.014699621126055717,0.007236420176923275,1.002010703086853,-0.22631104290485382,0.066802017390728,0.1708250641822815,0.5699563054843342,0.5212854726544598,0.0008156417997145413,281.4402469301483,0.0
23.65,2.193933673968548,-0.8382683639657796,0.3639370200956802,53,0.014171268790960312,0.004605947528034449,0.9997867941856384,-0.06469720602035522,-0.12404084205627441,-0.07214482873678207,0.5659953370523158,0.5192027864768094,0.0006036140675829132,281.4402469301483,0.0
23.7,1.8835761437192078,-0.8372589308190487,0.36476831075780103,53,0.013904061168432236,0.006174268666654825,0.9958720803260803,-0.0791601687669754,-0.14887948334217072,0.2622135579586029,0.5642364792610859,0.5204521151779617,0.0004938808694422182,281.4402469301483,0.0
23.751,2.314948341151371,-0.8312260274967149,0.3691492761108661,53,0.013436569832265377,0.00556148961186409,1.0002145767211914,0.033398013561964035,-0.17556412518024445,-0.0664849504828453,0.5663379273364485,0.5226840095898034,0.000973908265061936,281.4402469301483,0.0
23.801,2.5858494600146953,-0.8290020436350475,0.35750193047908263,53,0.01303956937044859,0.0060158176347613335,0.9992960095405579,0.14407804608345032,-0.06349699199199677,-0.09168752282857895,0.5668988189610766,0.5249539431689645,0.0008201962689378065,281.4402469301483,0.0
23.851,2.8583952839087137,-0.8267123041691952,0.3651696352457692,53,0.015292051248252392,0.007682800758630037,0.998926043510437,-0.04768702760338783,0.001360936788842082,-0.18110540509223938,0.5691134047799331,0.5289774200363031,0.0007454784841264648,285.5793558929666,0.0
23.902,3.0678057070809275,-0.8179498443224018,0.3497188167117815,54,0.013292047195136547,0.007341299671679735,0.9972760677337646,0.20478330552577972,-0.08833643049001694,0.04510613530874252,0.5710401085893265,0.5319357103764503,0.0006099923358290433,285.5793558929666,0.0
23.952,3.3964794465444825,-0.8160508198630759,0.3641445015050424,54,0.01427806168794632,0.006799646187573671,0.998668909072876,-0.16341491043567657,-0.0934663638472557,-0.13955651223659515,0.5721402557768263,0.5347858812471963,0.00045155092580116327,285.5793558929666,0.0
24.003,3.710045625718377,-0.8123777692188635,0.36336549192080764,54,0.012935427948832512,0.005020901095122099,0.9995699524879456,-0.06862242519855499,0.007633970584720373,-0.05895005911588669,0.5710233216520795,0.5406775185664865,0.0003342676069075417,285.5793558929666,0.0
24.053,4.167030864973198,-0.8243798331683438,0.3531704894845804,54,0.015610991977155209,0.0038575332146137953,0.9985799193382263,-0.31530505418777466,0.17554724216461182,-0.01987977884709835,0.5677000976390983,0.5440275149635075,0.00027352216205592364,285.5793558929666,0.0
24.103,4.750923171561152,-0.8212744618096974,0.345848521724108,54,0.013648247346282005,0.004654157906770706,1.0007623434066772,-0.14299048483371735,0.09111256152391434,-0.17595534026622772,0.5607169875868816,0.5462742380737018,0.00020245313970409774,285.5793558929666,0.0
24.154,5.442272099730056,-0.8305266523420405,0.3478379522413255,54,0.015520397573709488,0.006593301426619291,1.0018274784088135,0.07284655421972275,0.04490770027041435,-0.05001770704984665,0.5570980180694606,0.5468341374741382,0.0001656591092542904,285.5793558929666,0.0
24.204,6.179231898675578,-0.8330209945015905,0.34766865190377105,54,0.014063799753785133,0.007497521582990885,0.9993240237236023,0.01630532182753086,-0.009033099748194218,0.04303852468729019,0.5526233751590932,0.5464879306740918,0.00012260880468480166,285.5793558929666,0.0
24.254,5.678191812311762,-0.8382067060731583,0.3534934838753939,54,0.014969827607274055,0.006645573768764734,1.0009009838104248,-0.1321476846933365,-0.02353299967944622,-0.03510650247335434,0.5523054252104426,0.5470345151888422,0.00010032620280283461,285.5793558929666,0.0
24.305,5.874006611838222,-0.8252985266309453,0.3362909794425763,54,0.012931415811181068,0.005771497264504433,0.9986892938613892,0.1493844836950302,-0.0024337528739124537,0.06035185605287552,0.5547009773588539,0.5477767929939951,0.0005028148241486934,285.5793558929666,0.0
24.355,5.859039984759977,-0.8284483251674237,0.3385860302023492,54,0.01662486605346203,0.00737451296299696,1.0004481077194214,-0.05785425752401352,-0.06512559950351715,0.09220805019140244,0.5560274227048976,0.5474753047615583,0.0006300954889762448,285.5793558929666,0.0
24.406,5.839143750898258,-0.8358667961946472,0.34918838911536004,54,0.013911779038608074,0.007641385309398174,1.0008758306503296,-0.020270444452762604,-0.04774102196097374,0.17296920716762543,0.5621936513643718,0.5488260731871751,0.0012669481489032582,284.0130010834236,0.0
24.456,5.868973404467634,-0.8435488273676097,0.3742762164187849,54,0.015422469936311245,0.007920423522591591,1.0005581378936768,-0.23505514860153198,-0.12402529269456863,-0.07784879207611084,0.5652615689150542,0.5486938142403243,0.0020341183533444072,284.0130010834236,0.0
24.507,5.81097774943246,-0.841508871738955,0.34852535321984673,54,0.013171177357435226,0.005410090088844299,0.9980232119560242,0.019966911524534225,-0.06057676672935486,-0.03786812722682953,0.5701069368364828,0.5478897082395389,0.003243303266612839,284.0130010834236,0.0
24.557,5.731869099073923,-0.8374371454332833,0.3568576231228995,54,0.01482134498655796,0.006773674860596657,0.9990167617797852,0.027810130268335342,-0.12269029021263123,0.012942102737724781,0.5705971974266999,0.5464066953387866,0.003488786016956588,284.0130010834236,0.0
24.607,5.422636545794579,-0.8328724045059968,0.34945327377891733,54,0.01319048646837473,0.005155375227332115,0.9997706413269043,-0.033093277364969254,-0.09116727113723755,-0.03177424892783165,0.5706849230373326,0.5436558345342989,0.0032810280268456616,284.0130010834236,0.0
24.657,4.998440726706044,-0.8328215042398236,0.34893725973393264,54,0.013578005135059357,0.007394071668386459,1.000862956047058,-0.0956093966960907,-0.1560659557580948,-0.038130901753902435,0.5700473740428043,0.5430821007477986,0.0029134314856258266,284.0130010834236,0.0
24.708,4.193779456003534,-0.8336945999666563,0.3533743354944895,54,0.015127398073673248,0.006138521712273359,1.0015759468078613,-0.04521724209189415,0.11216326802968979,0.028213247656822205,0.5655632567630662,0.5415530163296272,0.002156292717251504,284.0130010834236,0.0
24.758,3.874028681174639,-0.8330596857269242,0.35247932166615775,54,0.015565983951091766,0.006092007737606764,0.9995480179786682,0.1355636715888977,-0.02112748846411705,-0.15018124878406525,0.5636416009866949,0.5420857437907514,0.0018191095507669982,284.0130010834236,0.0
24.808,4.527069202133027,-0.8327510172126021,0.3552556655725336,54,0.014798557385802269,0.008283930830657482,0.9972675442695618,-0.1111888512969017,0.13348735868930817,0.08641701191663742,0.5632167179246643,0.5463278428143143,0.0014828525674124018,284.0130010834236,0.0
24.859,4.955345253584931,-0.8406579731998157,0.3363447967914766,54,0.016007691621780396,0.006149989552795887,0.9982373714447021,0.013500314205884933,0.013069715350866318,-0.17572325468063354,0.5633596041110903,0.5470093948783072,0.0014383519926106296,284.0130010834236,0.0
24.909,5.429062547255209,-0.8365594592010543,0.3491067414426895,54,0.015718678012490273,0.009606280364096165,0.9995664358139038,-0.09616869688034058,0.16540877521038055,-0.0021463055163621902,0.5604031997541178,0.5517436974905647,0.0013793080371806426,284.0130010834236,0.0
24.959,5.915801896950259,-0.8528815868668735,0.3491320530094414,54,0.014880713075399399,0.005214587319642305,0.9980648756027222,-0.2093108594417572,-0.21579799056053162,-0.10072652995586395,0.5608693474575859,0.5536543781729916,0.0016960595207720188,286.45704138778854,0.0
25.009,6.153192305287399,-0.8470768417972274,0.34671380879888625,54,0.013947321102023125,0.006973243318498135,1.000082015991211,-0.2178558111190796,-0.060323670506477356,-0.13666144013404846,0.5631152333947815,0.5549727335223228,0.00221981473930859,286.45704138778854,0.0
25.06,6.323839253862724,-0.8476004018509599,0.3497107907231232,54,0.013954185880720615,0.005101017653942108,0.9984372854232788,0.049708448350429535,-0.08327902108430862,0.03793136030435562,0.5640869882585753,0.5588634627672754,0.0028665995104088017,286.45704138778854,0.0
25.11,6.693740421742771,-0.839217326541109,0.34893111826252926,54,0.013200909830629826,0.00649246945977211,0.9985533952713013,-0.17163005471229553,0.058844178915023804,0.24181640148162842,0.5635569058212958,0.5608153172016657,0.002380461064293208,286.45704138778854,0.0
25.16,7.117070217782608,-0.8348385126751516,0.353295829104647,54,0.013864233158528805,0.007533978205174208,0.997877836227417,0.05060316249728203,-0.0947972759604454,-0.12401723861694336,0.562472630764351,0.564117380127813,0.0017620131868206052,286.45704138778854,0.0
25.211,7.577988415585564,-0.8359696863527158,0.3639248333244499,54,0.014611693099141121,0.006283683702349663,1.001610279083252,0.06110432371497154,-0.10084445774555206,0.0418233685195446,0.5610997291659244,0.5661980776145993,0.0014418314852823295,286.45704138778854,0.0
25.262,8.099627377842507,-0.8431054614313965,0.3689954099848741,54,0.01383986696600914,0.006699849385768175,1.001092553138733,-0.03176886588335037,-0.13178031146526337,-0.24920497834682465,0.5588382197715459,0.5669885070013934,0.0010672224682649635,286.45704138778854,0.0
25.312,7.88207700182535,-0.8544555430044617,0.35160282156891,54,0.013709448277950287,0.004636034835129976,0.9986215233802795,0.11987412720918655,0.10310167819261551,0.09435919672250748,0.5570070725360997,0.5663896582069794,0.0008733582695706895,286.45704138778854,0.0
25.362,7.147796985835658,-0.8523084315904013,0.3567598520169632,54,0.016208235174417496,0.005551221314817667,1.0010323524475098,-0.09806325286626816,-0.13644546270370483,-0.2207242250442505,0.5543648112751088,0.5624670855619427,0.0006465344578977763,286.45704138778854,0.0
25.413,6.577927348407572,-0.8571327563203518,0.3672184234187622,54,0.014144140295684338,0.0039911712519824505,1.0009506940841675,-0.06850937753915787,0.02872481942176819,0.12711434066295624,0.5531113989955981,0.5597553095978497,0.0005290969571192838,286.45704138778854,0.0
25.463,5.987215949375258,-0.8528633046616956,0.36263862992382484,54,0.014543283730745316,0.007788269780576229,1.0000964403152466,0.23404721915721893,-0.033211566507816315,0.018188297748565674,0.5497505027032997,0.5586389258617651,0.0003916763124342698,286.45704138778854,0.0
25.514,5.215119454861618,-0.8403899551138917,0.3705668539081244,54,0.01422571949660778,0.007293236907571554,1.0029923915863037,0.028622111305594444,-0.03649583086371422,0.08193227648735046,0.5468967724185737,0.558518399545317,0.00032051652880448085,246.4193643146701,0.0
25.564,5.0160609056993115,-0.8368776141455152,0.3593715699010934,54,0.015525746159255505,0.0030571010429412127,1.002058506011963,-0.038604672998189926,0.1850508153438568,-0.16839948296546936,0.544715785643548,0.5607826768598088,0.00023725306772703225,246.4193643146701,0.0
25.614,5.58866850406158,-0.8348545791626758,0.36207881506003436,54,0.014266178011894226,0.005989329889416695,0.9989667534828186,0.06910395622253418,0.08962879329919815,-0.05375485122203827,0.5422520876567407,0.5636603043522695,0.00019416269902505204,246.4193643146701,0.0
25.665,6.2147913565231026,-0.8184712214455471,0.34516798934280457,54,0.012695788405835629,0.00603103032335639,0.9987160563468933,-0.2088405191898346,0.06836751848459244,-0.032190777361392975,0.5387162962831549,0.5650242107165248,0.0001437612140965302,246.4193643146701,0.0
25.715,6.844792174985993,-0.8132149117782421,0.32404186189799183,54,0.011668249033391476,0.004336110316216946,0.9983571767807007,0.08456552773714066,0.010012486018240452,0.007284896913915873,0.5351173197151847,0.567575897059396,0.00011766123593605124,246.4193643146701,0.0
25.766,7.647926713349928,-0.8095664127954418,0.31566170732663845,54,0.01360823679715395,0.007675893604755402,0.9980636835098267,0.11113366484642029,0.09847398102283478,0.05105630308389664,0.5298822317635437,0.5690686417955645,8.7113059431868e-05,246.4193643146701,0.0
25.816,8.304521167219162,-0.8015298795367379,0.33925719082974254,54,0.015262657776474953,0.007217263337224722,0.9979591965675354,0.14809511601924896,0.3413585126399994,0.06395360082387924,0.5279224280880432,0.5708147458060475,7.129686290908768e-05,246.4193643146701,0.0
25.867,8.983412481790237,-0.7923452106285152,0.3394349054987719,54,0.01400966290384531,0.006084937136620283,1.000677466392517,-0.039152033627033234,-0.2309914529323578,0.17701055109500885,0.524551286840431,0.5705281017135654,5.278180308717209e-05,246.4193643146701,0.0
25.917,8.466488899237739,-0.7968343187455451,0.3412707369423829,54,0.014829309657216072,0.007689653895795345,0.9974627494812012,0.13513776659965515,-0.002848130650818348,0.07633339613676071,0.5201096741408554,0.5698528988466967,4.319292592774422e-05,246.4193643146701,0.0
25.967,7.671529508853587,-0.8021345489511802,0.34882997893200296,54,0.013581998646259308,0.007087745703756809,0.998932421207428,0.012855450622737408,-0.021566255018115044,0.13748043775558472,0.5153764583690821,0.5695396651617619,3.1975063385446493e-05,246.4193643146701,0.0
26.018,8.062078719892812,-0.827429850963357,0.34378602097616406,54,0.015428637154400349,0.005106313154101372,1.0004874467849731,-0.21866385638713837,-0.08579420298337936,0.06981790065765381,0.5134971765214592,0.5709056428207441,2.6166560022544956e-05,284.80369389556597,0.0
26.068,8.595276033758537,-0.8224077992822775,0.33447652634783226,54,0.015120214782655239,0.005817255936563015,1.0009278059005737,-0.1847560852766037,-0.07762546092271805,0.10781138390302658,0.5130428758363683,0.5705735081483508,1.9367488122148464e-05,284.80369389556597,0.0
26.118,8.20485951488743,-0.8161024113488449,0.32500015285739914,54,0.012448581866919994,0.006646368652582169,0.9982423186302185,0.14898549020290375,-0.0569232776761055,-0.029530908912420273,0.5121236877676454,0.565222257970034,1.4335622875410991e-05,284.80369389556597,0.0
26.169,7.719190027429716,-0.8123926189868339,0.3201645837602443,54,0.014482058584690094,0.0027450518682599068,0.999509871006012,0.04518742486834526,-0.19160573184490204,0.10572999715805054,0.5116794094076271,0.5594533005358543,1.1730369546968343e-05,284.80369389556597,0.0
26.219,7.235649149999571,-0.8028988530047799,0.33105293411754416,54,0.013965649530291557,0.00532135646790266,0.9999600648880005,-0.10608331859111786,-0.19321309030056,0.06476997584104538,0.5100902529183605,0.5515037584668032,9.598971724115337e-06,284.80369389556597,0.0
26.269,6.748148456972813,-0.8013318223473436,0.3341112023809717,54,0.0156870074570179,0.007012557704001665,0.9993352890014648,-0.009174170903861523,0.057924386113882065,0.11777555197477341,0.5080209760281307,0.5428877270409305,7.105558094801285e-06,284.80369389556597,0.0
26.319,6.237523314762072,-0.7981847040193397,0.3432555356984093,54,0.013889157213270664,0.005629824940115213,1.0004892349243164,-0.046056997030973434,-0.13708044588565826,-0.0395352728664875,0.5074151586005803,0.5396547018759404,5.814543839401917e-06,284.80369389556597,0.0
26.37,5.975417375970178,-0.8036857404896183,0.3531386127021381,54,0.015971247106790543,0.006655252072960138,1.0014359951019287,-0.19924642145633698,-0.12041822820901871,-0.2392229437828064,0.5147211315094541,0.5378218167448222,4.3042915378948434e-06,284.80369389556597,0.0
26.42,5.897856984664103,-0.8236031826675194,0.34604784310496567,54,0.014953375793993473,0.006882293149828911,0.9981921315193176,-0.10398902744054794,-0.0837036669254303,-0.04044355824589729,0.5214594038945835,0.5365397189664338,3.18660853516881e-06,284.80369389556597,0.0
26.47,5.805229384912517,-0.8200237783697578,0.3411537867512932,54,0.013215427286922932,0.004856125917285681,0.999358594417572,0.06963849812746048,-0.008629021234810352,0.010488972067832947,0.5275202850840707,0.5350686366858838,2.607902350378697e-06,284.80369389556597,0.0
26.521,5.737653004116584,-0.8309647362118247,0.3362506820969062,54,0.01489991694688797,0.006612424273043871,0.9977380037307739,-0.035365354269742966,0.034530576318502426,-0.01244672667235136,0.5347941269279978,0.5349167571300153,1.9307060930306494e-06,284.80369389556597,0.0
26.571,5.7081170208761485,-0.836719652588778,0.3384894264503573,54,0.015017880126833916,0.007353663444519043,0.9991673231124878,-0.1456695944070816,0.062418077141046524,0.332978218793869,0.5379462910914029,0.535348472270073,1.580018103132745e-06,283.24581307401405,0.0
26.622,5.688487691084731,-0.8405727398324284,0.34160988293032735,54,0.013701014220714569,0.00626344745978713,0.9975857734680176,-0.34390395879745483,-0.11521343886852264,-0.16244901716709137,0.5424935121873747,0.5351725400046429,1.1696536084123543e-06,283.24581307401405,0.0
26.672,5.701788177534906,-0.8214717615547057,0.3452375279565918,54,0.012739663012325764,0.005389846861362457,1.0004764795303345,-0.058321401476860046,0.05023324489593506,0.041293445974588394,0.5440016927365593,0.5361991573732057,9.57119216444684e-07,283.24581307401405,0.0
26.723,5.797421227438172,-0.8232015592644293,0.34409487709641196,54,0.014692765660583973,0.007609654683619738,1.001660704612732,-0.1967685967683792,-0.01852407492697239,0.009394419379532337,0.545990920439672,0.5381917988666179,7.083134912733146e-07,283.24581307401405,0.0
26.773,5.967276268107203,-0.8280541137243367,0.32691015002138274,54,0.014580324292182922,0.0028237353544682264,0.9991153478622437,-0.11844592541456223,0.18646882474422455,-0.048427026718854904,0.5477946242083424,0.5400927541903209,5.795272709428513e-07,283.24581307401405,0.0
26.824,6.155361882542236,-0.8322085386874296,0.3214650249436806,54,0.014990161173045635,0.0057260338217020035,0.9997978210449219,-0.16196835041046143,0.00754246162250638,0.05616484954953194,0.5504572447544217,0.5443107813648297,4.288493246905371e-07,283.24581307401405,0.0
26.874,6.446342959954639,-0.8297199610536178,0.32382287100812834,54,0.013449289835989475,0.007660569157451391,1.0015267133712769,0.13579806685447693,0.06607614457607269,0.05093973129987717,0.5500274647299505,0.5469662552706512,3.508321077412e-07,283.24581307401405,0.0
26.924,6.858183278365944,-0.8250018780178384,0.3469583942299417,54,0.014073819853365421,0.005803469568490982,0.9988163113594055,0.13387010991573334,0.1269369274377823,-0.4181554913520813,0.5483435816479152,0.5503950883323415,2.59618406663827e-07,283.24581307401405,0.0
26.975,7.458663112086529,-0.8302837014231643,0.36532592644390627,54,0.01519872061908245,0.007844535633921623,1.0011765956878662,0.036241330206394196,0.0440765842795372,-0.10992030799388885,0.5473798793523061,0.551926106276144,2.12416129738498e-07,283.24581307401405,0.0
27.026,7.877418500552015,-0.8225953712977048,0.3453798156266072,54,0.01302680280059576,0.004803852178156376,1.00002121925354,-0.01792004704475403,0.08040909469127655,-0.10444863885641098,0.547238374506579,0.5505436151156646,1.5721113938943374e-07,283.24581307401405,0.0
27.076,7.553429407812934,-0.8285517142801035,0.34209777172519445,54,0.015458925627171993,0.004866309929639101,1.0015238523483276,-0.1496894508600235,0.14087241888046265,-0.10779120773077011,0.5482094447321031,0.5494526574033598,1.2864583124962664e-07,283.24581307401405,0.0
27.126,6.9863316326988105,-0.8240610703815412,0.34210370571248633,54,0.012616867199540138,0.004192115738987923,1.0009781122207642,0.11184326559305191,-0.073944091796875,0.033015016466379166,0.546414124570252,0.5491734766014164,9.523841801372289e-08,289.4419984818163,0.0
27.177,6.311799350407286,-0.8293893137172084,0.35281467208872985,54,0.015369640663266182,0.006787687540054321,0.9992017149925232,-0.10692818462848663,-0.2097661793231964,-0.08406233042478561,0.5466126762691605,0.5480625193628206,7.794144622809826e-08,289.4419984818163,0.0
27.227,5.979560364271095,-0.8410712910019005,0.3500116639194902,54,0.01549568958580494,0.006733260583132505,1.0002981424331665,0.20686542987823486,-0.019831202924251556,0.09842395782470703,0.5474588867543864,0.5457234634949738,5.770119674576272e-08,289.4419984818163,0.0
27.277,5.419880234468058,-0.8314835053688058,0.3337900546343319,54,0.0123057896271348,0.003646674333140254,1.000608205795288,0.0027583413757383823,-0.18336667120456696,0.022362155839800835,0.544020282234288,0.5411003312461691,4.271717560800092e-08,289.4419984818163,0.0
27.327,4.86502675191295,-0.8382500513492365,0.3330976356402044,54,0.013506500981748104,0.0052663832902908325,0.9972026944160461,0.04262528195977211,-0.1260325163602829,0.015959762036800385,0.5427799511962931,0.5351863380932642,3.495909206923932e-08,289.4419984818163,0.0
27.378,4.381028049023471,-0.8432148666814099,0.32663056829889703,54,0.015652671456336975,0.006602190900593996,0.9989926815032959,0.174577534198761,0.048966892063617706,-0.07191614806652069,0.5441301611082536,0.5291215486410717,0.00015675701815723477,289.4419984818163,0.0
27.428,4.005478366631904,-0.8306014720174479,0.32812154136233984,54,0.012412460520863533,0.006377935875207186,0.9976720213890076,0.042407285422086716,-0.14856326580047607,0.07984227687120438,0.5442403396324195,0.5281887777336968,0.00012829378102198054,289.4419984818163,0.0
27.478,3.675885207666183,-0.8177258673883837,0.32738050764376797,54,0.013259540311992168,0.004031705670058727,0.9996932744979858,-0.08585528284311295,-0.07072614133358002,-0.17383740842342377,0.5460431421044881,0.5268318644729666,0.0002353390647478254,289.4419984818163,0.0
27.528,3.485244801225923,-0.8260214464223521,0.3342246540539768,54,0.014916853979229927,0.00541863264515996,1.0008329153060913,0.11493196338415146,0.2518211305141449,0.047603972256183624,0.5463886821978432,0.5265577800655002,0.00019258625798296498,289.4419984818163,0.0
27.579,3.745001658869401,-0.8369686873306812,0.340113582360332,54,0.015816988423466682,0.007404964417219162,0.9991838335990906,-0.08329563587903976,0.04146312177181244,0.08242081105709076,0.5451787308818821,0.5275635205749442,0.00014255404739262173,289.4419984818163,0.0
27.63,4.042248885496702,-0.8434976333286094,0.33243834925613175,53,0.014841846190392971,0.0035740011371672153,0.9982197284698486,-0.1738511174917221,-0.20755676925182343,0.02250673808157444,0.5476077313119417,0.5272254879683598,0.00011665092783127141,286.02727768685213,0.0
27.68,4.08562903418233,-0.8483557620177402,0.34370248804491543,53,0.014941559173166752,0.009077883325517178,1.00026273727417,-0.0832081139087677,-0.14878590404987335,-0.08418699353933334,0.5520812060285188,0.5288979395273504,8.634840724046303e-05,286.02727768685213,0.0
27.73,4.145154952911442,-0.8421267284582353,0.31292028174511355,53,0.015486928634345531,0.003961812239140272,1.0013916492462158,-0.14111940562725067,0.18547527492046356,0.07953355461359024,0.5542093861425041,0.5297491001321101,7.06568058645915e-05,286.02727768685213,0.0
27.781,4.200512459307781,-0.8378456079310931,0.33237467032263557,53,0.013741403818130493,0.0058141956105828285,0.9994454383850098,0.008091636002063751,-0.05045296624302864,0.08567099273204803,0.5571504478332908,0.5304616775435027,5.7810268531649605e-05,286.02727768685213,0.0
27.832,4.249745268941252,-0.8489911477957569,0.34533269211650247,53,0.016971206292510033,0.007377290166914463,1.0003483295440674,0.09981748461723328,-0.01302074734121561,0.15627175569534302,0.5625362034534459,0.5320657591086636,4.278041136221197e-05,286.02727768685213,0.0
27.882,4.365314143668473,-0.8525511834947924,0.341982453418136,54,0.015069439075887203,0.005481391213834286,0.9992603063583374,-0.14089719951152802,0.013543948531150818,-0.08528204262256622,0.5647121472898768,0.5341782477355427,4.982937598566652e-05,286.02727768685213,0.0
27.933,4.464642793278148,-0.8439658455944762,0.34036383588313657,54,0.013651136308908463,0.006835796404629946,0.9994450211524963,-0.15158292651176453,0.05709720775485039,-0.07613828033208847,0.5661651788779077,0.5342114397515005,4.076705968864303e-05,286.02727768685213,0.0
27.983,4.517958295534962,-0.8489971371768192,0.3589447235316823,54,0.017155231907963753,0.006886630319058895,0.9978956580162048,-0.07212463766336441,0.08654636144638062,0.009059064090251923,0.5687257378091902,0.5361530700329473,0.00020861731482822485,286.02727768685213,0.0
28.034,4.887556526814529,-0.8496382227143673,0.34364794706423146,54,0.012771409936249256,0.00392879918217659,1.000781536102295,-0.11553525179624557,0.03899071738123894,-0.01492309384047985,0.5662253017898271,0.5376134719261386,0.000170684517490462,286.02727768685213,0.0
28.084,5.703413874175973,-0.8587998483678458,0.3325042255752817,54,0.015055648982524872,0.006378503050655127,0.9991573095321655,0.03311479464173317,-0.061280131340026855,0.04229562729597092,0.5627540653329802,0.5389947449127344,0.00012632494472338942,286.02727768685213,0.0
28.135,6.361099730493735,-0.8515194948652194,0.3524180265501471,54,0.013801065273582935,0.00534606259316206,0.9990495443344116,-0.06774154305458069,-0.12775787711143494,0.05588572844862938,0.5602394326443771,0.5407609660374139,0.0001033686986534611,286.02727768685213,0.0
28.185,7.028162905394665,-0.8449708971540109,0.353393470850911,54,0.014514172449707985,0.005381988361477852,1.0006805658340454,-0.0636616200208664,-0.0005942447460256517,-0.001367395743727684,0.5578471847720958,0.5413757312641048,0.0005203903281695188,279.4339773484344,0.0
28.235,7.1507126213298315,-0.8440992080256935,0.371134124257726,54,0.01514863409101963,0.00778502132743597,1.001007318496704,-0.3016541600227356,0.00030795412021689117,-0.17633840441703796,0.556516090568033,0.5407279280911225,0.000793517125456696,279.4339773484344,0.0
28.285,6.400145221617399,-0.8496877817556356,0.36553081989615416,54,0.014657600782811642,0.005554499104619026,1.0011487007141113,0.006449350155889988,-0.11029097437858582,-0.05517492815852165,0.5526924249405568,0.5393358672062627,0.0008465787973635131,279.4339773484344,0.0
28.336,5.693062135784227,-0.8500865922698411,0.371265552282364,54,0.013061974197626114,0.006737194024026394,1.0003612041473389,-0.12769250571727753,-0.10281607508659363,-0.3732483685016632,0.5525716555678569,0.5375308205472538,0.0013519503526080302,279.4339773484344,0.0
28.386,5.01844447664978,-0.8383467889200324,0.35001171201341774,54,0.012981797568500042,0.006583766546100378,0.9977357983589172,-0.0978533923625946,-0.0976540595293045,-0.08953516185283661,0.5484573010947671,0.5369780582348869,0.0017116855581332355,279.4339773484344,0.0
28.437,4.232600486105761,-0.8255911214446237,0.3578146318102782,54,0.014400174841284752,0.007970237173140049,0.9999622702598572,0.34243354201316833,-0.03830089420080185,0.08812643587589264,0.5413860077479006,0.5329914542308904,0.0013702911268762723,279.4339773484344,0.0
28.487,3.543897462340886,-0.8246800083410695,0.36151604815618626,54,0.014654717408120632,0.007271687034517527,1.0000437498092651,0.014740453101694584,0.034457117319107056,-0.1295625865459442,0.5397877691480868,0.5314627960357797,0.0016295402068872936,279.4339773484344,0.0
28.537,2.8898863473898007,-0.8192300911318126,0.36594148473337573,54,0.013774274848401546,0.006132197566330433,0.9999399781227112,-0.0770968571305275,-0.08484441787004471,0.07201006263494492,0.5384524633099311,0.5305805312715519,0.0020993465785319964,279.4339773484344,0.0
28.589,2.1111044198293136,-0.8324103025859266,0.3577134769034973,54,0.015075741335749626,0.004509437829256058,0.9972713589668274,0.35738587379455566,0.07406981289386749,0.09202013164758682,0.5368933426181997,0.5300611961766437,0.0019013806090125783,279.4339773484344,0.0
28.639,1.436255312106796,-0.8343717087704297,0.36800445581618707,54,0.013719197362661362,0.008378163911402225,1.0009597539901733,-0.21418605744838715,-0.14747276902198792,-0.005685827694833279,0.5351504031359179,0.5289634533553195,0.0014653445434465806,279.4339773484344,0.0
28.689,0.8180523456846911,-0.8389420702516551,0.33965686395741945,54,0.015336759388446808,0.003324838588014245,1.0000587701797485,-0.21494323015213013,0.03716244921088219,-0.2673220932483673,0.5355254627815164,0.5285204265627927,0.0012160078466011265,279.4339773484344,0.0
28.739,0.4665409092704903,-0.8359070213984149,0.337338699093364,54,0.014055849052965641,0.006191703956574202,0.9992797374725342,0.10210037976503372,0.16255395114421844,0.004648935981094837,0.5364785973748045,0.5261631816001988,0.001024669706895141,282.0268961807423,0.0
28.79,0.14007666856043596,-0.8431454110791962,0.34494259939149224,54,0.01585434563457966,0.008529456332325935,0.998563289642334,-0.2582481801509857,-0.12564367055892944,0.1310550719499588,0.5362747144660033,0.5262086207350429,0.0009818923941498857,282.0268961807423,0.0
28.84,-0.36118073347459634,-0.8505855980625104,0.34406529495834537,54,0.016678428277373314,0.005229995585978031,0.998701274394989,-0.03952399268746376,0.001505189691670239,0.0084146149456501,0.5361071253177645,0.5243044898106652,0.0016958997359943283,282.0268961807423,0.0
28.89,-0.5866300913583923,-0.8551133277783239,0.36217725841357234,54,0.01481245644390583,0.006815832108259201,1.0011329650878906,-0.11287596076726913,0.020457599312067032,0.0008390515577048063,0.5372189115681372,0.5249765909341854,0.0023716539647453136,282.0268961807423,0.0
28.941,-0.2999544771089433,-0.853394062377594,0.37529877718259,54,0.01530370768159628,0.007615448907017708,1.0002362728118896,-0.2872640788555145,-0.035702161490917206,-0.05456233024597168,0.5366812485466121,0.5261557448235096,0.002245188536464174,282.0268961807423,0.0
28.991,0.28266801575741823,-0.8612466867326901,0.3731787266360038,54,0.015550711192190647,0.005470526870340109,0.9997450709342957,-0.09202801436185837,0.05451517924666405,-0.05843712016940117,0.534883843835836,0.5267562511798304,0.0020930271887176395,282.0268961807423,0.0
29.041,0.9911565478664173,-0.8648440424115336,0.3505583659015367,54,0.014875960536301136,0.00475655123591423,0.9969086647033691,-0.046879373490810394,0.21465753018856049,0.023015368729829788,0.5318695160015147,0.5271642798531253,0.001813593934842379,282.0268961807423,0.0
29.094,0.8299469141699485,-0.8561026650214879,0.3421239757860153,54,0.015477240085601807,0.008524724282324314,0.9981940984725952,-0.293117880821228,0.22403794527053833,-0.07443390041589737,0.5302578301857243,0.5264058791075399,0.0014842058201948317,282.0268961807423,0.0
29.145,0.20269858091999796,-0.8495116225580085,0.3291445174219577,54,0.012172585353255272,0.0033739719074219465,1.0012074708938599,0.2378947138786316,0.10704400390386581,0.055845197290182114,0.5319669843830401,0.5254953507786918,0.0011834597198685155,282.0268961807423,0.0
29.196,0.2728825129615236,-0.8528584839377671,0.31602079317672765,54,0.016496567055583,0.002941784681752324,1.0012621879577637,-0.038004226982593536,0.07971774786710739,-0.10180921107530594,0.5332206271288618,0.5267095848391204,0.0009685710178005153,282.0268961807423,0.0
29.246,0.5809007521087449,-0.8450334058918744,0.30956942010517147,54,0.013083305209875107,0.006010032724589109,1.0008689165115356,0.14796145260334015,0.032510463148355484,0.011132829822599888,0.532908554550691,0.5284909161461212,0.0007170549003441328,282.0837985069608,0.0
29.296,1.023552927473961,-0.829400300797911,0.29991567379594825,54,0.014842181466519833,0.004715141840279102,0.998157799243927,-0.0856495276093483,-0.10769591480493546,-0.04319186136126518,0.5322838327941246,0.5339346364192017,0.0005307931610712211,282.0837985069608,0.0
29.347,1.3657506610278438,-0.8383903043217572,0.32336324439048747,54,0.013887102715671062,0.007538801059126854,0.9985021948814392,-0.02163742296397686,0.00981324352324009,0.062184013426303864,0.5313165169917687,0.5377952327457666,0.00043435021353969224,282.0837985069608,0.0
29.398,1.9078187138349816,-0.8426368818066983,0.32410561497200374,54,0.014004702679812908,0.005459008738398552,0.999965488910675,0.14479054510593414,-0.09645405411720276,0.05017184093594551,0.5308462541967388,0.5418199312782378,0.0003554166766660643,282.0837985069608,0.0
29.45,2.259941488093001,-0.8424720382638009,0.336327466448547,54,0.015379121527075768,0.00785159133374691,0.9997801184654236,0.06589838117361069,0.0462384931743145,-0.07856885343790054,0.5337269649798475,0.5461914919006435,0.00026402050086904194,282.0837985069608,0.0
29.5,2.488398215859667,-0.8487571019319027,0.35015187932924874,54,0.015462224371731281,0.008008758537471294,0.998488187789917,-0.1331864595413208,-0.21187792718410492,0.05853702872991562,0.5355759255908157,0.5482506130873901,0.0001954492664196874,282.0837985069608,0.0
29.55,2.682548949949016,-0.8530054776759959,0.36045624480407484,54,0.01637648232281208,0.00751980347558856,0.99884432554245,-0.12527061998844147,-0.005506155081093311,0.0062872786074876785,0.5360406550551114,0.5484518590762649,0.00015995143631224312,282.0837985069608,0.0
29.601,2.925596808459871,-0.8470177647563839,0.3560325277974343,54,0.016850372776389122,0.006636717822402716,1.000930666923523,0.1709298938512802,0.048275209963321686,0.03846462443470955,0.5372602133735592,0.551430693714195,0.00011842063592984164,282.0837985069608,0.0
29.651,3.2800174862542666,-0.838044565337586,0.3523626609402715,54,0.015132580883800983,0.006908595096319914,0.9999195337295532,0.06004452705383301,0.06668641418218613,0.06757596880197525,0.5362211123135886,0.553418080242926,9.69148887161841e-05,282.0837985069608,0.0
29.701,3.836966166671554,-0.827632040719394,0.35085567605255835,54,0.013300110585987568,0.004826439544558525,0.9980083107948303,-0.052350156009197235,-0.13635626435279846,-0.0662122517824173,0.5351788753922723,0.5531042173747311,7.175125952703343e-05,282.0837985069608,0.0
29.752,4.215758272760936,-0.8310614172988205,0.3551722483036329,54,0.013872549869120121,0.00653107650578022,0.99753737449646,-0.20104707777500153,-0.17375591397285461,-0.12981107831001282,0.5354733293979842,0.5541117695663338,5.872249992999015e-05,282.0837985069608,0.0
29.802,4.702669476479817,-0.8326909671087596,0.3476706463806341,54,0.014528481289744377,0.004847061820328236,1.0004228353500366,0.04483367130160332,0.04966748133301735,0.17173628509044647,0.5344514722675048,0.556928037174377,4.347654131226577e-05,254.10783957348843,0.0
29.852,5.182666178482648,-0.8342239210953093,0.33531929395582644,54,0.014520673081278801,0.006939837243407965,0.999390721321106,0.253711074590683,-0.20569242537021637,0.13832513988018036,0.5331060484461391,0.5602367874705944,3.558039318424556e-05,254.10783957348843,0.0
29.903,5.698078342280306,-0.8385710923952872,0.3271409789142339,54,0.01521021593362093,0.0036281754728406668,0.9995192289352417,-0.2720646858215332,-0.012822645716369152,-0.11212863773107529,0.5304535758708719,0.5641888171901647,2.6338005331607173e-05,254.10783957348843,0.0
29.953,6.259334025119421,-0.8301379619922297,0.32909020301742387,54,0.014426986686885357,0.005351879168301821,1.001017689704895,-0.09907142072916031,0.13398945331573486,0.10016883909702301,0.5297730453487313,0.5657328589419779,2.1554444994308658e-05,254.10783957348843,0.0
30.003,6.684194779045651,-0.8350621825199228,0.34019833386634096,54,0.014680988155305386,0.007269933819770813,1.0010383129119873,0.08550235629081726,0.11143869161605835,0.01412220112979412,0.5304909921309309,0.5670053991955064,1.5957152867187316e-05,254.10783957348843,0.0
30.054,6.89896322991473,-0.8350736710175958,0.34337455301754105,54,0.016238415613770485,0.003965582698583603,1.0020133256912231,0.19842088222503662,-0.05141163617372513,0.15292790532112122,0.5307932891515122,0.5660151698569066,1.1812942895449164e-05,254.10783957348843,0.0
30.104,6.69374345562936,-0.8453773799566351,0.34892106025066727,54,0.01542162336409092,0.006215210072696209,0.9981929063796997,0.0015576882287859917,0.06640461087226868,-0.025015434250235558,0.5325710035537119,0.5659063525667439,9.667224066298385e-06,254.10783957348843,0.0
30.155,6.604679530581147,-0.8525565376035922,0.3568141807662465,54,0.015971526503562927,0.007655801251530647,0.9970704913139343,-0.06739286333322525,-0.06252912431955338,-0.04254571720957756,0.5345081154377049,0.5650107908338785,7.15711701290196e-06,254.10783957348843,0.0
30.205,6.401409454438703,-0.8492253212244445,0.3616390420079308,54,0.012378612533211708,0.005814067088067532,0.9992099404335022,0.0777750238776207,-0.08398686349391937,-0.02268822304904461,0.5374237037777712,0.5609439098952492,0.00015449180026088407,254.10783957348843,0.0
