time (s),yaw,pitch,roll,battery,acc_x,acc_y,acc_z,gyro_roll,gyro_pitch,gyro_yaw,altitude (m),loop rate (Hz),target altitude (m)
0.0,0.0016230675172636219,0.2834695180974406,-0.00438700776260354,86,-0.006351041607558727,6.754852074664086e-05,1.003324031829834,-0.07351648807525635,0.019546594470739365,0.14831264317035675,0.0,266.81323155216285,0.0
0.065,0.005001455704223744,0.27894029668817993,-0.007206687802682194,86,-0.003697645850479603,0.0001989714801311493,1.0014421939849854,0.19798320531845093,0.024302085861563683,0.0017173419473692775,0.0,266.81323155216285,0.0
0.116,0.004796895416123489,0.28567335260544174,-0.004669703985936166,86,-0.006020546890795231,-0.00035662492155097425,1.0016719102859497,0.08317330479621887,-0.2414722740650177,0.1095767393708229,0.0,266.81323155216285,0.0
0.167,0.0008490754185609718,0.2886894147631369,0.0067847718687741535,86,-0.004693072754889727,0.002194301225244999,1.002423882484436,0.0020577870309352875,0.08571173250675201,-0.00029206869658082724,0.0,266.81323155216285,0.0
0.233,0.0017553624196833782,0.2845711499091732,0.008331642427512536,86,-0.0018238971242681146,9.24533378565684e-05,1.0028753280639648,0.039891473948955536,0.11288712918758392,0.05168832466006279,0.0,266.81323155216285,0.0
0.299,0.003386553948036762,0.27462910084982084,0.005659235924480109,86,-0.00565396249294281,-0.0014901580289006233,0.9996646046638489,0.12049581855535507,-0.04430769011378288,0.06771247088909149,0.0,266.81323155216285,0.0
0.349,0.0030346366224442258,0.27726477459040305,0.007356647713520477,86,-0.0052408501505851746,-0.0006993798888288438,0.9991737604141235,0.1871325671672821,-0.041937727481126785,-0.03617188706994057,0.0,266.81323155216285,0.0
0.4,-0.0035468663992483693,0.27241816039410105,-0.004159129284479911,86,-0.005656344350427389,0.0003500349703244865,0.999605655670166,-0.12400716543197632,-0.14356856048107147,-0.09536509215831757,0.0,266.81323155216285,0.0
0.45,-0.0032808250278651696,0.2813545458143196,-0.008644706700609671,86,-0.005590781569480896,9.436338586965576e-05,0.9983036518096924,0.17598696053028107,0.046790704131126404,0.08958995342254639,0.0,59.551958654569724,0.0
0.5,-0.001986534062182761,0.28398491523307134,-0.0016170277564655177,86,-0.004968841560184956,0.0017680281307548285,1.00011146068573,0.2597123980522156,0.15709573030471802,0.2134101241827011,0.0,59.551958654569724,0.0
0.551,-0.0018555391912480675,0.283656923419026,-0.0029318951671887536,86,-0.0037135272286832333,0.0005681004258804023,1.0038869380950928,-0.09989816695451736,0.10123845934867859,-0.03747458755970001,0.0,59.551958654569724,0.0
0.601,-0.0004611662169196432,0.2860027381172818,-0.004103809430575954,86,-0.0068446071818470955,-0.001289863488636911,1.0008928775787354,0.09732019901275635,0.14375150203704834,-0.08298935741186142,0.0,59.551958654569724,0.0
0.666,-0.00038644769841477143,0.27199441222920384,-0.022859906399624045,86,-0.0055784787982702255,-0.00024406617740169168,0.9985164999961853,-0.10871861129999161,-0.04979832097887993,0.04100124537944794,0.0,59.551958654569724,0.0
0.717,0.0018953157611337182,0.2919513923494134,-0.014171669172003317,86,-0.005900813266634941,0.001029448350891471,0.9997641444206238,0.38575658202171326,-0.09060856699943542,0.1342993974685669,0.0,59.551958654569724,0.0
0.782,0.005123590493321638,0.3024806687735318,-0.0061120848309443995,86,-0.004690812900662422,0.0006775293149985373,0.9996806979179382,0.019903577864170074,-0.061163485050201416,-0.13729414343833923,0.0,59.551958654569724,0.0
0.833,0.00859499914575064,0.3160408215020239,-0.0008174042654068308,86,-0.006079340353608131,-0.0009926995262503624,0.9989845156669617,-0.2353828400373459,-0.2508400082588196,0.08194006234407425,0.0,59.551958654569724,0.0
0.883,0.011475396298405579,0.3117474577421442,-0.007066984442656657,86,-0.003814101917669177,-0.00032767612719908357,1.0038204193115234,0.07823405414819717,-0.03999871015548706,0.20834864675998688,0.0,59.551958654569724,0.0
0.934,0.01048764610180433,0.31144919996457815,-0.004120344510918111,86,-0.005447403993457556,0.000856959552038461,0.9999479651451111,-0.15544423460960388,0.10905821621417999,-0.11974793672561646,0.0,59.551958654569724,0.0
0.984,0.008384157262341414,0.3053886417493503,0.0006609083117046113,86,-0.004730452783405781,-0.0012366565642878413,1.0004832744598389,-0.043794579803943634,-0.05587577074766159,0.17857708036899567,0.0,59.551958654569724,0.0
1.049,0.011070537261348266,0.2926414813362645,0.000510920443338364,86,-0.005186655558645725,-0.0009644877281971276,0.9976515173912048,-0.08095548301935196,-0.17763732373714447,-0.1961585134267807,0.0,59.551958654569724,0.0
1.125,0.010178961988701588,0.2958292096893587,0.0030333855425776846,86,-0.006457644514739513,0.0012534275883808732,1.000407338142395,-0.08095548301935196,-0.17763732373714447,-0.1961585134267807,0.0,59.551958654569724,0.0
1.188,0.010244305049262988,0.3010701795997347,-0.0032872165467118975,86,-0.005905424244701862,0.0002268745010951534,1.0028961896896362,-0.08553530275821686,0.30142486095428467,0.040181297808885574,0.0,59.551958654569724,0.0
1.242,0.01161843763228688,0.29722391267563975,-0.0036131603788703043,86,-0.004424013197422028,2.1145901882846374e-06,1.0006434917449951,-0.2597140371799469,0.07157229632139206,0.12782081961631775,0.0,59.551958654569724,0.0
1.295,0.011529125283576549,0.30024091059380115,-0.00879074311241415,86,-0.0062254625372588634,-0.002917550504207611,1.0009504556655884,-0.009806358255445957,0.010069022886455059,-0.10363803803920746,0.0,59.551958654569724,0.0
1.348,0.011895695429671987,0.2986932917841151,-0.008087040780882808,86,-0.003995755687355995,0.0011737936874851584,1.0033940076828003,-0.14451026916503906,-0.0005659018061123788,0.07255221158266068,0.0,59.551958654569724,0.0
1.416,0.00884567186289898,0.295783642788689,-0.0041560517987738604,86,-0.004645615350455046,0.0009333426132798195,0.9998835325241089,-0.12756280601024628,0.11625681817531586,-0.22881121933460236,0.0,59.551958654569724,0.0
1.468,0.007199628419969268,0.25868302284430184,-0.017371191248576997,86,-0.00402661319822073,-0.0013864862266927958,1.001164197921753,-0.23657062649726868,-0.22567151486873627,0.03590558096766472,0.0,59.551958654569724,0.0
1.525,0.007498287011797618,0.2535192829048812,-0.03437085327518072,86,-0.004556499421596527,-0.0013978369534015656,1.0016950368881226,-0.25180670619010925,0.04845477268099785,-0.07937952876091003,0.0,59.551958654569724,0.0
1.576,0.008854136189412425,0.2528238659391894,-0.010804257351935973,86,-0.005139377899467945,0.002440615789964795,1.0034257173538208,-0.027948420494794846,0.06997538357973099,-0.02779286541044712,0.0,171.51811564570212,0.0
1.626,0.010494986921545898,0.2664265146043637,-0.019836382938424123,86,-0.004165229387581348,-0.0017715675057843328,1.0024304389953613,0.13838988542556763,0.07230392843484879,0.13711561262607574,0.0,171.51811564570212,0.0
1.68,0.009947632415730613,0.2789647228539396,-0.030028309646040214,86,-0.006287033203989267,-0.0027561194729059935,1.001083493232727,0.22365474700927734,-0.0757608637213707,-0.0170590840280056,0.0,171.51811564570212,0.0
1.73,0.008504166148685868,0.2849028758942229,-0.01872410202492497,86,-0.004239771980792284,0.0005473448545671999,0.9993927478790283,0.06421579420566559,0.1505430042743683,-0.15740251541137695,0.0,171.51811564570212,0.0
1.792,0.008023234132019682,0.2782075222108328,-0.009089194377584792,86,-0.006448083557188511,0.0017538913525640965,1.0006217956542969,-0.14734987914562225,0.09680178016424179,-0.09798485785722733,0.0,171.51811564570212,0.0
1.843,0.00840749447830886,0.2843522165178357,-0.009827689396289349,86,-0.004763618111610413,0.0003203913802281022,1.0003502368927002,-5.1234892453067005e-05,-0.2236398160457611,-0.04455212131142616,0.0,171.51811564570212,0.0
1.904,0.008412260451155232,0.28221879858372534,-0.012586216395746051,86,-0.004559104796499014,-0.0015824793372303247,1.0010892152786255,0.11987923085689545,-0.0031625081319361925,-0.01294379960745573,0.0,171.51811564570212,0.0
1.968,0.014144831634430827,0.2788186533743559,-0.011980029983104675,86,-0.0053254906088113785,0.00019719466217793524,1.0009227991104126,0.16343224048614502,-0.04644827917218208,0.24867545068264008,0.0,171.51811564570212,0.0
2.032,0.014417112726825113,0.27763671104466536,-0.0001221726260964056,86,-0.004018628969788551,0.0022594386246055365,1.0021032094955444,0.017588002607226372,0.15695719420909882,-0.22496645152568817,0.0,171.51811564570212,0.0
2.096,0.016436551314061066,0.27849728820150693,-0.007697116359346639,86,-0.004996618255972862,-0.0015015661483630538,1.0004782676696777,0.20739048719406128,0.0020424905233085155,0.3241826593875885,0.0,171.51811564570212,0.0
2.16,0.01587081853124548,0.2838469209994765,-0.0076999220278950705,86,-0.005470288451761007,-0.0020009970758110285,1.0016934871673584,0.17029142379760742,0.02051982469856739,-0.026020817458629608,0.0,171.51811564570212,0.0
2.224,0.015177574059319238,0.2847859029151147,-0.011047098269738521,86,-0.004430742468684912,-0.00024227886751759797,1.0007071495056152,0.052857547998428345,0.1476271003484726,0.016376296058297157,0.0,171.51811564570212,0.0
2.274,0.013649068055907244,0.28081290208023585,0.0017067763564902942,86,-0.0048913247883319855,0.001473532640375197,1.003286361694336,-0.04150274023413658,0.03814844414591789,0.2941558063030243,0.0,171.51811564570212,0.0
2.336,0.01846397964087223,0.2915521263576762,0.005796615920937396,86,-0.006697479635477066,0.00109678169246763,1.0020405054092407,-0.07829707860946655,0.008694766089320183,0.02586900256574154,0.0,171.51811564570212,0.0
2.4,0.017874556040134448,0.2923053977744165,0.0025165716025716462,86,-0.007650621701031923,-0.0015286284033209085,1.0002449750900269,-0.059891894459724426,-0.09764998406171799,-0.13462641835212708,0.0,171.51811564570212,0.0
2.464,0.01799195306924926,0.28646237649187706,-0.0024764935741952323,86,-0.004250282887369394,-0.00147059909068048,0.9997933506965637,-0.003065376542508602,-0.011194819584488869,-0.0559440515935421,0.0,171.51811564570212,0.0
2.528,0.01720734124492834,0.28559119360397867,-0.002697514398255264,86,-0.0064113810658454895,-0.0026987933088093996,1.0034172534942627,-0.046711549162864685,0.00011289017857052386,0.06878024339675903,0.0,171.51811564570212,0.0
2.592,0.018003828860165945,0.28452171431750833,0.0005101182073164646,86,-0.005530789494514465,0.00119930156506598,0.9991424679756165,-0.021978948265314102,-0.052843645215034485,-0.06917627900838852,0.0,171.51811564570212,0.0
2.642,0.018178662359721744,0.2812868730814224,-0.00458727768977019,86,-0.003995723091065884,8.29835425975034e-06,1.0016504526138306,-0.15389315783977509,-0.058209165930747986,0.0028628602158278227,0.0,171.51811564570212,0.0
2.693,0.019067241925831434,0.27252436649033857,-0.000998194897294978,86,-0.0035172095522284508,-0.0007114573381841183,1.0001729726791382,0.14405308663845062,0.09810756891965866,0.17769664525985718,0.0,171.51811564570212,0.0
2.746,0.01915729082656498,0.2605578233507057,-0.004167970297433335,86,-0.003669141558930278,-6.622753426199779e-05,1.001338005065918,-0.024312468245625496,-0.14651113748550415,-0.11117079854011536,0.0,171.51811564570212,0.0
2.8,0.01914623044696108,0.2609682926449909,-0.009879774564471904,86,-0.00456606550142169,-0.001238957978785038,0.9988678693771362,0.14357063174247742,0.027008114382624626,0.2443731129169464,0.0,171.51811564570212,0.0
2.864,0.021021179226015572,0.2611124262755669,-0.013119019084475374,86,-0.00314309005625546,-0.0006135338335298002,1.0014574527740479,-0.13246428966522217,-0.20273244380950928,0.15465594828128815,0.0,171.51811564570212,0.0
2.928,0.02298068961023655,0.265784778336209,-0.021909959864260503,86,-0.004603725858032703,-0.002026226371526718,1.0026596784591675,0.27442899346351624,0.2251521795988083,0.15721045434474945,0.0,171.51811564570212,0.0
2.992,0.027458973960842566,0.2700237348569431,-0.012047515128208437,86,-0.004566030576825142,0.0016906303353607655,0.9977251291275024,0.10018186271190643,0.14018303155899048,-0.1090208888053894,0.0,171.51811564570212,0.0
3.053,0.0222796853343772,0.2671383532893801,-0.0065796545699821326,86,-0.004775949753820896,-0.0012211007997393608,1.0029054880142212,0.20669014751911163,0.1744653880596161,-0.20184345543384552,0.0,61.61479588089257,0.0
3.104,0.0233896806574571,0.26636545272785334,-0.02084544046156143,86,-0.0043060677126049995,-6.876910629216582e-05,1.0023726224899292,0.07648054510354996,-0.036688610911369324,0.10989242792129517,0.0,61.61479588089257,0.0
3.168,0.024518177538139816,0.27405240905803185,-0.008090469941512546,86,-0.004596007987856865,0.0014001464005559683,1.0016388893127441,0.028813950717449188,0.18531420826911926,-0.09097231179475784,0.0,61.61479588089257,0.0
3.232,0.02576910888246902,0.2690580974715623,-0.009248778044553761,86,-0.002928454428911209,-0.0002952190116047859,1.0020995140075684,0.2965177297592163,0.2647320628166199,0.01273445412516594,0.0,61.61479588089257,0.0
3.296,0.025531419943036756,0.2763357426327485,-0.0021593718942100174,86,-0.004865695256739855,0.0005900749820284545,1.0014091730117798,-0.1410447657108307,0.16866181790828705,-0.004297048784792423,0.0,61.61479588089257,0.0
3.346,0.024664407763791,0.2869480962927638,0.009096608808441315,86,-0.00577753409743309,0.0023993966169655323,1.001009464263916,0.023660846054553986,0.06778211891651154,0.16011600196361542,0.0,61.61479588089257,0.0
3.408,0.024604316363334572,0.2878073056211904,0.00788756638062127,86,-0.0055994680151343346,-0.0017437926726415753,1.0004780292510986,-0.0684417188167572,-0.13926683366298676,0.0013027617242187262,0.0,61.61479588089257,0.0
3.472,0.02645348637865881,0.2959943494930621,0.010492811096748843,86,-0.004521987866610289,0.00024169497191905975,1.0012627840042114,0.121823251247406,-0.04516709968447685,0.05211495980620384,0.0,61.61479588089257,0.0
3.536,0.023466520971867997,0.29301728407897476,0.009203467652672033,86,-0.0032658304553478956,-0.0008984128944575787,1.0010461807250977,-0.32164421677589417,0.01838677190244198,-0.06462281197309494,0.0,61.61479588089257,0.0
3.586,0.021938682491240712,0.2865847919406755,0.006301005176260968,86,-0.004158664960414171,-0.0008992233779281378,0.9995784163475037,-0.09611909091472626,-0.07007899880409241,0.027507133781909943,0.0,61.61479588089257,0.0
3.648,0.020132765578126804,0.29468781632202196,0.0034081622253245105,86,-0.005627769976854324,0.0014700612518936396,0.9996523261070251,-0.13966809213161469,-0.03983258828520775,-0.07827886939048767,0.0,61.61479588089257,0.0
3.712,0.01899163102288537,0.2973623067854093,0.002838169968488934,86,-0.002489728620275855,0.0017606234177947044,0.9998176097869873,-0.14268946647644043,-0.06316862255334854,-0.047115128487348557,0.0,61.61479588089257,0.0
3.762,0.020813573895986596,0.29094396106766174,0.008455475542534108,86,-0.004842245951294899,0.00011233403347432613,1.0003015995025635,-0.03613060712814331,-0.06251884996891022,0.10046373307704926,0.0,61.61479588089257,0.0
3.812,0.020092697668898814,0.2877072771160518,0.005755259950825167,86,-0.004705159459263086,-0.0012105531059205532,0.9998908042907715,-0.04661368578672409,0.05135587230324745,-0.027592584490776062,0.0,61.61479588089257,0.0
3.868,0.01668214729481958,0.29102950559446433,-0.007447380680600939,86,-0.004930396098643541,-0.0016482891514897346,1.0022393465042114,0.3710246682167053,-0.058134593069553375,0.17940737307071686,0.0,61.61479588089257,0.0
3.92,0.01738425089792368,0.28949294373819573,-0.012893186148897793,86,-0.004171054810285568,-0.000745155441109091,1.001257061958313,0.0028744477313011885,-0.08232858777046204,0.10170136392116547,0.0,61.61479588089257,0.0
3.97,0.017158699499493668,0.2805177514624654,-0.010908789751158351,86,-0.004713364876806736,9.832686191657558e-05,1.0020672082901,0.05993704870343208,0.08904439210891724,0.1673250049352646,0.0,61.61479588089257,0.0
4.032,0.01930600528897665,0.28860477909670784,-0.021034060746099707,86,-0.005337492562830448,-0.0021832140628248453,1.0021415948867798,0.10987871140241623,-0.03643869608640671,-0.20131897926330566,0.0,61.61479588089257,0.0
4.096,0.01614043032330542,0.2959494822946719,-0.024469202932260757,86,-0.006678028032183647,0.00017874830518849194,1.0026524066925049,0.06097693741321564,0.1126566082239151,0.007048476953059435,0.0,61.61479588089257,0.0
4.16,0.016355210379052753,0.29628129575537293,-0.0251499748597586,86,-0.0037001825403422117,-0.0012239761417731643,1.002138376235962,0.3307037055492401,0.13472473621368408,0.04527626186609268,0.0,61.61479588089257,0.0
4.224,0.019067614678395663,0.3064008858824598,-0.019501576318774517,86,-0.005295161157846451,-0.0003038928844034672,1.0016674995422363,0.010414700955152512,-0.006299708504229784,-0.07244784384965897,0.0,61.61479588089257,0.0
4.274,0.01924346436679952,0.29928477283855115,-0.01844572009176143,86,-0.005716531537473202,0.0012789239408448339,1.0008058547973633,0.045115888118743896,0.20124587416648865,0.008016851730644703,0.0,61.61479588089257,0.0
4.336,0.019143775135274852,0.3055334257245176,-0.016391708344273222,86,-0.0077889710664749146,0.0005207046051509678,1.0003091096878052,0.027215931564569473,-0.14960646629333496,-0.10145966708660126,0.0,61.61479588089257,0.0
4.4,0.02001137097291007,0.30943455283756355,-0.0171166876024321,86,-0.004637573380023241,0.00030006119050085545,1.0024412870407104,0.14762532711029053,0.10429684072732925,-0.021568818017840385,0.0,61.61479588089257,0.0
4.454,0.021537038340328996,0.30375568644740364,-0.009583835767286435,86,-0.004199115093797445,0.001124214380979538,0.9978040456771851,0.1452881395816803,-0.201584592461586,0.08939585834741592,0.0,61.61479588089257,0.0
4.506,0.01938883233070424,0.30194921580340517,-0.005775167693525865,86,-0.003420985536649823,-0.0008904804126359522,1.003037691116333,0.07723289728164673,0.020904872566461563,-0.026146400719881058,0.0,198.40605487228004,0.0
4.56,0.019539785560968945,0.28897519060469784,0.018419052405332308,86,-0.004152384120970964,0.0022284805309027433,1.0005290508270264,-0.06192420423030853,-0.20102804899215698,-0.007180053275078535,0.0,198.40605487228004,0.0
4.622,0.01953551361756182,0.28943039940270243,0.01175415870807259,86,-0.005018053110688925,-0.0007549275760538876,1.0006346702575684,0.03979716822504997,0.09614299982786179,-0.19206273555755615,0.0,198.40605487228004,0.0
4.673,0.01708620551323449,0.2920878826951571,0.007883166031551304,86,-0.00735576031729579,0.0006937954458408058,1.0009387731552124,0.039705418050289154,0.10522361844778061,-0.08233843743801117,0.0,198.40605487228004,0.0
4.736,0.011760761950162851,0.29151259343001057,0.009636719408931295,86,-0.005228020716458559,0.00014079417451284826,1.001137375831604,-0.15789327025413513,0.20163588225841522,-0.12065189331769943,0.0,198.40605487228004,0.0
4.786,0.010229240683787352,0.28448143089118666,0.010895358295255864,86,-0.00463655823841691,0.00040399740100838244,1.0012520551681519,0.05817151814699173,-0.07651243358850479,-0.0835224911570549,0.0,198.40605487228004,0.0
4.848,0.00809479039591572,0.2784031797375998,0.014655145598441775,86,-0.004173452965915203,0.0006422176375053823,1.001762866973877,0.16110150516033173,-0.013212576508522034,0.1525200456380844,0.0,198.40605487228004,0.0
4.898,0.011029081600511473,0.2747141294600396,0.005543839020670649,86,-0.005130560602992773,-0.0010940853971987963,1.0000174045562744,-0.11051515489816666,0.06451012194156647,0.13011084496974945,0.0,198.40605487228004,0.0
4.96,0.009883645565077164,0.26279276601800666,0.004825786739627899,86,-0.002358490601181984,0.0013647869927808642,1.0014101266860962,0.07795009762048721,-0.10179128497838974,0.08176858723163605,0.0,198.40605487228004,0.0
5.01,0.012639186264259772,0.24844419664198875,-0.000965744673773339,86,-0.003146305913105607,0.0006403212901204824,0.9998334646224976,0.010322109796106815,-0.1843595802783966,-0.1065160259604454,0.0,198.40605487228004,0.0
5.06,0.012495879002154028,0.2567474844684795,-0.0006200543102692032,86,-0.006215084809809923,-0.0007660055416636169,0.9998655319213867,-0.038749437779188156,-0.15271595120429993,0.0612671785056591,0.0,198.40605487228004,0.0
5.115,0.013594889517744865,0.26243370910648944,-0.0052232995063310845,86,-0.005791318602859974,-0.0013377468567341566,1.001229166984558,0.08062692731618881,0.025416066870093346,-0.059418924152851105,0.0,198.40605487228004,0.0
5.168,0.011959681959817102,0.262869113586155,-0.003597635243367367,86,-0.0030501477885991335,0.0002193146792706102,1.0027450323104858,-0.03069724142551422,0.10538936406373978,-0.06388891488313675,0.0,198.40605487228004,0.0
5.232,0.012396260411983571,0.26119806887439473,-0.010002192317883496,86,-0.005351170897483826,-0.0025779453571885824,0.9998010396957397,-0.1621021032333374,-0.050507381558418274,-0.12021176517009735,0.0,198.40605487228004,0.0
5.296,0.010397229587531063,0.2600128611287213,-0.010018797715223899,86,-0.0046593607403337955,-0.0005207851063460112,1.002787470817566,-0.11821172386407852,0.08810005336999893,-0.042147137224674225,0.0,198.40605487228004,0.0
5.36,0.01034760984498728,0.2576788038631682,-0.0055664921449692425,86,-0.004764345474541187,-0.0012050846125930548,0.9997377991676331,-0.060893669724464417,0.09280287474393845,-0.012337684631347656,0.0,198.40605487228004,0.0
5.41,0.014471441818625941,0.25811330535577953,-0.005524562121270604,86,-0.004165608435869217,0.00038206123281270266,1.001301884651184,-0.06397455930709839,-0.13787806034088135,0.28631070256233215,0.0,198.40605487228004,0.0
5.472,0.013107395594149878,0.2612450582113331,-0.01091017954291039,86,-0.00727603305131197,2.4718110580579378e-05,1.0026938915252686,-0.03130289539694786,0.04529934003949165,0.2166353017091751,0.0,198.40605487228004,0.0
5.536,0.01286664596559763,0.267840894764088,-0.018209750692980326,86,-0.006978195160627365,-0.0024789830204099417,1.00005042552948,0.2049126774072647,0.08849027752876282,0.005106216296553612,0.0,198.40605487228004,0.0
5.601,0.014493297146037646,0.26929413364407445,-0.01797369234717491,86,-0.004510961007326841,0.0009513893164694309,1.0004111528396606,-0.018549418076872826,0.08377382904291153,-0.12997180223464966,0.0,198.40605487228004,0.0
5.664,0.01591478764786919,0.26819736839888514,-0.004241344938420586,86,-0.004046810325235128,0.001081929774954915,1.0020875930786133,0.17318008840084076,0.15059877932071686,-0.10875869542360306,0.0,198.40605487228004,0.0
5.728,0.016036237583444624,0.2675879040718999,-0.007636202373075578,86,-0.005085383076220751,-0.001369192381389439,1.0025466680526733,-0.02642514556646347,0.03441771864891052,-0.0854615718126297,0.0,198.40605487228004,0.0
5.792,0.01565563738126596,0.27690649015865937,-0.004894240892014729,86,-0.005794809199869633,-0.0009822003776207566,1.0008465051651,0.14184294641017914,0.12222898006439209,-0.06712010502815247,0.0,198.40605487228004,0.0
5.856,0.014043886626980431,0.27170749938061545,-0.007191722988205003,86,-0.002791066188365221,0.000976667506620288,1.0019437074661255,0.15159283578395844,0.022841263562440872,-0.012638836167752743,0.0,198.40605487228004,0.0
5.92,0.013572126248111625,0.2813521240771429,0.0008595687823011317,86,-0.007429440040141344,9.104160562856123e-05,0.9982699751853943,0.07997217774391174,0.12377365678548813,0.016173049807548523,0.0,120.03617423158377,0.0
5.984,0.015597614594725261,0.2876034252475777,0.005839487729279142,86,-0.0027686688117682934,-0.002052204916253686,0.9989827275276184,0.300190269947052,0.04181192070245743,-0.038675446063280106,0.0,120.03617423158377,0.0
6.035,0.015897625004900523,0.26996093480526634,0.0016465679062414114,86,-0.004259970970451832,-0.0016943898517638445,1.0004637241363525,-0.08046627044677734,0.020239120349287987,-0.10528479516506195,0.0,120.03617423158377,0.0
6.096,0.0146698695515784,0.26750681623096884,-0.007287599693338536,86,-0.006221278570592403,-0.0016295452369377017,1.0023897886276245,-0.01888744905591011,-0.012464608065783978,0.054518379271030426,0.0,120.03617423158377,0.0
6.16,0.01522119164831978,0.26572088397225385,-0.002753267623534562,86,-0.005010504275560379,0.00024307412968482822,1.0022262334823608,0.0930100753903389,0.12548990547657013,-0.052216313779354095,0.0,120.03617423158377,0.0
6.224,0.01681189735787764,0.26739416336056687,0.003545071411746909,86,-0.004748108331114054,-0.0004673785879276693,1.0006014108657837,-0.1972172111272812,0.11925148963928223,-0.09960255026817322,0.0,120.03617423158377,0.0
6.288,0.015848562591060985,0.2723353973171793,-0.009899279519567048,86,-0.005369989667087793,-0.002149183303117752,0.9973363280296326,0.0338299460709095,0.01612941548228264,-0.1294335275888443,0.0,120.03617423158377,0.0
6.338,0.013988956469437368,0.27214228599868234,-0.009949732066861014,86,-0.003749642288312316,0.0010237544775009155,1.0013874769210815,-0.003698498010635376,0.020795710384845734,0.06970009207725525,0.0,120.03617423158377,0.0
6.45,0.014817194718627582,0.2860111864261704,-0.008547483374658419,86,-0.006800878793001175,-0.0004209697071928531,1.0005731582641602,0.07252474874258041,0.07189752161502838,0.04438372328877449,0.0,120.03617423158377,0.0
6.5,0.012905537450911657,0.2861184302035641,-0.0057598305894231506,86,-0.0050711119547486305,1.970161792996805e-05,1.0007470846176147,0.03385799005627632,0.008055266924202442,-0.10676136612892151,0.0,120.03617423158377,0.0
6.56,0.01297523152297838,0.28251343879272295,-0.006018934416191168,86,-0.004259398672729731,0.0005555243697017431,1.004204511642456,0.14158855378627777,-0.1035812720656395,0.11109209805727005,0.0,120.03617423158377,0.0
6.622,0.0166352809267347,0.29081437894666046,-0.004979256530100431,86,-0.006322881206870079,-0.00032014044700190425,1.0015432834625244,0.05835840106010437,0.09704940766096115,0.15099823474884033,0.0,120.03617423158377,0.0
6.672,0.01372105069009478,0.3044637782764453,-0.0005421938743729145,86,-0.00489729642868042,3.754092176677659e-05,1.0005629062652588,0.41839542984962463,-0.024590790271759033,-0.039793435484170914,0.0,120.03617423158377,0.0
6.723,0.013270024042233878,0.29985315858245865,-0.005264373583564748,86,-0.005860192701220512,-0.000863585970364511,1.0013278722763062,-0.08290308713912964,0.06880727410316467,-0.0034597599878907204,0.0,120.03617423158377,0.0
6.784,0.013523904552164226,0.3029191369016387,-0.012147316442273483,86,-0.006539022549986839,-0.0011870409362018108,1.0031007528305054,-0.46608224511146545,0.004479729104787111,0.10661127418279648,0.0,120.03617423158377,0.0
6.848,0.011138780482893903,0.30249538941145226,-0.00023664388658022276,86,-0.005825757049024105,0.001419917680323124,1.0007160902023315,0.0906299501657486,-0.07223086804151535,-0.23128339648246765,0.0,120.03617423158377,0.0
6.912,0.013841040716641008,0.29885290746089765,-0.006124016233508679,86,-0.005567931570112705,0.00011453089246060699,1.0009340047836304,0.017889149487018585,0.14404138922691345,-0.17424312233924866,0.0,120.03617423158377,0.0
6.976,0.012145470407239773,0.29794675505595997,-0.006922403556066257,86,-0.007084630895406008,0.001963265473023057,0.9998908638954163,-0.07875259965658188,0.1613285392522812,0.0008053892524912953,0.0,120.03617423158377,0.0
7.04,0.01135526813572368,0.3031502833216259,-0.007593838224319049,86,-0.005862085614353418,-0.0004911058349534869,1.0009726285934448,-0.11026521772146225,-0.09323511272668839,-0.04300742968916893,0.0,120.03617423158377,0.0
7.104,0.010720166911606934,0.3003102090118847,-0.01633453789289936,86,-0.005655646324157715,-0.0008555212989449501,1.0008070468902588,0.13257327675819397,0.0006868734490126371,0.03342008963227272,0.0,120.03617423158377,0.0
7.168,0.013589978721510614,0.2943393654773418,-0.02449292997678261,86,-0.004247464705258608,-0.0008500346448272467,1.000463604927063,-0.13443897664546967,-0.14956407248973846,0.16168813407421112,0.0,120.03617423158377,0.0
7.232,0.013426137492188815,0.2964477676979498,-0.01683108044289425,86,-0.004090063739567995,7.02212719261297e-06,0.9990628957748413,0.16581915318965912,0.10211056470870972,-0.07253044098615646,0.0,120.03617423158377,0.0
7.296,0.012713083837129746,0.2959944650327208,-0.018926364644846327,86,-0.0048234425485134125,-0.001357939327135682,0.9992296695709229,0.1453944444656372,0.0071076457388699055,0.10333719849586487,0.0,61.44150003662199,0.0
7.36,0.015510236020953855,0.2973191086718549,-0.018771629114604536,86,-0.0037237070500850677,-0.00019223452545702457,1.0028311014175415,0.04240662232041359,0.036573413759469986,0.013600069098174572,0.0,61.44150003662199,0.0
7.421,0.015499618314556428,0.3020556966381803,-0.019965219388199958,86,-0.004870379343628883,-0.0007323548779822886,1.001305341720581,-0.19014394283294678,0.2708596885204315,-0.07068707793951035,0.0,61.44150003662199,0.0
7.473,0.01549090021269272,0.3154934367603573,0.0013456850487456801,86,-0.005791116040199995,0.0031241504475474358,0.9989718794822693,-0.04278121888637543,-0.14960414171218872,0.21103355288505554,0.0,61.44150003662199,0.0
7.536,0.02146125060065467,0.3040683374399678,0.0044260939871299,86,-0.0035804039798676968,0.0003770541516132653,1.002561092376709,0.05773719772696495,0.05703959986567497,0.07132456451654434,0.0,61.44150003662199,0.0
7.6,0.02019467737657123,0.30038984980923983,-0.0012500569929834743,86,-0.005777183920145035,-0.0022222469560801983,1.001391053199768,-0.15790076553821564,0.0017270297976210713,0.12349717319011688,0.0,61.44150003662199,0.0
7.664,0.02039341182259377,0.2927278902580586,0.007117270698430666,86,-0.00546819344162941,0.0009668683051131666,1.0014002323150635,0.057160936295986176,-0.03679473325610161,0.08480388671159744,0.0,61.44150003662199,0.0
7.728,0.022717764888871658,0.28653051081242487,0.014644444118474095,86,-0.0024490763898938894,0.0003835288225673139,1.0028903484344482,0.09316474199295044,0.13795121014118195,0.019492745399475098,0.0,61.44150003662199,0.0
7.792,0.02201375234037102,0.28107008010773116,0.007495976675704217,86,-0.003941775299608707,0.00021504657343029976,0.9996424317359924,-0.13981054723262787,-0.21290889382362366,-0.07714983820915222,0.0,61.44150003662199,0.0
7.856,0.019066059076764664,0.2780355092314983,-0.0023237468024885715,86,-0.006795200053602457,-0.00215976033359766,0.9992488026618958,0.14351388812065125,0.06679066270589828,0.07280518114566803,0.0,61.44150003662199,0.0
7.92,0.01910971153230343,0.2733206169650075,-0.005974472846686396,86,-0.0032701201271265745,0.0007424111245200038,1.0005868673324585,-0.15213638544082642,-0.04669182747602463,0.04788218438625336,0.0,61.44150003662199,0.0
7.984,0.020474218346775798,0.27602735374844883,-0.00657574081877907,86,-0.005396606400609016,-0.0010542628588154912,1.001631498336792,-0.05567294731736183,-0.02794809825718403,-0.04222651198506355,0.0,61.44150003662199,0.0
8.035,0.024082342866908982,0.2784913731476671,-0.0033903053115408414,86,-0.0060090902261435986,0.0002753124572336674,1.001053810119629,-0.17367400228977203,0.1367127001285553,0.13535356521606445,0.0,61.44150003662199,0.0
8.096,0.023066859865358648,0.27277332924821307,0.0012647533754149179,86,-0.002939431229606271,0.001964918337762356,1.0003002882003784,0.15194480121135712,0.14416156709194183,0.2103925347328186,0.0,61.44150003662199,0.0
8.147,0.021517401504917384,0.2709257872378529,-0.0017068112218850146,86,-0.004205493722110987,-0.0013177208602428436,0.9996246695518494,-0.07582484185695648,-0.03578853979706764,-0.07822966575622559,0.0,61.44150003662199,0.0
8.208,0.022434854165407303,0.2767521691683875,0.000913477997201171,86,-0.004955175798386335,0.0011099542025476694,0.9993295073509216,-0.08568887412548065,-0.0638698861002922,0.01476560439914465,0.0,61.44150003662199,0.0
8.259,0.02177451295883996,0.27499055308173653,-0.00858434925699867,86,-0.005185134243220091,-0.001215752912685275,0.9990273714065552,0.011558128520846367,0.15885569155216217,0.07063579559326172,0.0,61.44150003662199,0.0
8.311,0.021605660636683285,0.2878057437666508,-0.004864568833038678,86,-0.005799450445920229,-0.0003652067971415818,1.0005390644073486,0.054532501846551895,-0.0764668807387352,0.11033499985933304,0.0,61.44150003662199,0.0
8.362,0.02051445722366495,0.2697922270484475,-0.01447289806455247,86,-0.00502019515261054,-0.0007168673328123987,1.000057339668274,-0.19853006303310394,-0.021210066974163055,-0.08293454349040985,0.0,61.44150003662199,0.0
8.413,0.01916604853911393,0.2672655486425973,-0.015193793395147861,86,-0.005446257069706917,0.0023993724025785923,1.0018824338912964,-0.29955750703811646,0.022659925743937492,-0.03865330293774605,0.0,242.02562031159837,0.0
8.463,0.018199173785804622,0.26805425088611096,-0.014547753057520523,86,-0.004331674892455339,0.0008021711837500334,1.000102162361145,0.18134282529354095,-0.041668299585580826,-0.17167484760284424,0.0,242.02562031159837,0.0
8.514,0.018214529188325213,0.2730403535479537,-0.014033789479063166,86,-0.0032456577755510807,0.0018975184066221118,1.0014094114303589,0.22656424343585968,0.11417035013437271,0.061065707355737686,0.0,242.02562031159837,0.0
8.564,0.016886797522659508,0.2730833998070621,-0.008365774674412829,85,-0.004249516874551773,0.001045198761858046,1.0020346641540527,0.10223664343357086,0.04746462404727936,0.029751667752861977,0.0,242.02562031159837,0.0
8.614,0.01692299266409891,0.2755308979843745,-0.006801552964536468,85,-0.006890595890581608,-0.0003540499892551452,0.9985913038253784,0.05790381506085396,-0.03929080441594124,0.1482948362827301,0.0,242.02562031159837,0.0
8.665,0.01583119836921683,0.2757445777869747,-0.0034999308787583517,86,-0.006043880712240934,-0.0010836682049557567,1.0012112855911255,-0.05562833324074745,-0.14056403934955597,-0.06903770565986633,0.0,242.02562031159837,0.0
8.715,0.016318435307098634,0.2787108825359512,-0.0033185995333684945,86,-0.0070768678560853004,-0.00131041812710464,0.9979598522186279,0.18423669040203094,0.11589013785123825,-0.1733526736497879,0.0,242.02562031159837,0.0
8.766,0.017634958354224985,0.28833440250383224,-0.0050731850322047346,86,-0.003760529449209571,0.0015681370859965682,1.0009872913360596,0.3027392029762268,0.11030665785074234,0.019117312505841255,0.0,242.02562031159837,0.0
8.816,0.01846825218538754,0.29149818464191596,-0.0015597474150916913,86,-0.0028652295004576445,0.000619140628259629,1.0042884349822998,0.21721616387367249,-0.010368323884904385,0.07929167151451111,0.0,242.02562031159837,0.0
8.867,0.019849201962459293,0.2921558164955402,-0.0037878379890541256,86,-0.005468950606882572,6.525396020151675e-05,1.0001558065414429,0.10641708225011826,-0.004237235989421606,-0.047382958233356476,0.0,242.02562031159837,0.0
8.917,0.019218173730879584,0.2949000845058955,-0.0051114300707640545,86,-0.005586621817201376,-0.0009692846797406673,1.000334620475769,0.029157493263483047,-0.011861133389174938,-0.08860055357217789,0.0,242.02562031159837,0.0
8.967,0.01936718178938382,0.3020704194100953,-0.005571294091892257,86,-0.004539208486676216,-0.0006631154683418572,0.9984877705574036,0.09177417308092117,-0.0718667209148407,0.11030975729227066,0.0,285.22978578714725,0.0
9.018,0.01842025778554373,0.29037991364683363,-0.010360287884724852,86,-0.004208798054605722,-0.0002808696881402284,1.0031707286834717,0.014824844896793365,0.060922130942344666,0.02248731255531311,0.0,285.22978578714725,0.0
9.069,0.019442186880917346,0.2920382347122501,-0.0075965488808246665,86,-0.004170017782598734,0.0009137977031059563,1.001120924949646,-0.08405476063489914,-0.033046383410692215,0.00018603420176077634,0.0,285.22978578714725,0.0
9.119,0.018261074106764637,0.2969511209102718,-0.011394691997100533,86,-0.005469999276101589,-0.001572607085108757,1.0014625787734985,0.01221128273755312,0.17615622282028198,-0.014070137403905392,0.0,285.22978578714725,0.0
9.17,0.016602065772496257,0.30660522612468516,-0.013393995388508297,86,-0.0047303964383900166,-0.0012223378289490938,1.002982258796692,0.00026209934731014073,0.1670933961868286,0.060903869569301605,0.0,285.22978578714725,0.0
9.22,0.014301113974046662,0.3074014069419363,-0.004809294846291547,86,-0.004403524100780487,0.0018600531620904803,1.0014629364013672,-0.20720674097537994,0.07489919662475586,0.08649950474500656,0.0,285.22978578714725,0.0
9.27,0.014713099614730994,0.3027424102362048,0.00013730344757762155,86,-0.003909289836883545,-0.0002793550374917686,1.0018298625946045,0.08387415111064911,0.18079309165477753,-0.09018486738204956,0.0,285.22978578714725,0.0
9.32,0.01190474519051579,0.2935125251404887,-7.833187330398552e-05,86,-0.0053505664691329,-0.0001641539711272344,1.0015769004821777,0.18373507261276245,0.17404860258102417,0.05629844591021538,0.0,285.22978578714725,0.0
9.371,0.008271080624792024,0.29018903741790164,-0.009089063867977759,86,-0.0046905227936804295,-0.00017316706362180412,1.00395667552948,0.15156301856040955,-0.09201161563396454,0.15535815060138702,0.0,285.22978578714725,0.0
9.422,0.008246514272391472,0.30797467614566154,0.00016238848088957332,86,-0.007148164790123701,-0.0006701762322336435,1.0007075071334839,0.39997050166130066,0.06975245475769043,0.12543150782585144,0.0,285.22978578714725,0.0
9.472,0.009899357385239959,0.30602302868375636,0.005990890384884886,86,-0.005088637582957745,0.001338627771474421,1.002325177192688,-0.04104522988200188,-0.05022464692592621,-0.14320306479930878,0.0,285.22978578714725,0.0
9.523,0.01390391845996738,0.3091279713311444,0.00905514442658904,86,-0.004371211398392916,-0.00047954422188922763,1.0002110004425049,-0.14979426562786102,0.10039147734642029,-0.12550678849220276,0.0,296.9208551606966,0.0
9.573,0.013979993027552994,0.3101298692406195,0.007856776399152283,86,-0.0072306301444768906,-0.0015523831825703382,1.002608060836792,0.05650043860077858,0.1737184375524521,0.005449545104056597,0.0,296.9208551606966,0.0
9.623,0.012941612951800808,0.3083665358994464,-0.007559734121300905,85,-0.005821362137794495,-0.0008061559055931866,1.0001944303512573,0.13688978552818298,0.015353218652307987,-0.05370006710290909,0.0,296.9208551606966,0.0
9.674,0.012319074711276063,0.3017337131142052,-0.002408068540532006,85,-0.004105312284082174,0.0004764769983012229,1.0031406879425049,0.017017265781760216,0.15797960758209229,-0.10382048785686493,0.0,296.9208551606966,0.0
9.724,0.012959009754600573,0.3025791980720076,-0.00017120890703328808,85,-0.004254861269146204,-0.0011216435814276338,0.9992324113845825,-0.29825329780578613,0.08876308053731918,-0.20210972428321838,0.0,296.9208551606966,0.0
9.775,0.011362036712509295,0.2956169692787253,0.0005402115322092919,85,-0.004656204488128424,-0.00034173025051131845,1.0019341707229614,0.21064458787441254,-0.10612726211547852,-0.03956586867570877,0.0,296.9208551606966,0.0
9.825,0.008827047651904918,0.2993658225567756,0.004735788429329706,85,-0.006587861105799675,-0.0008292684215120971,0.9983806014060974,0.1263802945613861,-0.07464609295129776,-0.13580411672592163,0.0,296.9208551606966,0.0
9.877,0.009458500282060413,0.3024166056665323,0.0028636571631209134,86,-0.0061631095595657825,0.0004782012547366321,1.00009286403656,0.2722388207912445,0.09573768824338913,0.14382018148899078,0.0,296.9208551606966,0.0
9.927,0.011766156292980454,0.30505518408389787,0.01955125702827996,86,-0.0037687926087528467,0.0020386273972690105,1.001723051071167,0.45280128717422485,-0.13465365767478943,0.008351832628250122,0.0,296.9208551606966,0.0
9.978,0.012537165546345208,0.30159097404090357,0.02149767877985482,86,-0.0061598424799740314,0.0012085617054253817,1.0001906156539917,0.08577785640954971,-0.02745288424193859,0.046379849314689636,0.0,296.9208551606966,0.0
10.028,0.011116465173848006,0.29778310921132956,0.016477424601462284,86,-0.004365465138107538,0.0013417095178738236,1.0028942823410034,0.14714594185352325,-0.18906563520431519,-0.027296772226691246,0.0,296.9208551606966,0.0
10.079,0.012156295283126678,0.2877073721079319,0.013438678329312354,86,-0.0016115137841552496,-0.0006871444056741893,0.9998260736465454,-0.01235252246260643,0.1247214749455452,0.1265939623117447,0.0,285.54047246238684,0.0
10.129,0.011931211488510288,0.2909655445578064,0.008788993875806448,85,-0.005268650129437447,-0.0014789021806791425,0.9994404315948486,-0.016113020479679108,0.1527230441570282,0.05680433660745621,0.0,285.54047246238684,0.0
10.18,0.012006705902956823,0.2906021694086203,0.0023008967619529037,85,-0.004403227940201759,0.0013362448662519455,1.0012235641479492,0.0782729983329773,0.04206294193863869,0.1114414781332016,0.0,285.54047246238684,0.0
10.231,0.012554504314885381,0.286573263932562,0.002296314626340381,85,-0.00494857644662261,4.0635700315760914e-06,1.0012569427490234,-0.059170808643102646,-0.08597293496131897,-0.0975741520524025,0.0,285.54047246238684,0.0
10.281,0.012938073705903892,0.2910955598004837,0.006020268115448481,85,-0.004819425288587809,0.0015717096393927932,1.0020122528076172,0.04558475315570831,0.014091880060732365,0.1040746420621872,0.0,285.54047246238684,0.0
10.331,0.015245694520946693,0.29243730817255686,0.0006080833819968903,85,-0.0056852251291275024,-0.0033608898520469666,1.000949740409851,0.05487041920423508,-0.12322639673948288,0.02553372085094452,0.0,285.54047246238684,0.0
10.381,0.01492639275709684,0.29291809224960763,0.01224881057325215,85,-0.004145695827901363,0.000407483777962625,1.0011920928955078,-0.019019944593310356,-0.15697824954986572,0.03788600116968155,0.0,285.54047246238684,0.0
10.432,0.01874623713450878,0.28491015645464995,0.008459660127045061,85,-0.0027578887529671192,-0.0012564226053655148,1.0011188983917236,0.1134859025478363,-0.05262173339724541,0.09299765527248383,0.0,285.54047246238684,0.0
10.482,0.014878821832390497,0.28415381761375225,0.003963575104127282,85,-0.005828549154102802,-0.0014322836650535464,0.999792218208313,0.009680477902293205,0.09604543447494507,-0.020538251847028732,0.0,285.54047246238684,0.0
10.532,0.015293248781570687,0.2834134359932436,0.011047300314068564,85,-0.0066396258771419525,0.001262063393369317,1.002243995666504,-0.01548585295677185,-0.01480051502585411,-0.00014298410678748041,0.0,285.54047246238684,0.0
10.583,0.01677321335084803,0.27681554609241976,0.011417369761146092,85,-0.004221567418426275,-5.801592851639725e-05,1.0024263858795166,-0.18587444722652435,0.020042136311531067,-0.1892908662557602,0.0,285.83235654899823,0.0
10.633,0.017957459496840023,0.2785050560223401,-8.206950013696396e-05,85,-0.005230521317571402,-0.00033902659197337925,1.0016554594039917,0.0956956073641777,-0.09921751171350479,0.0870409682393074,0.0,285.83235654899823,0.0
10.683,0.01646202566482805,0.2775114401982406,-0.005131149760021161,85,-0.004126404412090778,-0.0020612238440662622,0.9982467889785767,-0.03537707030773163,-0.02391430363059044,-0.07407531887292862,0.0,285.83235654899823,0.0
10.734,0.013600981746453114,0.2774531449095151,-0.023287963526392653,85,-0.005443273577839136,0.0007962195668369532,1.0031050443649292,-0.1643727719783783,-0.07728345692157745,-0.010303863324224949,0.0,285.83235654899823,0.0
10.784,0.013482040827691858,0.2788073538777909,-0.02718631951966923,85,-0.005369783379137516,0.0016653189668431878,1.0019527673721313,-0.013455109670758247,0.24614469707012177,0.005517589394003153,0.0,285.83235654899823,0.0
10.834,0.011701065676710911,0.2857328133276907,-0.0281418432234881,85,-0.005483787972480059,0.0015089258085936308,1.000412940979004,0.04413830116391182,-0.03576838597655296,-0.03891114145517349,0.0,285.83235654899823,0.0
10.885,0.013510109712845018,0.2899123922779744,-0.027916963566587176,85,-0.00404070969671011,0.00018444968736730516,0.999097466468811,0.11741036176681519,0.15922687947750092,0.2332686185836792,0.0,285.83235654899823,0.0
10.935,0.009677628228032165,0.28410743195131943,-0.015901898816658065,85,-0.005037137307226658,0.0022534143645316362,1.0025159120559692,0.012765037827193737,0.10580238699913025,-0.2965557277202606,0.0,285.83235654899823,0.0
10.986,0.008579218201933645,0.28311975769461084,-0.014090721051954407,85,-0.004768729209899902,0.0005666055367328227,0.9983044862747192,-0.011306901462376118,0.03117644600570202,-0.16975663602352142,0.0,285.83235654899823,0.0
11.036,0.008544927133617304,0.28235923893637344,-0.017142982321999928,85,-0.005810446105897427,-0.0013287223409861326,1.0003670454025269,-0.013877760618925095,-0.014463025145232677,-0.05782728269696236,0.0,285.83235654899823,0.0
11.087,0.006340369511803709,0.2923091742081308,-0.02642664767800867,85,-0.006134454160928726,-0.0029575638473033905,1.0010178089141846,0.422793447971344,-0.060180824249982834,0.05957109481096268,0.0,285.83235654899823,0.0
11.137,0.007235760124682379,0.29421242837707984,-0.033652081074448635,85,-0.005617584101855755,6.0920330724911764e-05,1.0002366304397583,0.00024159776512533426,0.025791417807340622,0.17711645364761353,0.0,269.19350490982606,0.0
11.188,0.009886032476323027,0.2962789387679039,-0.03236476608910621,85,-0.003505605272948742,0.0022995558101683855,1.0024524927139282,0.26227235794067383,-0.044699475169181824,0.211497500538826,0.0,269.19350490982606,0.0
11.239,0.010219738315294456,0.28613886056470966,-0.027637233123926404,85,-0.0042511108331382275,-0.001544623519293964,1.0005711317062378,-0.06767968088388443,-0.083187535405159,-0.15989728271961212,0.0,269.19350490982606,0.0
11.289,0.0079871123948033,0.29158265290715785,-0.023004815624473218,85,-0.005730935372412205,0.002039502374827862,1.0009534358978271,-0.12188481539487839,-0.07759308069944382,-0.17269045114517212,0.0,269.19350490982606,0.0
11.34,0.009845642526945522,0.29581791739817276,-0.027333587470118693,85,-0.007143063936382532,-0.0027413591742515564,1.0014089345932007,-0.0132574662566185,0.08000070601701736,0.02269662544131279,0.0,269.19350490982606,0.0
11.39,0.009420829886415783,0.29890026103187334,-0.01761583024264649,85,-0.005557585973292589,0.0009968820959329605,1.0006603002548218,0.13031093776226044,-0.07792391628026962,0.06299175322055817,0.0,269.19350490982606,0.0
11.44,0.009698600407980356,0.2960084604900474,-0.02084235075205113,85,-0.00434035575017333,0.0018482848536223173,0.9995522499084473,0.2592123746871948,-0.09400617331266403,0.1138748824596405,0.0,269.19350490982606,0.0
11.491,0.012540255136388182,0.30374669867277865,-0.011145125066390081,85,-0.004621205385774374,0.0005103875300846994,1.000148892402649,0.08189910650253296,0.06491006910800934,0.048395149409770966,0.0,269.19350490982606,0.0
11.541,0.011032513924172017,0.2964631086417084,-0.0006543431733445347,85,-0.004208435770124197,-0.0009437898988835514,1.0018153190612793,0.013620003126561642,-0.03485514968633652,0.10028151422739029,0.0,269.19350490982606,0.0
11.591,0.011763050196622308,0.2896450826447197,0.0007914722893503665,85,-0.004165342077612877,-0.0009745824499987066,1.0019184350967407,0.17853930592536926,0.03854893520474434,0.1511596292257309,0.0,269.19350490982606,0.0
11.642,0.013010561986037,0.2872144461878266,0.008239588969985471,86,-0.0031881213653832674,0.001760605606250465,0.9998899102210999,0.0006989105022512376,-0.040070388466119766,0.11289484053850174,0.0,269.19350490982606,0.0
11.692,0.014661883084055742,0.27412838472101486,0.0021213502869980097,86,-0.004328598268330097,0.0011133939260616899,1.0026898384094238,-0.04331390932202339,-0.12942932546138763,-0.16599586606025696,0.0,272.3220360992079,0.0
11.743,0.01411926116034245,0.28334371972171035,-0.002179837138365352,86,-0.005640676245093346,-0.00014906044816598296,1.0000497102737427,-0.19293825328350067,-0.1534610390663147,0.021245969459414482,0.0,272.3220360992079,0.0
11.794,0.013818444641220421,0.2816940929657387,-0.0018350005172386207,86,-0.004810244310647249,0.0007892602006904781,0.9994745850563049,0.14879973232746124,0.0011447735596448183,0.12097832560539246,0.0,272.3220360992079,0.0
11.844,0.012596150933256759,0.2809285059095697,0.004363742796705096,86,-0.004046477377414703,0.0004615322104655206,1.0010892152786255,0.12421807646751404,-0.22611890733242035,-0.054072026163339615,0.0,272.3220360992079,0.0
11.895,0.01679818332376053,0.2797353388791929,-0.003304704449476515,86,-0.0036446545273065567,-0.0010289923520758748,1.0004159212112427,0.11417234688997269,-0.03376996889710426,0.19585703313350677,0.0,272.3220360992079,0.0
11.945,0.01763491803691417,0.27808595406346087,0.005128952547027725,86,-0.005189178511500359,-0.0005748156690970063,0.9994648694992065,-0.07397724688053131,-0.009602034464478493,-0.04971626400947571,0.0,272.3220360992079,0.0
11.996,0.017038309118931408,0.2772912944921551,0.00952922316333099,86,-0.005512502044439316,0.002145530888810754,1.0005654096603394,-0.010702653788030148,-0.04246533662080765,0.16593073308467865,0.0,272.3220360992079,0.0
12.047,0.0166082883945194,0.27663464998591486,0.024090589349808064,86,-0.005107562523335218,0.0006224320386536419,0.9989558458328247,0.12496747076511383,-0.11651171743869781,-0.0519944503903389,0.0,272.3220360992079,0.0
12.097,0.016527851746273754,0.28077315029661504,0.02026754431840351,86,-0.005094424355775118,-0.00018428830662742257,1.0013525485992432,-0.10070135444402695,0.07794845104217529,-0.09117140620946884,0.0,272.3220360992079,0.0
12.148,0.01662048488659693,0.2847852342044488,0.022834845671188136,86,-0.0038303127512335777,-0.000551276549231261,0.9998058676719666,0.0027954524848610163,0.1295284628868103,-0.04066290333867073,0.0,272.3220360992079,0.0
12.198,0.017712492750507118,0.2946512056853039,0.01614882199224603,86,-0.007064493838697672,0.001943345763720572,1.001906156539917,0.09822945296764374,0.19207601249217987,-0.013743164949119091,0.0,272.3220360992079,0.0
12.249,0.016364860595071456,0.2965762870496599,0.010607092216550878,86,-0.004728255327790976,-0.0004711691290140152,0.999870777130127,-0.1725727915763855,0.10582718253135681,-0.02982715517282486,0.0,298.7183249056335,0.0
12.299,0.014721907615137027,0.292847968068079,-0.00021248725201364953,86,-0.0066267442889511585,-0.0010603591799736023,0.9997110366821289,0.05563611909747124,0.11101163923740387,-0.07698976248502731,0.0,298.7183249056335,0.0
12.35,0.014489047441878764,0.30082640940948496,-0.0087520114909327,86,-0.005590655375272036,-0.0005322455544956028,1.0014246702194214,-0.0643528625369072,0.19619077444076538,-0.007978231646120548,0.0,298.7183249056335,0.0
12.4,0.01246258878084249,0.30378196241707023,0.00021041040175647126,86,-0.007319873198866844,0.000987220206297934,1.0007902383804321,0.043921831995248795,-0.11701665073633194,-0.017417455092072487,0.0,298.7183249056335,0.0
12.451,0.01484599772337061,0.29917546481909746,-0.0023564498254365863,86,-0.003857276402413845,-6.210952415131032e-05,1.0024259090423584,0.08541791141033173,0.05790465697646141,-0.009218505583703518,0.0,298.7183249056335,0.0
12.502,0.016169179811750638,0.29607126330095057,0.001523692035071937,86,-0.004801951814442873,0.0004245583259034902,1.0006589889526367,0.17668657004833221,0.027277681976556778,0.19986958801746368,0.0,298.7183249056335,0.0
12.552,0.013544435380734876,0.300630605876926,0.006598415404147045,86,-0.006181463599205017,0.0017670466331765056,0.9993157982826233,-0.028835056349635124,-0.04443342238664627,0.0833212286233902,0.0,298.7183249056335,0.0
12.603,0.014262305829693319,0.2955812564082371,0.00028214442518067085,86,-0.004483158700168133,0.001883152755908668,1.0000627040863037,0.04041951149702072,0.0945046916604042,-0.03589635342359543,0.0,298.7183249056335,0.0
12.653,0.014552558171557447,0.28094274225737254,0.002739680266785173,85,-0.0035805553197860718,-0.0011718198657035828,1.0019420385360718,0.048069603741168976,0.16478613018989563,0.17101474106311798,0.0,298.7183249056335,0.0
12.704,0.013720522558214553,0.28168356645556336,0.007587332617826429,85,-0.005118347238749266,0.0022015562281012535,0.9998208284378052,0.2854250371456146,-0.06897614151239395,0.13193799555301666,0.0,298.7183249056335,0.0
12.754,0.01632655135369496,0.2770002051976758,0.0028277278643545015,85,-0.005286779720336199,4.755420741275884e-05,1.0001609325408936,-0.07362335920333862,-0.010293101891875267,0.09415788948535919,0.0,284.6297502714441,0.0
12.805,0.016245638637317282,0.2897418830544245,0.0010504302460463385,85,-0.00668554799631238,-0.0006701759994029999,0.9999562501907349,0.04988240450620651,-0.15746071934700012,-0.10515188425779343,0.0,284.6297502714441,0.0
12.855,0.017759305139640313,0.29232076968815796,-0.001984290106530609,85,-0.005640924442559481,9.685930126579478e-05,1.0007450580596924,0.19499628245830536,-0.053652722388505936,0.025476660579442978,0.0,284.6297502714441,0.0
12.905,0.01923868555863076,0.3008086225044233,-0.0068836684052616375,85,-0.0056418683379888535,-0.0031118521001189947,1.0042924880981445,0.008139222860336304,-0.13811427354812622,0.014238246716558933,0.0,284.6297502714441,0.0
12.956,0.01846569772406821,0.2926250540984454,-0.017586279484239464,85,-0.0031376471742987633,-0.00041135979699902236,0.999328076839447,-0.16231222450733185,0.06505770981311798,-0.1348225623369217,0.0,284.6297502714441,0.0
13.006,0.02056071791968183,0.30458710753336793,-0.014184741486414815,85,-0.005686535034328699,0.0022813016548752785,1.0023689270019531,0.2808806896209717,0.09848233312368393,0.16850318014621735,0.0,284.6297502714441,0.0
13.056,0.017690083982651737,0.3073350812529459,-0.005689841584347788,85,-0.00474881986156106,0.0002400601952103898,0.9982916116714478,0.05960846319794655,0.16938316822052002,-0.20732714235782623,0.0,284.6297502714441,0.0
13.107,0.017255606583569526,0.30758469009252226,0.001405749768167096,85,-0.005678562913089991,-0.0005162465386092663,1.0007132291793823,-0.2692379355430603,-0.1722082495689392,0.041244227439165115,0.0,284.6297502714441,0.0
13.157,0.0176672781803885,0.30740408519771617,0.0033210873412708873,85,-0.003367111086845398,-0.0007564094266854227,0.9996448755264282,0.11749540269374847,-0.017376841977238655,0.08224963396787643,0.0,284.6297502714441,0.0
13.207,0.016147184613729503,0.3150637567696355,-0.008686501499147401,85,-0.006489749997854233,0.0005345217068679631,0.9997037649154663,0.1295648068189621,-0.06723517924547195,-0.1984187215566635,0.0,284.6297502714441,0.0
13.257,0.0172680204252175,0.29681860932165033,0.002564549368806655,85,-0.0033011853229254484,0.00023949044407345355,1.0016368627548218,-0.18994140625,0.2219257652759552,-0.0183708518743515,0.0,284.6297502714441,0.0
13.308,0.019364694471206253,0.3017569149820016,0.00695868688237511,85,-0.004114801529794931,0.0026952228508889675,1.0016390085220337,0.08727975934743881,-0.01683206483721733,0.08923041820526123,0.0,268.48700550505697,0.0
13.358,0.021515790501265133,0.3008936110468225,0.00761582345378211,85,-0.0036212133709341288,-0.00045667693484574556,1.00041925907135,0.3880579173564911,0.028252841904759407,0.20424890518188477,0.0,268.48700550505697,0.0
13.408,0.01833031762180102,0.310164820455068,0.000593667351279111,85,-0.005663611926138401,-0.0009732128819450736,0.9998431205749512,0.07488449662923813,0.1283753365278244,0.16264499723911285,0.0,268.48700550505697,0.0
13.458,0.018500916759309892,0.30399522283043945,-0.0007198062816434464,85,-0.005322783719748259,-0.0012327415170148015,1.0042002201080322,0.019985105842351913,0.13981486856937408,-0.0993792712688446,0.0,268.48700550505697,0.0
13.508,0.01617140066799308,0.30097831177716244,-0.0077281894563164906,85,-0.004205676726996899,-0.00018913342501036823,0.9981200098991394,-0.010820764116942883,0.07606235891580582,-0.16377103328704834,0.0,268.48700550505697,0.0
13.559,0.015175149570914613,0.30131185715638664,-0.001883391028964703,85,-0.006543824449181557,0.00011056216317228973,1.0007505416870117,-0.05238721892237663,-0.02488136664032936,-0.035125959664583206,0.0,268.48700550505697,0.0
13.609,0.014403151536357064,0.30769245976170445,0.0053116620444537705,85,-0.006022380664944649,0.0002018673112615943,1.000567078590393,-0.16799882054328918,-0.11835895478725433,-0.10263634473085403,0.0,268.48700550505697,0.0
13.659,0.01701200252008293,0.30223400484497354,0.008298496403619517,85,-0.0052271643653512,0.0007788847433403134,1.0016448497772217,0.11897002160549164,-0.17363955080509186,-0.10498802363872528,0.0,268.48700550505697,0.0
13.709,0.0133834108183531,0.30210546847797864,-0.0016030593392668412,85,-0.002776499604806304,-0.002176871057599783,1.001798152923584,0.07672025263309479,-0.27915412187576294,0.025334704667329788,0.0,268.48700550505697,0.0
13.76,0.012250113228977056,0.2985670198517982,-0.007121715383232158,85,-0.005153000820428133,-0.0018470666836947203,1.002075433731079,0.08151882141828537,0.10546562075614929,0.06439750641584396,0.0,268.48700550505697,0.0
13.81,0.011765709467053525,0.2990427894402602,-0.006852379338638639,85,-0.004793332889676094,-0.0009949497180059552,1.0023844242095947,0.10627629607915878,0.11735104769468307,-0.020095493644475937,0.0,268.48700550505697,0.0
13.86,0.01652559749760558,0.2910083461869887,-0.0037342559166362913,85,-0.005119566339999437,-0.0019616337958723307,0.999880850315094,-0.00440547801554203,0.08903039246797562,0.18813754618167877,0.0,285.7155313351499,0.0
13.911,0.016620798340369867,0.2991820248392845,-0.010225544682034604,85,-0.00724677974358201,-0.0017067320877686143,1.001587986946106,-0.09827914834022522,-0.2174423336982727,0.02031908929347992,0.0,285.7155313351499,0.0
13.961,0.018576462488540207,0.2885688779598912,-0.0018156221982414634,85,-0.002428513951599598,0.0010681928833946586,1.0026991367340088,-0.02724812738597393,0.1703551709651947,0.11413520574569702,0.0,285.7155313351499,0.0
14.011,0.01996872662147529,0.2781445121096742,-0.009272279549251293,85,-0.0033645436633378267,-0.0015832519857212901,1.0005264282226562,0.13930442929267883,-0.055666808038949966,0.29998978972435,0.0,285.7155313351499,0.0
14.062,0.020380230498878073,0.2765747794963008,-0.011590287938096983,85,-0.0049691046588122845,-0.0012232689186930656,1.000962257385254,0.02243749611079693,0.08011240512132645,-0.018361900001764297,0.0,285.7155313351499,0.0
14.112,0.02072338251150482,0.27686695343312473,-0.012174170988070093,85,-0.0031990257557481527,-0.0007701930589973927,1.000402569770813,0.2886607050895691,0.17560334503650665,-0.022691961377859116,0.0,285.7155313351499,0.0
14.163,0.022559411378454856,0.2831429768682499,-0.01001489381310723,85,-0.005961178801953793,0.0012894655810669065,1.0035157203674316,0.3404847979545593,-0.06392470002174377,0.1544657051563263,0.0,285.7155313351499,0.0
14.213,0.021039943978529957,0.2715765653065841,-0.017203360706054945,85,-0.0028809099458158016,-0.002481331815943122,0.999686598777771,-0.042020656168460846,0.001555448630824685,-0.11031369119882584,0.0,285.7155313351499,0.0
14.264,0.023220521127955286,0.27517398368614593,-0.021197318612006077,85,-0.005815052893012762,-9.914522524923086e-05,1.0003769397735596,0.0006182530196383595,-0.21935924887657166,0.06740998476743698,0.0,285.7155313351499,0.0
14.314,0.023854261676542608,0.273396352558454,-0.006594067948144976,85,-0.00630017789080739,0.0003104628121946007,1.001891016960144,0.06341150403022766,0.23556268215179443,0.04466446116566658,0.0,285.7155313351499,0.0
14.365,0.0246042846984739,0.2720951591797872,-0.013801212783961786,85,-0.0032264667097479105,3.7378777051344514e-05,1.0007652044296265,0.006911626085639,-0.011733638122677803,0.04817899689078331,0.0,292.2452619843924,0.0
14.415,0.021395241504329317,0.2822572894600873,-0.009617659924915286,85,-0.0063256979919970036,0.0013325487961992621,1.001537561416626,0.11283594369888306,0.16466063261032104,-0.13880515098571777,0.0,292.2452619843924,0.0
14.465,0.021842258301080372,0.2856870215529484,-0.009576874502989528,85,-0.005478565581142902,-0.0006908704526722431,1.001217007637024,-0.22263863682746887,0.046999529004096985,-0.028306227177381516,0.0,292.2452619843924,0.0
14.516,0.022911827387950816,0.2767468171754253,-0.00330624146574941,85,-0.004211318679153919,-0.00022020016331225634,1.0011132955551147,0.13520106673240662,0.15218855440616608,-0.08816348761320114,0.0,292.2452619843924,0.0
14.566,0.024419901979242226,0.2679478460300486,0.0009245353790077044,85,-0.0015303827822208405,0.00020781246712431312,1.00051748752594,0.03924143314361572,0.0014411271549761295,0.05340416729450226,0.0,292.2452619843924,0.0
14.617,0.024330503852200876,0.26442169764333273,0.016957158237138063,86,-0.004582718014717102,0.001769026624970138,1.000675082206726,0.2625582218170166,-0.0044697001576423645,0.19419805705547333,0.0,292.2452619843924,0.0
14.667,0.02521351133555049,0.2640063790582525,0.010322885873591234,86,-0.0035762786865234375,0.000289381539914757,1.0022963285446167,0.08486756682395935,0.03896000236272812,-0.004896930884569883,0.0,292.2452619843924,0.0
14.717,0.02243794425016007,0.2671457063983047,0.005862316566077519,86,-0.0041038948111236095,0.00036879230174236,1.002046823501587,0.0715937614440918,0.09824547916650772,0.18003855645656586,0.0,292.2452619843924,0.0
14.767,0.024400601064856964,0.2749520810090964,-0.0030530387707073327,86,-0.005726953037083149,-0.00040406122570857406,1.0005786418914795,-0.038588281720876694,0.0026251182425767183,-0.039554812014102936,0.0,292.2452619843924,0.0
14.818,0.02381729643915429,0.28670240974685274,0.004418255975844012,86,-0.0062061455100774765,0.0025326015893369913,0.9985056519508362,-0.32513365149497986,0.16141147911548615,0.1285018026828766,0.0,292.2452619843924,0.0
14.868,0.026387690112436694,0.27757353961745607,0.0071228196293719355,86,-0.004575011786073446,-0.001323420088738203,1.0011866092681885,-0.006484148092567921,-0.00015535374404862523,0.016389532014727592,0.0,292.2452619843924,0.0
14.919,0.024750212573647186,0.27921377007760656,0.010198336708517615,86,-0.004495323169976473,-0.0009262245148420334,0.9993174076080322,0.22615863382816315,0.04585479572415352,0.01933126151561737,0.0,285.7739320024528,0.0
14.969,0.02368137909065244,0.27676212972806524,0.006619531283747541,86,-0.0068473550491034985,-0.001608039252460003,1.0006362199783325,-0.14383289217948914,0.028857918456196785,-0.11355484277009964,0.0,285.7739320024528,0.0
15.019,0.0235632699793438,0.2669443006973251,-0.001201949959758572,86,-0.004330335650593042,-0.0029418047051876783,0.9998825192451477,-0.21605929732322693,-0.05021374672651291,0.11643244326114655,0.0,285.7739320024528,0.0
15.07,0.024610941264715087,0.2734991967641767,-0.0005166880602355723,86,-0.005239965859800577,0.0004184994613751769,1.0009812116622925,-0.13079725205898285,-0.023851146921515465,0.0011298913741484284,0.0,285.7739320024528,0.0
15.12,0.025539247848649985,0.2753190391408221,0.0044421940324909075,86,-0.004468990955501795,0.0010629600146785378,0.9987803101539612,-0.3232024312019348,0.008911790326237679,-0.10231158137321472,0.0,285.7739320024528,0.0
15.17,0.02480348688258482,0.28203243962734026,0.008493546023782165,86,-0.0049994890578091145,4.79472910228651e-05,1.0024738311767578,0.07985946536064148,-0.053223591297864914,-0.03805483505129814,0.0,285.7739320024528,0.0
15.22,0.02647342462196116,0.2860443036238593,0.0017449338129357959,86,-0.005583626218140125,-0.0014585132012143731,1.0014930963516235,0.19766956567764282,-0.11381778866052628,0.2676328122615814,0.0,285.7739320024528,0.0
15.271,0.025466388773866224,0.2907814070204449,-0.014489923330468042,86,-0.005322729703038931,8.269566023955122e-05,1.0016491413116455,-0.028588632121682167,-0.22421161830425262,-0.13478174805641174,0.0,285.7739320024528,0.0
15.322,0.023888159616951416,0.28421101364294094,-0.009562454580776952,86,-0.003223039675503969,0.0001303452590946108,1.0016567707061768,-0.04971233382821083,-0.10116800665855408,-0.10090205818414688,0.0,285.7739320024528,0.0
15.372,0.02231300693390281,0.28564689298951695,-0.014453586528447271,86,-0.0062663680873811245,-0.00038585191941820085,1.0003852844238281,0.10375893115997314,-0.27191445231437683,0.04381784796714783,0.0,285.7739320024528,0.0
15.423,0.022832657489505057,0.2995939129512047,-0.011275371192081605,86,-0.005562310107052326,0.0020919134840369225,1.0001451969146729,0.20561590790748596,0.05838140472769737,0.20561912655830383,0.0,264.82535673696174,0.0
15.473,0.022467291331131085,0.30184338031117713,-0.007380666087247941,86,-0.004786214791238308,-0.0004475482564885169,1.0013823509216309,0.21820895373821259,-0.15110047161579132,0.04774325713515282,0.0,264.82535673696174,0.0
15.523,0.02133150988973997,0.29519802185376515,-0.008343919615899136,86,-0.004030880052596331,-0.001527697779238224,1.0011472702026367,-0.02410452626645565,-0.1939263492822647,-0.002518958179280162,0.0,264.82535673696174,0.0
15.573,0.02587776090341249,0.28666732444517173,-0.013613497981969435,86,-0.0023415014147758484,-0.0007233298965729773,0.9995618462562561,-0.2716692090034485,-0.17231501638889313,0.03696040064096451,0.0,264.82535673696174,0.0
15.624,0.025318360930575927,0.28125817332815956,-0.017665450053776465,85,-0.0034329129848629236,0.0001665453310124576,1.0018446445465088,-0.15447071194648743,-0.03781147301197052,0.1650926023721695,0.0,264.82535673696174,0.0
15.674,0.021412045687711732,0.2888263806557891,-0.02201083998928737,85,-0.00589468190446496,-0.0017265250207856297,1.0017648935317993,-0.15580148994922638,-0.06221092864871025,-0.1660141944885254,0.0,264.82535673696174,0.0
15.725,0.014782000570674362,0.29428295286630013,-0.0237372504946375,85,-0.00685872882604599,-0.0003835118259303272,1.001086711883545,-0.10365764796733856,-0.017132224515080452,-0.4040761888027191,0.0,264.82535673696174,0.0
15.775,0.014117222102133582,0.29413338438863,-0.01546401062347858,85,-0.005034421570599079,0.0005942656425759196,0.9985969662666321,0.03391687944531441,-0.08206582814455032,-0.08777196705341339,0.0,264.82535673696174,0.0
15.825,0.012350934966874269,0.3019631675382851,-0.012904569056425997,85,-0.004616335965692997,0.0009998008608818054,1.001379370689392,0.07180444896221161,-0.04285337030887604,-0.06521780043840408,0.0,264.82535673696174,0.0
15.876,0.013325373589267433,0.30200043910404917,-0.008553412222269253,85,-0.0045696129091084,-0.000552849262021482,1.001902461051941,-0.014163574203848839,0.15696147084236145,-0.1660027801990509,0.0,264.82535673696174,0.0
15.926,0.012529414711334952,0.3032955350236464,0.0014878300664712203,85,-0.004625807050615549,0.001154098892584443,0.9994007349014282,0.10755397379398346,0.023957250639796257,0.03542672097682953,0.0,264.82535673696174,0.0
15.976,0.01222311566948869,0.3125000494813912,-0.0027935941391883682,85,-0.0057723126374185085,-0.0006006684270687401,0.999694287776947,-0.06576266884803772,0.1335603892803192,0.2960303723812103,0.0,282.82562373567094,0.0
16.027,0.01548645081813851,0.31153504507470553,0.0024054009490899835,85,-0.0057551744394004345,0.0017655276460573077,1.0006390810012817,0.04562455043196678,0.06312478333711624,-0.2018689513206482,0.0,282.82562373567094,0.0
16.077,0.014254975425856953,0.30012902197050084,0.004375647657458151,85,-0.005225065629929304,-0.0008872263133525848,1.001977562904358,-0.16687235236167908,0.13163498044013977,-0.017326857894659042,0.0,282.82562373567094,0.0
16.128,0.017285754260154943,0.29722725907625935,-0.010129485132174711,85,-0.004156208131462336,-0.0024281474761664867,1.0019969940185547,0.20353619754314423,-0.04126077890396118,0.0687238872051239,0.0,282.82562373567094,0.0
16.178,0.013161511112441982,0.29540117701736146,0.004533844438655332,85,-0.005905265919864178,0.0021322176326066256,1.0001068115234375,0.03025747835636139,0.07254129648208618,-0.21194502711296082,0.0,282.82562373567094,0.0
16.229,0.010193724763779199,0.2947890667886439,0.023130886715336307,85,-0.004705601371824741,0.0022066982928663492,1.0035027265548706,0.0762404054403305,0.0006054777768440545,0.0497024804353714,0.0,282.82562373567094,0.0
16.279,0.014528596285733887,0.2881534985697988,0.021861598494786735,85,-0.004578734748065472,0.0005160834989510477,0.9985073208808899,-0.15531496703624725,-0.10983201116323471,0.04729543998837471,0.0,282.82562373567094,0.0
16.329,0.0166155151574278,0.28676569457571316,0.020038449692344293,85,-0.005635812412947416,0.00031786071485839784,1.001621961593628,0.05829017609357834,0.04356803745031357,0.21054823696613312,0.0,282.82562373567094,0.0
16.379,0.018512173545013985,0.28957010543756156,0.025163028485956404,85,-0.004879700019955635,0.0015398482792079449,1.0003392696380615,-0.0879909098148346,-0.008673111908137798,0.060344941914081573,0.0,282.82562373567094,0.0
16.429,0.01935964995828152,0.2890338551941531,0.027645106657007836,85,-0.006129247136414051,0.0006373479845933616,1.0014671087265015,0.17019839584827423,0.1071392372250557,0.016710320487618446,0.0,282.82562373567094,0.0
16.48,0.020803459414255748,0.27616598930331915,0.02402393412739527,85,-0.0024352658074349165,0.001026045298203826,1.0021458864212036,0.13112613558769226,-0.08267010003328323,0.15603983402252197,0.0,289.2423970760637,0.0
16.53,0.023044419103172738,0.274401542083498,0.015193244510752983,85,-0.007888592779636383,0.0022417264990508556,1.0037691593170166,-0.057439159601926804,-0.08314156532287598,-0.1241057738661766,0.0,289.2423970760637,0.0
16.58,0.021147801784634893,0.27781901292422884,0.016887268462285623,85,-0.005045626778155565,-0.0005178463761694729,1.0018641948699951,-0.05236523970961571,0.10882829874753952,-0.028519799932837486,0.0,289.2423970760637,0.0
16.63,0.026801030378287398,0.28027950087085557,0.02026342290055416,85,-0.005233535077422857,0.001762911444529891,1.0009331703186035,0.07925553619861603,-0.13181880116462708,-0.005853758659213781,0.0,289.2423970760637,0.0
16.681,0.0247909136568483,0.27591865108862296,0.025427449336977024,85,-0.00540824793279171,0.0004178841772954911,1.0030573606491089,-0.10727278888225555,0.11418775469064713,-0.1607019156217575,0.0,289.2423970760637,0.0
16.731,0.028248644872288883,0.27514923259854057,0.028135738383285085,85,-0.005464835558086634,-0.0002890467003453523,0.9990233778953552,0.06039167568087578,0.01804843731224537,-0.0804644227027893,0.0,289.2423970760637,0.0
16.781,0.02971122496085743,0.30096074808697876,0.03809244781898811,85,-0.008080893196165562,0.0020370956044644117,1.000379204750061,-0.054461486637592316,0.16474442183971405,0.1472424566745758,0.0,289.2423970760637,0.0
16.832,0.03174476866477218,0.2967645579947559,0.028411147465677158,85,-0.0031474116258323193,-0.00048257000162266195,0.9995680451393127,-0.1169915497303009,-0.11040646582841873,0.24684259295463562,0.0,289.2423970760637,0.0
16.882,0.03442547508259556,0.28753069805735376,0.01864776380532555,85,-0.005853103939443827,-0.0028936336748301983,1.0008819103240967,-0.13057641685009003,-0.017751066014170647,0.10753617435693741,0.0,289.2423970760637,0.0
16.932,0.03322827147514354,0.29211712160039444,0.015564425055862611,85,-0.004551675636321306,0.0003531012625899166,0.9992794394493103,0.08193068206310272,-0.046360015869140625,0.044320300221443176,0.0,289.2423970760637,0.0
16.982,0.03409251482844842,0.2893444583966111,0.005637555790342938,85,-0.007177275605499744,-0.000406120961997658,1.0029242038726807,0.02875460498034954,0.18811510503292084,0.17589396238327026,0.0,289.2423970760637,0.0
17.033,0.032672493212049916,0.2923041613225507,0.009629912862919254,85,-0.006236158311367035,0.00035381977795623243,1.0006983280181885,-0.04954203590750694,-0.02462889440357685,0.04970937967300415,0.0,282.6159962266694,0.0
17.083,0.03402079058150273,0.2872474577802786,0.0076090410956303894,85,-0.005107835866510868,-0.0020895644556730986,1.0016239881515503,-0.025637686252593994,0.008285709656774998,-0.10095614194869995,0.0,282.6159962266694,0.0
17.134,0.03291446195431131,0.2885340318059738,-0.0031576674842570484,85,-0.004366948734968901,-7.218435348477215e-05,1.0004159212112427,0.09058816730976105,0.10792752355337143,0.2702415883541107,0.0,282.6159962266694,0.0
17.184,0.034542833931110246,0.2918125652982473,0.0023293712109244465,85,-0.006605455651879311,0.0026156071107834578,1.0008949041366577,-0.24215401709079742,0.014959985390305519,0.05178310349583626,0.0,282.6159962266694,0.0
17.234,0.03340633185491749,0.28696590853199816,-0.005384868735218416,85,-0.002351973904296756,-0.001107058604247868,1.0011485815048218,-0.04367360845208168,0.23805581033229828,0.19874225556850433,0.0,282.6159962266694,0.0
17.284,0.03566656530380424,0.28901964303613403,-0.008502735143952595,85,-0.004027831368148327,-0.0009450320503674448,0.9992073774337769,-0.22753340005874634,0.0186043381690979,0.06455279141664505,0.0,282.6159962266694,0.0
17.334,0.036566650470959534,0.29292387057674846,-0.019959642577810962,85,-0.004949213936924934,-0.001768584013916552,0.9997671842575073,-0.08536167442798615,0.03574201092123985,-0.10229402780532837,0.0,282.6159962266694,0.0
17.385,0.03532601190217051,0.3012930024192627,-0.030414731762657795,85,-0.006895492784678936,-0.00029794670990668237,1.0007851123809814,0.14163833856582642,0.09397628158330917,0.04995600879192352,0.0,282.6159962266694,0.0
17.435,0.03601312686770937,0.3062888949917718,-0.022054331529902365,85,-0.0037198944482952356,-0.0031103536020964384,1.0014476776123047,0.21617606282234192,0.018946386873722076,0.025455137714743614,0.0,282.6159962266694,0.0
17.485,0.03645050184273786,0.29625230265280783,-0.037814867630624846,85,-0.005700044333934784,-0.001513366587460041,1.0029091835021973,-0.07077656686306,-0.016623439267277718,-0.05303788557648659,0.0,282.6159962266694,0.0
17.535,0.03673514519631016,0.2892762589947506,-0.019874523230475054,85,-0.004819086752831936,-0.0020646785851567984,1.0008035898208618,0.028650527819991112,0.1185680627822876,0.10162227600812912,0.0,280.5366865092636,0.0
17.586,0.03491666886417583,0.28892715008630615,-0.02241693269306811,85,-0.0045043788850307465,-0.0007568621658720076,0.9985679984092712,-0.004526264034211636,0.1749839335680008,0.042173195630311966,0.0,280.5366865092636,0.0
17.636,0.033661590684489914,0.2895052024454802,-0.012589448951143457,85,-0.005022297613322735,-0.0006263582035899162,1.0002244710922241,-0.05746728181838989,0.08081871271133423,-0.007885745726525784,0.0,280.5366865092636,0.0
17.686,0.03579409564087615,0.29489239712676774,0.0021558840185434067,85,-0.004599629435688257,0.0006141389021649957,0.9996523261070251,0.16268938779830933,-0.028360895812511444,-0.0014910863246768713,0.0,280.5366865092636,0.0
17.737,0.034286534577668594,0.2916718674388148,-0.012497031218348904,85,-0.0037700319662690163,-0.0012891099322587252,1.0024874210357666,0.20711354911327362,0.1566709727048874,-0.06150571629405022,0.0,280.5366865092636,0.0
17.787,0.03520898976017852,0.2888729802008842,-0.013802737580825366,85,-0.0026346645317971706,-0.0009004138992168009,1.001659631729126,0.1317216157913208,-0.2023521512746811,0.13202090561389923,0.0,280.5366865092636,0.0
17.837,0.0341448353955485,0.2815444598582069,-0.011726601590489475,85,-0.004372892901301384,0.0010077040642499924,1.0000237226486206,0.051934003829956055,-0.25757548213005066,0.11936122179031372,0.0,280.5366865092636,0.0
17.888,0.03661101556603914,0.28157410004546796,-0.0022045747255766248,86,-0.004933545831590891,-0.0004249217745382339,1.002716302871704,-0.047059930860996246,-0.20362488925457,-0.0457242913544178,0.0,280.5366865092636,0.0
17.938,0.037475840732282814,0.2767463798236157,0.000723145356116321,86,-0.005594410467892885,0.001555758179165423,0.9997243285179138,-0.1082143485546112,0.024625370278954506,-0.007791612297296524,0.0,280.5366865092636,0.0
17.988,0.03565917414036346,0.28350213965551285,0.008822731238611712,86,-0.006742566358298063,0.003082355484366417,1.0031858682632446,-0.08999457955360413,-0.02313799038529396,0.07703111320734024,0.0,280.5366865092636,0.0
18.039,0.035563423616083445,0.2855967257880604,0.01121921111123405,86,-0.004082133993506432,-9.346007573185489e-05,1.0005465745925903,0.19025813043117523,0.047495946288108826,-0.050023846328258514,0.0,280.5366865092636,0.0
18.089,0.03326492344367266,0.29133841295278645,0.010888415768663744,86,-0.006771184038370848,-0.000950103101786226,1.0016499757766724,-0.03744079917669296,-0.10049473494291306,0.061509113758802414,0.0,259.484286067805,0.0
18.14,0.03497454083720918,0.29331767289127353,0.00804896145864539,86,-0.005605428013950586,0.0003653893945738673,1.0004632472991943,-0.03719615936279297,-0.04667537659406662,0.14230987429618835,0.0,259.484286067805,0.0
18.19,0.03605160385972786,0.2891846969139433,0.004794067990155335,86,-0.006778981536626816,-0.00042426897562108934,1.000452995300293,0.024658143520355225,-0.050153862684965134,0.2624770700931549,0.0,259.484286067805,0.0
18.24,0.03515773509713582,0.2853290702059538,-3.150356627724879e-05,86,-0.006064248271286488,-0.0008634321857243776,1.00034499168396,0.05756182223558426,0.030583539977669716,-0.09109526872634888,0.0,259.484286067805,0.0
18.291,0.03721617746959331,0.29281932069203875,0.0010697047356081886,86,-0.008530085906386375,0.000445308571215719,1.0002460479736328,0.3057740032672882,0.015660492703318596,0.12571203708648682,0.0,259.484286067805,0.0
18.341,0.03652678817146567,0.2897656072537876,-0.012785685723035298,86,-0.005381434690207243,-0.0034700718242675066,0.9989292025566101,-0.040975164622068405,-0.012126551941037178,0.032874371856451035,0.0,259.484286067805,0.0
18.391,0.03792847929982422,0.28479117625133404,-0.018449919585500983,86,-0.004595290869474411,-0.0003813936491496861,1.0002210140228271,0.14942844212055206,0.21377985179424286,0.2188497930765152,0.0,259.484286067805,0.0
18.441,0.03864110210023425,0.2853541124410743,-0.014508492929843646,86,-0.005145769100636244,0.00012962425535079092,1.00063157081604,-0.10524290055036545,0.013088581152260303,0.08669263869524002,0.0,259.484286067805,0.0
18.491,0.038896907400891634,0.2847392574497116,-0.015060800400824612,86,-0.005278830416500568,-0.00017568400653544813,0.9998788833618164,0.08900046348571777,-0.02936556003987789,-0.11773180961608887,0.0,259.484286067805,0.0
18.542,0.03682521746129593,0.2879667783145388,-0.0004233319127993482,86,-0.004860959481447935,0.0016272709472104907,0.9999404549598694,0.15678246319293976,0.020661892369389534,0.020708439871668816,0.0,259.484286067805,0.0
18.592,0.034695344162841105,0.28647460062854224,0.005265510264209584,86,-0.005938815418630838,-0.0006436962867155671,1.0016192197799683,0.07244333624839783,-0.07772000133991241,0.10752828419208527,0.0,285.9102931152011,0.0
18.642,0.03432765425600754,0.29465764473679884,0.0014505233580077242,85,-0.004903669003397226,-0.000987140228971839,1.000251054763794,0.12878267467021942,0.036939188838005066,0.030400941148400307,0.0,285.9102931152011,0.0
18.693,0.03553086990537553,0.278742680321104,0.00044663695822499695,85,-0.005310524720698595,-0.0010186383733525872,0.9999162554740906,-0.1641039401292801,0.03541641682386398,0.11612910777330399,0.0,285.9102931152011,0.0
18.743,0.03457493974403785,0.2758193382237648,-0.005107195920522737,85,-0.004658789839595556,-0.0030458548571914434,1.0003256797790527,0.10061720013618469,-0.0027465701568871737,0.021740563213825226,0.0,285.9102931152011,0.0
18.793,0.03501929740458934,0.27051123771231017,-0.004748760631353075,85,-0.004005009308457375,-0.0007548725698143244,1.0002176761627197,0.0857679471373558,0.08453057706356049,-0.15021641552448273,0.0,285.9102931152011,0.0
18.844,0.0326359299957239,0.27869402093021656,-0.005664183789106976,85,-0.006344825495034456,0.000856053433381021,1.0024645328521729,-0.23710043728351593,-0.13442052900791168,-0.16674472391605377,0.0,285.9102931152011,0.0
18.894,0.03018201814008313,0.27682262451785383,-0.001386581486627031,85,-0.003268791362643242,0.0007071355357766151,1.0004639625549316,-0.04990140348672867,0.1284196376800537,0.09289481490850449,0.0,285.9102931152011,0.0
18.944,0.026771186180367394,0.27884590229442197,0.0008733837390017498,85,-0.006690609268844128,-0.00031305046286433935,1.000239610671997,-0.006426583975553513,-0.1542396992444992,0.12359815090894699,0.0,285.9102931152011,0.0
18.995,0.02513166493953553,0.27929864537787,0.004854812352611485,85,-0.005596689879894257,0.0007999068475328386,1.0031052827835083,-0.1310349702835083,-0.01061242539435625,-0.06262962520122528,0.0,285.9102931152011,0.0
19.045,0.025526939829540105,0.28286416409038284,0.004658038289833126,85,-0.005187465809285641,0.0025343759916722775,1.0022395849227905,-0.09960641711950302,0.01926410384476185,0.13282379508018494,0.0,285.9102931152011,0.0
19.096,0.02402199766503098,0.281804415749695,0.010173268436764275,85,-0.004610616713762283,-0.00087156513473019,0.9990266561508179,-0.09986529499292374,-0.03143295273184776,-0.1358386129140854,0.0,285.9102931152011,0.0
19.146,0.024988821719279197,0.2761697770460515,0.013471627323605694,85,-0.005245550069957972,0.0009260580409318209,1.0019214153289795,-0.0572015754878521,-0.14070935547351837,0.2235138714313507,0.0,271.07244878174885,0.0
19.197,0.02285174363481856,0.27287445387609505,0.015613401600555065,85,-0.004319495987147093,-0.00026480256929062307,1.002589225769043,-0.10241232812404633,-0.024411490187048912,0.08423978835344315,0.0,271.07244878174885,0.0
19.247,0.02012210315659379,0.2811382492474565,0.014171814614346499,85,-0.0045782290399074554,0.00037517171585932374,0.9986724257469177,-0.07354191690683365,0.1618521362543106,-0.2369212806224823,0.0,271.07244878174885,0.0
19.298,0.021550133274530862,0.275305928800024,0.0021506555628932112,85,-0.004247620236128569,-0.0009278204524889588,1.0022971630096436,-0.21589350700378418,0.03789248690009117,0.1529262810945511,0.0,271.07244878174885,0.0
19.348,0.021140705110976283,0.2750603480999622,-0.0016136708780867372,85,-0.004019121639430523,0.0013017193414270878,0.9996098279953003,0.13566666841506958,-0.12245156615972519,0.13239474594593048,0.0,271.07244878174885,0.0
19.398,0.01646812808787691,0.26948124176455684,0.011467604945131332,85,-0.005946157034486532,0.0008323712972924113,1.0034492015838623,0.026035141199827194,0.2610361874103546,-0.3525395691394806,0.0,271.07244878174885,0.0
19.448,0.016170392055734572,0.26264768471461447,0.01234059298881426,85,-0.0027127147186547518,-0.0009706412092782557,0.9999571442604065,-0.07811200618743896,-0.15504729747772217,-0.06680630892515182,0.0,271.07244878174885,0.0
19.499,0.01958693156111454,0.2751213945670848,0.011484023932147872,85,-0.0052312519401311874,0.0008383100503124297,0.999714732170105,-0.011341722682118416,0.2948935329914093,0.11457261443138123,0.0,271.07244878174885,0.0
19.549,0.020122126899584456,0.2779515404555178,0.019793379519267063,85,-0.004512249957770109,0.002153664594516158,0.9996244311332703,-0.058703720569610596,-0.005512609146535397,0.0341297872364521,0.0,271.07244878174885,0.0
19.6,0.019694108403858802,0.2796148778601885,0.01634219307589884,85,-0.0037690969184041023,0.0006309168529696763,1.0006723403930664,-0.06458316743373871,0.015463276766240597,-0.056334540247917175,0.0,271.07244878174885,0.0
19.65,0.02011241718779498,0.2807299132140035,0.007652848985560196,85,-0.005132655613124371,-0.002129798522219062,1.0013760328292847,0.11258438229560852,0.13320891559123993,0.006439018063247204,0.0,271.07244878174885,0.0
19.7,0.018997321649640183,0.27049951955102436,0.009979930622463688,85,-0.0039987326599657536,0.0011171272490173578,1.0014044046401978,0.23410242795944214,-0.027987008914351463,0.18524502217769623,0.0,279.63890926061737,0.0
19.751,0.018524498867772726,0.27119981790114156,0.014827158933605923,85,-0.00396688561886549,0.0006480765878222883,1.0013885498046875,0.1680387556552887,-0.025086887180805206,0.18525128066539764,0.0,279.63890926061737,0.0
19.801,0.01713200807668408,0.26745045321318456,0.006990189560004634,85,-0.004415818955749273,-0.0004947329289279878,1.0015393495559692,0.026133747771382332,0.12821617722511292,-0.04825206100940704,0.0,279.63890926061737,0.0
19.851,0.01612058413294225,0.2823550861841985,0.015051310093750112,85,-0.005238006357103586,0.0010644971625879407,1.002558708190918,-0.11946767568588257,0.10498598963022232,-0.1748495101928711,0.0,279.63890926061737,0.0
19.902,0.01315671433046041,0.2819149456933379,0.008806022324849654,85,-0.004559470806270838,0.0007429494289681315,1.0007723569869995,-0.050976790487766266,0.05493969842791557,-0.13422326743602753,0.0,279.63890926061737,0.0
19.952,0.012858587481336907,0.2916421903729912,0.002189494640181,85,-0.00521206296980381,-0.0021775932982563972,1.005308747291565,-0.015027360059320927,0.15184204280376434,-0.10817147046327591,0.0,279.63890926061737,0.0
20.002,0.014486983733780972,0.2937854186020603,-0.013731465729129897,85,-0.00686540175229311,-0.0017682556062936783,1.0012706518173218,0.1434214562177658,-0.05364362895488739,-0.04139786958694458,0.0,279.63890926061737,0.0
20.053,0.011372528927816076,0.28767604027057303,-0.019680833524668248,85,-0.00281306030228734,-0.002694820985198021,1.0027273893356323,-0.053003448992967606,-0.03273055702447891,0.05605950579047203,0.0,279.63890926061737,0.0
20.103,0.011371215700664405,0.27304463898860926,-0.02844972711300304,85,-0.005365596152842045,-0.0010288391495123506,1.0002636909484863,-0.20989516377449036,-0.0031851036474108696,-0.13190463185310364,0.0,279.63890926061737,0.0
20.154,0.014745308052508227,0.27612917763966105,-0.02519473285186734,85,-0.0033203954808413982,0.0004467973194550723,1.0010563135147095,0.16513003408908844,0.07496803998947144,0.11564602702856064,0.0,279.63890926061737,0.0
20.204,0.015704227836806826,0.26989696187056733,-0.025946005963537962,85,-0.003919127397239208,0.0011045874562114477,1.0008164644241333,0.09908472746610641,-0.02276788279414177,0.06690461933612823,0.0,283.3606269423051,0.0
20.254,0.015087918314761282,0.2718121168032248,-0.023227271170991798,85,-0.007317475508898497,-0.0014433009782806039,0.9989245533943176,-0.09591743350028992,0.017889278009533882,0.060667335987091064,0.0,283.3606269423051,0.0
20.304,0.0175163983348443,0.2737558620494816,-0.014527521379412305,85,-0.0045485361479222775,0.0005959380650892854,1.0014785528182983,-0.12012059986591339,-0.157228022813797,0.071818508207798,0.0,283.3606269423051,0.0
20.355,0.012753262463905585,0.28182798634419715,-0.031802966501489206,85,-0.006978929042816162,-0.002379518700763583,1.0006215572357178,0.06864292174577713,0.10802660137414932,-0.0487184002995491,0.0,283.3606269423051,0.0
20.406,0.011545388846913116,0.27761271349556876,-0.015184872864597732,85,-0.005264512728899717,-0.0007421319023706019,1.0010199546813965,0.17394307255744934,0.020802879706025124,0.07160866260528564,0.0,283.3606269423051,0.0
20.456,0.009844373421744405,0.28016757596424285,-0.006235211381558766,85,-0.007067925296723843,-0.00019539632194209844,1.0011060237884521,-0.026830054819583893,-0.09292873740196228,0.010515433736145496,0.0,283.3606269423051,0.0
20.507,0.010467905674939713,0.2842380295094814,0.004661823288733972,85,-0.006076163146644831,0.0007691464852541685,1.0029373168945312,0.028255382552742958,0.094011589884758,-0.04395761713385582,0.0,283.3606269423051,0.0
20.557,0.010281260127517965,0.28328016836912495,0.010615083676612043,85,-0.003114384366199374,0.0027557360008358955,1.000074028968811,-0.1742447316646576,0.25722208619117737,0.0707075223326683,0.0,283.3606269423051,0.0
20.607,0.009187104327713238,0.2786311904031866,0.015835420132293932,85,-0.0049676853232085705,0.0022922800853848457,0.9991732835769653,0.12149611860513687,-0.0433434396982193,-0.1847531497478485,0.0,283.3606269423051,0.0
20.657,0.006868411722508252,0.2846369420115937,0.015713051924226867,85,-0.00449762586504221,-0.000896574929356575,1.0028750896453857,-0.021148016676306725,0.021909181028604507,-0.12590841948986053,0.0,283.3606269423051,0.0
20.708,0.0052846102552852785,0.28008631773385567,0.01362251024901638,85,-0.002754577435553074,0.0007058908813633025,1.0009437799453735,-0.06515239924192429,-0.11579342931509018,0.07795318216085434,0.0,283.3606269423051,0.0
20.758,0.005435826664347006,0.2786192675925696,0.005055871357193085,85,-0.004906423389911652,0.0006664434331469238,0.9993237257003784,0.039467647671699524,0.014540448784828186,-0.07648058235645294,0.0,289.12276831874266,0.0
20.808,0.005535067202729137,0.27154425696805046,-0.007959579932504186,85,-0.00429435633122921,-1.5854441244300688e-06,0.9987619519233704,-0.028336171060800552,0.040912725031375885,0.14619576930999756,0.0,289.12276831874266,0.0
20.858,0.005712453468364332,0.2569283781380165,-0.007022309628554174,86,-0.003816149430349469,0.0006473553949035704,1.002805233001709,-0.1908571869134903,-0.05385642126202583,0.10227160900831223,0.0,289.12276831874266,0.0
20.908,0.007448297115604352,0.2686594670014861,-0.016022246121291404,86,-0.005804216023534536,-0.0004055669705849141,1.0005676746368408,-0.20883066952228546,0.030274486169219017,-0.2502957284450531,0.0,289.12276831874266,0.0
20.959,0.006376989420754883,0.2720448777712601,-0.01162055714811673,86,-0.007167666684836149,-0.0015780659159645438,1.0009709596633911,0.1954994648694992,0.011722110211849213,-0.012344125658273697,0.0,289.12276831874266,0.0
21.009,0.006221824137255402,0.2798894201879695,-0.016505256400670104,86,-0.005795981734991074,-0.0009468328207731247,1.0019872188568115,0.10323506593704224,0.10868971794843674,0.1576729267835617,0.0,289.12276831874266,0.0
21.059,0.005086475502906748,0.2802162384995364,-0.03027430732825688,86,-0.004932412412017584,-0.0015980832977220416,1.0009630918502808,-0.03190270811319351,-0.032258786261081696,0.03519313782453537,0.0,289.12276831874266,0.0
21.11,0.00431165835086526,0.28407491416044117,-0.030255247460917473,85,-0.006238956470042467,-0.00020739402680192143,1.0001749992370605,-0.1673775464296341,-0.18601775169372559,-0.08206422626972198,0.0,289.12276831874266,0.0
21.16,0.0037206248639615022,0.2927812134594138,-0.024109692230893206,85,-0.0038041353691369295,0.0013738711131736636,0.9979690313339233,0.0256851464509964,0.17095932364463806,-0.03021058440208435,0.0,289.12276831874266,0.0
21.21,0.004631538454630311,0.3073316363884707,-0.008974534800685184,85,-0.005622739903628826,0.0018596185836941004,0.9996045231819153,0.060447048395872116,0.20160901546478271,-0.05922705680131912,0.0,289.12276831874266,0.0
21.26,0.00489844379031044,0.3100342571997968,-0.0192825136498112,85,-0.003722235094755888,0.00024199331528507173,1.0028862953186035,-0.006007475778460503,0.1688055843114853,-0.08031810820102692,0.0,286.3201583725852,0.0
21.311,0.006441844508259311,0.3217684825281584,-0.020066328546107896,85,-0.005900242831557989,0.0017031943425536156,1.0023609399795532,-0.01089047733694315,0.06523949652910233,-0.05237168073654175,0.0,286.3201583725852,0.0
21.361,0.0074632625111732825,0.31593571697645806,-0.001110279959663972,86,-0.004744278732687235,0.002779098227620125,1.001389741897583,0.13604393601417542,0.047312431037425995,-0.12424972653388977,0.0,286.3201583725852,0.0
21.411,0.007073157989303468,0.29744923130116885,0.00069661534349213,86,-0.0046200682409107685,0.00018295591871719807,1.0018900632858276,-0.005298161879181862,0.04540734365582466,-0.02440347895026207,0.0,286.3201583725852,0.0
21.462,0.008104046165197777,0.30285824385095705,0.014806077140988833,86,-0.005413621664047241,0.00034881840110756457,0.9980638027191162,0.21692921221256256,0.22925378382205963,-0.027668064460158348,0.0,286.3201583725852,0.0
21.512,0.0071863382943753076,0.30117403428308304,0.013400975405875848,86,-0.006175808142870665,0.001109711593016982,1.0011321306228638,-0.02002687193453312,-0.17926692962646484,0.09828147292137146,0.0,286.3201583725852,0.0
21.562,0.005839455319842572,0.2938458409570097,0.007037804809969887,86,-0.0036183290649205446,-0.0008637679857201874,1.001282811164856,-0.07274322211742401,-0.06511691212654114,-0.08499713987112045,0.0,286.3201583725852,0.0
21.612,0.0064065803182192125,0.29356448187185824,-0.0017968727780272628,85,-0.005682145711034536,0.00044767867075279355,1.0006375312805176,0.16147059202194214,0.2267829328775406,0.025911061093211174,0.0,286.3201583725852,0.0
21.662,0.007030719894362757,0.29138875399418795,-0.008575550457072811,85,-0.005400597117841244,-0.0006677519995719194,0.9997979998588562,0.05737590044736862,-0.06168114393949509,0.037961386144161224,0.0,286.3201583725852,0.0
21.713,0.008017599624194115,0.2927288258913324,-0.012333590841106898,85,-0.005703600589185953,-0.0013788063079118729,1.0008983612060547,-0.02348531037569046,0.028990287333726883,0.1153135821223259,0.0,286.3201583725852,0.0
21.763,0.007071547626217566,0.2877065222424395,-0.011056292982459772,85,-0.0032560674007982016,0.0003720730310305953,0.9999000430107117,0.18492601811885834,-0.13971205055713654,0.14603941142559052,0.0,286.3201583725852,0.0
21.814,0.0077675264269036065,0.287970526622735,-0.013751817872570406,85,-0.006267573684453964,-0.0008995429379865527,1.0023977756500244,-0.35565948486328125,-0.061518460512161255,0.09641726315021515,0.0,281.78058448102115,0.0
21.864,0.010509283765554212,0.28382423981416044,-0.004925002434244217,85,-0.004205133765935898,-0.00018288618593942374,1.0017197132110596,-0.10513659566640854,0.061165183782577515,0.029981616884469986,0.0,281.78058448102115,0.0
21.914,0.00981219479093529,0.27483969909228967,0.008742615238381058,85,-0.004544972907751799,0.0011821500957012177,1.0019781589508057,0.1858104020357132,-0.08157132565975189,-0.11112947762012482,0.0,281.78058448102115,0.0
21.964,0.008257963310639813,0.27698249347088255,0.0020827237669148826,85,-0.006565873511135578,-0.0017504586139693856,0.9999550580978394,0.005122085101902485,-0.012716646306216717,-0.007960052229464054,0.0,281.78058448102115,0.0
22.015,0.006885521455667237,0.28143867925997723,-0.0010142273571822416,85,-0.006305739749222994,8.463967242278159e-05,1.0030871629714966,0.0014505471335723996,0.06745775043964386,-0.05154220759868622,0.0,281.78058448102115,0.0
22.065,0.0074128963116290025,0.2841591848805306,-0.00962837394667487,85,-0.004898551851511002,-0.002359310630708933,1.001155138015747,0.026330627501010895,-0.015888908877968788,0.0024739750660955906,0.0,281.78058448102115,0.0
22.116,0.008355630894968871,0.2906899880416595,-0.0006115161184855615,85,-0.0053834193386137486,0.0004968377179466188,1.0027743577957153,-0.0025650218594819307,0.13592404127120972,0.06807573139667511,0.0,281.78058448102115,0.0
22.166,0.0078255056453151,0.3046290732281103,-0.003614587952169558,85,-0.007804195862263441,-0.0004340709128882736,1.0012723207473755,0.21626248955726624,-0.2080456018447876,0.13944663107395172,0.0,281.78058448102115,0.0
22.216,0.005588554579718424,0.30610248265435314,0.0044118984651071395,85,-0.004218983929604292,-0.0004039125924464315,1.0003430843353271,0.1638452559709549,0.10268733650445938,0.040397245436906815,0.0,281.78058448102115,0.0
22.266,0.005242511266625035,0.30051118952260225,0.010307446533849731,85,-0.005921646952629089,0.00023718511511106044,1.0004063844680786,0.16279162466526031,-0.009064357727766037,-0.09972620755434036,0.0,281.78058448102115,0.0
22.317,0.003845902148394864,0.3081459047815812,-0.003998524338857255,85,-0.005539333913475275,-0.0002671528491191566,1.001774549484253,-0.04028606414794922,0.20648984611034393,-0.036311957985162735,0.0,285.69606975001705,0.0
22.367,0.006076595654825395,0.29950428805586266,-0.008472524623173548,85,-0.004260466434061527,-0.00028861721511930227,1.0004202127456665,0.14816607534885406,0.1644284874200821,0.04416845738887787,0.0,285.69606975001705,0.0
22.417,0.005457747626860179,0.2980934519462215,-0.021538098224400826,85,-0.004563871771097183,-0.0013341966550797224,1.0018571615219116,-0.1942456066608429,0.1607884168624878,-0.1722954958677292,0.0,285.69606975001705,0.0
22.468,0.004661198688740105,0.29850494469357636,-0.015311683611255247,85,-0.005413140170276165,0.0007898739422671497,1.000585675239563,0.11138876527547836,-0.029427891597151756,-0.006836547516286373,0.0,285.69606975001705,0.0
22.518,0.006569819121712585,0.2915907264926982,-0.009387011666255808,85,-0.005061204079538584,-0.00026757558225654066,0.9989444613456726,0.16168652474880219,-0.0038069409783929586,0.17169097065925598,0.0,285.69606975001705,0.0
22.568,0.006843216698625659,0.2881166243416178,-0.013579513983579298,85,-0.0049970149993896484,-0.0006628462579101324,1.0008827447891235,0.18284972012043,0.11263450235128403,-0.11392457783222198,0.0,285.69606975001705,0.0
22.619,0.0052043021067579,0.29020208285313004,-0.00804900740552981,85,-0.005388443358242512,-4.9607668188400567e-05,1.0051432847976685,0.11766251176595688,0.07606656849384308,-0.1551208347082138,0.0,285.69606975001705,0.0
22.669,0.0049125702849485,0.2845226569784053,-0.0013651021802612473,85,-0.005090849474072456,-0.0005063309799879789,1.0020720958709717,-0.12544290721416473,-0.07562897354364395,-0.00046705908607691526,0.0,285.69606975001705,0.0
22.719,0.0071577645437021975,0.2908850578764922,-0.013337212139590666,85,-0.006346559152007103,-0.0011530776973813772,1.0000660419464111,-0.03149159997701645,0.08817654103040695,-0.07403437793254852,0.0,285.69606975001705,0.0
22.769,0.007626845494839879,0.29340390153763535,-0.00044274237325361295,85,-0.004923887085169554,-0.00012802082346752286,1.0003491640090942,0.06828850507736206,0.022952189669013023,0.19607402384281158,0.0,285.69606975001705,0.0
22.82,0.011162249688592876,0.3037714851932956,0.009848188300733222,85,-0.005865713581442833,0.0008219698793254793,1.001012921333313,-0.2191425859928131,0.07373810559511185,-0.03376758098602295,0.0,285.69606975001705,0.0
22.87,0.013316043657026084,0.30029079135040737,0.002771957537868991,85,-0.0062326062470674515,-0.00276383594609797,0.9986344575881958,-0.11334343254566193,-0.07380814850330353,0.20362749695777893,0.0,251.095785440613,0.0
22.921,0.01257187497842629,0.2928973074593008,0.010150617547434872,85,-0.005524720065295696,-4.355923010734841e-05,0.9985615015029907,-0.21674026548862457,0.21622367203235626,-0.01715153641998768,0.0,251.095785440613,0.0
22.971,0.014565869017333269,0.2903223572269893,0.008143740582745168,85,-0.004064732231199741,0.0005442015244625509,1.0016950368881226,0.09145178645849228,0.0957004576921463,-0.05542265623807907,0.0,251.095785440613,0.0
23.021,0.015456147362775305,0.2957245212845025,-0.0016909712184359246,85,-0.005343029275536537,-0.0013985448749735951,1.0003191232681274,0.19957870244979858,-0.14631672203540802,0.045221347361803055,0.0,251.095785440613,0.0
23.071,0.01544226113173782,0.3072885852997544,-0.0031584959575573896,85,-0.006425085011869669,0.00030435077496804297,1.0004262924194336,0.1112699881196022,0.13603579998016357,0.05209439992904663,0.0,251.095785440613,0.0
23.122,0.015525771261619708,0.29930300248452346,-0.00854232575214733,85,-0.005053481087088585,-0.0016825718339532614,1.0012463331222534,-0.04687885195016861,0.09716497361660004,-0.08099383115768433,0.0,251.095785440613,0.0
23.172,0.014305463074312094,0.30399619383243465,0.0019703840523662814,85,-0.005551020614802837,0.0022352617233991623,1.0001368522644043,0.1635964959859848,0.09812971949577332,0.020049316808581352,0.0,251.095785440613,0.0
23.223,0.016485485003496718,0.31221041564470925,-0.007933192530637796,85,-0.005476729478687048,-0.0011172364465892315,0.9995896220207214,-0.014854809269309044,-0.07838599383831024,-0.12189910560846329,0.0,251.095785440613,0.0
23.273,0.01614675397793224,0.31453626629768616,-0.004340649819271439,85,-0.00484243780374527,-0.00011202971654711291,1.0032762289047241,0.14405828714370728,-0.07690776139497757,0.005368567071855068,0.0,251.095785440613,0.0
23.323,0.018681198114797532,0.3054495876009106,-0.007070479876791748,85,-0.005523992702364922,-0.0012421661522239447,1.0016710758209229,-0.06675294786691666,0.028865523636341095,0.20327086746692657,0.0,251.095785440613,0.0
23.373,0.018882087521692112,0.3058151721904587,0.0017631954320465042,85,-0.005295837763696909,-0.00055065838387236,1.000684380531311,0.25943949818611145,0.02612394280731678,-0.03286563977599144,0.0,290.9276548519109,0.0
23.424,0.02010211847619409,0.3012807797806374,-0.0038888691354300436,85,-0.005907826125621796,-0.00159960868768394,1.0011615753173828,-0.004987513646483421,-0.030182642862200737,-0.0643213763833046,0.0,290.9276548519109,0.0
23.474,0.02387623073222901,0.303029591065349,-0.024684126979251403,85,-0.005741641391068697,-0.0029812802094966173,1.0004019737243652,0.21976925432682037,-0.08646951615810394,0.10159880667924881,0.0,290.9276548519109,0.0
23.525,0.023767755824896847,0.3053510244409032,-0.028979554495360473,85,-0.006420518271625042,4.2075622332049534e-05,1.000073790550232,0.0014366424875333905,-0.10752552002668381,0.011280435137450695,0.0,290.9276548519109,0.0
23.575,0.025180401386898053,0.30793116085768973,-0.034631726154885294,85,-0.0037830492947250605,-0.0022365704644471407,1.0018136501312256,0.11605919152498245,-0.048768967390060425,-0.022972848266363144,0.0,290.9276548519109,0.0
23.625,0.02679091400267395,0.2994623102939286,-0.030649313397231714,85,-0.005001509096473455,0.002073487965390086,1.0010035037994385,0.12172597646713257,0.10239501297473907,0.18721337616443634,0.0,290.9276548519109,0.0
23.676,0.026270073200539947,0.29781899799208716,-0.03688915226853095,85,-0.007876336574554443,-0.001826890860684216,0.9991772174835205,-0.07518908381462097,-0.08029981702566147,0.03736965358257294,0.0,290.9276548519109,0.0
23.726,0.022698559623470654,0.2930614553731823,-0.03212051286544954,85,-0.004160244017839432,-0.0010355253471061587,1.000928282737732,0.03109588474035263,-0.19672493636608124,0.008061870001256466,0.0,290.9276548519109,0.0
23.777,0.023024435693016605,0.29093953133416744,-0.01191739772182082,85,-0.0034744185395538807,0.0003546487132553011,1.001234531402588,-0.029179340228438377,0.23247776925563812,0.03415264934301376,0.0,290.9276548519109,0.0
23.827,0.023024072522765674,0.29042696682305585,-0.004916620423069874,85,-0.005203999113291502,0.0011749303666874766,1.0035991668701172,0.056946877390146255,0.12766572833061218,0.06508306413888931,0.0,290.9276548519109,0.0
23.877,0.02328543585876386,0.2834878538532139,-0.005220110053680679,86,-0.004444167949259281,0.0006168050458654761,1.0014022588729858,0.21098028123378754,-0.05215363949537277,0.07138057053089142,0.0,290.9276548519109,0.0
23.928,0.023429035288498552,0.29255692004525224,-0.016325243942390898,86,-0.005589580163359642,-0.002358278725296259,0.9995362758636475,-0.03768199309706688,-0.09315064549446106,-0.05779828876256943,0.0,284.20544789266836,0.0
23.978,0.02410229727711439,0.28587524632880706,-0.00978427510248942,86,-0.002384614199399948,0.0010298354318365455,0.9999414086341858,0.037449296563863754,0.10900907218456268,-0.005465065594762564,0.0,284.20544789266836,0.0
24.028,0.025838443508762934,0.28250800218292627,0.002689860856272126,86,-0.005149207077920437,0.0015061560552567244,1.0006489753723145,0.05168087035417557,-0.029798921197652817,-0.21081960201263428,0.0,284.20544789266836,0.0
24.079,0.022388978196337367,0.280522530279392,-0.0023967639816317044,86,-0.004123130347579718,-0.0024790088646113873,1.001562476158142,0.1472064107656479,0.0377361960709095,-0.014885030686855316,0.0,284.20544789266836,0.0
24.129,0.023941184687867312,0.27905283679788206,0.0078063873311031515,85,-0.005479338578879833,0.001438682316802442,1.0010026693344116,0.0835912898182869,-0.059915076941251755,0.20046496391296387,0.0,284.20544789266836,0.0
24.179,0.021233778815971882,0.27537310879668986,0.0014798051026261784,85,-0.0037266998551785946,-0.0008051542681641877,0.9998319745063782,0.029491569846868515,0.2992391288280487,-0.13842293620109558,0.0,284.20544789266836,0.0
24.229,0.022430765929657127,0.2781484121788291,-0.0013073630805441197,85,-0.003990286961197853,-0.0013185866409912705,1.0016865730285645,0.08512024581432343,0.021409640088677406,0.033872805535793304,0.0,284.20544789266836,0.0
24.28,0.022336011831403078,0.2851854166871411,-0.001532508289576331,85,-0.007059571333229542,-0.0011327449465170503,1.0020135641098022,-0.1105077937245369,0.2875964045524597,0.1320943534374237,0.0,284.20544789266836,0.0
24.33,0.021607237974438833,0.2796377652008923,-0.0201095906973524,85,-0.003851737827062607,-0.0022664328571408987,1.0013371706008911,-0.015981195494532585,-0.15187464654445648,-0.08492530882358551,0.0,284.20544789266836,0.0
24.381,0.020455970494451737,0.2732843234390863,-0.0168211149004861,86,-0.004077599849551916,0.0012833061628043652,1.0007871389389038,0.10347484797239304,0.042050886899232864,-0.10036672651767731,0.0,284.20544789266836,0.0
24.431,0.019507847250694096,0.2760968835065278,0.003986334629439047,86,-0.006479218602180481,0.004498566500842571,1.0016229152679443,0.16175533831119537,0.07115527242422104,-0.019003136083483696,0.0,277.9893955461294,0.0
24.481,0.020174433250462722,0.2839124600385307,0.002388616883115368,86,-0.004958391189575195,0.000370455818483606,0.9991901516914368,0.10197622328996658,-0.11206090450286865,0.1663440763950348,0.0,277.9893955461294,0.0
24.531,0.019697472968976275,0.2860073534570162,0.005609836497641001,86,-0.003923949785530567,-0.0001450538547942415,1.000877857208252,0.21106857061386108,-0.055343564599752426,0.07585419714450836,0.0,277.9893955461294,0.0
24.582,0.019019924090477182,0.2718448273809677,-0.009316276018929181,86,-0.003094932297244668,-0.0009954934939742088,1.0001736879348755,-0.09966985136270523,-0.058034010231494904,0.03923040255904198,0.0,277.9893955461294,0.0
24.632,0.01976422511404539,0.275346469740575,-0.00876710862586851,85,-0.0032630818895995617,3.839287455775775e-05,1.000616192817688,0.08771161735057831,-0.06880982220172882,-0.08759716898202896,0.0,277.9893955461294,0.0
24.683,0.01907902880123172,0.2692056500513562,-0.0030728494416527546,85,-0.003802048973739147,-0.0004154737398494035,1.0008692741394043,0.18050871789455414,0.06108447164297104,0.27164939045906067,0.0,277.9893955461294,0.0
24.733,0.019580827960799848,0.2627662452785565,0.0038286140369696055,85,-0.004204488359391689,-0.001061716116964817,0.999193012714386,0.20595403015613556,0.19595618546009064,0.01570351980626583,0.0,277.9893955461294,0.0
24.783,0.019610051470648,0.26521566155439474,0.002927834108257386,85,-0.003801599843427539,0.001307680387981236,1.0035219192504883,-0.15234659612178802,-0.08594909310340881,-0.03479565680027008,0.0,277.9893955461294,0.0
24.834,0.021987009764940984,0.27258271256408917,0.002919781529230121,85,-0.00531120877712965,0.0006252588937059045,1.0017664432525635,0.2006647288799286,0.05614214763045311,0.18984881043434143,0.0,277.9893955461294,0.0
24.884,0.023995161531710225,0.28157168863614135,-0.0041254600359625845,85,-0.0064300717785954475,-0.0017044891137629747,1.0024865865707397,0.13807830214500427,0.05161314457654953,0.07533599436283112,0.0,277.9893955461294,0.0
24.934,0.02389603939577031,0.2892729269519746,-0.017612200796462377,85,-0.004863332025706768,0.0017833131132647395,1.0008565187454224,0.019955696538090706,-0.0068966057151556015,-0.02167835645377636,0.0,277.9893955461294,0.0
24.984,0.02347701299339661,0.2884060043675377,-0.005964647519586082,85,-0.004518832545727491,0.0017303265631198883,1.0016273260116577,0.0058953347615897655,0.0075204260647296906,0.0439642071723938,0.0,277.9157169361251,0.0
25.035,0.02671036928624148,0.30014636136788697,0.005515582823255232,85,-0.004309478681534529,-0.0004564778646454215,1.0021567344665527,0.18379975855350494,0.05958482250571251,0.1035529375076294,0.0,277.9157169361251,0.0
25.085,0.025343034272539883,0.30409975132884065,-0.004933508744976362,85,-0.0036590928211808205,0.0023938342928886414,0.9993606209754944,0.025256240740418434,-0.16817478835582733,-0.06415865570306778,0.0,277.9157169361251,0.0
25.135,0.024884303355589454,0.3052992312282228,0.004681753316167232,85,-0.005379165522754192,0.001046390738338232,0.9991428256034851,0.12764784693717957,0.09512387216091156,-0.03635433316230774,0.0,277.9157169361251,0.0
25.186,0.027372795829420555,0.3175551652121908,0.004387557171864775,85,-0.005646196193993092,0.00022193152108229697,1.0003125667572021,-0.2987610995769501,-0.04488740488886833,0.06213882192969322,0.0,277.9157169361251,0.0
25.236,0.030081335809974,0.3086250069947444,-0.010168773306685575,85,-0.005535057745873928,-0.0008714761934243143,1.0035860538482666,-0.012946122325956821,0.029201732948422432,-0.18322663009166718,0.0,277.9157169361251,0.0
25.286,0.0319532714410011,0.3098037476652628,-0.010371271706187497,85,-0.005603971425443888,0.0004284221795387566,1.0019611120224,-0.05917978659272194,-0.19023862481117249,0.034251876175403595,0.0,277.9157169361251,0.0
25.336,0.029044392813574602,0.30665808090668173,-0.004090364367652609,85,-0.003642271040007472,2.3039801817503758e-05,1.0002752542495728,0.003684914205223322,-0.09753195196390152,0.07355543226003647,0.0,277.9157169361251,0.0
25.387,0.023819903086300328,0.3033726381638801,-0.01123143242981088,85,-0.007062759716063738,-0.0010005537187680602,1.000128984451294,-0.2914431095123291,0.23031966388225555,-0.1490127295255661,0.0,277.9157169361251,0.0
25.437,0.0217002456720511,0.3083599856922551,-0.0037406573227159773,85,-0.003443942405283451,-0.004124778788536787,1.000266671180725,0.09613457322120667,-0.05924143269658089,-0.10976787656545639,0.0,277.9157169361251,0.0
25.488,0.020700207916170946,0.30193728551881255,-0.005331762579076203,85,-0.004225227516144514,0.0017186073819175363,0.9988329410552979,-0.029574891552329063,-0.02645697072148323,-0.06947099417448044,0.0,285.98827219419064,0.0
25.538,0.019886671192871363,0.3026474950342023,-0.008782747726945936,85,-0.0059538041241467,-0.0007336350972764194,1.0010042190551758,0.1671416461467743,-0.06220296397805214,0.1908688098192215,0.0,285.98827219419064,0.0
25.588,0.02129438729807532,0.2943683560757364,-0.010733871924396357,85,-0.006489364895969629,0.00020120728004258126,1.0032927989959717,-0.04563862457871437,0.05308853089809418,0.23175065219402313,0.0,285.98827219419064,0.0
25.639,0.021689368431290525,0.2964189089264747,-0.007330979208264449,85,-0.005506555549800396,0.001905306475237012,1.0003315210342407,0.18881361186504364,0.11458276957273483,0.018695713952183723,0.0,285.98827219419064,0.0
25.689,0.022053794617386605,0.29650756267757067,-0.0115738163365537,85,-0.0066167390905320644,-0.001556549221277237,1.0018049478530884,0.13012702763080597,0.13511265814304352,-0.08615650236606598,0.0,285.98827219419064,0.0
25.74,0.023115388310910936,0.28711197451232107,-0.005801749689267264,85,-0.0044840374030172825,0.0004044187371619046,0.9978603720664978,-0.08169851452112198,0.19838041067123413,0.0040302821435034275,0.0,285.98827219419064,0.0
25.79,0.023161929797423778,0.2834690737904298,-0.004597217060699265,85,-0.004825249779969454,-0.0011283328058198094,1.0025278329849243,0.10861372202634811,0.05138786509633064,0.06033318117260933,0.0,285.98827219419064,0.0
25.841,0.022834398756592763,0.2873492332758308,-0.00468446796174638,85,-0.0044267200864851475,0.00046538232709281147,1.0023053884506226,-0.13722717761993408,-0.01612597331404686,-0.1645055115222931,0.0,285.98827219419064,0.0
25.891,0.021833012594837067,0.28386861605619296,-0.0006292776755359207,85,-0.004915451165288687,0.0010684407316148281,1.0019057989120483,0.03878631442785263,-0.0900532677769661,-0.0051745083183050156,0.0,285.98827219419064,0.0
25.941,0.022174074170221863,0.27811355604708876,0.00238108189009655,85,-0.004018430598080158,-0.00015857604739721864,0.9988781213760376,0.002526340540498495,0.03824826329946518,0.13355927169322968,0.0,285.98827219419064,0.0
25.992,0.02398762543410151,0.2974824660499793,-8.782283613836719e-05,85,-0.006787382066249847,-0.0013824841007590294,1.0003917217254639,-0.16893456876277924,-0.08462747186422348,-0.0562792532145977,0.0,285.98827219419064,0.0
26.042,0.023878602986522866,0.309920438235402,0.00036044014940129706,85,-0.0070575145073235035,0.00012236351903993636,0.9992769360542297,0.14063017070293427,-0.0012509566731750965,0.06741051375865936,0.0,281.9889740486755,0.0
26.092,0.02547486882279661,0.3039283873473766,-0.022632519722590647,85,-0.005868210457265377,-0.002244182862341404,1.0032070875167847,0.10010530799627304,0.09416579455137253,0.18654508888721466,0.0,281.9889740486755,0.0
26.143,0.022296147678071587,0.29864671353604566,-0.011318219999182,85,-0.004997283685952425,0.0015930661465972662,1.0007861852645874,-0.008512124419212341,0.06590953469276428,-0.1993773728609085,0.0,281.9889740486755,0.0
26.193,0.023533092383214656,0.2869584701570084,-0.006646696280002777,85,-0.0040395562537014484,-0.000939376128371805,1.0030938386917114,0.026131974533200264,-0.06407530605792999,0.03526448830962181,0.0,281.9889740486755,0.0
26.243,0.022525983158308418,0.2909496932133917,-0.0002790213805897641,85,-0.005259386729449034,-9.019612480187789e-05,1.002017855644226,0.09097585082054138,-0.04487352818250656,-0.08587472885847092,0.0,281.9889740486755,0.0
26.293,0.02243751869244829,0.29323532606266195,0.009094853214161775,85,-0.006469434592872858,7.884406659286469e-05,1.00161612033844,-0.20925863087177277,-0.1355930119752884,-0.08247748762369156,0.0,281.9889740486755,0.0
26.344,0.020920278344758975,0.2979772205367141,0.003329685283204535,85,-0.005565046798437834,0.00020962994312867522,1.0023839473724365,0.027405530214309692,-0.047464992851018906,0.02323565073311329,0.0,281.9889740486755,0.0
26.394,0.020649469884743577,0.29422915016100604,-0.0005710605981533071,85,-0.00479555781930685,-0.000472763495054096,0.9998541474342346,-0.08077225089073181,-0.05227223411202431,0.1746613085269928,0.0,281.9889740486755,0.0
26.444,0.0227374670749488,0.30349820431631436,0.004852692708988921,85,-0.007291903719305992,0.0002600598963908851,1.0028152465820312,0.012399078346788883,0.07413505017757416,-0.13036604225635529,0.0,281.9889740486755,0.0
26.495,0.022966968834255197,0.2893425382617329,0.008056477499413862,85,-0.0027978301513940096,-3.338136957609095e-05,1.0013247728347778,0.04345211759209633,-0.006825671065598726,0.03137757256627083,0.0,281.9889740486755,0.0
26.545,0.024456610066050606,0.2828823428070211,0.007949503988781068,85,-0.0044045462273061275,-0.0010090122232213616,1.001630425453186,-0.11468015611171722,0.058647289872169495,0.05735328420996666,0.0,281.9889740486755,0.0
26.595,0.024468619120072636,0.288806557479683,-0.003948522392086838,85,-0.006278305780142546,-0.0011507964227348566,1.0011686086654663,-0.045061178505420685,-0.0016538219060748816,0.07368902862071991,0.0,287.3598246094821,0.0
26.645,0.02456494842070184,0.2865767501898473,-0.003811656936970649,85,-0.0039525507017970085,0.000981658580712974,0.9998881816864014,0.15908069908618927,-0.003891765372827649,-0.11698122322559357,0.0,287.3598246094821,0.0
26.696,0.022059047536045862,0.28203239886855574,-0.00571673418266314,85,-0.004312689881771803,0.0009562011691741645,1.0026743412017822,-0.05943693593144417,-0.022099429741501808,-0.11817571520805359,0.0,287.3598246094821,0.0
26.746,0.022105714795290426,0.2836190138003834,-0.010336779785932419,85,-0.005181898828595877,0.0007250497583299875,1.0011811256408691,0.012221830897033215,-0.04213149845600128,0.0026645115576684475,0.0,287.3598246094821,0.0
26.796,0.021872333449107755,0.27316060297353817,-0.005856651582788796,85,-0.0045250398106873035,-0.00013432459672912955,1.0032941102981567,-0.05584414303302765,0.10925882309675217,0.04734092205762863,0.0,287.3598246094821,0.0
26.847,0.022408892040644512,0.2810449763054212,-0.0077449724622629884,86,-0.006478376220911741,-0.0016899992479011416,1.0022614002227783,-0.2351248860359192,-0.12591028213500977,-0.10245691239833832,0.0,287.3598246094821,0.0
26.897,0.020166813764404354,0.27999058295392304,-0.024393339357849604,86,-0.006480648182332516,-0.0008967480389401317,1.0006299018859863,-0.13252784311771393,-0.0332622155547142,-0.11339250206947327,0.0,287.3598246094821,0.0
26.947,0.019664777362224054,0.28014488112714636,-0.01472652531664714,86,-0.004805417265743017,0.0006884040776640177,1.0000357627868652,-0.038843028247356415,0.11460352689027786,0.01078673917800188,0.0,287.3598246094821,0.0
26.998,0.018014588363518675,0.2822350866195197,-0.017037542112988406,86,-0.005544363521039486,-0.0010103634558618069,0.9993000626564026,0.06403061002492905,-0.020124875009059906,0.052494116127491,0.0,287.3598246094821,0.0
27.048,0.018107300810679714,0.28458275858969273,-0.017181187979874522,86,-0.005396070424467325,0.00028675104840658605,1.0019053220748901,0.10794738680124283,-0.03353441506624222,-0.04050200805068016,0.0,287.3598246094821,0.0
27.099,0.018752382179075953,0.28875502748077664,-0.017574954629673418,85,-0.004497481044381857,0.0002466970472596586,1.0015007257461548,0.13756483793258667,-0.1907971203327179,-0.11573655903339386,0.0,285.7544624608257,0.0
27.149,0.019899169911998693,0.2920286342164457,-0.0058648326753704405,85,-0.005539163015782833,0.002986685372889042,0.9992491006851196,-0.13171280920505524,0.039360471069812775,0.011621667072176933,0.0,285.7544624608257,0.0
27.199,0.02018728274833678,0.2888692766859512,0.000617487556379874,85,-0.002246682997792959,0.0007961468654684722,1.0009739398956299,-0.05311193689703941,-0.06646498292684555,-0.07457808405160904,0.0,285.7544624608257,0.0
27.249,0.022643880174719175,0.2862321576980742,0.005418579217576607,85,-0.00451655825600028,-0.0005436961073428392,1.0003968477249146,0.15877912938594818,-0.05868123471736908,0.21692168712615967,0.0,285.7544624608257,0.0
27.3,0.023774955689547586,0.28404237276723454,-0.0017358398386203486,85,-0.005895095411688089,-0.0009097016300074756,0.9992910027503967,0.08274288475513458,-0.2045086920261383,0.11456090956926346,0.0,285.7544624608257,0.0
27.35,0.022968941754616744,0.2816819587274488,-0.003927503541283181,86,-0.004777035675942898,0.0007391131366603076,1.0026577711105347,-0.014761102385818958,0.08826116472482681,-0.05693071335554123,0.0,285.7544624608257,0.0
27.401,0.023132399895308776,0.28264106501090036,-0.0057925186371850625,86,-0.0031258987728506327,0.0007340827723965049,1.0052860975265503,0.07901231199502945,0.02310226298868656,-0.026260411366820335,0.0,285.7544624608257,0.0
27.451,0.02392942054375153,0.2752783480108099,0.001526435471802165,86,-0.005486043635755777,0.0009074330446310341,0.9999387860298157,0.015311313793063164,0.03886378929018974,-0.04247516393661499,0.0,285.7544624608257,0.0
27.501,0.02430312883083198,0.27092301216721343,-0.008403260249365366,86,-0.0050653028301894665,-0.0018328380538150668,1.0005240440368652,-0.1116769015789032,-0.0683077946305275,0.06694439053535461,0.0,285.7544624608257,0.0
27.552,0.023023943243313954,0.2746344296723919,-0.0011350147987272058,86,-0.004845113959163427,0.0020507655572146177,1.00118088722229,0.07788055390119553,-0.02289523370563984,0.008466820232570171,0.0,285.7544624608257,0.0
27.602,0.024196134756958372,0.2846043295707687,0.0002169003754855447,85,-0.006385785061866045,-0.0001244512532139197,0.9988465309143066,0.052427198737859726,0.10970886051654816,0.14652115106582642,0.0,285.7544624608257,0.0
27.652,0.025646267304906264,0.2941670311954929,0.001663290335177724,85,-0.005893906578421593,-0.0010165403364226222,1.001593828201294,0.01281095389276743,-0.14177533984184265,0.01322594378143549,0.0,284.6877078666938,0.0
27.702,0.02664873396148596,0.28055335175835683,0.007112961434356091,85,-0.00476711755618453,0.0009367063175886869,0.9991120100021362,0.10197103768587112,0.014010042883455753,0.21568667888641357,0.0,284.6877078666938,0.0
27.753,0.02982295310437298,0.2799585871298326,0.004584361674436597,85,-0.0036625340580940247,-0.0006824856391176581,1.0017635822296143,0.20018714666366577,-0.018221601843833923,0.11782841384410858,0.0,284.6877078666938,0.0
27.803,0.02731871794078572,0.2861329579339399,0.007749827285213797,85,-0.005710101220756769,0.0005908193998038769,0.9999467134475708,-0.20593704283237457,0.10967543721199036,0.007624079938977957,0.0,284.6877078666938,0.0
27.854,0.028276983112873907,0.28035929805636906,-0.0037773840714883165,85,-0.0030491971410810947,-0.0017319819889962673,0.9998353719711304,-0.11779996007680893,-0.008607293479144573,-0.026882465928792953,0.0,284.6877078666938,0.0
27.904,0.030066709540372303,0.28038700301265973,-0.012796976589837564,85,-0.005318520125001669,-0.00014982464199420065,1.0021120309829712,0.2000035047531128,-0.019837677478790283,0.03786272183060646,0.0,284.6877078666938,0.0
27.954,0.030389669577507366,0.2851560867957699,-0.003099746981744218,85,-0.0053112078458070755,0.0016286345198750496,1.0015634298324585,0.17737579345703125,0.0427979938685894,0.004111443180590868,0.0,284.6877078666938,0.0
28.005,0.029929772300298245,0.2892438506141968,-9.439142963384163e-05,85,-0.0047567556612193584,-0.0011949185281991959,1.0006945133209229,0.14936283230781555,-0.00916357897222042,-0.03542846813797951,0.0,284.6877078666938,0.0
28.055,0.029152373254242706,0.2846026024548539,0.008322832982545497,85,-0.006186353508383036,0.002781219081953168,0.9989467859268188,0.005390794016420841,0.06603868305683136,0.05932541564106941,0.0,284.6877078666938,0.0
28.106,0.031198940404485922,0.2828286466041625,0.001154282687279658,85,-0.005518966820091009,-0.0009132832055911422,1.0022811889648438,-0.20792968571186066,-0.08012612164020538,0.03982948884367943,0.0,284.6877078666938,0.0
28.156,0.03280780184142725,0.2748234945194791,0.0065078149614820205,85,-0.0037299287505447865,-0.00019100532517768443,1.002709984779358,0.4703691303730011,0.034937258809804916,0.10741281509399414,0.0,280.3679144385027,0.0
28.206,0.03150182277737541,0.2752837613971839,0.001478842467965941,85,-0.006480290554463863,-0.0010602731490507722,1.0017666816711426,-0.17202885448932648,-0.07750781625509262,0.20222923159599304,0.0,280.3679144385027,0.0
28.256,0.02836198705509468,0.2844990407912449,-0.0022083343595842627,85,-0.006303194910287857,-0.001628302619792521,1.001754879951477,0.12541526556015015,0.19383420050144196,0.00641976110637188,0.0,280.3679144385027,0.0
28.308,0.026242818789357986,0.28331510634283047,0.0019461363186866012,85,-0.0052456920966506,-0.0004953413153998554,1.0027248859405518,0.1238219141960144,0.05925020948052406,0.0936940386891365,0.0,280.3679144385027,0.0
28.358,0.02794274784988953,0.2914421687396042,0.003922017535321779,85,-0.004931617062538862,-0.0003641286166384816,1.001720666885376,0.05332459881901741,-0.24073219299316406,0.06420732289552689,0.0,280.3679144385027,0.0
28.408,0.028638394502508272,0.29792056722140325,0.007216740656337069,85,-0.004143480211496353,-0.0011825037654489279,1.0002398490905762,-0.08550691604614258,0.051136765629053116,0.006446936633437872,0.0,280.3679144385027,0.0
28.459,0.03006940352653195,0.3013073529681869,0.0034862147152082395,85,-0.005768184084445238,-0.00030998140573501587,1.0026763677597046,0.15922363102436066,0.049318987876176834,0.15319806337356567,0.0,280.3679144385027,0.0
28.509,0.027817394064894124,0.29254148835416627,0.0025869389921167225,85,-0.003060956485569477,-0.001366129843518138,1.0019346475601196,-0.21186135709285736,0.060635533183813095,0.034314848482608795,0.0,280.3679144385027,0.0
28.559,0.02745389759084902,0.2963075736122875,0.0009610586749175147,85,-0.004782131873071194,0.0003422024892643094,0.9995953440666199,0.0021084670443087816,0.031503427773714066,0.030693745240569115,0.0,280.3679144385027,0.0
28.609,0.026082237362572157,0.29600319037346956,0.007421735037209277,85,-0.004605313763022423,0.0027282987721264362,0.9997206330299377,0.332279235124588,-0.03666521608829498,-0.006755025591701269,0.0,280.3679144385027,0.0
28.66,0.026991074920811813,0.3020003201107056,-0.007380311502570663,85,-0.00680770818144083,-0.002850017976015806,1.001774549484253,-0.024790789932012558,-0.07656309753656387,0.14881984889507294,0.0,280.3679144385027,0.0
28.71,0.027141560431884006,0.29818467951670546,0.011369693752083672,85,-0.002380204387009144,0.000740098999813199,1.001357913017273,0.22031834721565247,0.08522013574838638,0.15529948472976685,0.0,285.7544624608257,0.0
28.761,0.02609043965604331,0.28007081607768136,0.01650846207371538,85,-0.0031030334066599607,0.00029478216310963035,1.0011857748031616,-0.21721556782722473,-0.014726731926202774,0.20558243989944458,0.0,285.7544624608257,0.0
28.811,0.025073308449126617,0.2808599419057181,0.012932539545954141,85,-0.0052697123028337955,0.000944063242059201,0.9999721646308899,0.17626230418682098,0.01611538790166378,-0.1556737720966339,0.0,285.7544624608257,0.0
28.862,0.025821180839403747,0.2765133943271332,0.018900694808004177,85,-0.0033488657791167498,-0.0009285015985369682,1.0010160207748413,0.125814288854599,0.18190476298332214,0.11612390726804733,0.0,285.7544624608257,0.0
28.912,0.026233589906837794,0.2752914270419716,0.007048014832873634,85,-0.007133602164685726,7.891841960372403e-05,0.997866153717041,-0.13458684086799622,0.08288951218128204,0.1308736503124237,0.0,285.7544624608257,0.0
28.962,0.028239172127748673,0.2975251045617411,0.009650938829865355,85,-0.007999827153980732,0.0006039245054125786,1.0008625984191895,0.21113401651382446,0.11684412509202957,-0.09462844580411911,0.0,285.7544624608257,0.0
29.013,0.02647484984050603,0.2916363616949251,0.0026786724094182497,85,-0.005532919429242611,-0.0013206740841269493,1.001593828201294,0.06903845071792603,-0.009723068214952946,0.12830610573291779,0.0,285.7544624608257,0.0
29.063,0.024218957928968717,0.28800332197605527,-0.0006158582798606447,85,-0.004761466756463051,-4.653256110032089e-05,0.9996317028999329,0.030733803287148476,0.21684178709983826,-0.08080532401800156,0.0,285.7544624608257,0.0
29.114,0.023485738224970156,0.27907517617657057,-0.009430908250537795,85,-0.003968687728047371,-0.002444797195494175,0.9998446106910706,0.0376349575817585,-0.06168172135949135,0.07962410151958466,0.0,285.7544624608257,0.0
29.164,0.022019201741428834,0.29208368678185653,-0.009133269588858519,85,-0.006721826270222664,0.0017145967576652765,1.0027155876159668,-0.055430877953767776,-0.14074307680130005,-0.08756062388420105,0.0,285.7544624608257,0.0
29.214,0.02074621278338369,0.2991332063666227,-0.02376979377509693,85,-0.00321566010825336,-0.0005700708134099841,1.0015267133712769,0.14157302677631378,0.09566953778266907,-0.09894596040248871,0.0,288.16928890415664,0.0
29.264,0.021126586920292182,0.30487614625013537,-0.018323194377628915,85,-0.006467462982982397,0.0018485294422134757,1.0015017986297607,-0.023313304409384727,-0.21257182955741882,0.03949713334441185,0.0,288.16928890415664,0.0
29.315,0.0242058185180714,0.30720703293039053,-0.004910982378387213,85,-0.005346215795725584,-0.000155785251990892,1.0009053945541382,-0.08162274211645126,0.3043670654296875,-0.04684361070394516,0.0,288.16928890415664,0.0
29.365,0.024361822136485755,0.2964208279460444,-0.0019067813554042383,85,-0.003564810147508979,0.00022421022003982216,1.0010385513305664,0.015605208463966846,0.02401518076658249,-0.07274854928255081,0.0,288.16928890415664,0.0
29.415,0.02230552622608812,0.2891227604016136,-0.010439058540558798,85,-0.006359321530908346,-0.0003798537072725594,1.0016652345657349,-0.06860757619142532,-0.14782093465328217,-0.14793479442596436,0.0,288.16928890415664,0.0
29.466,0.02322041858196253,0.2897509148503293,-0.008033123773979694,85,-0.004622022155672312,0.0003868626372423023,1.0003925561904907,0.17698748409748077,0.1021989956498146,-0.05925067514181137,0.0,288.16928890415664,0.0
29.516,0.021320028632141188,0.3013038963405444,-0.01169233799510807,85,-0.005297657568007708,0.0006827936158515513,1.0013575553894043,0.1426418572664261,-0.11192198097705841,0.051202718168497086,0.0,288.16928890415664,0.0
29.567,0.019112540455156892,0.30028568375281783,-0.015867103781776047,85,-0.0048730140551924706,2.9630118660861626e-05,1.0026710033416748,0.1240718737244606,0.10625217854976654,-0.20206305384635925,0.0,288.16928890415664,0.0
29.617,0.0198138955005494,0.2958631999480464,-0.008848285581549485,85,-0.0035539628006517887,0.0006427484913729131,1.0021053552627563,0.10261677950620651,0.004116269294172525,0.012663759291172028,0.0,288.16928890415664,0.0
29.668,0.018190008310505212,0.2894832825188328,-0.00430678514259906,85,-0.004483453929424286,0.0006168143590912223,0.9993961453437805,-0.014205953106284142,-0.21697098016738892,0.04215110093355179,0.0,288.16928890415664,0.0
29.718,0.018477424656243864,0.2852795639736885,-0.007495599209145332,85,-0.003701688488945365,0.001327020232565701,1.0016911029815674,-0.16215261816978455,0.0839771255850792,0.02728758007287979,0.0,288.16928890415664,0.0
29.768,0.01733134887119765,0.2804771484691185,0.001754699789568378,85,-0.0046668327413499355,0.0002922106650657952,0.9989118576049805,-0.14189979434013367,0.14869196712970734,-0.10957644879817963,0.0,283.59053414469236,0.0
29.818,0.021847120648216607,0.2839846113845159,-0.0029661447518645077,85,-0.00502030597999692,1.0896528692683205e-05,1.0030714273452759,0.2118210345506668,0.0070855687372386456,0.3206157088279724,0.0,283.59053414469236,0.0
29.869,0.018310196371701507,0.28339921989817335,-0.00011063491115612184,86,-0.006502256728708744,0.0014900475507602096,0.9995740652084351,-0.003071435960009694,-0.07752550393342972,-0.1925317496061325,0.0,283.59053414469236,0.0
29.919,0.014921424382789018,0.2902279278215991,0.00017318023992344905,86,-0.004942026454955339,-0.00040642498061060905,0.999872088432312,-0.009663091041147709,0.17876765131950378,0.001274436479434371,0.0,283.59053414469236,0.0
29.969,0.014926912828844549,0.29519059489788785,8.263432197320188e-05,86,-0.006551230791956186,0.0023930382449179888,1.0023607015609741,0.18394282460212708,0.08954581618309021,-0.031236782670021057,0.0,283.59053414469236,0.0
30.02,0.014545063589330349,0.29639928242037616,-0.002551640400130998,86,-0.004208892118185759,0.00035089071025140584,1.0044572353363037,-0.14521969854831696,-0.09321615099906921,-0.03427727147936821,0.0,283.59053414469236,0.0
30.07,0.01275265304799389,0.2856794562153524,-0.009465882138619663,86,-0.0029093343764543533,-0.0010847309604287148,1.001065969467163,0.23241880536079407,0.015041942708194256,0.05102400854229927,0.0,283.59053414469236,0.0
30.12,0.014576472198179927,0.29141831661635054,-0.0023876010323673775,85,-0.007315759547054768,0.00028597278287634254,1.0018765926361084,-0.20128871500492096,0.026323596015572548,-0.1635819971561432,0.0,283.59053414469236,0.0
30.171,0.0158635760727271,0.2926169967996935,0.0064467183372749854,85,-0.004985783714801073,0.0019141377415508032,1.0025250911712646,-0.038855962455272675,0.13954201340675354,-0.08711531013250351,0.0,283.59053414469236,0.0
30.221,0.014424619641139017,0.29006797778547433,0.011545854392902273,85,-0.0049803596921265125,0.0014611799269914627,1.001960039138794,0.06555924564599991,0.1471690684556961,0.04055732488632202,0.0,283.59053414469236,0.0
30.271,0.015195966748484136,0.29310851284482453,0.01733303947219379,85,-0.00545906089246273,0.0018566842190921307,1.0006788969039917,-0.05567743256688118,0.1666661947965622,0.10217763483524323,0.0,285.5210347174949,0.0
30.322,0.016327545696447912,0.2921363272880012,0.021899401431801534,85,-0.005845135543495417,0.002444202546030283,0.9994824528694153,-0.1890878528356552,0.10915210843086243,-0.14289401471614838,0.0,285.5210347174949,0.0
30.372,0.014890220625316896,0.2887604840148521,0.01800002641328415,86,-0.0035259616561233997,0.0002958262339234352,1.0020115375518799,0.21231938898563385,-0.03336528316140175,0.17899994552135468,0.0,285.5210347174949,0.0
30.422,0.01497139418844832,0.28158115604140904,-0.003283789587574156,86,-0.0057847690768539906,0.0014142079744488,1.0003156661987305,-0.14738252758979797,-0.009451537393033504,-0.03722415119409561,0.0,285.5210347174949,0.0
30.473,0.01410815432036249,0.27986210800979033,0.00709202366471845,86,-0.002221608767285943,0.0010086807888001204,1.0029141902923584,0.22183020412921906,0.11644133925437927,0.021489830687642097,0.0,285.5210347174949,0.0
30.523,0.009656848544852187,0.27911511007138806,0.006180042632347326,86,-0.004971143323928118,-0.0003668281715363264,0.9992793798446655,0.08072119206190109,-0.1499956250190735,-0.044010914862155914,0.0,285.5210347174949,0.0
30.573,0.007807989994351158,0.27531291482863685,0.006858876990549655,86,-0.0028639885131269693,-3.4837496059481055e-05,1.0023374557495117,-0.0032271600794047117,0.01627807505428791,-0.3123897612094879,0.0,285.5210347174949,0.0
30.624,0.00815035583700371,0.28055447415840096,0.006121131442383124,86,-0.007818903774023056,-0.0006454517715610564,0.9994984865188599,-0.08745802938938141,0.0573706328868866,-0.21556131541728973,0.0,285.5210347174949,0.0
30.674,0.007837128987423425,0.2830236655334252,-0.00684262796509261,86,-0.003461079206317663,-0.0017359144985675812,1.0014972686767578,-0.18448597192764282,-0.11220521479845047,0.022906528785824776,0.0,285.5210347174949,0.0
30.725,0.010516311239482577,0.291333795445542,-0.004584005682905301,86,-0.007200293242931366,0.0007091622683219612,0.9993808269500732,-0.06431318074464798,0.1404360979795456,0.046633049845695496,0.0,285.5210347174949,0.0
30.775,0.0099295317849946,0.2891598787955946,-0.009150484472634366,86,-0.005373132880777121,0.002394406357780099,0.9996833801269531,-0.17237967252731323,-0.09334035217761993,0.04545964300632477,0.0,285.5210347174949,0.0
30.825,0.010555473906151507,0.2953610106631124,-0.00523118033947185,86,-0.006044177338480949,0.0013532949378713965,1.0016707181930542,0.07987389713525772,0.03226559981703758,0.06219588965177536,0.0,285.3268027210884,0.0
30.876,0.009896069940644844,0.29430959188448075,0.006729470676522163,85,-0.004766568075865507,0.002995004877448082,1.0023442506790161,0.15147674083709717,0.07432800531387329,-0.16033166646957397,0.0,285.3268027210884,0.0
30.926,0.00961066295366113,0.29944239254982247,0.008533442373550705,85,-0.005189757328480482,0.0008085356676019728,1.0008550882339478,0.22746741771697998,-0.06007923185825348,0.1310432255268097,0.0,285.3268027210884,0.0
30.976,0.011724075027703106,0.30464451659048203,0.008650416148636396,85,-0.005477752536535263,0.0010112226009368896,1.0003626346588135,-0.0658082365989685,-0.12462014704942703,0.09643363952636719,0.0,285.3268027210884,0.0
31.027,0.011329355957176624,0.2907904191935252,0.005473135477847154,85,-0.001059453235939145,0.0007868196116760373,0.9997323751449585,0.04189584404230118,-0.13262328505516052,-0.12540991604328156,0.0,285.3268027210884,0.0
31.077,0.010555145367916338,0.2944909236665585,0.011272187425598703,85,-0.004362099803984165,0.002846343442797661,0.9996122121810913,0.18999671936035156,0.02288447692990303,0.23105011880397797,0.0,285.3268027210884,0.0
31.127,0.011211914230670902,0.2944759530324108,7.934448021989642e-05,85,-0.006545266602188349,-0.002028166549280286,1.0006035566329956,-0.008857022039592266,-0.005561892408877611,0.11083006858825684,0.0,285.3268027210884,0.0
31.178,0.010900179254721346,0.30269980221351855,0.002690828513822673,85,-0.006125405430793762,0.0010509993880987167,0.9990914463996887,-0.07887296378612518,0.15088282525539398,-0.1158319041132927,0.0,285.3268027210884,0.0
31.228,0.01385036218581656,0.3068536303162757,-0.004106875196867494,85,-0.006733827292919159,0.00023609024356119335,1.0010430812835693,-0.16491711139678955,0.11619079858064651,0.0791969820857048,0.0,285.3268027210884,0.0
31.279,0.011463533001250581,0.3132606412388122,-0.018675245508692588,85,-0.00535282539203763,-0.0018540179589763284,0.9996669292449951,-0.00846271775662899,-0.11473789066076279,0.05779706686735153,0.0,285.3268027210884,0.0
31.329,0.01268765402523622,0.3124846261402508,-0.020533871903224993,85,-0.006124983076006174,-0.00027073375531472266,1.0012667179107666,-0.08388976007699966,-0.05851519852876663,0.09861023724079132,0.0,285.5015996188142,0.0
31.379,0.012468626375991533,0.30060855513210616,-0.01572860477801207,85,-0.001896348432637751,0.00048436413635499775,1.0012176036834717,-0.06132734566926956,-0.0156710222363472,-0.059697724878787994,0.0,285.5015996188142,0.0
31.43,0.01256109154447604,0.3044138549644038,-0.025250194369096028,85,-0.005220307502895594,-0.002122406614944339,1.0006755590438843,0.11810315400362015,-0.12650562822818756,0.02166975848376751,0.0,285.5015996188142,0.0
31.48,0.013479209139383204,0.2971771457483563,-0.010501127697090887,85,-0.004299891646951437,0.002360945800319314,0.9993366599082947,0.11420685797929764,0.01876397617161274,0.0657631978392601,0.0,285.5015996188142,0.0
31.53,0.013856048100301452,0.29233686111224194,0.00012882316407205309,85,-0.006000974215567112,-0.0003945372882299125,1.0014421939849854,-0.1759379506111145,-0.21529614925384521,-0.10098154097795486,0.0,285.5015996188142,0.0
31.581,0.016456570562961927,0.3029939246234763,-0.005214103891993996,85,-0.007261599879711866,0.0010983878746628761,0.9999505281448364,0.23624950647354126,0.027117984369397163,0.16011971235275269,0.0,285.5015996188142,0.0
31.631,0.015500017859782006,0.3008146798539691,-0.00025518765174841065,85,-0.004800443071871996,0.00043232861207798123,1.0010844469070435,0.04494389891624451,0.05353936180472374,-0.013642776757478714,0.0,285.5015996188142,0.0
31.682,0.015621921579013029,0.29430106399717965,-0.0077430975466339326,85,-0.0025653557386249304,-0.0009910525986924767,1.0043412446975708,-0.08247433602809906,-0.10713570564985275,-0.06619896739721298,0.0,285.5015996188142,0.0
31.732,0.016711351214627745,0.2872770249304379,-0.004945886290733292,85,-0.0032975526992231607,0.0025839454028755426,1.0012649297714233,0.09191875904798508,-0.07231063395738602,0.07558655738830566,0.0,285.5015996188142,0.0
31.783,0.016691450257902345,0.2697410897376952,0.0006321904005552676,85,-0.00413065031170845,0.00017993326764553785,1.0006853342056274,-0.01191731821745634,-0.03202718868851662,0.14075109362602234,0.0,285.5015996188142,0.0
31.833,0.01663725652078861,0.27299362486959267,-0.01020788306581501,85,-0.004772414453327656,-0.001855433452874422,0.9996671080589294,0.11286963522434235,-0.024787627160549164,0.213600292801857,0.0,285.5015996188142,0.0
31.883,0.01467612625638892,0.2738941362191867,-0.016100654236929187,85,-0.004336991347372532,-0.0013710556086152792,1.0012966394424438,-0.11279437690973282,0.012192721478641033,0.09334203600883484,0.0,274.478371834304,0.0
31.934,0.013757134755388473,0.27582631549129044,-0.016499070984721267,85,-0.0034149978309869766,-0.001173661439679563,1.003904104232788,0.08928858488798141,0.012172858230769634,-0.06110323220491409,0.0,274.478371834304,0.0
31.984,0.012723727336590912,0.2663601823916244,-0.011797065477010074,85,-0.0027975449338555336,0.0018244099337607622,1.0007429122924805,-0.24725697934627533,0.06903882324695587,-0.007855652831494808,0.0,274.478371834304,0.0
32.035,0.011338667983053654,0.2646682196485762,-0.009135199041410075,85,-0.003593956818804145,0.000878322112839669,1.001427173614502,0.03977305814623833,0.07612550258636475,-0.1479319930076599,0.0,274.478371834304,0.0
32.085,0.010890241115127167,0.27094686080739777,0.004633457259937678,85,-0.006291200872510672,0.0006103414343670011,0.9999676942825317,-0.021642394363880157,0.021224388852715492,0.09218167513608932,0.0,274.478371834304,0.0
32.135,0.013501603744313737,0.28070030763696063,0.0028648392793065762,85,-0.005653710570186377,-0.0006133251590654254,0.9992913603782654,0.17922498285770416,-0.06618460267782211,0.11126943677663803,0.0,274.478371834304,0.0
32.186,0.015168812030296115,0.28479051001498656,0.00836503520629267,85,-0.006030502263456583,0.0006737991352565587,1.000045657157898,-0.06766379624605179,-0.07861596345901489,-0.04771120101213455,0.0,274.478371834304,0.0
32.236,0.013843752561574104,0.2776653406138672,0.012119499978395214,85,-0.004935249220579863,8.64370394992875e-06,0.999336302280426,0.027047399431467056,-0.05322341248393059,-0.16283847391605377,0.0,274.478371834304,0.0
32.286,0.013149543898156658,0.2759988615991892,0.017505519531655724,85,-0.004908659029752016,0.002026297152042389,0.9999889135360718,-0.11435263603925705,0.08413349092006683,-0.1287335902452469,0.0,274.478371834304,0.0
32.337,0.01105822931200157,0.2773901878795162,0.026715407890880723,85,-0.005126792471855879,0.0009770415490493178,1.000766396522522,-0.17057651281356812,0.09678126871585846,-0.08989503979682922,0.0,274.478371834304,0.0
32.387,0.010814096427044971,0.279928173213587,0.023834957725805923,85,-0.004949245136231184,0.003457455663010478,0.9991979598999023,0.16666197776794434,-0.11787877231836319,-0.019260911270976067,0.0,278.7653861491426,0.0
32.437,0.013684959472141107,0.28269599839976506,0.017821630707388913,85,-0.004120263736695051,0.0015227214898914099,1.0018916130065918,-0.2209412306547165,0.015029648318886757,-0.00037831609370186925,0.0,278.7653861491426,0.0
32.487,0.01862801880645837,0.28736529039792497,0.006392046613166486,85,-0.006147562991827726,-0.003181811887770891,1.00025475025177,0.08652927726507187,-0.031239857897162437,0.22852161526679993,0.0,278.7653861491426,0.0
32.538,0.016811172313270756,0.2876564721086458,0.005465145214049745,85,-0.003776620840653777,-0.0021081152372062206,1.0017354488372803,-0.006476878188550472,0.0917869284749031,0.003811485366895795,0.0,278.7653861491426,0.0
32.588,0.012780346936802254,0.2899096537238062,0.012613098719465888,85,-0.005793822929263115,-0.00012050550139974803,1.0028533935546875,0.19746696949005127,0.05502531677484512,0.025680668652057648,0.0,278.7653861491426,0.0
32.638,0.010345389897381766,0.2899112670398819,0.01180838265675861,85,-0.003807871136814356,-0.00049253785982728,1.000276803970337,-0.03264720365405083,0.036861978471279144,-0.020643441006541252,0.0,278.7653861491426,0.0
32.689,0.007183288941660018,0.30063667634689367,0.001193227862732993,85,-0.008663211017847061,0.00013866860535927117,1.0003101825714111,-0.13567288219928741,-0.14553573727607727,0.04961781948804855,0.0,278.7653861491426,0.0
32.739,0.008152158667443695,0.2929757821501639,-0.0002716190677545782,85,-0.004196962807327509,0.0012681989464908838,0.9995036125183105,0.021705374121665955,-0.15385837852954865,0.005965751595795155,0.0,278.7653861491426,0.0
32.789,0.00498253838983254,0.28843259674718424,-0.005331793474654056,85,-0.004363327287137508,-0.0006160642369650304,1.0009958744049072,-0.015919530764222145,-0.050632044672966,-0.1239808052778244,0.0,278.7653861491426,0.0
32.84,0.0037954593494551156,0.29684113734708323,-0.013473883809468129,85,-0.008252330124378204,-0.0007068312843330204,0.9998401403427124,0.33806321024894714,0.007396496832370758,0.10401845723390579,0.0,278.7653861491426,0.0
32.89,0.0066081773091729275,0.30214564813141387,-0.00924946172252072,85,-0.006447773426771164,-0.0008015213534235954,0.9994753003120422,0.05167671665549278,-0.12632939219474792,0.05512557551264763,0.0,278.7653861491426,0.0
32.94,0.007176534953719705,0.3007875058891256,-0.015600299853413742,85,-0.005461576394736767,-0.00038566734292544425,0.9998404383659363,-0.07646658271551132,0.0330960676074028,-0.05607343837618828,0.0,285.793404197329,0.0
32.991,0.010084951862782528,0.2979992718243384,-0.019990792604360215,85,-0.0064312792383134365,-0.0008888869197107852,1.0011451244354248,-0.24972116947174072,-0.06673071533441544,-0.18730607628822327,0.0,285.793404197329,0.0
33.041,0.011805553484077339,0.3017754074997766,-0.011136280224417183,85,-0.00450977822765708,0.0005273402202874422,1.0015339851379395,0.09187673032283783,0.1263130009174347,0.037610869854688644,0.0,285.793404197329,0.0
33.091,0.010732616721538817,0.3006705881832882,-0.016386376380495126,85,-0.003598075592890382,-0.0015440733404830098,0.9997331500053406,0.017444994300603867,-0.2564728856086731,-0.02029462158679962,0.0,285.793404197329,0.0
33.142,0.0101329675248017,0.30656095484538814,-0.01218446099861036,85,-0.0073525626212358475,-0.0007699052803218365,0.9985308051109314,0.1662534922361374,0.10822797566652298,0.027155200019478798,0.0,285.793404197329,0.0
33.192,0.011137290186786749,0.30413949412935043,-0.00525032615296943,85,-0.004776233807206154,-0.0011200900189578533,0.9999496340751648,0.08345484733581543,0.08181990683078766,0.025213265791535378,0.0,285.793404197329,0.0
33.242,0.014079579280171286,0.29901826650493973,-7.023850070738765e-05,85,-0.004580583423376083,-0.0006772877532057464,0.9974258542060852,-0.07167194038629532,0.07297962158918381,0.10944508761167526,0.0,285.793404197329,0.0
33.293,0.013214391729421035,0.2965805607128337,-0.0069438061407484574,85,-0.0060985819436609745,0.0006976428558118641,1.0008596181869507,-0.08181648701429367,-0.058495018631219864,-0.20873841643333435,0.0,285.793404197329,0.0
33.343,0.011163969969040989,0.31135308448387666,-0.011122419735049151,85,-0.00799734890460968,0.0011204369366168976,0.9991093873977661,0.17136862874031067,0.1808270812034607,-0.04120222106575966,0.0,285.793404197329,0.0
33.394,0.012233734616462282,0.30694661283728786,-0.0008440459584894164,85,-0.0038599136751145124,0.0006035443511791527,1.0027716159820557,-0.05743449926376343,-0.03725937381386757,0.24558314681053162,0.0,285.793404197329,0.0
33.444,0.012692486990375267,0.29689215263448376,-0.010770615213273695,85,-0.005400749854743481,-0.0025535100139677525,1.0014071464538574,0.21278925240039825,0.1232907846570015,0.015806330367922783,0.0,285.793404197329,0.0
33.494,0.014056036556561595,0.29128408559058916,-0.009782289368187256,85,-0.002628076123073697,0.001588782062754035,1.002044439315796,0.123133584856987,0.15675528347492218,0.14895324409008026,0.0,286.5940553467714,0.0
33.544,0.013910292550590427,0.280964107132505,-0.010260667593177585,85,-0.004365694243460894,0.00042886476148851216,1.0024815797805786,0.0634131208062172,0.1325942575931549,0.05668437480926514,0.0,286.5940553467714,0.0
33.594,0.01402576004697914,0.2747473096449878,-0.015129755287961217,85,-0.003924342803657055,-0.0007458761683665216,1.0021600723266602,0.019945835694670677,0.09416382759809494,0.11532524228096008,0.0,286.5940553467714,0.0
33.645,0.015527414026296283,0.27282300071852644,0.00031919435441986164,85,-0.004928939510136843,0.00113843590952456,1.0006834268569946,-0.06471160054206848,0.1796581894159317,0.06626798212528229,0.0,286.5940553467714,0.0
33.695,0.01472260157666323,0.2752854602744908,-0.0062608047986761235,85,-0.006034978199750185,2.717917595873587e-05,1.0001603364944458,-0.03334596008062363,0.03301220014691353,0.0291035957634449,0.0,286.5940553467714,0.0
33.746,0.01597211322684443,0.27635414028240335,-0.008814771751896256,85,-0.0032858611084520817,-0.0017392790177837014,1.0004799365997314,-0.3032585680484772,-0.11322423815727234,-0.07554741203784943,0.0,286.5940553467714,0.0
33.796,0.016275914192413202,0.2667970381048777,-0.026357543240971403,85,-0.004374172072857618,-0.0030212062411010265,1.0014822483062744,0.12021355330944061,-0.0880739837884903,-0.23372510075569153,0.0,286.5940553467714,0.0
33.847,0.012346690388559253,0.27275724527363837,-0.024451996420009683,85,-0.008574270643293858,-0.0007376096327789128,1.0005282163619995,-0.20285232365131378,0.059714458882808685,-0.17066751420497894,0.0,286.5940553467714,0.0
33.897,0.01397083200792821,0.2740418207926473,-0.028588023791464922,85,-0.0033857182133942842,-0.0007387141813524067,1.0008518695831299,0.09567711502313614,0.09692363440990448,0.020220931619405746,0.0,286.5940553467714,0.0
33.948,0.01663343461990044,0.2688027350568865,-0.020704760593445143,85,-0.004611772485077381,-0.0005082854186184704,1.0017809867858887,-0.15820753574371338,-0.06221529096364975,0.16414354741573334,0.0,286.5940553467714,0.0
33.998,0.017931178474175486,0.28465805152580576,-0.02822801490802449,85,-0.007913299836218357,-0.0015390649205073714,1.0022679567337036,0.20992062985897064,-0.017861245200037956,0.09235358983278275,0.0,286.3201583725852,0.0
34.048,0.019300233404927203,0.28982526630940736,-0.022729914077448055,85,-0.0048732147552073,0.00015069227083586156,1.0005061626434326,-0.10003823041915894,0.10159608721733093,0.0920424684882164,0.0,286.3201583725852,0.0
34.098,0.02131201566057624,0.298955551525316,-0.029026763247575634,85,-0.004626428708434105,-0.0016407103976234794,0.9973304271697998,0.3587243854999542,0.17449450492858887,0.20733101665973663,0.0,286.3201583725852,0.0
34.149,0.02154414867161118,0.29889024909259604,-0.02647934999393875,85,-0.005665328819304705,-0.0013720262795686722,1.0033454895019531,0.058632127940654755,0.03600304201245308,0.04126124083995819,0.0,286.3201583725852,0.0
34.199,0.01930609429329866,0.30060314121958176,-0.03222474339931889,85,-0.005162165034562349,-0.00015525647904723883,1.0004209280014038,0.22676727175712585,0.004925692919641733,-0.0459076426923275,0.0,286.3201583725852,0.0
34.249,0.01917411423553239,0.29363222253566496,-0.018253127108075928,85,-0.005419058725237846,0.0017261877655982971,1.0028579235076904,0.20038101077079773,-0.05554337054491043,0.07388576120138168,0.0,286.3201583725852,0.0
34.299,0.021829697752299232,0.2919588699870852,-0.015988687976017792,85,-0.006198015529662371,0.0004700952267739922,1.0022265911102295,-0.05224956199526787,-0.029164105653762817,-0.004892117343842983,0.0,286.3201583725852,0.0
34.35,0.022132007360082834,0.2880371350356764,-0.021974069180198137,85,-0.0058503118343651295,-0.0005959105328656733,0.9997730255126953,0.19813191890716553,-0.11459038406610489,0.34104135632514954,0.0,286.3201583725852,0.0
34.401,0.022067837151618017,0.29161624136255687,-0.015128716033368907,85,-0.006091197486966848,0.00034497762680985034,1.0006458759307861,0.13140685856342316,0.08781836926937103,-0.04504828155040741,0.0,286.3201583725852,0.0
34.451,0.023522849187066545,0.29424637475979815,-0.012213980816987565,85,-0.005323803052306175,0.0013559135841205716,0.9989688992500305,0.0012706257402896881,-0.08884356170892715,0.2786756753921509,0.0,286.3201583725852,0.0
34.501,0.02454582619909329,0.29227582902258625,-0.01995325972849788,85,-0.0029527710285037756,-0.0008349981508217752,1.0006818771362305,0.05060649290680885,-0.13224469125270844,-0.011820021085441113,0.0,286.3201583725852,0.0
34.552,0.024757206205629927,0.291915774888092,-0.005593750746589422,85,-0.0021582497283816338,0.001267542946152389,0.999800980091095,0.21221423149108887,-0.07268223911523819,-0.040647074580192566,0.0,266.71143329518,0.0
34.602,0.024143222481339027,0.2854909282222019,-0.014103620003141708,85,-0.004166590981185436,0.0005367365665733814,1.0010318756103516,0.02068820223212242,-0.13866250216960907,-0.003014768473803997,0.0,266.71143329518,0.0
34.652,0.0258996910607927,0.28784991351353534,-0.022023815083443497,85,-0.004727283492684364,-0.0027288100682199,1.0007168054580688,-0.0828859955072403,0.05420354753732681,-0.019214125350117683,0.0,266.71143329518,0.0
34.702,0.02413511259786077,0.28945719266943754,-0.005139189450355735,85,-0.005556629970669746,0.002570645185187459,0.9994408488273621,-0.00030443689320236444,-0.025035833939909935,-0.05929691344499588,0.0,266.71143329518,0.0
34.753,0.023719312709587645,0.2906111240036559,0.0009492555749036472,85,-0.0065250154584646225,0.0008401387603953481,1.0028412342071533,-0.16532161831855774,-0.0781182274222374,-0.09384109079837799,0.0,266.71143329518,0.0
34.803,0.022858103630104477,0.2952320484167117,-0.00653029645046204,85,-0.007637942209839821,-0.0019871762488037348,0.9993484020233154,-0.18117037415504456,0.011087537743151188,-0.11574450880289078,0.0,266.71143329518,0.0
34.853,0.021302334405147883,0.2942519152786791,-0.0034876896157649794,85,-0.0049409037455916405,0.0013520681532099843,1.0022729635238647,-0.1404169201850891,-0.09431298822164536,0.004413461312651634,0.0,266.71143329518,0.0
34.903,0.021027008207040187,0.2953299829736994,0.008554145021686358,85,-0.004032822325825691,0.001966829877346754,0.9976855516433716,0.025600222870707512,0.059082433581352234,-0.11527583003044128,0.0,266.71143329518,0.0
34.954,0.02304796911144581,0.29607899146918076,0.009362608400743891,85,-0.007034101523458958,0.0007918258779682219,1.0026309490203857,0.06038382649421692,-0.10455939918756485,0.10380630940198898,0.0,266.71143329518,0.0
35.004,0.019360769446466707,0.2997756620757752,0.001583677857584939,85,-0.005237874109297991,-0.0005620339652523398,1.0015064477920532,-0.2396376132965088,-0.004479554947465658,-0.01034811232239008,0.0,266.71143329518,0.0
35.054,0.017721542583080643,0.30761801834537184,-0.0012529809264996384,85,-0.006345471367239952,-0.00010289503552485257,1.0021451711654663,-0.45032015442848206,0.058848071843385696,-0.2886742353439331,0.0,285.3462140281652,0.0
35.104,0.01645404123472219,0.3053198989728215,-0.00793391540311528,85,-0.0052993339486420155,-0.002510049846023321,1.0022562742233276,0.08861315995454788,-0.11401455849409103,-0.028335021808743477,0.0,285.3462140281652,0.0
35.155,0.01789986148611512,0.31441808363565726,-0.020696208686134896,85,-0.00727435015141964,-0.0008191609522327781,1.0002785921096802,-0.018883759155869484,-0.06754422187805176,0.022399460896849632,0.0,285.3462140281652,0.0
35.205,0.01678603830545041,0.3164383272523981,-0.014863299892066112,85,-0.007355670910328627,-0.0009540804312564433,0.9992062449455261,0.13591185212135315,-0.3060273826122284,0.142075777053833,0.0,285.3462140281652,0.0
35.256,0.01965759013476427,0.31061074087068036,-0.01406473765268317,85,-0.004409166984260082,-0.0012496522394940257,1.0017063617706299,-0.060786474496126175,-0.03640267997980118,0.1878471076488495,0.0,285.3462140281652,0.0
35.306,0.01574113924909434,0.2892775824359792,-0.01818901107307124,85,-0.0029814511071890593,-0.00033532886300235987,1.0007691383361816,0.224374458193779,-0.046494875103235245,0.12447803467512131,0.0,285.3462140281652,0.0
35.356,0.016072226521140643,0.2942289479175576,-0.011051807058906592,85,-0.005704519338905811,0.0020142097491770983,1.001247763633728,0.058275654911994934,-0.024780984967947006,0.09553906321525574,0.0,285.3462140281652,0.0
35.407,0.01526559345007575,0.29017353725868755,-0.011871382518391399,85,-0.00362729886546731,-0.0010005072690546513,0.9998915791511536,0.36711427569389343,-0.11754315346479416,-0.05234493315219879,0.0,285.3462140281652,0.0
35.457,0.016721892943393445,0.2815831213625193,-0.0229764206735969,85,-0.005037594586610794,-0.004110286477953196,1.0005724430084229,0.06453277170658112,-0.10352730751037598,0.11021300405263901,0.0,285.3462140281652,0.0
35.508,0.016724039630348235,0.2834867783345918,-0.01848134076569211,85,-0.0059719267301261425,0.0005420169327408075,1.0017433166503906,-0.1097780093550682,0.27721694111824036,-0.16718944907188416,0.0,285.3462140281652,0.0
35.558,0.01667442415236899,0.28884923033435544,-0.015330662485886715,85,-0.0034536258317530155,0.001573976594954729,1.0018596649169922,0.23228301107883453,-0.09830639511346817,0.1441301852464676,0.0,285.3462140281652,0.0
35.608,0.016883351581587578,0.2902122131155891,-0.008271592698604393,85,-0.006166176870465279,0.00019736611284315586,1.0034773349761963,-0.18601243197917938,0.10728199034929276,0.13456930220127106,0.0,282.5969545883304,0.0
35.659,0.017688872124368336,0.30132213045472694,-0.014874853336467734,85,-0.005564838647842407,-0.00038712043897248805,1.0013914108276367,-0.04198573902249336,0.19009919464588165,0.07013394683599472,0.0,282.5969545883304,0.0
35.709,0.022076935882599926,0.3045875549485588,-0.009666190110341004,85,-0.004049879498779774,2.4275532268802635e-06,1.0025709867477417,0.061872221529483795,-0.053854987025260925,0.20868103206157684,0.0,282.5969545883304,0.0
35.76,0.025493383245407706,0.2971579311291738,-0.00046049734626981103,85,-0.006471829954534769,-0.00034917567973025143,1.0038464069366455,-0.05259436368942261,0.13384497165679932,0.23283742368221283,0.0,282.5969545883304,0.0
35.81,0.02266719845177766,0.2892018914261298,0.007001435658830143,85,-0.004624346736818552,0.002201972994953394,1.0014052391052246,-0.38934436440467834,0.016625385731458664,0.0939105972647667,0.0,282.5969545883304,0.0
35.86,0.021875529276614784,0.29442032827696685,0.004756322792909194,85,-0.005377461202442646,0.002563430927693844,1.0009175539016724,0.31386062502861023,0.1722443550825119,0.12364295870065689,0.0,282.5969545883304,0.0
35.91,0.023409670570317228,0.283143164799186,-0.00390439159135583,85,-0.004252672661095858,0.0005938478861935437,0.9979327917098999,-0.09077123552560806,0.0722767785191536,-0.047859471291303635,0.0,282.5969545883304,0.0
35.961,0.02346721352307133,0.2802992766349454,0.0007309289472161677,85,-0.0035621561110019684,-0.000770383863709867,1.0005533695220947,-0.004242440219968557,-0.07842317223548889,0.08668870478868484,0.0,282.5969545883304,0.0
36.011,0.02394779554055719,0.28019877614512767,-0.0006554319323631326,85,-0.006204553879797459,0.0008814840693958104,1.0016196966171265,0.23571312427520752,0.19420786201953888,-0.015723111107945442,0.0,282.5969545883304,0.0
36.062,0.022948822378319068,0.27794133312268055,-0.00603073357848475,85,-0.0031109892297536135,0.00034762415452860296,1.0011218786239624,0.14426161348819733,-0.184149369597435,-0.12001939862966537,0.0,282.5969545883304,0.0
36.112,0.023717341683512447,0.2749983753351262,-0.008899904499431422,85,-0.004158759489655495,-0.00010417029989184812,1.0003925561904907,0.07920058816671371,-0.0048424056731164455,0.12159742414951324,0.0,286.8684768483688,0.0
36.162,0.0262019135835519,0.2880691240686942,-0.014026600352792734,85,-0.0062357522547245026,0.0010603214614093304,0.9992123246192932,-0.021644409745931625,-0.09692001342773438,0.1585140973329544,0.0,286.8684768483688,0.0
36.212,0.028279827518640076,0.3013785171458492,0.005035406607796663,85,-0.0056273480877280235,0.002024102956056595,1.0029757022857666,-0.031826891005039215,0.023253079503774643,0.039922211319208145,0.0,286.8684768483688,0.0
36.263,0.030402801276736634,0.29012162887648124,0.01548481491920614,85,-0.004483840893954039,0.001884947530925274,0.9996828436851501,0.33734795451164246,0.10912205278873444,0.11782798171043396,0.0,286.8684768483688,0.0
36.313,0.027099372316817767,0.27886476767837776,0.013021939704653932,85,-0.0036883798893541098,0.0006757992669008672,1.0025756359100342,0.05796109884977341,0.1041760966181755,0.11924545466899872,0.0,286.8684768483688,0.0
36.363,0.02509962465261025,0.28222885794304375,0.010400591921537498,85,-0.004977928940206766,0.0011665266938507557,1.0022447109222412,0.13543392717838287,-0.07574926316738129,-0.20759345591068268,0.0,286.8684768483688,0.0
36.414,0.02700926034647347,0.28095347424450884,0.019291825591149333,85,-0.006474560592323542,0.0014114377554506063,1.0005930662155151,-0.007313034031540155,0.06646319478750229,0.012203174643218517,0.0,286.8684768483688,0.0
36.464,0.027666562176959123,0.28191012507057817,0.010254440036801612,85,-0.003526256186887622,-4.100789374206215e-05,0.9984779357910156,-0.15008115768432617,0.042688097804784775,-0.1091364398598671,0.0,286.8684768483688,0.0
36.514,0.029281849836017896,0.2704430876121459,0.0005166926007343774,85,-0.0027399419341236353,-0.0022571950685232878,0.9994484782218933,0.1838304102420807,0.12121127545833588,-0.14258822798728943,0.0,286.8684768483688,0.0
36.565,0.029121011205900493,0.27420887388048615,-0.0029877531728727206,85,-0.005822028033435345,0.0007368479855358601,1.0008221864700317,-0.00726594403386116,0.07352447509765625,0.05817776545882225,0.0,286.8684768483688,0.0
36.615,0.028554600869953414,0.2863685253401331,0.0014161110966995284,85,-0.007700334768742323,0.0006381745915859938,1.001081943511963,0.2468981146812439,0.03959878161549568,0.06823204457759857,0.0,286.8684768483688,0.0
36.665,0.031515542155540824,0.27970808269668684,0.009426818853561175,85,-0.0029432903975248337,0.001955236541107297,0.9998295903205872,-0.0435589924454689,0.05279337987303734,0.0005478922976180911,0.0,283.01646423751686,0.0
36.715,0.02813868638172016,0.2769353704940362,0.012333323994910089,85,-0.0033059590496122837,-0.00032311343238689005,1.0001952648162842,0.004584687761962414,0.040231816470623016,-0.2099858820438385,0.0,283.01646423751686,0.0
36.766,0.02576892535753254,0.2761967399195582,0.010607699986754296,85,-0.0039044925943017006,-0.0016308620106428862,0.9991416931152344,-0.13619571924209595,-0.04040283337235451,-0.2735404372215271,0.0,283.01646423751686,0.0
36.816,0.027486791004967294,0.28337279960033257,0.0033331537762764404,85,-0.005484042223542929,-0.000618680496700108,1.000962495803833,-0.009034533053636551,0.004385600797832012,0.08104344457387924,0.0,283.01646423751686,0.0
36.867,0.026873271016561322,0.2907999659933127,-0.0026607696287830997,85,-0.0053238836117088795,-0.00021797478257212788,1.000444769859314,-0.15547259151935577,0.0762103870511055,0.003465981688350439,0.0,283.01646423751686,0.0
36.917,0.0294961096829043,0.291671450498716,-0.009829740316896225,85,-0.00563328992575407,-0.0014480137033388019,1.0011907815933228,-0.025494657456874847,0.13243862986564636,0.21996912360191345,0.0,283.01646423751686,0.0
36.967,0.028625286886720384,0.28990283174595255,-0.007610374416976432,85,-0.005923124495893717,0.0019292233046144247,1.0006660223007202,0.09409390389919281,-0.019313400611281395,-0.16754518449306488,0.0,283.01646423751686,0.0
37.018,0.02670912241377171,0.28899853460475866,-0.009858413869797251,85,-0.006239897105842829,0.0018101014429703355,0.9991873502731323,-0.14630724489688873,-0.0810670554637909,0.08378557115793228,0.0,283.01646423751686,0.0
37.068,0.027302605764141244,0.28873172032770883,-0.001694877778394481,85,-0.003946501761674881,0.0012920788722112775,0.9990441203117371,0.14667192101478577,0.003650425700470805,0.1438242495059967,0.0,283.01646423751686,0.0
37.118,0.029063887820024108,0.2994755379749444,-0.006050763022312599,85,-0.00739934341982007,5.950847116764635e-05,1.0028232336044312,0.06242162361741066,0.07020173221826553,-0.05683901906013489,0.0,283.01646423751686,0.0
37.169,0.02830164311834256,0.29032650149050426,-0.009005584706422938,85,-0.004253707826137543,-0.000741597730666399,1.0010274648666382,-0.267143577337265,-0.05516878888010979,-0.01923336274921894,0.0,269.10714744001024,0.0
37.219,0.02615511707513842,0.2808318972876124,-0.013091463445244662,85,-0.00513555807992816,-0.0012480930890887976,1.000019907951355,0.12744134664535522,-0.030416859313845634,0.19398482143878937,0.0,269.10714744001024,0.0
37.27,0.026204780536615974,0.2819376221093338,-0.015739350057383934,85,-0.003018710296601057,-0.001062796451151371,1.0013090372085571,0.2292218655347824,-0.026819655671715736,-0.10935665667057037,0.0,269.10714744001024,0.0
37.32,0.027381258827933172,0.28076633574472776,-0.017875212789395092,85,-0.006297544576227665,-0.00015524664195254445,1.0008294582366943,-0.11803317070007324,-0.04532972723245621,0.12658977508544922,0.0,269.10714744001024,0.0
37.37,0.029263254674470024,0.2902286959392196,-0.03403887208423063,85,-0.0067594414576888084,-0.0030361239332705736,1.000106930732727,0.05992772430181503,-0.04903815686702728,0.02942066825926304,0.0,269.10714744001024,0.0
37.421,0.03203772798083638,0.3003875013434595,-0.032706338979216175,85,-0.00466970494017005,-0.00038260783185251057,1.0005415678024292,0.2527509331703186,0.16216932237148285,0.1206362321972847,0.0,269.10714744001024,0.0
37.471,0.03342217644892249,0.30709710858711475,-0.033137495823879405,85,-0.007934089750051498,0.001500938436947763,1.0029094219207764,-0.07372554391622543,-0.17169377207756042,0.010739103890955448,0.0,269.10714744001024,0.0
37.521,0.03177943716082137,0.3060044128924859,-0.026036313217603947,85,-0.004035545513033867,0.0021011503413319588,1.0016692876815796,0.1621520221233368,0.05985550582408905,0.07911472022533417,0.0,269.10714744001024,0.0
37.572,0.03109846876172186,0.308500239095443,-0.016186187961942565,85,-0.0071028550155460835,0.0004191442858427763,1.0015662908554077,0.08347277343273163,0.0004475274763535708,0.08085636049509048,0.0,269.10714744001024,0.0
37.622,0.02983569029842786,0.30833298053942054,-0.023397277095483844,85,-0.0055031259544193745,-0.002984247636049986,1.000893473625183,0.011175024323165417,-0.07510890066623688,-0.09091135114431381,0.0,269.10714744001024,0.0
37.672,0.028446286470971804,0.3105104855105662,-0.028769759439058264,85,-0.005232539027929306,-0.002272572135552764,1.0019112825393677,0.16497254371643066,-0.2394856959581375,-0.0563855804502964,0.0,269.10714744001024,0.0
37.723,0.02626824327289986,0.3021240649169106,-0.03505171337263924,85,-0.003639386733993888,-0.0014713542768731713,1.0013577938079834,-0.1182328388094902,0.036658912897109985,-0.004260356537997723,0.0,283.64806925001693,0.0
37.773,0.02764635114385082,0.3019073202625664,-0.038541202158962874,85,-0.005862912628799677,-0.0017777642933651805,1.0010817050933838,-0.061913248151540756,-0.16149413585662842,-0.04950910061597824,0.0,283.64806925001693,0.0
37.823,0.02481500092443473,0.29554221379981904,-0.03965277215063508,85,-0.00488724559545517,-0.00014726554218214005,0.9973956346511841,0.22617441415786743,-0.028412217274308205,0.25029370188713074,0.0,283.64806925001693,0.0
37.873,0.02863458058677072,0.2973036416613146,-0.021831835305528347,85,-0.005528345704078674,8.924442226998508e-05,1.000085711479187,0.02066723071038723,0.01665257103741169,0.01863400824368,0.0,283.64806925001693,0.0
37.924,0.02705754730203351,0.30541393824492785,-0.011616861901505583,85,-0.0046796356327831745,0.0009258953505195677,1.002077341079712,0.04554978385567665,0.08588288724422455,0.03964836522936821,0.0,283.64806925001693,0.0
37.974,0.02666907231876402,0.3079337651020665,-0.011313208104387202,85,-0.00597313093021512,-0.0010640602558851242,1.0005600452423096,0.16078387200832367,-0.003763064742088318,-0.07393662631511688,0.0,283.64806925001693,0.0
38.024,0.028651713259572886,0.3093700993096199,-0.009487069161374033,85,-0.006540591362863779,0.001300486852414906,1.0025839805603027,0.23328962922096252,-0.018839554861187935,0.15679135918617249,0.0,283.64806925001693,0.0
38.075,0.02707728405411191,0.30922218688273967,0.005823070488981167,85,-0.005722000263631344,0.0024168232921510935,1.000097632408142,-0.27770286798477173,0.010966959409415722,-0.020036976784467697,0.0,283.64806925001693,0.0
38.125,0.02861504513197512,0.31260736519984983,-0.004409942038277868,85,-0.004692706745117903,-0.0013088365085422993,1.002415657043457,0.010962705127894878,-0.16145898401737213,0.147037073969841,0.0,283.64806925001693,0.0
38.176,0.02867992328624685,0.3102468170723451,-0.0036580151517341965,85,-0.004008250776678324,0.001850245287641883,1.0001195669174194,-0.2863302528858185,-0.10339651256799698,-0.09971576929092407,0.0,283.64806925001693,0.0
38.226,0.0239507953593233,0.30529351919036374,-0.001953266307571999,85,-0.007176632061600685,-0.0015573276905342937,1.0013011693954468,0.17629565298557281,0.0013657729141414165,-0.06442320346832275,0.0,287.1827456350565,0.0
38.277,0.024289794876956535,0.30099526386646336,-0.002473783444203012,85,-0.004518257919698954,0.0007205384317785501,1.0031121969223022,0.011901925317943096,0.13534283638000488,-0.07893893867731094,0.0,287.1827456350565,0.0
38.327,0.024937902965698085,0.30863563878671807,0.0022719248137600266,85,-0.004036561585962772,-0.0008024167618714273,1.000641107559204,-0.15962983667850494,0.011890705674886703,-0.020147869363427162,0.0,287.1827456350565,0.0
38.378,0.024193746763480715,0.318234318769808,0.005657554884441608,85,-0.00585588626563549,0.0012404517037793994,1.002629041671753,0.09623776376247406,0.06596915423870087,-0.04601901397109032,0.0,287.1827456350565,0.0
38.428,0.025032090819460378,0.31318066466088923,0.006292062856317616,85,-0.004876079503446817,0.0012760263634845614,1.000244379043579,-0.05801839381456375,0.1027945950627327,0.08282936364412308,0.0,287.1827456350565,0.0
38.478,0.022976263320821717,0.3035801190990031,0.002888315980892196,85,-0.004766835365444422,-0.0013569100992754102,1.0013213157653809,-0.23973475396633148,-0.04016261547803879,-0.2001158893108368,0.0,287.1827456350565,0.0
38.529,0.02337323982790627,0.30576996903023373,-0.006895973289373627,85,-0.0046548484824597836,-0.00030211638659238815,1.0004693269729614,-0.12398012727499008,0.10571839660406113,0.14396530389785767,0.0,287.1827456350565,0.0
38.579,0.02465189291416699,0.31211005474883585,-0.008610855216086465,85,-0.006280779838562012,-0.00023774408327881247,1.0027544498443604,0.09213244169950485,0.15669949352741241,0.1722652018070221,0.0,287.1827456350565,0.0
38.63,0.02726493442659956,0.30765949406063353,-0.010503830940960012,85,-0.007544058375060558,-0.00023877738567534834,1.0020594596862793,0.02894151769578457,-0.1916697472333908,0.134008526802063,0.0,287.1827456350565,0.0
38.68,0.023879009511246045,0.30406554751266346,-0.006975663836649583,85,-0.0040563177317380905,-0.0017663697944954038,0.9998743534088135,-0.1403476595878601,-0.02451673522591591,-0.020665153861045837,0.0,287.1827456350565,0.0
38.73,0.023294988038009137,0.30272957492665364,-0.0078973353682639,85,-0.005422068759799004,-0.0004395813448354602,1.0000003576278687,0.15732721984386444,-0.025308871641755104,-0.08877398818731308,0.0,287.1827456350565,0.0
38.781,0.022811629178344513,0.29968294209589175,0.004350426519387649,85,-0.005338214337825775,0.00010475380986463279,1.0018806457519531,0.1397254914045334,-0.06176387891173363,0.0070222485810518265,0.0,286.5940553467714,0.0
38.831,0.020765939637270203,0.29349325461870623,0.005305180659636281,85,-0.004569993820041418,0.0012491251109167933,1.0016891956329346,-0.1267479509115219,0.03585754334926605,-0.008263935334980488,0.0,286.5940553467714,0.0
38.882,0.022993459582108595,0.29542983126754585,0.0028456874515301704,85,-0.005933128297328949,1.292998831559089e-06,1.0006368160247803,0.10213775187730789,0.0486026331782341,-0.020621566101908684,0.0,286.5940553467714,0.0
38.932,0.02251842479900295,0.29197889033908137,-0.008605715661092085,85,-0.00352235184982419,0.00023989184410311282,1.0005757808685303,-0.0979088768362999,0.019714614376425743,-0.17977941036224365,0.0,286.5940553467714,0.0
38.982,0.02454578251818008,0.2783878038636286,-0.006738427542669947,85,-0.003402009140700102,-0.0005763031076639891,1.0019381046295166,-0.16569878160953522,0.043061841279268265,-0.002466505626216531,0.0,286.5940553467714,0.0
39.032,0.022980521334351654,0.2885361716220081,-0.006133569540322731,85,-0.005372894462198019,-0.0019442394841462374,0.9995004534721375,0.09757818281650543,-0.1611412912607193,0.09356409311294556,0.0,286.5940553467714,0.0
39.083,0.02355687883066383,0.28456456811685177,-0.0031708081318087395,85,-0.004903094377368689,-0.0006541360053233802,1.0028376579284668,0.07290513068437576,-0.030836328864097595,0.051136329770088196,0.0,286.5940553467714,0.0
39.133,0.026342515533205123,0.2767161598821778,-0.0013432456267276184,85,-0.003873437875881791,-0.0009622230427339673,1.003887414932251,0.07642676681280136,-0.09774798899888992,0.14237447082996368,0.0,286.5940553467714,0.0
39.183,0.0257715912013725,0.2757887360061521,-0.0004123772307238651,85,-0.0052594696171581745,-0.000828449847176671,1.0024232864379883,0.19147472083568573,-0.06594149023294449,0.10068125277757645,0.0,286.5940553467714,0.0
39.233,0.02532881535104148,0.2873285178284844,-0.004356991990804317,85,-0.006574470549821854,-0.0007560710073448718,1.0011402368545532,0.17267097532749176,0.07166202366352081,-0.01875901035964489,0.0,286.5940553467714,0.0
39.284,0.02834774245459973,0.29292915063010955,0.0013260953392234401,85,-0.0065251365303993225,0.0003397905675228685,0.9998915195465088,0.12562768161296844,0.04863681271672249,0.20478013157844543,0.0,286.5940553467714,0.0
39.334,0.027327219679358222,0.29882789821004485,-0.0027300333296909596,85,-0.004706361331045628,-0.0003150874690618366,1.0006814002990723,-0.00979581754654646,0.06415381282567978,-0.03428267315030098,0.0,285.55991285403053,0.0
39.384,0.0287634480674929,0.3050572023908484,-0.00883209127195197,85,-0.0044670430943369865,-0.0010071374708786607,1.0029408931732178,-0.05142614617943764,-0.010339653119444847,0.04951493442058563,0.0,285.55991285403053,0.0
39.435,0.03102438342757515,0.2972436020582304,0.0018457237137489665,85,-0.005041401833295822,0.001755976234562695,0.999592661857605,0.049530334770679474,0.07069773972034454,0.06262511759996414,0.0,285.55991285403053,0.0
39.486,0.030094435971189635,0.2811546964980608,0.0077280008822640306,85,-0.0046024867333471775,0.0006771250045858324,1.0023512840270996,-0.12806561589241028,0.1487588733434677,0.20697447657585144,0.0,285.55991285403053,0.0
39.536,0.028475659592812733,0.27971097468471245,0.002058325625496563,85,-0.004214630927890539,-0.0003294801281299442,0.9994162321090698,-0.014106392860412598,0.10733979195356369,-0.0006627899128943682,0.0,285.55991285403053,0.0
39.586,0.02808271485938572,0.27851738813005145,-0.00930983100105026,85,-0.004088316112756729,-0.0013913349248468876,0.9990525841712952,-0.17819884419441223,-0.02669244073331356,0.0738365575671196,0.0,285.55991285403053,0.0
39.637,0.02721264938247743,0.27628916388046826,-0.009286161084312149,85,-0.004239245317876339,0.0002233392297057435,1.0007582902908325,-0.08310918509960175,0.012744827196002007,-0.028879811987280846,0.0,285.55991285403053,0.0
39.687,0.028453983321362154,0.2723343545085606,-0.007455012410411221,85,-0.005080651957541704,0.0007327673374675214,1.0017845630645752,0.10274086892604828,0.03743867576122284,0.053101908415555954,0.0,285.55991285403053,0.0
39.738,0.027629132718405024,0.27874618314965294,-0.0034840161672655013,85,-0.004838727880269289,0.001626603421755135,1.0016484260559082,0.026356421411037445,-0.16672372817993164,-0.07228989154100418,0.0,285.55991285403053,0.0
39.788,0.027444022431915016,0.2737197949818986,-0.005469545882763166,85,-0.0035642203874886036,-0.0008168199565261602,1.0004401206970215,-0.07013638317584991,0.07427092641592026,-0.027857385575771332,0.0,285.55991285403053,0.0
39.838,0.026248664143589874,0.2835580884216058,-0.008708402103279608,85,-0.006302879191935062,-7.950029976200312e-05,1.0010091066360474,-0.28161343932151794,-0.0467289574444294,0.003638092428445816,0.0,287.773859348199,0.0
39.889,0.02742968367498617,0.28191256357188366,0.002535487777562379,85,-0.003768894588574767,0.0014263432240113616,1.0003405809402466,0.06085551902651787,-0.0008168317144736648,0.17750731110572815,0.0,287.773859348199,0.0
39.94,0.029712201720567828,0.2845383862560771,-3.0230078235675798e-05,85,-0.004101738799363375,-0.0007473661098629236,1.0003256797790527,-0.06910526752471924,0.2624486982822418,-0.002482206327840686,0.0,287.773859348199,0.0
39.99,0.028141716455179214,0.2789787489256714,-0.006854349600774258,85,-0.0026701632887125015,-0.0006308393203653395,1.0022095441818237,-0.06585650891065598,-0.0207059346139431,-0.22650480270385742,0.0,287.773859348199,0.0
40.04,0.02972511700137094,0.28923516285863743,0.0062574594100456675,85,-0.005964616313576698,0.0010511823929846287,0.9995803833007812,0.21319672465324402,-0.048332735896110535,0.043629664927721024,0.0,287.773859348199,0.0
40.091,0.02932665952360444,0.28486673592093853,-0.008374142891962208,85,-0.002595764584839344,-0.0008576051914133132,1.0012627840042114,0.11308761686086655,-0.04539019614458084,-0.1539449691772461,0.0,287.773859348199,0.0
40.141,0.0263520106697525,0.2891683272143199,-0.0054142377402225115,85,-0.006474912632256746,0.0004286717448849231,0.9995487332344055,-0.3104582726955414,-0.06400605291128159,-0.08943598717451096,0.0,287.773859348199,0.0
40.192,0.024388549194889062,0.2926103960257185,-0.0066214478942540865,85,-0.004904339089989662,-0.002273926744237542,0.999506950378418,-0.10941591113805771,0.043289799243211746,-0.1640668362379074,0.0,287.773859348199,0.0
40.242,0.023474285749566875,0.2858182577685616,-0.001660490264653207,85,-0.005411890335381031,0.0018922032322734594,1.0015345811843872,0.14412830770015717,0.07630477100610733,0.054036177694797516,0.0,287.773859348199,0.0
40.292,0.01838836471312016,0.27763425011245363,0.003554080073471495,85,-0.003859427757561207,0.0006845325115136802,1.0004863739013672,-0.030162101611495018,0.03590650111436844,-0.40845760703086853,0.0,287.773859348199,0.0
40.342,0.01720913204076053,0.2749290308149331,0.0008670907012658372,85,-0.003955128137022257,-0.0007122427923604846,0.9995903968811035,-0.048680562525987625,-0.04180029779672623,-0.07391548156738281,0.0,283.0737666194236,0.0
40.393,0.01297595456626905,0.28150733213968665,-0.0029150127186438495,85,-0.005536971613764763,0.0012212061556056142,1.0041992664337158,-0.0785127803683281,0.14448988437652588,-0.264535129070282,0.0,283.0737666194236,0.0
40.443,0.014384011211113951,0.2831442758210853,-0.006192484729344803,85,-0.0057973540388047695,-0.0017382478108629584,0.9999843835830688,0.0011890018358826637,-0.10791777819395065,-0.024428246542811394,0.0,283.0737666194236,0.0
40.494,0.015282090691534323,0.2762250076839811,-0.002185100704705406,85,-0.004108307883143425,0.00047502966481260955,1.0001449584960938,-0.17351746559143066,0.07423672080039978,0.02877730503678322,0.0,283.0737666194236,0.0
40.544,0.016097183640314247,0.28230127591900983,-0.0014031663722901284,85,-0.004567847121506929,-0.0011476168874651194,1.0017229318618774,0.11213704943656921,0.03504128381609917,0.025646163150668144,0.0,283.0737666194236,0.0
40.595,0.012308810743822044,0.2904616329607966,0.0025244979694628556,85,-0.0056326016783714294,0.0006057197460904717,0.999727189540863,0.20741595327854156,-0.21582800149917603,0.04566017538309097,0.0,283.0737666194236,0.0
40.645,0.008707393272555274,0.28912529545332505,0.005152385611886293,85,-0.004723025485873222,-0.0003770848270505667,0.9989948272705078,-0.13517123460769653,-0.04214191809296608,-0.13832156360149384,0.0,283.0737666194236,0.0
40.696,0.008010494767014235,0.2855083407323071,0.005492392896096345,85,-0.006666827481240034,-0.00021514599211513996,0.9983322620391846,-0.012668868526816368,-0.19215893745422363,0.08686290681362152,0.0,283.0737666194236,0.0
40.746,0.008128628232196468,0.29074611401929085,0.006840510893610759,85,-0.007227991707623005,-0.00011160824215039611,1.0015544891357422,0.21405555307865143,-0.038431569933891296,0.18283283710479736,0.0,283.0737666194236,0.0
40.796,0.009547120441453378,0.28585551196940007,-0.0003428082946862433,85,-0.003813887247815728,-0.00010165277490159497,1.001926064491272,0.015286404639482498,-0.11631256341934204,-0.06433586031198502,0.0,283.0737666194236,0.0
40.847,0.01077251743557819,0.28052036216905796,0.00477644133736491,85,-0.005710690747946501,0.0004600148822646588,0.9995047450065613,-0.1369463950395584,0.06749632209539413,0.1577223688364029,0.0,283.0737666194236,0.0
40.897,0.012580189838094086,0.2864195670813833,-0.0008963207963264106,85,-0.006480530370026827,-0.000661413767375052,0.9995042681694031,-0.009490625001490116,-0.2530747950077057,-0.13182008266448975,0.0,289.36212487064506,0.0
40.947,0.011256157376197444,0.29852224865307075,-0.0028631937656347895,85,-0.006784849334508181,-0.0009738505468703806,1.0002295970916748,0.07194417715072632,0.025991519913077354,0.08340252190828323,0.0,289.36212487064506,0.0
40.998,0.009410710423878879,0.29004096058024453,-0.010155880431891738,85,-0.005573914386332035,-0.0004476865869946778,0.9987078309059143,-0.21134375035762787,0.0965130403637886,-0.12343839555978775,0.0,289.36212487064506,0.0
41.048,0.012631181402213962,0.28990172016830956,0.0005153321198518699,85,-0.005184652749449015,0.0007440736517310143,1.0010552406311035,-0.17641526460647583,-0.26244112849235535,0.22389304637908936,0.0,289.36212487064506,0.0
41.098,0.013157815522096427,0.2858561029355218,-0.0008152972227395294,84,-0.0025033303536474705,-0.00011623407044680789,1.0011637210845947,-0.2364986687898636,-0.09090864658355713,-0.00349549506790936,0.0,289.36212487064506,0.0
41.148,0.014710670097468506,0.28208386025213905,-0.0001444669770373457,84,-0.0036064269952476025,0.0009685286204330623,0.9997292757034302,0.03305448219180107,0.021035727113485336,0.035965222865343094,0.0,289.36212487064506,0.0
41.199,0.010819036402171583,0.27563344250118366,-0.009057051059789573,84,-0.004464416299015284,-0.00021333801851142198,1.0004236698150635,-0.09539249539375305,-0.02476266771554947,0.10721899569034576,0.0,289.36212487064506,0.0
41.249,0.013074297452615648,0.26607968606427096,-0.0031502553104979813,84,-0.004245654214173555,6.543868039443623e-06,1.001095175743103,-0.067501500248909,0.012468107976019382,0.13486246764659882,0.0,289.36212487064506,0.0
41.299,0.015480553186486265,0.27417727954966836,0.01550753172425027,84,-0.006041822489351034,0.0039389911107718945,1.0014948844909668,0.17405860126018524,0.07721727341413498,-0.019337166100740433,0.0,289.36212487064506,0.0
41.35,0.01685189757975984,0.2864739251399115,0.011549818378274455,85,-0.004527420736849308,-0.0008444854756817222,0.9996758103370667,-0.12005993723869324,0.0013860058970749378,0.06811555474996567,0.0,289.36212487064506,0.0
41.4,0.01650933346756724,0.2911644265262363,0.011438095410072145,85,-0.005565356463193893,-0.0021063003223389387,0.9997138381004333,0.034858617931604385,-0.1026175394654274,-0.20200230181217194,0.0,289.36212487064506,0.0
41.451,0.01570693353402063,0.2966080017645969,0.009674221179668997,85,-0.004479721654206514,-0.000631227798294276,1.001218557357788,0.16265670955181122,0.1366925835609436,-0.13637937605381012,0.0,286.37880650006826,0.0
41.501,0.01740348690629871,0.29114862856492507,0.004323470610468247,85,-0.004317072220146656,-0.0015468449564650655,1.000126838684082,-0.12987618148326874,-0.03742972016334534,0.010661653243005276,0.0,286.37880650006826,0.0
41.551,0.016583842176909724,0.2801320785140161,-0.007470872933874474,85,-0.0034832824021577835,-0.0006075177807360888,1.0001914501190186,0.03820250183343887,-0.014108131639659405,0.009410479106009007,0.0,286.37880650006826,0.0
41.602,0.013357477339854611,0.2840229063445823,-0.01639968290284462,84,-0.0058289337903261185,0.001308731152676046,1.0023705959320068,0.21310754120349884,-0.0066693793050944805,-0.17979548871517181,0.0,286.37880650006826,0.0
41.652,0.012927255891952387,0.28843505428178595,-0.008743046294306637,84,-0.005173510871827602,0.0006222308147698641,1.0021296739578247,0.06030193343758583,-0.21967099606990814,0.02792077139019966,0.0,286.37880650006826,0.0
41.703,0.013911714650601707,0.2874280708599708,-0.014878198480606342,84,-0.005003811325877905,-0.000908938585780561,0.9993010759353638,-0.15580664575099945,0.14917075634002686,0.05543460324406624,0.0,286.37880650006826,0.0
41.753,0.008468447800530507,0.2872829900008782,-0.005001829845781943,84,-0.00631479499861598,0.0004973355098627508,1.0043303966522217,-0.14670687913894653,0.00014816023758612573,-0.1533535122871399,0.0,286.37880650006826,0.0
41.804,0.01281551470228791,0.30140461060266943,0.003724462447333166,84,-0.006290174555033445,0.000451593950856477,1.0023350715637207,0.2438029646873474,-0.015249483287334442,0.27266788482666016,0.0,286.37880650006826,0.0
41.854,0.014762020011685894,0.2985310906715325,-0.0039573185126010975,85,-0.0043647694401443005,0.001287729712203145,1.001623272895813,-0.027245553210377693,-0.08188777416944504,0.15815217792987823,0.0,286.37880650006826,0.0
41.904,0.010727475214799772,0.28393328873904217,0.003268828380585257,85,-0.004974689334630966,0.0014011622406542301,1.0011755228042603,0.36568641662597656,0.017459947615861893,-0.09111974388360977,0.0,286.37880650006826,0.0
41.955,0.009566082785728508,0.2886246092929975,0.005449275947316421,85,-0.004499207716435194,-0.0018007202306762338,1.0022690296173096,-0.028495170176029205,0.08910541236400604,-0.12135229259729385,0.0,256.7364877272449,0.0
42.005,0.008542358441610888,0.2853510599119263,-0.007065667544209129,85,-0.004379718564450741,-0.0020074639469385147,1.0031617879867554,0.12563984096050262,0.07319431751966476,-0.035966720432043076,0.0,256.7364877272449,0.0
42.055,0.010237568792171732,0.28790496162415324,-0.004981937765668585,85,-0.002174822613596916,-0.001200539874844253,0.9996523857116699,-0.042347732931375504,0.14453230798244476,0.0613483227789402,0.0,256.7364877272449,0.0
42.105,0.011315091680036414,0.2933711659532823,0.002243731332680456,85,-0.0064768134616315365,0.0012182581704109907,0.9974263906478882,-0.14414402842521667,0.08649525791406631,0.010186604224145412,0.0,256.7364877272449,0.0
42.156,0.015979707911419158,0.29907813378959786,0.011822895231273327,85,-0.0050529418513178825,-0.00013364206824917346,0.9990684390068054,0.2813701331615448,-0.05514081194996834,0.1629292517900467,0.0,256.7364877272449,0.0
42.206,0.015424645535262026,0.29307820872623014,0.010009936007221585,85,-0.005491148680448532,0.00045779827632941306,1.0006858110427856,-0.06516443938016891,0.15312179923057556,0.05978737026453018,0.0,256.7364877272449,0.0
42.256,0.01397147516720306,0.2844698644974083,0.0016704182078153393,85,-0.0034985372330993414,-0.0019360299920663238,1.0015517473220825,0.035870932042598724,-0.08260135352611542,0.011884466744959354,0.0,256.7364877272449,0.0
42.307,0.013070053365271131,0.28105379680531517,0.0030548287745226243,85,-0.005277880001813173,-0.0009344716090708971,1.0019614696502686,-0.09406250715255737,0.19042973220348358,0.07895854860544205,0.0,256.7364877272449,0.0
42.357,0.011169681732267737,0.2705055959583251,0.006910650720809957,85,-0.004212375730276108,0.0021751367021352053,1.0015686750411987,-0.09693985432386398,0.010894917882978916,0.03439908102154732,0.0,256.7364877272449,0.0
42.407,0.014861197335273114,0.2728959444430837,-0.0029099516261825256,85,-0.006305822171270847,-0.00186629977542907,1.0011848211288452,0.06557080149650574,-0.0036946579348295927,-0.18188677728176117,0.0,256.7364877272449,0.0
42.457,0.014249018383819112,0.27507978673371986,0.012656503317696733,85,-0.003198896301910281,0.0011052261106669903,1.0021520853042603,-0.14754259586334229,0.08056431263685226,-0.08991320431232452,0.0,256.7364877272449,0.0
42.507,0.013923311334261517,0.27076617482267723,0.00042194460087991326,85,-0.005298241972923279,-0.0012064429465681314,0.9989866614341736,-0.09727289527654648,0.11730014532804489,-0.06130106747150421,0.0,285.3073940548262,0.0
42.557,0.012999480852586263,0.2792516931878991,0.0013154922577774267,85,-0.006983902305364609,0.0015092160319909453,1.0002862215042114,0.08135922253131866,0.023464206606149673,-0.1060384064912796,0.0,285.3073940548262,0.0
42.608,0.01405138307117016,0.279509836336708,-0.010934074206018411,85,-0.004376258701086044,-0.0013434109278023243,1.0014482736587524,-0.022749371826648712,0.018985388800501823,0.043779224157333374,0.0,285.3073940548262,0.0
42.658,0.017880402503121014,0.28275191696814883,-0.007192663015642335,85,-0.002726467791944742,0.0014592825900763273,1.0020520687103271,-0.21115180850028992,-0.1553020179271698,-0.04106461629271507,0.0,285.3073940548262,0.0
42.708,0.020508127145589868,0.2850755630183169,-0.010472734800995458,85,-0.0051480988040566444,-0.001377961365506053,1.0022250413894653,0.10029903799295425,0.07008384168148041,0.033147312700748444,0.0,285.3073940548262,0.0
42.759,0.019874936524367604,0.28110611882628017,-0.013861012235086146,85,-0.004965729545801878,0.00015245607937686145,0.9977646470069885,-0.2526867091655731,0.04803052172064781,0.07407442480325699,0.0,285.3073940548262,0.0
42.809,0.020440286346641513,0.2809166210859938,-0.014644020840845678,85,-0.006496515590697527,-0.0013615611242130399,0.9981875419616699,0.09242066740989685,0.07977540045976639,0.13729821145534515,0.0,285.3073940548262,0.0
42.859,0.024896723659148128,0.2766897516316092,-0.010050929286918791,85,-0.004026632755994797,-0.000274789024842903,1.0036159753799438,-0.0031874317210167646,0.1663033813238144,0.17119984328746796,0.0,285.3073940548262,0.0
42.91,0.02223778883153909,0.2819642445583507,0.0012589016942776289,85,-0.003482819302007556,0.0006935613928362727,1.002697229385376,0.06076374277472496,-0.0829903781414032,-0.123440220952034,0.0,285.3073940548262,0.0
42.96,0.02418310159239894,0.2782283939147243,-0.0018372188849140848,85,-0.003497025463730097,-0.0023936601355671883,0.9994069933891296,0.31828564405441284,0.25348103046417236,-0.02649369277060032,0.0,285.3073940548262,0.0
43.01,0.026183069228639663,0.27498330340681715,-0.011205651822613748,85,-0.005329086910933256,-0.0019195998320356011,1.0013056993484497,0.11883385479450226,0.1271173655986786,0.11775489151477814,0.0,268.46982013697755,0.0
43.061,0.024789263216718,0.2793077128183349,-0.014672192082405082,85,-0.00719136418774724,-0.0015655417228117585,0.9990736246109009,0.12571066617965698,-0.05321870744228363,0.08595392853021622,0.0,268.46982013697755,0.0
43.111,0.025290157785465152,0.2833486245427093,-0.030510967314888445,85,-0.006117885001003742,-0.0020061100367456675,1.0012059211730957,-0.20271821320056915,-0.13370653986930847,-0.03699510544538498,0.0,268.46982013697755,0.0
43.161,0.027537056615665155,0.2964282640462125,-0.016273175649626034,85,-0.006578526459634304,-0.0003363732830621302,1.001142978668213,-0.08508776128292084,0.17503178119659424,-0.11869576573371887,0.0,268.46982013697755,0.0
43.212,0.024801858505242226,0.3008706296914053,-0.018423323816226706,85,-0.005775680765509605,0.0005864495178684592,1.001144289970398,0.09709156304597855,0.04724965617060661,-0.13211075961589813,0.0,268.46982013697755,0.0
43.262,0.024328360623047534,0.2828349539680121,-0.01754782162031558,85,-0.00263104191981256,0.00041937603964470327,1.0018757581710815,0.06728620082139969,0.05443565174937248,0.1902747005224228,0.0,268.46982013697755,0.0
43.312,0.0261480891835894,0.2842959346860786,-0.015043415263644923,85,-0.006624109577387571,0.00026457785861566663,1.0018311738967896,-0.24267978966236115,0.06213961914181709,-0.023005761206150055,0.0,268.46982013697755,0.0
43.363,0.028000744143991174,0.2869210541903655,-0.01700092145750502,85,-0.005249760113656521,-0.002617563819512725,1.0010207891464233,0.2206137329339981,0.054663754999637604,0.10272269695997238,0.0,268.46982013697755,0.0
43.413,0.027111846541157694,0.2837671841417137,-0.024239922259225284,85,-0.004572887904942036,-0.0009107377263717353,1.0007591247558594,0.04907146841287613,-0.21353192627429962,-0.17659179866313934,0.0,268.46982013697755,0.0
43.463,0.027399872238009236,0.2866398398671775,-0.017200387255164717,85,-0.006495570298284292,0.0016516608884558082,1.0013635158538818,0.25669851899147034,0.26048415899276733,0.1317656934261322,0.0,268.46982013697755,0.0
43.514,0.02718352686424557,0.28560292968391093,-0.0062383589394332676,85,-0.005583324935287237,0.00076811492908746,1.000741720199585,-0.18418987095355988,-0.07492876797914505,-0.0884823203086853,0.0,268.46982013697755,0.0
43.564,0.027435580261552187,0.2855330935843324,-0.008604541002229567,85,-0.005242601502686739,-7.627982995472848e-05,1.0033831596374512,0.23798003792762756,-0.012777323834598064,-0.24602411687374115,0.0,283.93609531546167,0.0
43.614,0.02673135897412498,0.27928006619152934,-0.0018878089755918347,85,-0.005236215423792601,-0.0004889367264695466,1.0044877529144287,-0.1543332040309906,0.016287535429000854,0.11085174232721329,0.0,283.93609531546167,0.0
43.665,0.023344651716710872,0.28305234139100577,-0.004430537234989788,85,-0.005648755002766848,0.00012663444795180112,1.0029747486114502,-0.033425550907850266,-0.037509769201278687,-0.10487399250268936,0.0,283.93609531546167,0.0
43.715,0.02459171429633101,0.2910330882973244,-0.00023213147225892292,85,-0.0046714493073523045,0.0006659291102550924,1.0015180110931396,0.019209861755371094,0.006519842427223921,0.05255574360489845,0.0,283.93609531546167,0.0
43.765,0.024204251060077737,0.29530674919593697,-0.003177853206270218,85,-0.006873555481433868,-0.00011278744204901159,0.999793529510498,-0.06688573211431503,0.13457681238651276,-0.02070275880396366,0.0,283.93609531546167,0.0
43.816,0.024928673858195426,0.2900156130593416,-0.0019913324147418656,85,-0.0051951659843325615,-0.0012235046597197652,1.0016756057739258,0.06699787825345993,0.11438904702663422,-0.09835248440504074,0.0,283.93609531546167,0.0
43.866,0.024108090385802656,0.29704981402066827,0.009725911912770897,85,-0.0075996494852006435,0.0016853512497618794,1.0006879568099976,0.18469402194023132,-0.04353640601038933,0.020256798714399338,0.0,283.93609531546167,0.0
43.916,0.025045142402460033,0.3019995677852778,0.011797618037878745,85,-0.005083416122943163,-0.0016527037369087338,1.000082015991211,-0.06058184802532196,-0.2339995950460434,0.09442033618688583,0.0,283.93609531546167,0.0
43.967,0.025731537412842304,0.30373131758348626,0.0022573390496359643,85,-0.004473364911973476,-0.0010002313647419214,1.000914454460144,0.02341904677450657,-0.02702331356704235,-0.07033731043338776,0.0,283.93609531546167,0.0
44.017,0.02646996180173648,0.29714824348032853,-0.0059827919190774985,85,-0.002511280821636319,-0.0008442361722700298,1.0018947124481201,-0.13908322155475616,0.035403136163949966,0.06328359991312027,0.0,283.93609531546167,0.0
44.067,0.02639228375159224,0.30135637787324165,-0.011993401113209857,85,-0.005861797835677862,-0.00025625951820984483,1.0019387006759644,0.0922297015786171,0.08954793959856033,-0.06986606866121292,0.0,283.3606269423051,0.0
44.118,0.02591369161408818,0.30687707550943766,-0.005457672719096216,85,-0.006699704099446535,0.0005870118038728833,1.0024176836013794,0.08014996349811554,-0.10702700912952423,0.0650639757514,0.0,283.3606269423051,0.0
44.168,0.02454627288409935,0.31347545170471164,-0.011832149329748827,85,-0.007573346141725779,-0.0011725835502147675,1.0024840831756592,0.1429288387298584,0.0884530246257782,0.06785987317562103,0.0,283.3606269423051,0.0
44.218,0.021561496373198413,0.3157307306393742,-0.005151541967501683,85,-0.006164843682199717,0.00027179968310520053,0.9985313415527344,0.07918869704008102,0.08662940561771393,0.24123457074165344,0.0,283.3606269423051,0.0
44.269,0.020616060494095336,0.3132104413080906,-0.01054683682110689,85,-0.005696621257811785,-0.0006600161432288587,1.0005930662155151,-0.1181454062461853,0.09215022623538971,0.1398674100637436,0.0,283.3606269423051,0.0
44.319,0.021644560316737196,0.29960846814985315,0.010675492668054483,85,-0.004517068155109882,0.0001484045060351491,1.0008900165557861,0.17588967084884644,0.027199113741517067,0.04067659750580788,0.0,283.3606269423051,0.0
44.369,0.018364438489879634,0.29328616381637374,0.008384455159112616,85,-0.006301830988377333,-0.000729214632883668,0.9998917579650879,-0.07707706093788147,0.204533651471138,-0.04904042184352875,0.0,283.3606269423051,0.0
44.42,0.018503171927637865,0.29192454421087916,0.015399555302954388,85,-0.005388586316257715,-0.0004646515008062124,1.0031014680862427,0.13160252571105957,-0.0033989588264375925,-0.041667819023132324,0.0,283.3606269423051,0.0
44.471,0.01433048687757966,0.2962177307540341,0.013677237236228839,85,-0.004215408582240343,0.0008738828473724425,1.0001943111419678,0.1750091314315796,-0.0751253217458725,0.015790294855833054,0.0,283.3606269423051,0.0
44.521,0.013188178837395014,0.28259319864901955,0.014595174858083386,85,-0.0031680974643677473,-0.0008194456459023058,1.0025856494903564,-0.1112891212105751,-0.04264851659536362,0.09513282775878906,0.0,283.3606269423051,0.0
44.571,0.013222031840443573,0.28841254294031876,0.0014681702227194162,85,-0.00558466836810112,-0.001264892052859068,0.9984998106956482,0.18794874846935272,0.11016060411930084,0.15280041098594666,0.0,283.3606269423051,0.0
44.622,0.013481099468068716,0.2924398832970581,-0.0009470132067410627,84,-0.004283489193767309,-0.00031959073385223746,1.001840591430664,0.03848501667380333,-0.1835256814956665,0.15669971704483032,0.0,287.14342438556855,0.0
44.672,0.012290783089029565,0.29063660784973366,-0.004047401798853698,84,-0.0038779943715780973,-0.0003527569060679525,0.9998536109924316,0.08752965182065964,-0.0919124037027359,0.15293514728546143,0.0,287.14342438556855,0.0
44.723,0.012354389957973961,0.2893718667577323,-0.00671817967073423,84,-0.005749952979385853,-0.0016546616097912192,1.0011025667190552,0.009722788818180561,0.13574199378490448,-0.0714280754327774,0.0,287.14342438556855,0.0
44.773,0.013104148233482016,0.2831964698858686,-0.004989004170167784,84,-0.006047975271940231,9.059716830961406e-05,1.0002468824386597,0.006883841007947922,0.16467611491680145,-0.19545093178749084,0.0,287.14342438556855,0.0
44.823,0.013622161995429021,0.2905959469949219,-0.004031745010263169,84,-0.004959795158356428,-0.000726287136785686,1.0036689043045044,0.10308094322681427,0.027595698833465576,0.0879875123500824,0.0,287.14342438556855,0.0
44.874,0.014987363129688248,0.28101618386246424,0.007716943730195213,85,-0.0036701392382383347,0.0027535732369869947,1.0016425848007202,0.014672055840492249,-0.04636968672275543,0.054718680679798126,0.0,287.14342438556855,0.0
44.924,0.016055549084136624,0.2854655649331498,0.007237277718178957,85,-0.007212216034531593,0.0009085150086320937,0.9987257719039917,-0.17829033732414246,0.026436656713485718,0.07161623984575272,0.0,287.14342438556855,0.0
44.975,0.019343782659097555,0.2920104264881262,0.007788350052636822,85,-0.004197925329208374,0.0005992795340716839,1.0014692544937134,-0.18567435443401337,0.17615383863449097,0.1252819150686264,0.0,287.14342438556855,0.0
45.025,0.016982709773654063,0.28322374505320885,-0.0033487766542472834,85,-0.0021833654027432203,0.00024668368860147893,1.0016765594482422,0.049228016287088394,-0.1309310346841812,-0.010092033073306084,0.0,287.14342438556855,0.0
45.075,0.019371585585789285,0.2825760623481402,-0.0076758273997865265,85,-0.005155034828931093,-0.0008118684636428952,1.0000240802764893,-0.2553797662258148,-0.06586495786905289,0.004977504722774029,0.0,287.14342438556855,0.0
45.125,0.01614533254905745,0.28426929755410507,-0.005933875506692468,85,-0.00563686341047287,0.0013932224828749895,1.002809762954712,0.033042337745428085,-0.07518644630908966,0.03921361267566681,0.0,287.14342438556855,0.0
45.176,0.013237694258179106,0.29243462958424776,-0.0029981961762115903,85,-0.0046711815521121025,0.001016518217511475,1.0017350912094116,0.07799974828958511,0.14739416539669037,0.13211309909820557,0.0,283.22668647444124,0.0
45.226,0.0125943349545658,0.29396534315489353,-0.008145313435880007,85,-0.004653621930629015,0.0015780713874846697,1.0019257068634033,-0.09408106654882431,0.07292242348194122,-0.04538184031844139,0.0,283.22668647444124,0.0
45.276,0.015582722653984287,0.29300729501610456,-0.0197864441149436,85,-0.005955330096185207,-0.001938975416123867,0.9995844960212708,-0.02644844353199005,-0.10988474637269974,0.0166593287140131,0.0,283.22668647444124,0.0
45.326,0.015604389502274232,0.30266549735066917,-0.021217239311483987,85,-0.00667325546965003,0.002221949165686965,1.0011454820632935,0.250154972076416,-0.03770986199378967,-0.0032386614475399256,0.0,283.22668647444124,0.0
45.377,0.016741862686371983,0.30269578847691736,-0.025949816039858683,85,-0.004230350721627474,-0.0002849245793186128,1.0002754926681519,0.07121863216161728,0.046787261962890625,-0.015111648477613926,0.0,283.22668647444124,0.0
45.428,0.01872816699796672,0.29926093222830724,-0.020414169153789217,85,-0.0054244971834123135,0.001003217650577426,1.0011838674545288,-0.11398235708475113,-0.04622959718108177,-0.04266630858182907,0.0,283.22668647444124,0.0
45.478,0.016489502667667345,0.29698001047505035,-0.014822712600813439,85,-0.004722812678664923,0.001790904439985752,0.9985345005989075,-0.09602972120046616,0.021426349878311157,0.040231309831142426,0.0,283.22668647444124,0.0
45.529,0.01879350251618408,0.2889110279621768,-0.012127810628454189,85,-0.004330574069172144,6.747263250872493e-05,0.9989075660705566,-0.053234897553920746,0.0672297552227974,0.31376272439956665,0.0,283.22668647444124,0.0
45.579,0.021277451547043715,0.29032894227127687,-0.003976739478908249,85,-0.005468912422657013,0.0007688169716857374,1.0020313262939453,0.12677419185638428,-0.01881292462348938,0.11859972029924393,0.0,283.22668647444124,0.0
45.63,0.02115388214246016,0.2842125196904894,0.004432750813133944,85,-0.0055539668537676334,-0.0008135465322993696,1.0022066831588745,-0.3142377436161041,0.013028274290263653,0.20130999386310577,0.0,283.22668647444124,0.0
45.68,0.020424370576247363,0.2882107754049841,0.001591685441489573,85,-0.006105931010097265,0.0009502312168478966,0.9999021291732788,-0.019019460305571556,-0.020775573328137398,-0.0031472856644541025,0.0,283.22668647444124,0.0
45.73,0.019736466905507666,0.2799318598089707,0.012960493381769264,85,-0.004702503327280283,0.0014838168863207102,1.0011693239212036,0.20175759494304657,-0.1269567906856537,0.18027319014072418,0.0,155.26408528910935,0.0
45.781,0.017754949598531588,0.28469411273319917,0.00480562325898693,85,-0.005387453828006983,-0.0015820508124306798,1.0017215013504028,-0.10428736358880997,-0.0006153791327960789,-0.144944965839386,0.0,155.26408528910935,0.0
45.831,0.020935374945414354,0.3002183238061532,0.0037326459907981984,85,-0.0058472347445786,0.0016036571469157934,1.0025399923324585,0.0519336499273777,-0.07411718368530273,0.12443988770246506,0.0,155.26408528910935,0.0
45.882,0.018368832976718305,0.3035849020451196,0.011675189834349332,85,-0.005441400688141584,0.00211607594974339,0.9999284744262695,0.06343729794025421,-0.058171242475509644,-0.026761524379253387,0.0,155.26408528910935,0.0
45.932,0.022313967781918513,0.3070247033835012,0.008669920648223712,85,-0.005788628477603197,0.0005490549374371767,1.0002937316894531,-0.05248692259192467,-0.10321084409952164,0.15239785611629486,0.0,155.26408528910935,0.0
45.983,0.021954646596991107,0.308794067701145,0.0012455544240906017,85,-0.003491464536637068,-0.002450411207973957,0.9996280670166016,-0.15342530608177185,-0.12463873624801636,0.03337479382753372,0.0,155.26408528910935,0.0
46.033,0.023791988470606033,0.3109494246908464,0.00047289419314832786,85,-0.004950173199176788,-0.0006932425894774497,1.002359390258789,0.02565677836537361,-0.035882268100976944,0.06288208067417145,0.0,155.26408528910935,0.0
46.083,0.021866283153634234,0.30324876671931816,0.0023104385528326873,85,-0.0032272120006382465,-0.001522639999166131,1.0020753145217896,0.25271832942962646,0.16515322029590607,0.09667214006185532,0.0,155.26408528910935,0.0
46.134,0.022229899372533234,0.3080589931797409,-0.007239801467814519,85,-0.005037237424403429,-0.00047589419409632683,1.0013659000396729,0.025486523285508156,-0.18618565797805786,0.0014577722176909447,0.0,155.26408528910935,0.0
46.184,0.02379135366259646,0.31379669061583426,-0.013624633602394885,85,-0.006599123124033213,-0.0013134053442627192,1.0006120204925537,0.11232888698577881,-0.03689567372202873,0.12367713451385498,0.0,155.26408528910935,0.0
46.234,0.024863833403346934,0.3109815719779755,-0.013725802488745659,85,-0.005312351044267416,0.0007778416038490832,1.0013635158538818,-0.33425143361091614,-0.141993910074234,-0.016107065603137016,0.0,267.903934593766,0.0
46.285,0.024297345089180005,0.30723414761607576,-0.009557449478777673,85,-0.005135936662554741,0.0005173237295821309,1.001091718673706,0.08887291699647903,-0.16518834233283997,-0.17395739257335663,0.0,267.903934593766,0.0
46.335,0.024184871176425506,0.30207457054507275,0.0014014164120352128,85,-0.005362133029848337,0.004284785594791174,1.0027122497558594,-0.18166816234588623,0.14629800617694855,-0.025063831359148026,0.0,267.903934593766,0.0
46.385,0.022207809693835893,0.30566148910750335,0.0010525692954690751,85,-0.005751259624958038,-0.0014956219820305705,1.0024222135543823,-0.18958862125873566,-0.02126711793243885,-0.05447009950876236,0.0,267.903934593766,0.0
46.436,0.020357225313911268,0.2876337973827495,0.008407928102988738,85,-0.0031024788040667772,0.0012698350474238396,0.9989978671073914,-0.3823882043361664,-0.017644831910729408,-0.10288863629102707,0.0,267.903934593766,0.0
46.487,0.019850363856348537,0.2856557194596209,-0.004731129030976593,85,-0.007098612375557423,-0.0017149794148281217,1.002686619758606,-0.08167537301778793,0.08340182900428772,-0.04991406202316284,0.0,267.903934593766,0.0
46.538,0.02187648263518566,0.28872629371551706,0.005430734529501794,85,-0.005786048714071512,0.0006828667828813195,1.0010294914245605,-0.0486372634768486,-0.08595021069049835,-0.0938214361667633,0.0,267.903934593766,0.0
46.589,0.022521840498371772,0.27526084456978167,0.0012832640241097224,85,-0.003922654781490564,-0.0008084099390543997,0.9997192621231079,-0.21057772636413574,0.01033349521458149,-0.0665142610669136,0.0,267.903934593766,0.0
46.639,0.019187092626328933,0.27909389493247855,0.0008045026511926248,85,-0.005704872310161591,0.0005263367784209549,1.0014115571975708,0.17706483602523804,-0.05005110427737236,0.0500655323266983,0.0,267.903934593766,0.0
46.689,0.018269790801339017,0.2806964292980733,0.004084333689128419,85,-0.00419756630435586,0.0008494760259054601,1.0043394565582275,-0.21584856510162354,-0.004023581277579069,0.17784276604652405,0.0,267.903934593766,0.0
46.74,0.01825532725451821,0.2795142287285873,-0.009947122668692484,85,-0.005553883034735918,-0.0018471942748874426,0.9988222718238831,-0.06859473884105682,0.04275766760110855,0.1204415038228035,0.0,267.903934593766,0.0
46.79,0.021093084009617787,0.2784679801821793,-0.009471767302134258,85,-0.0062387255020439625,0.0012413514778017998,1.0007529258728027,-0.05698656290769577,0.08875957131385803,0.03880148380994797,0.0,285.8713195201745,0.0
46.841,0.018820908738012822,0.27032398497783516,-0.011261179319585346,85,-0.004867210518568754,-0.0008726092637516558,1.000150442123413,0.0042740278877317905,0.047892771661281586,-0.07608052343130112,0.0,285.8713195201745,0.0
46.891,0.016614264878341084,0.26962848618863783,-0.020741870657990366,85,-0.005314993672072887,-0.0030146201606839895,0.9999737739562988,-0.2256619781255722,0.15573398768901825,0.0014045756543055177,0.0,285.8713195201745,0.0
46.942,0.01681385558252494,0.265752485325405,0.0013719570382244612,85,-0.004306875169277191,0.0009364724974147975,1.001725196838379,-0.2667616605758667,0.1367678940296173,-0.07775876671075821,0.0,285.8713195201745,0.0
46.992,0.01889245650476794,0.27817444729237284,0.005389359462695591,85,-0.005078932270407677,-0.0022745176684111357,1.0038145780563354,-0.027321798726916313,-0.014375630766153336,-0.06339047104120255,0.0,285.8713195201745,0.0
47.043,0.02027417038354217,0.2727533596088411,0.010971928165387338,85,-0.004594520665705204,-0.0007641183328814805,1.0022107362747192,-0.002533021615818143,0.17239069938659668,0.17370551824569702,0.0,285.8713195201745,0.0
47.093,0.020116050154971424,0.2814695012289829,0.010742110088883497,85,-0.0062035261653363705,0.0007419331232085824,0.9994968175888062,-0.007353832945227623,-0.14205361902713776,0.05904083326458931,0.0,285.8713195201745,0.0
47.143,0.015625995347781436,0.27704593182098153,0.006682244812221755,85,-0.005593946669250727,0.00045863419654779136,1.0000622272491455,-0.31086504459381104,-0.08964042365550995,-0.17235133051872253,0.0,285.8713195201745,0.0
47.194,0.013539830857006767,0.2875247157264148,0.004722473646198924,85,-0.007792372722178698,0.0006115307915024459,1.0010141134262085,0.16482669115066528,-0.04713006317615509,0.16057686507701874,0.0,285.8713195201745,0.0
47.244,0.012156965380769791,0.2851970855465613,0.013653218786212118,85,-0.003053144784644246,-0.0001275885006180033,0.9994276762008667,-0.020120829343795776,0.031673137098550797,-0.05594119057059288,0.0,285.8713195201745,0.0
47.294,0.017390501073827832,0.2762136146887179,0.016156558665256168,85,-0.004110606387257576,0.001334656961262226,0.9985172748565674,-0.0039343079552054405,-0.03932274132966995,0.19708354771137238,0.0,285.8713195201745,0.0
47.345,0.01750112262360007,0.283407845750498,0.012839701512844828,85,-0.004995654337108135,-0.0006302574183791876,1.002246618270874,0.18188832700252533,0.10681494325399399,0.19381877779960632,0.0,283.0355624536069,0.0
47.395,0.013955843121658625,0.28975129380425885,-0.0005767542659538871,85,-0.0062597207725048065,-0.0017295223660767078,1.0020383596420288,-0.30113089084625244,-0.042620256543159485,-0.3333019018173218,0.0,283.0355624536069,0.0
47.445,0.016221132142058566,0.2880581358020596,0.002597919557133487,85,-0.007038211915642023,0.002750266343355179,1.0008493661880493,-0.021631799638271332,-0.1532055139541626,0.11913581937551498,0.0,283.0355624536069,0.0
47.496,0.01582478881742003,0.2931865849725335,0.002476206554146848,85,-0.005377814639359713,-0.0017160228453576565,1.0000091791152954,0.14454799890518188,-0.13510094583034515,-0.06823614239692688,0.0,283.0355624536069,0.0
47.546,0.01834306455007003,0.2988162632427262,-0.004697099744626627,85,-0.007222382817417383,-0.0013403098564594984,0.9985249638557434,0.19012771546840668,0.037638332694768906,0.0077159167267382145,0.0,283.0355624536069,0.0
47.596,0.018914583635230235,0.3083472077782151,-0.016406712303459265,84,-0.005868799984455109,-0.0001796599681256339,1.0010963678359985,0.18238979578018188,0.10664201527833939,-0.09187193214893341,0.0,283.0355624536069,0.0
47.647,0.020394849500429364,0.29492088538393435,-0.0094124915015474,84,-0.003728009294718504,0.0005265165236778557,1.0022478103637695,0.03704337775707245,0.026616783812642097,0.13631503283977509,0.0,283.0355624536069,0.0
47.697,0.02013918766176152,0.29636375406605087,-0.019173591342039845,84,-0.008365760557353497,-0.0013307201443240047,1.0004850625991821,-0.06898631900548935,0.10607580095529556,0.12659284472465515,0.0,283.0355624536069,0.0
47.75,0.020368232107375307,0.3042061652073747,-0.010737593728698782,84,-0.0067003993317484856,0.0007419271860271692,1.000245451927185,-0.2445819228887558,-0.08450733125209808,0.13107304275035858,0.0,283.0355624536069,0.0
47.801,0.023119774828419995,0.29322435915661854,-0.01565928543703773,84,-0.004698048811405897,7.721220754319802e-05,1.0029559135437012,0.20814964175224304,0.10778288543224335,0.10485409200191498,0.0,283.0355624536069,0.0
47.851,0.021806742666012402,0.2922807448746115,-0.02006022022356528,85,-0.003992656245827675,-0.0006109056994318962,0.9998254776000977,0.2583629786968231,-0.06294942647218704,-0.003575021866708994,0.0,283.0355624536069,0.0
47.901,0.02011716804157219,0.29674177661632356,-0.021432412387053543,85,-0.0070747919380664825,0.001005264581181109,0.9991289973258972,0.009761213324964046,0.025474710389971733,-0.16520532965660095,0.0,284.91977447184297,0.0
47.951,0.020030466452054054,0.29492824733397766,-0.011970637419668808,85,-0.004283397924154997,0.0015934979310259223,1.0019474029541016,-0.0574708990752697,0.02748255245387554,-0.24191652238368988,0.0,284.91977447184297,0.0
48.002,0.0169541811685687,0.28718509524803054,-0.004103439395967836,85,-0.005216324236243963,-0.0016476872842758894,1.0019563436508179,0.0999942198395729,0.09668920189142227,-0.13849325478076935,0.0,284.91977447184297,0.0
48.053,0.01457392281747622,0.2828193808477437,-0.015249322402458352,85,-0.004168297629803419,-0.0017781986389309168,0.9993062019348145,-0.15634676814079285,-0.05254005640745163,0.06773417443037033,0.0,284.91977447184297,0.0
48.103,0.017209488049338143,0.28179578185380955,-0.006443751537445082,85,-0.006641282234340906,0.0008342274813912809,1.0021648406982422,0.06372115015983582,-0.010771188884973526,0.22804853320121765,0.0,284.91977447184297,0.0
48.154,0.015375719546493432,0.2819474051952224,-0.005506110132865452,85,-0.0051682027988135815,-0.0010397996520623565,0.9986907839775085,0.08299221843481064,-0.0560729019343853,-0.14201585948467255,0.0,284.91977447184297,0.0
48.204,0.013171952423629486,0.2777441542214871,-0.006208601843219362,85,-0.004192107357084751,0.0003660361107904464,1.0002503395080566,0.12463682144880295,-0.11259014904499054,-0.1214442029595375,0.0,284.91977447184297,0.0
48.254,0.013475867182513531,0.27670254914263587,0.0012823516370542038,85,-0.0031030606478452682,-0.0004137105424888432,1.0013903379440308,0.01385551132261753,-0.16762715578079224,-0.017594903707504272,0.0,284.91977447184297,0.0
48.306,0.013306438329649497,0.2754664630537396,0.005040457466044378,85,-0.0047804443165659904,0.0021398314274847507,1.0014146566390991,0.09030748903751373,-0.048587616533041,-0.11144159734249115,0.0,284.91977447184297,0.0
48.358,0.010664701994089306,0.2729528082167516,0.007202204883910878,85,-0.0051319594494998455,0.0002855393977370113,1.001679539680481,-0.03528953716158867,-0.0033265610691159964,0.15225790441036224,0.0,284.91977447184297,0.0
48.408,0.011651025875456385,0.27602989024938746,0.009948894158810472,85,-0.004317170009016991,-0.0014660374727100134,1.002697467803955,-0.06755822151899338,0.03999108821153641,0.006649842951446772,0.0,283.6097099195348,0.0
48.458,0.008575107844339616,0.283210771160531,0.006635646861987543,85,-0.004910434130579233,0.0008267092052847147,1.001194953918457,0.10377561300992966,0.10721658915281296,-0.042525310069322586,0.0,283.6097099195348,0.0
48.509,0.006017667986750496,0.2825303178327371,-0.00019372167983211936,85,-0.0034534407313913107,-0.0004374460258986801,1.0021183490753174,0.07107942551374435,-0.07457631081342697,-0.09239915758371353,0.0,283.6097099195348,0.0
48.559,0.009702775162225183,0.2920351070750234,0.005930883612727371,85,-0.005673813633620739,0.003102896036580205,1.0007555484771729,0.24169255793094635,0.07888076454401016,0.1411919891834259,0.0,283.6097099195348,0.0
48.609,0.011162166780969183,0.29631067455300725,0.0029538210087452165,85,-0.005260037258267403,-0.0009761336841620505,1.000276803970337,0.1601434051990509,-0.008382776752114296,0.1332068294286728,0.0,283.6097099195348,0.0
48.66,0.013541098708161439,0.29156604150143695,0.011490531242907559,85,-0.004485346842557192,0.004141532815992832,1.0011143684387207,0.07756470888853073,-0.08522415161132812,0.06183701753616333,0.0,283.6097099195348,0.0
48.71,0.012859211842345737,0.2915821355318626,0.017018241659881587,85,-0.00607488676905632,0.0013507107505574822,0.9996557831764221,0.30409687757492065,0.10586735606193542,-0.008352024480700493,0.0,283.6097099195348,0.0
48.76,0.0148881233780352,0.2930747771282697,0.01612920933376468,85,-0.0054411147721111774,0.001761078368872404,0.9987258315086365,-0.039284784346818924,0.11100366711616516,0.11662370711565018,0.0,283.6097099195348,0.0
48.811,0.013670331654913229,0.3009164691747171,0.01705290047806423,85,-0.008177164010703564,0.0016491289716213942,1.0009430646896362,0.09657886624336243,-0.09901024401187897,0.12696006894111633,0.0,283.6097099195348,0.0
48.861,0.013385796287313493,0.3031245325382018,0.015339936564897245,85,-0.0030001504346728325,-0.0004627499438356608,1.0019515752792358,0.049016259610652924,0.017705274745821953,-0.23161329329013824,0.0,283.6097099195348,0.0
48.912,0.012047404551376383,0.2989795260218449,0.014121562839529844,85,-0.004873886704444885,-0.00046017664135433733,1.002358317375183,0.031438302248716354,-0.04859359934926033,0.045482516288757324,0.0,283.6097099195348,0.0
48.962,0.014194787119778085,0.30265172781415073,0.006309877835838057,85,-0.005593916401267052,0.0007053413428366184,1.0003398656845093,0.0543316975235939,0.10780307650566101,0.06459725648164749,0.0,285.13283480625427,0.0
49.012,0.015065749695323564,0.2946826315090929,0.010865887304750667,85,-0.004316220059990883,-0.00024421268608421087,1.0018128156661987,0.004738433752208948,0.014470684342086315,-0.05828360095620155,0.0,285.13283480625427,0.0
49.063,0.016276271247515108,0.29907099232817463,0.012353289973129108,85,-0.004358476027846336,-0.0003835693350993097,0.9986944794654846,0.01851111650466919,-0.11223256587982178,-0.05169528350234032,0.0,285.13283480625427,0.0
49.113,0.01848680830924333,0.2956166576014545,0.011163917247922255,85,-0.004303504712879658,-0.0005500062834471464,1.0027923583984375,0.04362722113728523,0.04016831889748573,-0.014107135124504566,0.0,285.13283480625427,0.0
49.163,0.014534299580642033,0.29118354873996644,0.004151340643040091,85,-0.004778942558914423,-0.002422655001282692,1.0004523992538452,0.305107980966568,0.04291374236345291,-0.12519773840904236,0.0,285.13283480625427,0.0
49.214,0.016382566105993684,0.29444442996464465,7.184185996838964e-05,85,-0.006942536681890488,-0.0004280819557607174,1.0004701614379883,-0.2060571312904358,0.1370895951986313,-0.032286565750837326,0.0,285.13283480625427,0.0
49.265,0.01462417974989647,0.303494363151831,0.013163475404851183,85,-0.005732872989028692,0.00032233327510766685,1.0007234811782837,0.25186336040496826,0.04456613212823868,0.06248578056693077,0.0,285.13283480625427,0.0
49.315,0.016778155749696225,0.29090994397919473,0.020308814065938752,85,-0.0044889007695019245,0.0017255616839975119,1.0013741254806519,0.057366739958524704,0.17043320834636688,-0.09086763858795166,0.0,285.13283480625427,0.0
49.366,0.021491303608033724,0.28781423124512107,0.02004544641169668,85,-0.005226174369454384,0.000829261087346822,1.0014269351959229,0.07718558609485626,0.07333305478096008,0.16455361247062683,0.0,285.13283480625427,0.0
49.416,0.02197128821976624,0.30117829147596625,0.019247770724720368,85,-0.006184855476021767,0.0002626720815896988,1.002488613128662,0.06669881194829941,-0.14210736751556396,0.3099772036075592,0.0,285.13283480625427,0.0
49.467,0.021167692405088912,0.2987333251840282,0.012742054855347795,85,-0.005296156741678715,-0.0009017981356009841,1.0002788305282593,0.2977314293384552,0.05418055132031441,0.25781285762786865,0.0,285.13283480625427,0.0
49.517,0.018097252783317683,0.2991182540367069,0.01625977170707919,85,-0.007488185074180365,0.0009355982765555382,0.9997588992118835,-0.057286132127046585,0.08948972076177597,-0.0014108950272202492,0.0,246.318064364576,0.0
49.567,0.01798631553307174,0.3015277967517426,0.014173491284584599,85,-0.006016702391207218,0.000100901466794312,1.0016125440597534,-0.03251677379012108,0.17954006791114807,8.226240606745705e-05,0.0,246.318064364576,0.0
49.617,0.019444149885285072,0.31628195603059295,0.0042382465048832465,85,-0.006046663969755173,-0.0014385045506060123,1.0012385845184326,-0.0047678700648248196,0.1392531841993332,0.05291421338915825,0.0,246.318064364576,0.0
49.669,0.016690864425932147,0.3153709262007973,0.0025606789684650263,85,-0.004807677119970322,-0.0017677698051556945,0.9980196952819824,-0.07193311303853989,-0.18156015872955322,-0.1927206665277481,0.0,246.318064364576,0.0
49.719,0.015374582262764417,0.30946331978775055,-0.0013643737385404587,85,-0.004604944959282875,-8.580199937568977e-05,1.0011602640151978,0.03300748020410538,0.20015762746334076,-0.08660582453012466,0.0,246.318064364576,0.0
49.769,0.015243080718100255,0.3065405359536149,0.00019147477042858322,85,-0.007258867844939232,0.0009837475372478366,1.0004931688308716,-0.21322429180145264,-0.01631147973239422,-0.0691772997379303,0.0,246.318064364576,0.0
49.819,0.014112382563533072,0.3020629008805003,0.005488842016526059,85,-0.004766818601638079,-3.840528279397404e-06,1.002220630645752,-0.16566844284534454,-0.04096432775259018,-0.32817965745925903,0.0,246.318064364576,0.0
49.87,0.010485064541907002,0.2984960583952332,-0.005327671727730737,85,-0.004221951588988304,-0.0024423629511147738,1.0005701780319214,0.03801887482404709,-0.023329809308052063,0.13685092329978943,0.0,246.318064364576,0.0
49.921,0.010075778695645098,0.29680888104448766,-0.00784248337229306,85,-0.004650745075196028,0.0008006761781871319,1.0023601055145264,-0.10672606527805328,0.010262089781463146,-0.005712978076189756,0.0,246.318064364576,0.0
49.972,0.009925556118766818,0.3012934363687667,-0.005031719865298287,85,-0.006352661643177271,0.0009950905805453658,0.9995428323745728,0.21626576781272888,-0.054009854793548584,-0.07220602035522461,0.0,246.318064364576,0.0
50.022,0.006104787605447665,0.29887086326197265,-0.016843519307114262,85,-0.005169964861124754,-0.002707467647269368,1.0007330179214478,0.05903547629714012,-0.012291640043258667,0.020418286323547363,0.0,246.318064364576,0.0
50.073,0.003512741934859621,0.2995129390525268,-0.01653198328766514,85,-0.003614990506321192,0.0006463475292548537,1.0025371313095093,0.28925901651382446,-0.16141030192375183,0.06900481134653091,0.0,257.4298164856073,0.0
50.123,0.005022964869111649,0.30550459196820173,-0.015526953589538265,85,-0.00611043069511652,-0.00024003365251701325,1.0000596046447754,-0.016131466254591942,-0.00982646830379963,-0.10050307214260101,0.0,257.4298164856073,0.0
50.173,0.005408824355366537,0.30149078575232546,-0.013931537103712446,85,-0.002850576536729932,0.0007169468444772065,1.001772165298462,0.06322985887527466,0.18785344064235687,0.11964521557092667,0.0,257.4298164856073,0.0
50.224,0.0032723003076087715,0.29430241186772166,-0.011365607224354804,85,-0.003850579261779785,0.0012059699511155486,1.0009479522705078,-0.03779282048344612,0.12725307047367096,-0.13937178254127502,0.0,257.4298164856073,0.0
50.274,0.002206507101381771,0.3014061444700407,-0.017477214897017333,85,-0.006144171115010977,-2.784650496323593e-05,1.002568244934082,0.0028617694042623043,-0.03683667257428169,0.017980219796299934,0.0,257.4298164856073,0.0
50.324,-0.00017716978243026104,0.30083282346481355,-0.0033917438880892658,85,-0.0054948171600699425,-0.0007113806786946952,0.9980549216270447,0.022309457883238792,0.0006275568739511073,-0.0603298656642437,0.0,257.4298164856073,0.0
50.375,-0.0034630778416513313,0.29999583147297,0.00044152263726556136,85,-0.006216367706656456,-0.00042897587991319597,0.9986066222190857,0.21157780289649963,0.15727315843105316,-0.1388479620218277,0.0,257.4298164856073,0.0
50.425,-0.0032430805318297918,0.2916091990427626,-0.005640423112262033,85,-0.0020972536876797676,-0.00041536669596098363,1.0012050867080688,0.0056883906945586205,-0.29187601804733276,-0.08539226651191711,0.0,257.4298164856073,0.0
50.476,-0.0015763288860232176,0.28398811322363177,-0.010933519393407172,85,-0.003958389163017273,0.00015892695228103548,1.0025441646575928,0.05413021892309189,0.0437023863196373,0.058957960456609726,0.0,257.4298164856073,0.0
50.526,0.0002608343673730141,0.28331170934444244,-0.008456232381885535,85,-0.0031010459642857313,-0.00047002683277241886,1.0010294914245605,-0.3237917125225067,-0.009921710006892681,0.056905247271060944,0.0,257.4298164856073,0.0
50.576,-0.0004860891920390775,0.28335513236099846,-0.005418099713536406,85,-0.006064367946237326,0.002051900140941143,1.0002349615097046,-0.008147588931024075,0.045420389622449875,-0.10617919266223907,0.0,284.28249966110883,0.0
50.626,-0.0014657233265365033,0.2918778825228179,0.004429351998313001,85,-0.004160879645496607,-3.6877052480122074e-05,1.0009541511535645,0.023701250553131104,0.010617283172905445,-0.2646816372871399,0.0,284.28249966110883,0.0
50.677,-0.002825800989890565,0.29019906405297885,-0.0014636605704151631,85,-0.004387221299111843,0.0007567416760139167,1.0002914667129517,0.12206187844276428,0.17817284166812897,-0.03498260676860809,0.0,284.28249966110883,0.0
50.728,-0.00018064071362874941,0.2864363418996611,-0.009397347922316978,85,-0.0033811056055128574,0.00039774816832505167,0.9995819330215454,0.1384245604276657,0.2146073430776596,-0.005765561480075121,0.0,284.28249966110883,0.0
50.778,-0.0011982144828013026,0.28236617766338973,-0.008206430282931542,85,-0.007092996500432491,0.0007582625257782638,1.000964641571045,-0.006206552032381296,0.06227903068065643,-0.04110327363014221,0.0,284.28249966110883,0.0
50.828,-0.0018189351206404413,0.2845065915044109,-0.002131463555657634,85,-0.0060380748473107815,0.0025702794082462788,1.0015259981155396,-0.015314428135752678,0.3170889914035797,0.09602072834968567,0.0,284.28249966110883,0.0
50.878,-0.003215572313430106,0.28134227650669014,-0.004037583977543408,85,-0.005222609732300043,-0.001389547367580235,1.0022882223129272,0.2466937005519867,0.05479282885789871,0.055469363927841187,0.0,284.28249966110883,0.0
50.928,-0.0029854775284596236,0.28412672985124304,-0.0011018798866697333,85,-0.006850512232631445,-0.0005450457101687789,1.0007152557373047,0.04753802716732025,0.025717144832015038,0.06054701656103134,0.0,284.28249966110883,0.0
50.979,0.0017083655184883524,0.28981600689569714,0.006829664541129157,85,-0.007426232099533081,0.0022731926292181015,1.0019724369049072,-0.022089118137955666,0.02493707463145256,0.061574969440698624,0.0,284.28249966110883,0.0
51.029,0.0045394154434595735,0.2942867565603545,0.0005232751504912076,85,-0.006161116994917393,-0.00013581848179455847,1.0009393692016602,0.23694336414337158,0.19017067551612854,-0.013560730963945389,0.0,284.28249966110883,0.0
51.079,0.006098699461873511,0.2930220378876655,-0.007509944066392604,85,-0.003975608851760626,-0.0018205845262855291,1.0007131099700928,-0.010355964303016663,0.15901027619838715,0.14464077353477478,0.0,284.28249966110883,0.0
51.129,0.007568356046733086,0.2907700430361117,-0.008663009310196578,85,-0.005806443281471729,0.00031744319130666554,1.0012619495391846,-0.04526645690202713,-0.05596746504306793,0.0938810259103775,0.0,283.3606269423051,0.0
51.18,0.006698638761342979,0.29667018609568446,-0.008543390410344784,85,-0.005706125870347023,-0.0009788876632228494,1.002993106842041,-0.31279996037483215,-0.028610751032829285,0.16002945601940155,0.0,283.3606269423051,0.0
51.23,0.007950936842873063,0.2868014738459311,-0.001436912969571825,85,-0.0038784919306635857,0.0012326063588261604,1.000870943069458,-0.009239498525857925,0.211619034409523,0.1270872950553894,0.0,283.3606269423051,0.0
51.28,0.008507845881026738,0.2838826190988089,0.014572560099561474,85,-0.003830730216577649,0.0013162901159375906,1.000947117805481,-0.1754079908132553,-0.03181769698858261,-0.004067262634634972,0.0,283.3606269423051,0.0
51.331,0.011433235482215252,0.28533565176970377,0.018750246874268614,85,-0.0037217093631625175,0.0001814565621316433,0.9989748001098633,-0.15122391283512115,-0.1127028614282608,0.09067247062921524,0.0,283.3606269423051,0.0
51.381,0.010499044750578453,0.28576691839284435,0.009880386293690244,85,-0.004595185164362192,-0.00021844358707312495,1.0020238161087036,0.282971054315567,-0.029489604756236076,0.04752900451421738,0.0,283.3606269423051,0.0
51.431,0.00888231420157087,0.2838227851916079,0.012782514691690908,85,-0.004161842633038759,-0.00014567624020855874,1.0010875463485718,0.11216544359922409,-0.019115643575787544,0.02176249586045742,0.0,283.3606269423051,0.0
51.481,0.010550476041027265,0.29278099097219074,0.011654399974681401,85,-0.00509241409599781,0.0006264440598897636,1.0007894039154053,-0.01681639812886715,-0.063013955950737,0.13895195722579956,0.0,283.3606269423051,0.0
51.531,0.011646657130676304,0.2812748587713393,0.006158116072560404,85,-0.0017351493006572127,-0.0021390437614172697,0.999212384223938,-0.17193393409252167,0.09709513932466507,0.025169553235173225,0.0,283.3606269423051,0.0
51.582,0.011618308574200069,0.2832595333211162,0.002253716158634327,85,-0.007984423078596592,-0.0004609754541888833,1.0013067722320557,0.13431960344314575,-0.02725398540496826,-0.10381787270307541,0.0,283.3606269423051,0.0
51.632,0.009722648567912513,0.281196287044158,0.002752780690105055,85,-0.005633385386317968,0.0013092586304992437,0.9989044070243835,0.04118773341178894,-0.0876893475651741,-0.04209156334400177,0.0,283.3606269423051,0.0
51.683,0.009758555948432661,0.28401555156663355,-0.002461852529469191,85,-0.004106108099222183,-0.0005401506787165999,1.0000191926956177,0.008479245938360691,-0.0619637556374073,0.10269265621900558,0.0,287.61599122265653,0.0
51.733,0.007538542085081035,0.29810133336839784,0.002351075580280603,85,-0.006743670906871557,-0.0001929292775457725,1.0015217065811157,0.06632715463638306,-0.0725119560956955,-0.05971917882561684,0.0,287.61599122265653,0.0
51.784,0.007731729993205241,0.2896572345730472,0.001275362402520201,85,-0.005670597776770592,-0.0006616442115046084,1.0000771284103394,-0.16144245862960815,-0.10299807786941528,-0.013483994640409946,0.0,287.61599122265653,0.0
51.834,0.008549559077941608,0.29756279068542374,0.008061498263335468,85,-0.006357385776937008,0.000425993581302464,1.0004042387008667,0.15303047001361847,-0.1467725783586502,0.03540041670203209,0.0,287.61599122265653,0.0
51.884,0.005028187941086721,0.29528294829072244,0.004825233027165137,85,-0.004440129268914461,0.0004924912354908884,0.9986452460289001,-0.11155035346746445,0.000126162645756267,0.10964151471853256,0.0,287.61599122265653,0.0
51.935,0.0057065519731282896,0.30056189484940155,-0.0013081346933463249,85,-0.00544960331171751,-0.0015291832387447357,1.0021028518676758,0.17534705996513367,-0.0952775701880455,0.01817939803004265,0.0,287.61599122265653,0.0
51.986,0.004540385233941517,0.3016725223943052,-0.0021475404835600838,85,-0.006249650847166777,-0.0005710893892683089,0.999602198600769,-0.06308766454458237,0.16360704600811005,0.02642182447016239,0.0,287.61599122265653,0.0
52.036,0.007143520155072844,0.29349480352004415,-0.011466793314848518,85,-0.002673684386536479,-0.0005063721328042448,1.0002796649932861,-0.19768176972866058,0.024264270439743996,0.05236190930008888,0.0,287.61599122265653,0.0
52.086,0.008197447851210989,0.2816869862520464,-0.014986506341066888,84,-0.005606494378298521,-0.002001972869038582,0.9985154867172241,-0.2616724967956543,-0.011111737228929996,-0.0859907791018486,0.0,287.61599122265653,0.0
52.137,0.006207161276396668,0.27775030402912365,-0.027180699850769173,84,-0.003188394010066986,3.719421147252433e-05,0.9982147812843323,0.09442902356386185,-0.0411003977060318,0.19796831905841827,0.0,287.61599122265653,0.0
52.187,0.009749117036213322,0.27452561305941886,-0.018649991693346742,84,-0.004001266788691282,0.0003360143455211073,1.0010923147201538,0.08849980682134628,-0.14741401374340057,0.05251559987664223,0.0,286.24199822561934,0.0
52.238,0.011647166559250074,0.27065116386283167,-0.005631811582808459,84,-0.00371824880130589,-0.00020071222388651222,1.0018706321716309,-0.10858810693025589,-0.002242569113150239,0.10605771839618683,0.0,286.24199822561934,0.0
52.288,0.014819734141481434,0.2813986212246858,-0.017107363423802865,84,-0.0055437227711081505,6.793803186155856e-05,1.0048660039901733,-0.16685695946216583,0.09476355463266373,0.019210616126656532,0.0,286.24199822561934,0.0
52.339,0.012863201862224722,0.27896981556783607,-0.005074576509114394,85,-0.0051462226547300816,0.0017344593070447445,1.0012240409851074,-0.13723337650299072,-0.02824433706700802,-0.10682009905576706,0.0,286.24199822561934,0.0
52.389,0.014749326648364468,0.27755967180541796,0.011383165999234895,85,-0.004256939049810171,0.002082010731101036,1.0028156042099,-0.011678957380354404,0.13023985922336578,0.05867191404104233,0.0,286.24199822561934,0.0
52.44,0.014005308389363374,0.28351393130355174,0.009813770561080312,85,-0.006196319125592709,-0.0004649285110644996,0.9999654293060303,0.19298195838928223,0.03430182859301567,0.28791260719299316,0.0,286.24199822561934,0.0
52.49,0.016194256148079903,0.28560027945083516,0.01009277664090729,85,-0.0057696872390806675,-0.0009539595921523869,1.00269615650177,-0.10572576522827148,-0.009088553488254547,0.09309244155883789,0.0,286.24199822561934,0.0
52.542,0.01570734040735271,0.30038136768720347,0.015217182267922067,85,-0.007134174462407827,-4.90709935547784e-05,1.00044846534729,0.021500205621123314,-0.11411362141370773,0.009638667106628418,0.0,286.24199822561934,0.0
52.592,0.011055777377236075,0.3004740038753695,-0.0009094697083450594,85,-0.004631613381206989,-0.001150108058936894,1.0009362697601318,0.1642494797706604,0.0551193431019783,0.03946052864193916,0.0,286.24199822561934,0.0
52.643,0.011251884881720004,0.30962799391506923,-0.001924561784223237,85,-0.005433427635580301,-0.001004261546768248,1.0008035898208618,-0.08859525620937347,0.04943090304732323,0.0433335080742836,0.0,286.24199822561934,0.0
52.693,0.009385643386480758,0.2992483650478401,-0.0023941556740391186,85,-0.0047751665115356445,0.0018032417865470052,0.9994589686393738,-0.06079764664173126,-0.14823967218399048,-0.15191106498241425,0.0,286.24199822561934,0.0
52.744,0.010588026760016866,0.296917604876717,0.002361354856664075,85,-0.0039139497093856335,-0.0009645756217651069,0.9985185265541077,-0.047087159007787704,-0.08384392410516739,0.029136495664715767,0.0,290.4441520670314,0.0
52.794,0.010757253803776052,0.2950741729564004,0.0027256647932737406,85,-0.003831366775557399,-0.0012257493799552321,1.0013635158538818,-0.06537994742393494,-0.05793764069676399,-0.07342997938394547,0.0,290.4441520670314,0.0
52.844,0.011125307657128504,0.28544948692567096,0.0035734293693869944,85,-0.003328616265207529,-0.0017695433925837278,0.9999355673789978,-0.007509280927479267,0.02216680347919464,-0.0386839285492897,0.0,290.4441520670314,0.0
52.895,0.012366155347321432,0.27920280127039754,-0.0031962138926859575,85,-0.005342058837413788,-0.00183507998008281,0.9992752075195312,-0.16387733817100525,-0.04204580932855606,-0.024041302502155304,0.0,290.4441520670314,0.0
52.945,0.011422124179903789,0.2854530832688746,-0.009288536343092861,85,-0.00601985864341259,-0.0001199659236590378,1.0017387866973877,0.00030436107772402465,-0.060748618096113205,0.02633368968963623,0.0,290.4441520670314,0.0
52.996,0.011558764963790281,0.2832874301107058,0.008117977391219115,85,-0.0043445760384202,-0.0009850023780018091,1.001400113105774,-0.1925380975008011,0.04577532783150673,0.015652157366275787,0.0,290.4441520670314,0.0
53.05,0.0124613269011274,0.297354105613515,0.011665516561810165,85,-0.0050006345845758915,0.0005122749134898186,0.9993103742599487,0.04935799539089203,0.17671875655651093,0.24801652133464813,0.0,290.4441520670314,0.0
53.102,0.013519389789564512,0.2934872877512467,0.019568421384749415,84,-0.005169832147657871,0.003603128483518958,1.0020065307617188,0.13941796123981476,0.03774397447705269,0.041745856404304504,0.0,290.4441520670314,0.0
53.152,0.012575314347774673,0.2977659865463115,0.022167376337288085,84,-0.005970645230263472,0.001122252899222076,1.001446008682251,-0.015614857897162437,0.13800765573978424,-0.14915642142295837,0.0,290.4441520670314,0.0
53.202,0.01293668777066219,0.3147626516969374,0.02349843235343219,84,-0.006448155269026756,0.0016187882283702493,1.0004279613494873,-0.2966592311859131,0.0705147236585617,-0.2187328040599823,0.0,290.4441520670314,0.0
53.253,0.01227433027576328,0.32021988871309276,0.022173926369325317,84,-0.0054783206433057785,0.001329945051111281,1.0018130540847778,0.02185092866420746,0.15641583502292633,0.05658715218305588,0.0,290.4441520670314,0.0
53.303,0.010923509748921964,0.31198556474869255,0.01194130821042439,84,-0.004708563443273306,-0.0011677336879074574,0.9997894167900085,0.026625875383615494,0.12113870680332184,-0.14148609340190887,0.0,285.13283480625427,0.0
53.353,0.012462625687305866,0.306993441963975,0.005630201516081086,85,-0.004782208241522312,0.00041174673242494464,0.9998160600662231,0.022049102932214737,-0.09645944088697433,0.13547268509864807,0.0,285.13283480625427,0.0
53.403,0.012844189647451092,0.29943412825506177,-0.002789202805477234,85,-0.004703173879534006,-0.0022035425063222647,1.0022691488265991,0.12407156825065613,-0.05550505220890045,-0.04929773136973381,0.0,285.13283480625427,0.0
53.454,0.01823799263559238,0.3042802981098581,0.0018939066495414563,85,-0.00485610356554389,0.0001392163394484669,1.0022855997085571,0.10084523260593414,0.0639735534787178,0.3115909993648529,0.0,285.13283480625427,0.0
53.504,0.020790914077281456,0.29836559172346316,0.004682116074742843,85,-0.004702733363956213,0.001908945501782,1.0015957355499268,-0.0039036462549120188,-0.009402047842741013,0.03492766246199608,0.0,285.13283480625427,0.0
53.554,0.02199569943483598,0.30202893076512055,0.007884409747968219,85,-0.006206616759300232,0.0017991035711020231,1.0026742219924927,0.012966901995241642,-0.07484794408082962,0.08506093174219131,0.0,285.13283480625427,0.0
53.607,0.02104673393242956,0.30085317017557245,0.014664162031741767,84,-0.004912953358143568,0.0020844917744398117,1.0010323524475098,-0.09243287891149521,0.1294361650943756,-0.0824245885014534,0.0,285.13283480625427,0.0
53.657,0.023349240992975338,0.2911559555284785,0.014552899157429224,84,-0.006161029916256666,0.0012572670821100473,0.999250054359436,0.2328445464372635,-0.15532003343105316,0.057233259081840515,0.0,285.13283480625427,0.0
53.707,0.023560780343669867,0.29513464416017005,0.012440306462045478,84,-0.0063707344233989716,0.0006102730985730886,1.0021227598190308,-0.1632685363292694,-0.11533138155937195,-0.12153147161006927,0.0,285.13283480625427,0.0
53.757,0.026404270171657425,0.3037204391099401,0.010122761436358218,84,-0.004766682628542185,0.00012138802412664518,1.0019458532333374,0.16790321469306946,-0.10541193932294846,0.1685771942138672,0.0,285.13283480625427,0.0
53.808,0.028288225437148106,0.28893372508922965,0.007687360044527074,84,-0.0036587100476026535,-0.0009288432192988694,1.0009407997131348,-0.06106994301080704,-0.0993836373090744,0.03238248452544212,0.0,196.16968336373415,0.0
53.858,0.026739795254933002,0.29447999411928427,0.011695988130569367,85,-0.006672258488833904,-0.0001244056038558483,1.0015335083007812,0.09915623813867569,-0.21853460371494293,0.15427610278129578,0.0,196.16968336373415,0.0
53.909,0.030806171581035113,0.3014997402390707,0.007459475431754849,85,-0.0067321606911718845,0.0012815807713195682,1.001829743385315,-0.12322448194026947,-0.04366284981369972,-0.011021114885807037,0.0,196.16968336373415,0.0
53.959,0.030843563221388808,0.30278498817337823,0.010098325395437525,85,-0.0077207391150295734,-0.0004941110964864492,0.9984784126281738,-0.07839801162481308,0.04854031279683113,-0.06634856015443802,0.0,196.16968336373415,0.0
54.009,0.029881015568005872,0.29909614334085716,0.01722112131673078,85,-0.004569387994706631,-0.0002669503737706691,1.002681851387024,0.11747418344020844,-0.22391410171985626,-0.03741437941789627,0.0,196.16968336373415,0.0
54.059,0.028160771558521067,0.3009775305011951,0.011583755337425504,85,-0.005699676461517811,-0.0016114874742925167,1.0029296875,-0.02267499268054962,0.02298799902200699,0.10304812341928482,0.0,196.16968336373415,0.0
54.109,0.029316542983404824,0.30563816190351767,0.0043538714906758555,85,-0.005177889950573444,0.0005401833914220333,1.000626564025879,0.057444747537374496,0.0610869824886322,0.13233281672000885,0.0,196.16968336373415,0.0
54.16,0.0280614690274889,0.31099405971511984,0.00950710917161949,85,-0.004711422137916088,-0.0010904697701334953,1.0021343231201172,-0.046041253954172134,0.2174505740404129,-0.047981105744838715,0.0,196.16968336373415,0.0
54.21,0.028018005398009613,0.3095836321918732,0.005399380966619722,85,-0.006633245386183262,0.00045186941861175,1.0001040697097778,0.0012388252653181553,0.14359553158283234,-0.04550692066550255,0.0,196.16968336373415,0.0
54.26,0.028357800255914455,0.317583485148082,0.018048694717560914,85,-0.00587812252342701,0.0016677704406902194,1.000436544418335,0.1457114815711975,0.012393868528306484,0.13327333331108093,0.0,196.16968336373415,0.0
54.31,0.02682130645823139,0.30907975093337736,0.020714453453783577,85,-0.004410384688526392,0.0005488039460033178,0.9999534487724304,-0.12267253547906876,0.12444165349006653,-0.06793610751628876,0.0,196.16968336373415,0.0
54.361,0.02738956667251529,0.3153062600895943,0.00767482151800759,85,-0.006297862157225609,-0.0005696700536645949,0.9988343715667725,0.2815459072589874,-0.037276603281497955,0.2855161428451538,0.0,257.5562787841572,0.0
54.411,0.026540511292172077,0.32145742193624866,0.0071116408254129045,85,-0.005621487740427256,0.0013321301667019725,1.0015023946762085,-0.2300129383802414,0.1905478835105896,0.023191208019852638,0.0,257.5562787841572,0.0
54.461,0.028291051245125837,0.31647054196563934,0.005348705789412264,85,-0.0036155208945274353,-0.0007236715755425394,1.000303864479065,-0.008179652504622936,-0.05253170058131218,0.11349471658468246,0.0,257.5562787841572,0.0
54.512,0.030450503459257056,0.3113793186380758,0.012763424260478202,85,-0.004545152653008699,0.0010414724238216877,1.0034898519515991,0.09338519722223282,-0.0735478475689888,-0.0880829393863678,0.0,257.5562787841572,0.0
54.562,0.03117837395925774,0.30171996888099134,0.004459645607911898,85,-0.003612059634178877,0.0012337822699919343,1.00144362449646,0.007869286462664604,-0.070644311606884,-0.06011907756328583,0.0,257.5562787841572,0.0
54.613,0.03189842889398111,0.29177310244775695,0.006580401940203197,85,-0.004881993401795626,-0.0005456636426970363,1.0013015270233154,-0.12975139915943146,0.11005532741546631,-0.028243478387594223,0.0,257.5562787841572,0.0
54.663,0.031014575042962136,0.28697793009048256,0.008062252050636242,85,-0.00515830609947443,0.001172848860733211,1.00161612033844,0.0216912142932415,-0.01421845518052578,-0.11271467059850693,0.0,257.5562787841572,0.0
54.713,0.033783561271586736,0.2904260512138214,0.0009098137084817235,85,-0.004425724036991596,-0.0005566363106481731,0.9974697828292847,0.24248115718364716,-0.05317753925919533,0.1971355825662613,0.0,257.5562787841572,0.0
54.764,0.03228869457853228,0.2818458010518938,0.0006078904040394013,85,-0.0035549812018871307,0.001043211785145104,1.0021034479141235,-0.0021336995996534824,0.002765201497823,-0.10285928100347519,0.0,257.5562787841572,0.0
54.814,0.032913413459631585,0.28771010953809073,0.015450071034468906,85,-0.006034980062395334,0.001953889150172472,1.003245234489441,0.2218795269727707,-0.0546647310256958,0.07142830640077591,0.0,257.5562787841572,0.0
54.865,0.03435077773964328,0.2832066200965126,0.017428022853286266,85,-0.004196415655314922,-0.0010333621175959706,1.0017355680465698,-0.20856614410877228,0.18546080589294434,0.25713223218917847,0.0,257.5562787841572,0.0
54.915,0.03209885811214084,0.2875251552956734,0.005019092517640555,85,-0.005099978297948837,-0.0013432960258796811,1.0022510290145874,-0.1630692481994629,-0.12554626166820526,0.015822306275367737,0.0,299.08043354249855,0.0
54.965,0.029482791134169357,0.27649404683131484,0.013795188730347687,85,-0.003892360720783472,0.0006140265613794327,0.9991629719734192,-0.14556176960468292,-0.09653433412313461,-0.07098892331123352,0.0,299.08043354249855,0.0
55.016,0.026365951623702023,0.2740845837215079,0.009770025722041904,85,-0.00366411660797894,-0.003232642775401473,1.002862811088562,-0.11700165271759033,0.06304752081632614,-0.013224237598478794,0.0,299.08043354249855,0.0
55.066,0.02688527940039377,0.27984066219624204,0.008608516208580726,84,-0.004378379322588444,0.0004483919183257967,0.9991844296455383,0.3087444007396698,0.0191164780408144,0.1386445164680481,0.0,299.08043354249855,0.0
55.117,0.025448306742627425,0.2907717891663703,0.006206644129083366,84,-0.004363601561635733,-0.0014452534960582852,1.0009106397628784,-0.07244662940502167,0.0491897389292717,-0.08884128928184509,0.0,299.08043354249855,0.0
55.167,0.02744917403522407,0.28291313156682335,0.0027180921951521692,84,-0.005278151016682386,-0.0007113486062735319,1.000548243522644,-0.08611892908811569,0.0029441555961966515,-0.051313310861587524,0.0,299.08043354249855,0.0
55.218,0.02778181679998524,0.2897563383872207,0.006359121033091298,84,-0.006938690785318613,0.0002102538855979219,0.9994540214538574,0.09954297542572021,0.18704338371753693,0.07468492537736893,0.0,299.08043354249855,0.0
55.269,0.030042053807986926,0.29393885634928624,0.008652703047865936,84,-0.006694856099784374,0.0008078306564129889,0.9984927773475647,-0.2422945499420166,0.08181066811084747,0.038281720131635666,0.0,299.08043354249855,0.0
55.319,0.029343410659640405,0.28340263796727033,0.010501090710430486,85,-0.00409641582518816,0.0013195201754570007,1.0022345781326294,0.14788593351840973,-0.10198330134153366,0.07844120264053345,0.0,299.08043354249855,0.0
55.37,0.027882096836523377,0.28194338205775354,0.0002107315680503619,85,-0.005361452233046293,-0.0010622203117236495,1.0021322965621948,-0.02918829210102558,-0.11764082312583923,0.014286031015217304,0.0,299.08043354249855,0.0
55.422,0.024849736668184838,0.28679491116074235,0.0033419382354019037,85,-0.0042688860557973385,0.0025843637995421886,1.0019655227661133,0.04789013788104057,-0.03716230392456055,0.014045934192836285,0.0,299.08043354249855,0.0
55.472,0.025488242644830725,0.28649082522168695,0.0070648351330540845,85,-0.004407227039337158,-0.0010024845832958817,1.0010906457901,-0.2285606861114502,-0.3111470937728882,-0.10190952569246292,0.0,271.19513772145353,0.0
55.522,0.02487608584591371,0.29329086068198235,0.01502885845273533,85,-0.006818276830017567,0.00039777252823114395,1.0003330707550049,0.011250779964029789,0.1676274538040161,-0.04934341460466385,0.0,271.19513772145353,0.0
55.573,0.024805219108820796,0.2973676233199211,0.011837094883601304,84,-0.00715449545532465,-0.00019285579037386924,0.9986153244972229,-0.12462938576936722,-0.22731457650661469,0.06893283873796463,0.0,271.19513772145353,0.0
55.625,0.023343856960480355,0.3074689973279211,0.003399983950384466,84,-0.006095831282436848,0.0002982931328006089,0.9983949661254883,0.06518030911684036,-0.05716632679104805,0.11700957268476486,0.0,271.19513772145353,0.0
55.676,0.023696186684173882,0.3133423164958088,-0.008711475551578121,84,-0.006298542488366365,-0.00011672260006889701,0.9995535016059875,0.06704738736152649,-0.051400136202573776,0.04777417331933975,0.0,271.19513772145353,0.0
55.727,0.023655332722935855,0.30605875039196345,-0.010298607347863158,84,-0.003833151888102293,-0.0006263392861001194,0.999028742313385,0.031226681545376778,0.14839786291122437,0.12979114055633545,0.0,271.19513772145353,0.0
55.777,0.024747569459073783,0.3029995905570801,-0.012260022972983746,84,-0.00646245339885354,-0.00016739773855078965,1.0018742084503174,0.10175593942403793,-0.12102840840816498,0.01896185241639614,0.0,271.19513772145353,0.0
55.827,0.027405439421752383,0.3007202067778011,-0.009571338973686755,85,-0.005811823531985283,0.0001940457586897537,1.000035285949707,0.05018075555562973,-0.046768803149461746,0.10004645586013794,0.0,271.19513772145353,0.0
55.878,0.029113134939880915,0.2926872234072695,-0.01323164333170306,85,-0.002166526159271598,-0.0012301888782531023,1.0018939971923828,0.02062758058309555,0.10597272217273712,0.027870116755366325,0.0,271.19513772145353,0.0
55.928,0.026729294205235888,0.2816292354746978,-0.003810192976920073,85,-0.005843466147780418,7.810466922819614e-05,1.0005526542663574,-0.0585097037255764,0.04718025401234627,0.05979347974061966,0.0,271.19513772145353,0.0
55.979,0.024882802916853804,0.28142006220184834,0.0019429696199574139,85,-0.004585653077811003,-0.0007115760236047208,0.999819278717041,-0.01988675631582737,-0.020214706659317017,-0.019832493737339973,0.0,286.515745611039,0.0
56.03,0.021247470140679566,0.28381255574970743,-0.015132262188905954,85,-0.00404909485951066,-0.0017968668835237622,1.0005799531936646,-0.03188491240143776,-0.1352405548095703,-0.19637531042099,0.0,286.515745611039,0.0
56.08,0.02095352749016243,0.28264448131955366,-0.002846297096890185,84,-0.004807875957340002,0.00310282944701612,0.9990715384483337,0.04939804598689079,-0.097843237221241,-0.07709377259016037,0.0,286.515745611039,0.0
56.13,0.019213366888182166,0.2780335923977974,-0.023385824749103425,84,-0.0032882746309041977,-0.0009097435977309942,0.9991983771324158,0.12952356040477753,-0.07428118586540222,0.06980262696743011,0.0,286.515745611039,0.0
56.181,0.019920108438643478,0.2942163721900664,-0.023240750579975468,84,-0.0057499292306602,-0.00017388375999871641,1.0018678903579712,0.16959570348262787,-0.001026947284117341,0.07882173359394073,0.0,286.515745611039,0.0
56.232,0.021476444905460645,0.28850115095307816,-0.02572972003650547,84,-0.004136772360652685,-0.0024993610568344593,1.0008643865585327,0.06917538493871689,0.042817678302526474,0.02837957628071308,0.0,286.515745611039,0.0
56.282,0.019062909491447035,0.2919946334024988,-0.01756135233732984,84,-0.0062421453185379505,0.0006002781447023153,1.0020883083343506,-0.22870267927646637,0.051435746252536774,-0.20922107994556427,0.0,286.515745611039,0.0
56.332,0.020302810884641996,0.2860537124411912,-0.011458157118734068,85,-0.003584721591323614,0.00039970912621356547,1.00194251537323,-0.180491104722023,0.07481089979410172,-0.1885954737663269,0.0,286.515745611039,0.0
56.382,0.02028052842682718,0.2854184622699969,-0.020523649107354505,85,-0.004819281864911318,-0.0010901573114097118,1.0019426345825195,-0.0706731304526329,-0.05164126679301262,0.20757579803466797,0.0,286.515745611039,0.0
56.434,0.02003579922653764,0.29766737285347916,-0.0063983711717905825,85,-0.00833914428949356,0.0025941741187125444,0.998587965965271,0.01319977082312107,-0.013950025662779808,-0.028777888044714928,0.0,286.515745611039,0.0
56.484,0.019523984190694257,0.29273442248296955,-0.005466348829538715,85,-0.005896685644984245,-0.0008341697975993156,1.001387357711792,-0.027180712670087814,-0.310794472694397,0.1623074859380722,0.0,286.515745611039,0.0
56.535,0.022614532720477677,0.3014290740710845,-0.0034684845925297015,85,-0.004153560847043991,0.0009061400778591633,1.0007354021072388,0.3413526117801666,0.13887208700180054,0.1531783640384674,0.0,282.1027710519236,0.0
56.585,0.02200241248360357,0.3076099313221018,-0.007994596791537049,84,-0.00504590617492795,-0.0008401699014939368,1.0010082721710205,0.009304044768214226,0.006470480002462864,0.0013434618012979627,0.0,282.1027710519236,0.0
56.636,0.019642158818091452,0.3103407518898263,-0.014925240694022963,84,-0.005866542458534241,0.0002298027538927272,1.0008012056350708,-0.0016050783451646566,-0.01960313692688942,0.07312268018722534,0.0,282.1027710519236,0.0
56.686,0.019423350168056106,0.312146543842097,-0.01814520124598751,84,-0.003939488902688026,-0.0014180815778672695,1.0039974451065063,0.07443085312843323,-0.14088797569274902,-0.15200917422771454,0.0,282.1027710519236,0.0
56.737,0.021103792215976285,0.31494969952079627,0.0027675976367674145,84,-0.005802662577480078,0.00023559211695101112,0.9997394680976868,0.08945544809103012,0.09423840790987015,0.13794147968292236,0.0,282.1027710519236,0.0
56.787,0.019848096846987403,0.3116745299240135,0.016046281010792716,84,-0.005865934304893017,0.0015581260668113828,1.0016462802886963,0.09724251180887222,0.12219756096601486,-0.024967851117253304,0.0,282.1027710519236,0.0
56.837,0.018439925388552044,0.31234636779610375,0.018227007313616077,85,-0.005075900815427303,-0.003040169831365347,1.0021723508834839,0.15848970413208008,0.045314617455005646,-0.0891343355178833,0.0,282.1027710519236,0.0
56.887,0.020657673118567685,0.3163368314663364,0.013827093599368259,85,-0.0050884936936199665,0.0008001151727512479,1.0001757144927979,-0.02475893683731556,0.050217654556035995,-0.04063597694039345,0.0,282.1027710519236,0.0
56.938,0.020603946872840506,0.3030049793625884,0.005517213490420122,85,-0.004682493861764669,-0.0005706966039724648,1.0011111497879028,-0.09314753115177155,-0.039756156504154205,-0.07867217808961868,0.0,282.1027710519236,0.0
56.988,0.022358298232536607,0.3041313319857861,0.004850933769214665,85,-0.0043108961544930935,0.0008776654140092432,1.0013779401779175,0.03963027521967888,-0.12029961496591568,0.14500737190246582,0.0,282.1027710519236,0.0
57.039,0.025488637089630888,0.30056793198994974,0.008004148407843366,85,-0.006856107152998447,-0.0005228653899393976,0.9982033371925354,0.25987595319747925,-0.05173838138580322,0.023844853043556213,0.0,282.1027710519236,0.0
57.09,0.02483118500368933,0.297758833647851,0.0058351419635894065,85,-0.006411663256585598,-0.0011882231337949634,1.000732183456421,0.016794336959719658,0.15846684575080872,0.04425756633281708,0.0,292.204542287864,0.0
57.14,0.025542161407711733,0.3025189205821196,0.0023997844541826024,85,-0.0045738425105810165,-0.0008908724994398654,1.0004454851150513,0.0964338630437851,0.015169511549174786,0.0031366758048534393,0.0,292.204542287864,0.0
57.194,0.02625415580132474,0.30452480051243686,0.004938641515743528,85,-0.00456744572147727,0.000653740600682795,0.9988170862197876,0.18522222340106964,-0.04308345541357994,-0.04846101254224777,0.0,292.204542287864,0.0
57.245,0.025596945762116345,0.296098454704706,0.010717788329709491,85,-0.004167656879872084,-0.0001505868131062016,1.0008925199508667,-0.0027269364800304174,0.16782976686954498,0.04806102439761162,0.0,292.204542287864,0.0
57.295,0.022133121575687895,0.29908668380011544,-0.003962784211016944,85,-0.004625823814421892,-0.0014252196997404099,0.9993014335632324,-0.058892425149679184,0.047330591827631,-0.2380608767271042,0.0,292.204542287864,0.0
57.345,0.02211809437910291,0.29732167967961104,-0.008846774187190085,85,-0.005588804371654987,0.0004310168733354658,1.0026074647903442,-0.22959420084953308,0.040520306676626205,0.05196753516793251,0.0,292.204542287864,0.0
57.396,0.024452229817831166,0.3017759530680969,-0.00899967692859283,85,-0.00623611593618989,0.0010758028365671635,1.003141164779663,-0.1652543842792511,-0.028829626739025116,-0.00010786406346596777,0.0,292.204542287864,0.0
57.446,0.02677685476756402,0.2990979524584404,0.002846351574860339,85,-0.004639852792024612,-0.0017807557014748454,1.002806305885315,0.058156728744506836,0.22159142792224884,-0.033719416707754135,0.0,292.204542287864,0.0
57.496,0.028662904025946265,0.2972860613318622,-0.000200364898857689,85,-0.006000433582812548,-1.9119597709504887e-05,0.999836802482605,-0.04315557703375816,0.05807146802544594,-0.14748503267765045,0.0,292.204542287864,0.0
57.547,0.026783336571988586,0.2976732979708939,-0.0006954538578620617,85,-0.005425768438726664,-0.0005280422046780586,1.0022594928741455,-0.25033488869667053,0.07560121268033981,-0.11163973063230515,0.0,292.204542287864,0.0
57.597,0.023807467359645514,0.29300142964228737,-0.021721029174575725,85,-0.005362155847251415,-0.0005454542697407305,1.0021942853927612,0.059604253619909286,-0.0948934257030487,-0.01753190904855728,0.0,286.14435802974486,0.0
57.647,0.023066878071517808,0.2922411189334801,-0.029248399426986302,85,-0.0071131023578345776,0.0002400755329290405,1.0012407302856445,-0.161885067820549,0.19071678817272186,0.05650194734334946,0.0,286.14435802974486,0.0
57.697,0.020915160149391557,0.30131135043593493,-0.0172475728873117,85,-0.008889926597476006,0.0011627648491412401,1.0022914409637451,0.13932326436042786,0.022568603977560997,0.12024862319231033,0.0,286.14435802974486,0.0
57.75,0.02012855115995799,0.30514259799345156,-0.010972499682721846,85,-0.00449048588052392,0.0014272765256464481,1.0005255937576294,-0.03288383036851883,-0.08389312028884888,-0.22234418988227844,0.0,286.14435802974486,0.0
57.8,0.017221519708494882,0.30236664013279785,-0.01090063805551632,85,-0.00599423935636878,0.0006092967814765871,1.0011225938796997,-0.07875414937734604,-0.01222662627696991,-0.2825215756893158,0.0,286.14435802974486,0.0
57.851,0.01756365803531655,0.29836572492913527,-0.008231835997513207,85,-0.00433365348726511,0.0003779901599045843,1.00290048122406,-0.018756376579403877,0.1204349473118782,-0.08048354089260101,0.0,286.14435802974486,0.0
57.901,0.016028983021086383,0.3000244795605869,-0.009226699158240665,85,-0.006380854640156031,0.001039943308569491,1.0009253025054932,-0.14537304639816284,0.07320070266723633,-0.04330732300877571,0.0,286.14435802974486,0.0
57.951,0.01714282612632177,0.30967985436203993,-0.019800459591706867,85,-0.00674910843372345,-0.0001012618449749425,1.0006012916564941,-0.16304686665534973,0.05546753853559494,0.1489943265914917,0.0,286.14435802974486,0.0
58.001,0.016431835580584416,0.31167775562863553,-0.027744471310261323,85,-0.006720959674566984,-0.001268118037842214,1.0016107559204102,-0.1771310716867447,-0.07316196709871292,0.010941333137452602,0.0,286.14435802974486,0.0
58.052,0.016206912132866347,0.31180498628775816,-0.017097861975062186,85,-0.005785390734672546,0.00028931067208759487,1.0021922588348389,0.08126246929168701,-0.08058847486972809,-0.1514061540365219,0.0,286.14435802974486,0.0
58.103,0.015721573774543245,0.3059583637395907,-0.01263454563358069,84,-0.004835688509047031,0.00047900897334329784,1.0002975463867188,-0.15521161258220673,-0.12000298500061035,0.0485515221953392,0.0,286.14435802974486,0.0
58.153,0.014614959354511283,0.3081229380249943,-0.024103749828809543,84,-0.005662956740707159,-0.0017637561541050673,1.000683307647705,0.23356293141841888,-0.06945887953042984,-0.0025797325652092695,0.0,288.28812976836895,0.0
58.204,0.013873773063260384,0.30220852881095556,-0.02533028213008125,84,-0.005109940655529499,0.00026062261895276606,0.9995783567428589,-0.08510249853134155,0.0029098114464432,0.11198830604553223,0.0,288.28812976836895,0.0
58.254,0.012099909291286445,0.30432305958821393,-0.013143941301344648,84,-0.003901045536622405,0.001603909069672227,1.0026518106460571,-0.13441555202007294,0.10077864676713943,0.0449712872505188,0.0,288.28812976836895,0.0
58.305,0.011267779024762468,0.2982898909281755,-0.008560097961577199,84,-0.006396419834345579,0.0024889532942324877,1.000854253768921,0.015689853578805923,0.022537901997566223,0.043735355138778687,0.0,288.28812976836895,0.0
58.356,0.01094359737164095,0.29453311423173667,-0.006245048644442256,85,-0.004726143088191748,-0.00017784853116609156,0.9997101426124573,-0.05834721773862839,-0.16571833193302155,0.13661272823810577,0.0,288.28812976836895,0.0
58.406,0.009750098771260318,0.2934034743617164,-0.011888990697719542,85,-0.004282098263502121,-0.0004410400870256126,1.0020015239715576,-0.16432178020477295,-0.10001597553491592,0.1219884529709816,0.0,288.28812976836895,0.0
58.456,0.008700306594047073,0.2855777923617406,-0.005455053796085288,85,-0.004872723016887903,0.0007883263751864433,0.9977616667747498,0.023180464282631874,0.012438459321856499,-0.021562572568655014,0.0,288.28812976836895,0.0
58.507,0.007343178954639216,0.2807534038501487,0.006053088749825764,85,-0.005176405888050795,0.001432747463695705,1.0009504556655884,-0.03227363899350166,-0.2221383899450302,-0.043765194714069366,0.0,288.28812976836895,0.0
58.557,0.007728572510416702,0.2839613579891049,0.0036394247726812437,85,-0.00410638190805912,-0.0013430063845589757,1.0011942386627197,0.04785360395908356,-0.14335772395133972,0.09434430301189423,0.0,288.28812976836895,0.0
58.607,0.006436696456043493,0.2843287494604532,0.014911196705798603,84,-0.003646264085546136,0.0010341161396354437,1.0017740726470947,0.2050345540046692,-0.04531531780958176,0.10621373355388641,0.0,288.28812976836895,0.0
58.658,0.008868256584335966,0.2823899784110692,0.01240140088003528,84,-0.0031756258103996515,0.00047905452083796263,1.0020153522491455,0.19519415497779846,0.03578805923461914,0.20081426203250885,0.0,288.28812976836895,0.0
58.708,0.01143906196664169,0.28515573210398004,0.01169207911673803,84,-0.005074635613709688,4.9572208808967844e-05,1.0014023780822754,0.1862596869468689,0.07406261563301086,0.16792041063308716,0.0,264.7417787035284,0.0
58.758,0.012495000251795441,0.27988346475800924,0.002768132246252591,84,-0.005074061919003725,-0.002040951745584607,1.0015701055526733,-0.1821421980857849,0.12886382639408112,-0.03384675830602646,0.0,264.7417787035284,0.0
58.809,0.00977654672596781,0.2742516457365297,0.005405403862681726,84,-0.0027393342461436987,0.0016876752488315105,1.0026049613952637,0.2950780391693115,0.11795008927583694,-0.004904555156826973,0.0,264.7417787035284,0.0
58.859,0.012122931474309874,0.27682198668969366,-0.001417199756517429,85,-0.006285286042839289,-6.448005478887353e-06,1.0016326904296875,0.09550286829471588,0.0556844025850296,0.0810537040233612,0.0,264.7417787035284,0.0
58.909,0.014094504785668132,0.2768141023131044,-0.007248717183506122,85,-0.005361286923289299,-0.0010515924077481031,1.000710368156433,0.18616652488708496,0.1835031658411026,0.17750774323940277,0.0,264.7417787035284,0.0
58.96,0.012929276148616099,0.28700921571293236,-0.00679394112790331,85,-0.005607576109468937,-0.00030921539291739464,1.0016579627990723,-0.048383679240942,-0.004826434887945652,0.1276669055223465,0.0,264.7417787035284,0.0
59.01,0.011987172775773882,0.2909643164642107,-0.006988459167334133,85,-0.005190323572605848,0.0010938189225271344,1.0005730390548706,-0.035371579229831696,0.1438855081796646,-0.12278816848993301,0.0,264.7417787035284,0.0
59.06,0.014055903895071878,0.28933992015946103,-0.0016838416856030383,85,-0.004038830753415823,-0.000635513395536691,1.002567172050476,-0.06635905802249908,-0.06083199009299278,0.07170405238866806,0.0,264.7417787035284,0.0
59.11,0.013700530283253968,0.2857159740231495,-0.0054338598941592745,84,-0.003402383765205741,-0.004595468752086163,1.001183032989502,-0.0287921279668808,-0.06842126697301865,0.008773843757808208,0.0,264.7417787035284,0.0
59.161,0.01144537466188,0.2865871293297059,-0.014039626858018746,84,-0.0037323262076824903,-0.0010474444134160876,0.9991354942321777,-0.08493629097938538,0.025929689407348633,-0.058842774480581284,0.0,264.7417787035284,0.0
59.211,0.011297960858786434,0.28039045037547755,-0.006689003164497966,84,-0.005732390098273754,0.00014738277241121978,1.0017105340957642,0.010892796330153942,0.11067764461040497,0.03846793994307518,0.0,264.7417787035284,0.0
59.262,0.01054836860829902,0.29145489119287754,-0.0038205552861520784,84,-0.006668686401098967,-0.0011430971790105104,1.0004420280456543,0.07061489671468735,-0.02879314310848713,0.12368714809417725,0.0,284.72635937818205,0.0
59.312,0.010905676265886758,0.29807635918551256,-0.005389994976051687,84,-0.007078211288899183,-0.0010875924490392208,1.0006706714630127,-0.02053948864340782,0.019841404631733894,0.037791475653648376,0.0,284.72635937818205,0.0
59.363,0.011624938339159148,0.30043565490332025,-0.01064385450089037,85,-0.007923677563667297,0.0013311282964423299,1.0013543367385864,0.055096354335546494,0.02389928139746189,0.24677634239196777,0.0,284.72635937818205,0.0
59.414,0.010899730578257043,0.3076179839922235,-0.005845100177630919,85,-0.005868277978152037,-0.0005970739875920117,1.0014535188674927,-0.06778866797685623,0.03506328910589218,-0.016412997618317604,0.0,284.72635937818205,0.0
59.464,0.010263997523888055,0.30119558208997704,-0.013292638283104547,85,-0.0037149975541979074,-0.0006957647856324911,0.9995874762535095,0.11512891948223114,-0.11027951538562775,0.005797324702143669,0.0,284.72635937818205,0.0
59.515,0.009970659044562949,0.30235843513161464,-0.012422947556821913,85,-0.008013376966118813,0.0004699717683251947,0.9996005296707153,0.15185168385505676,-0.019209472462534904,0.020978868007659912,0.0,284.72635937818205,0.0
59.565,0.008629508543898294,0.3014683964720429,-0.020668137830906173,84,-0.0053063491359353065,-0.0013228185707703233,1.0011444091796875,0.12945805490016937,0.013655911199748516,0.09122645109891891,0.0,284.72635937818205,0.0
59.615,0.012009264706322175,0.3054515197890684,-0.008068618411093888,84,-0.006420657970011234,-0.0008942628046497703,1.0006386041641235,-0.0746423602104187,-0.06550224125385284,0.1697053611278534,0.0,284.72635937818205,0.0
59.665,0.012603804942153234,0.3017280840736127,-0.00687393920960351,84,-0.005735565908253193,-0.001530693843960762,1.0001946687698364,0.1685357689857483,0.12257514894008636,-0.02656504139304161,0.0,284.72635937818205,0.0
59.715,0.012472741796338671,0.2966830283425245,0.008049675895270761,84,-0.0037314787041395903,0.0011514269281178713,1.0034327507019043,0.04383978247642517,0.2776030898094177,0.03750075399875641,0.0,284.72635937818205,0.0
59.766,0.011296986664648009,0.29161666936760566,0.012867132221665481,84,-0.0027318131178617477,0.0007533655734732747,1.0017389059066772,0.01742430217564106,-0.19617699086666107,0.24335689842700958,0.0,292.0417769112937,0.0
59.816,0.011655637559372097,0.29079949892877266,0.0073149373719708375,85,-0.005680581089109182,0.0001837214222177863,1.0026658773422241,-0.03541208803653717,-0.16607344150543213,-0.14938020706176758,0.0,292.0417769112937,0.0
59.866,0.011383636676274206,0.2970091885932539,0.007880848191739958,85,-0.006090356968343258,0.0034770802594721317,0.9993825554847717,0.07149626314640045,0.1358826458454132,-0.10098641365766525,0.0,292.0417769112937,0.0
59.916,0.011033320243397243,0.2986885412469754,0.029622919939404094,85,-0.004607454873621464,0.002279754262417555,1.0020204782485962,0.056853652000427246,-0.13071171939373016,-0.08817470073699951,0.0,292.0417769112937,0.0
59.967,0.012151034159699344,0.2936948779280907,0.026688049491340834,85,-0.004613141994923353,-0.0028122097719460726,1.0025608539581299,-0.024246402084827423,-0.026616601273417473,0.07048308104276657,0.0,292.0417769112937,0.0
60.017,0.012499198723568163,0.29367456246160517,0.026644327308863996,85,-0.006715643685311079,-0.0008308240212500095,1.0007250308990479,-0.07612509280443192,0.09003213793039322,-0.19369930028915405,0.0,292.0417769112937,0.0
60.068,0.01546370972800359,0.2935129658980217,0.026013848336131518,85,-0.005250151734799147,-0.001260803546756506,0.9985624551773071,0.08214850723743439,-0.14373163878917694,0.05743459239602089,0.0,292.0417769112937,0.0
60.119,0.015513610052163144,0.28514833153520186,0.029402160114471835,85,-0.00580974156036973,0.0010737604461610317,1.0014948844909668,-0.15342076122760773,0.2411869466304779,0.04272272810339928,0.0,292.0417769112937,0.0
60.169,0.014912443988902386,0.28763094875858525,0.0334998227633525,85,-0.006991432048380375,0.0022159512154757977,0.9983422160148621,-0.2102530300617218,-0.04720289632678032,-0.01973811537027359,0.0,292.0417769112937,0.0
60.219,0.015490552247539067,0.2803840947614527,0.03352933285023874,85,-0.0041244253516197205,-7.144729897845536e-05,1.0008866786956787,0.10990076512098312,-0.10257869213819504,-0.03641849383711815,0.0,292.0417769112937,0.0
60.27,0.013496057397901032,0.27722498227317205,0.03265723436577539,85,-0.0037470839451998472,-0.000319191487506032,0.9992868304252625,-0.3173348009586334,0.05210680887103081,0.03816237673163414,0.0,292.0417769112937,0.0
60.32,0.013752531932484272,0.2803126765291315,0.02847956541521248,85,-0.006750187836587429,-0.0005076822708360851,1.0026910305023193,0.06339665502309799,0.03930099308490753,0.11920797824859619,0.0,267.613347795572,0.0
60.371,0.011625846039798727,0.2788655843151749,0.027296084845212183,85,-0.005171953234821558,-0.0003033099928870797,1.0017693042755127,0.20254310965538025,-0.11529088765382767,0.09823748469352722,0.0,267.613347795572,0.0
60.421,0.011592695359276671,0.2833922407127788,0.025749909769677972,85,-0.005044971127063036,0.000947002146858722,1.0011500120162964,-0.16808460652828217,0.045528337359428406,-0.19385844469070435,0.0,267.613347795572,0.0
