time (s),yaw,pitch,roll,battery
0.0,42.53252851809577,0.604863386852284,0.6436846618367154,55
0.02,42.53322373289514,0.5857645877838221,0.6667973674867705,55
0.04,42.53365087109128,0.600726770810544,0.6825858362789966,55
0.061,42.53404815915675,0.5850965048547087,0.7194315613744185,55
0.081,42.534367442889376,0.6191127569009734,0.7139093805968045,55
0.102,42.535356572549595,0.5599617598995054,0.6988809117845859,55
0.122,42.535305910191674,0.5421245198896649,0.6745587798526914,55
0.142,42.53736184879708,0.6029708430453072,0.6780939877616082,55
0.163,42.53621957085974,0.6082600475284039,0.7051110379992963,55
0.183,42.53675560777963,0.6088084725745097,0.7181678916979053,55
0.204,42.538097843354215,0.6018656182821165,0.7286361566372358,55
0.224,42.53855596022716,0.6564200968550998,0.748831167656643,55
0.244,42.53894820851898,0.648598965387461,0.715188264443221,55
0.265,42.53840688213006,0.651593734553188,0.688736998437752,55
0.285,42.53853186973802,0.6734747495576922,0.7178759677971815,55
0.306,42.53939578894084,0.6697040791781724,0.6866729300102128,55
0.326,42.539611513012744,0.6500466086700811,0.6622711849163425,55
0.347,42.5392826865473,0.633097612463257,0.6799373855824058,55
0.367,42.53883629412878,0.6751986972815854,0.6578459010336648,55
0.387,42.53718426334095,0.6529686329797104,0.6842291648145458,55
0.408,42.53737256975968,0.6524675136453212,0.6969216752736375,55
0.428,42.536377020680675,0.6030419522635232,0.6724170311122102,55
0.449,42.53633594687892,0.6027896364322617,0.6359032771362474,55
0.469,42.53512202654796,0.6576991835508775,0.6642601790508766,55
0.489,42.53588495574312,0.6429155013029234,0.6504860402454753,55
0.51,42.53641443024954,0.6386083390742238,0.6387829230397463,55
0.53,42.53711847771441,0.6720661466573213,0.6261486271276375,55
0.55,42.536041845014395,0.6562617059518545,0.642409554611059,55
0.571,42.53600822416161,0.632770938274799,0.6250551642985517,55
0.591,42.53560251228352,0.6135388669190194,0.6500009874441202,55
0.611,42.53458593619708,0.5950943846547824,0.674883929425466,55
0.632,42.5336605902403,0.5996688597168708,0.622029706170817,55
0.652,42.53237102047414,0.5936776214279346,0.7230997133951308,55
0.672,42.53315555608473,0.6310485533277901,0.7304446222068279,55
0.693,42.53106816429655,0.6588491422291596,0.6443299447061428,55
0.713,42.53123241032864,0.63897290099322,0.6382886188096625,55
0.733,42.53161360352287,0.6444603437297766,0.6647582221254508,55
0.754,42.53091527579613,0.6123859817023221,0.6741934186618073,55
0.774,42.529396409144994,0.6097437021638618,0.7431362909647496,55
0.794,42.52939634465404,0.5833921346939224,0.7414709525607164,55
0.814,42.52790314119042,0.6071339331807922,0.719913245138065,55
0.835,42.527565277271805,0.6051961196073957,0.7284954477685878,55
0.855,42.52683901580204,0.6367956814381331,0.6859840462108105,55
0.876,42.52645506917524,0.6270085559327149,0.6377187908775814,55
0.896,42.52578857276959,0.5890544054967388,0.6871918487308604,55
0.916,42.52624278536442,0.5698214420283334,0.6173236296970923,55
0.937,42.52643913147966,0.5939968858976193,0.6230652074810028,55
0.957,42.52741764473603,0.6293290245222071,0.6555140843543477,55
0.977,42.52694383137603,0.604657388864882,0.6873937936769106,55
0.997,42.52705859256407,0.613785227426256,0.6844123254494813,55
1.018,42.52607473084488,0.6187141735186455,0.6662989326314144,55
1.038,42.52785858961525,0.6597751212598638,0.6694763655278987,55
1.058,42.527134852106784,0.6717372288348059,0.6340892812941517,55
1.079,42.52836949822932,0.6192395644573202,0.6449197908815534,55
1.099,42.52805958322201,0.6045186872421704,0.6949503970299001,55
1.119,42.52781994818942,0.5697095679977808,0.7216609271483941,55
1.14,42.526596929310806,0.5746955649745432,0.6576569776036164,55
1.16,42.52600722464487,0.5847187079350695,0.6648202356375371,55
1.18,42.52482802973405,0.5759627209855273,0.6802080388356897,55
1.2,42.5253924419029,0.6145412648820416,0.6712412889381468,55
1.221,42.52576465493105,0.6693224537310564,0.6940570648279148,55
1.241,42.5256152173313,0.6457389228372024,0.7123287274282384,55
1.261,42.52687541199281,0.6498499291628196,0.7375352022459316,55
1.282,42.527195144124605,0.6330791435205482,0.7342238368869657,55
1.302,42.52773230832271,0.6562277490244008,0.6947833168000835,55
1.322,42.52907857333067,0.6649744963942245,0.6742567094612519,55
1.343,42.53041057826159,0.6446780170663524,0.6367890507330654,55
1.363,42.5302617597406,0.6763946246782212,0.6542357345031601,55
1.383,42.529739675699034,0.6031448081426236,0.667191785925473,55
1.403,42.52984810585889,0.5626290169268309,0.6677325406402436,55
1.423,42.52855116388534,0.5633925411911129,0.6767876562315268,55
1.443,42.52967792707576,0.5746183316419463,0.6870107804661965,55
1.464,42.52822554988628,0.6063169929135869,0.7147930251655588,55
1.484,42.52810330576229,0.6372136577546452,0.7048382261209537,55
1.504,42.52763150087811,0.63039378706832,0.6947270071335306,55
1.525,42.527194257417726,0.6300731395822025,0.6585293065056704,55
1.545,42.52667558720328,0.652830084517394,0.5720623414188512,55
1.565,42.52853938097713,0.6208034559777984,0.5822470705387148,55
1.586,42.52922295904964,0.6305107552266216,0.6270285115585226,55
1.606,42.52932212647792,0.600316901095616,0.6012449308872708,55
1.627,42.52879518971055,0.6530660156228528,0.6012696984276485,55
1.647,42.52970134051932,0.6392669993512083,0.6087347386664523,55
1.667,42.530854124817196,0.6288438421153749,0.6285908072205733,55
1.688,42.53057690588606,0.6049487262236587,0.6464122821227399,55
1.708,42.53075411696386,0.5854558048530374,0.66128445953252,55
1.728,42.53270602851772,0.5946179913528499,0.721692705859888,55
1.748,42.531375150865635,0.5958340027458572,0.7561339217450405,55
1.769,42.53084221401338,0.558153250388082,0.7418649801692612,55
1.789,42.53328373013004,0.5657011460884225,0.7042747189119143,55
1.809,42.533998374343234,0.6120598200485905,0.6557669227333416,55
1.829,42.519917512919434,0.6085472015811811,0.6101745352695775,55
1.85,42.525537727433786,0.6297906604093683,0.49461792977315283,55
1.87,42.47300418368823,0.6404304759274033,0.9614371013737311,55
1.89,42.524887795634555,0.8959692704522876,1.1315616497843146,55
1.91,42.49484194823272,0.8261677264850474,1.0305693791261261,55
1.931,42.49329453134722,0.337487081810081,0.9713095378465502,55
1.951,42.47626870982398,0.42231665021675485,1.187849865470847,55
1.972,42.47152775069602,0.3298829688203777,1.0539858818734493,55
1.992,42.47139732439134,0.9638722158051011,0.3408185485259676,55
2.012,42.50058728498125,1.282785755436553,1.0361991525152048,55
2.032,42.472837898732436,0.4650769093141367,0.7830515082678131,55
2.053,42.45695967407987,0.5161432550598434,1.0833283698090213,55
2.073,42.50445446184515,0.6523153032702972,1.0919936758991746,55
2.094,42.484721202229785,0.7960832248614778,1.7716831287087718,55
2.114,42.46080982824875,0.9146590614146934,1.466691727308417,55
2.135,42.48008541124969,0.643440601659265,0.9351997422913821,55
2.155,42.487087199233315,0.24969119496023218,1.306655643538603,55
2.175,42.48543308004247,0.9111101006954478,0.9079696615703386,55
2.196,42.454350997686795,0.9996023668059671,0.36437304998486597,55
2.216,42.46642485660059,0.3401508648734757,0.34267944917956517,55
2.236,42.46016368539901,0.4352179470871248,1.1101684458288057,55
2.256,42.440170775888575,0.615666518612417,0.8055316528024751,55
2.277,42.4424120203991,0.867741895185982,1.0789359514577421,55
2.297,42.41651825241076,0.8125437449105769,0.1929642941882033,55
2.318,42.477932923582074,0.7249658586111905,0.33224762178158773,55
2.338,42.43701248589795,0.5408368886872725,0.8396381860085184,55
2.358,42.46307197001588,0.6603390055532092,0.8843656032317885,55
2.378,42.460682204873315,1.0039209586798135,1.1411565687018388,55
2.399,42.45281305929082,0.9875174411167977,0.08516891612672825,55
2.419,42.478634304980886,1.2220108177225313,1.1140191417047662,55
2.439,42.41878344755398,0.8017526044001202,0.5679366017813993,55
2.46,42.481181957922644,1.1257376541165482,0.7414040428123895,55
2.48,42.436592723524285,0.9704737156581653,0.8421708167971352,55
2.5,42.46231995977686,0.7514775104768582,0.9658614638269734,55
2.52,42.473987204076224,1.142171698626921,1.5784221106091987,55
2.541,42.448982465877265,0.789996788454919,1.0762647947895299,55
2.561,42.49126591123419,0.9163829857238972,1.6189844401821538,55
2.581,42.44709941483617,0.9830959606395933,1.2192983118700806,55
2.602,42.45699636353705,1.2414244070816576,1.4203572279587884,55
2.622,42.45326456175198,0.876486598492365,1.5430024025331182,55
2.643,42.4458772816225,0.5766842042658851,1.266600006520084,55
2.663,42.46007693236128,0.3264829851300968,1.990116768376656,55
2.683,42.46032307953783,0.7896425940777454,0.922839777727934,55
2.703,42.484544637296715,0.8970900927385858,1.454651315384059,55
2.724,42.43336545367737,0.9862953378922238,1.1019417471045814,55
2.744,42.468824164449444,0.6218025516635611,0.9992234729089351,55
2.765,42.43472180290422,0.47168164482928465,1.9712453212299066,55
2.785,42.46373561044487,1.0139086839279554,1.7327109146766866,55
2.805,42.40146191677849,1.1638248459907385,0.39827007113871815,55
2.825,42.43618636988975,0.8351459823185301,1.359008856640288,55
2.846,42.38047670377346,0.9977607282451589,1.1036017553748667,55
2.866,42.41691066644625,0.47552906113002635,1.988344830964288,55
2.887,42.41243220139764,0.5624929391314939,2.210003705407782,55
2.907,42.380771248962155,0.230384722931706,1.856566794417702,55
2.927,42.41389281120359,0.6263455101897918,2.2826038641460062,55
2.948,42.39878201517876,0.873180083595325,2.653997526688293,55
2.968,42.42971954822829,0.9727915215095735,1.9232327416850326,55
2.988,42.36401234621737,0.8285127950074689,1.432591209441472,55
3.009,42.38511791430476,0.6387207430035419,3.028945981251659,55
3.029,42.322360895918436,0.8890506446421121,1.756321333716905,55
3.049,42.379107847270994,0.5842824118696726,2.551625387999066,55
3.07,42.3271893119903,0.8883369606415669,2.556193080306959,55
3.09,42.3482587401246,0.479785764909491,1.4751964907816333,55
3.11,42.36877488857248,0.7493260607640684,3.644620827547556,55
3.131,42.30333058344754,0.523251440658337,2.0557309845081897,55
3.151,42.35299944861551,0.687028902459068,2.718469454049904,55
3.172,42.3075354657525,0.2753802345932775,2.5348201480998758,55
3.192,42.3823060720141,0.5419260748438323,2.277812312114054,55
3.212,42.35008269829217,0.8901667258921777,2.151718121035661,55
3.232,42.3613053473469,0.5876470407702495,0.990754165951151,55
3.253,42.33763089327249,0.6904770946263471,0.8962831989597351,55
3.273,42.310887092529754,0.8534519239317692,1.1697949074178138,55
3.293,42.331145804245295,0.8471323999709246,1.7876167240217031,55
3.314,42.340917598687945,1.1356342466080118,1.8577452130067247,55
3.334,42.3324939181034,0.7632223359928647,2.4228821090806583,55
3.354,42.30280180125748,0.16618783742639245,2.0106539316087537,55
3.374,42.376920985961306,-0.128210134841693,1.4005312916496515,55
3.395,42.29877910949995,0.5582987979420951,2.1256644450685167,55
3.415,42.30357828365845,1.2675902859916082,2.0143387762353497,55
3.435,42.31528184074763,0.7905798703495884,2.52799033862919,55
3.456,42.26676403267449,-0.03719766951773107,3.0829994149884548,55
3.476,42.342547594320926,0.7995866328149619,2.6768650673491985,55
3.496,42.3432129341441,1.1221652654247944,2.2585521976308205,55
3.516,42.29702104811355,1.3834699408388282,2.667885722518957,55
3.537,42.33030974825819,0.9785203287205564,2.8335022702159223,55
3.557,42.277504351602055,0.4549318906349606,2.1520983876716193,55
3.577,42.31269397294865,0.7597408444266074,1.6223542245309903,55
3.597,42.296772328564266,1.0655209680593674,2.485198086135882,55
3.618,42.255470955194895,1.1837452084800302,2.1805245202849433,55
3.638,42.29653812157254,0.8564284233569441,2.6373536629951686,55
3.658,42.22812844158172,1.3380155733010572,3.4448943972039414,55
3.679,42.19263026944516,1.1237465294900013,3.4304568790448973,55
3.699,42.33321235631418,1.3760610297029867,3.773749965680939,55
3.719,42.14914904422138,1.59335952574647,3.8260754895889653,55
3.74,42.22862553749018,1.2114234131869528,3.157744855712017,55
3.76,42.20380353412723,1.4637662433081744,4.4913722646507725,55
3.78,42.23086662038121,1.4644858945783596,4.170850955100409,55
3.8,42.22928901052737,1.0151972906355606,2.656828071623752,55
3.821,42.232081969596294,0.8658716698681364,3.2858677352233046,55
3.841,42.13507979485316,0.9149164391016374,2.9719639096707846,55
3.861,42.187826322818324,1.4521281509355652,3.991876967975459,55
3.882,42.14941691914836,1.998635413944641,4.668526635388928,55
3.902,42.12224100339548,1.3809596684543244,4.497398339107812,55
3.922,42.18441568661009,1.2608854019588283,3.9104111878776107,55
3.942,42.15811369833258,0.8551509319447572,3.9661226699862127,55
3.963,42.10155731281175,1.6394206022062285,3.2713795861803283,55
3.983,42.14448268983133,1.0052219631521728,2.589081250584257,55
4.003,42.12014725230838,1.2308509514549348,3.1657705932347096,55
4.024,42.09034445685843,1.289660654189183,4.071849541544025,55
4.044,42.089408699998685,1.276814851601234,2.9847207964282574,55
4.064,42.159761130169514,1.114506392725931,3.9119802734815896,55
4.084,42.044996919114986,1.5235382680179606,3.954157653846138,55
4.105,41.96259300579165,1.8071583271295095,4.563949401591776,55
4.125,41.85593946294013,1.5827978115257781,5.825764343370187,55
4.146,41.65136037073218,3.2179594113866057,5.026510928139853,55
4.166,41.498290119535355,2.934056545849192,6.3676977433741495,55
4.187,41.318904302315126,0.881572329004511,5.115952623258012,55
4.207,41.20857606266886,0.6148606116966668,5.429440723842303,55
4.227,41.30267926019225,0.6289098972198505,5.486933193836949,55
4.248,41.29673508150565,0.3659471972707804,3.765558098994803,55
4.268,41.01869625211249,0.29169993515908554,3.2087132710810087,55
4.288,40.62182642186191,0.3173654745626658,3.6343149335017917,55
4.308,40.21425327754833,0.7601107577931995,6.0993876196288745,55
4.329,39.8108772549781,1.6828332102441879,5.82201787362246,55
4.349,39.442357473401444,1.7225514767763792,7.169111627063758,55
4.369,39.11039974981077,2.4816985296930594,5.262902556190965,55
4.389,38.9310071106545,2.0616684527257867,2.8792287358597397,55
4.41,38.8659444763739,1.4117707296347843,-1.112512458667035,55
4.43,38.49378192951599,2.373236396184026,0.12599084472560348,55
4.45,37.85841679894248,2.7233957051922415,4.06914371141017,55
4.47,37.44118170294269,1.4191553934010108,5.171791769157101,55
4.491,36.47182335278512,2.169357624462349,5.7764945364795,55
4.511,35.868117576805616,2.7984672710004794,7.515026681500499,55
4.531,35.235362140251254,2.8154735675813636,8.260194461995649,55
4.552,34.56462636359038,2.4517434362424,8.835767773069344,55
4.572,33.23371149453351,1.7340298430205523,9.393151430301062,55
4.592,32.02950250053664,4.198683636813151,8.481216768603742,55
4.612,31.07114825910367,3.659585035199516,8.707998802037842,55
4.633,30.162951306085688,1.8180321904952474,7.541973671061642,55
4.653,29.56257899204002,1.646190852535589,6.2219778579836,55
4.673,28.80406867937609,2.7934250588734106,5.509107508168759,55
4.693,27.970379448583575,4.173237088254185,6.094227529230133,55
4.713,26.995973135698023,4.026468508662373,5.894642246293482,55
4.733,25.859319234542,1.7474378482600115,6.825953370124342,55
4.754,24.951609074758835,0.2625711026429184,8.496085980260965,55
4.774,23.924571482841657,0.7448054177952833,9.320515053022568,55
4.794,22.466090389656983,0.7776379352984143,7.917519428464319,55
4.815,20.990027799691685,1.9930116544327519,8.193022698418499,55
4.835,19.716144648692076,0.6838431469390721,7.231908495329251,55
4.855,18.45308700451869,-0.7996635872309515,6.462736378935369,55
4.876,17.383231686746964,-0.5458688563258485,6.078774798576653,55
4.896,15.9671948445889,0.34869435923004743,7.260684688347127,55
4.916,14.449954143120063,1.054171129624416,3.063385685739796,55
4.936,12.54595827348248,1.02591155213797,3.1868306555856596,55
4.956,11.346393869613618,0.017028304869059173,1.5478859659389195,55
4.977,9.869342481243162,1.3853445128626145,2.6411177974325395,55
4.997,7.99538911948775,-0.15758903239291058,3.111841046742665,55
5.017,6.453108797776164,0.38687016380732336,3.096853440344567,55
5.037,4.8821588527739515,-0.5798760738642018,2.2679420940276875,55
5.058,3.4473740338166823,-0.06396901167784994,0.39318717007964527,55
5.078,2.0666347680839814,-1.3159190120234252,-1.698946461214719,55
5.098,0.5029890836690308,-0.8089604378589037,-0.49132415239952437,55
5.119,-1.121202311680013,-1.5094098296878644,-0.7125362855428244,55
5.139,-1.8049812850254103,0.6668369146278049,2.046592864352161,55
5.159,-2.983170124978192,-1.537708207317141,-2.3631815286262836,55
5.179,-4.896460773137283,-0.5468447506126414,-4.476316896237561,55
5.2,-5.504141426286429,1.4728928214204366,-4.088806173372104,55
5.22,-6.7039780964328255,-0.6302530217758427,-3.1983979614023723,55
5.24,-8.257455828148073,-0.2691938694090183,-2.5097575628189555,55
5.26,-9.244908382593628,-0.5390041223546218,-2.26760985828844,55
5.281,-10.425654532332834,-0.08782252859066232,-2.700075239315981,55
5.301,-11.371797543205963,-0.7619519365468258,-2.433511077016583,55
5.321,-12.297498823941629,-0.07022432360699224,-1.8041439544508997,55
5.342,-13.3031698449845,0.016718798077025056,-3.3334786280643427,55
5.362,-14.122357211884724,-0.3542171474163296,-2.9310345445281873,55
5.382,-14.841382713060286,0.031104801640059035,-2.3966573319677162,55
5.403,-15.562903392134558,0.32916260874101144,-1.312736088183989,55
5.423,-16.438511658640437,0.7571353822999097,-2.826400115243641,55
5.443,-17.24144710640985,0.3846986589625268,-2.41525957927639,55
5.464,-17.86464719341211,1.2053568921682554,-2.9916017010146683,55
5.484,-18.752774354261874,0.4910159508851822,-2.554614837515983,55
5.504,-19.391948029688592,0.6411687061641954,-1.6811400068444469,55
5.524,-20.060487083893808,0.9162620813385755,-0.09578015323350554,55
5.545,-20.436077672521154,1.090089499134577,-0.917556028515,55
5.565,-20.764395359202812,1.8543349630964037,-1.2654663473691676,55
5.586,-20.97167710896384,1.226465928108484,-0.730309539331684,55
5.606,-21.205939198784566,1.128662484676606,-0.35501650106408683,55
5.626,-21.35007782790172,0.6630428407297186,-0.020959018168122977,55
5.646,-21.432469779815854,0.886056951085697,-0.020244245160335822,55
5.666,-21.341935945943426,0.7208045904202741,-0.19179317885018607,55
5.687,-21.225563952174415,0.4955340746844211,-0.6427511567676412,55
5.707,-21.094621872759834,0.6511880175263043,-0.44452585777561465,55
5.727,-20.95605386565001,0.9087121300885734,-0.5119063986835848,55
5.748,-20.80658652783962,1.5843039422617906,-0.6380944078546057,55
5.768,-20.673445671863313,1.7017576496314146,-0.5069769340088193,55
5.788,-20.385382642666517,1.4794261467777579,-1.640918127431215,55
5.809,-20.209984777393746,1.2741787352117184,-1.50351163003108,55
5.829,-20.066226009924215,0.8539786016870958,-0.7613502685860389,55
5.849,-19.83190094819964,1.315044297174724,0.10174685734633243,55
5.87,-19.697299922535997,1.7599463592604891,0.7798466337415341,55
5.89,-19.605312359088778,1.3926943366809814,0.227908857728641,55
5.91,-19.423761938545464,1.7316861656677487,0.11102539079001085,55
5.93,-19.313412335260534,1.7590185918394416,-0.792273963298392,55
5.951,-19.17149164220303,1.8771495782192231,0.08369100617370984,55
5.971,-18.99061874632674,1.857472113290897,-0.22604938277766437,55
5.991,-18.83890585868802,1.3757402829187588,0.01595822429395759,55
6.011,-18.632716804231574,0.8295307896489765,-0.6509923081827389,55
6.032,-18.45372006575361,0.6952387945376922,-0.42162393583261976,55
6.052,-18.255558121172623,1.0375998929961265,-0.6182259883135003,55
6.072,-18.0996376142083,1.1475590424162128,-0.42920462972246465,55
6.093,-17.959746198899786,1.4076737641419947,-0.4481002997258279,55
6.113,-17.866256187734628,1.5297254205883124,0.1641205314699755,55
6.133,-17.85924458222422,2.005626191859899,0.7318324239951893,55
6.154,-17.828052396465797,1.0140529468338504,0.5146205116165768,55
6.174,-17.66408724243222,1.1693710820527492,-0.15641678770264633,55
6.194,-17.469915389998206,0.7945807880729268,0.08257363804091822,55
6.215,-17.349118155896164,0.6447140216976145,-0.10302633937587959,55
6.235,-17.248878220966205,1.5196174258051975,-0.24621618642621623,55
6.255,-17.19297197448218,1.1876466535943404,0.1754098260718786,55
6.275,-17.140244403887937,1.2177238885885897,0.014317711692344677,55
6.296,-17.00298398859654,0.7591399723733825,0.03388866811785255,55
6.316,-16.755325353159193,0.771549912652458,-0.37516277593041875,55
6.336,-16.459775008087078,1.5947356448851677,-0.8452320566227811,55
6.357,-16.301316320848215,0.35658347941048407,-3.746066695329878,55
6.377,-16.4885050632909,-2.057358626265189,-4.826110602392299,55
6.397,-16.669487156649932,-5.954604685804045,-13.813387296407988,55
6.418,-17.201298535925886,-4.534389050758986,-9.041080592397737,55
6.438,-17.366344823553206,-2.635165691938052,-5.799903576965096,55
6.459,-17.39787259139938,-1.7175039917936061,-3.734896231679764,55
6.479,-17.293005050479437,-12.173865688965163,-21.67710790679,55
6.499,-17.264680991140708,-10.762985107353957,-18.693914748081646,55
6.519,-17.186717087401053,-6.090946217775069,-10.855104547702057,55
6.54,-17.08807837605848,-9.227431113194669,-16.63743698165214,55
6.56,-17.457932724776516,-10.157355846501133,-16.173646808556878,55
6.581,-17.42173042508232,-8.910159704395378,-11.50728467626839,55
6.601,-17.21446769832976,-10.642051511463478,-12.092266731027049,55
6.621,-17.151230118423815,-8.980351738702376,-9.26863315010696,55
6.642,-17.125811131204774,-8.156036938476145,-4.021771672583147,55
6.662,-17.134461123664728,-5.254017335849773,-2.2781910241983265,55
6.682,-17.110205986311094,-1.845118277948645,-1.4786064482815575,55
6.702,-17.11845038970643,-0.8057743776537162,-0.44453856163794003,55
6.722,-17.093457365803214,0.2601001517730445,0.9887487278680748,55
6.743,-17.088529930338847,0.11790012529156246,1.1034749711438983,55
6.763,-17.103514542382026,0.472063943327244,0.9203734618560252,55
6.784,-17.079984698521184,0.4998016960283696,0.5374961158118179,55
6.804,-17.07742838438578,0.07668433815150542,0.633375820025528,55
6.825,-17.09098403384531,-0.1342311333157317,0.6430471867602868,55
6.845,-17.06675841211365,-0.03550629290632963,0.5321948962575451,55
6.865,-17.08130999824619,0.2983068719858533,1.0807208383242248,55
6.886,-17.068866477968733,0.4201711671149832,1.3108105504900185,55
6.906,-17.074130976479502,0.3275739308724486,1.1846111029679747,55
6.926,-17.069014319228913,0.4263632909715609,0.8936523644065094,55
6.947,-17.067880319266738,0.37258592560693105,0.9868664836590495,55
6.967,-17.067571746967886,0.3709157312274797,1.0103665975776168,55
6.987,-17.066478958203778,0.17814216524040916,0.6905722801081469,55
7.007,-17.081357104183486,0.2191291447646951,1.0636300594325976,55
7.028,-17.07323852890533,-0.1315393868783649,0.4751664725498868,55
7.048,-17.05745195238136,0.3260855976133195,0.8691699496779794,55
7.068,-17.085312822413375,-0.18543081946082512,1.2515407845787416,55
7.089,-17.123148404065674,-0.23463067954475708,1.0992519266776057,55
7.109,-17.155325504920956,-0.4855948924862343,0.7169583788044505,55
7.129,-17.182756159143892,-0.5229070819021527,0.5756951865414995,55
7.15,-17.224860769906698,-0.5458067383005135,0.7687045517358131,55
7.17,-17.283844729904633,-0.427643616442915,1.0974411810545472,55
7.19,-17.291276863953573,0.18110561347240767,1.2547029277640698,55
7.21,-17.220139027829266,0.5483661412504371,0.5723040966709861,55
7.231,-17.250303288792978,0.014316660952358132,0.5015040323126145,51
7.252,-17.222850941481017,0.6217031834776313,0.8160597799464362,51
7.272,-17.17975188865531,0.1301520349147749,0.9223593274847485,51
7.292,-17.220529922748078,0.16723335965025526,0.7337388425723826,51
7.313,-17.223925961734885,-0.16838905615225552,0.5892942982874514,51
7.333,-17.176671050157033,0.21947923581420054,0.5745252001353679,51
7.354,-17.234014734420548,0.37593119900489386,0.8844758035121704,51
7.374,-17.173506929091836,-0.05571833864224609,1.0210318061319197,51
7.394,-17.173892155769572,0.5070001237394169,0.8078369681907434,51
7.414,-17.148825001623827,0.012853051546539629,0.6550033968008334,51
7.435,-17.240336660194597,0.30481390148227566,1.171883754249249,51
7.455,-17.195847573746217,0.6758414621916976,1.1564888381041185,51
7.475,-17.153339760777552,0.6531281051475339,0.8235988619729596,51
7.496,-17.125685071494043,0.5634899017692503,0.9174204201282274,51
7.516,-17.055109806299523,0.6492071037301979,1.0848594701585712,51
7.536,-17.053496215163303,0.3944026790606595,0.5799749510749489,51
7.557,-16.983839158479206,0.4160963384580314,0.74647249196269,51
7.577,-17.001603599964646,-0.18835188811554662,1.1792442440599524,51
7.597,-16.942885316490695,0.28626992387699074,1.5778642557557314,51
7.617,-16.833131814909645,0.3110797153222961,1.3438610069653234,51
7.637,-16.802637850235293,-0.22447726561458473,0.5576750455101792,51
7.658,-16.781977329032284,0.08276738707127415,0.7832180082789882,51
7.678,-16.732523240615503,0.4835537216594879,1.031143702042762,51
7.699,-16.47025640753591,0.1725009115289836,0.08160860155972226,51
7.719,-16.017704134098405,-0.17308686581689525,0.09375231585946056,51
7.739,-15.57613427635979,-0.3737339340724414,0.9733253604218893,51
7.76,-15.077457301297637,-0.861767723739576,1.6347807084513573,51
7.78,-14.539134806275706,-0.690915636912945,1.5720671557232482,51
7.8,-13.989997145592406,-0.013061001866497805,1.8302255233286435,51
7.821,-13.380230556409424,0.3004794676682619,2.583728920761928,51
7.841,-12.9546260526512,2.0464098870152845,3.2196219335829084,51
7.861,-12.764594846766748,2.6346648954644456,1.9131614688795955,51
7.881,-12.638822081379793,1.7786455466828106,0.9944493154493148,51
7.902,-12.46195358419768,1.4903058662962048,1.227833654695745,51
7.922,-12.150568739319304,1.2530911997658922,0.9101542503228472,51
7.943,-11.849112206101516,1.9623068683843137,1.4474355514885522,51
7.963,-11.609284099981004,2.802496819377958,2.36846394227598,51
7.983,-11.209470059823749,2.4614510596363495,2.169261347444483,51
8.003,-10.82499500827466,2.7139719088207284,1.2699517184705484,51
8.023,-10.382764696647559,2.9071221086228025,1.7564773113832055,51
8.044,-10.01664721206284,1.7364206487459934,0.8806533524302308,51
8.064,-9.99241094467165,-1.212810684703505,-0.9669598950805908,51
8.084,-10.091818659606492,-1.5725444359916727,-0.4026481373863125,51
8.104,-10.146599919542172,-0.7633722764584737,-0.3654038090865248,51
8.124,-10.154274730272748,0.24817775740209846,0.9300061767229354,51
8.145,-10.059663236688284,0.8207683344829199,1.2420009488135413,51
8.165,-10.040142106297498,2.1718061553863666,1.2506783151726113,51
8.186,-10.050592827350801,1.5622706865495903,1.2121748941986177,51
8.206,-10.054575839561796,0.8333733209694714,0.24716695607489061,51
8.226,-10.030730023387708,-0.5945600437477628,-0.507608792033614,51
8.247,-10.094229640299307,0.18474397268556558,0.04079009720731676,51
8.267,-10.09505224804045,0.6880218353576076,0.9902794604949976,51
8.287,-10.05842223177098,0.4473669747379612,0.6529428575613107,51
8.307,-10.063843369038754,0.18914670254858162,0.1962075747355484,51
8.327,-10.083288453094216,0.7674235442006884,1.1481009236217325,51
8.348,-10.080138697333954,0.11763601247596635,0.7062229331011477,51
8.368,-10.036380876395473,0.21505378875646775,1.0525695666915331,51
8.388,-10.08634465038347,0.2502518149623181,0.9748184787046585,51
8.409,-9.996674928519841,0.3039486616889574,1.5942001513716755,51
8.429,-10.01605001122619,-0.041928288051280814,1.6392414893652083,51
8.45,-10.02588306871059,0.31210562296464556,1.0869736675937018,51
8.47,-10.030489897380336,0.9306447950068389,0.7406767934897929,51
8.49,-10.069819817975942,0.8216954748116586,0.0382835345365847,51
8.511,-10.010043513797884,-0.20518934346512796,-0.35709965226800633,51
8.531,-10.04326537223784,-0.33621256760625806,0.09937316020215091,51
8.551,-10.038331887782364,-0.725624372298201,-0.10853810064796982,51
8.571,-9.987155364762716,0.6449735695364626,0.7985206812783363,51
8.592,-10.041404258543746,1.058168463222212,1.6497284413982105,51
8.612,-10.070797241886376,1.3795381571564438,1.9925587016216202,51
8.633,-10.041021576966026,0.65482225661925,1.4249838252054434,51
8.653,-10.008328461821304,-0.33916161937351363,-0.05585979644979262,51
8.673,-10.029827884483874,-0.6119234477653269,0.12839438182751828,51
8.694,-10.052320622633752,0.1446966289093537,2.1500545952072714,51
8.714,-9.98553873650773,-0.09866537384409893,1.7934340353450309,51
8.734,-9.91853133348017,0.440574316723613,1.1879059299036359,51
8.755,-9.985804809742984,0.38743569944860945,1.018467001269739,51
8.775,-10.042473113256317,-0.02669792153536772,1.7029601717276608,51
8.795,-9.988700149357028,-0.3691470900741015,1.4450303921520484,51
8.815,-9.99145152488408,-0.39360770216114627,1.4093163990963036,51
8.836,-9.996061406220985,-0.2552871938687128,0.8882057066808631,51
8.856,-9.961366430960775,0.3605695245458148,0.4963259811387157,51
8.876,-10.004976568354065,0.9786019009004138,-0.010237501242147912,51
8.896,-10.013021153196375,0.050798723525817484,0.27539719277752533,51
8.917,-9.982235616436467,-0.06367644598108897,0.7105040217733875,51
8.937,-9.994364639083825,0.1728433638825456,0.43840921350025785,51
8.958,-9.993697884417042,0.050115133717776886,0.04571208039953556,51
8.978,-10.022331897033279,-0.5764474048464112,0.18792782119515386,51
8.998,-9.992869719693982,-0.10100545174837842,0.8892503585277376,51
9.018,-10.009613466941229,0.4415601913958661,1.07060066786989,51
9.039,-9.995395770330601,0.7349856110935392,1.9983957492867206,51
9.059,-9.983473451084464,0.8997941697578111,2.0110217611790624,51
9.079,-9.973114251826061,1.0031110806147754,1.9405384041579306,51
9.1,-9.983477756187206,0.6572968975519663,1.7981921577695401,51
9.12,-10.010367232966253,0.9225336228429508,1.8368365796765336,51
9.14,-10.027867123618087,0.3082443442662247,1.3043105443162086,51
9.161,-10.005558465355131,-0.7341217307089193,0.32423212405935814,51
9.181,-9.920192944850436,-0.317951139368166,0.3072422994805928,51
9.201,-9.986641346666596,0.22455476899658122,0.11292191950121006,51
9.222,-9.97883021248344,0.3340411289923746,-0.0638433986722345,51
9.242,-9.857049059033665,0.33538181930621014,0.10832725180077948,51
9.263,-9.971747386306102,0.28268950521319175,0.2736777211268545,51
9.283,-10.069288478765424,-0.10716875928462767,1.2085395963194572,51
9.304,-10.077897827405701,-1.283160004085282,0.6991624404702265,51
9.324,-10.004037346085704,-0.5693948975276941,0.522787031467791,51
9.344,-9.977120194617067,-0.9828540430542364,-0.00751612323378009,51
9.364,-10.08508503470963,-0.784355324943794,0.7193993908916769,51
9.385,-10.271086243194498,-0.3906325839606054,1.0263662711340518,51
9.405,-10.435914463512256,0.40714934495678207,1.6964757978014253,51
9.425,-10.3316501757865,0.32532699771114576,1.2820988257239787,51
9.445,-10.168899097475524,0.261154961589011,1.2107846913234843,51
9.466,-9.428265750647562,0.4458583968965729,0.8555201856272038,51
9.486,-7.858604899846988,0.319915790590217,-0.047579264314295634,51
9.506,-7.09978030412386,0.4259405973687003,-0.37111609406772383,51
9.526,-5.909666669074077,1.8765552616456278,0.5662108948785255,51
9.546,-4.794116474861958,1.9698598460507484,0.9452537516728255,51
9.566,-3.9022690468584282,1.5100486818889367,0.4353282278100671,51
9.586,-3.0353411360258273,1.816454337872074,0.29284375593742534,51
9.607,-2.0726237968258014,1.384521343926749,0.3988613369589481,51
9.627,-1.1302468005335056,1.4679942560095585,0.9345644527000964,51
9.647,0.0393304948873169,1.1213516802907704,0.36461025484044146,51
9.668,1.0048096162798077,0.330427724101681,0.2299345275619523,51
9.688,1.870793045257223,0.34092463922419447,0.3300958177092437,51
9.708,2.8478042419363097,-0.01818056550866014,0.44241288753803726,51
9.728,3.6765306888289975,1.1201058678724705,0.7546105741068343,51
9.749,4.2752261942849055,0.9782384196678571,0.980230047241101,51
9.769,4.819603825632647,0.8340158101656928,0.5855484453801685,51
9.789,5.34463137016136,1.4574949003442201,0.41684441197025773,51
9.81,5.8365874630224335,2.169480209572983,0.8316605311584553,51
9.83,6.253435013980189,2.225228656336209,0.46032566458765156,51
9.85,6.79372780669727,2.6328135261676247,1.3799591752418778,51
9.871,7.221297555525589,2.1002075087693473,2.384363082759665,51
9.891,7.4936150663841445,2.110014600663032,2.246009525132231,51
9.911,7.736704668809388,2.812305319101142,1.9971056128691422,51
9.932,7.928364783804035,2.564550642292631,2.611688563761978,51
9.952,8.09829843377819,1.9110703743724895,1.7111263636550225,51
9.972,8.215940778381572,1.4350452239500822,0.9413618314261857,51
9.992,8.4070315115819,1.5439295462885851,0.5919452930671144,51
10.013,8.533684866297145,0.9724276973934826,0.3120193747621351,51
10.033,8.642842305741661,0.3997582793361638,-0.2985450475733733,51
10.053,8.776968537643862,0.15368500655256004,-0.43290938558671443,51
10.073,8.836075286312772,0.2449906904699949,0.3988311890495704,51
10.094,8.914485297463706,0.14357699339130692,1.0057709776257489,51
10.114,8.962553719549454,0.41087752867542426,0.013654442186494602,51
10.134,9.029446118018008,0.9037569144943807,0.9838537069402786,51
10.155,9.196883422213922,1.3890926016089526,0.9197773217953781,51
10.175,9.187772302103475,1.3437576961666247,1.2914075812146573,51
10.195,9.410189223873694,-7.008568792297831,-0.03503460328700323,51
10.215,9.594375987635011,-4.286413814151499,0.40457168859063175,51
10.236,10.01835149691946,-2.371661046858668,0.6828250676954193,51
10.256,10.262124890039141,-0.2619564056111878,0.3794106227770044,51
10.276,10.502128728998324,0.8271151511402218,0.4455286612127079,51
10.296,10.648036029619144,1.3162047000077404,1.174878047829024,51
10.317,10.751371112383175,2.040167641388097,1.087888506765014,51
10.337,10.748888273294632,2.166230524840882,0.25278729018749535,51
10.357,10.734634653577054,1.5803000109167356,0.6042485754715432,51
10.378,10.681518506378703,-7.329166468433718,-1.1816240104490285,51
10.398,10.460488741719141,-7.279454473400851,-0.9868354072330082,51
10.418,10.689281716865432,-15.543863283574447,-0.40459056064366233,51
10.439,10.578245297305509,-8.59461971234118,-0.528635150593288,51
10.459,10.701496667719493,-7.385689763256813,-0.16924780701462327,51
10.479,10.86782958689464,-8.976718742002022,-0.4537060534790085,51
10.499,11.272816478064396,-7.687610957105821,0.6957311926212731,51
10.519,11.614700019109659,-7.288001647321546,-0.9338096075702309,51
10.54,11.783704439475695,-10.191238512639112,0.7327995157590911,51
10.56,11.608474578131062,-6.092317760012065,3.1501938839659402,51
10.581,11.612387640799351,-0.4543561307023768,3.4741078143767847,51
10.601,11.607414931037807,-0.31400271497878474,1.8954832024153403,51
10.621,11.610360921585238,-0.2767334479207295,2.215976742741429,51
10.642,11.606224928159248,-0.14844010405994393,1.723319572490471,51
10.662,11.588702126008751,0.456942888361931,1.9970427785820586,51
10.682,11.585797766831503,0.3186473036863069,1.5505234502883973,51
10.703,11.567661001411308,0.8250376413653313,1.6651001235916663,51
10.723,11.591929210873003,0.5650981186052628,1.2968013522489916,51
10.743,11.565057074518519,1.094905070205757,1.959116243329204,51
10.764,11.57587644093975,1.120313520805787,2.14704633086873,51
10.784,11.579308839023568,0.6208071811794642,1.4333446730285266,51
10.804,11.559570816130346,0.7126079991779086,1.1980304707765956,51
10.825,11.590159761973055,0.45004425134248505,0.9809852893679586,51
10.845,11.563786744478321,1.03478446507222,2.0496387158593206,51
10.865,11.579864393848466,1.0925609540911854,2.003059331796292,51
10.885,11.583830904732835,0.7100461002977829,1.9703295962693017,51
10.906,11.583434242875214,0.5125847672584016,1.1554436457091595,51
10.926,11.562683709959048,1.0329251077730388,1.4483817098199545,51
10.946,11.560874528130874,0.7364863918403751,1.180007516902133,51
10.967,11.556448882714417,0.649118946874832,1.2207483690388947,51
10.987,11.55008353120802,0.7225435068392895,1.6616271992302838,51
11.008,11.552210978498625,0.8679152403975694,1.3432252403408924,51
11.028,11.564091189714642,0.8375930312274056,1.2578866582870007,51
11.048,11.544668507560399,0.6019191590533729,1.3045408491897403,51
11.068,11.55923465627529,0.8619242951818441,1.2880953956915149,51
11.088,11.533964530436448,0.8862613003162713,1.889334415707594,51
11.108,11.516026554085569,0.47408656059642834,1.1068365303850425,51
11.129,11.5326133144395,1.0389362004954585,0.5361277658428872,51
11.149,11.57068543632617,1.2065978925667535,0.40870256476331446,51
11.17,11.620658234549678,1.0847911657132745,0.3398102012310909,51
11.19,11.679357970948768,1.0345248173175485,0.24835388885840762,51
11.211,11.673210683217075,0.6762892190721825,0.6430650792444207,51
11.231,11.623290635047407,0.542395042262024,1.5454253816037546,49
11.251,11.607313955540246,0.7319458953631854,1.477064793456568,49
11.272,11.657610815137,0.6466597733548549,0.9424316257549689,49
11.292,11.61019341699183,0.6719686917135618,1.734505517734529,49
11.312,11.654417512930461,0.7448147198230128,1.1180418143181243,49
11.333,11.60267649260974,0.8118076479571255,1.6857759036431774,49
11.353,11.662767112252064,0.5762018965680213,1.2230278858172325,49
11.373,11.655580458099601,0.9355297533289444,1.290718707330089,49
11.394,11.609873442431073,0.713739319487068,1.416082788504235,49
11.414,11.609792750976785,0.5872396574102967,1.3105716964931777,49
11.434,11.641403856586571,0.5973108887610268,1.1813874998695462,49
11.454,11.641403856586571,0.5973108887610268,1.1813874998695462,49
11.475,11.797458061900718,0.6418257194192957,1.5090361105594674,50
11.495,11.799892078621005,0.9053233448500537,1.3799495848545553,50
11.515,11.801014029736951,0.5319895226330781,1.1941042734758127,50
11.536,11.798152426735207,0.9978971171649548,1.502247031958071,50
11.556,11.795610126326828,1.1038031420328307,1.2787614433247008,50
11.576,11.801472535399448,1.151681251340558,1.1293465724299059,50
11.597,11.806454302262864,0.9422737195286608,1.1159107856932076,50
11.617,11.807568361785485,0.7043909194667303,0.9171900823143379,50
11.637,11.803629184777947,0.5256144518885579,0.9521594047152572,50
11.657,11.802502813335167,0.5708102548385552,1.2771931527205318,50
11.677,11.806270817748867,0.7771420813003798,1.4600464570373324,50
11.698,11.807243289762624,0.7276339556879723,1.5392935044781553,50
11.718,11.805486979090718,0.8318268192792864,1.4105248252875875,50
11.738,11.8064836700716,0.8181750574207127,1.352948780916475,50
11.758,11.80694873461861,0.7200021354972733,1.4032366283326878,50
11.779,11.808262562889476,0.758690987744279,1.2789453593021476,50
11.799,11.810002530048632,0.8138193789531571,1.3848084479441474,50
11.82,11.807566809357972,0.8587044823200639,1.4253680162301263,50
11.84,11.809856974473286,0.8212447141540845,1.4629366419782028,50
11.861,11.809243817527394,0.8441601404764788,1.3860407375293005,50
11.881,11.809183672173218,0.8285592286244622,1.4274470347103525,50
11.902,11.809714548868556,0.8388953807914014,1.399859189911117,50
11.923,11.808363365570237,0.8022064204447565,1.4613156723453509,50
11.943,11.810109074340577,0.7959855511529751,1.410620608256342,50
11.963,11.809714539051651,0.7950053378629117,1.380557654676074,50
11.983,11.81133577539146,0.8082459336047391,1.3635242217083496,50
12.004,11.812984659651814,0.7670890417181897,1.377403031329407,50
12.024,11.813519177013625,0.7561051042059755,1.4118589768662735,50
12.045,11.815813091871183,0.8179721067800736,1.4008640889482005,50
12.065,11.818211560584123,0.801091135351654,1.3802370213422597,50
12.085,11.818473268121208,0.7954000999393165,1.397336323351831,50
12.105,11.81715474903312,0.8652874276959241,1.350311703781019,50
12.126,11.817224953470802,0.853205081351364,1.3794636484232916,50
12.147,11.81717353936698,0.8330482998700871,1.4174687530946826,50
12.167,11.817479460768084,0.8212058217688981,1.376457600536601,50
12.187,11.81851392836061,0.8210867155296127,1.3136152443536202,50
12.208,11.818284769084103,0.8720823072540616,1.316621700909497,50
12.228,11.819070390903395,0.8555168216029162,1.2829780162830453,50
12.248,11.819519657975185,0.841098940173086,1.351565433338969,50
12.268,11.819737441359623,0.8220786228844419,1.3663372689993374,50
12.289,11.820250882247674,0.8275502307939199,1.3606144055314746,50
12.309,11.819849872366396,0.8435374545709217,1.3632107399241755,50
12.329,11.818927397711567,0.8407481053328324,1.359218202550406,50
12.349,11.81897129143618,0.8452307372896315,1.3455086310269189,50
12.369,11.819180075760215,0.823911663480923,1.3719240902266636,50
12.39,11.818973856023648,0.835551649501035,1.3404814618837713,50
12.41,11.820725842735808,0.8706859080765641,1.355541086430448,50
12.43,11.819937427212809,0.865981540529171,1.4015633020477598,50
12.451,11.818911299543498,0.8791900517322038,1.4055280534766892,50
12.471,11.818177914594074,0.8735012354251351,1.4149570514955483,50
12.491,11.817553346295725,0.8483556435108313,1.3710588125889553,50
12.512,11.819423528445004,0.8482816243649748,1.3268354122084536,50
12.532,11.818866004173936,0.8402675981883244,1.3334207342916067,50
12.552,11.820597284312258,0.7972773631211078,1.311949245977599,50
12.573,11.820646859819185,0.9937134503208102,1.4339228603220229,50
12.593,11.820465343928275,0.7966659718807403,1.3319177093850336,50
12.613,11.821711999100287,0.84692294752057,1.3266635259773312,50
12.634,11.821707886716958,0.8714612394615934,1.322901908487578,50
12.654,11.820980959066635,0.7970972038141827,1.3321292812466201,50
12.674,11.820791366843812,0.784609842278415,1.305657191399732,50
12.695,11.81963842582914,0.809968714559576,1.3345640862439592,50
12.715,11.822383992234542,0.8399407753733444,1.3330137634799064,50
12.736,11.822855723640886,0.8435147529480123,1.2754274772117207,50
12.756,11.823799128447899,0.8497661041155404,1.2905729898118499,50
12.776,11.823283755485855,0.8715290723242546,1.3295063319889593,50
12.797,11.824023899130985,0.8584639530252042,1.349499427753676,50
12.817,11.823676647052007,0.8790671143515234,1.317067755306455,50
12.837,11.823468742984428,0.885825348841753,1.4013701423174045,50
12.858,11.822603008899726,0.8846050841391002,1.3675636523065742,50
12.878,11.822383969097173,0.9223356330148031,1.393242418903516,50
12.898,11.821814557226977,0.9094273997865131,1.3709682894896036,50
12.918,11.82247806008375,0.8580550027270293,1.3818108530529176,50
12.938,11.82207661050007,0.8655640958784191,1.415501437744042,50
12.959,11.821328645476786,0.8383981244361663,1.3618498903258538,50
12.979,11.821640410353705,0.8613777819780299,1.3591922766748936,50
12.999,11.823319418524044,0.8337936129864669,1.3834018774625183,50
13.019,11.823134335380399,0.8316107522485086,1.413984382654255,50
13.04,11.823080701745294,0.8540885737165389,1.3950072813715926,50
13.06,11.819849713069521,0.8811647121529038,1.4690094993356342,50
13.08,11.819821806563695,0.8125314574917656,1.4053486521408183,50
13.101,11.819269685862562,0.8503927417623978,1.429998912133333,50
13.121,11.818592657739782,0.8487586933435232,1.3682920162018595,50
13.141,11.813552845605107,-0.04771178383342189,1.002761183969648,50
13.162,11.815868733319132,0.2595179651825113,1.6028670044378757,50
13.182,11.857782477999042,-1.3417577964798275,1.8993273474257353,50
13.202,11.950339342155948,-0.6474595408406957,1.6111639578379933,50
13.223,11.955586189069583,2.9200081702429155,1.0116153726936976,50
13.243,11.97486478064767,2.0499505658471504,1.7006898421495091,50
13.264,12.020642987498526,-1.1507391109336185,1.7951720860032616,50
13.284,12.195173360464798,-2.826873093821443,1.7148333967228004,50
13.305,12.325425928564165,3.582898797460072,6.368106887571747,50
13.325,12.753721202423641,-0.6499173175250937,10.392452590150917,50
13.345,13.765830773411018,-12.904622542857993,15.276502387500976,50
13.366,13.689680740768928,-16.07068462408359,16.524623524225028,50
13.387,14.217377052009034,-17.82074907934454,18.88555040441637,50
13.407,15.775427376458175,-25.674364993549176,19.243192172809174,50
13.427,17.264105243320593,-28.495975112892165,17.39620996687919,50
13.448,18.65517208704078,-30.203762263199735,15.306811543068392,50
13.468,20.318566749766983,-30.751532568164603,17.625936964340408,51
13.488,21.52504963571992,-31.531236106013,18.41339064259459,51
13.508,23.28949785855512,-33.28600143989813,16.66979628275074,51
13.529,25.21760853763918,-35.34272816300456,14.96655939518477,51
13.549,27.33557338095999,-36.81672465698081,15.203622485058371,51
13.569,29.795805325831328,-34.88644820627686,13.481027021894556,51
13.59,31.675810995913352,-31.032588880444404,11.190968398142482,51
13.61,33.62151910361136,-28.427952098690444,11.10104062347304,51
13.63,34.15499646577301,-21.760765396493145,12.111884312236537,51
13.65,36.66432358959501,-17.930548313048575,9.15991934448556,51
13.671,37.3201127973276,-12.230496654484805,6.774128903876475,51
13.691,38.420386977613454,-7.011446747919957,5.271356001175525,51
13.712,38.966130762095055,-0.5668954958467316,5.139230006332556,51
13.732,39.627793861052496,7.280454443297514,2.252688695428581,51
13.753,40.383214453862465,15.233878827015698,-0.9654066752449283,51
13.773,41.235648103359935,18.671874846898003,-3.128470348231334,51
13.794,42.16360271744962,20.391745774926665,-6.17920349956238,51
13.814,42.98115157298126,22.110184030494395,-8.875892753899423,51
13.834,43.680531134981365,21.77432805102553,-14.640779987278203,51
13.854,43.87994752915584,19.310746142346265,-18.64392537586216,51
13.875,44.41963777142438,16.301315170805005,-19.572840447933388,51
13.895,44.576418220114746,15.409240899705098,-18.008756242210477,51
13.916,44.643833068980236,10.958325593476731,-19.379523593848532,51
13.936,45.03253108386205,10.458481335485326,-23.808179062041205,51
13.956,45.6858003786151,11.751631710196378,-27.18267134775646,51
13.977,46.3728130728491,13.379550908481818,-24.321343596273827,51
13.997,46.719525946811686,11.405528471494723,-18.39186454160735,51
14.018,46.46965426405563,5.968306195313,-14.277764148251189,51
14.038,45.9222127299306,0.7180820758415823,-12.206449562760392,51
14.058,45.50349100696234,-0.633661868015887,-11.31777016277124,51
14.078,45.41133913633802,3.748383161662659,-5.999103698577178,51
14.099,45.25981880518929,2.4778122858337914,2.8011541094762675,51
14.119,45.29159544772846,0.10418446158733986,3.832397471119632,51
14.139,45.267198166694065,2.1600711386492533,5.490241859965743,51
14.16,45.288912468352116,1.1715631340585952,2.863001028471872,51
14.18,45.283549942140105,0.8295978297148996,1.8375497033078094,51
14.2,45.28535115363031,0.7660578838215997,1.2511628930214036,51
14.22,45.286961711583224,0.6912227028182307,0.9039023244109345,51
14.241,45.28707827587924,0.688268721673922,0.7864678815275109,51
14.261,45.28824222947114,0.641744010172696,0.6866371766160093,51
14.281,45.290111343416314,0.6252239545565689,0.6355370996853107,51
14.302,45.288801876916416,0.5909688356150191,0.6472432087245522,51
14.322,45.28941659584825,0.5909779612731508,0.6728899158621527,51
14.342,45.2886168923983,0.6537800906955412,0.640968882971307,51
14.363,45.289254861839,0.6586925076808212,0.6296433230252005,51
14.383,45.28905116050175,0.6732126667636814,0.639866879892498,51
14.403,45.28696490074977,0.6422380154372255,0.6409998891207788,51
14.424,45.28513734475376,0.6558648321065836,0.5478832016287773,51
14.444,45.28522140424261,0.6496424234194602,0.4982163031572763,51
14.465,45.28537566905085,0.6283634318542919,0.5487921896181058,51
14.485,45.28443718773567,0.6617971674928602,0.6390837684259738,51
14.505,45.28448002780833,0.6678846269396949,0.6025754744750358,51
14.526,45.2847898633896,0.6419166564581518,0.5995616858523269,51
14.546,45.283608066777724,0.6376423217159098,0.6305915922642854,51
14.566,45.28212040682107,0.6647295643097201,0.6497592308496339,51
14.587,45.28123565496361,0.654511267482554,0.6790523392622949,51
14.607,45.279374025141195,0.6246376413819257,0.6552382050518929,51
14.627,45.278694290611895,0.5528319636238405,0.6700563509999603,51
14.647,45.27902991666192,0.6233280893525476,0.6371484365691014,51
14.668,45.27858390732215,0.5986419882420069,0.6136864181483578,51
14.688,45.27929010399691,0.5596023507344441,0.6373751914261473,51
14.708,45.27914162565356,0.5585181050466591,0.6169334484502389,51
14.728,45.28012053327994,0.5681263024648382,0.5914835377560508,51
14.749,45.28010913525505,0.5973679556948346,0.5971216429210319,51
14.769,45.279205034562,0.5914371160392461,0.6238846053278088,51
14.79,45.27845794269533,0.5901873694810043,0.6273997980573897,51
14.81,45.279326976732555,0.5838872126755933,0.6337527815330843,51
14.83,45.27983040188271,0.6017202825441531,0.6225511425040846,51
14.85,45.278928853320025,0.5973441971731278,0.6215805139133566,51
14.871,45.278407512576585,0.5807736805646672,0.6149247168348418,51
14.891,45.281175356586836,0.6113204895224648,0.6350685868080355,51
14.911,45.28134325174524,0.5860482303854425,0.6228123773004174,51
14.932,45.28199048624968,0.6207580720425501,0.596449024796458,51
14.952,45.281163610663874,0.6655283416706987,0.5973468108288447,51
14.972,45.282441192756906,0.6018333857636811,0.579412994661929,51
14.992,45.28297344564292,0.5910967765969302,0.6081138582179776,51
15.013,45.28377633141265,0.6083285090842666,0.5823105596670386,51
15.033,45.28452220002736,0.5497517885705719,0.5485309070628259,51
15.053,45.284731154192855,0.5541089795988451,0.5298795155010112,51
15.074,45.28407271063762,0.6090795034950557,0.572011045861267,51
15.094,45.28495809177403,0.5560666020316879,0.5953043066181085,51
15.114,45.28367840543814,0.5191903093754175,0.5894583986534186,51
15.135,45.284328582337814,0.55571388284585,0.6108421556010972,51
15.155,45.28438563898838,0.5693856746431903,0.6182114645675285,51
15.175,45.284972647565276,0.5645518206877305,0.6279031953284065,51
15.196,45.28553929743847,0.595762514662274,0.6338651478563372,51
15.216,45.285419907075784,0.6087571689997449,0.6259573942194906,51
15.236,45.28511631312299,0.6159883492461385,0.6033372449805039,51
15.256,45.284955921701005,0.594842126541225,0.5837658672360619,51
15.277,45.28552461882655,0.607402888917383,0.5953091966838736,51
15.297,45.2845708094882,0.5739245692825076,0.5917900766237264,51
15.317,45.28305227985654,0.6690370512403357,0.605976440711579,51
15.338,45.28328804441206,0.6499109723705244,0.5759279610674266,51
15.358,45.28328251720015,0.654667115213293,0.5998393803879444,51
15.378,45.28404641632872,0.6422655722127547,0.6019717746540625,51
15.399,45.28345797593856,0.6108517159494056,0.581177135428528,51
15.419,45.28422873488619,0.6310984632858827,0.5349628055812151,51
15.44,45.28322502213716,0.6304522052987687,0.5425912668126802,51
15.46,45.28416871604845,0.614068954683427,0.5373159250076812,51
15.48,45.28526322317279,0.616784333489474,0.5512639401694643,51
15.501,45.286012031350126,0.6107170254524676,0.5715560972982681,51
15.521,45.286351731315555,0.6031554761357744,0.5363142875390013,51
15.541,45.286530359768854,0.5964326209920111,0.583380309845903,51
15.562,45.286685210269695,0.6106355252783928,0.6494224910583287,51
15.582,45.288535680866524,0.5931922998817434,0.6523146995151242,51
15.603,45.28839630250108,0.5630796247511631,0.6743946251550523,51
15.623,45.28823743132594,0.6054013241383119,0.6178974125362781,51
15.643,45.28876028557054,0.6193535649442026,0.6444108784808322,51
15.664,45.28927359004654,0.5867792361873537,0.6036096713229174,51
15.684,45.28916578328046,0.6121447941844286,0.6139357661410296,51
15.704,45.28869631341503,0.617655548434185,0.5911123681322399,51
15.725,45.287028192589645,0.5900574825755598,0.5888762556829763,52
15.745,45.287353062998974,0.5709720367891238,0.6458895770887735,52
15.765,45.28622906732082,0.5997107494762789,0.5952905724783293,52
15.786,45.28730449247477,0.5826595690049684,0.6075470146949402,52
15.806,45.288393179377614,0.553883713884523,0.5606243247129339,52
15.826,45.288181971048644,0.5918044677376824,0.6101070916756668,52
15.847,45.29035037851057,0.5582056770074735,0.6413668457199193,52
15.867,45.28949863123314,0.5503965336055874,0.596769609492408,52
15.888,45.290237296807454,0.600861956005165,0.5965219791009112,52
15.908,45.29003601058585,0.6096732701252106,0.6494568210057631,52
15.928,45.29105638352407,0.6442513167289929,0.6310040674548825,52
15.949,45.291937885892416,0.5913587490716373,0.6205112507738522,52
15.969,45.292284018061146,0.5980224106882456,0.6218666603525137,52
15.989,45.29221481167806,0.6136590883057162,0.6022339578183913,52
16.01,45.29189668705604,0.6067354411394484,0.5749852369812314,52
16.03,45.29214994253125,0.5879890141821116,0.6074839826633055,52
16.05,45.29317312470345,0.6054491571982742,0.6075696230606091,52
16.07,45.291468480904605,0.5952681480928924,0.5691515418458984,52
16.091,45.29006176964704,0.5991169029293428,0.6011039995599794,52
16.111,45.29020248624889,0.6039349198594413,0.598656074254918,52
16.131,45.28951705903599,0.6224038668915111,0.5998726851767573,52
16.151,45.290148824158145,0.6574122701099235,0.574019808754497,52
16.172,45.29056750939538,0.6544345028263914,0.5317666416892987,52
16.192,45.28992217404297,0.6782469561902676,0.5896607035612458,52
16.213,45.288850076946446,0.6180216034951639,0.5813995215908607,52
16.233,45.2894165524216,0.6310994733111144,0.6135810145888867,52
16.254,45.28936807660259,0.5903432795252417,0.6276438870869047,52
16.274,45.2881183054306,0.6191666741851344,0.6072053021103238,52
16.295,45.28925022882966,0.603078994593622,0.6584112712943851,52
16.315,45.29134070816255,0.6178860220246597,0.6318370181772328,52
16.336,45.292045429384544,0.5985051977914394,0.6417959755943706,52
16.356,45.29162236579593,0.5926656253396632,0.6699117972959846,52
16.376,45.291255811403566,0.6180463864753263,0.6594779846556749,52
16.397,45.29204376861375,0.6009931070226953,0.5851879635713294,52
16.417,45.29138212852321,0.5749678165373062,0.6021063753712301,52
16.437,45.29112448173944,0.6120459211417648,0.6130893613380411,52
16.457,45.290344781593866,0.6284527733244428,0.6424128565440614,52
16.478,45.28889495878029,0.6193577166087407,0.6087187706116728,52
16.498,45.2897864843429,0.6436797970780227,0.570648877421691,52
16.518,45.290453919151986,0.6202617647090519,0.5886975219258925,52
16.538,45.29078654325594,0.6045503487590113,0.6198096942315536,52
16.558,45.291595840541646,0.5914858585664405,0.6320298067644329,52
16.579,45.29189601315602,0.5730375500796038,0.6438578967628731,52
16.599,45.28922952197785,0.5791535914190599,0.6213229536129973,52
16.619,45.2891243263633,0.5654833876115349,0.6430027379942906,52
16.64,45.28876628277852,0.6392686342348018,0.6395063358244091,52
16.66,45.28883205806422,0.6523546346194279,0.6134907723704701,52
16.68,45.28931664523057,0.6001116469542405,0.6542431347751754,52
16.701,45.28866173211593,0.5907460150413302,0.6486106922536856,52
16.721,45.29057008154064,0.5919187934804154,0.6211967951607982,52
16.741,45.29004678658921,0.5904389245786328,0.6584518456417905,52
16.761,45.289796067878086,0.6319026362865741,0.6670882209832518,52
16.781,45.294644197795414,0.6160068168760402,0.672430579461842,52
16.801,45.28422331253493,0.35047693002887687,0.5212325656466845,52
16.822,45.28695072887278,0.8148214267191399,1.0417692423635125,52
16.842,45.32262513599918,0.9275830264508531,1.3011689400185487,52
16.862,45.31550845375765,0.7811819408198659,1.0309052954187883,52
16.882,45.277941180033096,1.0824184639440446,1.1742278870750866,52
16.903,45.29209221746508,0.9990635908233627,0.852248094101155,52
16.923,45.299364654343606,0.5749558382777689,1.0520756353978764,52
16.943,45.33509365175422,-0.4152819896966031,-0.3389475836968262,52
16.964,45.28617953336964,-0.114722639629168,-0.32683737300573856,52
16.984,45.268652977031216,-0.1977665580508802,0.011592863438321001,52
17.004,45.29134049763322,0.16819753548514046,0.6103834196709886,52
17.024,45.286476173475215,1.0902496293867243,1.494958606607978,52
17.045,45.25561969487412,1.084741721000237,1.007658222093465,52
17.065,45.28650887755378,0.7234201689654611,0.6449638667506618,52
17.085,45.24457099022056,1.019231976755799,1.1305134255606586,52
17.106,45.194927953785914,0.5452209439398409,0.16966402788550858,52
17.126,45.1928890788577,0.48335688155750334,0.24686719282402667,52
17.147,45.120762326900525,0.46521714023684285,-0.10427506869904325,52
17.167,45.1280924527105,0.6740212158157727,1.6225287765777852,52
17.187,45.100289942305125,0.5282837797262951,0.826648901642253,52
17.207,45.137933563487856,0.8206846719553167,1.5858355890974845,52
17.228,45.170909503106294,0.6564934535917226,1.1110154621040598,52
17.248,45.12222774010345,0.6999975076644408,1.2408830062121161,52
17.269,45.0183631867882,0.7650644616232256,1.3586146219784,52
17.29,44.996856617579404,1.3540081561220938,1.3294399191687534,52
17.31,44.86260587135974,1.3605358985024363,0.41393848852795495,52
17.33,44.731058244737035,1.2545550211694239,0.5219274831547905,52
17.351,44.61418376021528,1.0360833906094133,0.5178503312764704,52
17.371,44.51603512594955,0.24808918353230355,1.7359467385510103,52
17.391,44.56329303629435,-0.022563542378237544,2.656501522764342,52
17.411,44.47931760525524,0.15655886243624637,1.8989157888025756,52
17.432,44.50842587790339,0.42749208450340637,1.1578402573115045,52
17.452,44.490841363564726,0.7160385749225808,1.2773998181791975,52
17.472,44.432661005908784,0.17830011829352602,2.185759984164583,52
17.492,44.476847033506964,-0.26586224687738474,1.5401267796496803,52
17.513,44.46067661658032,0.1679126101668758,1.2626600148936198,52
17.533,44.45448071388325,0.2160469989953171,1.708727531501327,52
17.553,44.44317468502033,1.2155375372908923,1.376947320081413,52
17.573,44.432709193945534,1.285303056020109,0.8576088015057923,52
17.594,44.46024506723854,0.8715786434986313,0.9921854035085494,52
17.614,44.38531060156363,1.0907925186488674,0.8044285442626564,52
17.634,44.356163618733824,0.8893692745822962,0.9379699564485593,52
17.654,44.4567749173326,1.5893031917950635,1.197112588858019,52
17.675,44.39961547949087,0.5969838687361488,1.9580334072379995,52
17.695,44.35437803607348,1.0216126459173187,2.8216293336509124,52
17.715,44.35186570124104,1.3326242870200253,2.9354571884315415,52
17.736,44.425672038115195,0.9897439540754949,2.150973206289005,52
17.756,44.32903491480012,0.6496894972371073,2.2653605588490175,52
17.776,44.28843037485923,1.0628954260979628,2.499278240728703,52
17.796,44.31891714923741,0.3004962417851496,1.9178669221436095,52
17.816,44.27602435418682,0.21290581650477836,1.8760819976608618,52
17.836,44.25695136754049,0.6000286767719276,1.3899931262107297,52
17.856,44.19166877123122,0.14653739873300595,1.9592429024612548,52
17.877,44.151138884966954,0.628727882754979,1.5709747845826214,52
17.897,44.12716568039498,0.47769838447047347,2.093705398366453,52
17.918,44.053150093409904,0.678144012600963,2.28364333106811,52
17.938,44.103762875123216,0.9046067458005659,2.5957235889054124,52
17.958,44.131951629816975,0.19512309121229182,2.280436488255114,52
17.979,44.10668658584837,0.18990685676633542,2.395867275045717,52
17.999,44.138084326552885,0.8442685698004156,2.176597686064545,52
18.019,44.09727393372579,1.085496042095824,2.187426522165841,52
18.04,44.093605085762206,0.9054250824485953,1.9590186741225168,52
18.06,44.0892006172278,-0.15181722975563527,2.0823043901814713,52
18.08,44.109767834996155,-0.24682709201239297,0.8601771604486725,52
18.1,44.091586826688605,0.004482679861008403,0.3032075535891565,52
18.121,44.07565510290314,0.20961169725854006,1.2070993855181464,52
18.141,44.095714310592854,0.7788044020045783,1.236670604329034,52
18.161,44.08375821018481,0.6994255113644137,0.8164330816951756,52
18.181,44.07590959504742,-0.11484488837170077,0.8535052760455296,52
18.201,44.02347584715744,0.08850318993844289,0.683856006702342,52
18.222,44.084877933905545,0.46639150795928425,1.3095444648905736,52
18.242,44.07619707669335,0.9250396807596717,2.378937915482011,52
18.263,44.07386024680533,1.1630596815517742,2.846083274851944,52
18.283,44.020727262080236,0.8311367887615343,3.0291471276223167,52
18.303,43.99833652630791,1.402550355530623,2.726806567274296,52
18.323,44.02615566201659,1.1312686378822028,2.040718558765703,52
18.344,43.94440276313189,1.1807333659426884,2.9043908102199603,52
18.364,43.865334585832706,1.1317431935852642,3.7633994828346844,52
18.385,43.76511617738815,2.6548157638544114,4.0351115749001165,52
18.405,43.64490267037017,2.717147583883913,4.9145129561225795,52
18.425,43.39888343610828,1.0560794597450813,4.776507583923223,52
18.445,43.0665271512983,2.1247029547867666,4.6477764468806635,52
18.465,42.81347160267779,2.003138176800831,4.13706147352159,52
18.486,42.43767159180134,1.1125913793532254,4.8591477798206215,52
18.506,42.11892871848367,1.4723695959367347,3.319125647226412,52
18.526,41.7989145594418,1.2179467668443598,5.493984820472092,52
18.546,41.247021486867915,0.5688890123083845,6.207589598531115,52
18.567,40.731997672280876,2.296451220586543,5.3461046828182335,52
18.587,40.4416882544081,2.0811589258646066,5.725329529631258,52
18.607,39.903642414987,2.249949590846995,6.98230034826539,52
18.628,39.14133115480744,0.7677570627774485,7.953328711939128,52
18.648,38.24408383639619,0.4325736745109693,8.694676408842483,52
18.668,37.0322759675344,0.4747007739933415,8.18641937166589,52
18.688,35.84085590355771,0.18025329993410605,6.754778820882934,52
18.709,34.6562896429803,-0.1050570287217227,6.37137573043899,52
18.729,33.38662468162311,-0.5423835125475855,7.688714407562558,52
18.749,32.474203595678595,-0.30378721889907184,4.580967308446569,52
18.77,31.52551635450964,1.8679839686958222,4.3236311002225785,52
18.79,30.13569855174301,2.49802973063159,4.785655182099455,52
18.811,29.021535075049364,1.6796833878433453,5.081207954770136,52
18.832,27.841979432674457,-0.11502174906120498,6.070758681718504,52
18.852,26.66264602771644,2.6842317781077423,5.305028038976844,52
18.873,25.33864536883612,3.9625568109980813,2.426421469479451,52
18.894,24.02358518768033,3.958201147186216,2.9660142579020627,52
18.914,22.764876016151725,2.9012871738459847,4.402831881999728,52
18.935,21.53567217895925,2.1297290868138647,2.346981304356894,52
18.955,20.133099721562576,1.67515442977413,0.25202228369415147,52
18.975,19.189963866987277,0.9149395910385579,1.2741667738740254,52
18.996,17.979988322598548,2.924698611271807,2.994513321352004,52
19.016,16.695623050963878,2.7780123432397357,5.511382148141713,52
19.036,15.350971895570002,2.133712843467802,5.787176530476333,52
19.056,13.115070494053544,2.784984008883466,5.69307067574367,52
19.076,11.64792827211004,2.344982348853826,5.2248318549491755,52
19.097,10.546023532433356,1.9968440282709448,4.275816583868643,52
19.117,9.432267230802427,1.3191096242906282,2.468355898418249,52
19.138,8.0983421526651,0.36063644828988467,2.6135408022111557,52
19.158,6.847645814444878,0.029500522784391425,1.6963914697016902,52
19.178,5.860540697907528,0.9742723588975474,1.0179836667676574,52
19.199,4.876419123054621,-0.27334982126381185,0.2740015206621002,52
19.219,3.725371459738927,1.7883058573790456,0.2543794340544267,52
19.239,2.422983829668557,2.1720629241560774,-1.0855570434836062,52
19.26,1.5479767652612293,1.4374426691255384,0.10351190941281391,52
19.28,0.5434771792131879,-0.51535846227162,0.7228796065706387,52
19.3,-0.6793161835887066,-0.9978112924857677,1.551704187393706,52
19.32,-1.4802210992567768,-0.5202177428525471,0.35189444995084085,52
19.341,-2.4592585970187417,0.536014622283673,1.387863569637679,52
19.361,-3.237117542658051,-0.4105784474247174,1.5432846812576104,52
19.382,-4.140580990990382,0.7966375116362331,1.502867154739203,52
19.402,-4.787584686872105,-0.6995275047976184,-0.10730095423934712,52
19.423,-5.301529679252962,-0.03694041608319338,-0.8367639575996393,52
19.443,-5.872811598793486,0.559705438103258,-2.9704193729365653,52
19.463,-6.5453887041823675,0.03968408710029916,-1.2851835003754564,52
19.483,-6.936504520223205,0.9423475425853799,-0.7391350588612574,52
19.503,-7.497439844309336,-0.8776118196758171,-1.2888964770662317,52
19.524,-7.847472555609964,-0.5015501234409918,-1.2396980593153661,52
19.544,-8.241500987820654,-0.20859319285101424,-0.7497005693263384,52
19.564,-8.676069486478989,-2.2969290224853447,-4.030156737726178,52
19.584,-9.110520083489243,-1.4604756088498712,-2.3173795363145673,52
19.605,-9.5473848110234,-0.32058213362548693,-1.1028809465284097,52
19.625,-10.026266100674727,1.0601845437593602,0.16502394889788088,52
19.645,-10.479557610526351,1.1470178758625948,0.20493331872861004,52
19.665,-10.874753205982595,1.578685272675405,0.8889548473993171,52
19.685,-11.228649320683141,0.7035064953548665,-0.8718163641441737,52
19.706,-11.664832667893458,1.1125821526838966,-0.14869119887419815,52
19.726,-12.195194706265463,1.2421538720085157,0.5502773012823976,52
19.746,-12.416402484139052,1.5747034344993704,0.3731838434375547,52
19.767,-12.649411445550138,1.4195059669903227,-0.04207010170179294,52
19.787,-12.746153897058727,1.4155794559784265,-0.22781686703510637,52
19.808,-12.836607288108734,1.1663277245001742,0.01357218483461439,52
19.828,-12.918517804637485,0.7677633970864912,-0.36564135182240265,52
19.848,-12.954377313689246,0.6199956884983024,0.7311935490276891,52
19.869,-13.038821328503174,0.9346871481181503,1.23371334037925,52
19.889,-13.102793414554027,0.6948294113488555,1.1387470681018685,52
19.909,-13.143465997693466,0.12769459652400042,0.6401930246328851,52
19.929,-13.239354711017496,1.0240409102280026,0.27817145564314505,52
19.95,-13.224370107085702,0.5184065788613743,-0.49397950053995926,52
19.97,-13.111781614630516,1.1816743750175136,-0.1962310396085606,52
19.99,-13.051474383891858,1.377515381084386,0.20046012865813598,52
20.011,-13.012480696795095,0.8725652609007266,0.49869120671718414,52
20.031,-13.056527555466415,1.3922716880872965,1.5367935629319562,52
20.051,-13.076231304287967,2.78161767777789,2.4619850656045488,52
20.072,-13.137282722343025,2.763244695757483,2.3220027514626445,52
20.092,-13.158674625743751,3.1150748840659666,2.4834295704549882,52
20.112,-13.054647740441633,2.330817580146037,1.619039478593728,52
20.133,-12.856855889823018,1.7685154707222814,0.29494574699162907,52
20.153,-12.640319244727163,1.5467908942420492,-0.11321653046526219,52
20.173,-12.457209378904974,1.4960012906740712,1.1058935212045717,52
20.194,-12.277751789606565,0.6234819572688708,0.7730458707561342,52
20.214,-12.190427858295163,-0.6300132143857976,0.9153328361671722,52
20.234,-12.056852157070136,0.8874702489803729,0.9658416164887422,52
20.255,-11.887247645666104,0.2492779450162852,0.6478863070237443,52
20.275,-11.73994969298634,0.6720929020673242,0.38713174292743224,52
20.295,-11.53317851562248,0.9444653571111626,-0.4148098289438451,52
20.316,-11.360068593934342,0.7645873771416494,-0.34140145971288555,52
20.336,-11.217016429858644,1.107673282932383,-0.1939973353771959,52
20.356,-11.080496537615103,1.59168264834881,1.5066116366783564,52
20.377,-11.044108538289732,1.509386856582945,1.0285930570063748,52
20.397,-10.920348153276803,0.9155653584449759,2.4080132212670096,52
20.417,-10.881110022048587,1.483546291173093,2.3616602454715974,52
20.438,-10.888430816589475,1.3354325463424348,2.413239985579854,52
20.458,-10.862187344651973,2.074472982875431,2.1375756318612247,52
20.479,-10.84912812418454,1.430903686352259,1.184541000926861,52
20.499,-10.851577130189506,0.6868874385884636,0.22333121495893699,52
20.519,-10.867258758402821,0.2662394037266314,-0.7224198979807309,52
20.54,-10.909494954025982,0.5753907666670371,0.18435480772080742,52
20.56,-11.023678716541022,0.34657664337110766,0.08788237298321772,52
20.58,-11.202245473641748,0.06427417762960998,-1.0643668176539431,52
20.6,-11.286230953467262,-0.20335574157655434,-0.009558868500524582,52
20.621,-11.316782744537628,-0.5799235751622996,0.3606371463585735,52
20.641,-11.347083520742993,-0.12254926450771957,-0.14426546227260129,52
20.661,-11.305023438988522,0.1339774378543801,0.40373749676300613,52
20.681,-11.198593809943398,1.4677349734151268,1.2225007957957124,52
20.702,-11.12926230215542,0.6387408714426976,-0.4606390585433949,52
20.722,-11.045098522252584,0.3782077199479344,-0.5067711000304133,52
20.743,-10.923359242050518,1.7124584190732337,0.9940380062088495,52
20.763,-10.176167998510644,-96.23192876299355,-73.7534205172475,52
20.783,-11.933498187955118,-67.70947570025862,-45.1774187907279,52
20.803,-13.495886550103458,-35.14057678128415,-22.94894970144439,52
20.823,-14.85657361492711,-19.02637509994375,-12.402489541886863,52
20.844,-15.81185718346067,-9.895492005281938,-6.770451036980231,52
20.864,-16.776332684356458,-4.848287145500508,-4.147806378931224,52
20.884,-17.915134541728985,-1.8942491155397378,-2.638213116102384,52
20.905,-18.561347127398655,-0.39925782503624374,-1.4118185187600223,52
20.925,-18.885178542075646,5.030152639535236,8.903441577067694,52
20.946,-19.703869852668486,17.888707496087452,32.82562454031252,52
20.966,-20.56974550888297,9.862399723119225,17.4770188405442,52
20.986,-20.98699490594911,6.494994907403407,9.959456317481768,52
21.007,-20.83661559818686,4.448677440043949,8.02473823416496,52
21.027,-20.94147208426939,-0.8162172695818332,2.3894080948591627,52
21.047,-20.951183118900598,-2.2481353027954327,2.4380254625692324,52
21.068,-20.95390294944374,-1.9010032406672512,1.8367556475430795,52
21.088,-20.959630859353798,0.4034641704152091,1.6538744616355296,52
21.109,-20.980478732990083,-0.4724314238730374,1.3018155284915558,52
21.129,-20.947177599763553,-0.24717996425109642,1.540499486082019,52
21.149,-20.97055587852036,-0.05065812290567189,1.5218001204329568,52
21.169,-20.95100002726436,0.2576911101555038,1.1927367036155048,52
21.19,-20.981980876722236,-0.19195152271416202,1.2729054637720092,52
21.21,-20.984922201795413,-0.20889721267347275,0.5845256909165912,52
21.23,-20.97426841325911,0.37972938570098547,0.4409594329160662,52
21.25,-20.933307540641653,0.44970479512245054,0.22972913233567402,52
21.271,-20.88823833852884,0.5212573353776956,0.18389519693873843,52
21.291,-20.883553940199043,0.30540721547985383,0.09292267449466207,52
21.311,-20.93009711485798,0.051470034173088534,0.382200839683262,52
21.331,-20.999092677121787,-0.02675574168029271,1.2541626786994995,52
21.351,-20.952626228252733,0.3911880392628632,1.070762697295329,52
21.372,-20.920151722233577,0.06287231677948933,0.9684871256644803,52
21.392,-20.990904291673296,0.4816643209087912,1.291125918747907,52
21.412,-20.921675304978006,0.14349434840410205,0.7745924188892683,52
21.433,-20.98129419829666,0.3301924889403371,1.0399110083517331,52
21.453,-20.937716996914496,0.046138322282668294,1.1686139043206236,52
21.473,-20.932611208461076,0.1957838840018648,0.9920037847778576,48
21.494,-20.91028295864935,0.44330760347575593,1.0778560641140202,48
21.514,-20.934992274458597,0.42220729825759373,1.2827882605371717,48
21.534,-20.881313916061984,0.3668570489835939,1.0756190073001368,48
21.554,-20.91948177548962,0.019992264538074074,1.1493766515677621,48
21.575,-20.916996518783964,-0.08341810719612591,1.02877710368297,48
21.595,-20.91159996939435,-0.0909387280192237,0.9322180397947171,48
21.616,-20.91432991674221,0.08533092721974127,0.931678158021036,48
21.636,-20.90943268526876,-0.07614147645040781,0.9794760649505865,48
21.656,-20.924825923858172,-0.0005809191356842621,1.0787806841135197,48
21.676,-20.91367790391202,-0.045049285536866726,1.3778130722678499,48
21.697,-20.93810905780835,0.30814809095649787,1.163333567329025,48
21.717,-20.89793690398874,0.4766857646519667,1.166105741008164,49
21.737,-20.91390521236524,0.47272729966531896,0.7332315195607534,49
21.757,-20.908467585184116,0.11208800989928551,0.728242476018842,49
21.777,-20.907263715810263,0.06277703854337002,1.2666367281693027,49
21.798,-20.918911588534588,0.3570859431834292,1.0278409136062472,49
21.818,-20.908120339212665,0.1752656922193351,0.7524935646451739,49
21.839,-20.90421685108379,0.17531831682927604,0.9110561683741958,49
21.859,-20.903961207041963,0.05080001025266235,1.0731842322912408,49
21.879,-20.909742513910686,0.12642071919883596,1.0418285912606284,49
21.899,-20.909028698953378,0.08571851466076261,1.1631976938336337,49
21.92,-20.91246190392711,0.24835434145184082,1.102623765179858,49
21.94,-20.910684546803978,0.33531331617808474,1.154035017268289,49
21.96,-20.91177038117229,0.3694501924344683,1.0644017291257057,49
21.981,-20.910096549975346,0.35846211575300724,1.0669435225331272,49
22.001,-20.909671789611618,0.31858043337981196,0.943194411050623,49
22.021,-20.910397998521145,0.3434000256090117,0.9222738781677239,49
22.041,-20.909580055711594,0.31081522748188295,1.001212319364516,49
22.062,-20.908861195921595,0.22586594490941003,1.1132368977997074,49
22.082,-20.907813855987047,0.21895285562887623,1.1099555956157354,49
22.102,-20.907951731181914,0.11626392702190629,0.926173910065837,49
22.123,-20.907965886293315,0.005703079101253823,0.7741393580030973,49
22.143,-20.908454465788676,0.11770472535139344,0.8558115716294512,49
22.164,-20.91013928737788,0.26782060456489504,0.9274621215480028,49
22.184,-20.910425376762493,0.23948925355374165,0.9781964765780637,49
22.205,-20.911447807038062,0.17161412245671603,0.9659892571474477,49
22.225,-20.911989020119442,0.2709075425821774,0.9132409888655276,49
22.245,-20.91019196439376,0.32625643915504726,0.928980228570543,49
22.265,-20.911045542522615,0.36970126369148565,0.9070857400930885,49
22.286,-20.911020372071114,0.277281885554097,0.9205850666627522,49
22.306,-20.909928003205586,0.26742263968114255,0.9635952937751366,49
22.327,-20.908514935436664,0.2487180046562588,1.0551308916265563,49
22.347,-20.908418655954684,0.2145803442388996,0.9772409553097772,49
22.368,-20.90944804413196,0.23822146702050045,0.9618064821513895,49
22.388,-20.908451229245433,0.260021346188272,0.9586004073441569,49
22.408,-20.909315795415697,0.26010581135725974,0.9500346387184745,49
22.428,-20.910371549538613,0.2913238916516268,0.987078602935749,49
22.449,-20.910910973177817,0.2290920676788699,1.005923323739149,49
22.469,-20.91077118353228,0.19247256692542813,1.0028409490195478,49
22.49,-20.91069634342635,0.21546439444219959,0.951310362230968,49
22.51,-20.910916398140145,0.25976728928879655,0.9660767338063717,49
22.53,-20.911211420428728,0.2657380063692259,1.0002449020941955,49
22.55,-20.913644581168807,0.2746035874382289,0.9833881867873642,49
22.571,-20.912652815668054,0.24720229993621176,0.9378822521642015,49
22.591,-20.91161547550893,0.2524817439471025,0.9301408336227995,49
22.611,-20.911463456715648,0.2936215403543223,0.9570097305494446,49
22.631,-20.911971566135037,0.2551617828468426,0.9485336863964876,49
22.651,-20.911366856983545,0.24752699489890254,1.0022785895205932,49
22.672,-20.912582030942726,0.22837146670879463,0.9681711132810342,49
22.692,-20.91224097673095,0.220798298765358,0.9735737714657143,49
22.713,-20.91122840319005,0.22361611529225303,1.013753228120707,50
22.733,-20.913354177336096,0.2415600471738497,0.9853253721353742,50
22.753,-20.914254948510184,0.2583547299076322,1.0013507600996652,50
22.773,-20.914747078982362,0.3126392882547785,0.9819607912803296,50
22.794,-20.91332297694182,0.29056907970690954,0.9627387820147774,50
22.814,-20.913680579102504,0.34036525786591343,0.9344762841491809,50
22.834,-20.913107205778186,0.28439277681883823,0.974876182839189,50
22.854,-20.912633216644366,0.28370632963930964,0.9853072940433765,50
22.875,-20.913491452310648,0.2866455208252443,0.9899603286795176,50
22.895,-20.914372646827704,0.2725975808392234,0.9817754687706023,50
22.916,-20.915580734721797,0.27506584216402874,0.9918121776610931,50
22.936,-20.916515814440082,0.3243359263590949,1.05534285117849,50
22.957,-20.916214331550574,0.2686949485242939,0.9794151551866209,50
22.977,-20.914454264996234,0.2530936241156988,0.9818636160653557,50
22.998,-20.91449278898491,0.26477456261265075,0.9302172278087864,50
23.018,-20.914043412715994,0.26898581884440764,0.9651564423961954,50
23.038,-20.914340959893984,0.30528090255859797,1.0098010116371823,50
23.058,-20.913615099306533,0.29133855063327024,1.0315750916887112,50
23.079,-20.914345250924264,0.27351288122974804,0.9848091745606155,50
23.099,-20.91438001941607,0.2573346787954604,0.9884758725337478,50
23.119,-20.91570423246368,0.2841798120667607,0.976942978347397,50
23.14,-20.91559852687763,0.2933732837188238,0.9813126431974369,50
23.16,-20.91523761326799,0.25228762879351124,0.9833873267505574,50
23.18,-20.913898013135473,0.2454791353916121,0.9656163346214255,50
23.201,-20.91311808648211,0.21167363951798648,0.990509336904345,50
23.221,-20.914318796607414,0.2543988905022534,1.0125249362677917,50
23.241,-20.915143201404078,0.26892735827688574,1.1409540345389109,50
23.262,-20.92111881916972,0.18749567401404174,1.0701843923149683,50
23.282,-20.914680438197394,0.23123714938933823,1.1250580359629199,50
23.303,-20.918006894139666,0.20484408971608686,0.9029504376695731,50
23.323,-20.916630558974575,0.21879198625806076,0.8620619313834206,50
23.344,-20.91741132767158,0.21773180991873747,0.9751449110279454,50
23.364,-20.918363946455255,0.27660680912097235,0.9731856390849456,50
23.384,-20.91856549070064,0.2615788484669979,1.0238308782020074,50
23.405,-20.91886436379359,0.3051170448871484,1.0371949537691307,50
23.425,-20.917201207580586,0.28190688266290587,1.0379645176663201,50
23.445,-20.916835805822178,0.2916716974038976,1.036624915324798,50
23.466,-20.917173977096855,0.3161399624689259,1.0286453587121616,50
23.486,-20.91647975048633,0.2571803169223638,1.017464213549657,50
23.506,-20.917009248204508,0.28718891290915427,1.046801829330215,50
23.527,-20.916788862105886,0.26834904040933755,1.0554147783711056,50
23.547,-20.916680025882584,0.2195786288964716,0.9885085511390935,50
23.568,-20.91599943941307,0.2618548592907598,0.9642364496442877,50
23.588,-20.916019414951702,0.26026533478999037,0.9822647800083262,50
23.608,-20.91516688883672,0.23925407618893804,1.009748907712924,50
23.629,-20.917240734909296,0.22607016525651155,1.0229311724708057,50
23.649,-20.917600160205918,0.21852065494628375,1.037367206073465,50
23.669,-20.917823871667466,0.21744030558272384,1.015998330533096,50
23.69,-20.91847733179192,0.25738594054729624,1.0166334285386442,50
23.71,-20.918308844429877,0.27494582960022734,0.9880733096251343,50
23.73,-20.91639525237741,0.33091881967615255,1.0768310734800142,50
23.75,-20.917567251403177,0.32113615286792924,0.9980794899093233,50
23.771,-20.916575634932475,0.30291474021041614,0.9525893436780501,50
23.791,-20.91655840142864,0.27181913140007335,0.9471282723624963,50
23.811,-20.91642759557265,0.2857524839376342,0.9694605351644846,50
23.832,-20.915573843861253,0.2701554352363895,0.999288622408783,50
23.852,-20.91335006306712,0.25292698726183604,1.0502351053721168,50
23.872,-20.906827156015872,0.00490422574943398,0.9229635208198217,50
23.893,-20.864398682979974,0.4118672457048781,0.4512458228925147,50
23.913,-20.89988287891071,1.6304310911942357,-1.0976252556926922,50
23.934,-20.88501497837242,0.7337531307886125,0.7302198458602771,50
23.954,-20.87225350994731,1.1281555698905674,0.019065284964553775,50
23.974,-20.88984473921587,1.965676449851408,-0.02624660867026956,50
23.995,-20.9062704523649,1.3410369567191553,0.913126704301568,50
24.015,-20.906613396613746,0.9766349216484982,0.7930446791619212,50
24.035,-20.922754765831908,1.4255092790972768,1.1078069743628205,50
24.055,-20.920704299213565,1.79829363080048,0.4724670617184102,50
24.076,-20.918216158935376,1.0219574272470533,-1.2043329851175208,50
24.096,-20.91149501797587,0.76107311036324,-0.8282838974739648,50
24.116,-21.01825804094698,-0.554364167533894,-1.063432839036759,50
24.137,-21.49604700738529,3.1932447418995538,-4.000122590871322,50
24.157,-21.83874403583887,8.593158370250935,0.9591071102568035,50
24.177,-22.57122987273634,12.262277314709728,-11.406272074726113,50
24.198,-23.74503729457375,13.730167183605813,-16.758804852917695,50
24.218,-24.729211455129743,14.595286068577991,-23.67884795367402,50
24.238,-25.729276807495452,12.055775878359505,-31.934906524440734,50
24.259,-26.832582735551664,8.55780200938054,-40.149464195783025,50
24.279,-28.19573438690405,8.167709471148937,-46.67615988824904,50
24.299,-29.65033878756422,7.939973463513312,-48.88309771317563,50
24.32,-30.417924662714185,8.806787973910808,-46.980005935763984,50
24.34,-29.472024615523523,6.306820634258795,-42.74274964553888,50
24.36,-28.477160215038214,0.329626417235967,-37.04625834230115,50
24.381,-29.278567802195187,-3.088803367361757,-31.089339158182707,50
24.401,-30.056045872626434,-3.788672894681678,-27.95708250766198,50
24.421,-32.29279518064287,-4.02476362884731,-24.386950275391015,50
24.441,-32.83268018736782,-4.572475984942464,-16.81467862300712,50
24.461,-33.75415833128647,-4.18563726710063,-9.512121800415642,50
24.481,-34.345752632836245,-2.980597504480717,-6.191925640121522,50
24.502,-35.13711092067353,-3.0836654253839417,-4.430575487089248,50
24.522,-35.88758710696731,-3.5343234829975017,-0.336961594138122,50
24.543,-36.08606123600577,-4.490313822823731,3.447967717411117,50
24.563,-36.2651438349868,-7.393133321287606,5.687478086534826,50
24.583,-36.62687354318142,-9.320439255397524,6.517474066804357,50
24.603,-37.08961517517775,-9.632191505773422,6.750943595417749,50
24.623,-37.357772086335096,-6.7976563844745215,9.085971745170506,50
24.643,-37.560332199879774,-6.011382261086247,12.24384040549382,50
24.664,-37.597680765913786,-6.6664161481014546,10.216458335515725,50
24.684,-37.546128978295215,-6.354785057710127,10.444572441950415,50
24.704,-37.69459574535315,-2.5793478124657887,10.240209196279793,51
24.725,-37.86209646023942,-0.5097917336779534,12.989654440073975,51
24.745,-37.908547426178195,-3.1618404247439256,15.277863222800729,51
24.766,-37.791901824802046,-5.976411618736962,14.909763163247337,51
24.786,-37.71689723087309,-4.37507117607869,12.707267206980285,51
24.807,-37.728355173551456,-1.706123384496403,16.737633943940406,51
24.827,-37.72098552281104,-2.605281139422938,18.05083823253474,51
24.847,-37.765653824329235,-3.7808450335224353,13.864445198359226,51
24.868,-37.83626625172437,-5.8831057552915516,11.601068708243679,51
24.888,-37.696361155974586,-7.108186000306285,13.897988456749603,51
24.908,-37.454024311827744,-4.8058224473391045,15.60519039690466,51
24.928,-37.29868849554132,-4.354352944958167,15.865444505430919,51
24.949,-37.35422876441098,-7.159644614471347,15.854249764406628,51
24.969,-37.67966553085544,-9.781310095744935,14.748728621196728,51
24.989,-38.153985799900596,-10.221976862790758,15.888895034948499,51
25.01,-38.978071324568276,-6.7215209972623535,16.87700596156124,51
25.03,-40.427536670501546,-5.203919438574437,14.81817684912956,51
25.05,-40.87147755217946,-9.617076942785612,11.891437737505296,51
25.07,-41.53380070233206,-13.723186335792773,8.632085440560848,51
25.091,-41.58125801592004,-13.869364063130957,6.316970359141052,51
25.111,-41.12514401560063,-7.910751459311702,4.396538769559142,51
25.131,-40.94557291039289,-5.0664928791549215,3.7456876470286913,51
25.152,-40.778501249032935,11.40943238413632,-1.7880846275455478,51
25.172,-40.76778511263061,9.311596812348757,-1.3085108385567352,51
25.193,-40.77097934052417,4.784456001962187,-0.28497829991816975,51
25.213,-40.76998693249346,3.5233523525041934,-0.0404897929436848,51
25.233,-40.80495554509901,3.926007070248696,-1.9271429626480607,51
25.254,-40.79795299106208,0.31683884111178673,-0.09985991542298718,51
25.274,-40.79911199005912,0.9040154174174144,-0.4065318870473624,51
25.295,-40.80019660580432,0.9331165033141222,-0.44133217406648473,51
25.315,-40.79970006252528,1.0292157841846696,-0.42186021430390214,51
25.336,-40.798117508879486,1.0881843003362228,-0.46908338854554366,51
25.356,-40.79862523291562,1.0433629035591656,-0.4294832392977328,51
25.376,-40.798192740620124,1.0310647793708536,-0.4657487356700021,51
25.396,-40.798452525153294,1.043911138195685,-0.47282608589487746,51
25.416,-40.798831667086176,1.0177300314796354,-0.46872770314025886,51
25.437,-40.79844574393693,1.057315540863686,-0.5130868006388901,51
25.457,-40.79788143751989,1.0341239213334446,-0.5217274940559159,51
25.477,-40.79617510268914,1.016301787050453,-0.5287516272184468,51
25.498,-40.79487981759803,1.0131501713153301,-0.5130445101872229,51
25.518,-40.79468641134051,1.0288365929035912,-0.564396894345121,51
25.538,-40.794906323711515,1.063809259511616,-0.5443506409304371,51
25.558,-40.79425168925784,1.0596222544248228,-0.5511305528431286,51
25.579,-40.79486069888886,1.0520210273475028,-0.5534043884760208,51
25.599,-40.794635386767176,1.0744967394161964,-0.5485809623116248,51
25.619,-40.794055695150014,0.996593421040432,-0.568415268011016,51
25.64,-40.7933935431578,1.0853059581217788,-0.49800467079711336,51
25.66,-40.79385178109278,1.0228721126828713,-0.5363872997428748,51
25.68,-40.79426690136563,1.0770554991515657,-0.5349233014136285,51
25.7,-40.79393456885216,1.0524558800420603,-0.4195018398237616,51
25.721,-40.792631011020724,1.0730907433338885,-0.44547447795260503,51
25.741,-40.781526905952155,1.001559899940883,-0.5199049835968637,51
25.761,-40.79561162785976,0.9487465866934779,-0.41030000418006635,51
25.782,-40.848322913521415,0.8635384742871152,-0.5805017336227466,51
25.802,-40.847301348118506,0.8397818618594435,-0.42112426860801566,51
25.822,-40.85588193972098,0.8524865508702529,-0.5283191680813729,51
25.843,-40.87326033875292,1.1829847861072609,-0.5038840379811887,51
25.863,-40.862410085494616,1.092993618716768,-0.5109790655015848,51
25.884,-40.86361461460689,1.329156660619048,-0.6081152811422534,51
25.904,-40.86601826561718,1.1610304232770463,-0.5296075201728402,51
25.924,-40.856640144517634,1.547084745628295,-0.5041648638032327,51
25.945,-40.85322249082876,1.1853520196838947,-0.22673732084167877,51
25.965,-40.85270704398494,1.3836443181197142,-0.17645650762994117,51
25.985,-40.87523366821939,1.29490926052438,-0.23574642584351244,51
26.005,-40.861309295771754,0.5474834382619307,-0.11450853522975117,51
26.026,-40.86872944696851,1.0192639505091905,-0.07440922413829966,51
26.046,-40.846249819213924,1.2390454223929006,0.10379748688556688,51
26.067,-40.82881235240647,1.3155313544060452,-0.5878200102166175,51
26.087,-40.832898441080985,0.8033952947064803,0.015732955772972967,51
26.107,-40.848834887203346,1.218927876169257,-0.10732586957070464,51
26.128,-40.80095758871756,1.3953426445890005,-0.761417496122471,51
26.148,-40.85106368558156,0.7317845034433201,-0.2703703993419798,51
26.168,-40.85259265095676,1.1345008395495095,-0.2396369543537084,51
26.188,-40.810283173574426,1.076061875169849,-0.7578292696853912,51
26.209,-40.80280235267117,0.8586267503557732,-0.8996460827818343,51
26.229,-40.865216145546135,0.678539826908763,-0.5582146402890835,51
26.249,-40.87262185550495,0.8028038585768945,0.3072230238519519,51
26.27,-40.847828620248585,1.0683830304339579,0.2777898689402487,51
26.29,-40.819666607770934,1.335246475080251,-0.3688416611777885,51
26.311,-40.812655004526256,1.1336389838907435,-0.30177506290806616,51
26.331,-40.7909828223383,0.92853210831148,-0.7867555807136815,51
26.352,-40.83064608237604,0.5446040369067082,-1.0101007516182436,51
26.372,-40.839175516133345,0.4503609646614154,-0.8840057411908178,51
26.392,-40.86386276236771,0.3714943871678543,-1.1738976236111631,51
26.413,-40.89594271615308,0.33414615984552287,-0.8744949132602652,51
26.433,-40.920452601766115,0.46765576699098643,-0.8204600258374994,51
26.453,-40.94664137759483,0.3777466043847874,-0.9118448331241321,51
26.474,-40.927071861259634,1.0782674041228457,-0.8514357164630662,51
26.494,-40.88288093103453,1.2409591743849866,-0.2865762192291176,51
26.514,-40.86255620707187,1.3439189078049922,-0.13862314506751275,51
26.535,-40.87100185480461,1.1210422715487685,0.2584524124664798,51
26.555,-40.900332610080916,1.0133664983265716,0.6714777257506213,51
26.576,-40.92119027294215,1.042051645744514,0.3064580511939223,51
26.596,-40.91851739412369,1.2055111646547123,0.3746088775537775,51
26.616,-40.86632284752148,1.0171095203674723,-0.04066402250876666,51
26.637,-40.82564928680091,0.7126039485635565,-0.5155924411921512,51
26.657,-40.887623670127205,0.7749330955062032,0.005561898595678321,51
26.677,-40.8658237733776,1.0569557707849977,-0.568560465991166,51
26.698,-40.87025763488583,0.9255325443058758,-0.49811633438397057,51
26.718,-40.92001304784116,1.270552282521463,-0.5144003021442617,51
26.738,-40.856030584547845,1.2066489695525726,-0.7668481159196345,51
26.759,-40.946489687838145,0.8171763408689894,-0.43355961085124534,51
26.779,-40.90667446173238,1.4973366538591701,-0.20974728738426676,51
26.8,-40.85235012454159,1.3933738723572415,-0.278789298693528,51
26.82,-40.81993503051346,1.367054059244456,-0.8269252765352785,51
26.84,-40.798373533914045,1.2589244633464673,-0.8516437035462971,51
26.86,-40.74773247792824,1.5160873937193418,-1.1950887458991677,51
26.881,-40.72929252927091,1.4415411326553849,-0.8856973505504065,51
26.901,-40.70827665872732,0.9814994541106433,-0.9901682318272249,51
26.921,-40.52806155764576,1.4309006660487977,-0.6729658203527041,51
26.942,-40.466210197344616,2.1198236347306403,-0.274865708898735,51
26.962,-40.229590279803375,1.5942848880728688,-0.2413137692674846,51
26.982,-40.02649283113092,1.3792947852591464,0.018617585480906564,51
27.003,-39.6721593019403,0.5655500593610047,-0.21481932141546908,51
27.023,-38.98120380048309,0.41642685418342856,1.334822389246061,51
27.044,-38.28949612859029,-0.13561906856332273,0.7136051222403993,51
27.064,-37.3998379014603,-0.1579385896349479,1.488165074225476,51
27.084,-36.351540596951196,0.538520201502577,3.0483182282381063,51
27.104,-35.4820959591299,-0.03477919117645879,3.0117015723502165,51
27.125,-34.11212870730119,0.13438994680463343,1.4746994347832696,51
27.145,-32.1740860295769,-0.7712586744969044,0.8968548050470052,51
27.166,-30.807986694949385,-0.1654629877394834,-0.08568807707411688,51
27.186,-29.013860086456724,0.22165913446766553,0.3384701914595342,51
27.206,-26.66806494808511,0.6595999839858842,0.7132677471242381,51
27.226,-24.597317487413555,0.45296332360451924,0.46051605160011966,51
27.247,-21.942382784837854,0.7448742807005442,0.5237612323153404,51
27.267,-20.309837430243668,-0.514285797022786,2.8773415766877775,51
27.287,-19.390542096775924,-2.5225985005335647,0.012166564103470227,51
27.308,-19.777382976427038,-1.4863200272893657,-1.8537784754381408,51
27.328,-19.71839103028767,-1.350527239672732,-0.404805734667622,51
27.348,-18.79584162238213,-1.006978983821632,0.13667787971700515,51
27.369,-17.668299766036647,-0.5438923999461119,0.8439618462950462,51
27.389,-16.31882084981523,-0.25741867752504266,1.5613932281969423,51
27.41,-15.147126332817853,0.7562095109774898,1.6881029341871112,51
27.43,-13.362486741583117,0.548896540566985,0.9657460749162688,51
27.45,-11.618862106618755,0.9813395085305192,-0.25148035928115464,51
27.47,-9.946464469511984,1.2804666137806542,1.0699399649464987,51
27.491,-8.246727199185688,1.7840265684997465,1.3663713453805706,51
27.511,-6.467334568596262,1.5045518090068688,-0.6045963981429352,51
27.532,-4.893873794907696,1.3880684054384003,-0.5020027834892021,51
27.552,-3.3869470320035098,1.5854143732084636,0.34221397159463296,51
27.573,-1.9923075680501559,0.9293574677185703,0.28274743023626825,51
27.593,-0.5923607400339012,1.4548113357615202,1.0723716949580262,51
27.614,0.6621872450639141,1.6801059867083883,1.0519328881454213,51
27.634,1.8179696013073494,1.6405107348472059,1.1777515600975295,51
27.654,2.9285594395994208,1.4165373180404504,1.2999630029563245,51
27.674,3.8619672685679047,1.168686678912268,0.3390474209419382,51
27.695,4.952540340768546,2.006467390164043,0.5807388080220118,51
27.715,5.832008954098209,2.369329316954363,0.36296158286020963,51
27.735,6.505279166435439,2.4612381851281637,1.3954563385120484,51
27.755,7.0173386503426896,1.5661523173733198,2.211192854582974,51
27.775,7.460675656962603,1.2066221690643921,1.6125747334588572,51
27.796,7.799475994145476,0.0305526763220849,1.9403758339566048,51
27.816,8.18340867603977,1.8295781447435941,2.966843151474948,51
27.837,8.593404066058364,1.3349132720573798,2.5450265062897754,51
27.857,8.953909820772177,1.5198704108541823,4.088110999171639,51
27.877,9.450463606688782,1.9198862656568665,3.159143694185687,51
27.898,9.663730881602742,1.0868373826162556,2.589457027343608,51
27.918,10.182445234029938,0.6282052530965215,2.135066711856524,51
27.938,10.379847889104195,1.5507147683558626,2.4144375327004037,51
27.958,10.815290974523334,0.25040045727721544,1.8664695827573006,51
27.979,11.01303705474582,-0.06481462460398335,1.3461615046281454,51
27.999,11.140439797380832,-0.5449758938514616,1.5430836758330424,51
28.019,11.157106746532218,0.49428135125554745,1.6616631358043186,51
28.04,11.129352165458057,1.1941226448433886,1.2347091944613495,51
28.06,11.183431641345503,0.752605235491534,1.2862814424390596,51
28.081,11.279891569200952,0.8167425175136815,1.1326640130899968,51
28.101,11.39228328699111,1.1007412974815542,1.0549479006652471,51
28.122,11.502231590525676,1.5866424988678918,1.1319745941236732,51
28.142,11.565127713383996,2.446447824433554,2.067497192553769,51
28.162,11.573437188070592,2.47017989102259,3.0586910751793273,51
28.182,11.448995032011489,2.7731654774213625,2.100921411781497,51
28.203,11.25538109823018,2.5596659891146407,2.52526641866183,51
28.223,11.1108934904344,1.6285678545308473,2.7338544472219404,51
28.243,10.960171069733214,2.1108548263283793,1.7440400741047066,51
28.263,10.931264693946083,0.34787450260401026,0.5714864966838222,51
28.284,10.970668940892132,0.2991794162863407,1.0902952779843713,51
28.304,11.027174482460772,0.7549730008055806,1.9440800083607348,51
28.324,11.0271999400927,0.3183819493066283,2.0698070780087385,51
28.345,11.017291591184787,0.27572589325711067,2.218535229358874,51
28.366,10.952376738159089,0.32095872761076555,1.8310875537298137,51
28.386,10.830032468263466,0.7680764270545423,2.8685621735615414,51
28.406,10.725706519942419,0.017791942632349306,2.4071721583394345,51
28.427,10.468961261886347,-0.5166522982817824,1.6456718510247896,51
28.447,10.388617499318839,-0.12441568304171843,1.7791964700695666,51
28.467,10.268025100077166,0.19379250396115857,1.6419567978630094,51
28.488,10.20440014665125,0.6804938893873747,0.8545509671157885,51
28.508,10.181913909262319,0.6957069925978198,0.8085032842050991,51
28.529,10.154506721948492,1.0624978489077375,1.1209245639400496,51
28.549,10.090114967249331,0.9155903341178532,1.0829552454697389,51
28.569,10.001539570740347,1.1691242348984405,1.0265194990355802,51
28.59,9.874231550248892,0.6350903263792131,0.7602057038443252,51
28.61,9.782181520776971,0.2649531224239747,0.6624241799831079,51
28.63,9.65565547552596,0.35521599466970044,-0.12637621104541208,51
28.651,9.62873657353697,-0.1480800766003669,0.03811897342390809,51
28.671,9.647873926190131,-0.46722000700821464,-0.6249831172584014,51
28.691,9.729234843271856,0.6038866170663434,0.7608493670561919,51
28.712,9.812908871954678,-0.07392879396735626,1.333938332389196,51
28.732,9.833635111093374,-0.48944244121546043,1.7185554495823476,51
28.752,9.833285410589172,-0.22273146148606926,0.8746992374827981,51
28.772,9.798745213839213,0.4412955263541678,0.9379121346897845,51
28.792,9.76962207232289,0.23734924831229076,-0.1822843545325439,51
28.813,9.528066025258186,-97.20654434756152,4.893929105601079,51
28.833,9.260310605565182,-57.51205680533562,1.1043441023958889,51
28.853,8.9381373597915,-28.712300523533134,1.7951714613663712,51
28.874,8.713094916409618,-15.816460686897244,0.32482651685141456,51
28.894,8.487961244599619,-7.988770852601496,0.07099412785570153,51
28.914,8.336962747952457,-3.379080024692922,0.05376319329291634,51
28.935,8.241108105479798,1.2794710807581646,2.453519014983645,51
28.955,7.819318776736125,3.40984627106328,3.3457050810081665,51
28.975,7.883420036224791,24.903008249719175,4.742197814102621,51
28.995,8.029309137249768,12.325479043663824,2.7758041527172503,51
29.016,8.168213968301828,4.46253060856984,2.197382168259694,51
29.036,8.090487341309613,-6.050828501109448,-0.6779040908429297,51
29.056,8.196146557892874,-5.3108247142957765,-0.6151677307586014,51
29.077,8.193841463660009,0.1440923039467653,0.7519744376922238,51
29.097,8.19324751591414,-0.16831217560162662,0.4466603235899181,51
29.117,8.183290842197083,0.12337661269018281,0.34714397416311144,51
29.138,8.167916092639258,0.1665740826930544,0.7046009446641929,51
29.158,8.176171896628672,0.6736969376416396,0.9329845231767512,51
29.178,8.176053399124084,0.7952332171614539,0.7051390397751245,51
29.198,8.179211847813162,0.8617670301692425,0.5710069945789166,51
29.219,8.181907372963309,0.7483826416325375,0.4850368638803369,51
29.239,8.165797192495717,0.6451377938901037,0.6507049181761171,51
29.259,8.18487301154667,0.834314171080711,0.567815271398535,51
29.28,8.158559494797572,0.713063804282411,0.9824264431295826,51
29.3,8.144389832243531,0.5049171655035937,0.45869021846613395,51
29.32,8.19285911177964,0.9095933830545783,0.38107729508654775,51
29.341,8.227656592802603,0.9198163695838375,0.7095984345050146,51
29.361,8.252188902145592,1.1589196056783988,1.2770466622751533,51
29.381,8.277203591411665,1.391972420756445,1.0649524035861564,51
29.402,8.311826565776203,1.4197709513577994,0.8288404892884623,51
29.422,8.331456923034027,1.274840906206934,0.2882863472155851,51
29.442,8.265674550213207,0.36715388778280683,0.42430662711704076,51
29.463,8.16803594050414,0.464137329640006,0.8704078991404725,48
29.483,8.221704668881856,0.385634599692434,-0.011327283416467158,48
29.503,8.147310232546102,0.3563291620421154,0.7023396957685601,48
29.523,8.179260219665947,0.679898230816717,0.17740506000640693,48
29.544,8.164672143099223,0.7731194063001421,0.704856871785824,48
29.564,8.223923051617033,0.4297619092497215,0.3935737527563467,48
29.585,8.16110883341379,0.6660143163848725,0.3189337304721087,48
29.605,8.172737264672277,0.7461305822058604,0.7249658883734865,48
29.625,8.149890569822459,0.6256276343317438,0.4134079340129298,48
29.646,8.190710899133263,0.3822513694214342,0.6271833651737364,48
29.666,8.1802325185332,0.6107321850829424,0.1879932554324264,48
29.687,8.202210478474381,0.40554828239769275,0.4167116203915917,48
29.707,8.169962830569812,0.6789470334977233,0.20376122466380694,49
29.728,8.190090142519791,0.6671365793294685,0.2564665362122712,49
29.748,8.186271035173133,0.525594653401719,0.3058662220544551,49
29.768,8.176223209993834,0.6814013104859541,0.10430342425093755,49
29.789,8.17327443810104,0.4952524718653223,0.18183686542856153,49
29.809,8.173167587859103,0.44952882114806897,0.4160908597686405,49
29.829,8.173062497719803,0.45035237137030226,0.7449515584971236,49
29.85,8.176556602686338,0.6270373409510926,0.8516562549227978,49
29.87,8.177480546283766,0.6841674473916858,0.5160342200612003,49
29.891,8.176248657650493,0.4635788045813363,0.558330305168257,49
29.911,8.176547101065612,0.2866733214516777,0.5993186052789332,49
29.931,8.177656659430257,0.3285482204185917,0.7107074811112195,49
29.952,8.177733933831881,0.43757105862901163,0.5554916273076574,49
29.972,8.179483696227395,0.3599089521561901,0.4971721774961537,49
29.992,8.179139636124384,0.4798729820685587,0.5006349687547861,49
30.013,8.182291562064105,0.49816773886629906,0.4235005437927791,49
30.033,8.181133932861552,0.562405852136555,0.4068610971862594,49
30.053,8.179571519168334,0.5732904805473515,0.43412994978325464,49
30.074,8.180557444074298,0.6485478413240838,0.47084613209754933,49
30.094,8.180713708464312,0.6672773316909987,0.45367730642408344,49
30.115,8.180899027037253,0.5884137778727868,0.4501644056876179,49
30.135,8.182153687069233,0.5600361367431057,0.4561673885287524,49
30.155,8.183407407340423,0.5432425317697035,0.4392640562325521,49
30.176,8.182938292497454,0.5946866880818561,0.4374742168142138,49
30.196,8.182921653924051,0.6410726095992936,0.42881310240400755,49
30.216,8.182298014005468,0.6328389969357784,0.4067683403082657,49
30.237,8.181891321439377,0.6434103908759226,0.4074023411943185,49
30.257,8.181346957642862,0.6545873191252962,0.4292992206929181,49
30.277,8.180476772666223,0.6832838939730844,0.3861110619906302,49
30.297,8.180943701072545,0.6536074627095237,0.4315051904786299,49
30.318,8.180419444586184,0.662038491038279,0.4378122898988208,49
30.338,8.179100472039453,0.6503757434705444,0.4286041015567352,49
30.358,8.178580190772108,0.592605288548704,0.44955592629942787,49
30.379,8.1785371783521,0.6417424688122733,0.4590606062496982,49
30.399,8.17672843018533,0.6982942656959717,0.43431939846079365,49
30.419,8.177722642355945,0.7006626554801028,0.4337522940498274,49
30.44,8.175999482412196,0.6769568764180628,0.49942126009824017,49
30.46,8.176417522747792,0.6604681532294754,0.4897710039684949,49
30.48,8.175026085884813,0.6921274108818447,0.4752622809419364,49
30.5,8.176194383899448,0.7101260924055255,0.44052881112003917,49
30.52,8.177730830632125,0.7033695094261617,0.3873559128494252,49
30.541,8.17637703561466,0.6746221208856009,0.3635759020559919,49
30.561,8.175647363579545,0.6732359054749857,0.4313267260769213,49
30.581,8.174417033089206,0.6714624631861895,0.46789873916847835,49
30.602,8.172491837856146,0.5427879958552583,1.5032916010204835,49
30.622,8.188073895983653,0.3262611988086996,-0.24036324001193662,49
30.642,8.185059528499242,0.6278136422544258,0.21346228202980197,49
30.663,8.35067201203268,-2.222856727410177,4.898393349194423,49
30.683,8.432617573028926,-2.235230440040626,4.838858957160611,49
30.703,8.432617573028926,-2.235230440040626,4.838858957160611,49
30.723,8.432617573028926,-2.235230440040626,4.838858957160611,49
30.743,8.432617573028926,-2.235230440040626,4.838858957160611,49
30.764,8.432617573028926,-2.235230440040626,4.838858957160611,49
30.784,8.432617573028926,-2.235230440040626,4.838858957160611,49
30.804,8.432617573028926,-2.235230440040626,4.838858957160611,49
30.825,8.432617573028926,-2.235230440040626,4.838858957160611,49
30.845,8.432617573028926,-2.235230440040626,4.838858957160611,49
30.866,8.432617573028926,-2.235230440040626,4.838858957160611,49
30.886,8.432617573028926,-2.235230440040626,4.838858957160611,49
30.906,8.432617573028926,-2.235230440040626,4.838858957160611,49
30.926,8.432617573028926,-2.235230440040626,4.838858957160611,49
30.946,8.432617573028926,-2.235230440040626,4.838858957160611,49
30.967,8.432617573028926,-2.235230440040626,4.838858957160611,49
30.987,8.432617573028926,-2.235230440040626,4.838858957160611,49
31.007,8.432617573028926,-2.235230440040626,4.838858957160611,49
31.027,8.432617573028926,-2.235230440040626,4.838858957160611,49
31.048,8.432617573028926,-2.235230440040626,4.838858957160611,49
31.068,8.432617573028926,-2.235230440040626,4.838858957160611,49
31.088,8.432617573028926,-2.235230440040626,4.838858957160611,49
31.108,8.432617573028926,-2.235230440040626,4.838858957160611,49
31.128,8.432617573028926,-2.235230440040626,4.838858957160611,49
31.149,8.432617573028926,-2.235230440040626,4.838858957160611,49
31.169,8.432617573028926,-2.235230440040626,4.838858957160611,49
31.19,8.432617573028926,-2.235230440040626,4.838858957160611,49
31.21,8.432617573028926,-2.235230440040626,4.838858957160611,49
31.23,8.432617573028926,-2.235230440040626,4.838858957160611,49
31.251,8.432617573028926,-2.235230440040626,4.838858957160611,49
31.271,8.432617573028926,-2.235230440040626,4.838858957160611,49
31.291,8.432617573028926,-2.235230440040626,4.838858957160611,49
31.312,8.432617573028926,-2.235230440040626,4.838858957160611,49
31.332,8.432617573028926,-2.235230440040626,4.838858957160611,49
31.352,8.432617573028926,-2.235230440040626,4.838858957160611,49
31.373,8.432617573028926,-2.235230440040626,4.838858957160611,49
31.393,8.432617573028926,-2.235230440040626,4.838858957160611,49
31.413,8.432617573028926,-2.235230440040626,4.838858957160611,49
31.433,8.432617573028926,-2.235230440040626,4.838858957160611,49
31.453,8.432617573028926,-2.235230440040626,4.838858957160611,49
31.474,8.432617573028926,-2.235230440040626,4.838858957160611,49
31.494,8.432617573028926,-2.235230440040626,4.838858957160611,49
31.514,8.432617573028926,-2.235230440040626,4.838858957160611,49
31.534,8.432617573028926,-2.235230440040626,4.838858957160611,49
31.555,8.432617573028926,-2.235230440040626,4.838858957160611,49
31.575,8.432617573028926,-2.235230440040626,4.838858957160611,49
31.595,8.432617573028926,-2.235230440040626,4.838858957160611,49
31.616,8.432617573028926,-2.235230440040626,4.838858957160611,49
31.636,8.432617573028926,-2.235230440040626,4.838858957160611,49
31.656,8.432617573028926,-2.235230440040626,4.838858957160611,49
31.677,8.432617573028926,-2.235230440040626,4.838858957160611,49
31.697,8.432617573028926,-2.235230440040626,4.838858957160611,49
31.717,8.432617573028926,-2.235230440040626,4.838858957160611,49
31.738,8.432617573028926,-2.235230440040626,4.838858957160611,49
31.758,8.432617573028926,-2.235230440040626,4.838858957160611,49
31.778,8.432617573028926,-2.235230440040626,4.838858957160611,49
31.798,8.432617573028926,-2.235230440040626,4.838858957160611,49
31.819,8.432617573028926,-2.235230440040626,4.838858957160611,49
31.839,8.432617573028926,-2.235230440040626,4.838858957160611,49
31.86,8.432617573028926,-2.235230440040626,4.838858957160611,49
31.88,8.432617573028926,-2.235230440040626,4.838858957160611,49
31.9,8.432617573028926,-2.235230440040626,4.838858957160611,49
31.92,8.432617573028926,-2.235230440040626,4.838858957160611,49
31.941,8.432617573028926,-2.235230440040626,4.838858957160611,49
31.961,8.432617573028926,-2.235230440040626,4.838858957160611,49
31.981,8.432617573028926,-2.235230440040626,4.838858957160611,49
32.002,8.432617573028926,-2.235230440040626,4.838858957160611,49
32.022,8.432617573028926,-2.235230440040626,4.838858957160611,49
32.042,8.432617573028926,-2.235230440040626,4.838858957160611,49
32.062,8.432617573028926,-2.235230440040626,4.838858957160611,49
32.082,8.432617573028926,-2.235230440040626,4.838858957160611,49
32.103,8.432617573028926,-2.235230440040626,4.838858957160611,49
32.123,8.432617573028926,-2.235230440040626,4.838858957160611,49
32.143,8.432617573028926,-2.235230440040626,4.838858957160611,49
32.164,8.432617573028926,-2.235230440040626,4.838858957160611,49
32.184,8.432617573028926,-2.235230440040626,4.838858957160611,49
32.204,8.432617573028926,-2.235230440040626,4.838858957160611,49
32.224,8.432617573028926,-2.235230440040626,4.838858957160611,49
32.245,8.432617573028926,-2.235230440040626,4.838858957160611,49
32.265,8.432617573028926,-2.235230440040626,4.838858957160611,49
32.285,8.432617573028926,-2.235230440040626,4.838858957160611,49
32.306,8.432617573028926,-2.235230440040626,4.838858957160611,49
32.326,8.432617573028926,-2.235230440040626,4.838858957160611,49
32.346,8.432617573028926,-2.235230440040626,4.838858957160611,49
32.366,8.432617573028926,-2.235230440040626,4.838858957160611,49
32.387,8.432617573028926,-2.235230440040626,4.838858957160611,49
32.407,8.432617573028926,-2.235230440040626,4.838858957160611,49
32.427,8.432617573028926,-2.235230440040626,4.838858957160611,49
32.448,8.432617573028926,-2.235230440040626,4.838858957160611,49
32.468,8.432617573028926,-2.235230440040626,4.838858957160611,49
32.488,8.432617573028926,-2.235230440040626,4.838858957160611,49
32.508,8.432617573028926,-2.235230440040626,4.838858957160611,49
32.529,8.432617573028926,-2.235230440040626,4.838858957160611,49
32.549,8.432617573028926,-2.235230440040626,4.838858957160611,49
32.569,8.432617573028926,-2.235230440040626,4.838858957160611,49
32.589,8.432617573028926,-2.235230440040626,4.838858957160611,49
32.609,8.432617573028926,-2.235230440040626,4.838858957160611,49
32.63,8.432617573028926,-2.235230440040626,4.838858957160611,49
32.65,8.432617573028926,-2.235230440040626,4.838858957160611,49
32.67,8.432617573028926,-2.235230440040626,4.838858957160611,49
32.69,8.432617573028926,-2.235230440040626,4.838858957160611,49
32.711,8.432617573028926,-2.235230440040626,4.838858957160611,49
32.731,8.432617573028926,-2.235230440040626,4.838858957160611,49
32.751,8.432617573028926,-2.235230440040626,4.838858957160611,49
32.772,8.432617573028926,-2.235230440040626,4.838858957160611,49
32.792,8.432617573028926,-2.235230440040626,4.838858957160611,49
32.813,8.432617573028926,-2.235230440040626,4.838858957160611,49
32.833,8.432617573028926,-2.235230440040626,4.838858957160611,49
32.853,8.432617573028926,-2.235230440040626,4.838858957160611,49
32.873,8.432617573028926,-2.235230440040626,4.838858957160611,49
32.894,8.432617573028926,-2.235230440040626,4.838858957160611,49
32.914,8.432617573028926,-2.235230440040626,4.838858957160611,49
32.935,8.432617573028926,-2.235230440040626,4.838858957160611,49
32.955,8.432617573028926,-2.235230440040626,4.838858957160611,49
32.976,8.432617573028926,-2.235230440040626,4.838858957160611,49
32.996,8.432617573028926,-2.235230440040626,4.838858957160611,49
33.016,8.432617573028926,-2.235230440040626,4.838858957160611,49
33.037,8.432617573028926,-2.235230440040626,4.838858957160611,49
33.057,8.432617573028926,-2.235230440040626,4.838858957160611,49
33.077,8.432617573028926,-2.235230440040626,4.838858957160611,49
33.097,8.432617573028926,-2.235230440040626,4.838858957160611,49
33.118,8.432617573028926,-2.235230440040626,4.838858957160611,49
33.138,8.432617573028926,-2.235230440040626,4.838858957160611,49
33.158,8.432617573028926,-2.235230440040626,4.838858957160611,49
33.178,8.432617573028926,-2.235230440040626,4.838858957160611,49
33.199,8.432617573028926,-2.235230440040626,4.838858957160611,49
33.219,8.432617573028926,-2.235230440040626,4.838858957160611,49
33.239,8.432617573028926,-2.235230440040626,4.838858957160611,49
33.26,8.432617573028926,-2.235230440040626,4.838858957160611,49
33.28,8.432617573028926,-2.235230440040626,4.838858957160611,49
33.3,8.432617573028926,-2.235230440040626,4.838858957160611,49
33.32,8.432617573028926,-2.235230440040626,4.838858957160611,49
33.341,8.432617573028926,-2.235230440040626,4.838858957160611,49
33.361,8.432617573028926,-2.235230440040626,4.838858957160611,49
33.382,8.432617573028926,-2.235230440040626,4.838858957160611,49
33.402,8.432617573028926,-2.235230440040626,4.838858957160611,49
33.422,8.432617573028926,-2.235230440040626,4.838858957160611,49
33.443,8.432617573028926,-2.235230440040626,4.838858957160611,49
33.463,8.432617573028926,-2.235230440040626,4.838858957160611,49
33.483,8.432617573028926,-2.235230440040626,4.838858957160611,49
33.503,8.432617573028926,-2.235230440040626,4.838858957160611,49
33.524,8.432617573028926,-2.235230440040626,4.838858957160611,49
33.544,8.432617573028926,-2.235230440040626,4.838858957160611,49
33.564,8.432617573028926,-2.235230440040626,4.838858957160611,49
33.584,8.432617573028926,-2.235230440040626,4.838858957160611,49
33.605,8.432617573028926,-2.235230440040626,4.838858957160611,49
33.625,8.432617573028926,-2.235230440040626,4.838858957160611,49
33.645,8.432617573028926,-2.235230440040626,4.838858957160611,49
33.665,8.432617573028926,-2.235230440040626,4.838858957160611,49
33.686,8.432617573028926,-2.235230440040626,4.838858957160611,49
33.706,8.432617573028926,-2.235230440040626,4.838858957160611,49
33.727,8.432617573028926,-2.235230440040626,4.838858957160611,49
33.747,8.432617573028926,-2.235230440040626,4.838858957160611,49
33.767,8.432617573028926,-2.235230440040626,4.838858957160611,49
33.787,8.432617573028926,-2.235230440040626,4.838858957160611,49
33.808,8.432617573028926,-2.235230440040626,4.838858957160611,49
33.828,8.432617573028926,-2.235230440040626,4.838858957160611,49
33.848,8.432617573028926,-2.235230440040626,4.838858957160611,49
33.868,8.432617573028926,-2.235230440040626,4.838858957160611,49
33.889,8.432617573028926,-2.235230440040626,4.838858957160611,49
33.909,8.432617573028926,-2.235230440040626,4.838858957160611,49
33.929,8.432617573028926,-2.235230440040626,4.838858957160611,49
33.949,8.432617573028926,-2.235230440040626,4.838858957160611,49
33.969,8.432617573028926,-2.235230440040626,4.838858957160611,49
33.99,8.432617573028926,-2.235230440040626,4.838858957160611,49
34.01,8.432617573028926,-2.235230440040626,4.838858957160611,49
34.031,8.432617573028926,-2.235230440040626,4.838858957160611,49
34.051,8.432617573028926,-2.235230440040626,4.838858957160611,49
34.071,8.432617573028926,-2.235230440040626,4.838858957160611,49
34.091,8.432617573028926,-2.235230440040626,4.838858957160611,49
34.112,8.432617573028926,-2.235230440040626,4.838858957160611,49
34.132,8.432617573028926,-2.235230440040626,4.838858957160611,49
34.152,8.432617573028926,-2.235230440040626,4.838858957160611,49
34.172,8.432617573028926,-2.235230440040626,4.838858957160611,49
34.193,8.432617573028926,-2.235230440040626,4.838858957160611,49
34.213,8.432617573028926,-2.235230440040626,4.838858957160611,49
34.233,8.432617573028926,-2.235230440040626,4.838858957160611,49
34.253,8.432617573028926,-2.235230440040626,4.838858957160611,49
34.273,8.432617573028926,-2.235230440040626,4.838858957160611,49
34.294,8.432617573028926,-2.235230440040626,4.838858957160611,49
34.314,8.432617573028926,-2.235230440040626,4.838858957160611,49
34.334,8.432617573028926,-2.235230440040626,4.838858957160611,49
34.354,8.432617573028926,-2.235230440040626,4.838858957160611,49
34.374,8.432617573028926,-2.235230440040626,4.838858957160611,49
34.395,8.432617573028926,-2.235230440040626,4.838858957160611,49
34.415,8.432617573028926,-2.235230440040626,4.838858957160611,49
34.436,8.432617573028926,-2.235230440040626,4.838858957160611,49
34.456,8.432617573028926,-2.235230440040626,4.838858957160611,49
34.476,8.432617573028926,-2.235230440040626,4.838858957160611,49
34.496,8.432617573028926,-2.235230440040626,4.838858957160611,49
34.517,8.432617573028926,-2.235230440040626,4.838858957160611,49
34.537,8.432617573028926,-2.235230440040626,4.838858957160611,49
34.557,8.432617573028926,-2.235230440040626,4.838858957160611,49
34.577,8.432617573028926,-2.235230440040626,4.838858957160611,49
34.597,8.432617573028926,-2.235230440040626,4.838858957160611,49
34.618,8.432617573028926,-2.235230440040626,4.838858957160611,49
34.638,8.432617573028926,-2.235230440040626,4.838858957160611,49
34.658,8.432617573028926,-2.235230440040626,4.838858957160611,49
34.678,8.432617573028926,-2.235230440040626,4.838858957160611,49
34.698,8.432617573028926,-2.235230440040626,4.838858957160611,49
34.719,8.432617573028926,-2.235230440040626,4.838858957160611,49
34.739,8.432617573028926,-2.235230440040626,4.838858957160611,49
34.759,8.432617573028926,-2.235230440040626,4.838858957160611,49
34.78,8.432617573028926,-2.235230440040626,4.838858957160611,49
34.8,8.432617573028926,-2.235230440040626,4.838858957160611,49
34.82,8.432617573028926,-2.235230440040626,4.838858957160611,49
34.84,8.432617573028926,-2.235230440040626,4.838858957160611,49
34.861,8.432617573028926,-2.235230440040626,4.838858957160611,49
34.881,8.432617573028926,-2.235230440040626,4.838858957160611,49
34.901,8.432617573028926,-2.235230440040626,4.838858957160611,49
34.922,8.432617573028926,-2.235230440040626,4.838858957160611,49
34.942,8.432617573028926,-2.235230440040626,4.838858957160611,49
34.962,8.432617573028926,-2.235230440040626,4.838858957160611,49
34.982,8.432617573028926,-2.235230440040626,4.838858957160611,49
35.002,8.432617573028926,-2.235230440040626,4.838858957160611,49
35.023,8.432617573028926,-2.235230440040626,4.838858957160611,49
35.043,8.432617573028926,-2.235230440040626,4.838858957160611,49
35.063,8.432617573028926,-2.235230440040626,4.838858957160611,49
35.083,8.432617573028926,-2.235230440040626,4.838858957160611,49
35.104,8.432617573028926,-2.235230440040626,4.838858957160611,49
35.124,8.432617573028926,-2.235230440040626,4.838858957160611,49
35.144,8.432617573028926,-2.235230440040626,4.838858957160611,49
35.165,8.432617573028926,-2.235230440040626,4.838858957160611,49
35.185,8.432617573028926,-2.235230440040626,4.838858957160611,49
35.205,8.432617573028926,-2.235230440040626,4.838858957160611,49
35.225,8.432617573028926,-2.235230440040626,4.838858957160611,49
35.245,8.432617573028926,-2.235230440040626,4.838858957160611,49
35.266,8.432617573028926,-2.235230440040626,4.838858957160611,49
35.286,8.432617573028926,-2.235230440040626,4.838858957160611,49
35.306,8.432617573028926,-2.235230440040626,4.838858957160611,49
35.326,8.432617573028926,-2.235230440040626,4.838858957160611,49
35.347,8.432617573028926,-2.235230440040626,4.838858957160611,49
35.367,8.432617573028926,-2.235230440040626,4.838858957160611,49
35.387,8.432617573028926,-2.235230440040626,4.838858957160611,49
35.407,8.432617573028926,-2.235230440040626,4.838858957160611,49
35.428,8.432617573028926,-2.235230440040626,4.838858957160611,49
35.448,8.432617573028926,-2.235230440040626,4.838858957160611,49
35.468,8.432617573028926,-2.235230440040626,4.838858957160611,49
35.489,8.432617573028926,-2.235230440040626,4.838858957160611,49
35.509,8.432617573028926,-2.235230440040626,4.838858957160611,49
35.529,8.432617573028926,-2.235230440040626,4.838858957160611,49
35.549,8.432617573028926,-2.235230440040626,4.838858957160611,49
35.57,8.432617573028926,-2.235230440040626,4.838858957160611,49
35.59,8.432617573028926,-2.235230440040626,4.838858957160611,49
35.61,8.432617573028926,-2.235230440040626,4.838858957160611,49
35.63,8.432617573028926,-2.235230440040626,4.838858957160611,49
35.651,8.432617573028926,-2.235230440040626,4.838858957160611,49
35.671,8.432617573028926,-2.235230440040626,4.838858957160611,49
35.691,8.432617573028926,-2.235230440040626,4.838858957160611,49
35.711,8.432617573028926,-2.235230440040626,4.838858957160611,49
35.731,8.432617573028926,-2.235230440040626,4.838858957160611,49
35.752,8.432617573028926,-2.235230440040626,4.838858957160611,49
35.772,8.432617573028926,-2.235230440040626,4.838858957160611,49
35.792,8.432617573028926,-2.235230440040626,4.838858957160611,49
35.812,8.432617573028926,-2.235230440040626,4.838858957160611,49
35.833,8.432617573028926,-2.235230440040626,4.838858957160611,49
35.853,8.432617573028926,-2.235230440040626,4.838858957160611,49
35.874,8.432617573028926,-2.235230440040626,4.838858957160611,49
35.894,8.432617573028926,-2.235230440040626,4.838858957160611,49
35.914,8.432617573028926,-2.235230440040626,4.838858957160611,49
35.935,8.432617573028926,-2.235230440040626,4.838858957160611,49
35.955,8.432617573028926,-2.235230440040626,4.838858957160611,49
35.975,8.432617573028926,-2.235230440040626,4.838858957160611,49
35.996,8.432617573028926,-2.235230440040626,4.838858957160611,49
36.016,8.432617573028926,-2.235230440040626,4.838858957160611,49
36.036,8.432617573028926,-2.235230440040626,4.838858957160611,49
36.056,8.432617573028926,-2.235230440040626,4.838858957160611,49
36.076,8.432617573028926,-2.235230440040626,4.838858957160611,49
36.097,8.432617573028926,-2.235230440040626,4.838858957160611,49
36.117,8.432617573028926,-2.235230440040626,4.838858957160611,49
36.138,8.432617573028926,-2.235230440040626,4.838858957160611,49
36.158,8.432617573028926,-2.235230440040626,4.838858957160611,49
36.178,8.432617573028926,-2.235230440040626,4.838858957160611,49
36.198,8.432617573028926,-2.235230440040626,4.838858957160611,49
36.219,8.432617573028926,-2.235230440040626,4.838858957160611,49
36.239,8.432617573028926,-2.235230440040626,4.838858957160611,49
36.259,8.432617573028926,-2.235230440040626,4.838858957160611,49
36.28,8.432617573028926,-2.235230440040626,4.838858957160611,49
36.3,8.432617573028926,-2.235230440040626,4.838858957160611,49
36.32,8.432617573028926,-2.235230440040626,4.838858957160611,49
36.34,8.432617573028926,-2.235230440040626,4.838858957160611,49
36.361,8.432617573028926,-2.235230440040626,4.838858957160611,49
36.381,8.432617573028926,-2.235230440040626,4.838858957160611,49
36.401,8.432617573028926,-2.235230440040626,4.838858957160611,49
36.422,8.432617573028926,-2.235230440040626,4.838858957160611,49
36.442,8.432617573028926,-2.235230440040626,4.838858957160611,49
36.462,8.432617573028926,-2.235230440040626,4.838858957160611,49
36.483,8.432617573028926,-2.235230440040626,4.838858957160611,49
36.503,8.432617573028926,-2.235230440040626,4.838858957160611,49
36.523,8.432617573028926,-2.235230440040626,4.838858957160611,49
36.543,8.432617573028926,-2.235230440040626,4.838858957160611,49
36.564,8.432617573028926,-2.235230440040626,4.838858957160611,49
36.584,8.432617573028926,-2.235230440040626,4.838858957160611,49
36.604,8.432617573028926,-2.235230440040626,4.838858957160611,49
36.625,8.432617573028926,-2.235230440040626,4.838858957160611,49
36.645,8.432617573028926,-2.235230440040626,4.838858957160611,49
36.665,8.432617573028926,-2.235230440040626,4.838858957160611,49
36.686,8.432617573028926,-2.235230440040626,4.838858957160611,49
36.706,8.432617573028926,-2.235230440040626,4.838858957160611,49
36.726,8.432617573028926,-2.235230440040626,4.838858957160611,49
36.747,8.432617573028926,-2.235230440040626,4.838858957160611,49
36.767,8.432617573028926,-2.235230440040626,4.838858957160611,49
36.787,8.432617573028926,-2.235230440040626,4.838858957160611,49
36.807,8.432617573028926,-2.235230440040626,4.838858957160611,49
36.827,8.432617573028926,-2.235230440040626,4.838858957160611,49
36.847,8.432617573028926,-2.235230440040626,4.838858957160611,49
36.868,8.432617573028926,-2.235230440040626,4.838858957160611,49
36.888,8.432617573028926,-2.235230440040626,4.838858957160611,49
36.908,8.432617573028926,-2.235230440040626,4.838858957160611,49
36.929,8.432617573028926,-2.235230440040626,4.838858957160611,49
36.949,8.432617573028926,-2.235230440040626,4.838858957160611,49
36.969,8.432617573028926,-2.235230440040626,4.838858957160611,49
36.99,8.432617573028926,-2.235230440040626,4.838858957160611,49
37.01,8.432617573028926,-2.235230440040626,4.838858957160611,49
37.03,8.432617573028926,-2.235230440040626,4.838858957160611,49
37.05,8.432617573028926,-2.235230440040626,4.838858957160611,49
37.07,8.432617573028926,-2.235230440040626,4.838858957160611,49
37.091,8.432617573028926,-2.235230440040626,4.838858957160611,49
37.111,8.432617573028926,-2.235230440040626,4.838858957160611,49
37.131,8.432617573028926,-2.235230440040626,4.838858957160611,49
37.152,8.432617573028926,-2.235230440040626,4.838858957160611,49
37.172,8.432617573028926,-2.235230440040626,4.838858957160611,49
37.192,8.432617573028926,-2.235230440040626,4.838858957160611,49
37.212,8.432617573028926,-2.235230440040626,4.838858957160611,49
37.233,8.432617573028926,-2.235230440040626,4.838858957160611,49
37.253,8.432617573028926,-2.235230440040626,4.838858957160611,49
37.273,8.432617573028926,-2.235230440040626,4.838858957160611,49
37.294,8.432617573028926,-2.235230440040626,4.838858957160611,49
37.314,8.432617573028926,-2.235230440040626,4.838858957160611,49
37.334,8.432617573028926,-2.235230440040626,4.838858957160611,49
37.354,8.432617573028926,-2.235230440040626,4.838858957160611,49
37.375,8.432617573028926,-2.235230440040626,4.838858957160611,49
37.395,8.432617573028926,-2.235230440040626,4.838858957160611,49
37.416,8.432617573028926,-2.235230440040626,4.838858957160611,49
37.436,8.432617573028926,-2.235230440040626,4.838858957160611,49
37.456,8.432617573028926,-2.235230440040626,4.838858957160611,49
37.477,8.432617573028926,-2.235230440040626,4.838858957160611,49
37.497,8.432617573028926,-2.235230440040626,4.838858957160611,49
37.517,8.432617573028926,-2.235230440040626,4.838858957160611,49
37.538,8.432617573028926,-2.235230440040626,4.838858957160611,49
37.558,8.432617573028926,-2.235230440040626,4.838858957160611,49
37.578,8.432617573028926,-2.235230440040626,4.838858957160611,49
37.599,8.432617573028926,-2.235230440040626,4.838858957160611,49
37.619,8.432617573028926,-2.235230440040626,4.838858957160611,49
37.639,8.432617573028926,-2.235230440040626,4.838858957160611,49
