time (s),yaw,pitch,roll,battery,acc_x,acc_y,acc_z,gyro_roll,gyro_pitch,gyro_yaw,altitude (m),loop rate (Hz),target altitude (m)
0.0,67.40169339374253,0.04724496907505727,0.9654790933978183,82,-0.0009551061084493995,0.015760624781250954,0.9977461695671082,-0.029551085084676743,-0.023544535040855408,-0.2575700283050537,2.1991220461119194e-07,276.6873804340656,0.0
0.051,67.40070798421978,0.02848433882665187,0.9810798623407634,82,-0.0018883174052461982,0.01899164915084839,0.9975575804710388,-0.15083591639995575,-0.10628101974725723,-0.2126295119524002,1.928450061036017e-07,276.6873804340656,0.0
0.101,67.39822323839873,0.03322276702893139,0.9968357188827456,82,-0.001357845845632255,0.01756507158279419,0.9962859153747559,-0.150444895029068,-0.031939730048179626,0.17756564915180206,1.694869617706993e-07,276.6873804340656,0.0
0.151,67.39578213161738,0.06382203728616176,0.9921329085177635,82,-0.0016056507593020797,0.01898924633860588,0.9967566728591919,0.29724597930908203,0.09774942696094513,-0.017491595819592476,1.5538449061551832e-07,280.4241492277863,0.0
0.201,67.39602395280635,0.06005267553129203,0.9997679103591179,82,0.0012701873201876879,0.018196502700448036,0.9964759349822998,0.18146169185638428,0.03370032086968422,0.010979965329170227,1.3650294904294215e-07,280.4241492277863,0.0
0.252,67.39576495376254,0.048552477983849485,0.9948536422914906,82,-1.8574392015580088e-05,0.01691836304962635,0.99634850025177,-0.11124444007873535,-0.354419469833374,-0.059186890721321106,1.2551101324307107e-07,280.4241492277863,0.0
0.303,67.39644521947719,0.08738685929671376,0.9927387011111367,82,-0.0028921838384121656,0.019913777709007263,0.9977561235427856,-0.07981181144714355,0.0668250322341919,0.0794205293059349,1.1042581797197427e-07,280.4241492277863,0.0
0.353,67.39670510878904,0.096081812384305,0.9676084084698037,82,-0.0016383649781346321,0.015745144337415695,0.9990713000297546,0.024108070880174637,0.06310094892978668,-0.1808447390794754,1.011993886183399e-07,280.4241492277863,0.0
0.404,67.39603227058853,0.07945244076440633,0.9689446807851405,82,-0.001281539211049676,0.01835714839398861,1.000110387802124,0.05275396257638931,-0.23170223832130432,0.11161649227142334,8.837842899385129e-08,280.4241492277863,0.0
0.455,67.39608547492794,0.07012528340031599,0.9563298813352377,82,-0.001112649799324572,0.015421145595610142,0.9991474151611328,-0.04932637885212898,-0.08490624278783798,0.03239559754729271,8.083947250432216e-08,280.4241492277863,0.0
0.505,67.3962331401648,0.05245715416160805,0.9784787365682107,82,0.00015248323325067759,0.017734918743371964,0.9979479908943176,-0.28470367193222046,0.0556599386036396,0.044573403894901276,7.078074020955877e-08,280.4241492277863,0.0
0.555,67.39533969843986,0.05217455850451574,0.985190807244195,82,-0.002622670028358698,0.019364673644304276,0.9986862540245056,-0.045820653438568115,-0.040598150342702866,0.07973770797252655,6.48419976649534e-08,280.4241492277863,0.0
0.606,67.39308700075397,0.023256368597761833,0.952614428428051,82,-0.0007788225193507969,0.016499152407050133,0.9974370002746582,0.0252597127109766,-0.07321245968341827,-0.014100978150963783,5.682544398212504e-08,280.4241492277863,0.0
0.656,67.39197190880726,0.030037956932652064,0.9623253274207519,82,-0.00025997613556683064,0.015995925292372704,0.9981120824813843,-0.07701574265956879,-0.05079936981201172,0.06268446147441864,5.2184802557352805e-08,280.4241492277863,0.0
0.706,67.39147854399228,0.013178879658932486,0.9264128256811165,82,0.0012508716899901628,0.017039163038134575,0.9945604205131531,-0.03256915137171745,0.006139361299574375,0.014314258471131325,4.6006472766770607e-08,286.0467844233786,0.0
0.756,67.3909402014114,-0.004085444986719578,0.9616332199277009,82,-0.0004758114228025079,0.01908869296312332,0.9983831644058228,-0.012143203988671303,0.35678422451019287,-0.01250594761222601,4.2287314413849526e-08,286.0467844233786,0.0
0.807,67.39311764862401,0.029487582137304454,0.9461063711248573,82,-0.0012459694407880306,0.0156296007335186,0.9963861107826233,-0.06236248090863228,0.006120641715824604,0.17714449763298035,3.72055448568132e-08,286.0467844233786,0.0
0.857,67.39143703071196,0.06547225321583156,0.9469101600776677,82,-0.0030075451359152794,0.016441585496068,0.9974592924118042,-0.10968196392059326,-0.20124518871307373,-0.18115204572677612,3.423011855175036e-08,286.0467844233786,0.0
0.907,67.38950737833329,0.07167532775551544,0.9753583251801958,82,-0.0005720547633245587,0.016263101249933243,0.9973753094673157,-0.32536250352859497,-0.04043596237897873,-0.04571584239602089,2.998541194125135e-08,286.0467844233786,0.0
0.957,67.39115759889035,0.0855667488110842,0.9621320940348411,82,-0.0005509239854291081,0.014559287577867508,1.000023365020752,0.15476924180984497,0.039640992879867554,0.09635183215141296,2.7530885450976276e-08,286.0467844233786,0.0
1.008,67.38924469843901,0.04984124348554019,0.9726779476034831,82,-0.0020342885982245207,0.016627809032797813,0.9997690916061401,-0.21434029936790466,-0.05777544528245926,0.17581263184547424,2.4250682093655455e-08,286.0467844233786,0.0
1.058,67.38420725775079,0.05579396614877367,0.9637449221952674,82,-0.0015996260335668921,0.016066908836364746,0.9966793656349182,-0.1365291327238083,-0.04944067448377609,-0.1372639536857605,2.230542399533155e-08,286.0467844233786,0.0
1.109,67.38555173624766,0.06202228871701701,0.9259980180510025,82,-0.0009278335492126644,0.015466850250959396,0.9950506091117859,-0.04246972128748894,-0.10906349867582321,-0.06595748662948608,1.970003495074677e-08,286.0467844233786,0.0
1.159,67.38466230233237,0.06005821155046104,0.981151386789431,82,-0.00038712768582627177,0.018553057685494423,0.9960160255432129,-0.34875035285949707,-0.01576174795627594,-0.043218616396188736,1.7419272113823145e-08,286.0467844233786,0.0
1.209,67.38802555462557,0.050591029712170645,0.9624681455048834,82,-0.0022563543170690536,0.015745479613542557,0.9985625743865967,-0.1018989086151123,0.11969894170761108,-0.059499647468328476,1.60163996066776e-08,286.0467844233786,0.0
1.26,67.38903842393849,0.052555454416943474,0.9649658578182015,82,1.3070811291981954e-05,0.018210314214229584,0.9969269037246704,-0.3513071537017822,-0.013141639530658722,0.26682597398757935,1.411009435808394e-08,284.5332067023947,0.0
1.31,67.3861286970144,0.03576834720353244,0.9741939774553837,82,-0.00018541098688729107,0.015296022407710552,0.9995976686477661,-0.25640392303466797,0.053076986223459244,-0.16440275311470032,1.298611878207945e-08,284.5332067023947,0.0
1.36,67.38751496326395,0.020942813715331767,0.9617249824630384,82,0.0004754035617224872,0.015359670855104923,0.9992382526397705,-0.030712002888321877,-0.025776486843824387,0.05508812516927719,1.1952247713995313e-08,284.5332067023947,0.0
1.411,67.38611121194617,0.006615314781758416,0.9613550819912714,82,0.0018435345264151692,0.017482606694102287,0.9987159371376038,-0.10832422226667404,0.02454785257577896,0.08620335161685944,1.0524841798615542e-08,284.5332067023947,0.0
1.461,67.38691497606253,-0.020391378984428637,0.9555675868465391,82,0.0007053948938846588,0.01765557751059532,0.9988412857055664,-0.16799800097942352,-0.25438931584358215,0.04545065388083458,9.6876629001831e-09,284.5332067023947,0.0
1.512,67.38526247456032,-0.013030443022240044,0.9874430748776976,82,-0.00012711476301774383,0.0174813661724329,0.995483934879303,0.003898346796631813,-0.13147073984146118,-0.07040125876665115,8.57473062208758e-09,284.5332067023947,0.0
1.562,67.38834776429562,0.0535542307764536,0.9661191625708531,82,-0.002282229717820883,0.018168961629271507,0.9984501600265503,-0.2791312038898468,-0.07555340975522995,0.12295050919055939,7.553317110667988e-09,284.5332067023947,0.0
1.612,67.3860980193608,0.07416888447545528,0.9537749472364624,82,-0.0011036915238946676,0.01569962315261364,0.9975844025611877,-0.08879578858613968,-0.1674708127975464,0.0024495190009474754,6.935454353816911e-09,284.5332067023947,0.0
1.662,67.38821202284419,0.0772932507748822,0.9518508936990286,82,-0.0017701935721561313,0.015647608786821365,0.9967458248138428,-0.020754549652338028,-0.0174455177038908,0.19751863181591034,6.086587004724878e-09,284.5332067023947,0.0
1.712,67.38929173096449,0.07508415435261163,0.9378605954180207,82,-0.0005193162360228598,0.01630442403256893,0.9972056746482849,-0.07983063161373138,0.025422602891921997,-0.009995022788643837,5.574252375076457e-09,284.5332067023947,0.0
1.762,67.38754203557052,0.09589625726030393,0.9800467189105836,82,-0.010924629867076874,0.016090668737888336,0.9967672824859619,-0.3794732391834259,0.07745296508073807,-0.021623501554131508,4.881997743819213e-09,285.4238856753998,0.0
1.813,67.38557007007788,0.048375826908408893,0.9813131805721064,82,-0.014348895289003849,0.01602613367140293,0.9942637085914612,-0.2509283125400543,-0.06014798954129219,0.12283581495285034,4.468299642982401e-09,285.4238856753998,0.0
1.863,67.38417241512889,0.03758958587890422,0.9805118076237015,82,-0.0015032090013846755,0.015490394085645676,0.9977149963378906,-0.09373721480369568,0.1581089198589325,0.00609576003625989,3.919003884573203e-09,285.4238856753998,0.0
1.913,67.38699084572781,0.09779427701471416,0.9646763714806394,82,-0.0030711765866726637,0.015614580363035202,0.9951933026313782,-0.1994689702987671,-0.10970992594957352,-0.05575873330235481,3.586128473626244e-09,285.4238856753998,0.0
1.963,67.38614602846495,0.06320664098337662,0.9732641020248539,82,0.00029095157515257597,0.018166322261095047,0.9964306354522705,-0.3049420118331909,0.18654578924179077,-0.10909899324178696,3.1507466444242996e-09,285.4238856753998,0.0
2.014,67.38692520108181,0.04060914051543022,0.9587631632952556,82,-0.001442961161956191,0.016819247975945473,0.9980484843254089,-0.22994515299797058,-0.08197136223316193,0.17851591110229492,2.8975996845084923e-09,285.4238856753998,0.0
2.064,67.38628076402043,0.05667841484211531,0.9181445596869006,82,-0.0006931966636329889,0.018334416672587395,0.9996289610862732,-0.018697859719395638,-0.013922138139605522,0.00188249081838876,2.5633019300464836e-09,285.4238856753998,0.0
2.114,67.38640992399954,0.053387053960712035,0.951176429330699,82,-0.0015251694712787867,0.015958772972226143,0.999873697757721,-0.14852648973464966,-0.15247954428195953,-0.09400041401386261,2.360400662735786e-09,285.4238856753998,0.0
2.165,67.38721364172365,0.05557804213322898,0.9696742645638213,82,-0.002810530597344041,0.015243533998727798,0.9982655644416809,0.2434069812297821,0.18815824389457703,-0.009348036721348763,2.050598514928626e-09,285.4238856753998,0.0
2.215,67.38766655124209,0.02955546232099213,0.962097803506858,82,0.0011230680393055081,0.016639424487948418,0.9998169541358948,0.0230583343654871,-0.06666666269302368,-0.058847106993198395,1.8632277334242134e-09,285.4238856753998,0.0
2.267,67.38722744004873,0.021348335498125454,0.9643333873802066,82,0.0008972706273198128,0.0171135812997818,0.9969401955604553,0.08860619366168976,0.15913644433021545,0.11190670728683472,1.621341076642967e-09,285.4238856753998,0.0
2.317,67.38591177121401,0.10311558011752509,0.9657344089931473,82,-0.004114481620490551,0.015425333753228188,0.9956449270248413,0.3080895245075226,0.06526751071214676,-0.05499248206615448,1.416251143880924e-09,285.3656279765955,0.0
2.367,67.38457126731643,0.02899991719983557,0.9333208078307503,82,0.0017810403369367123,0.014827829785645008,0.9967359304428101,-0.005277425050735474,-0.02554069086909294,0.2029549479484558,1.2941541246384786e-09,285.3656279765955,0.0
2.418,67.38359124245387,0.03637822930258942,0.9506420565236596,82,-0.0013240481493994594,0.018535200506448746,0.9997501969337463,-0.2297561764717102,0.14453645050525665,-0.10691054165363312,1.1257228328581622e-09,285.3656279765955,0.0
2.468,67.3850841103264,0.07445774037449467,0.925379434730925,82,-0.0013054891023784876,0.016099127009510994,0.9970111846923828,0.2283816635608673,0.046176061034202576,-0.024341335520148277,1.0268212025410589e-09,285.3656279765955,0.0
2.518,67.382067339342,0.07911099441192529,0.9379185115007234,82,-0.0006026937626302242,0.018904300406575203,0.997430682182312,-0.06570857763290405,0.0761895403265953,-0.2344418466091156,9.375186486401213e-10,285.3656279765955,0.0
2.569,67.38264065803754,0.09067085272648928,0.9721254928322616,82,-0.0034196963533759117,0.01722567528486252,0.9966995120048523,-0.1474698930978775,-0.031099393963813782,0.01019545178860426,8.174878128192152e-10,285.3656279765955,0.0
2.619,67.38391927490613,0.08990984063316236,0.999774616760601,82,-0.005144024267792702,0.018100621178746223,0.999061107635498,-0.19771617650985718,-0.03001517802476883,-0.09220793098211288,7.150498544348657e-10,285.3656279765955,0.0
2.669,67.38783398849893,0.03626243367860122,0.9761736884109291,82,0.0002615981793496758,0.016254020854830742,0.9973775744438171,-0.34951022267341614,0.08088730275630951,0.12478534877300262,6.534766664204005e-10,285.3656279765955,0.0
2.72,67.3891233187642,0.0647084729067936,0.9666286139185135,82,-0.0035651603247970343,0.01719621755182743,0.998889684677124,0.04924199730157852,0.017297441139817238,0.07530790567398071,5.73544587300802e-10,285.3656279765955,0.0
2.771,67.39005568825173,0.0765768243567812,0.9880264241230727,82,-0.0019840141758322716,0.016701437532901764,0.9987252950668335,-0.0517839752137661,0.010171926580369473,0.18623250722885132,5.2694751337658e-10,285.3656279765955,0.0
2.821,67.39050377944692,0.04298643299657075,0.9493016330296878,82,0.0004953262978233397,0.017071519047021866,0.9980384707450867,0.008434970863163471,-0.17348256707191467,-0.10366513580083847,4.6513140074866484e-10,285.3656279765955,0.0
2.871,67.38997783986767,0.04668870653266506,0.9706539705663616,82,-0.00026168671320192516,0.017175108194351196,1.0003855228424072,0.12225338816642761,-0.0023230304941534996,-0.19124026596546173,4.2793440368862556e-10,235.6747766477496,0.0
2.922,67.39400624436338,0.06569094118473112,0.9876019146808748,82,-0.001745372312143445,0.01769360527396202,0.998448371887207,0.06748732179403305,-0.07248760759830475,-0.03400754928588867,3.7808334197051223e-10,235.6747766477496,0.0
2.972,67.39453651059485,0.05980617949646319,0.9597590042400569,82,-0.001635529799386859,0.01618708297610283,0.9989455342292786,-0.011535068973898888,0.021319059655070305,0.0832652673125267,3.481050784565424e-10,235.6747766477496,0.0
3.022,67.39509502807506,0.07064059331866895,0.9502897872811733,82,-0.00020475829660426825,0.016657615080475807,0.9962797164916992,0.04581388831138611,0.02054201439023018,-0.07376182079315186,3.0795442342152207e-10,235.6747766477496,0.0
3.073,67.3964993515598,0.08159168645358711,0.9611237789540483,82,-0.0013551847077906132,0.016878191381692886,0.9973961114883423,-0.2949126958847046,-0.041003573685884476,-0.02022954821586609,2.8339080111388807e-10,235.6747766477496,0.0
3.123,67.3955052429293,0.04297523342005762,0.9581508480391213,82,0.0003186918329447508,0.016406651586294174,0.9976121783256531,-0.01627667434513569,-0.20165516436100006,0.1234244629740715,2.501013474909483e-10,235.6747766477496,0.0
3.173,67.39559333435714,0.05372574779194548,0.9655760785816621,82,-0.0015661504585295916,0.015983009710907936,0.9998409748077393,-0.12812314927577972,0.05752517282962799,-0.020791908726096153,2.3068022322903075e-10,235.6747766477496,0.0
3.224,67.39349294868884,0.015497026431867936,0.936552082238785,82,0.00047996462672017515,0.014868826605379581,0.9976335167884827,-0.35047268867492676,-0.07977183908224106,-0.012855936773121357,2.0452137703178074e-10,235.6747766477496,0.0
3.274,67.39276288344216,0.011115453884118281,0.9507336543612419,82,-0.0006627679686062038,0.017018524929881096,0.9966938495635986,0.01777895912528038,-0.03779285028576851,0.028193166479468346,1.8881903387270618e-10,235.6747766477496,0.0
3.324,67.39611639939086,0.03151825701325097,0.9228035877260462,82,-0.0015757945366203785,0.015635447576642036,0.9960499405860901,-0.2050647884607315,0.07622867822647095,0.13698706030845642,1.6756133055179098e-10,235.6747766477496,0.0
3.374,67.39740300363776,0.06302942308860422,0.9235232040155358,82,-0.0007031871355138719,0.014274091459810734,0.9965364933013916,0.019620589911937714,0.0744461864233017,-0.004768444690853357,1.5439794178008793e-10,286.1248379834914,0.0
3.425,67.41627840230446,0.09283611716718425,0.8057897598841295,82,-0.037530116736888885,-0.036549270153045654,0.9584516882896423,-0.7060664892196655,1.8915272951126099,0.8943914771080017,1.3607089775228426e-10,286.1248379834914,0.0
3.475,67.41059934646171,-0.0014692999895187955,0.9696422341770861,82,0.001517192693427205,0.015654193237423897,0.997413158416748,0.14412476122379303,-0.4403560757637024,0.13846397399902344,1.249451072310566e-10,286.1248379834914,0.0
3.525,67.41089417739319,-0.06507631480975523,1.0670261269283194,82,-0.006974775344133377,0.011018488556146622,0.9904365539550781,-0.7312961220741272,0.7697061896324158,-0.020414531230926514,1.0997938015775999e-10,286.1248379834914,0.0
3.576,67.41267428632199,-0.025243830660353336,1.058682122634308,82,-0.001605094294063747,0.01835143193602562,0.9962983131408691,0.3056272864341736,-0.06458818167448044,0.07121716439723969,1.0097495952243235e-10,286.1248379834914,0.0
3.626,67.41142596645243,-0.011375013473496391,1.0529729470398161,82,0.002402342390269041,0.02065362222492695,1.0041755437850952,-0.462390661239624,0.21348576247692108,0.00980390701442957,8.873318071559838e-11,286.1248379834914,0.0
3.676,67.40331931894997,0.022470823644413145,1.0804449677189778,82,-0.004862596280872822,0.01946432888507843,0.9928712248802185,-1.290159821510315,1.095162034034729,-0.5922040343284607,8.10219027285538e-11,286.1248379834914,0.0
3.727,67.41126154875295,-0.018423874086183394,1.1056347230249486,82,0.006386320572346449,0.02518569678068161,1.0083763599395752,0.35151830315589905,-0.37353742122650146,0.46649837493896484,7.094433912196886e-11,286.1248379834914,0.0
3.777,67.2631053178272,-0.17273311223056476,-0.5476140637284247,82,0.2107926458120346,-0.16081760823726654,0.9530671238899231,-18.657724380493164,4.820297718048096,28.874797821044922,6.228384473226541e-11,286.1248379834914,0.0
3.828,68.3981204718868,-0.9334673859439502,-0.06294557383443286,82,0.04638097807765007,0.0429396778345108,1.1343578100204468,30.48723793029785,-29.41973304748535,41.70332717895508,5.715748793831865e-11,286.1248379834914,0.0
3.878,69.24852365709802,2.0908298347214918,-1.0160153312618876,82,-0.10047755390405655,-0.09807407855987549,0.9320219159126282,70.54489135742188,-8.917999267578125,27.86163902282715,5.022363417538239e-11,286.1248379834914,0.0
3.928,70.1413347007062,3.617184654621831,0.8049535773098514,82,-0.04275991767644882,0.1431685984134674,0.9520707130432129,18.094552993774414,-7.797697067260742,21.09984588623047,4.609981107271048e-11,286.37880650006826,0.0
3.978,70.51668362395941,6.34198907905225,-1.8755476758256153,82,-0.11548872292041779,0.028479503467679024,1.0712425708770752,50.00416564941406,-17.37754249572754,16.393346786499023,4.056150656212371e-11,286.37880650006826,0.0
4.029,70.2552116058626,9.040015951817587,-0.6394855453845031,82,-0.16058748960494995,0.011440287344157696,1.0533422231674194,50.776695251464844,-25.292177200317383,-16.87177085876465,3.720280441028196e-11,286.37880650006826,0.0
4.079,69.44138144756045,10.363834862615143,-2.3778603090286476,82,-0.1732492595911026,-0.11680765450000763,0.89295494556427,33.52347183227539,-2.946516752243042,-22.45233726501465,3.406532316226864e-11,286.37880650006826,0.0
4.129,69.98924093533225,11.496667754459788,-5.9750463157007045,82,-0.2798396646976471,-0.16526977717876434,0.8353963494300842,-13.008843421936035,5.780689716339111,40.681739807128906,2.9433628437886006e-11,286.37880650006826,0.0
4.18,71.82944487566766,10.607527211713956,-5.612013712679223,82,-0.1810014843940735,-0.2357783317565918,0.7195448279380798,-118.33922576904297,115.21192932128906,52.370750427246094,2.555474779102167e-11,286.37880650006826,0.0
4.23,73.17333855959606,10.827898949194267,-0.6243157639453127,82,-0.385768324136734,0.1062694638967514,0.8680287003517151,55.29216766357422,23.587158203125,39.385658264160156,2.3181585472203418e-11,286.37880650006826,0.0
4.28,74.09824110932487,13.551452307687507,1.1214463594850668,82,-0.13950935006141663,0.22818173468112946,0.8852142691612244,-3.7650506496429443,-6.690959930419922,-3.988832712173462,2.1025106830224937e-11,286.37880650006826,0.0
4.331,73.33646679704289,14.294223823336038,1.7093749457889682,82,-0.23227538168430328,-0.01470340508967638,1.0355411767959595,10.945494651794434,9.305686950683594,-21.316486358642578,1.8210643242922306e-11,286.37880650006826,0.0
4.382,73.16007638065713,15.5810070081461,-1.0324368148669238,82,-0.23602895438671112,-0.08746922761201859,0.8975213766098022,47.16250228881836,4.577187538146973,25.327632904052734,1.5776176845904113e-11,286.37880650006826,0.0
4.432,73.66346095822375,16.374825982939356,0.8669053603665731,82,-0.29095181822776794,-0.04348670691251755,0.9480026364326477,38.00189208984375,0.6780154705047607,-2.9882235527038574,1.4299191000899657e-11,286.37880650006826,0.0
4.482,73.73768815131291,18.06464750823724,0.8566766351149916,82,-0.33268165588378906,0.042316753417253494,0.942052960395813,11.891922950744629,0.25735220313072205,0.8729110360145569,1.2304764017870765e-11,264.4580075662043,0.0
4.533,73.32951734397227,17.901572876321648,1.9712207913125466,82,-0.3265184462070465,0.01904311776161194,1.007571816444397,59.62382888793945,-0.11813869327306747,-20.150218963623047,1.1174554901984701e-11,264.4580075662043,0.0
4.583,73.23054415743798,22.053248090304606,-0.02919254941551179,82,-0.3907443881034851,0.016395963728427887,0.8555154204368591,-25.13690757751465,-0.8781932592391968,2.789905071258545,9.722572737621435e-12,264.4580075662043,0.0
4.633,73.59756557003676,20.97704793851338,-0.6407047231103894,82,-0.35210171341896057,-0.03818383067846298,0.9498565793037415,51.668548583984375,-2.3577682971954346,14.13242244720459,8.877777420219117e-12,264.4580075662043,0.0
4.683,73.23393866956964,24.369969451552034,1.9833666022822098,82,-0.3992716372013092,0.04650647193193436,0.9226364493370056,57.93876647949219,3.364488363265991,-31.278688430786133,7.769395200728144e-12,264.4580075662043,0.0
4.734,71.98101599106828,27.44164606723238,0.178541502263718,82,-0.5885732769966125,-0.10396470129489899,0.9171178936958313,38.098876953125,-10.193922996520996,-24.946924209594727,7.127726484708242e-12,264.4580075662043,0.0
4.784,71.23382648561733,28.395792453473792,-1.2960478297883857,82,-0.478270560503006,-0.15076349675655365,0.7412202954292297,23.55602264404297,-2.4921112060546875,-11.335981369018555,6.274640587682261e-12,264.4580075662043,0.0
4.835,71.6878158153902,28.541799165531284,-2.7947368379199324,82,-0.4597046673297882,-0.004905232694000006,0.8452665209770203,2.395813465118408,-6.945644378662109,30.188871383666992,5.749593406951938e-12,264.4580075662043,0.0
4.885,72.90311407866672,31.53926246395543,-0.9653101155934485,82,-0.7969833612442017,0.17754098773002625,0.5316590666770935,-129.18099975585938,-5.3120527267456055,21.989328384399414,5.009191834722825e-12,264.4580075662043,0.0
4.935,72.82125718773598,17.38191407909795,2.2938305070773004,82,0.40256619453430176,0.4609513282775879,2.633790969848633,-161.23399353027344,-133.13177490234375,-16.70905113220215,4.348897531299088e-12,264.4580075662043,0.0
4.986,72.55444603809005,12.494963485671109,-2.180138988927996,82,-0.2452024519443512,-0.0008231873507611454,0.7106239795684814,-96.33440399169922,-69.70352172851562,-51.73588180541992,3.9549720311790885e-12,264.4580075662043,0.0
5.036,71.62867351028929,10.306418192615034,-5.215630446159607,82,-0.10697853565216064,-0.11791543662548065,1.2144775390625,7.231588363647461,-27.119081497192383,7.491783142089844,3.438808125404346e-12,286.9077228264587,0.0
5.086,69.60023369191065,7.088008165545822,-8.712171807160475,82,-0.15918751060962677,-0.07094600796699524,1.0047175884246826,-25.22694206237793,-9.184118270874023,-98.78404998779297,3.123568798336111e-12,286.9077228264587,0.0
5.137,68.53791446631492,9.326305992623231,-3.4317656617614842,82,-0.2346266210079193,-0.037797581404447556,0.8066640496253967,-10.330543518066406,110.26202392578125,-1.2517064809799194,2.7187583729778943e-12,286.9077228264587,0.0
5.187,69.03907858278598,9.06737359749328,-4.333537491930374,82,-0.019535303115844727,-0.1717420369386673,1.2096132040023804,109.47573852539062,-27.98894691467285,19.55483055114746,2.478610375656215e-12,286.9077228264587,0.0
5.238,69.0670403068645,10.403195511601526,-5.462487098873734,82,-0.11408478021621704,-0.1590711772441864,0.9351157546043396,1.7004618644714355,31.18292808532715,-4.385589122772217,2.1383953763012638e-12,286.9077228264587,0.0
5.288,68.59397799204447,12.34622422861922,-6.7512396556411325,82,-0.25120946764945984,-0.0392940379679203,0.9882358312606812,5.436676979064941,-10.923887252807617,-17.173404693603516,1.943898350906147e-12,286.9077228264587,0.0
5.338,68.085879226073,11.827014076343692,-3.1163230027862414,82,-0.1865811049938202,-0.01387392170727253,0.9694396257400513,6.108740329742432,16.739160537719727,-6.417837142944336,1.6893429839984252e-12,286.9077228264587,0.0
5.389,68.7970522456555,12.420331599394464,-2.1554273571493043,82,-0.16885294020175934,-0.10716891288757324,0.9729447364807129,115.7284927368164,104.115966796875,43.029598236083984,1.602835855811561e-12,286.9077228264587,0.0
5.445,68.77440293066607,16.512833686894584,1.0369980167363053,82,-0.41138482093811035,0.0027826225850731134,0.9571450352668762,-16.345794677734375,-1.8780076503753662,-6.038768291473389,1.3074090979050056e-12,286.9077228264587,0.0
5.496,67.86535076674652,14.60988223029691,0.9666087155865952,82,-0.2221500426530838,0.014368969015777111,0.9705114960670471,-45.31960678100586,-41.49532699584961,-36.05360794067383,1.1194861649620408e-12,286.9077228264587,0.0
5.546,67.93813183004538,14.882088910247905,1.3155730200653248,82,-0.2700091600418091,0.02854136750102043,1.0533791780471802,1.6492111682891846,23.215709686279297,21.870710372924805,1.0095258654820512e-12,285.7155313351499,0.0
5.596,68.79404442400724,14.512666475492649,1.38565082172878,82,-0.23065908253192902,0.004365976434201002,0.8825599551200867,-6.20188570022583,7.275054931640625,31.729990005493164,8.655973162690633e-13,285.7155313351499,0.0
5.647,69.34611958288102,14.126685103684823,-0.26520223793709896,82,-0.22730858623981476,-0.03846850246191025,0.8902155756950378,-36.89338684082031,-10.794358253479004,-15.964292526245117,7.823479812203629e-13,285.7155313351499,0.0
5.697,69.65947923267449,14.076330335606494,0.5617160087882134,82,-0.3347877562046051,0.08598963171243668,0.9951854348182678,-27.905643463134766,15.812494277954102,30.826217651367188,6.738374470466945e-13,285.7155313351499,0.0
5.747,69.81392909033305,13.912446526388331,2.113445030979144,82,-0.25248414278030396,0.02697526477277279,0.988720715045929,-5.916402816772461,-10.927700996398926,-0.3377625644207001,6.118089548491622e-13,285.7155313351499,0.0
5.798,69.7424120541818,13.727851007998382,1.7251450482311919,82,-0.31709012389183044,-0.011053049936890602,1.105100393295288,-29.170955657958984,-26.522584915161133,1.1179828643798828,5.294151245908873e-13,285.7155313351499,0.0
5.848,69.64949545700895,11.39823836245278,-0.2381603285157287,82,-0.12489859014749527,-0.0995611622929573,0.9941743016242981,-8.46927547454834,-14.198751449584961,0.5075036883354187,4.802396398826777e-13,285.7155313351499,0.0
5.899,69.93527073985118,11.150884610807061,-0.552756919791867,82,-0.1912630945444107,-0.0014970626216381788,1.0031538009643555,1.4012504816055298,2.8399393558502197,7.415956020355225,4.156664334387156e-13,285.7155313351499,0.0
5.949,70.07317682059337,11.575553523412122,0.04890404121507868,82,-0.19429096579551697,0.0463857538998127,1.0216988325119019,1.401305913925171,4.087403774261475,3.6464014053344727,3.7881765117169346e-13,285.7155313351499,0.0
6.0,70.11238105939816,11.884470908468918,0.7568118682659447,82,-0.22272785007953644,-0.00233377143740654,1.0470329523086548,12.703869819641113,25.99960708618164,13.635016441345215,3.3064338646262184e-13,285.7155313351499,0.0
6.05,70.96651515981767,12.495714315947275,0.9546727006385356,82,-0.20476186275482178,-0.03433385118842125,0.9738900065422058,4.957015514373779,67.3356704711914,20.87078285217285,3.021896765245541e-13,285.7155313351499,0.0
6.1,71.50102474617793,11.457798137565415,2.537271572673612,82,-0.1531400978565216,0.0415978729724884,0.980231761932373,25.361814498901367,18.87045669555664,-19.160310745239258,2.65091086555773e-13,294.9166080720011,0.0
6.151,70.86692781645948,9.247450830362748,3.974618001967718,82,-0.13357694447040558,0.11208140105009079,1.0014827251434326,-24.955957412719727,-18.51959991455078,-12.90994644165039,2.428520280663101e-13,294.9166080720011,0.0
6.201,70.50419432992514,6.795384272222174,3.3166530651269888,82,-0.0750049501657486,0.05452672764658928,1.0325117111206055,-34.350189208984375,-25.620580673217773,-9.893794059753418,2.1276977419700052e-13,294.9166080720011,0.0
6.251,70.01011701610894,4.258951379599807,3.2859580359772833,82,-0.04470488429069519,0.10214810818433762,1.0376182794570923,-18.025266647338867,-5.72885799407959,-14.773529052734375,1.9516223125490626e-13,294.9166080720011,0.0
6.302,69.42782106541966,3.2204475019337058,3.303250039242903,82,-0.05133424699306488,0.06447124481201172,1.0642753839492798,-9.3764066696167,-3.266683578491211,-17.638187408447266,1.7220823172081467e-13,294.9166080720011,0.0
6.352,68.83656702479078,2.7539623102202677,4.127281940432786,82,-0.07305829226970673,0.1044783964753151,1.0211060047149658,-27.91086769104004,-17.13734245300293,-12.427996635437012,1.587716288328657e-13,294.9166080720011,0.0
6.403,68.45744294772832,3.265044901864902,2.725781222072398,82,-0.10605431348085403,0.025964632630348206,0.9564663171768188,-19.833253860473633,-9.052360534667969,-12.805559158325195,1.4051745453875773e-13,294.9166080720011,0.0
6.454,68.0266837200874,5.194927551173922,2.0415997990082198,82,-0.1601705551147461,-0.00033783158869482577,0.9995861053466797,-17.27583122253418,2.4170186519622803,-10.937055587768555,1.2983401260071813e-13,294.9166080720011,0.0
6.504,67.62810868978994,7.171054417752227,1.8890055016644791,82,-0.2008395791053772,0.027238044887781143,1.0158473253250122,-15.678585052490234,19.893131256103516,-10.607100486755371,1.1523794210394885e-13,294.9166080720011,0.0
6.555,67.3349175740222,8.722628593899515,3.4190704019152913,82,-0.1859961301088333,0.09140437096357346,1.0822862386703491,-20.54349136352539,4.573344707489014,-6.730874061584473,1.0243289725284741e-13,294.9166080720011,0.0
6.605,67.27181527818536,8.183671765367222,5.162889454284822,82,-0.1386844962835312,0.12004237622022629,0.9939610958099365,-28.53131675720215,-2.6277878284454346,3.4812793731689453,9.468310066612873e-14,294.9166080720011,0.0
6.655,67.48794368658386,6.669188635890089,5.3501038450104215,82,-0.08279529213905334,0.08534940332174301,0.8344600796699524,-19.44793128967285,-1.2964953184127808,9.240533828735352,0.000673269992374885,285.1909974841912,0.0
6.706,67.79318510461756,4.785324084776538,4.2310759881147995,82,-0.049277566373348236,0.04087942838668823,0.7695879340171814,0.6229816675186157,-6.967483043670654,7.385579586029053,0.001408366225465596,285.1909974841912,0.0
6.756,67.88857673670934,5.026098220037642,1.478708865739007,82,-0.09673424065113068,-0.011406448669731617,0.8656903505325317,11.753891944885254,1.0545244216918945,-1.2557586431503296,0.003335698915958771,285.1909974841912,0.0
6.807,67.7263021247864,6.124129996446629,0.6217168679898124,82,-0.131346195936203,0.0041263350285589695,1.0913985967636108,12.100964546203613,-0.6689640283584595,-5.066444396972656,0.003940170585887842,285.1909974841912,0.0
6.857,67.64970417050978,6.763627800115936,1.590567782765593,82,-0.12417533993721008,0.03765717148780823,1.0635875463485718,-4.13047456741333,7.1586222648620605,0.6698806881904602,0.004864362014245454,285.1909974841912,0.0
6.907,67.63610146817747,5.393892986804969,2.6702733835832158,82,-0.0627669021487236,0.08424241840839386,0.9733338952064514,-12.356973648071289,-15.254087448120117,1.3550723791122437,0.005686804047359241,285.1909974841912,0.0
6.958,67.76098432252554,3.38976048224474,1.9263982731789904,82,-0.01163539756089449,0.03226678445935249,0.961899995803833,-3.5275843143463135,-5.920975685119629,3.455324411392212,0.006953866411774952,285.1909974841912,0.0
7.008,67.9400186609226,1.812288623274596,1.8210610818462307,82,0.009013492614030838,0.01840723678469658,0.9760546684265137,1.220278263092041,-0.8089685440063477,6.671781063079834,0.007887361048158244,285.1909974841912,0.0
7.058,68.0632090632035,0.8999334694450969,0.8527961948159991,82,0.0016934345476329327,0.006511711981147528,0.975166380405426,-2.43251371383667,-7.940914154052734,1.4437329769134521,0.009016045380902534,285.1909974841912,0.0
7.108,68.1120163641823,0.71262960964646,0.545993707945239,82,-0.013329955749213696,-0.0020035123452544212,0.9310483336448669,3.3649885654449463,1.191429615020752,0.303593248128891,0.00969767125727872,285.1909974841912,0.0
7.158,67.92472140048788,1.1514789696429948,0.608327835498534,82,-0.03161405399441719,0.028718581423163414,0.9858655333518982,6.187833786010742,5.208804130554199,-5.527219772338867,0.010500059421712366,283.9745429925525,0.0
7.209,67.75009392976413,1.8015226311634942,1.3499093066123202,82,-0.042173683643341064,0.024165693670511246,0.969837486743927,9.569005012512207,3.415138006210327,-6.479289531707764,0.010670060648086056,283.9745429925525,0.0
7.259,67.50266820666954,2.7348786269093472,1.8817322323753136,82,-0.07033418118953705,0.058718547224998474,1.1001169681549072,10.843545913696289,5.238059043884277,-4.532228946685791,0.010646310296065225,283.9745429925525,0.0
7.31,67.46931407925088,3.3346921967084944,3.10063961401454,82,-0.07284829020500183,0.06300085037946701,1.0656455755233765,-8.960508346557617,-12.586775779724121,1.987064003944397,0.010637848465833911,283.9745429925525,0.0
7.36,67.51615314990276,3.1098213357950186,1.6684231120845059,82,-0.0475674606859684,0.027243349701166153,0.9211804270744324,-5.362302303314209,-16.92473030090332,1.949893832206726,0.011275565421490554,283.9745429925525,0.0
7.411,67.57869308314453,2.116325663694351,-0.3014194708747809,82,-0.020973918959498405,-0.03259650990366936,0.9101704955101013,1.6097569465637207,-2.504297971725464,1.137811541557312,0.012134965158424426,283.9745429925525,0.0
7.462,67.59580041896815,2.3722650425381184,-0.7491341879284747,82,-0.05159837380051613,-0.013877341523766518,1.0030078887939453,4.506329536437988,-5.014487266540527,-0.20372021198272705,0.013274678005393687,283.9745429925525,0.0
7.513,67.57306071681938,2.79870414041181,-1.2199343374251146,82,-0.051463816314935684,-0.033195775002241135,1.0002789497375488,2.330988645553589,-0.7748932242393494,-0.8500458002090454,0.013694807244784777,283.9745429925525,0.0
7.563,67.49228225320331,2.7783846467853044,-1.3168970108989244,82,-0.04531850665807724,-0.009976022876799107,0.9984868168830872,2.04681134223938,3.9544191360473633,-2.77309513092041,0.014425693944285027,283.9745429925525,0.0
7.614,67.37752771653817,2.81847755991605,-0.5335894695805017,82,-0.04840278625488281,0.0007758110878057778,0.9768639802932739,2.092806339263916,2.466797113418579,-3.0888824462890625,0.01458616588700797,283.9745429925525,0.0
7.664,67.3087635218208,2.9734315211615407,0.6090575767665639,82,-0.05536755919456482,0.040991898626089096,0.9752631187438965,1.0475921630859375,-0.08141277730464935,-0.757785975933075,0.014570412818992991,283.9745429925525,0.0
7.715,67.34612367915659,3.122214891437512,0.7989674768671421,82,-0.05704547092318535,0.01593012362718582,0.9528111219406128,3.327380657196045,3.1819262504577637,1.707767128944397,0.014541812370872365,288.5062594579722,0.0
7.765,67.3465856572756,3.2282476169333254,0.09792109412053764,82,-0.053328197449445724,-0.01514722965657711,1.033392310142517,3.6592602729797363,2.7969188690185547,-0.634548008441925,0.013967942167028369,288.5062594579722,0.0
7.815,67.32223373713829,3.311231668516418,0.2602173329825813,82,-0.060753755271434784,0.011773436330258846,1.0326019525527954,0.17806728184223175,3.8209431171417236,-0.2330414354801178,0.01245959774301184,288.5062594579722,0.0
7.866,67.35443495514674,3.5158734515412178,0.5365087550214648,82,-0.06237209215760231,-0.0026856837794184685,1.0391541719436646,-2.4381678104400635,-0.24137893319129944,1.8023401498794556,0.011439809715565479,288.5062594579722,0.0
7.916,67.43082102634833,3.2009283136262296,0.22013843564497948,82,-0.05286697670817375,-0.0057950266636908054,0.9882290363311768,-4.662275314331055,-3.177037000656128,2.553091526031494,0.009986995006082956,288.5062594579722,0.0
7.967,67.46674787743314,3.560569125746856,-0.8163362210108056,82,-0.09567490220069885,-0.0360308475792408,1.0897632837295532,2.0889065265655518,1.4941003322601318,-0.45239686965942383,0.009102346615165346,288.5062594579722,0.0
8.018,67.20895563594263,4.96585261723851,-2.0051977574599498,82,-0.12527719140052795,-0.02044549584388733,1.298805594444275,-15.753226280212402,-10.400643348693848,-10.21365737915039,0.007992873624203317,288.5062594579722,0.0
8.069,66.84790938966113,3.847794119220812,-1.4339335540695142,82,-0.032461438328027725,-0.009600866585969925,1.222891926765442,-10.681044578552246,-25.20949363708496,-7.96762228012085,0.0075061926338482,288.5062594579722,0.0
8.119,66.79659586601373,2.39976955841858,-1.0879280142931482,82,0.0017151074716821313,-0.06576050817966461,1.033075213432312,1.1800774335861206,4.4111247062683105,-2.176457405090332,0.008129093095513542,288.5062594579722,0.0
8.17,66.58144830590699,0.4797107973411038,-1.6229722419827968,82,0.03236588090658188,0.019636638462543488,1.0400792360305786,-5.366279125213623,-7.748708248138428,-5.39499568939209,0.010389360091524469,288.5062594579722,0.0
8.22,66.60113420383372,-0.3786140467614747,-2.122440450010859,82,0.022486936300992966,-0.09433045238256454,0.8671804666519165,1.1714006662368774,-20.518510818481445,-3.6677303314208984,0.015435547184082788,288.5062594579722,0.0
8.27,66.57085098290112,-0.4537974606772754,-1.530170220041222,82,0.0020289551466703415,0.04006117209792137,0.8686865568161011,2.7620091438293457,-0.07744381576776505,9.736143112182617,0.01969120944142359,284.1476864711063,0.0
8.32,67.04045378843479,-0.2552341953347057,-1.755245714009815,82,0.0068775564432144165,-0.058449991047382355,0.9152756929397583,-7.438380718231201,-8.54550838470459,9.056854248046875,0.026648674440488518,284.1476864711063,0.0
8.371,67.42842135540344,0.3293136188467082,-1.6056165138346306,82,-0.03370104730129242,-0.04648369550704956,0.8788320422172546,-3.9005136489868164,3.887881278991699,12.767916679382324,0.031729002821785965,284.1476864711063,0.0
8.421,67.75595074459433,1.8886493145738892,-3.086731030273061,82,-0.07872122526168823,-0.08237691968679428,0.9221859574317932,16.29285430908203,40.5924186706543,8.727328300476074,0.03929018975484711,284.1476864711063,0.0
8.471,67.9049824341823,3.1529587470299654,-3.905788039379587,82,-0.07732649147510529,-0.11342815309762955,0.9934861063957214,-3.027101755142212,10.840699195861816,-3.658374547958374,0.047555691201907016,284.1476864711063,0.0
8.522,67.61174012183434,3.2731088364183933,-3.7742684085694145,82,-0.048984695225954056,-0.03601357340812683,1.0224359035491943,-7.760015964508057,5.878931045532227,-7.99947452545166,0.05323974726069232,284.1476864711063,0.0
8.572,67.33488530868416,2.2075284508413873,-3.0459789911101316,82,-0.0034395186230540276,-0.04934887960553169,0.9673276543617249,-6.182333469390869,-5.234948635101318,-10.100618362426758,0.060728791425544895,284.1476864711063,0.0
8.622,66.91323341387975,1.2651433332432274,-1.712921509857012,82,-0.021736059337854385,0.028645915910601616,1.0114084482192993,-9.945465087890625,-5.458393573760986,-8.745556831359863,0.0647737481038726,284.1476864711063,0.0
8.673,66.79962105324725,1.0946838614736374,-0.43887233668719616,82,-0.02373100444674492,0.009952948428690434,0.9731589555740356,-6.306886672973633,-0.7806439399719238,-0.3236965835094452,0.06999596424834856,284.1476864711063,0.0
8.723,66.79252590513451,1.036314530007775,-0.2918387910590291,82,-0.017184801399707794,0.014205696992576122,1.0087543725967407,-0.2622954547405243,2.7845282554626465,0.6858954429626465,0.07346490212813303,284.1476864711063,0.0
8.773,66.85267016068495,0.8875565983320842,-0.15412489149165598,82,-0.01280168816447258,-0.004965821281075478,0.9759236574172974,-2.9463274478912354,0.013959880918264389,2.3743557929992676,0.07698745856680463,271.0899689762151,0.0
8.823,66.89539768272377,0.7196450765312505,-0.7046886217832159,82,-0.009481839835643768,-0.0273742713034153,1.003416657447815,-2.412522315979004,0.43395063281059265,0.8147385120391846,0.08160709496052833,271.0899689762151,0.0
8.874,66.9335868257898,0.5366786566217697,-1.0606358789446404,82,-0.005982583854347467,-0.028930364176630974,0.992316722869873,-2.4243507385253906,0.9313442707061768,-0.013267584145069122,0.08610440925496181,271.0899689762151,0.0
8.925,66.92094731582075,0.5564534473225878,-1.0456285088087802,82,-0.006602205336093903,-0.011937295086681843,1.010658860206604,-2.1036765575408936,2.36918306350708,-0.6022904515266418,0.08921612514782098,271.0899689762151,0.0
8.975,66.96491784483518,0.5597988864973427,-0.3420321877187394,82,-0.01737791672348976,0.007916644215583801,1.0103514194488525,-0.8918749690055847,1.6050324440002441,3.3563616275787354,0.09357121171070365,271.0899689762151,0.0
9.025,66.9565616677485,0.49489160071843724,-2.1583043632456693,82,-0.007193821482360363,-0.09359195083379745,1.0099493265151978,-5.257696151733398,-12.735672950744629,-6.135874271392822,0.09638720940534086,271.0899689762151,0.0
9.076,66.82244673235799,0.874641726900227,-1.8157418450077538,82,-0.027550289407372475,-0.013517254032194614,1.1117284297943115,0.4489940106868744,-0.03683997318148613,1.8353629112243652,0.10027006877223886,271.0899689762151,0.0
9.127,66.76117812634135,1.282673116048309,-3.167960142721703,82,-0.035038527101278305,-0.06711128354072571,1.1676641702651978,-5.452394485473633,-14.987456321716309,-3.6014435291290283,0.10219104871702835,271.0899689762151,0.0
9.177,66.7867434017327,0.7934775474031873,-2.8726894646730985,82,0.010094504803419113,-0.07453890144824982,1.103735327720642,6.902422904968262,-14.588173866271973,1.2805410623550415,0.10614056061511386,271.0899689762151,0.0
9.227,66.78854252348052,0.051438317246915374,-3.2685645342581884,82,0.029234401881694794,-0.05379706993699074,1.1049163341522217,10.488269805908203,18.54157829284668,2.4679911136627197,0.10944966982538824,271.0899689762151,0.0
9.277,67.0667792450478,-0.06017335167245258,-0.7913504124493517,82,0.006472260225564241,0.005984686315059662,1.0331331491470337,24.977182388305664,55.90382385253906,9.276307106018066,0.11500320171295066,271.0899689762151,0.0
9.328,67.42766624715809,0.9305562614804501,2.5992177264444747,82,-0.013716624118387699,0.1157660037279129,0.9534713625907898,22.386985778808594,32.71944046020508,13.932374954223633,0.11963005230940285,288.3674114816088,0.0
9.379,67.88932776024161,1.4606817728025059,4.935275934905837,82,-0.04373442754149437,0.09923051297664642,0.9995070695877075,-7.405699253082275,-8.005212783813477,11.518973350524902,0.12806076073007125,288.3674114816088,0.0
9.429,68.31697564341324,1.3547959806212517,3.816236612630779,82,-0.02593759447336197,-0.0010286079486832023,0.8736349940299988,-22.626331329345703,-16.118980407714844,11.849281311035156,0.13401773621011717,288.3674114816088,0.0
9.479,68.57698172860297,1.0577703190868502,1.7194857399960086,82,-0.02899024449288845,-0.0013840305618941784,0.9305151104927063,-5.532399654388428,3.570098400115967,7.145432949066162,0.14365691019284957,288.3674114816088,0.0
9.529,68.65018760955208,1.403048895390384,0.3348740147462316,82,-0.039255376905202866,0.003018010873347521,0.8526045680046082,-5.466459274291992,-1.1133373975753784,-2.312091827392578,0.15348882876410935,288.3674114816088,0.0
9.58,68.66546694776481,1.531222614000832,1.1164760220532186,82,-0.019515499472618103,0.023131119087338448,0.8287437558174133,-3.2730467319488525,-7.151845455169678,1.300007700920105,0.16058379199893655,288.3674114816088,0.0
9.63,68.79142141714873,1.285414628537917,2.1771818262347633,82,-0.014492316171526909,0.08332759141921997,0.8732166886329651,7.824474334716797,-3.576308488845825,5.108725547790527,0.1707545045421931,288.3674114816088,0.0
9.68,68.95859056750518,1.827642018302957,2.1117815120830707,82,-0.05250824615359306,0.03637096285820007,1.0040595531463623,8.727801322937012,-0.6276188492774963,2.7846837043762207,0.1765300136366207,288.3674114816088,0.0
9.731,68.98763183605429,2.4377384335995327,3.1658300566044715,82,-0.047585874795913696,0.0895111933350563,0.9980357885360718,-6.4694037437438965,-15.744213104248047,-0.10252708196640015,0.1847775416116234,288.3674114816088,0.0
9.781,69.01801258836524,1.901136587709433,2.6828071178910693,82,-0.020552054047584534,0.022256087511777878,1.0076528787612915,2.7910048961639404,-3.233128786087036,0.6836863160133362,0.1896938212952705,288.3674114816088,0.0
9.831,68.9563952274041,1.8542222185854382,2.208896804909479,82,-0.02937287464737892,0.0550871267914772,1.0802805423736572,-0.7579603791236877,1.7307970523834229,-2.7536678314208984,0.1963668692823875,288.3674114816088,0.0
9.881,68.86843798368933,1.3447800092398783,1.6021368497956145,82,-0.01167580671608448,0.007101028226315975,1.04067862033844,-7.695092678070068,-3.116265058517456,-4.976073265075684,0.20066684842060578,285.44331019463726,0.0
9.933,68.77348269142607,0.7313539073361587,1.2778232195760226,82,-0.00014229232328943908,0.0038912531454116106,1.0142408609390259,-13.71880054473877,-13.285185813903809,-1.8861197233200073,0.2071367592018966,285.44331019463726,0.0
9.983,68.72570626775875,-0.22512209100248845,-0.038506242472000234,82,0.01672498881816864,-0.030486969277262688,0.9557441473007202,-8.768038749694824,-13.164594650268555,-1.2992295026779175,0.2116220328120674,285.44331019463726,0.0
10.033,68.6244571809754,-0.673073907118353,-1.1699036017879259,82,0.014890355058014393,-0.027109572663903236,0.9695122241973877,-1.8800795078277588,-4.922834873199463,-3.886446475982666,0.21801118229774452,285.44331019463726,0.0
10.084,68.58318980346046,-0.16478945375317938,0.3179422265914734,82,-0.012528832070529461,0.0331268385052681,1.022523283958435,-4.482117176055908,-3.8719258308410645,1.5866785049438477,0.22190470127953915,285.44331019463726,0.0
10.135,68.56530164955339,-0.0458975421246213,0.4754589775198657,82,-0.007825445383787155,0.023555684834718704,0.9938070774078369,-4.968940734863281,0.5338612794876099,-0.09736236184835434,0.22734182285255922,285.44331019463726,0.0
10.185,68.611345354244,-0.18065022973936332,0.6591769586577984,82,0.009398323483765125,0.008160852827131748,0.9724030494689941,-3.43854022026062,-1.471601963043213,2.917989492416382,0.23085308239706778,285.44331019463726,0.0
10.235,68.74085976200625,-0.49628856476619587,-0.23352693917119025,82,0.01205581147223711,-0.045430514961481094,0.9828486442565918,-3.426959991455078,-0.31972000002861023,2.4802494049072266,0.23627560229060507,285.44331019463726,0.0
10.286,68.82335673059943,-0.8418789316652954,-0.8063209399993752,82,0.018724238499999046,-0.017557991668581963,0.9896259903907776,1.3369237184524536,2.0638275146484375,4.830907821655273,0.23879000936466974,285.44331019463726,0.0
10.336,68.92916083989192,-0.9027041490466926,-1.6179321247297236,82,0.017674583941698074,-0.04427908733487129,1.0062463283538818,-2.982579469680786,-4.222011089324951,-2.2933552265167236,0.24186626724564275,285.44331019463726,0.0
10.386,68.84245858595106,-1.3212463552340221,-1.6851249286296957,82,0.036232318729162216,-0.005604678299278021,0.9805108308792114,-0.36127299070358276,-1.0342768430709839,-2.143127918243408,0.24330844108333274,290.10264213584173,0.0
10.437,68.83470409561569,-1.4859236296149474,-1.3731238919602016,82,0.03197430446743965,-0.046851977705955505,1.012086033821106,-1.023463249206543,1.0326629877090454,-4.3175950050354,0.24540920151109283,290.10264213584173,0.0
10.487,68.69666661979859,-1.2335874989998175,-0.6370541808152426,82,0.018318086862564087,-0.007670652586966753,0.9961708784103394,-0.886759340763092,2.202643394470215,-2.0776801109313965,0.24648187009250117,290.10264213584173,0.0
10.538,68.55601338068075,-1.2806466408831747,-0.2981084376836301,82,0.020302291959524155,0.022139333188533783,1.0026485919952393,1.3084508180618286,3.0526154041290283,-3.3661210536956787,0.24817815875297822,290.10264213584173,0.0
10.588,68.54523757310518,-0.878666469644084,0.8408325466363402,82,0.0031140155624598265,0.012148755602538586,1.0099778175354004,1.2503879070281982,0.44053974747657776,1.2038264274597168,0.2493199490261112,290.10264213584173,0.0
10.639,68.58507714751762,-0.5045789998860176,0.8861760936202127,82,-0.0005391474114730954,0.02910044603049755,1.0274817943572998,-1.872457504272461,-3.701181173324585,2.6424312591552734,0.25062798330146707,290.10264213584173,0.0
10.689,68.67097332484623,-0.6988642089785649,-0.05208268952123134,82,0.02256670780479908,-0.027302522212266922,0.9688517451286316,-3.572221517562866,-6.147323131561279,1.3151626586914062,0.2513669128985918,290.10264213584173,0.0
10.74,68.70719903156306,-1.2367743748893265,-0.9799140119873533,82,0.038511715829372406,-0.05397167056798935,0.9965468645095825,-0.39893075823783875,-1.2695595026016235,0.27006781101226807,0.2524504506547292,290.10264213584173,0.0
10.79,68.61847536995568,-1.6183372348133453,-1.6549394126408945,82,0.029025640338659286,-0.027060924097895622,1.003711223602295,3.208566904067993,1.7416224479675293,-2.299217939376831,0.2541445513823057,290.10264213584173,0.0
10.84,68.48930302985102,-1.5185272250136654,-1.4507411069971983,82,0.02281571738421917,-0.005831683054566383,1.009972333908081,0.26899078488349915,1.493350625038147,-5.859918594360352,0.2554361003044677,290.10264213584173,0.0
10.891,68.46798169300493,-0.8400753808150391,0.6964536065173007,82,-0.002649960108101368,0.05378112569451332,0.993888258934021,6.255948066711426,4.121285438537598,3.5239617824554443,0.2567269971689323,290.10264213584173,0.0
10.941,68.53580210338778,-0.7110966147182536,1.0493675404877214,82,0.014180924743413925,0.027712488546967506,0.9901825189590454,5.049617290496826,-4.255524158477783,2.358903169631958,0.25872825779357234,283.9168753807622,0.0
10.991,68.68768446236045,-0.5479223810781522,0.6754722282085736,82,0.007340249139815569,0.0008990551577880979,1.0203666687011719,4.2276129722595215,3.3171777725219727,4.1747565269470215,0.2599162937133328,283.9168753807622,0.0
11.042,68.80119627722236,-0.5085833804059017,0.11093973845220219,82,0.01348512340337038,-0.01890488713979721,0.9777923226356506,-4.544196128845215,-3.5592808723449707,1.5261852741241455,0.2604244351003729,283.9168753807622,0.0
11.092,68.85674520791062,-0.7390440373659971,-0.2767205519723262,82,0.022253356873989105,-0.008953338488936424,0.9591381549835205,1.5711798667907715,-0.25084149837493896,2.847107410430908,0.26106236777291975,283.9168753807622,0.0
11.143,68.91326023241547,-0.5931243547458208,-0.4875534950850039,82,-0.001257524243555963,-0.007570657413452864,1.0099672079086304,0.3709157407283783,1.8545973300933838,0.6048659682273865,0.2620724230723359,283.9168753807622,0.0
11.193,68.90217582281724,-0.4446728897279908,-0.16621351092474454,82,0.006918724626302719,0.004484718665480614,0.9849500060081482,-1.2010784149169922,-2.1625289916992188,0.7885355949401855,0.26405959802561596,283.9168753807622,0.0
11.243,68.89812038395212,-0.6417797383181502,-1.1534876522557793,82,0.019312655553221703,-0.03710962459445,1.0262163877487183,-1.4899582862854004,0.6882529854774475,-2.676934003829956,0.2650867089699083,283.9168753807622,0.0
11.294,68.75314601436817,-0.9562235207487539,-0.9756091335134561,82,0.020629148930311203,-0.013019860722124577,0.969165027141571,-6.343189716339111,-7.224278926849365,-5.884059429168701,0.2672344917849834,283.9168753807622,0.0
11.344,68.60679499777997,-1.0818832295644636,-0.3499069626499726,82,0.014382435940206051,0.015968171879649162,0.9797552227973938,-0.8753120303153992,-0.6851775050163269,-0.35319072008132935,0.2686486916592634,283.9168753807622,0.0
11.395,68.5997539281308,-1.0264804190289962,-0.17324583685233388,82,0.014114970341324806,-0.004102592822164297,1.0110597610473633,-0.5615221858024597,0.03485078737139702,0.1878787875175476,0.2700205299650818,283.9168753807622,0.0
11.445,68.59587334974162,-1.0032078154709099,-0.3525252702599138,82,0.01883307658135891,-0.004425161052495241,1.0026105642318726,-5.127410411834717,-5.096846580505371,1.0436859130859375,0.27203504035248927,283.9168753807622,0.0
11.495,68.63753664307427,-1.4154568695208174,-2.0286532509446706,82,0.02787746675312519,-0.09070593118667603,0.9969595074653625,-3.0629501342773438,-2.285879373550415,-2.0828018188476562,0.27286434336971244,299.42204454597373,0.0
11.546,68.49459360256344,-1.3544808676241529,-2.4771657172459425,82,0.02078045904636383,-0.03911623731255531,0.9965983629226685,-5.888341426849365,-0.955142617225647,-3.9930121898651123,0.2726284908608559,299.42204454597373,0.0
11.597,68.3332367085867,-1.8207391989711088,-2.0213310376402016,82,0.03863270953297615,-0.01591584086418152,0.9728401899337769,-1.7976205348968506,-0.17765472829341888,-3.4456989765167236,0.2721771286807232,299.42204454597373,0.0
11.647,68.19370039742883,-2.1309483057946608,-1.8507410636154205,82,0.037694405764341354,-0.026502832770347595,0.9864466786384583,-1.8657606840133667,1.0810579061508179,-5.122075080871582,0.27223814618016257,299.42204454597373,0.0
11.697,68.09751354034942,-1.915434380753966,-0.7228448674340854,82,0.02252279780805111,0.02256898395717144,1.0047111511230469,-0.6824836134910583,2.0154037475585938,-0.6746653318405151,0.2734023518495624,299.42204454597373,0.0
11.748,68.08426378305894,-1.6288160100633153,-0.0015778301975039773,82,0.021192656829953194,0.008950330317020416,0.9940389394760132,-1.0180928707122803,-0.6457364559173584,1.0398101806640625,0.27595941312226435,299.42204454597373,0.0
11.798,68.12037556588761,-1.6158932928639076,-0.24261051117014668,82,0.02961858920753002,0.008094966411590576,1.0077087879180908,0.26179781556129456,0.30836138129234314,0.9031092524528503,0.27738310479168105,299.42204454597373,0.0
11.849,68.19202076914375,-1.5524603684267755,-0.2375426608091371,82,0.026990987360477448,-0.005063709337264299,1.000587821006775,-0.6007208228111267,0.574303388595581,1.8017348051071167,0.27961247502096986,299.42204454597373,0.0
11.899,68.22807669844192,-1.7739729221040277,-0.25769699897732445,82,0.03511796146631241,-0.00016924404189921916,0.9923855662345886,-2.4575440883636475,-1.547985553741455,1.340315580368042,0.28082069833504514,299.42204454597373,0.0
11.949,68.34947981820785,-2.0569177618670618,-0.3942478335695116,82,0.042723752558231354,-0.020344898104667664,0.9928784370422363,-0.19379973411560059,3.014770984649658,3.233903169631958,0.2828810990521682,299.42204454597373,0.0
12.0,68.38703013154844,-2.157518949228457,-0.9467648587156396,82,0.037209995090961456,-0.019184863194823265,0.996965765953064,-0.7026864886283875,1.8453693389892578,0.28751835227012634,0.284424711112968,285.85183670687655,0.0
12.05,68.41726270032218,-2.2157233528134967,-1.0223412129655185,82,0.03880178928375244,-0.0205688439309597,0.998386025428772,1.1415565013885498,2.6718032360076904,0.7298049926757812,0.2856216426113895,285.85183670687655,0.0
12.101,68.42270034546861,-2.144512587198692,-1.0391088236138117,82,0.0399852953851223,-0.013843241147696972,1.0025185346603394,-0.9927052855491638,1.372910976409912,-0.8231655359268188,0.2866140343022367,285.85183670687655,0.0
12.151,68.42938023797255,-2.1347640666070298,-0.23724857717447254,82,0.030574891716241837,0.013181089423596859,0.993626058101654,-0.33775871992111206,0.6341454982757568,1.4256519079208374,0.2885596701164791,285.85183670687655,0.0
12.201,68.49027250606515,-2.044250830906168,-0.35219046761261713,82,0.03571859747171402,-0.02725047990679741,1.007230281829834,-3.244253396987915,-2.6147029399871826,0.4748817980289459,0.28950935045085624,285.85183670687655,0.0
12.252,68.50214485873914,-2.249380014899708,-0.45349031786608957,82,0.04128929227590561,-0.011940598487854004,0.9853531718254089,-2.884246826171875,-2.261690139770508,1.3592103719711304,0.2907490058293205,285.85183670687655,0.0
12.302,68.48647623995267,-2.2858388656080018,-0.963395424229687,82,0.04034656286239624,-0.02221342734992504,1.0038484334945679,-2.6390774250030518,-1.6012123823165894,-1.7500568628311157,0.29159972901422865,285.85183670687655,0.0
12.353,68.4069307741942,-2.3291644411023356,-0.47944810963849716,82,0.03634990379214287,0.02539331465959549,0.9793861508369446,-1.7407032251358032,-1.6698416471481323,-1.06773042678833,0.2930128495305741,285.85183670687655,0.0
12.403,68.44884012394043,-2.321797897381095,-0.6807117204398839,82,0.041400615125894547,-0.032347120344638824,0.9894055724143982,-0.860966682434082,-1.5011016130447388,0.03568528592586517,0.293578417315533,285.85183670687655,0.0
12.453,68.44751555029636,-2.438151614275991,-1.0044918655185011,82,0.048736102879047394,-0.021997671574354172,0.9776948690414429,-2.6394243240356445,-2.3526737689971924,-0.3247900903224945,0.2943175471691849,285.85183670687655,0.0
12.504,68.45846125145275,-2.600011449247802,-0.608914025404241,82,0.045725252479314804,-0.00507042882964015,0.9974796175956726,0.9189609885215759,-0.27600130438804626,1.2518328428268433,0.2948385723178458,285.85183670687655,0.0
12.554,68.4965159415716,-2.498716525528757,-0.4550460602383285,82,0.03443450108170509,-0.004052374977618456,1.0168843269348145,-0.15246351063251495,1.1269081830978394,2.092559576034546,0.2951427312636312,288.68497487783054,0.0
12.604,68.6092744046698,-2.3324546206293983,-0.24602557821458693,82,0.039384808391332626,0.0021509877406060696,1.0085457563400269,-3.043509006500244,-0.3555775582790375,4.382922172546387,0.29508031515225674,288.68497487783054,0.0
12.654,68.74442129265708,-2.550284997027075,-0.6893053682662754,82,0.051512256264686584,-0.026820620521903038,0.9707918763160706,-0.7877217531204224,0.7536807060241699,3.5849506855010986,0.2955867685249287,288.68497487783054,0.0
12.705,68.87800027391262,-2.7088125736046043,-1.0377809498352257,82,0.048505015671253204,-0.015108377672731876,0.9775170087814331,4.516120910644531,1.0026675462722778,11.744976043701172,0.29608756510544243,288.68497487783054,0.0
12.755,69.1118893241747,-2.7071929801519987,-1.7183794692509842,82,0.04596788436174393,-0.031328026205301285,0.9866805076599121,-0.6471997499465942,-1.5580861568450928,1.484799861907959,0.2964790990304772,288.68497487783054,0.0
12.805,69.0585222447425,-2.737542767765201,-1.6418574407247541,82,0.04997221753001213,-0.013488030061125755,0.9889751076698303,-0.43772369623184204,0.9854177832603455,-2.9202988147735596,0.2963985746090868,288.68497487783054,0.0
12.856,69.01207063317955,-2.6024321548747347,-0.7805196004776658,82,0.04144642502069473,0.00021195612498559058,1.007750391960144,2.3015787601470947,3.8395214080810547,-1.3944483995437622,0.2968385838988658,288.68497487783054,0.0
12.906,69.01398817111037,-2.4135681761047025,0.1486425121025038,82,0.03844444081187248,0.020348360762000084,1.0085285902023315,0.322407066822052,1.652313470840454,1.1744415760040283,0.2974502045915789,288.68497487783054,0.0
12.956,69.06281331927357,-2.4174753164966023,0.2697550813382728,82,0.03789827972650528,0.00016285016317851841,1.0054748058319092,0.3429258167743683,0.43630868196487427,1.9350590705871582,0.29816076754361465,288.68497487783054,0.0
13.007,69.09649174671875,-2.3203489582107766,-0.04031075019420648,82,0.04130351170897484,9.149649849859998e-05,1.011643409729004,-2.553251266479492,-0.8243725895881653,-0.12383067607879639,0.2986891191286334,288.68497487783054,0.0
13.058,69.10067272494469,-2.441454395849623,-0.46144623139660185,82,0.04458852857351303,-0.023356888443231583,0.9923096299171448,-1.3304816484451294,0.1650736927986145,-0.4958927631378174,0.29858090606619997,288.68497487783054,0.0
13.108,69.04636065458297,-2.6136777494880024,-0.4798469452220664,82,0.045528996735811234,0.0030942955054342747,0.9956763982772827,-1.066791296005249,0.8026166558265686,-1.33249032497406,0.29903487578739685,299.1230922835544,0.0
13.158,69.01998050014842,-2.4736038000724903,-0.06813554951091191,82,0.0360005646944046,0.0014489402528852224,0.9899423718452454,-1.4581623077392578,-1.9013893604278564,-0.25221380591392517,0.29942726894818555,299.1230922835544,0.0
13.209,68.93570672718288,-2.555045823604601,-0.7442032807126366,82,0.04938020929694176,-0.021586107090115547,1.0025697946548462,-1.5709866285324097,-1.6578094959259033,-3.238452672958374,0.29950941872739156,299.1230922835544,0.0
13.259,68.90552018355432,-2.6626905610267295,-0.5197316437221502,82,0.05025656893849373,-0.01538684032857418,1.0051342248916626,0.6443055868148804,2.154667615890503,-0.2905685007572174,0.29928425518189494,299.1230922835544,0.0
13.31,68.8439953136937,-2.7648230695441565,-0.31756399892972786,82,0.04808434471487999,0.011131195351481438,0.9795495867729187,-0.26355886459350586,-0.8782088756561279,-1.586637258529663,0.2989153908340411,299.1230922835544,0.0
13.36,68.88302699861097,-2.6925663402692974,0.37139719111778885,82,0.04894883558154106,0.0008945572772063315,0.9732279777526855,1.1005398035049438,-2.1705832481384277,2.3526833057403564,0.2982260563676087,299.1230922835544,0.0
13.411,68.92065642712775,-2.531031537464727,0.12045867432796607,82,0.04187973588705063,0.011073376052081585,1.0059912204742432,4.840938568115234,2.513634443283081,1.3228157758712769,0.2974527302372188,299.1230922835544,0.0
13.461,68.99102972748123,-2.3714768933278374,0.003751293260170419,82,0.04117478057742119,-0.02510068379342556,1.0141346454620361,2.2412636280059814,2.267291307449341,0.006482471711933613,0.29756391935359816,299.1230922835544,0.0
13.511,68.98028998333453,-2.438742733953404,-0.2445772645251658,82,0.04426965489983559,-0.007139311637729406,1.006441354751587,-0.4860904812812805,-0.8261241912841797,-0.1708509922027588,0.2977483371635194,299.1230922835544,0.0
13.562,68.94725561809535,-2.407083044692378,-0.5798738957683951,82,0.041697535663843155,-0.013575321063399315,1.0045405626296997,-1.281216025352478,0.9236989617347717,-1.9628605842590332,0.29824666849008424,299.1230922835544,0.0
13.612,68.86960799261105,-2.43997039021076,-0.21614128128042528,82,0.039001043885946274,0.021200556308031082,1.0030409097671509,-1.0898302793502808,0.8133213520050049,-0.4950605630874634,0.2979151598783617,285.3850445669184,0.0
13.662,68.86716139863277,-2.39830103334572,0.0722537906707889,82,0.04441877081990242,0.00030601627076976,0.977277398109436,0.37965503334999084,1.106720209121704,-0.12300404906272888,0.2976359072119357,285.3850445669184,0.0
13.713,68.8842775990382,-2.375310189647123,0.18882049688096414,82,0.047148555517196655,-0.013408707454800606,1.002386212348938,0.06574049592018127,0.8465320467948914,-0.19685660302639008,0.2985999804732969,285.3850445669184,0.0
13.763,68.86491759307175,-2.389004938204591,-0.02814536915799526,82,0.03646298125386238,0.007750626653432846,1.009768009185791,0.6993336081504822,1.4669110774993896,-0.48552843928337097,0.2997650215176786,285.3850445669184,0.0
13.813,68.85111698126333,-2.3334726719994503,0.17427543705486956,82,0.03814006224274635,0.00480902474373579,0.9994234442710876,-0.12137617915868759,2.1286962032318115,-0.8842647671699524,0.300390762729724,285.3850445669184,0.0
13.864,68.85239826841058,-2.3702319733978814,0.26643974866981257,82,0.04671994224190712,-0.00023953031632117927,0.979347288608551,-0.8744229674339294,-0.4223631024360657,-0.06004359945654869,0.30093743905562464,285.3850445669184,0.0
13.914,68.82668309530492,-2.499768572215542,0.0984483747061256,82,0.045226652175188065,0.007591910194605589,0.9986878037452698,2.4311695098876953,3.4564857482910156,-0.6831177473068237,0.30244165918013305,285.3850445669184,0.0
13.965,68.79071236530379,-2.16736738584304,0.5784634545535722,82,0.02773597650229931,0.026348194107413292,1.014835000038147,-0.009753990918397903,0.6579393744468689,-1.4619516134262085,0.303007765360925,285.3850445669184,0.0
14.015,68.77022355265709,-2.166149103374294,1.053906518248738,82,0.043571121990680695,0.019633807241916656,0.9939497709274292,-2.7529356479644775,-3.132047176361084,0.5703779458999634,0.30410382728845037,285.3850445669184,0.0
14.066,68.79545921813397,-2.454688261199998,0.07502123825885362,82,0.047869764268398285,-0.028074603527784348,0.985535740852356,-1.4175165891647339,-2.6582441329956055,-0.16919374465942383,0.3047705803387103,285.3850445669184,0.0
14.116,68.78257743600882,-2.2989113631987808,0.052922609219093336,82,0.033184025436639786,0.014188350178301334,0.9969457983970642,1.4634120464324951,1.5055590867996216,0.33104246854782104,0.30542520572622384,285.3850445669184,0.0
14.167,68.79904262666241,-2.2740887993433723,0.27280439695053393,82,0.0443013496696949,0.00885177031159401,0.9814125895500183,-0.4030384421348572,-1.3909891843795776,0.378122478723526,0.3054389273715921,282.5969545883304,0.0
14.217,68.77880346906365,-2.5210633091076464,0.3278079954602823,82,0.0458906851708889,0.02471342124044895,1.0088105201721191,1.9525372982025146,1.6589621305465698,-1.0100901126861572,0.3053358561040988,282.5969545883304,0.0
14.267,68.83545599787304,-2.3664764876855613,1.3675102238013173,82,0.033566586673259735,0.041399382054805756,1.0066602230072021,-0.43767035007476807,-1.6298810243606567,3.597093105316162,0.3052832097897235,282.5969545883304,0.0
14.318,68.93218282337959,-2.3743445187821495,0.3725760243967131,82,0.047490838915109634,-0.02249952219426632,0.9852185845375061,-1.9685406684875488,-3.6096231937408447,1.0477626323699951,0.30511001726698195,282.5969545883304,0.0
14.369,68.98431878868345,-2.436296919961399,0.15740716106788308,82,0.04085025191307068,-0.01030326634645462,1.004927396774292,0.8019228577613831,1.5499500036239624,3.5954701900482178,0.3055576112086153,282.5969545883304,0.0
14.419,68.97750062937155,-2.581895536274335,-0.8954756981703603,82,0.04582768306136131,-0.012261014431715012,0.9817588925361633,-1.991957187652588,-2.2668142318725586,-1.6313679218292236,0.305932040438772,282.5969545883304,0.0
14.469,68.9706512542639,-2.6402088210478047,-0.7497803932547448,82,0.04523098096251488,-0.011196844279766083,0.9813289046287537,1.2439274787902832,2.2420012950897217,0.9380019307136536,0.30723268859749847,282.5969545883304,0.0
14.519,68.93719084242983,-2.610359166132253,-0.29768481706386113,82,0.043471191078424454,0.026599762961268425,0.9864339828491211,1.221686601638794,1.9968620538711548,-0.7424383163452148,0.3069928392386847,282.5969545883304,0.0
14.57,69.00876209213475,-2.306757164718471,0.6375245378217117,82,0.03785325959324837,0.010182850994169712,1.0005018711090088,4.390398979187012,3.362349033355713,2.715061902999878,0.3061825023600735,282.5969545883304,0.0
14.62,69.07928014398885,-2.1241729215449805,0.8670862778447591,82,0.03579150512814522,0.009751436300575733,1.0233839750289917,1.3067331314086914,-0.01654810830950737,2.9518182277679443,0.30552329823954727,282.5969545883304,0.0
14.67,69.12887677862018,-2.3116295675799305,0.13701273287248017,82,0.04760456830263138,-0.015875309705734253,1.0086901187896729,-1.1617611646652222,-0.3564428985118866,0.03129182010889053,0.3050255561341053,282.5969545883304,0.0
14.721,69.13469901002185,-2.339295556387512,0.0436626516640498,82,0.038831233978271484,0.011624916456639767,1.0009411573410034,-2.055518388748169,-0.9043514132499695,0.9805624485015869,0.30469039112239277,274.9281594126901,0.0
14.771,69.15169891585101,-2.4172139106056925,-0.010269373845333225,82,0.03970986604690552,0.00938057154417038,0.9873024821281433,-0.8411725163459778,-0.2561565339565277,1.412186622619629,0.3038942414511595,274.9281594126901,0.0
14.821,69.18744784553584,-2.4644669784411146,0.04726428884992689,82,0.04544226825237274,0.0046465215273201466,0.9829213619232178,-0.15463460981845856,-0.7459880709648132,0.617546558380127,0.3033590043249948,274.9281594126901,0.0
14.872,69.21234727816132,-2.3803011993950633,-0.11619410657498602,82,0.03857116773724556,-0.0050279004499316216,0.9974520802497864,0.3609864413738251,-0.6293237209320068,-0.8705706596374512,0.303199135297374,274.9281594126901,0.0
14.922,69.25226705968858,-2.330459530514862,0.43183448921321504,82,0.03998188674449921,0.009089399129152298,1.0049731731414795,-2.3853511810302734,-2.0615627765655518,2.3948094844818115,0.3032976348315228,274.9281594126901,0.0
14.972,69.29834904351279,-2.342189641529292,-0.3217353206055195,82,0.044898733496665955,-0.029489001259207726,0.994282603263855,-2.140267848968506,-1.1541568040847778,0.5365874767303467,0.30268646411158256,274.9281594126901,0.0
15.023,69.29555350526293,-2.4606188624314007,-0.34607560193861703,82,0.041520703583955765,0.015860432758927345,0.9770126938819885,-1.1318690776824951,-2.8868002891540527,1.6996818780899048,0.30204244414091336,274.9281594126901,0.0
15.073,69.3644412726599,-2.6801697312121973,-0.03333985242361614,82,0.0498209148645401,0.012719656340777874,0.9687318801879883,3.2789721488952637,-0.9882084131240845,2.917510747909546,0.3008515625342335,274.9281594126901,0.0
15.124,69.45222755537561,-2.462355396036569,-0.08409914543959106,82,0.03923781216144562,-0.0009449489880353212,1.0058209896087646,1.0121301412582397,-2.284621000289917,1.244378685951233,0.30120485259179924,274.9281594126901,0.0
15.174,69.46195783877128,-2.177149241950508,-0.26150460783298946,82,0.036775171756744385,-0.010726960375905037,1.0064072608947754,0.9196200370788574,-2.3934900760650635,-0.3175327777862549,0.30153110442721703,274.9281594126901,0.0
15.225,69.4534148681437,-2.23872430473398,-0.5027888996949098,82,0.03966813534498215,-0.02328834868967533,1.0081751346588135,0.4077168107032776,-1.0505541563034058,-0.5173838138580322,0.3019604100196174,274.9281594126901,0.0
15.275,69.39216181472399,-2.387859327545137,-0.3402606854746036,82,0.041791073977947235,0.017941735684871674,1.0042117834091187,-0.7908186316490173,-0.5784741044044495,-0.5839544534683228,0.3026608358739885,287.28109589041094,0.0
15.325,69.40643547321905,-2.4473737626356917,-0.4087513084551693,82,0.04081014543771744,-0.0031860526651144028,0.9937103986740112,-1.2735838890075684,-0.9008835554122925,0.7023194432258606,0.30442858635768255,287.28109589041094,0.0
15.376,69.42862004838493,-2.5622280915964533,-0.886297521364181,82,0.04940870404243469,-0.022580265998840332,0.9879424571990967,-0.44128963351249695,-0.6563738584518433,-0.017632141709327698,0.30561219104729165,287.28109589041094,0.0
15.426,69.43294855157741,-2.6986919826370817,-0.7807044802315316,82,0.046903934329748154,-0.008252532221376896,0.9905356168746948,0.7750344276428223,0.9296764731407166,0.20277264714241028,0.3069602720817135,287.28109589041094,0.0
15.476,69.44357122120958,-2.352714275473833,-0.3884629331910716,82,0.03380709886550903,0.0004170894098933786,1.0005189180374146,-0.862551748752594,-0.28658512234687805,0.35216039419174194,0.3075791094771905,287.28109589041094,0.0
15.526,69.47263117030317,-2.300994322957975,0.20602136620289818,82,0.036900851875543594,0.026505600661039352,0.9833924174308777,1.152101755142212,-1.2893861532211304,2.47517991065979,0.308638706763273,287.28109589041094,0.0
15.577,69.5370059899822,-2.5054172162815633,-0.9626176806369128,82,0.050504595041275024,-0.0550626777112484,1.0078539848327637,0.8710659742355347,-0.6784499883651733,0.019764043390750885,0.30903664186607704,287.28109589041094,0.0
15.627,69.52740340113145,-2.5307049568379814,-1.3276018957675437,82,0.04859323427081108,-0.02639019675552845,1.0068601369857788,-0.014090601354837418,-0.4881097674369812,-0.4861055910587311,0.3088037757580482,287.28109589041094,0.0
15.677,69.509926376315,-2.5728511394349396,-1.440989840082362,82,0.04611930251121521,-0.03193878382444382,0.996770977973938,-0.8428844809532166,-0.6431969404220581,-0.7644050121307373,0.30878026391517,287.28109589041094,0.0
15.728,69.43452681097358,-2.599317407940299,-1.6091145834386134,82,0.045436084270477295,-0.02791653946042061,0.9898872375488281,0.9004306197166443,1.5664750337600708,-2.8185975551605225,0.30841971041384175,287.28109589041094,0.0
15.778,69.35230423626383,-2.411531605732004,-0.5812121606365,82,0.03319995105266571,0.016245676204562187,0.9886675477027893,-0.25667962431907654,0.12013242393732071,-0.9521467685699463,0.3078930618558573,285.44331019463726,0.0
15.828,69.31668112584298,-2.187277043446176,-0.30598860474448525,82,0.0335451103746891,0.007144184783101082,1.011698842048645,-0.061069272458553314,-0.4918515384197235,-0.4743849039077759,0.30707764050607855,285.44331019463726,0.0
15.879,69.35077534820294,-2.2859752022506683,-0.25062999610336567,82,0.04882188141345978,-0.01239232812076807,0.9763877391815186,0.8519379496574402,0.9489922523498535,1.0230454206466675,0.3069128279023558,285.44331019463726,0.0
15.929,69.38536455242384,-2.4314666837439747,-0.3413109010906596,82,0.0429065115749836,-0.012482034042477608,0.9999536275863647,-0.22345829010009766,-1.5558005571365356,1.2170658111572266,0.3067620435500034,285.44331019463726,0.0
15.979,69.41864267913398,-2.3782046888898143,-1.0522837982617606,82,0.03746962174773216,-0.031208915635943413,1.01383376121521,1.4832756519317627,0.7020471692085266,-0.029780182987451553,0.306677629410167,285.44331019463726,0.0
16.029,69.39626276112824,-2.378829064105543,-1.1851740155369908,82,0.04358906298875809,-0.014912516809999943,1.024471402168274,-1.8767415285110474,0.17341390252113342,-0.49148377776145935,0.30727492372071036,285.44331019463726,0.0
16.081,69.40031709419625,-2.4605166850130886,-1.1135584211070815,82,0.041705988347530365,-0.038633935153484344,1.0038259029388428,-1.4321597814559937,1.2844771146774292,-0.4866448938846588,0.30802307727680417,285.44331019463726,0.0
16.133,69.34885843056635,-2.37619560975303,-0.5710502751753417,82,0.036589909344911575,0.014963130466639996,0.9799199104309082,1.0300742387771606,1.0025248527526855,0.8474423289299011,0.30854648303494403,285.44331019463726,0.0
16.185,69.3689788164785,-2.3639438154344465,-0.6816827041585398,82,0.04548819363117218,-0.022359341382980347,1.0033371448516846,-0.27233102917671204,-0.030002214014530182,-1.4233437776565552,0.3094075735653192,285.44331019463726,0.0
16.235,69.37269969795942,-2.3277253775442133,0.26206119155901664,82,0.037891026586294174,0.019650159403681755,0.9813121557235718,0.008692826144397259,0.6375266909599304,2.9174602031707764,0.3104048791255664,285.44331019463726,0.0
16.285,69.42493598524398,-2.2997354978230398,0.14776925154160822,82,0.03899981826543808,0.014454065822064877,0.9661839604377747,0.014243414625525475,-2.8538825511932373,0.7272418141365051,0.31195667828588963,285.44331019463726,0.0
16.335,69.5405491238263,-2.3112567253127816,-0.4283137665653125,82,0.04747162014245987,-0.047395285218954086,0.9957283139228821,-0.34057411551475525,-1.3635826110839844,1.2095420360565186,0.3128356330947992,285.4238856753998,0.0
16.386,69.46833801590603,-2.5524143468914553,-1.0438645403059257,82,0.04628634452819824,-0.016006138175725937,1.0123693943023682,1.7786071300506592,1.8025051355361938,-2.590773820877075,0.3143369141464747,285.4238856753998,0.0
16.437,69.41117629476315,-2.3979288856661674,-0.7629800536943687,82,0.03716559335589409,-0.002719422336667776,1.034226894378662,-0.23460957407951355,1.3511428833007812,-1.4999139308929443,0.3153346047608362,285.4238856753998,0.0
16.487,69.35866168108247,-2.5449540840709752,-0.9212087453890714,82,0.05162177234888077,-0.015137160196900368,0.9859496355056763,-2.622131109237671,-2.260125160217285,-2.1197638511657715,0.31704016530205265,285.4238856753998,0.0
16.537,69.39004701094713,-2.425204546256149,-0.7349867847545111,82,0.04061771184206009,-0.04296494275331497,1.007901906967163,1.2244765758514404,1.9894897937774658,1.8700227737426758,0.3179996281719402,285.4238856753998,0.0
16.588,69.34979860694276,-2.329280278312446,-0.912069850100318,82,0.04048024117946625,0.0003579233889468014,0.9766037464141846,-0.18156032264232635,-0.61654132604599,-0.12823790311813354,0.31947042465652786,285.4238856753998,0.0
16.639,69.3637266176219,-2.4451058469157005,-0.7933345823054823,81,0.04123517870903015,-0.01343165896832943,0.9676890969276428,0.9487910866737366,-0.5077997446060181,0.7723329067230225,0.3200606702971733,285.4238856753998,0.0
16.689,69.33143048868378,-2.386005923240052,-1.1569828371136492,81,0.0397258885204792,-0.009616516530513763,1.0046098232269287,0.21803966164588928,0.13817548751831055,-1.3668442964553833,0.3207130689572992,285.4238856753998,0.0
16.739,69.31921188982767,-2.4192253565082487,-0.7378617708136735,81,0.04594646766781807,-0.008601139299571514,0.9964140057563782,0.062131017446517944,-0.17902815341949463,-0.19184650480747223,0.3209989414755552,285.4238856753998,0.0
16.79,69.30208624563856,-2.4214126297510625,-0.5751516042547795,81,0.04144660755991936,-0.004230719991028309,0.9941210746765137,0.16088326275348663,-0.8521523475646973,-0.6859555244445801,0.32121385262412333,285.4238856753998,0.0
16.84,69.31582028947774,-2.3621126539919786,-0.535072677250097,81,0.039277173578739166,-0.01540717575699091,1.016318440437317,-1.7031458616256714,0.11105197668075562,0.03263262286782265,0.32128095716356164,285.4238856753998,0.0
16.89,69.31322861302304,-2.40461809788241,-0.6980707663539067,82,0.04150554537773132,-0.012254669331014156,1.0018900632858276,-0.36921268701553345,0.38991501927375793,0.3481962978839874,0.3202641904230526,285.81287904599657,0.0
16.942,69.31918042220974,-2.43331975084667,-0.6622904907869701,82,0.034913383424282074,-0.00911051593720913,1.002795934677124,0.9145970940589905,1.7021105289459229,0.5539279580116272,0.320029922011133,285.81287904599657,0.0
16.992,69.32477198150973,-2.4915011232278146,-0.8211073122724403,82,0.044241633266210556,-0.016353875398635864,0.9847121238708496,1.4185106754302979,1.8046375513076782,-0.8698829412460327,0.3203581774906774,285.81287904599657,0.0
17.043,69.29909652154386,-2.379781550098306,-0.3627635209005652,82,0.038706518709659576,0.0020462223328649998,0.9862316250801086,0.4276328384876251,1.0325831174850464,-0.30352580547332764,0.32010220089635627,285.81287904599657,0.0
17.093,69.31831410437574,-2.2215899203623026,-0.033677021859463474,82,0.03441862016916275,-0.0005096985260024667,0.9991405606269836,0.7631152272224426,0.09075498580932617,1.5331482887268066,0.31870219803946753,285.81287904599657,0.0
17.143,69.3526259760911,-2.2483746596279652,-0.2577781639778689,82,0.041115086525678635,-0.006657422985881567,0.997249186038971,1.8968483209609985,1.1747175455093384,0.8667401671409607,0.3177244641004965,285.81287904599657,0.0
17.194,69.38322804989338,-2.237404254170333,-0.2795728253792814,82,0.03687864914536476,-0.013727680779993534,0.9961870908737183,0.13580873608589172,0.2513527274131775,0.5201660394668579,0.3162387895699363,285.81287904599657,0.0
17.244,69.37974815256479,-2.234108059653772,-0.5272778342961643,82,0.043396346271038055,-0.007196588441729546,1.0027985572814941,0.06547390669584274,0.43426549434661865,0.13833555579185486,0.3143769017898414,285.81287904599657,0.0
17.295,69.40508459475834,-2.2738699100009665,-0.48511924445259413,82,0.040592264384031296,-0.02035711705684662,1.0019360780715942,-0.3444470763206482,1.4291093349456787,0.39042162895202637,0.31273737173096,285.81287904599657,0.0
17.345,69.37019089514405,-2.2130604359279467,-0.3815116019814098,81,0.03938062861561775,0.004664166364818811,0.9828044772148132,-0.6357008814811707,-0.5355692505836487,-0.8100318908691406,0.31053602907037076,285.81287904599657,0.0
17.396,69.37905280018029,-2.2143411692210435,-0.529686353671636,81,0.04216649755835533,-0.027132682502269745,0.9982905387878418,-0.027124371379613876,0.5664128065109253,-0.6314752697944641,0.30921992089085204,289.5219162007317,0.0
17.446,69.36310143354386,-2.2176962787726895,0.12261530250935514,81,0.03558950126171112,0.01918589510023594,0.9882627725601196,0.7587464451789856,0.7752926349639893,1.2660115957260132,0.3071486748860675,289.5219162007317,0.0
17.496,69.37489237209687,-2.102445029867158,-0.053781587513767076,81,0.03234352171421051,-0.0005085571901872754,0.9980403184890747,-0.03350255265831947,-0.7098011374473572,0.1788291484117508,0.306047378997617,289.5219162007317,0.0
17.547,69.39649666489615,-2.1233165991608307,-0.46456118273156527,81,0.04140381142497063,-0.013929632492363453,0.9988647103309631,0.5102514028549194,0.12139029055833817,-0.25622984766960144,0.30421044866621766,289.5219162007317,0.0
17.597,69.38393624957186,-2.2339312324105998,-0.4738160595866466,82,0.04533141478896141,-0.0056196642108261585,0.9845107197761536,0.850842297077179,0.0062506846152246,-0.7127765417098999,0.3030361775307658,289.5219162007317,0.0
17.647,69.39552952669315,-2.176645507496895,0.014675245227852953,82,0.03501245006918907,0.009289932437241077,1.0161494016647339,2.4679667949676514,1.3469228744506836,1.6023311614990234,0.3009920131439739,289.5219162007317,0.0
17.697,69.40332024107018,-2.078857209711352,-0.28114335055664547,82,0.035534340888261795,-0.0014528378378599882,1.0094188451766968,-0.3302801847457886,0.1286708563566208,-0.7860188484191895,0.29966040835760765,289.5219162007317,0.0
17.748,69.43262180406899,-2.0199764369388826,0.22734091970480996,82,0.034613266587257385,0.011841538362205029,0.9966630339622498,-0.4017127752304077,-0.27292343974113464,1.5056935548782349,0.29881433011576,289.5219162007317,0.0
17.798,69.45103024234695,-2.1260685876091276,-0.14358186388508318,82,0.03605227172374725,-0.00584188848733902,0.9934861660003662,1.1941125392913818,1.862649917602539,0.8255293369293213,0.2987154274061561,289.5219162007317,0.0
17.849,69.42081088365653,-1.9860133805787852,-0.1970601603928244,82,0.028695397078990936,0.01132424920797348,0.9912806153297424,0.09445970505475998,1.4125946760177612,-1.5590122938156128,0.2989700774342073,289.5219162007317,0.0
17.899,69.38973351194086,-1.8417266437297408,-0.006892017115828172,82,0.027585290372371674,0.005431011784821749,1.000894546508789,0.8216429352760315,-0.6658089756965637,-0.6843183040618896,0.29918532567736056,289.5219162007317,0.0
17.949,69.35475126742224,-1.7227894118284395,-0.12199673231408935,82,0.027930496260523796,-0.01736062951385975,1.0046966075897217,1.7959316968917847,0.7107189297676086,-1.6386876106262207,0.29898771116859885,285.61824991487913,0.0
18.0,69.27931580051714,-1.7485619681032754,-0.01032128344806873,82,0.029773300513625145,0.011764117516577244,0.9831368327140808,1.893856167793274,-1.0712639093399048,-2.236497163772583,0.29872781965181916,285.61824991487913,0.0
18.05,69.26686440144768,-1.754490890753357,-0.042214860536731916,82,0.038183003664016724,-0.02219366282224655,0.9901297092437744,3.819607734680176,-0.4741835594177246,-1.1032804250717163,0.29792475850577116,285.61824991487913,0.0
18.101,69.25403691687039,-1.6620774384566774,0.01943338695404906,82,0.027482828125357628,-0.010148425586521626,1.004894733428955,0.021531138569116592,-2.810981273651123,1.451144814491272,0.29697587803328607,285.61824991487913,0.0
18.151,69.26329796787122,-1.7678587912697266,-0.835195788271002,82,0.03113572858273983,-0.02851378545165062,0.984923779964447,0.3536059558391571,-2.595357894897461,-0.6475542783737183,0.2961879045854253,285.61824991487913,0.0
18.202,69.25239990848833,-1.7530335471469292,-0.8839485722620141,82,0.028880877420306206,-0.010470516048371792,1.0100003480911255,-0.12657378613948822,0.27125832438468933,0.024911444634199142,0.29562125730063615,285.61824991487913,0.0
18.252,69.2255573300734,-1.744061051992041,-0.6293094419469788,82,0.027537662535905838,0.011440538801252842,0.9955508708953857,-0.5819422602653503,0.16532345116138458,-0.5132259726524353,0.29506615924669644,285.61824991487913,0.0
18.303,69.25121608063527,-1.7688580632859807,-0.4529312768158779,82,0.03222643584012985,-0.012068462558090687,1.0054219961166382,-1.4827065467834473,-1.3726904392242432,0.49616387486457825,0.29467916262825966,285.61824991487913,0.0
18.353,69.26456251841314,-1.6499118477901142,-0.732276088594897,82,0.023520363494753838,-0.018791310489177704,0.9935926198959351,-0.9161368012428284,-0.021415887400507927,0.7398551106452942,0.2945063388182596,285.61824991487913,0.0
18.404,69.27051344082267,-1.8043931210054698,-1.1043691183398467,82,0.03749683499336243,-0.026521950960159302,0.9721147418022156,-1.3417460918426514,-2.9494211673736572,-0.49669599533081055,0.2945721626943944,285.61824991487913,0.0
18.454,69.26039246937124,-1.905781566529778,-1.0347887374383549,82,0.03405969589948654,-0.01818874478340149,1.012855887413025,0.19256074726581573,-0.5638775825500488,-0.6773079037666321,0.29445729919127095,285.61824991487913,0.0
18.505,69.21302944827241,-1.709993107941916,-0.670222662020805,82,0.02028711885213852,0.0014954062644392252,1.0185956954956055,-0.28940263390541077,1.2754547595977783,-0.7752044796943665,0.29392728225715603,273.4048627859983,0.0
18.555,69.21505755122732,-1.6456384981656065,-0.11010999128294101,82,0.026591219007968903,0.008694358170032501,1.0012561082839966,-2.33804988861084,-0.6326779723167419,0.8951708674430847,0.2936683507640247,273.4048627859983,0.0
18.605,69.23675692709273,-1.8251737009110776,-0.6251756432198281,82,0.030924635007977486,-0.021293986588716507,0.9848299026489258,-0.7899331450462341,-0.0673878863453865,0.3328491449356079,0.29312495244204084,273.4048627859983,0.0
18.656,69.22185788630905,-1.9890254032933352,-1.2278652921614097,82,0.04138080030679703,-0.033917877823114395,0.9663900136947632,-1.1341549158096313,-1.4186067581176758,-1.7582974433898926,0.2929037913736872,273.4048627859983,0.0
18.706,69.23103788371758,-1.8950110050981452,-1.0384468787431442,82,0.037094224244356155,-0.030656777322292328,0.9951664805412292,1.4704046249389648,-1.094730019569397,0.2602761685848236,0.2928943382026201,273.4048627859983,0.0
18.757,69.22340080138875,-1.8949881045053907,-0.8126279159955941,82,0.03450386971235275,-0.01463191770017147,1.024633765220642,-0.8339052200317383,-1.7864336967468262,-0.0433877594769001,0.2931195929897776,273.4048627859983,0.0
18.807,69.20416961668893,-2.034443897083304,-1.01026839895538,82,0.033732302486896515,-0.007783535402268171,1.0190495252609253,0.07142934948205948,2.034646987915039,1.0269323587417603,0.2933942341641752,273.4048627859983,0.0
18.857,69.21236698377196,-1.9283097738963901,-1.24987943158428,82,0.0303229670971632,-0.028898602351546288,1.0086535215377808,-3.4333155155181885,-1.6313802003860474,-1.0531277656555176,0.29377713737826755,273.4048627859983,0.0
18.908,69.17231601840147,-2.169013169085417,-1.6064007280447383,82,0.045220568776130676,-0.02331249974668026,0.9701005816459656,-0.7190167307853699,0.5812613368034363,-1.238665223121643,0.29384079637075916,273.4048627859983,0.0
18.959,69.14956270070998,-2.1120997667721433,-1.4653625459755435,82,0.032857175916433334,-0.0341285839676857,0.9899542331695557,-0.9208053350448608,-0.8894209265708923,-1.9390416145324707,0.29392118717148247,273.4048627859983,0.0
19.01,69.04935610081826,-2.065913721803606,-1.160838586911788,82,0.03124915435910225,0.003334253327921033,1.0064369440078735,-0.3596830368041992,1.5770117044448853,-0.7581546902656555,0.29410366413005545,285.4044637996734,0.0
19.06,69.00556089714179,-2.1737990462489316,-0.8274795279317634,82,0.04285857826471329,0.009387259371578693,0.9816426038742065,-2.6059651374816895,-2.844500780105591,-1.6873489618301392,0.2944530921876658,285.4044637996734,0.0
19.11,69.04450325442673,-2.2854221012089124,-0.42888649368211146,81,0.04279490187764168,-0.011027310974895954,0.9859355092048645,-0.5664077401161194,-1.752232551574707,1.4021885395050049,0.29494891275974355,285.4044637996734,0.0
19.161,69.07373089769386,-2.160491757268405,-1.0328726967830064,81,0.03619222715497017,-0.03812338784337044,0.9881857633590698,-1.674213171005249,-2.2522010803222656,0.09744977951049805,0.296125031021237,285.4044637996734,0.0
19.211,69.07111603120926,-2.212154195127864,-0.8963885973648794,81,0.034663986414670944,-0.001312779844738543,0.9851697087287903,1.623276948928833,-0.779452383518219,1.5041805505752563,0.29685147260946,285.4044637996734,0.0
19.262,69.0603731191349,-2.2826782791038696,-1.3278222150820689,81,0.04173685237765312,-0.015974421054124832,1.0069273710250854,-1.1670771837234497,-3.3916451930999756,-0.9796351790428162,0.29754676623435733,285.4044637996734,0.0
19.312,69.0525975118328,-2.49020221298874,-1.862823893720739,81,0.049436748027801514,-0.04239408299326897,0.991425096988678,2.0425097942352295,-0.06907183676958084,-0.9627640843391418,0.298153841106488,285.4044637996734,0.0
19.362,69.00093857579144,-2.467873277875028,-1.631351092368814,81,0.035927027463912964,-0.015008741989731789,1.0185661315917969,1.8440828323364258,3.648925542831421,-2.19956374168396,0.2980557241605139,285.4044637996734,0.0
19.412,68.99260379649655,-2.0700656049125876,-0.25195095198336503,81,0.0298325102776289,0.0055905906483531,1.0105663537979126,-2.2011187076568604,-0.7742468118667603,0.8608200550079346,0.2979946282298538,285.4044637996734,0.0
19.463,69.07049805465338,-2.1328124746849206,-0.21075301560224918,81,0.039526067674160004,-0.007433205842971802,1.0016478300094604,-1.1601512432098389,-0.9704854488372803,3.6263608932495117,0.29861958283105594,285.4044637996734,0.0
19.513,69.1494805895883,-2.096958588453865,-1.1867761257764988,81,0.03254257142543793,-0.03564257547259331,0.9968396425247192,-2.7374284267425537,-2.0166983604431152,1.1947325468063354,0.2993347510132954,285.4044637996734,0.0
19.564,69.20745285912872,-2.2268827917857816,-1.7012082160875093,81,0.04376954212784767,-0.04653111472725868,0.9920309782028198,-0.9168750047683716,-0.3262333571910858,2.0493078231811523,0.30053349937220086,285.3268027210884,0.0
19.614,69.18443168059179,-2.5566097506367145,-2.488434936932557,82,0.047873351722955704,-0.04102444276213646,0.986510157585144,0.43493810296058655,1.3589377403259277,-1.9653258323669434,0.30158874416126663,285.3268027210884,0.0
19.664,69.11763403536307,-2.5047992092907627,-1.8700941510106515,82,0.043820820748806,-0.014905320480465889,0.9889828562736511,1.3249990940093994,1.0382415056228638,-1.8293430805206299,0.30287534301219005,285.3268027210884,0.0
19.715,69.07874624466989,-2.292615930524125,-1.3627816023227126,82,0.033187538385391235,-0.019026847556233406,1.0113776922225952,-0.15581709146499634,-0.035856589674949646,-1.239906907081604,0.3037416638311419,285.3268027210884,0.0
19.765,69.05791142076671,-2.237361823265107,-0.8939249433837393,82,0.034821219742298126,0.005332171451300383,0.996580183506012,0.26081180572509766,2.1404831409454346,-0.031231900677084923,0.3050268392740165,285.3268027210884,0.0
19.816,69.09266327913244,-2.215290094565775,-0.45317345777172746,82,0.03735563904047012,0.00443979911506176,0.984433650970459,-1.1570271253585815,-0.926167368888855,1.9359029531478882,0.3058083381254729,285.3268027210884,0.0
19.866,69.1866836046109,-2.3034697771422254,-0.6723605996967962,82,0.045136723667383194,-0.025864655151963234,0.98023521900177,2.1560986042022705,0.5078278183937073,2.2834959030151367,0.30675248328542837,285.3268027210884,0.0
19.917,69.25378273296049,-2.329979032522784,-1.2802396106803409,82,0.04282557591795921,-0.04681435972452164,1.005673885345459,0.9667989015579224,0.9831858277320862,-0.1124512180685997,0.30698209288263223,285.3268027210884,0.0
19.967,69.26157251849317,-2.3168674839559,-1.228653072200157,82,0.042683567851781845,-0.014278971590101719,1.005113124847412,0.21819359064102173,0.3300785720348358,0.9925558567047119,0.30704537806267096,285.3268027210884,0.0
20.018,69.31332118266833,-2.2043063486514476,-0.9485545499466818,82,0.03372103348374367,-0.027626313269138336,1.0038503408432007,0.9681670069694519,2.3580286502838135,1.4805042743682861,0.30712415367529333,285.3268027210884,0.0
20.068,69.32624833725143,-2.171030379702545,-1.1375715850905925,82,0.03502413630485535,-0.014377732761204243,0.9893667697906494,0.6240020990371704,1.6287267208099365,0.7234147191047668,0.30708828413335165,285.3268027210884,0.0
20.119,69.33381646126136,-2.1639701617999862,-1.0297768333336212,82,0.03810607269406319,-0.009012696333229542,0.9931241273880005,-0.8086947798728943,-1.4436309337615967,0.30315688252449036,0.30730227667291604,285.8713195201745,0.0
20.169,69.35606059759321,-2.1893108985717165,-1.1746027415679512,82,0.04043957591056824,-0.015608797781169415,0.9910820722579956,1.1109669208526611,-0.6260650157928467,0.5074298977851868,0.307631166776609,285.8713195201745,0.0
20.219,69.36964774789622,-2.0919573240114073,-1.5951464430142914,82,0.03636283800005913,-0.037951864302158356,1.0145224332809448,-0.3674340844154358,-0.6721138954162598,-0.9466633796691895,0.3077581945753531,285.8713195201745,0.0
20.27,69.34791232748002,-2.1957246500805923,-1.6115529940644229,82,0.04640467092394829,-0.030728422105312347,0.9900848865509033,-0.32244256138801575,0.22276291251182556,-1.1118589639663696,0.3080827393716656,285.8713195201745,0.0
20.32,69.33811112197208,-2.2917327344577534,-1.2207899038269143,82,0.039529964327812195,-0.022200005128979683,1.0124876499176025,-0.26762017607688904,0.5547272562980652,-0.24591754376888275,0.30860236024357685,285.8713195201745,0.0
20.371,69.34165820273957,-2.1707949810481364,-1.0294346835147608,82,0.03660348057746887,-0.01927104964852333,0.9896135926246643,-1.7692021131515503,0.262887567281723,0.7045559287071228,0.30884323749468734,285.8713195201745,0.0
20.421,69.35735511078461,-2.2370927438135806,-1.1848942140689074,82,0.0351143404841423,-0.025338992476463318,0.9762564897537231,0.7663761973381042,0.928805947303772,0.37562689185142517,0.30878000071447803,285.8713195201745,0.0
20.471,69.34421956453315,-2.1160710885460183,-1.2272715627085031,82,0.0333636999130249,-0.010891860350966454,0.9852175712585449,1.6312754154205322,1.4400871992111206,0.04235290735960007,0.3089143630465196,285.8713195201745,0.0
20.522,69.32045702792837,-2.0237093239689243,-1.2611116552594206,82,0.037438128143548965,-0.01754450425505638,0.9901935458183289,0.2510492503643036,0.13390317559242249,-1.7382566928863525,0.3092991645213177,285.8713195201745,0.0
20.572,69.32483802563118,-2.055904989094031,-0.9436136823806709,82,0.04178202897310257,-0.024495255202054977,1.001694679260254,0.3526846468448639,0.3652517795562744,0.27570417523384094,0.3097736681326275,285.8713195201745,0.0
20.623,69.32895139286725,-2.111181654167073,-1.1163245702957858,82,0.04066694527864456,-0.0336315743625164,1.0011178255081177,0.6905995607376099,0.6632261276245117,-0.2179308831691742,0.30993639714694105,285.8713195201745,0.0
20.673,69.32825874379493,-2.0147135998072767,-0.8347898954580256,82,0.03450074791908264,-0.007532516028732061,1.0086830854415894,0.3511139750480652,0.46791401505470276,-0.03920648992061615,0.30943484755239636,280.4428991709013,0.0
20.723,69.3275420118885,-1.8712604602678031,-0.4273903676963286,82,0.029160000383853912,-0.0004642800195142627,0.9982404112815857,-0.20646081864833832,0.5774739384651184,0.9119692444801331,0.3086454691067197,280.4428991709013,0.0
20.773,69.36947220766504,-1.9178827437600365,-1.1310097013672415,82,0.03649856522679329,-0.047565121203660965,1.0059821605682373,-0.5736499428749084,0.6913208365440369,0.31606411933898926,0.3081124380559023,280.4428991709013,0.0
20.824,69.33880215784696,-1.949765864827551,-1.3659288849634146,82,0.030588682740926743,-0.017510605975985527,1.0039838552474976,-0.2036636769771576,2.9344797134399414,-1.1880158185958862,0.30715342123965617,280.4428991709013,0.0
20.874,69.30369640525473,-1.9564626988215825,-0.41864945395306724,82,0.03605532646179199,0.016422681510448456,0.9680018424987793,0.345276415348053,0.4431115984916687,-0.03962663188576698,0.3069593901834242,280.4428991709013,0.0
20.924,69.37262416544013,-1.7318830800738425,0.11404086346946726,82,0.023978466168045998,-0.00574201624840498,1.0072376728057861,-0.630147397518158,-2.000873565673828,1.3734729290008545,0.3067953275383878,280.4428991709013,0.0
20.974,69.44488368176116,-1.661995466735698,-0.014014202734437327,82,0.02991798333823681,0.0032655862160027027,0.9973443746566772,2.022505760192871,-0.9720187187194824,3.574445962905884,0.30700901966719724,280.4428991709013,0.0
21.025,69.56408191178237,-1.7329496465460703,-0.6130850243148908,82,0.03328557312488556,-0.03176425024867058,1.0010930299758911,3.199193000793457,-0.8796905875205994,2.7291808128356934,0.30772219571357673,280.4428991709013,0.0
21.075,69.62604494222559,-1.4899762255567388,-0.7848536865229241,82,0.022573841735720634,-0.009944289922714233,1.0210076570510864,1.57340407371521,-0.22427386045455933,2.32136607170105,0.30783856546818433,280.4428991709013,0.0
21.125,69.63452762360797,-1.5600086998512992,-1.0440777465340891,82,0.025759026408195496,-0.009789691306650639,0.994731605052948,0.75862717628479,-0.043719422072172165,0.5670621395111084,0.3078878510511873,280.4428991709013,0.0
21.176,69.63170505693357,-1.699073984478052,-1.0438366413444118,82,0.030114948749542236,-0.020400626584887505,1.0143531560897827,-0.36948078870773315,-0.2970743179321289,-0.9792871475219727,0.3082831262606028,285.94927733842377,0.0
21.226,69.6201027102892,-1.6349492226322682,-0.9915238326995821,82,0.02677098847925663,-0.021130094304680824,1.0018659830093384,-1.212613821029663,0.715495228767395,-0.2861819863319397,0.3085423695340586,285.94927733842377,0.0
21.276,69.61443425629065,-1.7390389402551323,-0.6610568103561788,82,0.03128731623291969,-0.0133355762809515,0.989680826663971,-1.6240630149841309,-0.3102419674396515,0.8817773461341858,0.30861654435436964,285.94927733842377,0.0
21.327,69.61262341273917,-1.9245177219703484,-1.0972758055900795,82,0.04126875475049019,-0.02378583326935768,0.9775522351264954,0.8540012240409851,0.14757663011550903,-0.5790614485740662,0.30858798693828104,285.94927733842377,0.0
21.377,69.65084547693857,-1.7268001921623897,-0.6452606015306401,82,0.02905595675110817,-0.02754107117652893,0.988506019115448,1.1482152938842773,0.11744693666696548,1.2590569257736206,0.3090391054487142,285.94927733842377,0.0
21.428,69.64682690062192,-1.7387906308719472,-0.5712511787329043,82,0.027907604351639748,0.0015885254833847284,1.008350133895874,0.73417067527771,0.06435441970825195,1.1161781549453735,0.30921782512679113,285.94927733842377,0.0
21.478,69.64648828947931,-1.8659891881864294,-1.0994453790145955,82,0.03879263997077942,-0.007468266412615776,0.9950847029685974,0.3190949857234955,-1.1039936542510986,-1.9562253952026367,0.3092225576073838,285.94927733842377,0.0
21.529,69.66962887561087,-1.9679905971900964,-0.969778937396777,82,0.03739827498793602,-0.03296470269560814,0.9913570284843445,1.3904844522476196,0.094034343957901,0.19616961479187012,0.30906176158082743,285.94927733842377,0.0
21.579,69.63964343453544,-1.8884546169356435,-1.3967092367432536,82,0.030003158375620842,-0.04504401981830597,1.000450849533081,-0.10378279536962509,0.6607660055160522,-1.3756853342056274,0.3091035350717582,285.94927733842377,0.0
21.63,69.5686375436152,-1.7243470208249312,-0.9276976234004012,82,0.025043422356247902,0.002521711401641369,0.9977832436561584,-0.441680908203125,0.3336709141731262,-1.592441201210022,0.30932856060033476,285.94927733842377,0.0
21.68,69.55813980366105,-1.6219776542031583,-0.16271894968047734,82,0.028042182326316833,0.00763553474098444,0.9897447824478149,-1.236975073814392,-1.2011442184448242,1.0690819025039673,0.30960274259418297,285.94927733842377,0.0
21.73,69.5720310816443,-1.6783744117182378,-0.3851281652115234,82,0.029853448271751404,-0.005685506854206324,0.9809393882751465,0.5813071727752686,-0.44135910272598267,0.09429354220628738,0.309640105653853,275.99552543265116,0.0
21.781,69.63757448282418,-1.4461650577130234,-0.7685523359555657,82,0.01926378533244133,-0.04277852550148964,1.021941900253296,0.02659563347697258,-2.386657953262329,2.195183277130127,0.3098376235032987,275.99552543265116,0.0
21.831,69.63390858031592,-1.6906453825669037,-1.9332752433046079,82,0.03609038516879082,-0.04383083060383797,1.007588505744934,-1.1826082468032837,-1.2877702713012695,-0.30345115065574646,0.3101310776785614,275.99552543265116,0.0
21.882,69.57696703570548,-1.8327300826461685,-2.484488883981137,81,0.027526890859007835,-0.03936836123466492,0.9989525675773621,-0.35243716835975647,2.0267295837402344,-2.907139539718628,0.3106290786772739,275.99552543265116,0.0
21.933,69.50840890024631,-1.62151605020151,-1.514107697675027,81,0.03272804245352745,-0.012396267615258694,0.9744752645492554,1.1725713014602661,0.35249319672584534,-1.3288702964782715,0.31075754695373065,275.99552543265116,0.0
21.983,69.46160909579397,-1.547627115896101,-0.9400108513125605,81,0.024813856929540634,-0.00681623350828886,1.0056830644607544,0.3239009976387024,-1.0172548294067383,-0.3075081408023834,0.31089519649251524,275.99552543265116,0.0
22.034,69.43013165472784,-1.6250446029585521,-1.0980798796909514,81,0.030969325453042984,-0.016727996990084648,0.9991512298583984,-0.016499605029821396,-0.6988757252693176,-1.7782999277114868,0.31109005299186593,275.99552543265116,0.0
22.084,69.37681748657495,-1.5576002230463653,-0.5675543150778152,81,0.025019625201821327,0.006104886531829834,1.0077111721038818,-0.10189749300479889,0.17345203459262848,-0.5320727229118347,0.31130457074300505,275.99552543265116,0.0
22.134,69.34112213435681,-1.6067705699646826,-0.3199452786532233,82,0.02715960144996643,0.013513547368347645,1.0072880983352661,-0.19343777000904083,2.0783321857452393,-0.39580363035202026,0.31179702982623836,275.99552543265116,0.0
22.184,69.35790933871996,-1.5588754905695912,0.20185172049504876,82,0.02800440602004528,0.0005006520077586174,0.999568521976471,-0.6305886507034302,0.6154333353042603,0.1546180546283722,0.3125515859461501,275.99552543265116,0.0
22.234,69.45928428298329,-1.527907156458287,-0.03413493247783293,82,0.02708173543214798,-0.03181727975606918,1.003744125366211,-1.4467803239822388,-0.28931427001953125,2.5287773609161377,0.31302288691151053,275.99552543265116,0.0
22.285,69.52866356685296,-1.63634228496129,-0.48217662104448056,82,0.03249504417181015,-0.019103284925222397,0.9871701598167419,0.11338749527931213,1.1334246397018433,3.494185447692871,0.31314163732060907,285.55991285403053,0.0
22.335,69.58771018391853,-1.6834217580907698,-0.8866508069598148,82,0.02732694149017334,-0.023905888199806213,0.989845335483551,0.11948972195386887,0.014729948714375496,1.2282989025115967,0.3129803068623363,285.55991285403053,0.0
22.386,69.64067885859333,-1.6579233293427256,-1.1162824332501073,82,0.03170682117342949,-0.02293246053159237,0.9828123450279236,-0.31396931409835815,-1.4276142120361328,0.7320091724395752,0.3123236153615662,285.55991285403053,0.0
22.436,69.63919950805577,-1.6916176293673288,-1.2493429919532084,82,0.028015827760100365,-0.026181576773524284,1.0129294395446777,0.7840360403060913,1.2674477100372314,-0.5031291842460632,0.31187649666129746,285.55991285403053,0.0
22.486,69.58361038642222,-1.6682066864892262,-1.0050593494398379,82,0.029862042516469955,-0.0014614255633205175,1.0187852382659912,-1.4962821006774902,-0.17664332687854767,-1.4824951887130737,0.3106932692839437,285.55991285403053,0.0
22.537,69.59378158079944,-1.846344533155674,-0.6390340206722266,82,0.036667514592409134,-0.013187729753553867,0.9959043860435486,-2.637712001800537,-2.208934783935547,0.15642103552818298,0.3095670183129052,285.55991285403053,0.0
22.587,69.63235847253496,-1.8719480986955208,-0.5680840949568339,82,0.030863026157021523,-0.02175886370241642,1.0015250444412231,-1.2185715436935425,-1.499839186668396,1.2831932306289673,0.3081912585656106,285.55991285403053,0.0
22.637,69.66619333216478,-1.8641212054700498,-1.3043647241589458,82,0.03797795623540878,-0.04951666668057442,0.9915448427200317,-2.763310670852661,-3.7973287105560303,0.13979701697826385,0.30744449347419284,285.55991285403053,0.0
22.688,69.61738265061825,-2.0794540880483403,-1.8984109181756041,82,0.036928221583366394,-0.03699188306927681,0.9855884909629822,1.2210434675216675,2.3682305812835693,-2.526198148727417,0.3060088906532791,285.55991285403053,0.0
22.738,69.52212796150137,-1.8451171840981648,-0.8317508110530366,82,0.02706058695912361,0.014879140071570873,0.9928703308105469,0.883410632610321,2.450627326965332,-1.4377824068069458,0.3048823883957119,285.55991285403053,0.0
22.788,69.50558575076046,-1.6625797873455839,-0.20180864804057905,82,0.02707146294414997,0.004113170318305492,1.0176417827606201,-0.8839554190635681,0.9817964434623718,0.1612222045660019,0.30392782774570054,272.90676036176717,0.0
22.838,69.52383278069651,-1.651352554553787,-0.4182384497324822,82,0.028448939323425293,-0.010377376340329647,1.0063495635986328,-1.8220239877700806,-0.41430994868278503,-0.11625131964683533,0.3030269285762767,272.90676036176717,0.0
22.889,69.4976038352529,-1.9050248513328343,-0.8375357151962589,82,0.040689896792173386,-0.018954554572701454,0.9860407114028931,-2.792755126953125,0.2665272057056427,-1.57170569896698,0.3019629905963206,272.90676036176717,0.0
22.945,69.49892089615072,-2.0476484433831197,-0.7537078119893187,82,0.042267490178346634,-0.011003808118402958,0.9830244779586792,-1.3933590650558472,0.00044685028842650354,0.2627098560333252,0.30145466216103356,272.90676036176717,0.0
22.996,69.51734232646807,-2.118953434696502,-0.7187346787143376,82,0.037486422806978226,-0.015266099013388157,0.9812160134315491,0.17023445665836334,0.19858774542808533,0.7326136231422424,0.3014672953556566,272.90676036176717,0.0
23.047,69.53513870772684,-2.007203039010508,-0.9038018760591846,82,0.03148134797811508,-0.016344817355275154,0.9906637072563171,1.4585458040237427,-0.015509027987718582,0.9179197549819946,0.3016947282967069,272.90676036176717,0.0
23.097,69.57132917445466,-1.988808944793517,-1.0395667377820477,81,0.03478095680475235,-0.020903179422020912,1.0049933195114136,1.0349518060684204,0.06476422399282455,1.5338956117630005,0.3022538024266424,272.90676036176717,0.0
23.147,69.57610745444431,-1.9430846321839015,-0.7739371281545457,81,0.03542676568031311,-0.013609143905341625,1.0036684274673462,-2.0321927070617676,-1.7598307132720947,0.8399744033813477,0.3026299825986804,272.90676036176717,0.0
23.198,69.60662143671948,-2.0922981236687845,-0.9628871425230665,81,0.037965115159749985,-0.024832691997289658,1.0003137588500977,0.7311612367630005,1.082183837890625,1.4499846696853638,0.3031096286344231,272.90676036176717,0.0
23.248,69.60826176946438,-1.9999129493198302,-1.108764767695029,81,0.03154035285115242,-0.012285436503589153,0.9976636171340942,-1.8708134889602661,-0.1922270804643631,-0.8078675866127014,0.3032793539151135,272.90676036176717,0.0
23.298,69.61852854990978,-1.9049575464891493,-0.4451921464440006,81,0.026406968012452126,0.00038278792635537684,0.9938386678695679,1.0049617290496826,1.620222568511963,1.6833513975143433,0.30338817736506557,272.90676036176717,0.0
23.349,69.65317667761887,-1.8724898836636061,-0.33813019494831775,82,0.03277067840099335,0.015408022329211235,1.006807804107666,0.43666979670524597,0.49676313996315,1.8024383783340454,0.3038083743261786,286.24199822561934,0.0
23.399,69.73449147956363,-2.0212805243883265,-1.0613284777185623,82,0.04400696977972984,-0.05491611361503601,0.9994503259658813,-2.0793509483337402,-1.3258386850357056,-0.07760027796030045,0.3041361153331095,286.24199822561934,0.0
23.449,69.7256513279644,-2.2375675666286976,-1.298291909218313,82,0.031001685187220573,-0.013810764998197556,1.011160969734192,1.3044413328170776,2.0988028049468994,0.14455853402614594,0.3043320558568062,286.24199822561934,0.0
23.5,69.69252337039947,-2.109512039136507,-1.2028636713814704,82,0.03780289739370346,-0.010631992481648922,0.9732660055160522,-1.86703360080719,-1.5272374153137207,-1.7145804166793823,0.3044092582664929,286.24199822561934,0.0
23.55,69.68658888371787,-2.045275362065838,-0.379305791049021,82,0.03241961821913719,0.007937192916870117,0.987819254398346,1.2411803007125854,0.163360133767128,0.43895673751831055,0.3044827242624722,286.24199822561934,0.0
23.6,69.70576557020651,-1.9187560966713062,0.025520611925118654,81,0.025273991748690605,0.0011997295077890158,1.001514196395874,2.5729148387908936,1.5439950227737427,1.5669876337051392,0.3049659557623782,286.24199822561934,0.0
23.651,69.7224554520432,-1.9205951965544024,-0.40101376210516193,81,0.038441531360149384,-0.01243048720061779,1.0038471221923828,-1.3223328590393066,-1.316372275352478,0.3332079350948334,0.30535073552494124,286.24199822561934,0.0
23.701,69.72049288863373,-2.1372759242700607,-1.0328267374149127,81,0.043600913137197495,-0.02742857299745083,0.9991671442985535,0.6480040550231934,0.9002959132194519,-0.714591920375824,0.305577703021549,286.24199822561934,0.0
23.751,69.68697619138527,-2.222333245343476,-1.0386302911217278,81,0.040953464806079865,-0.023274168372154236,0.9904910326004028,0.48811107873916626,1.3118568658828735,-1.1317206621170044,0.30554757314309794,286.24199822561934,0.0
23.801,69.64855269191003,-2.0354919491903485,-0.660089333145612,81,0.033983264118433,0.007376295514404774,0.9947092533111572,2.064922332763672,1.4573224782943726,-0.027482053264975548,0.3051960186925194,286.24199822561934,0.0
23.852,69.6725459129601,-1.9867432673785077,-0.11907703779412182,82,0.033723704516887665,-0.003966931253671646,0.9955411553382874,2.258584976196289,1.9383721351623535,1.2691179513931274,0.30471512588136496,286.24199822561934,0.0
23.902,69.73035790065633,-1.9433057524908623,0.11568363592505017,82,0.03477506712079048,0.003266445128247142,0.9902961850166321,-0.5897343754768372,-2.7086029052734375,1.6050891876220703,0.3038737848042193,278.5062416998672,0.0
23.952,69.7848961559716,-1.8242130476945873,-0.8450466870846407,82,0.02955005317926407,-0.04038459435105324,1.0224874019622803,-1.0097053050994873,-1.2496564388275146,-0.17886096239089966,0.3033924152252526,278.5062416998672,0.0
24.003,69.75312723892735,-1.9503755368996831,-0.9002625310941803,82,0.03746708482503891,-0.008075393736362457,0.9951620101928711,0.41856011748313904,1.2411922216415405,-1.2210478782653809,0.30353648913820314,278.5062416998672,0.0
24.053,69.73175862838423,-1.8222426971994834,-0.1404553895269725,82,0.029614096507430077,0.010326437652111053,1.0003793239593506,0.4192247688770294,1.163533091545105,0.0023987996391952038,0.3039458845210275,278.5062416998672,0.0
24.103,69.75882571717375,-1.7524099135638411,0.12745172143579087,82,0.028552221134305,-0.00048764151870273054,0.9920956492424011,0.7018282413482666,0.9791736602783203,1.71721351146698,0.3046013998200083,278.5062416998672,0.0
24.153,69.81151171354836,-1.6859274983597805,-0.1483482676521931,82,0.027239371091127396,-0.011588577181100845,0.9887976050376892,-1.634016513824463,-1.1050094366073608,0.6675183773040771,0.30492298297173626,278.5062416998672,0.0
24.204,69.85376544588134,-1.7109032799161263,-0.4492102229796882,82,0.03200029209256172,-0.01735047623515129,0.9880241751670837,2.611921548843384,0.4873591661453247,1.395808219909668,0.30555424096255207,278.5062416998672,0.0
24.254,69.85295944892339,-1.822614306295823,-0.892992185568482,82,0.03351869061589241,-0.018763365224003792,0.9976973533630371,0.1117159053683281,-1.867362141609192,-0.804405927658081,0.30612993591978555,278.5062416998672,0.0
24.304,69.82679017214342,-1.5710034621209354,-0.8767301792502057,82,0.01983303390443325,-0.011560502462089062,1.01800537109375,0.5885169506072998,-0.20245957374572754,-1.4037790298461914,0.30628178021365066,278.5062416998672,0.0
24.355,69.78512881349677,-1.5299534672839394,-0.5275990799790742,82,0.027416741475462914,0.005830231122672558,1.005990743637085,-0.597004234790802,-1.1122833490371704,-0.45016515254974365,0.3061829005590828,278.5062416998672,0.0
24.405,69.77479008856334,-1.6943939655747315,-0.5748386728944476,82,0.03260824829339981,-0.006311932113021612,0.9894742965698242,-1.2726255655288696,-2.2712738513946533,-0.7957168817520142,0.3060465526978353,261.93118091550616,0.0
24.455,69.76926993383009,-1.724816761789193,-0.6715369263033416,82,0.029274411499500275,-0.018292495980858803,0.9799139499664307,1.3561679124832153,0.09682942926883698,-0.46210893988609314,0.3057038267173673,261.93118091550616,0.0
24.506,69.76199954627616,-1.5505303660670675,-0.688210440176832,82,0.026950234547257423,-0.01280856691300869,1.0161718130111694,0.4420988857746124,-0.14560936391353607,-0.36503204703330994,0.3048986025503559,261.93118091550616,0.0
24.556,69.75033955160278,-1.6148720617710635,-0.5274167321336085,82,0.029561173170804977,-0.0008384102839045227,1.002721905708313,0.12974300980567932,-0.17998406291007996,0.3214629590511322,0.30425483906333123,261.93118091550616,0.0
24.607,69.78277646172408,-1.6065094638233248,-0.6644238230715723,82,0.02625098265707493,-0.02406536228954792,1.0001697540283203,-0.5748465061187744,-0.0679769217967987,-0.26997292041778564,0.3042018838024674,261.93118091550616,0.0
24.657,69.76963513937761,-1.610893008628533,-0.761881849854419,82,0.03121885471045971,-0.017464183270931244,0.9885400533676147,0.2143385112285614,0.8993958234786987,0.03302721306681633,0.3038762753693586,261.93118091550616,0.0
24.707,69.7598993833423,-1.5569675965930452,-0.3813219665990186,82,0.023706968873739243,0.0019100590143352747,0.9941257834434509,0.026918752118945122,0.12162863463163376,0.2129002958536148,0.30343246319240996,261.93118091550616,0.0
24.758,69.76138712758389,-1.5394665869102304,-0.19337129573221923,82,0.021558182314038277,-0.0029621561989188194,1.003207802772522,0.36617931723594666,0.36808353662490845,0.818457305431366,0.3027426520773349,261.93118091550616,0.0
24.808,69.77472109903289,-1.5355347166883047,-0.25615037688191394,82,0.02727522887289524,0.0034842791501432657,0.9916332364082336,0.483615517616272,0.4020930528640747,0.5316868424415588,0.3028328859913005,261.93118091550616,0.0
24.858,69.79138827409876,-1.3992384556937432,-0.3383973582665864,81,0.02144262008368969,-0.006352483294904232,0.9964277744293213,0.8224808573722839,1.4193614721298218,0.34193697571754456,0.3030005905489458,261.93118091550616,0.0
24.909,69.81690758915852,-1.4469513455702196,-0.07270241823448514,81,0.026766372844576836,-0.0016274930676445365,1.0058908462524414,1.0832346677780151,1.5898888111114502,1.4807777404785156,0.3030447682795981,261.93118091550616,0.0
24.959,69.86415264239551,-1.58862127334178,-0.7745909155579445,81,0.02865307219326496,-0.03033760003745556,0.99358069896698,0.8982521891593933,0.6765845417976379,-0.3476339280605316,0.3031345910977303,285.46273735792556,0.0
25.009,69.8400795471324,-1.3580111023058647,-0.7857761342059237,81,0.020831549540162086,-0.011439246125519276,1.0155390501022339,0.2403007596731186,0.9311484098434448,-1.7190382480621338,0.30310965548133534,285.46273735792556,0.0
25.06,69.8146980496041,-1.304351883169326,0.09790846919095364,81,0.02447197027504444,0.010480176657438278,0.9931535720825195,-1.520261526107788,-0.8512327671051025,1.083807349205017,0.30235296074250156,285.46273735792556,0.0
25.11,69.81547685911534,-1.5531912868000883,-0.026949224450717388,82,0.02976769395172596,0.007924742996692657,0.979726254940033,-0.06668803840875626,-1.747286319732666,0.513872504234314,0.3016795153866014,285.46273735792556,0.0
25.16,69.865512000886,-1.4781692810105258,-0.37124125215887827,82,0.02098321169614792,-0.022620368748903275,1.0070724487304688,-0.2068149298429489,-1.312126874923706,0.355466365814209,0.3006652261641623,285.46273735792556,0.0
25.211,69.86028389822593,-1.4465344425432065,-0.81489816516319,82,0.031918033957481384,-0.013301757164299488,0.9779672026634216,0.41618281602859497,-1.1441951990127563,-0.31760063767433167,0.300319394793544,285.46273735792556,0.0
25.261,69.86145881408731,-1.5071231619367587,-0.6343508450894838,82,0.025136008858680725,-0.015191436745226383,1.0119589567184448,1.4599850177764893,0.9388735294342041,-0.4418426752090454,0.30072287831377975,285.46273735792556,0.0
25.312,69.83025111917138,-1.3763885418572788,-0.42416663150495193,82,0.019724342972040176,0.004013938829302788,1.0127794742584229,0.0693984404206276,-0.12736982107162476,-0.1716836541891098,0.3011669205668981,285.46273735792556,0.0
25.362,69.83054464335868,-1.3958190338137426,-0.04752312079714506,82,0.023700332269072533,-0.0005041480762884021,1.004775881767273,-1.1526702642440796,-0.646166980266571,0.3468090295791626,0.30146921754392897,285.46273735792556,0.0
25.412,69.8411013601915,-1.5098641278986271,-0.5513777129689694,82,0.026375820860266685,-0.02371904067695141,1.005040168762207,-1.1392499208450317,0.2443142682313919,-0.34311380982398987,0.3015548330843824,285.46273735792556,0.0
25.462,69.82071652893472,-1.505526472901325,-0.8014033346768547,82,0.02782566100358963,-0.015584470704197884,0.981628954410553,-0.11427523195743561,1.0867116451263428,-0.7081875801086426,0.30148710583694716,285.46273735792556,0.0
25.513,69.78905377077933,-1.5696675741406625,-0.6245844795701077,82,0.02779943309724331,0.0003437248233240098,0.9772109985351562,1.0537651777267456,1.333788514137268,-1.0349936485290527,0.3016476423781347,276.9065821614841,0.0
25.564,69.7772616844271,-1.3356546479221199,0.2352470353656254,82,0.015304658561944962,0.017111632972955704,1.0057015419006348,0.4634295403957367,0.07081665098667145,0.5544643998146057,0.302113434568942,276.9065821614841,0.0
25.614,69.81708985665597,-1.2668678509518052,0.10543291659088952,82,0.02411683462560177,-0.003265228122472763,0.9991444945335388,-0.5903504490852356,-1.522033452987671,1.5069594383239746,0.30294165534150175,276.9065821614841,0.0
25.664,69.84164342659196,-1.4952288781628957,-0.5941355614229461,82,0.0304268691688776,-0.020370718091726303,0.9970142841339111,-0.4860284924507141,-0.18428145349025726,0.08717597275972366,0.3036726630050162,276.9065821614841,0.0
25.715,69.8453204963312,-1.5690949513672594,-0.9342665801754293,82,0.02944270707666874,-0.023328233510255814,0.9907174110412598,-0.5957528948783875,0.05515094846487045,-1.3306905031204224,0.30532205099651516,276.9065821614841,0.0
25.765,69.82227068975432,-1.5017768629414174,-0.906783093597291,82,0.026813175529241562,-0.021147452294826508,0.9917374849319458,0.022602153941988945,0.22442303597927094,-0.89454585313797,0.30637961121435414,276.9065821614841,0.0
25.816,69.79059494726623,-1.40317617366553,-0.5380052345727988,82,0.0219789557158947,-0.005871330853551626,0.9966613054275513,2.043231248855591,1.509890079498291,-0.5526881814002991,0.3073374953268958,276.9065821614841,0.0
25.866,69.75834018757438,-1.2330362734489673,-0.37836996226271924,82,0.020009487867355347,0.006540440488606691,1.0031449794769287,-0.262881875038147,-0.3406496047973633,-1.2587008476257324,0.30772661734887663,276.9065821614841,0.0
25.916,69.7732706873574,-1.2093805715199115,0.25969195861475736,82,0.018899573013186455,0.01017890963703394,1.0079755783081055,-0.48741263151168823,-0.9223134517669678,1.288686990737915,0.30816973837794637,276.9065821614841,0.0
25.967,69.83090988812327,-1.2054444964430933,-0.09254596740453812,82,0.018483756110072136,-0.015804478898644447,0.9919203519821167,-0.4230863153934479,-1.1103646755218506,1.6713570356369019,0.3083337586899738,276.9065821614841,0.0
26.017,69.84975654307613,-1.226519107872237,-0.6496796193401914,82,0.022467592731118202,-0.01100884284824133,0.9930880665779114,-0.6778497695922852,-0.0972723513841629,-0.17516323924064636,0.3085726357832086,285.1909974841912,0.0
26.067,69.85563865129491,-1.3716179362499976,-0.137676044043858,82,0.03557931259274483,0.004035952500998974,0.9797058701515198,-0.33258771896362305,-2.0450267791748047,0.757579505443573,0.3089494267957893,285.1909974841912,0.0
26.118,69.89920051865433,-1.6426641931824826,-0.6433046686701613,81,0.03632146120071411,-0.03015507198870182,1.0138911008834839,1.7081642150878906,0.9740086793899536,0.5020225048065186,0.30935201651983657,285.1909974841912,0.0
26.168,69.88652295428317,-1.4403808732435628,-0.9957828454777911,81,0.01864812895655632,-0.02457578293979168,1.03065824508667,-0.7248905897140503,2.0269782543182373,-0.2702518403530121,0.30949165235529436,285.1909974841912,0.0
26.218,69.85623316621154,-1.3476887764009151,-0.693669412598565,81,0.01988939568400383,-0.004350295756012201,1.0055392980575562,-1.7022879123687744,0.9456008076667786,-0.12765781581401825,0.3097654619061097,285.1909974841912,0.0
26.269,69.84137640365114,-1.4664008721710506,-0.4934394452496979,81,0.026666386052966118,-0.004000375512987375,0.9789725542068481,-2.242616653442383,-0.06255904585123062,-0.6898045539855957,0.30981898631378885,285.1909974841912,0.0
26.319,69.86562322751047,-1.4065509171237136,-0.04767338437612672,81,0.018781524151563644,0.005200132727622986,0.9903362989425659,-0.9636069536209106,-0.526430070400238,1.2330703735351562,0.30969316894637755,285.1909974841912,0.0
26.37,69.8795542333966,-1.4509644357661435,-0.37342959673203846,82,0.027787351980805397,-0.010180111043155193,0.9804152250289917,0.40065109729766846,0.544461190700531,0.3316400647163391,0.30964696324135726,285.1909974841912,0.0
26.42,69.89043019741216,-1.428356793415949,-0.36620695935658437,82,0.026391295716166496,0.00016790276276879013,0.9893131852149963,0.0621398463845253,-1.6621977090835571,-0.41468924283981323,0.3090537141432553,285.1909974841912,0.0
26.47,69.91654455093285,-1.274071271924922,-0.011678695404900043,82,0.023295240476727486,-0.010949214920401573,1.0127112865447998,1.0813140869140625,-1.446158528327942,0.5962356925010681,0.308419356735902,285.1909974841912,0.0
26.52,69.89238529427962,-1.3547406340112762,0.2878177859600283,82,0.023918868973851204,0.019811391830444336,1.0160880088806152,-1.4808292388916016,-0.37479668855667114,2.9474844932556152,0.30764437698583796,285.1909974841912,0.0
26.571,69.95871956857964,-1.6032651760202892,-0.5584621052066834,82,0.032780297100543976,-0.03451905772089958,1.0028514862060547,-0.7425093054771423,-0.20244388282299042,0.6575886011123657,0.3073519647528124,285.11345251852356,0.0
26.621,69.91496386830222,-1.6401384746446104,-1.4443260603878716,82,0.026852170005440712,-0.02351418510079384,1.0042104721069336,-0.7350131273269653,1.3325601816177368,-2.6194963455200195,0.3074590477602348,285.11345251852356,0.0
26.671,69.87425595216706,-1.6181862348568328,-0.9713834367402242,82,0.026541730388998985,-0.01349604595452547,0.9942874312400818,0.02402558922767639,0.14843715727329254,-0.6311206221580505,0.30774090494187545,285.11345251852356,0.0
26.722,69.84861663392088,-1.6013415125229942,-0.8556259803792774,82,0.027438394725322723,-0.01602785289287567,1.0011873245239258,-1.6667120456695557,-2.125556468963623,-0.803040087223053,0.3082889657034804,285.11345251852356,0.0
26.773,69.83889050072251,-1.4743854870307804,-0.863899011596866,82,0.02427052892744541,-0.016781894490122795,1.0006647109985352,-1.3193154335021973,-2.2351279258728027,-0.08769191801548004,0.30881269894243896,285.11345251852356,0.0
26.823,69.81114103723912,-1.615790319530232,-1.1773685872573691,82,0.02930140681564808,-0.017828522250056267,0.994936466217041,-0.5566433072090149,-2.4339680671691895,-0.851413369178772,0.309530961729375,285.11345251852356,0.0
26.874,69.7571506875271,-1.5880495401047452,-1.1544984730153949,82,0.020833496004343033,-0.005352177191525698,0.992764949798584,0.2985179126262665,-1.02932608127594,-2.108733892440796,0.30962636275858973,285.11345251852356,0.0
26.924,69.7093973241225,-1.6187796729483424,-0.9546919539861431,82,0.03614519163966179,-0.016509534791111946,0.9944865703582764,-1.0569862127304077,-2.4848334789276123,-2.1076555252075195,0.30939397018352227,285.11345251852356,0.0
26.974,69.66705164038603,-1.7392525827316778,-0.7879523618532278,82,0.031387895345687866,-0.016660913825035095,1.006365180015564,-0.024949871003627777,-0.8149094581604004,-1.0231374502182007,0.3090273608955327,285.11345251852356,0.0
27.024,69.61973745508361,-1.7416048859044193,-0.806846597040366,82,0.027086200192570686,-0.008061712607741356,0.9946959614753723,1.932801365852356,1.2688889503479004,-0.42845407128334045,0.30875652251377983,285.11345251852356,0.0
27.075,69.58924315509304,-1.621904281651228,-1.0083049789371668,82,0.02506530098617077,-0.028182243928313255,1.0090246200561523,-1.1109927892684937,-1.4261746406555176,-1.3641942739486694,0.3082933031146615,285.11345251852356,0.0
27.125,69.53307246184822,-1.7645604979745428,-1.1310826033966146,81,0.03662699833512306,-0.01970408484339714,0.9897303581237793,0.07195921987295151,0.22407808899879456,-1.817111849784851,0.30778484352104307,282.48275862068965,0.0
27.176,69.48006703471523,-1.7642152132928108,-1.1867166997658931,81,0.033792994916439056,-0.024262607097625732,1.002266764640808,-0.2676786780357361,2.171035051345825,-1.279381513595581,0.30730482313801366,282.48275862068965,0.0
27.226,69.44405075400708,-1.7361835343753,-0.6876839250762308,81,0.02843489497900009,0.005801219493150711,0.9767416715621948,2.172954797744751,4.674020290374756,0.2949770390987396,0.3069220283122671,282.48275862068965,0.0
27.276,69.46604906016651,-1.6037714296401349,-0.30382549188505864,81,0.02327386476099491,-0.003643493168056011,0.9793290495872498,1.0873322486877441,-2.350639820098877,0.2637825310230255,0.3066400787167594,282.48275862068965,0.0
27.326,69.44536577949776,-1.6297179464561875,-0.7323178037580796,81,0.03220946341753006,-0.011589978821575642,0.9950436353683472,2.3627452850341797,0.16160999238491058,-1.083208680152893,0.3063312092953662,282.48275862068965,0.0
27.377,69.42903398642567,-1.3361833881038503,-0.1797558221484058,82,0.015004666522145271,0.008516825735569,1.0211209058761597,0.7635337710380554,-0.6949324011802673,-0.5167880058288574,0.30568219160149845,282.48275862068965,0.0
27.427,69.45387835193542,-1.3161492336914593,0.19403520050750986,82,0.022906266152858734,0.0015384684083983302,1.008812665939331,-0.31375887989997864,-0.9010129570960999,2.215989589691162,0.305455888495757,282.48275862068965,0.0
27.478,69.51508368652462,-1.49495214914535,-0.38070469364746184,82,0.02827470377087593,-0.02232508361339569,0.9960272312164307,-0.793029248714447,0.079318568110466,1.5921491384506226,0.3054008327903901,282.48275862068965,0.0
27.528,69.51499380842333,-1.6126560777974868,-1.301138049381353,82,0.025897346436977386,-0.02548830769956112,1.000941514968872,-0.017531372606754303,1.7005831003189087,-0.587378740310669,0.3056834823538603,282.48275862068965,0.0
27.579,69.46792378683976,-1.5186980755522006,-1.2220177378541017,82,0.02520342357456684,-0.01509601715952158,1.0089713335037231,-0.2660553455352783,2.0935769081115723,-1.197178602218628,0.30597552553360263,282.48275862068965,0.0
27.629,69.41921907404601,-1.3146900278059876,-0.7442359074551995,82,0.01785477250814438,0.003598296782001853,1.0013494491577148,-2.0292305946350098,-0.14589738845825195,-0.8994891047477722,0.3058890093370841,285.85183670687655,0.0
27.679,69.43412020209297,-1.471896912199361,-0.7038272630770576,82,0.02832804247736931,-0.023890625685453415,0.9661099314689636,0.5229605436325073,0.5472858548164368,1.2100647687911987,0.3055400126203519,285.85183670687655,0.0
27.73,69.44908610508753,-1.4421679184784575,-1.1618644245892638,82,0.026330245658755302,-0.02588341385126114,0.9975920915603638,-0.04387054592370987,-0.2646966278553009,-0.8981936573982239,0.30515001880844406,285.85183670687655,0.0
27.78,69.45372730899184,-1.5334739704083518,-0.8704084304892391,82,0.032750606536865234,-0.008374135941267014,0.9791290163993835,1.355130910873413,1.0169789791107178,0.524921715259552,0.30458247173565783,285.85183670687655,0.0
27.83,69.47808378798452,-1.612525466769385,-0.4799276368388561,82,0.026647120714187622,0.0008900174871087074,0.9956632852554321,1.587494134902954,0.8654486536979675,0.8048675656318665,0.304500878796029,285.85183670687655,0.0
27.881,69.51071267482395,-1.4514842138730184,-0.7030569461108033,81,0.022825343534350395,-0.019043920561671257,1.0020867586135864,1.333423137664795,0.6563906073570251,0.18990540504455566,0.30438915635876307,285.85183670687655,0.0
27.932,69.52842118729437,-1.343102665259279,-0.5358530389887477,81,0.02459828369319439,-0.010466650128364563,1.0098495483398438,-0.015769902616739273,0.6084712147712708,0.6099658012390137,0.3043953664041679,285.85183670687655,0.0
27.983,69.55497948302211,-1.4149266557648648,-0.18778818181876636,81,0.022320374846458435,0.0023208712227642536,1.0092980861663818,0.5998988151550293,2.3023569583892822,1.8374972343444824,0.30427051934308624,285.85183670687655,0.0
28.033,69.59929011585211,-1.4084690860250257,-0.711286009974412,81,0.026932450011372566,-0.02243930473923683,0.9752169251441956,-1.7234653234481812,-0.494009792804718,0.5352557897567749,0.3041434343158736,285.85183670687655,0.0
28.083,69.62477726824747,-1.4911320083631694,-0.8979632810552728,82,0.028312817215919495,-0.029322385787963867,0.9914079308509827,0.3418162167072296,0.7299973964691162,0.8326634764671326,0.30386379789689033,285.85183670687655,0.0
28.134,69.60249131561764,-1.4901086075706105,-0.8638671080298191,82,0.022496137768030167,-0.0014952891506254673,0.9964315891265869,1.9405008554458618,1.7763392925262451,-0.37490731477737427,0.30331631797616004,285.85183670687655,0.0
28.185,69.60465018749555,-1.3590029821044165,-0.2891065980049789,82,0.02201024815440178,0.009439042769372463,1.0042765140533447,1.7445443868637085,1.018357753753662,0.0730619952082634,0.3028728465280145,278.5617320847446,0.0
28.235,69.62864573790542,-1.239251198651567,0.07373290697468127,82,0.02123127318918705,-0.00378985982388258,1.0119320154190063,-1.0774480104446411,-0.8801201581954956,1.0034819841384888,0.30241149070213746,278.5617320847446,0.0
28.285,69.66002024952932,-1.3088669631608714,-0.15294433012603242,82,0.01971324533224106,-0.00197202037088573,0.9988706111907959,2.4006052017211914,2.7683229446411133,1.7133700847625732,0.30226345854955283,278.5617320847446,0.0
28.335,69.70009914025447,-1.0989647172047559,-0.6457883092109558,82,0.020061178132891655,-0.02288414165377617,0.9751195907592773,-1.0414032936096191,-1.4767714738845825,-0.47951173782348633,0.30271580326265674,278.5617320847446,0.0
28.386,69.7299414425512,-1.2208762639802202,-0.8464005836184114,82,0.02980021946132183,-0.03740507736802101,0.9780111312866211,2.650455951690674,0.5310670733451843,0.7934618592262268,0.30295805704466056,278.5617320847446,0.0
28.437,69.70378135256078,-1.3691059138979722,-0.7995943320163345,82,0.021823925897479057,-0.00014893271145410836,1.0186750888824463,1.7859383821487427,0.7951120734214783,0.23369771242141724,0.30343823151358773,278.5617320847446,0.0
28.487,69.66795621715147,-1.2847697906229343,-0.6154699889024696,82,0.021919483318924904,0.01038286555558443,1.0380128622055054,-0.9893920421600342,-0.06657559424638748,-1.5071243047714233,0.30338198456117044,278.5617320847446,0.0
28.537,69.68162485530208,-1.1816972658081801,0.06409581787824646,82,0.016916543245315552,0.01318137627094984,0.9963012933731079,-2.174560308456421,-0.8321640491485596,1.0572121143341064,0.30280146152159104,278.5617320847446,0.0
28.588,69.73958141854776,-1.0350151248815938,0.13765983487257158,82,0.013555898331105709,0.004455329850316048,0.9864486455917358,-1.950653314590454,-2.626901865005493,1.586451768875122,0.30258850892991046,278.5617320847446,0.0
28.638,69.84476335614133,-1.1453241004003922,0.20440986128706515,82,0.0278326366096735,-0.003929755184799433,0.9563655853271484,1.114062786102295,-2.712853193283081,3.8324973583221436,0.30237126777060996,278.5617320847446,0.0
28.689,69.95023820719693,-1.2581416505012648,-0.6119686728601412,82,0.020648645237088203,-0.021239737048745155,1.0204977989196777,1.9676477909088135,-0.7735881209373474,2.2072176933288574,0.3023064641125623,278.5617320847446,0.0
28.739,69.98106522856662,-1.176298895216601,-1.177754125067665,82,0.019008584320545197,-0.030523307621479034,1.0133717060089111,-1.213719367980957,-0.4333474040031433,0.022419527173042297,0.302120574785776,284.1476864711063,0.0
28.79,69.96486454447766,-1.3127095187254598,-1.3221487070141402,82,0.025990210473537445,-0.029667720198631287,0.9919186234474182,0.5543843507766724,2.319679021835327,-1.420226812362671,0.3021289824310602,284.1476864711063,0.0
28.84,69.92125138694958,-1.1325183173951785,-0.8690698532560494,81,0.011071442626416683,-0.0032016269396990538,1.0062446594238281,-0.9268051385879517,2.126025915145874,-1.2203199863433838,0.302060105244186,284.1476864711063,0.0
28.891,69.84831534430289,-1.080019770895795,-0.34704532405349875,81,0.01961243338882923,0.009092269465327263,0.967962920665741,0.4885222613811493,0.42819756269454956,-1.3211497068405151,0.3019879734085983,284.1476864711063,0.0
28.945,69.83515833077531,-1.0026390330214574,-0.1655106292513592,81,0.01682780124247074,-0.0036958002019673586,1.0065642595291138,1.3709502220153809,-0.22865165770053864,-0.3742918074131012,0.30202018862874763,284.1476864711063,0.0
28.996,69.82854163225738,-1.001870122051484,-0.2744892023189667,81,0.021966969594359398,-0.006864313967525959,1.0002033710479736,0.2225593477487564,-0.07097779214382172,0.12365537881851196,0.3018216610162906,284.1476864711063,0.0
29.046,69.82757059634442,-1.1169062557700782,-0.2549792813578117,81,0.0190539862960577,-0.0016693620709702373,1.0031870603561401,0.4112327992916107,-0.06031787395477295,-0.2703263461589813,0.3017380718499043,284.1476864711063,0.0
29.096,69.84068320534013,-1.1023739874742844,-0.24077344073445864,82,0.020625248551368713,-0.0062929792329669,0.9966371655464172,0.20761215686798096,-0.8307280540466309,0.22428199648857117,0.30161009420640444,284.1476864711063,0.0
29.147,69.87982880998024,-0.958927149507824,-0.3368583867706659,82,0.013185008428990841,-0.018270673230290413,1.0123536586761475,-1.7541502714157104,-1.8060575723648071,0.8115478754043579,0.30126246311774024,284.1476864711063,0.0
29.197,69.87176380890925,-1.1030527710702926,-0.7389994793399476,82,0.02169259451329708,-0.002412236761301756,0.9829416871070862,0.1818031519651413,-0.17392860352993011,0.8519501686096191,0.3005330253291886,284.1476864711063,0.0
29.247,69.88309470846977,-1.0500376444271249,-1.010366190218158,82,0.01770026423037052,-0.031400345265865326,1.0036344528198242,-0.9945714473724365,-1.281026005744934,-1.4437534809112549,0.3000243792218751,285.5015996188142,0.0
29.298,69.84756065222837,-0.9439966542256168,-0.4770035556619941,82,0.012020109221339226,0.004288169555366039,1.0086886882781982,-0.49607065320014954,0.06864259392023087,0.6748138070106506,0.2992181457185176,285.5015996188142,0.0
29.348,69.82273201862127,-1.0004331178075494,-0.3552937611142117,81,0.017522841691970825,0.018088579177856445,0.9790642261505127,-1.0909217596054077,-0.4542020261287689,-1.608832836151123,0.2986943819333949,285.5015996188142,0.0
29.399,69.84529122708216,-0.9989983011699607,-0.03012168454204816,81,0.018067393451929092,-0.004189043305814266,1.003950834274292,-0.5155009031295776,-0.21925881505012512,0.5065895318984985,0.2981078516475796,285.5015996188142,0.0
29.449,69.84803605041803,-1.1110778782754434,-0.4518937039221289,81,0.02603776380419731,-0.019240476191043854,0.9888125658035278,-1.830844521522522,-0.2948369085788727,-0.07597876340150833,0.29791637521401776,285.5015996188142,0.0
29.499,69.85427537110127,-1.1905680043043783,-0.2512782607038962,81,0.01829184964299202,0.006059886887669563,0.9855763912200928,0.6128177642822266,-0.23298335075378418,0.8220626711845398,0.29781398562996797,285.5015996188142,0.0
29.55,69.87962234708,-1.0760842951976957,-0.0995004663851601,81,0.016935426741838455,0.009676984511315823,0.9966317415237427,1.3959158658981323,-1.408840298652649,0.49304714798927307,0.2976366115014662,285.5015996188142,0.0
29.6,69.94031452183293,-0.9830305161529947,0.26693335770105264,81,0.014512681402266026,0.008408939465880394,1.0104870796203613,-0.3920593559741974,-3.5397064685821533,2.9128544330596924,0.2973146591381941,285.5015996188142,0.0
29.65,70.02585122724805,-1.146883589885555,-0.9293960478115885,81,0.02772763930261135,-0.03785860538482666,1.0167295932769775,-1.0059913396835327,-2.1131372451782227,0.6958197951316833,0.29715676830548293,285.5015996188142,0.0
29.701,70.02275863009227,-1.2168559536797505,-1.7663028829205605,81,0.020264310762286186,-0.03806905820965767,1.0056560039520264,-1.1796979904174805,1.2135565280914307,-1.3012453317642212,0.2970072322434538,285.5015996188142,0.0
29.753,69.94338427932078,-1.1170962756599503,-1.5090620859875399,81,0.017057206481695175,-0.011060806922614574,0.9784760475158691,-0.9309820532798767,-0.30114564299583435,-2.7150745391845703,0.2972485184987115,285.5015996188142,0.0
29.803,69.87524391245518,-1.153037063779533,-1.228606623845066,81,0.022774597629904747,-0.013677726499736309,0.9699779152870178,1.1300468444824219,0.9062546491622925,-3.0396993160247803,0.2974042063213892,276.1227123107307,0.0
29.853,69.80785376758088,-0.9806686118419881,-0.5271109075136079,82,0.014770587906241417,-0.0016526882536709309,1.0104176998138428,0.8473272919654846,0.14973263442516327,-1.3849470615386963,0.2973028299969678,276.1227123107307,0.0
29.904,69.79236221969197,-0.8938263889375936,-0.18289734070864333,82,0.015618832781910896,-0.005456209182739258,1.0178093910217285,-0.096400186419487,0.17471596598625183,0.5664690732955933,0.2968688806402127,276.1227123107307,0.0
29.954,69.82197921141801,-1.07281999885696,-0.19480464475208503,82,0.021364549174904823,0.00011645806080196053,1.0074344873428345,0.9014711380004883,0.3328869640827179,1.745736837387085,0.296583306115021,276.1227123107307,0.0
30.005,69.87292561101852,-1.207907699994179,-0.5690844790297344,82,0.02113642543554306,-0.011523465625941753,1.0087887048721313,-2.643346071243286,-2.2527987957000732,0.3136994540691376,0.29649780447444046,276.1227123107307,0.0
30.055,69.91168998878483,-1.1974618083472122,-0.7982699751075856,82,0.020496826618909836,-0.0214761383831501,0.9947858452796936,-1.5758668184280396,-1.1365008354187012,0.36805522441864014,0.2962904056028641,276.1227123107307,0.0
30.106,69.93924076443011,-1.3187616613498432,-0.6365083800169754,82,0.02160096913576126,-0.005994040053337812,0.990407407283783,-1.0023199319839478,-0.16440971195697784,1.9098374843597412,0.2961527904430714,276.1227123107307,0.0
30.156,69.97172441423112,-1.4516705297205528,-1.1989274262388974,82,0.029320593923330307,-0.024641677737236023,0.9701969623565674,-0.0765245333313942,-0.25222474336624146,-0.3709500730037689,0.29644152575570526,276.1227123107307,0.0
30.206,69.98282194304322,-1.3000590102054268,-0.7282256263694937,82,0.02144552767276764,-0.007667227182537317,0.9908050298690796,1.6395360231399536,0.3788082003593445,0.5671475529670715,0.2969652472152346,276.1227123107307,0.0
30.256,70.01759956952763,-1.1566125805881584,-0.719730680299247,82,0.01901284046471119,-0.01758037507534027,1.0103129148483276,-1.6356488466262817,-1.7790015935897827,0.17188507318496704,0.2975103786433819,276.1227123107307,0.0
30.307,70.02792755083135,-1.4426539481923757,-0.7276218031872688,82,0.030735239386558533,-0.0044397772289812565,0.9875293374061584,0.5601500868797302,-0.571772038936615,0.7489728331565857,0.2977060417627663,285.793404197329,0.0
30.357,70.06074927096195,-1.3275559578828777,-0.8550785367359353,82,0.015894616022706032,-0.026739997789263725,1.0045334100723267,1.0600626468658447,0.4401451647281647,0.08197987079620361,0.29763050794204404,285.793404197329,0.0
30.407,70.10479650316884,-1.0011055792413823,-0.5522583826927243,82,0.01680147275328636,-0.01939338445663452,0.9960963129997253,-0.3183097541332245,-0.8209850192070007,1.998979091644287,0.29761169289033074,285.793404197329,0.0
30.458,70.12776833740978,-1.2824203041032423,-0.8735704902095076,82,0.02660500630736351,-0.012728502973914146,0.9879635572433472,0.7517253756523132,0.6380829811096191,0.7527413368225098,0.2970445635527652,285.793404197329,0.0
30.508,70.15868143621849,-1.3381102501701791,-1.129415854057413,82,0.023828476667404175,-0.026919052004814148,0.9928110837936401,0.6066498160362244,0.3960829973220825,-0.022850466892123222,0.2971919508763465,285.793404197329,0.0
30.559,70.15477444262659,-1.1332306710421196,-1.0499571442688616,82,0.015805818140506744,-0.0161599051207304,1.0051604509353638,-0.7496626973152161,0.37601783871650696,-0.3240072429180145,0.297481052060621,285.793404197329,0.0
30.609,70.16195033932613,-1.0838464257653524,-0.8014235979093521,82,0.01980818435549736,-0.018844828009605408,0.994903028011322,-0.6130346655845642,0.5873808860778809,0.5465446710586548,0.29788628432302733,285.793404197329,0.0
30.66,70.16082311246878,-1.1453185194665043,-0.7000270541868402,82,0.01910380646586418,-0.009114628657698631,0.9964064359664917,0.17633198201656342,0.8933742046356201,0.8431819677352905,0.2982071144276385,285.793404197329,0.0
30.71,70.16892253506325,-1.114813978309469,-0.8960914019864772,82,0.016927622258663177,-0.008328058756887913,1.0095983743667603,-0.07739775627851486,-0.0464891642332077,-0.09605942666530609,0.2985582954223203,285.793404197329,0.0
30.76,70.18335320553503,-1.1023770659330903,-0.7976300071518987,82,0.02235450968146324,-0.013568648137152195,0.9891451001167297,-1.81476628780365,-1.6071288585662842,0.4627070128917694,0.2987319541508417,285.793404197329,0.0
30.811,70.23322343493871,-1.1849708849586529,-0.7909878120743639,82,0.02484527789056301,-0.023257557302713394,0.9929825067520142,0.776936411857605,-0.17760345339775085,1.6307240724563599,0.29859433530086904,285.793404197329,0.0
30.861,70.24169101229211,-1.2827652879205373,-1.0907591351906798,82,0.022313304245471954,-0.012499207630753517,0.9872115254402161,1.3931758403778076,0.44800806045532227,-0.28498080372810364,0.2983642600007505,285.98827219419064,0.0
30.911,70.22345521788996,-1.1760390515534098,-0.7367671940488983,82,0.016993146389722824,9.553514246363193e-05,1.0053497552871704,1.3744080066680908,0.6217321753501892,-0.7067360877990723,0.2978322909509752,285.98827219419064,0.0
30.964,70.25703073261482,-0.9261186308587449,-0.12199857959092349,82,0.017932159826159477,-0.0007132042082957923,1.0126011371612549,-0.6743867993354797,-1.9526360034942627,1.505172610282898,0.2974311431178082,285.98827219419064,0.0
31.015,70.32260340880259,-1.076274422029453,-0.3340824186686915,82,0.020485710352659225,-0.008317683823406696,1.0107848644256592,0.2183961421251297,-0.07729312032461166,1.9956632852554321,0.2965024971375736,285.98827219419064,0.0
31.065,70.35255673063709,-1.1545221238633814,-1.0527420289117664,82,0.01659478060901165,-0.02136598341166973,1.008833885192871,-0.4727157652378082,-0.5078743100166321,0.7610996961593628,0.29595682122198763,285.98827219419064,0.0
31.116,70.35502933771929,-1.285086690125202,-1.5622556668942291,81,0.026217542588710785,-0.04054197669029236,0.9992871284484863,-1.7975037097930908,-1.0229064226150513,-0.5564623475074768,0.29527014607986074,285.98827219419064,0.0
31.166,70.29217918006839,-1.4282958828552241,-1.6160240081666786,81,0.025740846991539,-0.01089593954384327,0.987887978553772,0.19769176840782166,0.4784831404685974,-2.2473623752593994,0.2948900052136225,285.98827219419064,0.0
31.217,70.24227192932625,-1.3544638875285624,-0.9977270530814826,81,0.02189764380455017,-0.010407342575490475,0.9827289581298828,-0.5346975326538086,-1.6391448974609375,-0.8894686698913574,0.2949880581383719,285.98827219419064,0.0
31.267,70.21371059912418,-1.2993941636918183,-0.970160059014292,81,0.021956803277134895,-0.024896614253520966,0.9805988073348999,0.3515295088291168,-1.787638783454895,-0.17493222653865814,0.2949370038216296,285.98827219419064,0.0
31.317,70.18129467330336,-1.2336892294375532,-1.2629197245790102,81,0.022128963842988014,-0.018873848021030426,0.9809841513633728,2.106184482574463,0.4032285511493683,-1.0996794700622559,0.2956369114585937,285.98827219419064,0.0
31.367,70.16606103322087,-0.9525622229170532,-1.081249306137469,81,0.00702753197401762,-0.02006172016263008,0.9972525835037231,1.3483234643936157,-1.9191186428070068,0.1962174028158188,0.29737548145514014,285.98827219419064,0.0
31.418,70.16747819063924,-0.6922997771382698,-1.350431110416874,81,0.006384654901921749,-0.01963103376328945,0.9613096117973328,2.327627182006836,-2.120443105697632,-0.05359720066189766,0.29846871871472647,287.9912112057127,0.0
31.468,70.29017717209554,0.2994755191332261,-1.6735861207162401,81,-0.041258491575717926,-0.04206841066479683,0.8782665729522705,2.884178638458252,-6.208310604095459,5.954962253570557,0.2998650011383459,287.9912112057127,0.0
31.519,70.45696159777215,2.3572928429930458,-2.8509980054216544,81,-0.1317899525165558,-0.040382497012615204,0.7096902132034302,-10.339278221130371,-31.31635284423828,9.062420845031738,0.3006001803947447,287.9912112057127,0.0
31.569,70.69276538497685,5.897556688176795,-6.106032998631874,81,-0.2370571494102478,-0.09433049708604813,0.659179151058197,-38.365787506103516,-57.0570182800293,3.509138822555542,0.30108850289940575,287.9912112057127,0.0
31.62,72.25631118796105,6.2547174630771325,-1.9418755364884648,82,-0.07104659080505371,0.13476862013339996,0.8377129435539246,40.61214065551758,69.68635559082031,81.59125518798828,0.30046063362135444,287.9912112057127,0.0
31.67,73.03040117498792,6.521120106499699,-8.031019013927406,82,-0.09748140722513199,-0.4129835367202759,1.1342653036117554,-4.682483196258545,5.775235176086426,-19.99045181274414,0.2967950202149568,287.9912112057127,0.0
31.72,72.22567168660477,2.3276270436618147,-3.2118681073236295,82,0.08306118845939636,0.051244549453258514,1.1203970909118652,2.9659035205841064,-1.3683032989501953,-18.53642463684082,0.2933664547896294,287.9912112057127,0.0
31.771,71.45628531210674,2.828185401012258,-0.019861736568212312,82,-0.11759724467992783,0.10185077786445618,0.7173884510993958,3.417391061782837,-39.9383430480957,-28.482330322265625,0.28650574929326195,287.9912112057127,0.0
31.821,70.85382774066524,3.296023752412565,0.14680571505568837,82,0.015404319390654564,0.04611934721469879,0.5737751722335815,42.48948287963867,-19.349905014038086,-5.371887683868408,0.2807052223388768,287.9912112057127,0.0
31.872,71.08453832700538,7.262642473831007,6.0807420976879865,81,-0.2039145529270172,0.16525664925575256,1.078113317489624,111.82795715332031,-11.64448356628418,40.26358413696289,0.26964855301376134,287.9912112057127,0.0
31.922,73.06421305456945,10.679965989738099,-5.610712574336514,81,-0.1603940725326538,-0.2888581156730652,1.0257337093353271,71.25037384033203,-8.65413761138916,20.207942962646484,0.2605524789598864,282.0268961807423,0.0
31.973,71.986593937546,14.514172099160932,-4.063572852387277,81,-0.23619449138641357,0.029565278440713882,1.2231935262680054,156.15472412109375,-119.40737915039062,-85.14179992675781,0.24520204468610104,282.0268961807423,0.0
32.023,70.24232041310337,18.6600541779917,-9.351283129119134,81,-0.31518566608428955,-0.3023466467857361,1.2254966497421265,66.32624053955078,-60.82007598876953,-12.87894058227539,0.23357723543850006,282.0268961807423,0.0
32.074,70.18407672789921,17.923158546483368,-12.32519769286524,81,-0.2872208058834076,-0.21967487037181854,1.2102901935577393,-38.4116325378418,-4.6320953369140625,-10.23873519897461,0.21517720908346022,282.0268961807423,0.0
32.124,69.80130144884573,12.578491165058068,-17.736844061352297,82,-0.14587022364139557,-0.4222010672092438,1.0627788305282593,-95.11339569091797,-29.411090850830078,-17.706684112548828,0.20279305827604457,282.0268961807423,0.0
32.175,69.42231829589616,11.661562305558064,-20.534764979921967,82,-0.24077986180782318,-0.33323726058006287,0.8521994948387146,17.98748016357422,-22.02414894104004,-0.8335654735565186,0.18548643843271442,282.0268961807423,0.0
32.225,69.12331624963396,14.41768295042877,-23.243918794533766,82,-0.33370786905288696,-0.2958526611328125,0.6729786396026611,-36.69098663330078,-140.42611694335938,-9.37344741821289,0.17441682709325218,282.0268961807423,0.0
32.276,69.10164099433726,8.54279835510881,-26.58644428252551,82,-0.20031678676605225,-0.8967627882957458,0.8034496307373047,-201.2548370361328,-3.119605779647827,3.393928050994873,0.15868616694079113,282.0268961807423,0.0
32.326,66.1182507834533,2.845092291155159,-29.600989261806006,82,0.28775691986083984,-1.1191904544830322,0.8657050132751465,46.99509811401367,178.71444702148438,-85.87911224365234,0.14875874667386965,282.0268961807423,0.0
32.376,64.48040988861388,-0.43089616771014544,-19.83596365130616,81,0.08940963447093964,0.040079474449157715,1.208609938621521,4.639604568481445,16.82755470275879,-42.90499496459961,0.13410381122740692,282.0268961807423,0.0
32.426,63.2723424606052,-0.8330244752144678,-12.398058585230748,81,0.03463353216648102,-0.286531537771225,0.8525320291519165,-0.3956674337387085,116.62638092041016,-8.411896705627441,0.12501172197457186,282.0268961807423,0.0
32.477,62.618941805227706,-0.31956757740275665,-7.468187933441894,81,0.060408949851989746,-0.14587220549583435,0.860058069229126,-12.709118843078613,137.7276153564453,-25.487945556640625,0.11225608502768315,285.5015996188142,0.0
32.527,62.460300171073435,-1.1631098209143873,2.8130494893163758,81,-0.09114465862512589,0.22802647948265076,0.5305769443511963,4.944762706756592,-21.7961483001709,-5.964353561401367,0.1005292248007719,285.5015996188142,0.0
32.577,62.559833081076754,-0.7331170743122525,1.0084753788649818,81,0.03041371889412403,0.04365231841802597,1.0485947132110596,2.5512101650238037,-0.34192463755607605,-1.1355527639389038,0.09343221858118933,285.5015996188142,0.0
32.628,62.562804806767375,-0.48521144097346786,0.5555252370006889,82,0.002912964439019561,0.0031256244983524084,0.9914427995681763,-0.44982802867889404,-0.44721120595932007,-0.2527373135089874,0.083686378947328,285.5015996188142,0.0
32.678,62.565667504990536,-0.44283562284017614,0.4301061670854905,82,0.005394845735281706,0.005846262443810701,0.9995131492614746,0.041607268154621124,-0.11461411416530609,-0.08808891475200653,0.07773681231679948,285.5015996188142,0.0
32.729,62.5645164482452,-0.3880753813285735,0.3511798889346496,82,0.005408194847404957,0.006057950668036938,1.0003639459609985,-0.0691475123167038,-0.0350000336766243,-0.03730107471346855,0.06971144948853811,285.5015996188142,0.0
32.779,62.56382691033983,-0.3825385466369612,0.3163139092864573,82,0.007244668900966644,0.0046121529303491116,0.9983193874359131,-0.05123240500688553,0.028128812089562416,-0.16863520443439484,0.0647254469995904,285.5015996188142,0.0
32.829,62.56358606066714,-0.3894727717390197,0.2769213031025023,82,0.006639725994318724,0.005307694897055626,0.9972045421600342,0.13462038338184357,-0.06539712846279144,0.014078758656978607,0.06001961517186726,285.5015996188142,0.0
32.88,62.56253005248626,-0.3669563408172113,0.2913517991203313,82,0.006494947709143162,0.006790408864617348,0.9989286661148071,0.07920662313699722,-0.005156886763870716,0.002997575793415308,0.05310005962554387,285.5015996188142,0.0
32.93,62.56401492620982,-0.3326702510013251,0.29038717574570894,82,0.0057248142547905445,0.005002340767532587,1.0003328323364258,0.16596563160419464,0.1612076610326767,-0.006601054687052965,0.04688151704175368,285.5015996188142,0.0
32.98,62.56671149689714,-0.3793027565144497,0.29538305206013976,82,0.0060139247216284275,0.008652749471366405,0.9963192343711853,0.16621209681034088,0.10158008337020874,0.1535329818725586,0.04312042642025272,285.5015996188142,0.0
33.031,62.56948048033105,-0.41237130516260956,0.2608660012025119,82,0.006787737365812063,0.003549317829310894,0.9959871172904968,0.0480407290160656,-0.09646351635456085,0.2000044882297516,0.038059250619748373,285.21039031687747,0.0
33.081,62.56988747662603,-0.4294554938167739,0.27861031985843826,81,0.007677300833165646,0.005916116759181023,0.9982320070266724,0.04942227527499199,-0.04816243425011635,0.046063315123319626,0.035025958735108484,285.21039031687747,0.0
33.131,62.56785801695797,-0.4483175064079372,0.3102328132519135,81,0.00847059115767479,0.007946338504552841,0.9962479472160339,-0.20393633842468262,-0.043678704649209976,-0.10183112323284149,0.03081856099230714,285.21039031687747,0.0
33.182,62.57001597483957,-0.4692466438907019,0.31173103837915406,81,0.009445331059396267,0.005347080994397402,0.9958136081695557,-0.07468226552009583,-0.0060762460343539715,0.012599894776940346,0.028195487040460078,285.21039031687747,0.0
33.232,62.56883117205387,-0.4097092423928755,0.30068024504115654,81,0.004780586343258619,0.0076068369671702385,0.9987056851387024,-0.19078533351421356,-0.056301310658454895,-0.12199423462152481,0.02465330024195862,285.21039031687747,0.0
33.283,62.567246320231604,-0.38278986564684936,0.2687223490030405,81,0.007088910322636366,0.004545680712908506,0.9986894726753235,0.06580067425966263,-0.036541763693094254,0.21392880380153656,0.022544998355700733,285.21039031687747,0.0
33.333,62.56899911243394,-0.37589809004909897,0.2637558695492585,82,0.005428966134786606,0.00488241808488965,0.9974233508110046,-0.17482534050941467,-0.09152364730834961,0.17417174577713013,0.019605364747938437,285.21039031687747,0.0
33.384,62.56833640666611,-0.3419717990223783,0.2955127605972745,82,0.003393937135115266,0.004517226945608854,0.9971550107002258,-0.23038873076438904,0.14223627746105194,0.17859770357608795,0.017664577373439492,285.21039031687747,0.0
33.435,62.568682133846956,-0.35952141285775113,0.2995930956514135,82,0.0036021892447024584,0.005497238598763943,0.9982467889785767,-0.21478061378002167,-0.11846213042736053,-0.18872973322868347,0.015106174617166833,285.21039031687747,0.0
33.485,62.56851724578659,-0.3730939218038719,0.2772591632861863,82,0.006393880117684603,0.005978222470730543,0.9992197751998901,-0.251257985830307,0.03531147912144661,-0.14000657200813293,0.013582396430088798,285.21039031687747,0.0
33.535,62.571961660468574,-0.3759938032081969,0.27014656978309987,82,0.0072389086708426476,0.005849131383001804,0.9968673586845398,0.1869635283946991,0.22136279940605164,0.22374579310417175,0.011531543442340296,287.7343760718941,0.0
33.585,62.57413171184188,-0.39412961947826997,0.3534693733354369,81,0.005692163947969675,0.01136938389390707,0.9991082549095154,-0.014059758745133877,0.18425598740577698,0.005671113729476929,0.009830553303754467,287.7343760718941,0.0
33.636,62.573385217664914,-0.36554743864806083,0.3270797831966323,81,0.005478056613355875,0.005872090347111225,0.9988753795623779,-0.2476791888475418,-0.034952688962221146,-0.03538917750120163,0.008840844893542216,287.7343760718941,0.0
33.686,62.57342058007908,-0.37724218913393287,0.2895944689049722,81,0.006892766337841749,0.004478161688894033,0.9999209642410278,-0.21785080432891846,-0.31253379583358765,-0.12419182062149048,0.007565042902140298,287.7343760718941,0.0
33.737,62.57212902293759,-0.3529329993229964,0.2994873086982316,81,0.006745423190295696,0.0039085401222109795,0.998127281665802,-0.07649479061365128,-0.11233706772327423,0.19526353478431702,0.007153219826876669,287.7343760718941,0.0
33.787,62.57291753356663,-0.3883175350331906,0.2788031603063919,81,0.007098110392689705,0.0063033499754965305,1.0008277893066406,0.03394675999879837,-0.09938070923089981,0.16939988732337952,0.007004036579647141,287.7343760718941,0.0
33.837,62.570286335707394,-0.3965645100844952,0.2758034673886352,82,0.00825707521289587,0.003282367717474699,0.996292233467102,-0.1767663061618805,-0.04148131236433983,-0.10347100347280502,0.007399150308523077,287.7343760718941,0.0
33.888,62.57128579671813,-0.40026430049901224,0.30991354864469817,82,0.006073111202567816,0.008343160152435303,0.9984567165374756,-0.33337727189064026,0.09321478754281998,0.02842089906334877,0.008129955310351518,287.7343760718941,0.0
33.938,62.572468113717996,-0.3901901457294947,0.3146266999805534,82,0.006987573113292456,0.005337662994861603,0.9975550770759583,-0.00214890344068408,0.10410557687282562,0.1344631314277649,0.008268859239591777,287.7343760718941,0.0
33.988,62.571025502492205,-0.3637429626730044,0.27251324025714135,82,0.003388132667168975,0.003641351591795683,0.9980711936950684,0.061687227338552475,0.10688475519418716,-0.001982972491532564,0.007910164586270706,287.7343760718941,0.0
34.039,62.57021478968487,-0.3240507977307675,0.2334147068024427,82,0.004919445142149925,0.0029147614259272814,0.9995052218437195,0.017416395246982574,-0.0958009734749794,-0.02694493532180786,0.007891222889416233,287.7343760718941,0.0
34.089,62.56760211786361,-0.3227893024670788,0.21919971954870607,81,0.0035079673398286104,0.004149099811911583,0.9994218349456787,-0.14626850187778473,-0.1932929903268814,-0.27498558163642883,0.008161790345509526,286.1053206002729,0.0
34.139,62.566508755108565,-0.31610652814972945,0.27249637460488735,81,0.004070770461112261,0.006094917189329863,0.9988903403282166,0.09120060503482819,-0.0732153132557869,-0.028384234756231308,0.008032948726560091,286.1053206002729,0.0
34.19,62.5662093236346,-0.3545166998233034,0.24921065217692198,81,0.00720652099698782,0.004583139903843403,0.9981955885887146,-0.03968017175793648,-0.04756158962845802,0.014472940936684608,0.008345406183194353,286.1053206002729,0.0
34.24,62.567377485175896,-0.37696347664335295,0.2875752720998983,81,0.005633569788187742,0.006298299413174391,0.9971263408660889,-0.04729754477739334,0.030956851318478584,0.19229671359062195,0.008843234496971906,286.1053206002729,0.0
34.291,62.57153216803908,-0.3919652840078643,0.30264887202382185,81,0.007129492703825235,0.005269147455692291,0.9997901320457458,-0.14578838646411896,0.008815491572022438,-0.0817573070526123,0.010262378844376634,286.1053206002729,0.0
34.341,62.5703596882561,-0.37125083663459973,0.2717674711097335,82,0.004101255908608437,0.0037386890035122633,0.9978492856025696,-0.4758741855621338,0.028890075162053108,0.00966784916818142,0.011288134951274745,286.1053206002729,0.0
34.391,62.57143635327932,-0.37558454178766837,0.2772471193882845,82,0.006454565096646547,0.0046257334761321545,0.9997720122337341,-0.3046669065952301,-0.06109901890158653,0.007961194030940533,0.012973636318306477,286.1053206002729,0.0
34.441,62.57019857305184,-0.4004015025889286,0.24700593611166843,82,0.006851430516690016,0.0039209784008562565,0.9982811808586121,-0.14480654895305634,-0.06354077160358429,0.14051546156406403,0.014507952460496437,286.1053206002729,0.0
34.492,62.56849389147394,-0.39658462912135556,0.27002746469688077,82,0.006624935660511255,0.005314478650689125,0.9973139762878418,-0.04111713916063309,-0.06103579327464104,-0.2717687785625458,0.016496946866604394,286.1053206002729,0.0
34.542,62.569467560897436,-0.40042333097929667,0.3031580696081165,82,0.005431834142655134,0.006678227800875902,0.9967573881149292,-0.12608516216278076,-0.04344158247113228,0.05792295187711716,0.018111121017279883,286.1053206002729,0.0
34.593,62.56680268155356,-0.38846157333109127,0.3098241042945446,81,0.006014707963913679,0.004154094960540533,0.9965663552284241,-0.05530516058206558,-0.011778616346418858,-0.14133867621421814,0.019116673209557913,286.1053206002729,0.0
34.645,62.56820668402071,-0.39108066422846655,0.3167754347605443,81,0.0063744792714715,0.006122378166764975,0.9955551028251648,-0.3714337646961212,-0.20245018601417542,0.12065652757883072,0.01937248881634088,279.2479360852197,0.0
34.695,62.56744708567713,-0.3489935152185916,0.32313391048209433,81,0.006186549551784992,0.0055747805163264275,0.9965736269950867,-0.056345246732234955,-0.23952044546604156,0.1110541820526123,0.019556287385518793,279.2479360852197,0.0
34.745,62.56887498296649,-0.3663422794099414,0.32802299679190383,81,0.007343332748860121,0.005525782238692045,0.9994568228721619,0.10671387612819672,-0.04379941523075104,0.032134898006916046,0.019580491611341864,279.2479360852197,0.0
34.796,62.56971020271601,-0.364502216965463,0.31085151597790583,81,0.0064197867177426815,0.0037298346869647503,0.9985986948013306,-0.0009432501392439008,-0.03097705729305744,-0.05587171018123627,0.019393142307385487,279.2479360852197,0.0
34.846,62.572033600773395,-0.3811743877730884,0.30968760851561816,81,0.006839708425104618,0.005737755913287401,0.9979479908943176,0.17184796929359436,-0.020223738625645638,0.20692183077335358,0.01907052984932375,279.2479360852197,0.0
34.897,62.569064873662114,-0.36073764433249855,0.3007091698415391,81,0.0062016514129936695,0.004536780063062906,0.9984738230705261,0.03963613882660866,0.0654243752360344,-0.008291072212159634,0.018945977750556287,279.2479360852197,0.0
34.947,62.57073610213256,-0.32990691063560285,0.2935978395435996,81,0.00532345799729228,0.0049744462594389915,0.997494637966156,-0.20412062108516693,-0.09420450031757355,-0.055277030915021896,0.01912968066119038,279.2479360852197,0.0
34.997,62.571321433808954,-0.37087933955243146,0.26876080190597934,81,0.0072910054586827755,0.004051474388688803,0.9989888668060303,-0.08457343280315399,-0.33825480937957764,-0.087580606341362,0.019247340480677565,279.2479360852197,0.0
35.047,62.567936063850155,-0.37540740751969126,0.29207326668740674,81,0.0063823526725173,0.006051718723028898,0.99549400806427,-0.11519261449575424,-0.12239040434360504,-0.19912506639957428,0.01892395406964957,279.2479360852197,0.0
35.098,62.56685081762999,-0.3965349362028578,0.2594679250319737,82,0.007378369104117155,0.004151838831603527,0.9958471059799194,-0.26171326637268066,-0.049553755670785904,0.06405174732208252,0.019273914345692655,279.2479360852197,0.0
35.148,62.56800851650825,-0.3847741589521036,0.2766906478717988,82,0.005757741164416075,0.00481269508600235,0.9970446825027466,-0.11720651388168335,0.12076874822378159,0.10504597425460815,0.01890152611318285,272.0217912964524,0.0
35.199,62.565477329242654,-0.3518998212104101,0.30665986600700706,82,0.004431670065969229,0.00577434990555048,0.9971534609794617,-0.19877712428569794,-0.028687983751296997,0.1709137260913849,0.018894022847345655,272.0217912964524,0.0
35.249,62.566644737890236,-0.3282764803579538,0.26522622991942196,82,0.004214825574308634,0.0051584099419415,0.9972959756851196,-0.1115863174200058,0.03160031884908676,0.06392975896596909,0.019576743825370918,272.0217912964524,0.0
35.3,62.57172756197006,-0.3395676513385753,0.2967387303625939,82,0.005774989258497953,0.0062018451280891895,0.9980973601341248,-0.05263841524720192,-0.12628287076950073,0.011762789450585842,0.019797524502858727,272.0217912964524,0.0
35.35,62.57152163898448,-0.37373990028335974,0.2734894532731987,81,0.008664771914482117,0.004029886331409216,0.9994561076164246,-0.030268868431448936,-0.13225382566452026,-0.010761572979390621,0.020034804187682224,272.0217912964524,0.0
35.4,62.57172413929178,-0.3748369217752731,0.25486571672872266,81,0.007705527823418379,0.0034228090662509203,0.9975669384002686,-0.20906281471252441,-0.06399669498205185,-0.012430625967681408,0.020325479680350467,272.0217912964524,0.0
35.45,62.56998440169002,-0.3754747769115341,0.2761755359167172,81,0.005196974612772465,0.00638293381780386,0.996392548084259,-0.05715357884764671,-0.13686220347881317,-0.16250380873680115,0.020279004084991593,272.0217912964524,0.0
35.501,62.56846136994624,-0.37578916303734816,0.31094592933525855,81,0.004990062676370144,0.006259874440729618,0.9984608292579651,-0.0594063363969326,0.013219399377703667,-0.008159126155078411,0.019905402943425847,272.0217912964524,0.0
35.551,62.56897116391516,-0.38758194498872994,0.28987788827384803,81,0.006930213421583176,0.005430412013083696,0.9973205327987671,-0.5041632056236267,-0.15612050890922546,-0.14932285249233246,0.019034731215037185,272.0217912964524,0.0
35.601,62.56798506910686,-0.3751669527385001,0.2584148158275598,82,0.007526141591370106,0.0026818092446774244,0.9999808669090271,-0.11865998804569244,-0.07653628289699554,-0.05016755685210228,0.017903096926570994,272.0217912964524,0.0
35.651,62.56989406510953,-0.38418473764522804,0.28357967076136553,82,0.006624327506870031,0.005347203463315964,0.9994562864303589,-0.25876501202583313,-0.03952135145664215,0.19983232021331787,0.01684108449425682,272.0217912964524,0.0
35.702,62.56938223114591,-0.39172302271639764,0.28618643841793084,82,0.005579092539846897,0.005129107739776373,0.9996704459190369,-0.245632603764534,-0.07077149301767349,-0.25671908259391785,0.016196174748457998,282.3306408185245,0.0
35.752,62.57055490270436,-0.4162767710188902,0.2597430016017372,82,0.007457735016942024,0.004139514174312353,0.9983705878257751,-0.14633002877235413,-0.23702508211135864,0.14988736808300018,0.015537460280976412,282.3306408185245,0.0
35.803,62.57153532258503,-0.39013327377468937,0.2971280839803426,82,0.00782603956758976,0.005197604652494192,0.9968517422676086,-0.017270801588892937,-0.024482134729623795,0.02782391384243965,0.015312832274507929,282.3306408185245,0.0
35.853,62.57154959233952,-0.3935886389523113,0.3398785856563941,81,0.0058331736363470554,0.005259523168206215,0.9990257620811462,-0.07693701982498169,-0.09177037328481674,0.12409699708223343,0.014771105819918704,282.3306408185245,0.0
35.903,62.57143193950559,-0.3762789762779908,0.33139980664674357,81,0.0070350742898881435,0.006732155103236437,0.9996205568313599,-0.1300942599773407,-0.07217706739902496,-0.09690540283918381,0.014658112232932924,282.3306408185245,0.0
35.954,62.571898783902256,-0.3834805450761437,0.29765956912164665,81,0.0059147789143025875,0.0047371056862175465,0.9979406595230103,-0.2246558666229248,0.0573573000729084,-0.012819748371839523,0.01461354899716982,282.3306408185245,0.0
36.004,62.57372920504554,-0.3794380382566691,0.2886604221236591,81,0.006693873088806868,0.004742729477584362,0.9986376166343689,-0.1736733466386795,0.08872589468955994,-0.06314301490783691,0.014303653003772723,282.3306408185245,0.0
36.055,62.57398813196089,-0.37628737074571106,0.28584309314533324,81,0.005328505299985409,0.006585797294974327,0.998651921749115,-0.3293052613735199,0.14014610648155212,-0.080766461789608,0.014222735753544834,282.3306408185245,0.0
36.105,62.575662949395266,-0.33137297400996657,0.2655566044379654,82,0.003727963659912348,0.005444521550089121,0.9997125864028931,0.016667744144797325,0.009414216503500938,0.11681606620550156,0.014055014207490918,282.3306408185245,0.0
36.155,62.57545334541918,-0.3401713638715532,0.2605126897872471,82,0.0062396591529250145,0.004326513037085533,0.9985024333000183,-0.08403880894184113,-0.3316599726676941,0.0036011114716529846,0.013897590216772454,282.3306408185245,0.0
36.206,62.57687175299512,-0.330398119516314,0.28564826945819144,82,0.00572851300239563,0.0045160255394876,0.997728168964386,-0.16784222424030304,0.12448568642139435,0.23028650879859924,0.012963544079505656,282.3306408185245,0.0
36.256,62.577909822548094,-0.351402417511082,0.275549473857321,82,0.005616900511085987,0.004789561964571476,0.9982671141624451,-0.007220455911010504,-0.09018874913454056,0.0731138065457344,0.01223266964864046,286.22246485601204,0.0
36.306,62.57776595933957,-0.3190168547470649,0.3088970785864759,82,0.005907743703573942,0.0076748766005039215,0.9973538517951965,-0.08592009544372559,-0.030486280098557472,-0.15620647370815277,0.012043515328924462,286.22246485601204,0.0
36.357,62.57908277781641,-0.3606805834830407,0.2647404627135922,81,0.0071150995790958405,0.0027290591970086098,0.9979920983314514,-0.06981979310512543,-0.00785666424781084,0.08339434117078781,0.011980153217539357,286.22246485601204,0.0
36.407,62.581667178625764,-0.35622872098405284,0.2696811515526461,81,0.005797276739031076,0.004616045858711004,0.9989194869995117,-0.1524597406387329,-0.017007451504468918,0.06682217866182327,0.013029623467846103,286.22246485601204,0.0
36.457,62.57906799794412,-0.38171513974972965,0.26402828910293435,81,0.006385923828929663,0.004869113210588694,0.9962502121925354,-0.22858911752700806,-0.10967796295881271,-0.08298030495643616,0.013464924743386971,286.22246485601204,0.0
36.508,62.57849501519666,-0.35590608468646495,0.23733911120445997,81,0.006890315096825361,0.0043295337818562984,0.9981021285057068,-0.30610665678977966,0.10223552584648132,0.03614087775349617,0.014514598055070674,286.22246485601204,0.0
36.558,62.576024766760455,-0.3504891871343856,0.30031054550293607,81,0.006337463390082121,0.007441355846822262,0.9980431199073792,-0.02866819128394127,-0.010096563026309013,0.02076275832951069,0.015314405304926993,286.22246485601204,0.0
36.609,62.573658366312436,-0.3202958974123301,0.27736605737135667,82,0.00500075239688158,0.005844073370099068,0.9984226822853088,-0.06677703559398651,-0.2581362724304199,-0.07241657376289368,0.015785446115924744,286.22246485601204,0.0
36.659,62.572970161334425,-0.3724236805733802,0.32549635406298144,82,0.006005113944411278,0.005296497140079737,0.9980267286300659,-0.12496019899845123,-0.05467400699853897,-0.06337036192417145,0.016099222256231126,286.22246485601204,0.0
36.711,62.57336445289303,-0.40049851979673734,0.3164360258611964,82,0.009212118573486805,0.004333037417382002,0.9965182542800903,-0.08549032360315323,-0.007999244146049023,0.04842828959226608,0.016516024605212298,286.22246485601204,0.0
36.761,62.57258461577451,-0.36822959291629154,0.309493036844271,82,0.0064405775628983974,0.004059430677443743,0.9980152249336243,0.1442578136920929,-0.026728669181466103,-0.04394776001572609,0.017583274185077526,286.22246485601204,0.0
36.812,62.57193659582945,-0.32864855982466,0.29753419809732345,82,0.004686648957431316,0.0038996748626232147,0.9985659122467041,-0.10271445661783218,-0.03136972710490227,-0.024413222447037697,0.01813453274399171,219.1839464882943,0.0
36.862,62.57031078525187,-0.3571734424386304,0.29059953567697755,82,0.007031705230474472,0.005884226411581039,0.997696042060852,-0.11115476489067078,0.0012071368983015418,0.12736505270004272,0.018205989160983246,219.1839464882943,0.0
36.912,62.56962083944957,-0.3579673741301317,0.310268959536543,82,0.005882526747882366,0.005283201113343239,1.0003453493118286,-0.05918193235993385,-0.1301700919866562,0.01037958450615406,0.017680755415123938,219.1839464882943,0.0
36.963,62.570523912057155,-0.35106120168094074,0.2874960299007469,82,0.004865542054176331,0.005176039878278971,0.9981513619422913,-0.10293292254209518,-0.09255880862474442,0.053497087210416794,0.016901959507501185,219.1839464882943,0.0
37.013,62.57202790668229,-0.34298563824690553,0.2647702615905269,82,0.003847735933959484,0.004645808599889278,0.9985337257385254,-0.1699392944574356,0.08856505900621414,0.019462769851088524,0.015928947157910062,219.1839464882943,0.0
37.064,62.57361350003981,-0.3731213565499698,0.2822922565825435,82,0.005924050696194172,0.007033318281173706,0.9964269995689392,-0.061957042664289474,-0.1804126799106598,0.2512025237083435,0.014856342931673622,219.1839464882943,0.0
37.114,62.573313250278176,-0.3571547952124057,0.2973823364997478,81,0.007450263947248459,0.006133576855063438,0.9992121458053589,-0.056124746799468994,-0.0821007713675499,0.01412837952375412,0.014786248839248341,219.1839464882943,0.0
