time (s),yaw,pitch,roll,battery,acc_x,acc_y,acc_z,gyro_roll,gyro_pitch,gyro_yaw,altitude (m),loop rate (Hz),target altitude (m)
0.0,38.00436511057574,-0.07443125986541536,0.26153994570666833,36,0.0004759442526847124,0.002148390281945467,1.0002416372299194,-0.21068766713142395,0.014924589544534683,-0.028004977852106094,1.846602480280506e-117,285.3656279765955,0.0
0.051,38.0056131945189,-0.0804166618782852,0.2617922885762373,36,-0.0009920933516696095,0.004555864725261927,0.9969391226768494,0.09215360879898071,-0.1974770575761795,5.122712900629267e-05,1.6563289350764706e-117,285.3656279765955,0.0
0.101,38.00574872484831,-0.07753669698363065,0.24046483676525002,36,0.0026036803610622883,0.005261227022856474,0.9988563656806946,-0.04728766903281212,-0.1345168948173523,-0.0070844790898263454,1.408762308327519e-117,285.3656279765955,0.0
0.151,38.00414572229258,-0.09057271111586308,0.21745098801594895,36,0.002061533508822322,0.004229943733662367,0.9985494613647461,0.04108438640832901,-0.26742711663246155,0.09558359533548355,1.2644454846325451e-117,285.3656279765955,0.0
0.201,38.00813174844715,-0.10183853680312117,0.2530390225802068,36,0.0021920381113886833,0.005733723286539316,0.9989952445030212,-0.11269459873437881,-0.09257467091083527,0.11665192991495132,1.0740089626997143e-117,285.3073940548262,0.0
0.252,38.00984332728818,-0.09398246235079662,0.27944465977306954,36,0.00023125098960008472,0.007565879262983799,0.998472273349762,0.048075802624225616,0.049219973385334015,-0.19913895428180695,9.106512806386643e-118,285.3073940548262,0.0
0.302,38.01387213853551,-0.09899104678623466,0.2884761530720649,36,0.002453950699418783,0.00453681405633688,0.9998505115509033,0.06562025845050812,0.06971566379070282,0.203395813703537,8.172481478887169e-118,285.3073940548262,0.0
0.353,38.01136211118868,-0.10635356726941032,0.29278045496878946,36,0.0034043118357658386,0.004721515811979771,1.0029501914978027,-0.005567352753132582,-0.09480564296245575,-0.16249443590641022,6.968596164269336e-118,285.3073940548262,0.0
0.403,38.011907738410216,-0.07999584094869641,0.2725660728023563,36,0.0022252630442380905,0.003362975548952818,0.9990605711936951,-0.1135425940155983,0.11925741285085678,0.054824817925691605,6.285111142160124e-118,285.3073940548262,0.0
0.453,38.01146082453726,-0.06483975504487498,0.24705796459617704,36,-9.325525752501562e-06,0.0025365191977471113,0.999862015247345,-0.1473388969898224,0.043212130665779114,-0.0015458357520401478,5.675687522782409e-118,285.3073940548262,0.0
0.504,38.01088924312468,-0.06125155276310934,0.2400725987713455,36,0.001078943838365376,0.0020686290226876736,1.0005556344985962,-0.2581363022327423,-0.22036944329738617,-0.032563429325819016,4.873436056841777e-118,285.3073940548262,0.0
0.554,38.012723094703986,-0.07808721214601261,0.2450575991797192,36,0.0012045286130160093,0.004239559173583984,0.9966339468955994,-0.036745499819517136,-0.18673920631408691,0.06358500570058823,4.18626777572905e-118,285.3073940548262,0.0
0.604,38.010013139693044,-0.09110820986987078,0.2516848764777421,36,0.0006236660992726684,0.004124641418457031,0.9991902112960815,-0.1950702965259552,0.05635859817266464,-0.11190136522054672,3.787189181556538e-118,285.3073940548262,0.0
0.654,38.00989470332237,-0.06542128010042307,0.2493412747629197,36,0.001284208381548524,0.004749190993607044,1.0017457008361816,0.06781276315450668,-0.08617699146270752,0.05879482999444008,3.243690288319026e-118,285.3073940548262,0.0
0.705,38.01208304704619,-0.06178696367001715,0.24072811101440744,36,0.0010744003811851144,0.00174679362680763,0.9986793994903564,-0.003688961500301957,-0.005288513842970133,-0.1038113608956337,2.8971849549253086e-118,285.3073940548262,0.0
0.756,38.011659516638986,-0.06429135072333403,0.22274871076801525,36,0.0032437811605632305,0.00606920151039958,1.0002264976501465,-0.12734518945217133,-0.08666881918907166,-0.1412171870470047,2.4595008677517483e-118,284.05146959230666,0.0
0.806,38.014350721011986,-0.05733993756973469,0.2219686404624772,36,0.0001524867839179933,0.0025668363086879253,0.9994096159934998,-0.02461186610162258,0.20364698767662048,0.02605295740067959,2.2024748981892827e-118,284.05146959230666,0.0
0.856,38.01567896019068,-0.06871568288534725,0.22223489032723912,36,0.002220751252025366,0.004923612345010042,0.9989909529685974,0.13957375288009644,0.10521962493658066,-0.07218809425830841,1.8614430195822385e-118,284.05146959230666,0.0
0.907,38.01632776140306,-0.02627068776835136,0.21768350018215282,36,-0.0014186524786055088,0.003152192337438464,1.0000337362289429,-0.1715545505285263,-0.003949633799493313,0.02534947358071804,1.67224970766195e-118,284.05146959230666,0.0
0.957,38.01784402903633,-0.04957656181061946,0.21593999301075645,36,-9.046126069733873e-05,0.0029452419839799404,0.9994345307350159,-0.11682266741991043,-0.023295367136597633,0.020292578265070915,1.4317189683957375e-118,284.05146959230666,0.0
1.008,38.02019768849507,-0.0593336332727349,0.2204203636027705,36,0.0004328113282099366,0.003883946221321821,0.9986709356307983,-0.13453161716461182,-0.13883113861083984,0.1920185536146164,1.2890341360841216e-118,284.05146959230666,0.0
1.058,38.02451162774238,-0.07142602027340589,0.24026972428907978,36,0.0006877813138999045,0.002597969025373459,0.9981744289398193,-0.0736888125538826,-0.0784805417060852,-0.04014201462268829,1.0958284108259761e-118,284.05146959230666,0.0
1.109,38.024863810713306,-0.07523034510857846,0.20710470484356697,36,0.0003705811977852136,0.0022122373338788748,0.9995017647743225,0.07248261570930481,-0.10658199340105057,0.03953217342495918,9.855146244371043e-119,284.05146959230666,0.0
1.16,38.021090827949045,-0.09474528010586054,0.2541337458854254,36,0.00021162685879971832,0.0041319807060062885,0.9963552355766296,-0.1438617706298828,0.030559170991182327,-0.06549029052257538,8.400700020357742e-119,284.05146959230666,0.0
1.21,38.01938962657034,-0.08705650222454006,0.22375344676011832,36,0.00014024527627043426,0.003603521967306733,1.0003012418746948,-0.26783624291419983,-0.02752865105867386,0.10169314593076706,7.179370880549028e-119,284.05146959230666,0.0
1.261,38.02057444957154,-0.0926415980187081,0.2686961750239305,36,0.0003741181280929595,0.005034953355789185,0.9976220726966858,-0.08834412693977356,-0.0788479819893837,-0.12164440751075745,6.476765380138873e-119,284.05146959230666,0.0
1.312,38.01812768777581,-0.08199856122123451,0.2603403983379207,36,0.001345380092971027,0.0054521579295396805,0.9999289512634277,-0.12502802908420563,0.05041373893618584,-0.16404663026332855,5.567240405205419e-119,261.53919062168734,0.0
1.362,38.02232349328709,-0.0701543616993677,0.24756867649039155,36,0.0008801544900052249,0.004915390629321337,1.001997947692871,0.05873451754450798,-0.08212887495756149,0.12578055262565613,5.043269896386633e-119,261.53919062168734,0.0
1.413,38.02558100671575,-0.05405069585158995,0.25499706973801617,36,0.002627292647957802,0.005794202908873558,0.9983606338500977,-0.22439415752887726,0.03837313875555992,-0.1725180447101593,4.358790931209385e-119,261.53919062168734,0.0
1.464,38.02614334512055,-0.0876827265146021,0.2864539642167362,36,0.002932464238256216,0.005588641855865717,0.9994342923164368,0.18252044916152954,-0.0016933607403188944,0.15915068984031677,4.1523448069449176e-119,261.53919062168734,0.0
1.514,38.02648583221575,-0.08640106563819237,0.230428879500473,36,0.0003931201936211437,0.002646984765306115,1.0005754232406616,0.21492692828178406,-0.043337639421224594,-0.07348710298538208,3.4431018594308673e-119,261.53919062168734,0.0
1.564,38.02723344238492,-0.07638562468792119,0.23108444162671915,36,0.0014241570606827736,0.006562832742929459,1.0003771781921387,-0.0691717267036438,0.057781949639320374,0.09106083959341049,3.1317043835660256e-119,261.53919062168734,0.0
1.614,38.026256227573654,-0.08493792503148202,0.2731100961857842,36,0.001146748079918325,0.006459379103034735,1.0006593465805054,-0.10270782560110092,-0.16382914781570435,-0.059971291571855545,2.7134338269708705e-119,261.53919062168734,0.0
1.664,38.02916989234147,-0.08626501929368585,0.2553940711482578,36,0.0022940810304135084,0.003900261363014579,1.0002052783966064,-0.04312385991215706,-0.20578555762767792,0.08274266868829727,2.4668376385820247e-119,261.53919062168734,0.0
1.715,38.033181930741144,-0.0738290601388429,0.26508264179426183,36,0.0005677363951690495,0.0030098960269242525,0.9986180663108826,-0.13695473968982697,0.05580352619290352,0.06162760406732559,2.133798119741089e-119,261.53919062168734,0.0
1.765,38.032432689498265,-0.04769639855652608,0.20059865709602512,36,-0.0005798928323201835,0.002622881205752492,0.9971866011619568,-0.10557622462511063,-0.07337357103824615,-0.22318501770496368,1.9378233079258004e-119,261.53919062168734,0.0
1.815,38.035329243372864,-0.05952357753159374,0.20290839364937563,36,0.0030050519853830338,0.003434861311689019,0.9976111054420471,-0.181289941072464,0.05849238857626915,-0.04559421166777611,1.6805959615236255e-119,275.3071217591073,0.0
1.865,38.03451511231267,-0.0752484396504147,0.22581255467816447,36,0.0005273828282952309,0.005530256778001785,1.0003387928009033,-0.3233819305896759,0.07454527914524078,0.14205867052078247,1.5300167074946917e-119,275.3071217591073,0.0
1.916,38.03685552347871,-0.08212450185272502,0.23533305233859805,36,0.0024749357253313065,0.003744782879948616,1.0003745555877686,-0.0377945676445961,-0.01863333210349083,-0.02720986120402813,1.315324910745558e-119,275.3071217591073,0.0
1.966,38.037261481545286,-0.1052795767705883,0.2478562871625804,36,0.0024027421604841948,0.005547345150262117,0.9986413717269897,-0.14400775730609894,0.09002552926540375,0.029266061261296272,1.1886323939570696e-119,275.3071217591073,0.0
2.016,38.036141923870105,-0.0881108278205058,0.2253393425227996,36,0.0028344811871647835,0.0027972948737442493,0.9996579885482788,-0.040273189544677734,-0.1071678102016449,0.2383439540863037,1.0222582690927837e-119,275.3071217591073,0.0
2.066,38.0363888030766,-0.0911625729909226,0.22851054228084505,36,0.0015844953013584018,0.0031864570919424295,0.9993125200271606,0.2982672154903412,-0.052137088030576706,0.06258464604616165,9.245712876852502e-120,275.3071217591073,0.0
2.117,38.04028517939959,-0.07441810159097793,0.20609819972166973,36,0.002062283456325531,0.003546249121427536,0.9991739988327026,-0.07883742451667786,-0.041502319276332855,0.14272695779800415,7.972713181321879e-120,275.3071217591073,0.0
2.167,38.041344852291424,-0.10638369377053454,0.20790342959997024,36,0.0028079634066671133,0.005171978380531073,1.0000945329666138,0.12352447956800461,-0.058817099779844284,0.09360507875680923,7.235025824424138e-120,275.3071217591073,0.0
2.217,38.04213956054698,-0.07632090154846388,0.1957112009543171,36,-0.000824308954179287,0.002993535716086626,0.9988145232200623,-0.08314034342765808,0.026249859482049942,0.17079104483127594,6.226556449611884e-120,275.3071217591073,0.0
2.267,38.04639369683916,-0.08583289800336244,0.2265515292108493,36,0.00011839854414574802,0.004706051200628281,1.001076102256775,-0.2205684632062912,-0.0011549346381798387,0.00884163472801447,5.6419802469278615e-120,275.3071217591073,0.0
2.318,38.04442784206478,-0.07311726297741604,0.2301441953465055,36,0.0006391402566805482,0.003251129062846303,0.9980625510215759,0.14131909608840942,-0.1179477721452713,0.102469302713871,4.749066605003223e-120,275.3071217591073,0.0
2.368,38.04429145153789,-0.06446035414938456,0.24181543711504058,36,0.002912871539592743,0.006246357224881649,0.9960392713546753,0.07539456337690353,-0.07703801244497299,0.023988714441657066,4.037788546087027e-120,280.08707846410687,0.0
2.418,38.045442674651156,-0.06045594342963027,0.28265642275727115,36,0.001536059775389731,0.004864038899540901,0.9975445866584778,-0.017503535374999046,-0.015282861888408661,-0.05300181359052658,3.638007953450031e-120,280.08707846410687,0.0
2.469,38.04674916675276,-0.08806071389012227,0.2661603980526014,36,0.0012501596938818693,0.003369671758264303,1.0010815858840942,0.04774273931980133,-0.08437785506248474,0.24956314265727997,3.2843190906448315e-120,280.08707846410687,0.0
2.519,38.04925493179299,-0.08684207779105227,0.2648532956851714,36,0.001331420848146081,0.0034900757018476725,0.9958940744400024,-0.010117809288203716,0.09201746433973312,0.09227675199508667,2.799545293477478e-120,280.08707846410687,0.0
2.569,38.04670463698409,-0.11866135254540017,0.247444811064206,36,0.002247689524665475,0.0011454368941485882,0.9964011907577515,0.025052011013031006,-0.13633331656455994,-0.12442608177661896,2.3744515712930717e-120,280.08707846410687,0.0
2.619,38.045184851427585,-0.0782120274653901,0.2505868319418523,36,0.00033908424666151404,0.0032268965151160955,0.9978233575820923,-0.13951840996742249,0.21600337326526642,-0.09961102902889252,2.1328363441271875e-120,280.08707846410687,0.0
2.67,38.04747168906074,-0.0766246034233761,0.28119187480326785,36,0.001297753886319697,0.005008382722735405,0.9983852505683899,0.12633781135082245,-0.05098729953169823,-0.02814919874072075,1.8245970118413126e-120,280.08707846410687,0.0
2.72,38.05046624207512,-0.06516977687281504,0.28886954398884057,36,0.0011489797616377473,0.0053744567558169365,0.9983022212982178,0.013200736604630947,-0.19834448397159576,0.04232065752148628,1.6458640518045658e-120,280.08707846410687,0.0
2.77,38.05027620849117,-0.07467597555778369,0.29011288457100076,36,0.0007794370176270604,0.00406309962272644,0.9979122877120972,-0.014329853467643261,-0.1809111088514328,0.06002829223871231,1.4870789938285313e-120,280.08707846410687,0.0
2.821,38.04891422181284,-0.08666854339122464,0.28689563485788366,36,0.0023766078520566225,0.004663196392357349,1.0002771615982056,0.03168066591024399,-0.14787466824054718,-0.186578631401062,1.2816656413936175e-120,280.08707846410687,0.0
2.871,38.049544792915185,-0.062034113208989224,0.25351442001901325,36,0.0005493556964211166,0.0021505318582057953,0.9988333582878113,-0.1370999664068222,-0.07634948939085007,-0.05111169070005417,1.1126968005657534e-120,280.08707846410687,0.0
2.922,38.052923264504535,-0.04353677976349983,0.23983987470041945,36,-4.710565917775966e-05,0.004306646529585123,0.999021053314209,-0.029645558446645737,-0.15279905498027802,0.18218663334846497,1.0104710170246765e-120,286.3201583725852,0.0
2.972,38.053706704084064,-0.05472344325750967,0.2372782178870446,36,3.571885099518113e-05,0.004292662255465984,0.9990207552909851,0.19152063131332397,-0.09887272864580154,-0.026570752263069153,8.73673686334555e-121,286.3201583725852,0.0
3.022,38.05346769988364,-0.05089515742584612,0.27228663794467123,36,-0.0002817639906425029,0.004721601959317923,1.0005203485488892,-0.28602272272109985,-0.0232298094779253,0.02317189611494541,7.91693214023719e-121,286.3201583725852,0.0
3.072,38.05398816215909,-0.06506461457899565,0.24326140558062015,36,0.0010146592976525426,0.004326554946601391,0.999494731426239,0.11032325029373169,0.04299091920256615,0.0644952803850174,6.828171217015313e-121,286.3201583725852,0.0
3.123,38.05498486909329,-0.061907201305379356,0.24655119924476293,36,0.003057351801544428,0.005050834268331528,0.9983546137809753,-0.17726531624794006,-0.10499578714370728,-0.03673165664076805,6.191985303913055e-121,286.3201583725852,0.0
3.173,38.0601164428778,-0.1419288842369273,0.3128561810411397,36,0.014568359591066837,0.014841378666460514,1.0024588108062744,-0.39075714349746704,0.13133449852466583,0.008489497005939484,5.364004741236762e-121,286.3201583725852,0.0
3.224,38.06170082567962,-0.08630391729419407,0.24296324910218453,36,-0.0004185978905297816,-0.0007528074784204364,0.9986547231674194,-0.11266906559467316,0.07143637537956238,0.09484260529279709,4.876134568073575e-121,286.3201583725852,0.0
3.274,38.06257107583987,-0.07482238524862632,0.23017884036098424,36,0.0002738574694376439,0.00325828162021935,0.9979543685913086,0.12348440289497375,0.018866008147597313,-0.012315992265939713,4.2315835976638175e-121,286.3201583725852,0.0
3.325,38.06026853364173,-0.09781896759398839,0.2280483623339526,36,0.0017682461766526103,0.004548652563244104,0.9981081485748291,-0.06629067659378052,0.21440467238426208,-0.26472416520118713,3.8540554931169503e-121,286.3201583725852,0.0
3.375,38.058962068145014,-0.0849980353633324,0.2576655336580307,36,0.002090368652716279,0.006684944964945316,1.0000944137573242,0.1254391223192215,-0.3266462981700897,-0.07889031618833542,3.3257201598616525e-121,286.3201583725852,0.0
3.426,38.05910917247753,-0.006357076867359104,0.25582794171029727,36,-0.008572722785174847,-0.0016803770558908582,1.004046082496643,-0.021112699061632156,-0.7247889041900635,-0.29721981287002563,3.0109024250062903e-121,285.81287904599657,0.0
3.476,38.050436805135256,-0.08004952975904663,0.34439985748989166,36,0.009771010838449001,0.008928039111196995,0.9983552098274231,0.08661731332540512,-0.760068416595459,-0.38725829124450684,2.588592756992599e-121,285.81287904599657,0.0
3.526,38.04289705801125,-0.05880210289499318,0.22717589833869445,36,0.002716049086302519,-0.00021923994063399732,0.997236430644989,0.16442479193210602,-0.13827897608280182,-0.2312641739845276,2.342864997999648e-121,285.81287904599657,0.0
3.578,38.04190278888068,-0.037998573854390365,0.20196043940049188,36,-0.0005863551050424576,0.004667302127927542,1.0006706714630127,-0.062465667724609375,-0.028620433062314987,0.0392875000834465,2.0206715158845596e-121,285.81287904599657,0.0
3.629,38.04324080667637,-0.03687252235882504,0.2098126259993572,36,0.0013811389217153192,0.004658009856939316,1.000814437866211,-0.31298166513442993,-0.06039626896381378,0.1195635050535202,1.745759648289033e-121,285.81287904599657,0.0
3.679,38.04853843654895,-0.06938920081199836,0.2475742645891061,36,0.0012269916478544474,0.0034634298644959927,1.0011963844299316,-0.2789260447025299,-0.23387448489665985,0.20189456641674042,1.5839189750398017e-121,285.81287904599657,0.0
3.73,38.05226636161884,-0.05164936249366492,0.22866355185725035,36,0.002904806984588504,0.006397872231900692,0.9977115392684937,-0.12291866540908813,0.1213439330458641,0.3202086091041565,1.3729771626212941e-121,285.81287904599657,0.0
3.78,38.053395341667155,-0.026485863467878283,0.24628021093443794,36,0.0010460452176630497,0.005165236536413431,1.00078284740448,0.02568785846233368,0.010456391610205173,-0.25056132674217224,1.249872278712545e-121,285.81287904599657,0.0
3.83,38.056007655092166,-0.06271197789690394,0.2522336152819463,36,0.0006681837257929146,0.003420761553570628,0.99851393699646,0.061615414917469025,-0.19308987259864807,0.035584110766649246,1.0834744162963535e-121,285.81287904599657,0.0
3.881,38.05902847299501,-0.04616247311619337,0.22558623885098322,36,0.0004512156010605395,0.0023572200443595648,0.9986397624015808,0.04291469231247902,-0.207876518368721,0.33703115582466125,9.82123815097817e-122,285.81287904599657,0.0
3.932,38.06004563767414,-0.08345081302880422,0.2819702858091356,36,0.005047341343015432,0.0033489130437374115,1.001180648803711,0.07909911125898361,0.07142794132232666,0.05152297392487526,8.48021295121084e-122,285.81287904599657,0.0
3.982,38.06309291735363,-0.08214857431647415,0.28919519133514726,36,-9.194610902341083e-05,0.004973019007593393,0.9994322061538696,0.25852325558662415,0.11895685642957687,0.17759287357330322,7.639731070635529e-122,285.3268027210884,0.0
4.033,38.062687520682424,-0.09206013785443401,0.2671709866314997,36,0.0018615026492625475,0.004606741480529308,0.9982748627662659,-0.09082278609275818,-0.03278759866952896,-0.1091526448726654,6.537199327662076e-122,285.3268027210884,0.0
4.083,38.07386900619761,-0.19156323659607236,0.8735611182787748,36,-0.029231658205389977,0.10177483409643173,1.0557646751403809,-14.800542831420898,-0.35671278834342957,-11.959500312805176,5.89720873835462e-122,285.3268027210884,0.0
4.134,38.058553354021235,0.008037617515972746,3.2898353681605266,36,-0.07272486388683319,0.4482114315032959,0.8574639558792114,-15.27369213104248,-26.14263916015625,-20.547344207763672,5.062985593974224e-122,285.3268027210884,0.0
4.184,37.06712590596419,-2.352501870241219,2.206580049462539,36,0.13995835185050964,-0.3251083493232727,0.9332951903343201,7.70670747756958,10.492880821228027,-0.7367490530014038,4.586909117604943e-122,285.3268027210884,0.0
4.235,36.112056623285525,0.0816130514073395,-2.9869608370639966,36,0.1735038459300995,0.01728730835020542,1.0515830516815186,-1.6977092027664185,2.5805392265319824,1.4432182312011719,3.967424322401864e-122,285.3268027210884,0.0
4.285,36.17480525690441,-0.9707233418686178,-1.5599823488086284,36,0.019673271104693413,-0.010244444943964481,0.9889159202575684,1.0841341018676758,3.0007965564727783,2.5760860443115234,3.5969058630666714e-122,285.3268027210884,0.0
4.335,36.322060926634244,-1.954140302369806,-1.6227461666844483,36,0.2012438178062439,-0.15563257038593292,0.9121615886688232,-8.610793113708496,5.813021183013916,18.068017959594727,3.106475228043404e-122,285.3268027210884,0.0
4.388,36.87237898943627,-1.0031347170056844,0.7413085484713453,36,0.027476556599140167,0.019865939393639565,1.0461320877075195,7.437002658843994,-10.138427734375,8.332290649414062,2.807448732286077e-122,285.3268027210884,0.0
4.438,37.8136557712966,-0.26147127985509155,-3.9763721728447043,36,-0.07573603838682175,-0.10798702389001846,1.1133068799972534,71.93207550048828,15.099075317382812,44.53716278076172,2.4085684922682305e-122,285.3268027210884,0.0
4.488,40.486502424557024,2.804153478837219,-3.466381812999437,36,-0.017297031357884407,-0.027323832735419273,1.0762536525726318,158.57142639160156,-3.8239152431488037,88.71710968017578,2.0729044951836523e-122,285.3268027210884,0.0
4.538,44.8585506397773,6.23555132673119,-2.1587798689006807,36,-0.08615692704916,-0.01662193424999714,1.3198025226593018,-72.0110855102539,-83.14674377441406,165.10833740234375,1.873541516769269e-122,285.5210347174949,0.0
4.589,48.63263154921301,-6.762891611672207,-9.956412084642029,36,0.3554650843143463,-0.32598045468330383,0.8327675461769104,-69.93960571289062,-13.60191822052002,32.96706771850586,1.6055176217467612e-122,285.5210347174949,0.0
4.639,47.78022153646101,-9.158266944647345,-7.271145505749301,36,0.06535691022872925,0.04986535385251045,0.8625847101211548,-62.55943298339844,12.52080249786377,-17.826147079467773,1.4532613141509168e-122,285.5210347174949,0.0
4.691,47.705739723822965,-10.37943549973665,-4.080926584437557,36,0.17675073444843292,-0.043964579701423645,0.8907284140586853,-26.60121726989746,-18.288511276245117,-6.66874361038208,1.255365481701904e-122,285.5210347174949,0.0
4.741,47.73323317180568,-8.740532601512646,-2.5259623818852512,36,0.08752059936523438,-0.00040897951112128794,1.1266136169433594,-2.5154500007629395,3.4389524459838867,-1.8217910528182983,1.1411547197857974e-122,285.5210347174949,0.0
4.791,46.73058777261774,-7.933751224991225,-1.588009948821658,36,0.0568542517721653,-0.059838663786649704,1.0016224384307861,-59.06568908691406,34.055362701416016,-52.86669921875,9.891066966299375e-123,285.5210347174949,0.0
4.841,44.719357181712596,-1.648289430398016,2.53046450912963,36,-0.1642768532037735,0.15791194140911102,1.027161955833435,65.78234100341797,27.41391944885254,-31.649490356445312,8.995613381171806e-123,285.5210347174949,0.0
4.892,45.58481481244613,2.433423202906538,4.05410983286722,36,-0.04596630483865738,0.12557440996170044,1.1608132123947144,-25.605478286743164,-20.70058250427246,41.714447021484375,7.802085768840727e-123,285.5210347174949,0.0
4.943,47.1302010438823,6.577923406659944,2.4578624921156638,36,-0.18935950100421906,-0.09331122040748596,0.8994840383529663,109.39307403564453,-40.49957275390625,57.31206512451172,7.103853729410414e-123,285.5210347174949,0.0
4.993,48.0788124638381,7.93869534189439,-3.190825481714085,36,-0.07534799724817276,-0.1628938466310501,1.0593032836914062,20.20577621459961,23.193384170532227,2.516155958175659,6.152644729384252e-123,285.5210347174949,0.0
5.044,47.77129958847198,5.793456496123967,-4.938214198630728,36,-0.04598690941929817,-0.055694084614515305,0.8433382511138916,-44.03768539428711,21.656400680541992,-63.33320999145508,0.0003990829131907968,283.24581307401405,0.0
5.094,45.19896709891217,4.262546023350389,-1.5423976088749374,36,-0.12715674936771393,0.06790515780448914,0.7275518774986267,3.148423433303833,-7.365311145782471,-51.36568832397461,0.00145083558075577,283.24581307401405,0.0
5.145,44.21332082788517,6.013169132554888,3.0340194981795663,36,-0.06680614501237869,0.09393487870693207,0.7594661116600037,-8.626935958862305,27.24883460998535,-8.337108612060547,0.001880745720520059,283.24581307401405,0.0
5.195,43.71119612346915,6.549156828836863,3.5687420126752247,36,-0.15377694368362427,0.0670817643404007,0.8496217727661133,53.89078140258789,-26.88174819946289,-14.332600593566895,0.002528273604626441,283.24581307401405,0.0
5.246,44.184720521658065,10.22611752009823,2.545632143210985,36,-0.2009635716676712,0.009435049258172512,0.9999154210090637,22.647642135620117,-12.044328689575195,28.355154037475586,0.002373399412244729,283.24581307401405,0.0
5.296,45.14325005951732,9.230158998118837,-1.499507350557834,36,-0.08198114484548569,-0.15310460329055786,1.092348575592041,-6.960907936096191,5.6783952713012695,33.28883743286133,0.0021211899766616716,283.24581307401405,0.0
5.346,45.26267032863605,5.739055229358725,-4.906574363646566,36,-0.046679072082042694,-0.14266350865364075,1.0181527137756348,-7.085536479949951,21.588558197021484,-17.56819725036621,0.0019392296922819204,283.24581307401405,0.0
5.397,44.415053540886746,4.845242244458339,-3.3922197940745815,36,-0.08071558177471161,0.02263290248811245,0.9510420560836792,3.443321466445923,24.81793975830078,-32.82777404785156,0.0016904386793999907,283.24581307401405,0.0
5.447,43.60207569084704,6.30766219798986,0.03159203997876556,36,-0.18289798498153687,0.09811040759086609,1.0767157077789307,-27.63072967529297,-8.544675827026367,-15.292532920837402,0.001542662584220079,283.24581307401405,0.0
5.498,43.78940919841519,6.3508989914821585,2.2908654286886363,36,-0.06438737362623215,0.04521811380982399,0.9895828366279602,-3.8463356494903564,-7.478461265563965,13.82003116607666,0.0013363256289010057,283.24581307401405,0.0
5.548,44.078204562256836,4.500004865302645,0.7394726890887864,36,-0.04177585616707802,-0.004312335979193449,1.0623067617416382,-10.941729545593262,1.022571086883545,2.05281138420105,0.0011640008486042649,283.24581307401405,0.0
5.598,43.97696820773233,4.1741110657793685,0.8445225018358202,35,-0.08915243297815323,0.012923412024974823,1.0369242429733276,-15.204717636108398,-11.326376914978027,3.291168212890625,0.001061337403288398,283.72481904890753,0.0
5.649,44.211629232005905,3.072203335282721,0.4401084109610435,35,-0.02755190245807171,-0.0064473263919353485,0.924214243888855,-11.997514724731445,-2.8408126831054688,4.073610782623291,0.001040462443891238,283.72481904890753,0.0
5.699,44.14105565514141,2.735040275015515,0.4000306086498095,35,-0.058049943298101425,0.034157268702983856,0.9148842096328735,0.6450359225273132,-14.987441062927246,-3.59108567237854,0.0014999752761327638,283.72481904890753,0.0
5.75,44.39953882173431,3.4224378279184946,-0.8930318334348958,35,-0.05734040588140488,-0.07666190713644028,1.038385272026062,14.412528038024902,-27.629558563232422,16.902563095092773,0.002180812637391824,283.72481904890753,0.0
5.8,44.69289800347835,2.4616697148932536,-3.248117674477095,35,-0.015289625152945518,-0.09827414155006409,0.9650635719299316,5.054897308349609,19.152435302734375,-0.6363815665245056,0.0027130282346738742,283.72481904890753,0.0
5.85,44.4534132138202,3.214528304803073,-3.115706538697785,35,-0.07609914988279343,-0.04789773374795914,1.0534498691558838,3.3274269104003906,-6.493775844573975,-1.5539133548736572,0.003375585607232261,283.72481904890753,0.0
5.9,44.56143309352328,2.503351315135358,-3.311798084094305,35,-0.00866932887583971,-0.06645052880048752,0.9996057152748108,-1.0631611347198486,18.631620407104492,-2.6396098136901855,0.0036937047014400605,283.72481904890753,0.0
5.951,44.2759422696794,2.931391966335156,-2.0508120741676987,35,-0.07893145829439163,0.004193421918898821,1.0257717370986938,4.1301679611206055,-12.027396202087402,-2.0490739345550537,0.0033751126259472172,283.72481904890753,0.0
6.001,44.34029937720001,2.92071691803401,-1.294168958325224,35,-0.032328661531209946,-0.017880894243717194,1.0574166774749756,2.9647021293640137,4.98353385925293,1.7201911211013794,0.003101817528094717,283.72481904890753,0.0
6.051,44.17199572348411,2.2860660136107662,-0.47010040804487785,35,-0.049054522067308426,0.03461936488747597,0.9506645202636719,-9.782371520996094,-4.392821311950684,-3.5456769466400146,0.002737299135863435,283.72481904890753,0.0
6.102,44.34668134717398,2.581953407670375,-0.8396572999479504,35,-0.0349571630358696,-0.05719364061951637,1.0611642599105835,-7.207947254180908,-10.846895217895508,2.6373212337493896,0.0025199648106631013,283.72481904890753,0.0
6.152,44.1403150263562,2.0480715210841165,-1.5241352871740672,35,-0.04994705691933632,-0.02311856485903263,0.8987554907798767,-3.5524184703826904,5.423486709594727,-7.4637532234191895,0.0022283891417168417,286.1053206002729,0.0
6.202,44.22043498477105,2.788114239061969,-1.8460108298813982,35,-0.04498417675495148,-0.06594633311033249,1.0152336359024048,5.89504337310791,-13.157583236694336,7.529236316680908,0.002054076324999203,286.1053206002729,0.0
6.252,44.17670099471647,2.3101072146279913,-3.0653566375562713,35,-0.04653234779834747,-0.05619422718882561,0.952754020690918,-2.5180835723876953,-0.12758474051952362,-8.85736083984375,0.0018180210969196637,286.1053206002729,0.0
6.303,44.02753829628057,3.100515986791413,-1.6011518014770154,35,-0.07200116664171219,-0.0012859675334766507,1.019579291343689,5.140446186065674,-0.29132750630378723,3.0530970096588135,0.0016752591808095916,286.1053206002729,0.0
6.353,44.24457507801435,3.083796527204348,-2.2236437820449337,35,-0.03921843320131302,-0.0621488057076931,1.0226421356201172,-9.343903541564941,-3.3634438514709473,2.99468731880188,0.00148526813517526,286.1053206002729,0.0
6.404,44.18831696647283,3.0722045567529874,-1.8762804162310398,35,-0.059806887060403824,-0.012843318283557892,0.9440692067146301,10.431714057922363,0.21150067448616028,-1.794685959815979,0.0013722788488723288,286.1053206002729,0.0
6.454,44.19513344023017,3.540452389692596,-1.4723151291610699,35,-0.06728708744049072,-0.0273271556943655,1.037867784500122,1.5025150775909424,2.1652164459228516,3.422433376312256,0.0012197539610139143,286.1053206002729,0.0
6.504,44.415887696715465,3.0108780805755555,-2.0197080538204597,35,-0.03682515025138855,-0.051410309970378876,1.0065884590148926,-1.9642107486724854,8.939306259155273,3.870556354522705,0.0011286134729128474,286.1053206002729,0.0
6.554,44.49463067636652,2.9872687172106405,-2.3673831157134635,35,-0.051129572093486786,-0.04812779650092125,0.9773578643798828,3.138718366622925,-2.8658998012542725,0.8104876279830933,0.0010049559501431379,286.1053206002729,0.0
6.604,44.4522476020892,4.2012345234558515,-2.133389265117895,35,-0.11263172328472137,-0.011860989034175873,1.1183483600616455,14.343620300292969,-2.977893829345703,-0.6572846174240112,0.0009309203448517737,286.1053206002729,0.0
6.655,44.78917513208978,5.887920657399344,-2.4688341669240255,35,-0.10816433280706406,-0.06922861188650131,1.4226628541946411,-6.026278495788574,-17.955385208129883,18.681062698364258,0.0008298162970211663,282.95918505025975,0.0
6.705,45.36053349716109,4.844072862381075,-2.800773374118339,35,-0.06148906797170639,-0.06413660198450089,1.1734696626663208,-13.289064407348633,31.502416610717773,23.13381004333496,0.0007680722505022311,282.95918505025975,0.0
6.755,46.489598331965794,0.790975949541919,-4.7366507034501435,35,0.09565653651952744,-0.13407690823078156,1.1647495031356812,-28.295654296875,-2.019448757171631,13.77230167388916,0.0008533424277603281,282.95918505025975,0.0
6.805,46.34823573518315,-2.199439598039603,-4.885362447180993,35,0.08346017450094223,-0.06485360115766525,0.8667344450950623,-24.68751335144043,-0.1975424587726593,-6.895369052886963,0.003327190207833194,282.95918505025975,0.0
6.856,45.76313013038998,-2.946098128464389,-4.207488739315198,35,0.030973346903920174,-0.02835124544799328,0.8380382061004639,-0.5047478675842285,-1.5368149280548096,-27.694988250732422,0.00655782597639752,282.95918505025975,0.0
6.906,45.075745242421824,-0.7942673487851901,-1.8130669135886635,35,-0.06537142395973206,0.022417102009058,0.776282787322998,3.5813002586364746,-10.973541259765625,-20.603973388671875,0.013061208466348541,282.95918505025975,0.0
6.957,44.51816294931451,1.1772993085237808,-1.1361030556263425,35,-0.07142553478479385,0.007213504984974861,0.8528567552566528,-2.7183141708374023,-1.724153757095337,-17.36393928527832,0.018094367505756725,282.95918505025975,0.0
7.007,44.13821081373363,2.6030579763353727,-0.5519664992613138,35,-0.07030575722455978,-0.010059895925223827,0.8830526471138,5.109995365142822,-8.263729095458984,-7.9595746994018555,0.026211262916313136,282.95918505025975,0.0
7.057,43.857925373437645,3.03818994988145,-0.5670859797700977,35,-0.06443952769041061,0.0016824154881760478,0.9169790744781494,4.510303020477295,12.039351463317871,-10.24108600616455,0.03156068744482335,282.95918505025975,0.0
7.108,43.825881257361054,3.623927130265679,-0.30954288890968773,35,-0.04963546618819237,-0.035244036465883255,0.9311946630477905,12.736327171325684,4.917738914489746,5.564523696899414,0.03882602840383586,282.95918505025975,0.0
7.158,43.80868732879673,3.5831857170037837,-1.6433734063531502,35,-0.05499479919672012,-0.055119700729846954,1.0128705501556396,7.989850997924805,0.5693196654319763,-1.0521811246871948,0.04309825178063292,282.95918505025975,0.0
7.208,43.748778311886085,3.1064109177215284,-1.7133940155179808,35,-0.04183904454112053,-0.019931038841605186,0.9392185807228088,4.604641437530518,8.344854354858398,-3.6022439002990723,0.048698750156899576,263.4116686554041,0.0
7.259,43.73222767409168,3.2769378364948016,-1.3785037410280834,35,-0.057991962879896164,-0.032259389758110046,1.0479741096496582,0.2504689693450928,8.977767944335938,2.9703333377838135,0.051887700561580194,263.4116686554041,0.0
7.309,43.766082103176636,3.019691373178262,-1.665677880782262,35,-0.051768217235803604,-0.03133375570178032,1.0403956174850464,-2.272770404815674,6.485548496246338,-2.3020427227020264,0.056043250718352526,263.4116686554041,0.0
7.359,43.80306807740008,2.8531208750927384,-1.7281220907104005,35,-0.041850246489048004,-0.038808658719062805,1.0367077589035034,-5.320952892303467,-0.19390642642974854,0.9576852917671204,0.057962890834537,263.4116686554041,0.0
7.409,43.76645111942778,2.537233617319765,-1.5212835977354089,35,-0.043150436133146286,-0.013332588598132133,1.0027523040771484,-2.345397710800171,-2.4919183254241943,-0.6968123912811279,0.060806636723290806,263.4116686554041,0.0
7.459,43.77193362159685,2.430706780680771,-1.5595586049597288,35,-0.04495163634419441,-0.03520441800355911,1.0007307529449463,-5.212854862213135,0.5086656212806702,-0.027886206284165382,0.06257133770761054,263.4116686554041,0.0
7.509,43.76561541483073,2.221158882576297,-1.771461814699279,35,-0.02913980931043625,-0.03557886555790901,0.9631768465042114,0.7555493116378784,-0.7353164553642273,-0.08922693133354187,0.06490764298488741,263.4116686554041,0.0
7.56,43.71315059264285,2.3271485077118332,-1.6477173434386672,35,-0.05209122225642204,-0.01700345054268837,1.0354312658309937,3.958853244781494,4.650192737579346,-1.530351996421814,0.06631326949318418,263.4116686554041,0.0
7.61,43.730629158088895,2.885600370828293,-1.2145663581210513,35,-0.05954659730195999,-0.024038618430495262,1.0141123533248901,-0.15582510828971863,-10.561824798583984,3.25441575050354,0.06821022473531134,263.4116686554041,0.0
7.66,43.77289531327615,3.454570943481927,-1.228054970519868,35,-0.0896652340888977,-0.011680175550282001,1.1315299272537231,-1.104980230331421,0.21439723670482635,6.175283432006836,0.06952926700875717,263.4116686554041,0.0
7.711,43.852801614442356,3.956380912326756,-1.6650077780432828,35,-0.08853229880332947,-0.05800892412662506,1.304622769355774,-1.0683985948562622,-15.191512107849121,3.68982195854187,0.0723659957760679,263.4116686554041,0.0
7.761,43.93959525855401,3.248842986367742,-1.842303309012782,35,-0.03517398610711098,-0.03623918816447258,1.1260665655136108,-21.24114990234375,21.462379455566406,4.196103096008301,0.07464511827621213,282.2926369632521,0.0
7.811,43.9241755850936,1.9805105219648023,-1.5297697061276432,35,-0.01594185084104538,-0.02845226228237152,1.1277614831924438,6.025496006011963,4.449348449707031,-6.365894794464111,0.07966175131333564,282.2926369632521,0.0
7.862,43.3844105468439,0.8099473538155939,-1.2816485307424557,35,0.03440115600824356,-0.02530484087765217,1.0574886798858643,-4.950229167938232,16.681324005126953,-22.25873565673828,0.08452868318919228,282.2926369632521,0.0
7.912,42.52726746780045,-0.40439953312535,0.28159383921270603,35,0.013062967918813229,0.038264695554971695,0.8442471027374268,-8.919417381286621,12.828424453735352,-19.347190856933594,0.09381027673983196,282.2926369632521,0.0
7.962,42.116468984869556,-2.1492050292433347,1.100169103314246,35,0.08119231462478638,0.025382637977600098,0.5822930335998535,2.950239658355713,11.43259334564209,-12.207903861999512,0.10451254768191459,282.2926369632521,0.0
8.014,41.92170694906442,-0.6178293544090012,0.896714258252038,35,-0.047964684665203094,-6.701960955979303e-05,0.8898817300796509,54.4362907409668,-66.03321838378906,-3.475656509399414,0.1119941295035554,282.2926369632521,0.0
8.064,41.608468612767545,0.9691608371255319,-1.1692519865025033,35,-0.061670444905757904,-0.019701944664120674,0.7313563227653503,1.3173930644989014,26.743989944458008,-17.501605987548828,0.12159165357008395,282.2926369632521,0.0
8.114,41.37908009910919,5.274869391104966,0.2572406044879163,35,-0.17086413502693176,0.01175129134207964,1.0323046445846558,21.956096649169922,-18.62242317199707,10.087892532348633,0.1276659112799291,282.2926369632521,0.0
8.164,41.78029673961092,5.512663084982238,-1.5532694304554484,35,-0.08292403072118759,-0.054396852850914,0.941264808177948,5.140774250030518,-4.795665264129639,5.580873012542725,0.13576606395204918,282.2926369632521,0.0
8.215,42.10236259566736,5.437320935091223,-0.9151271764813964,35,-0.07222841680049896,-0.012509171850979328,0.9005858898162842,2.7782464027404785,-4.047014236450195,20.863752365112305,0.14036981537345572,282.2926369632521,0.0
8.266,42.64281782576469,3.632492320130613,-2.5417551525683986,35,-0.03117366135120392,-0.0705137699842453,0.9972535371780396,-6.510412216186523,-2.9767918586730957,7.149878978729248,0.14588686231428752,282.2926369632521,0.0
8.316,42.66327806317262,3.3355595684071755,-2.6776131875825775,35,-0.06756876409053802,-0.040757935494184494,1.060086727142334,3.703420877456665,-13.912055969238281,-0.966636061668396,0.14864516492579985,252.06153846153848,0.0
8.366,42.54580897022843,3.2199347868994503,-3.8888762348407755,35,-0.058773472905159,-0.08456038683652878,1.1168880462646484,-20.17961311340332,11.98541259765625,-9.958971977233887,0.15174393366761718,252.06153846153848,0.0
8.417,42.34764370156919,3.4425497023511236,-2.652858653121607,35,-0.06561122834682465,-0.014024665579199791,1.067954182624817,-13.109587669372559,4.181792736053467,-0.9783201813697815,0.1537456569680968,252.06153846153848,0.0
8.467,42.28035411594405,3.1236197545831286,-1.6538775464768565,35,-0.061174068599939346,-0.005534319207072258,0.9762354493141174,-12.2447509765625,0.3916808068752289,-2.5746688842773438,0.15672515494514133,252.06153846153848,0.0
8.518,42.357964636977705,3.0909586249581937,-1.0482166992311597,35,-0.05724580958485603,-0.005992179270833731,1.0063680410385132,-13.912878036499023,0.40906575322151184,6.291637420654297,0.15830187623388367,252.06153846153848,0.0
8.568,42.519418901883455,2.1081195781512663,-1.3134060689502578,35,-0.0171556044369936,-0.03044496849179268,0.9368941783905029,-2.615488290786743,0.9414159655570984,0.4168184995651245,0.16119610570479748,252.06153846153848,0.0
8.618,42.59153411325164,1.8105341791460543,-1.4009087829896498,35,-0.026919730007648468,-0.02586687169969082,0.962108314037323,1.990413784980774,-2.74710750579834,3.6888818740844727,0.16309155409267984,252.06153846153848,0.0
8.668,42.63110917247055,1.6365850494748144,-2.1925765680432083,35,-0.03207062557339668,-0.05228501930832863,0.9682436585426331,3.402414560317993,-0.797057032585144,-2.426478147506714,0.16582425432232556,252.06153846153848,0.0
8.718,42.55741836932125,2.1903664048156077,-2.011502260395213,35,-0.050181690603494644,-0.021076397970318794,1.0128647089004517,6.412751197814941,3.1860179901123047,-2.2218658924102783,0.16745281237841175,252.06153846153848,0.0
8.769,42.57684910030149,2.6035748639401395,-1.7625820152424174,35,-0.04043807461857796,-0.03851412981748581,1.0238456726074219,-2.753467559814453,-0.8328644037246704,3.139767646789551,0.17013653298035772,252.06153846153848,0.0
8.819,42.58654567657067,2.297917081515156,-1.5867346526625652,35,-0.032743267714977264,-0.019424064084887505,0.9473704099655151,2.864835500717163,-3.20324969291687,3.41795015335083,0.1718798185017726,285.6571545324525,0.0
8.869,42.68372729535673,1.815462932181778,-2.096530263379683,35,-0.021427514031529427,-0.05837976932525635,1.0137385129928589,0.7337631583213806,5.022767066955566,-2.2489798069000244,0.1746051674086137,285.6571545324525,0.0
8.92,42.647626682676766,2.062943369124676,-1.7568037825051184,35,-0.041935887187719345,-0.018077939748764038,0.9845981001853943,0.9836201667785645,-0.18690632283687592,0.7218539714813232,0.1759312046666664,285.6571545324525,0.0
8.97,42.64644721765446,2.570368907886076,-1.357164518946948,35,-0.05762002617120743,-0.014463442377746105,0.9648623466491699,8.668866157531738,1.288107991218567,-0.04558810219168663,0.1770626669527671,285.6571545324525,0.0
9.02,42.673196957575556,2.897271917292189,-1.4929451775401335,35,-0.0501384511590004,-0.02738700807094574,1.0341575145721436,3.3707282543182373,3.624255895614624,-2.2328529357910156,0.17759120088974548,285.6571545324525,0.0
9.071,42.67834868407405,3.663969337863517,-1.0347972689918314,35,-0.07593750953674316,-0.016218913719058037,1.0604878664016724,3.6740174293518066,-7.14834451675415,4.464231967926025,0.17818928998878006,285.6571545324525,0.0
9.121,42.67597693756418,4.315648138495872,-1.6541525145946157,35,-0.11297998577356339,-0.024601256474852562,1.1582061052322388,-8.663862228393555,2.9544620513916016,-5.17359733581543,0.17817466612294583,285.6571545324525,0.0
9.172,42.68092692216775,6.087507894504487,-0.822730458614961,35,-0.1405685693025589,-0.00545476283878088,1.2535456418991089,-13.5328950881958,1.2784423828125,4.618582248687744,0.17859303102644558,285.6571545324525,0.0
9.222,42.802808584207895,5.427981833365978,0.416042493630824,35,-0.08340934664011002,0.03144991770386696,1.122149109840393,-12.81416130065918,21.277240753173828,4.232468128204346,0.18000822567068075,285.6571545324525,0.0
9.273,43.04103442778771,3.101791615659995,0.8971162238418325,35,0.02539604716002941,0.0106212692335248,1.0182071924209595,-6.920953750610352,8.63428020477295,3.46356201171875,0.18158708857438619,285.6571545324525,0.0
9.324,43.080629314978715,1.108696155185968,0.9889031902285954,35,0.020064882934093475,0.0007555281626991928,1.0185272693634033,7.076040744781494,3.878978729248047,1.0166997909545898,0.1848811546005551,285.6571545324525,0.0
9.374,42.88532092050872,-0.22786305882037802,-0.1806260627197887,35,0.020792940631508827,-0.018805481493473053,1.0146883726119995,-5.574305534362793,8.910239219665527,-11.844459533691406,0.1880001224302859,283.4946941534302,0.0
9.424,42.744138944374235,-1.3194875851336667,0.36516994504271566,35,0.05915234610438347,0.019702818244695663,0.7955158948898315,-9.726024627685547,19.06519889831543,2.157576560974121,0.19387738299045015,283.4946941534302,0.0
9.475,43.04641231810188,-1.7039032670057541,0.008411892647619872,35,-0.05581114441156387,-0.03296521306037903,0.7983396649360657,15.490143775939941,-22.417675018310547,5.502728462219238,0.19866973763728468,283.4946941534302,0.0
9.525,43.88330480549149,-2.959238040547769,-0.2187938946724857,35,0.12349766492843628,-0.02024226449429989,0.6750057935714722,2.0721585750579834,19.01910400390625,14.016631126403809,0.20366032117345437,283.4946941534302,0.0
9.575,43.703520967620705,-0.8289024572942697,-0.2517537627590131,35,-0.10522149503231049,0.010508527979254723,1.0266488790512085,37.58982467651367,-32.44785690307617,-11.027454376220703,0.2112753347739574,283.4946941534302,0.0
9.627,43.73892342310503,4.473237495346725,-0.7935112664174384,35,-0.14526493847370148,-0.0245668962597847,1.0118629932403564,13.501832962036133,-24.477535247802734,6.618468761444092,0.2188609557478778,283.4946941534302,0.0
9.677,43.866074510279155,4.864296814140272,-1.6248374007467292,35,-0.06664268672466278,-0.03077869303524494,1.02643883228302,-10.592134475708008,13.887238502502441,3.727964401245117,0.223882809508499,283.4946941534302,0.0
9.727,43.86698182102318,3.3931559756443574,-1.327099344028056,35,-0.025079473853111267,-0.008916649967432022,1.000632882118225,4.527422904968262,5.421609401702881,-6.86544942855835,0.23181576682007737,283.4946941534302,0.0
9.778,43.642102260688844,3.226384907521279,0.33132765054580887,35,-0.07060757279396057,0.024491144344210625,1.0455759763717651,-7.781249523162842,19.25659942626953,-4.219279766082764,0.23696472521614678,283.4946941534302,0.0
9.828,43.788890841028106,3.666678961079284,2.4488510815951603,35,-0.0679975226521492,0.06598177552223206,1.0244700908660889,-4.975797176361084,8.603105545043945,9.98118782043457,0.2445047924750017,283.4946941534302,0.0
9.878,43.98580811715546,2.7835090794845114,2.382010630098143,35,-0.03217729553580284,0.03206755593419075,0.9883408546447754,-14.136896133422852,8.328728675842285,3.1054723262786865,0.24991795561650335,283.4946941534302,0.0
9.928,44.14729097089158,2.150035085651942,2.0817884695473334,35,-0.03588379919528961,0.023294230923056602,1.0092802047729492,-1.8190754652023315,-11.798794746398926,3.506410837173462,0.2579376753813452,280.2929697941727,0.0
9.979,44.23435743348372,1.8861520828377256,1.5471353769678071,35,-0.02436809241771698,0.01626189798116684,0.9658198952674866,-7.229726314544678,-6.330705642700195,2.5403525829315186,0.26325200727934095,280.2929697941727,0.0
10.029,44.266881534417315,1.5145603127358438,0.6382500138188424,35,-0.031172914430499077,0.0021549698431044817,0.9958498477935791,-1.1858131885528564,-13.359182357788086,-0.10536208003759384,0.2709129039893969,280.2929697941727,0.0
10.08,44.31608815082785,1.2597866823965012,0.12241569363674734,35,-0.007958545349538326,-0.009492376819252968,0.9965125918388367,-8.138504028320312,-0.2547949254512787,2.1770851612091064,0.27571774732334614,280.2929697941727,0.0
10.13,44.285191774831546,0.7608723773368382,0.11842458646267169,35,-0.01427406445145607,0.022324347868561745,0.9873077869415283,5.039549350738525,-1.7914286851882935,-1.9298756122589111,0.2894129499089427,280.2929697941727,0.0
10.18,44.296244502558366,0.6899459793588074,0.027545055997677204,35,-0.007871358655393124,-0.0024547846987843513,1.0306710004806519,1.901685357093811,-1.244646668434143,-1.9147028923034668,0.29773656866328535,280.2929697941727,0.0
10.231,44.22827051167387,1.5458965169208314,0.6689838877773482,35,-0.05688285827636719,0.0215007234364748,1.0118554830551147,4.42415714263916,-5.36048698425293,1.7765915393829346,0.3014653230140132,280.2929697941727,0.0
10.281,44.25451584164144,2.669274993325512,-0.04989857734099303,35,-0.0875244066119194,-0.02383125014603138,1.1305879354476929,0.9340350031852722,-3.8734307289123535,-0.8774896264076233,0.31109390753605526,280.2929697941727,0.0
10.331,44.15599819050286,4.153286634190254,-0.23780657106012182,35,-0.12883798778057098,0.007412001024931669,1.1621297597885132,5.443465232849121,-5.446700096130371,-3.5601418018341064,0.31872053964542013,280.2929697941727,0.0
10.382,44.20328141707389,4.857813957729763,0.24180166353743696,35,-0.07068946957588196,0.012550932355225086,1.1741570234298706,-10.852728843688965,12.658062934875488,3.7998108863830566,0.33001767297249895,280.2929697941727,0.0
10.433,44.260052777698085,3.3063432788573826,0.3514095660437372,35,-0.003253854578360915,-0.0029272697865962982,1.1284921169281006,-10.809038162231445,3.492509126663208,-0.3935805559158325,0.3377074581637468,280.2929697941727,0.0
10.483,44.239452655780845,0.3333909001823473,0.7517739898627913,35,0.07942090183496475,0.008221183903515339,1.0283482074737549,-16.31914520263672,20.539337158203125,2.3822689056396484,0.34901562005883513,267.2893193984196,0.0
10.533,44.36236767663726,-3.505509977310283,0.9984519524520883,35,0.15684089064598083,0.0200609490275383,0.8710753321647644,-10.349236488342285,8.380033493041992,0.41213133931159973,0.3568115190969267,267.2893193984196,0.0
10.583,44.354184767491724,-5.715897098701652,1.6025768084074898,35,0.15076693892478943,0.05622034892439842,0.7296491265296936,8.62845230102539,-7.960764408111572,-3.1976962089538574,0.3648902306696111,267.2893193984196,0.0
10.634,44.23389055896834,-5.751969777047757,1.508305687681883,35,0.10100772976875305,-0.0006815165979787707,0.9255715012550354,-8.82291316986084,0.5938778519630432,-3.3823509216308594,0.37636711820506763,267.2893193984196,0.0
10.684,44.08003778323219,-4.349708808466517,1.7891013972153795,35,-0.020482996478676796,0.05529164522886276,0.8280853033065796,7.825469970703125,-18.352479934692383,-6.095888137817383,0.38713152771829284,267.2893193984196,0.0
10.734,43.947725072145964,-0.11430711059201486,1.0804236837294952,35,-0.08173219114542007,0.020996293053030968,1.0958073139190674,-12.508793830871582,-1.6186294555664062,-3.215233325958252,0.39410557692539916,267.2893193984196,0.0
10.784,44.19124138812674,0.4935401435873613,1.084297683232497,35,0.021290795877575874,0.00013936989125795662,0.9852526783943176,-20.258413314819336,5.083590030670166,11.340216636657715,0.4039284294930078,267.2893193984196,0.0
10.835,44.298827874908284,-1.4258371326365968,1.4942582951640737,35,0.05536909028887749,0.024745868518948555,0.8279033303260803,-13.08488655090332,13.498711585998535,3.434384822845459,0.4102120939941314,267.2893193984196,0.0
10.885,44.2046394788457,-2.571311318556154,0.9409717451979905,35,0.0467960499227047,0.00925715733319521,0.9499731659889221,10.818285942077637,-7.7981953620910645,-8.21229076385498,0.41858950594076255,267.2893193984196,0.0
10.935,43.987436682663656,-0.5414679209138377,0.986248746451459,35,-0.036852527409791946,0.02273472212255001,1.1042799949645996,7.350460529327393,14.626961708068848,-2.6308326721191406,0.42318382392355913,267.2893193984196,0.0
10.986,44.00771524781788,-0.16178561696638838,1.535795008851085,35,0.029247039929032326,0.020410830155014992,0.9528505206108093,2.724252700805664,3.862307548522949,0.6111478805541992,0.4296292748758566,267.2893193984196,0.0
11.036,43.92239339871576,-0.5414380628399064,2.0038571670283565,35,0.008483764715492725,0.05454862490296364,1.011445164680481,0.002870944095775485,7.9462361335754395,1.112285852432251,0.4335726532020137,281.59140651225243,0.0
11.087,44.016078470833676,-0.4492780776693247,2.0761862846473216,35,0.013889268971979618,0.016572313383221626,0.9396458864212036,8.505681991577148,-16.425228118896484,-0.2306135594844818,0.43962680624342326,281.59140651225243,0.0
11.137,43.97588273947391,0.058683907844048214,1.03474930350074,35,-0.022182948887348175,0.013183430768549442,1.0836752653121948,-9.441635131835938,9.267354965209961,1.0489022731781006,0.4436361035668208,281.59140651225243,0.0
11.187,44.057184391495824,0.06103652875719985,1.3665791831685408,35,0.00615262845531106,0.02120753936469555,0.9882797002792358,0.014406782574951649,-6.19237756729126,2.6938047409057617,0.44989120487801426,281.59140651225243,0.0
11.238,44.04572276388252,-0.6794250845513516,1.3671132460289346,35,0.017253214493393898,0.046674296259880066,0.9242623448371887,-1.5958470106124878,2.667912483215332,-2.2812676429748535,0.45477641231235083,281.59140651225243,0.0
11.288,44.0978310937369,-0.8162549856768053,1.4164029347008156,35,0.021096739917993546,0.015170838683843613,0.9934403896331787,2.805424690246582,-6.965906143188477,1.0713666677474976,0.4621781356799116,281.59140651225243,0.0
11.338,44.103154773914085,-0.4540927102630479,1.0295878733502204,35,-0.00439052889123559,0.01684127002954483,1.052384614944458,-0.8033965229988098,1.1082099676132202,-0.5678022503852844,0.4672726152756901,281.59140651225243,0.0
11.388,44.09654835422112,0.6147297322901205,0.9122380483863082,35,-0.05350958928465843,0.01253434643149376,1.0563075542449951,1.0736650228500366,-6.979264259338379,-1.6878859996795654,0.47538155827897827,281.59140651225243,0.0
11.439,44.08632114258149,3.332410571349392,1.2590583669944944,35,-0.1125410795211792,0.03176763653755188,1.2001798152923584,-9.452766418457031,2.289886474609375,5.324606418609619,0.48086673904712557,281.59140651225243,0.0
11.489,44.37339834404748,3.012817975833411,2.132179439299758,35,-0.0248846597969532,0.048565249890089035,1.190450668334961,-17.982486724853516,2.818540573120117,14.400581359863281,0.488580344283166,281.59140651225243,0.0
11.539,44.978111694184925,-0.8828062866223548,2.03440559098251,35,0.12862087786197662,0.02030082792043686,1.030979871749878,-25.819984436035156,16.800832748413086,15.80079460144043,0.4967257880975698,285.2879880288396,0.0
11.589,45.55060343395009,-5.397459126401029,1.01036690191462,35,0.18367800116539001,-0.014527239836752415,1.0116783380508423,-8.540009498596191,-4.319921970367432,14.215680122375488,0.502247326371647,285.2879880288396,0.0
11.64,45.797580318142316,-7.663487879961366,0.5029975159428409,35,0.19637666642665863,-0.017628591507673264,0.9066082239151001,-1.1374863386154175,-0.25184130668640137,6.546102523803711,0.5083049154822775,285.2879880288396,0.0
11.69,45.86874974824542,-7.914379615482832,-1.4983101512411503,35,0.08528043329715729,-0.024603482335805893,1.0116418600082397,26.452714920043945,-10.70300006866455,-8.431910514831543,0.5171168970049536,285.2879880288396,0.0
11.741,45.8812820459595,-4.947753707135526,-1.5530355689387636,35,0.07236846536397934,-0.04186311364173889,1.0180875062942505,6.616083145141602,-12.126995086669922,6.52900505065918,0.5259948413802271,285.2879880288396,0.0
11.791,45.80587857164426,-3.943443309607481,1.8241111031215584,35,-0.012907330878078938,0.15928253531455994,0.5936551690101624,19.801048278808594,28.964550018310547,1.7941056489944458,0.5322929723758393,285.2879880288396,0.0
11.841,46.43632902969092,-0.9269609124423616,1.8014959167281885,35,0.025512030348181725,-0.04256366193294525,1.2028571367263794,7.675817012786865,-13.962150573730469,28.286258697509766,0.542004062857644,285.2879880288396,0.0
11.893,46.625464718377074,-0.03995891289385607,2.4648921246297886,35,-0.060025062412023544,0.06225629895925522,0.7069560289382935,-1.8068838119506836,-3.705756664276123,16.869129180908203,0.5483745145072584,285.2879880288396,0.0
11.944,47.35212913991811,-2.93255185273652,-0.19569359014169763,35,0.16467779874801636,-0.08253267407417297,0.8460005521774292,-2.6323134899139404,16.05132293701172,6.721170425415039,0.5576360434758114,285.2879880288396,0.0
11.995,46.78146344204672,-1.0543026358322864,-0.30882018805336064,35,-0.06661999970674515,0.05826525390148163,1.027405023574829,14.706640243530273,-18.79836082458496,-21.723180770874023,0.5631341165642941,285.2879880288396,0.0
12.045,46.776226852343804,1.2673778763922643,1.2286326152503608,35,-0.08062424510717392,0.021679788827896118,0.9267467856407166,8.117765426635742,-22.08530044555664,30.836454391479492,0.568239355020336,285.2879880288396,0.0
12.095,47.091934280900865,2.025486810878738,-1.511474056714327,35,-0.14074347913265228,0.02791099064052105,1.1767170429229736,3.4662363529205322,16.22366714477539,0.748079776763916,0.5755930017811612,271.95124165207807,0.0
12.149,47.223158505585054,3.6432836397055075,-0.8010463834140493,35,-0.11623641103506088,-0.03693073242902756,1.0328060388565063,-20.908693313598633,-10.082585334777832,14.43549633026123,0.580167910791423,271.95124165207807,0.0
12.2,47.477069259347104,1.2873603667232432,-0.429754645093582,35,0.03717535734176636,0.03900576010346413,0.872380256652832,-17.33623504638672,20.14838218688965,-0.1717691421508789,0.5882605424157346,271.95124165207807,0.0
12.25,47.885328694812536,0.11091229865646192,0.761137233593686,35,0.04419604316353798,-0.014172418043017387,0.9609314799308777,-4.401461124420166,-14.673699378967285,26.318893432617188,0.5964962176334767,271.95124165207807,0.0
12.3,48.16451823869,-2.190533455782923,-1.3279954589454248,35,0.08090753108263016,-0.06440515071153641,0.9754204154014587,-5.824221134185791,-0.6975951790809631,-5.538968086242676,0.6027698388338235,271.95124165207807,0.0
12.351,47.88803318739998,-1.791138493324142,-1.02068003139117,35,0.0035231427755206823,0.00855744257569313,1.001981496810913,0.44447335600852966,13.461238861083984,-7.327539443969727,0.6060269125375268,271.95124165207807,0.0
12.401,47.97452616542943,-1.7981354149887656,-0.7991245701793142,35,0.05596137046813965,-0.030091866850852966,1.0302890539169312,-1.7645413875579834,-2.274627923965454,2.879856824874878,0.6096575337937328,271.95124165207807,0.0
12.451,47.555481683318234,-1.975077883239497,0.2921201466931969,35,0.007551420480012894,0.05843016505241394,0.9498006105422974,-10.775057792663574,20.470033645629883,-20.490060806274414,0.6109946012338136,271.95124165207807,0.0
12.502,47.42526356529117,-0.19739133971054182,2.807918101543549,35,-0.02264820784330368,0.06376729160547256,1.0250229835510254,4.844433307647705,2.5739331245422363,14.429248809814453,0.6120344979890838,271.95124165207807,0.0
12.552,47.87356206098366,-1.1759696864663391,1.8145421391574472,35,0.05580512061715126,-0.004046372137963772,0.9499737024307251,-2.1022255420684814,10.028130531311035,4.131664752960205,0.6122386856568062,271.95124165207807,0.0
12.602,47.702152795893255,-1.8699584144168442,2.315532337969604,35,0.028644386678934097,0.07583140581846237,0.9414843916893005,-0.9250658750534058,7.929360866546631,-7.517937660217285,0.6125500860288998,271.95124165207807,0.0
12.652,47.938331477531904,-1.6851369806737726,1.7607840559411174,35,0.048173412680625916,-0.020662028342485428,1.053409457206726,4.185952186584473,-3.7477996349334717,13.75882339477539,0.6128433335982082,285.9102931152011,0.0
12.705,47.64104269530168,-3.7301752078665613,3.220040692366218,35,0.06296926736831665,0.15376141667366028,0.9657606482505798,-2.908134698867798,-8.75643539428711,-26.58206558227539,0.6126043534774498,285.9102931152011,0.0
12.755,47.92253483240194,0.5660869375843123,-0.30012967462209317,35,-0.07313878834247589,-0.14813654124736786,1.2912739515304565,-14.569785118103027,6.112642288208008,51.57005310058594,0.612547034699747,285.9102931152011,0.0
12.806,48.30297092280757,-4.284525916129768,-1.1705133402072705,35,0.10568998008966446,0.02204858511686325,0.7550863027572632,-14.663479804992676,22.48415184020996,-44.484928131103516,0.6119433214813674,285.9102931152011,0.0
12.856,47.48751494673929,-1.8278229440096674,0.2166236461372274,35,0.006632205564528704,0.040450748056173325,1.0386582612991333,7.232720375061035,-1.3198752403259277,10.58633804321289,0.6115712506107654,285.9102931152011,0.0
12.906,47.796690392084614,-2.5983320479638,1.7252423610069196,35,0.0699576884508133,0.06718703359365463,0.801518440246582,22.922801971435547,-6.942370414733887,-12.053085327148438,0.6109295396007857,285.9102931152011,0.0
12.956,47.8650632110447,-0.12714264671258454,3.379303079177615,35,-0.01205748226493597,0.05919918045401573,1.0316731929779053,1.8702905178070068,-2.227843761444092,25.75810432434082,0.6107505514076955,285.9102931152011,0.0
13.006,48.384659775091805,-1.1203405409697755,2.6225560868777364,35,0.03873768076300621,0.03530173376202583,0.9883164763450623,11.732442855834961,-10.467422485351562,4.523692607879639,0.61053562688537,285.9102931152011,0.0
13.057,48.780567957742626,-0.5421954506392547,0.5132550192188191,35,0.02268320880830288,-0.06872307509183884,1.1248016357421875,3.1457951068878174,3.6276261806488037,16.38326072692871,0.6098507649763258,285.9102931152011,0.0
13.107,48.72900643493667,-1.9266898496637959,-0.36658581618859254,35,0.04240301251411438,0.008206205442547798,0.9114652872085571,-3.1630680561065674,14.121722221374512,-16.896526336669922,0.6084017895177458,285.9102931152011,0.0
13.157,48.53953754188685,-0.9944637510697013,0.5984086671667385,35,0.00997855607420206,0.004044991917908192,1.0365960597991943,7.177275657653809,-2.7919037342071533,7.364577293395996,0.6073055479579206,285.9102931152011,0.0
13.208,48.41745696396101,-1.1552148662675092,0.644586191733128,35,0.0064504691399633884,0.0397019125521183,0.9389159679412842,-1.129205346107483,13.216448783874512,-11.060543060302734,0.6066191873654602,284.28249966110883,0.0
13.258,48.27676709929218,0.39090441386328845,2.5297430544156145,35,-0.04749663919210434,0.06682485342025757,0.9890676736831665,11.92589282989502,-11.764493942260742,4.735569477081299,0.6067467265902903,284.28249966110883,0.0
13.308,48.50814567175691,0.4381866834442965,1.831513166347722,35,0.013449140824377537,0.009708818979561329,1.061826467514038,-7.4453816413879395,12.331241607666016,3.543564558029175,0.6065182431945719,284.28249966110883,0.0
13.358,48.4917867690076,0.1768225243480285,1.2493595058380211,35,-0.010290829464793205,0.014412120915949345,1.0208041667938232,9.050076484680176,-16.132781982421875,-2.62528133392334,0.6063594035404432,284.28249966110883,0.0
13.408,48.47738808963805,-0.020072710752285994,0.7307735243949669,35,0.014459222555160522,0.006697800476104021,0.9555189609527588,-16.830371856689453,12.178397178649902,-3.0915446281433105,0.6056913890833701,284.28249966110883,0.0
13.459,48.35269431473641,-0.016545856848863758,1.3965692876632,35,-0.0034948766697198153,0.05556241422891617,0.9241605997085571,2.693758487701416,-6.848489284515381,1.3332492113113403,0.6058950586204946,284.28249966110883,0.0
13.509,48.41594339673848,-0.2713508231588261,1.7840544444123247,35,0.013620097190141678,0.03313831612467766,1.008434772491455,5.690861225128174,-5.571360111236572,-0.6589362621307373,0.6063508051169547,284.28249966110883,0.0
13.559,48.415676738830925,-0.15249296659544,1.6445156692671565,35,0.00019560735381674021,0.014500059187412262,0.9625238180160522,5.310188293457031,-7.65648078918457,1.9919712543487549,0.6066494964816544,284.28249966110883,0.0
13.61,48.35738201889456,0.18600220709447937,0.678253338396069,35,-0.017042377963662148,0.0017015378689393401,1.0924209356307983,0.15074557065963745,1.8653380870819092,-4.129908084869385,0.6065496866290118,284.28249966110883,0.0
13.66,48.295956941605546,0.3860679793175773,0.23400180154406985,35,-0.005466923117637634,-0.006335786078125238,1.0180784463882446,0.5367292165756226,2.00339937210083,-2.5107996463775635,0.6065096552792596,284.28249966110883,0.0
13.71,48.168528761924286,0.3444121543345552,0.7656772017309564,35,-0.013126686215400696,0.033349864184856415,0.9704590439796448,-1.084473729133606,2.6958162784576416,-2.0248632431030273,0.6065174185279805,287.20241029854833,0.0
13.76,48.153246786932954,0.19190257671694932,1.1189745849076067,35,-0.0027939944993704557,0.03705831244587898,0.9790662527084351,1.455612301826477,-1.2526694536209106,-4.1609907150268555,0.6063474058276905,287.20241029854833,0.0
13.81,48.1803262207049,0.7151202288362555,1.6720188438943278,35,-0.020711524412035942,0.028728017583489418,1.0080922842025757,3.0108420848846436,-4.129434585571289,5.783794403076172,0.6060169208896236,287.20241029854833,0.0
13.861,48.29880897052206,0.36021706171920803,0.9676460861710618,35,-0.0054464442655444145,0.006644189823418856,1.00180184841156,-1.9972431659698486,4.6047868728637695,-2.7780654430389404,0.6055186344896292,287.20241029854833,0.0
13.911,48.29610045845595,0.6606085125037159,1.04877719888938,35,-0.008396376855671406,0.012003423646092415,1.033300518989563,0.47267666459083557,4.710830211639404,2.163961410522461,0.6052573991376604,287.20241029854833,0.0
13.961,48.187815600906596,0.6106159116090851,1.4563838339484518,35,-0.02330916002392769,0.042948994785547256,0.9888388514518738,4.53559684753418,-1.8731207847595215,-2.8720171451568604,0.6049713188394013,287.20241029854833,0.0
14.012,48.20555467898364,1.1175532349014252,2.1853275491542954,35,-0.02825084701180458,0.055054210126399994,1.0002073049545288,-6.68166971206665,10.731168746948242,1.8051130771636963,0.6050858859983623,287.20241029854833,0.0
14.063,48.43614641221326,1.086896922724698,2.209838297614529,35,-0.01258715521544218,0.019543619826436043,1.0018545389175415,3.812791109085083,-8.737364768981934,9.778730392456055,0.6050941024830689,287.20241029854833,0.0
14.114,48.64190268290509,0.3662064841399737,0.17367071079609886,35,0.017466435208916664,-0.03576592728495598,1.0380055904388428,-5.096902370452881,9.23104476928711,-4.946533203125,0.6053196637851791,287.20241029854833,0.0
14.164,48.464503282008714,0.18951953791099668,0.41914707784211314,35,-0.011203593574464321,0.017952432855963707,0.9663417339324951,3.38059663772583,-5.706988334655762,1.6906847953796387,0.6049469432001849,287.20241029854833,0.0
14.214,48.41492616580052,0.05073182306537751,0.5294538548684058,35,-0.0019091377034783363,0.018960217013955116,0.9899622201919556,-0.36310821771621704,4.660353183746338,-4.2381978034973145,0.6049730280648274,287.20241029854833,0.0
14.264,48.446182648325845,0.5361648487950963,1.000662446589773,35,-0.011948254890739918,0.023544779047369957,0.9855366349220276,6.84013032913208,-4.767353534698486,4.731146335601807,0.606055313204361,285.7155313351499,0.0
14.315,48.499240588787195,0.38478487924894655,0.945971072008615,35,-0.009168612770736217,0.012661254033446312,1.0026909112930298,0.09825032949447632,-1.5465848445892334,0.9661210179328918,0.6074023606288476,285.7155313351499,0.0
14.365,48.527588118412645,-0.04365027869219547,0.3612808165933022,35,0.018005864694714546,-1.1514390280353837e-05,0.9927482604980469,0.7423735857009888,0.29268571734428406,-3.8548107147216797,0.6097674686434497,285.7155313351499,0.0
14.416,48.41229970901216,0.51928362652137,0.9906738537749576,35,-0.025177855044603348,0.026066895574331284,0.9697853922843933,3.620807647705078,-1.1623066663742065,2.465041160583496,0.6125789662247857,285.7155313351499,0.0
14.466,48.43153328572895,0.4853294217619552,0.46186658743026465,35,-0.015589658170938492,0.0022308258339762688,1.0124943256378174,3.121453285217285,-0.010622617788612843,-7.542699337005615,0.614767633117923,285.7155313351499,0.0
14.516,48.36407512478319,0.8607116531135505,0.4297780592522561,35,-0.004975320305675268,0.002916554221883416,1.007009506225586,-2.618044137954712,1.8709371089935303,0.2923409938812256,0.6169074058014107,285.7155313351499,0.0
14.567,48.22123804067559,0.8226737370219758,1.097778792920092,35,-0.034137751907110214,0.03905496373772621,0.9637221097946167,0.8017852306365967,-0.4870520830154419,-3.02915620803833,0.6202167130765146,285.7155313351499,0.0
14.617,48.164918574882805,1.0123095383665617,0.9529329287521858,35,-0.025400027632713318,0.029581133276224136,1.0134166479110718,0.8432071208953857,-4.672219276428223,-9.169049263000488,0.6242998528303862,285.7155313351499,0.0
14.667,48.073258752357454,1.9206890388218294,1.7148252845480627,35,-0.04157618433237076,0.02231336198747158,0.984940230846405,-3.25766658782959,-7.206273078918457,9.603236198425293,0.6274098091994587,285.7155313351499,0.0
14.718,48.37902880518349,0.3043205516975049,-0.48071941965419196,35,0.042976655066013336,-0.05093803629279137,0.9249297976493835,1.9798870086669922,4.248636722564697,0.7421277165412903,0.6314931612476009,285.7155313351499,0.0
14.769,48.17094264559253,0.2928997259684793,-0.26379645019832254,35,-0.022259635850787163,0.034634146839380264,0.9697736501693726,9.621943473815918,0.6284583210945129,-8.488787651062012,0.6338337649008836,285.7155313351499,0.0
14.819,48.30839771157829,1.8465501124038453,1.6205116452539106,35,-0.04414304345846176,0.006074254401028156,1.0227171182632446,1.3486229181289673,-3.427398443222046,21.31663703918457,0.6370057345375852,281.08189250770675,0.0
14.87,48.39688133060812,2.097605788938777,0.4224105984671006,35,-0.0954480841755867,-0.01805436983704567,0.9220696091651917,1.2591936588287354,-10.295899391174316,-11.275436401367188,0.6391671525865313,281.08189250770675,0.0
14.92,48.43973321379373,2.2012499045966156,-1.2443313242031258,35,0.005979851353913546,-0.012139128521084785,1.2533955574035645,-14.030815124511719,14.547337532043457,-7.189938068389893,0.6411872846776943,281.08189250770675,0.0
14.97,48.27281782122966,2.2962584911191652,0.9799852851291135,35,-0.029593393206596375,-0.00600176677107811,0.651078462600708,4.550969123840332,-43.1535758972168,25.78532600402832,0.6412488961048746,281.08189250770675,0.0
15.024,48.831055966149066,-0.5870477299123094,-3.5569841557001287,35,0.0956801325082779,-0.1283256709575653,1.230426549911499,-6.327091217041016,27.889202117919922,-13.178689002990723,0.6407067711990839,281.08189250770675,0.0
15.075,47.98927828056959,0.07696252303683486,-2.297632414553342,34,-0.05504655838012695,0.01502907183021307,0.9244347810745239,28.001811981201172,-27.62636947631836,-22.871824264526367,0.6400880580972106,281.08189250770675,0.0
15.125,47.91321815735848,3.2710335368525296,-0.39196843318709784,34,-0.029828699305653572,-0.02168068289756775,0.9948287010192871,-23.57557487487793,-26.382488250732422,27.45490264892578,0.639191381315036,281.08189250770675,0.0
15.176,48.31712025023189,1.4364788567956845,-2.018570896118421,34,-0.02617252804338932,-0.042787741869688034,0.9681482911109924,-14.273417472839355,3.591003179550171,-7.252804756164551,0.639440462472567,281.08189250770675,0.0
15.226,48.22921140514242,2.968728817071353,0.4966565328738765,34,-0.04490401968359947,0.04299336299300194,1.0090925693511963,-15.715497970581055,-6.639464855194092,-0.11464487016201019,0.6397897392434232,281.08189250770675,0.0
15.276,47.9442879830614,2.429418719305716,2.4332443240194657,34,-0.022296931594610214,0.06823421269655228,0.9289399981498718,-8.371968269348145,11.587386131286621,-17.600223541259766,0.6403071409497905,281.08189250770675,0.0
15.327,47.79594100036879,2.5464877069977447,3.8240647061019057,35,-0.03896087035536766,0.0693536326289177,1.0277436971664429,7.889358997344971,-2.0346693992614746,1.466304898262024,0.6411611000470071,291.8791927627001,0.0
15.378,47.891920064447234,2.452070432499049,1.5179435305596072,35,-0.04659518972039223,-0.033321890980005264,1.067594289779663,4.24901819229126,-15.48203182220459,7.942436695098877,0.6429028875961439,291.8791927627001,0.0
15.428,48.19078018194485,1.8807153951342412,-1.2269040049883715,35,-0.0005578672862611711,-0.06650868058204651,1.1150215864181519,-14.050183296203613,2.9878857135772705,0.9240193367004395,0.6441722590145911,291.8791927627001,0.0
15.479,48.56307197642364,1.7247645285982616,-0.1340036211766153,35,0.0006271725287660956,-0.012172378599643707,0.9660543203353882,-3.0287673473358154,16.702896118164062,0.13878938555717468,0.6448511174107541,291.8791927627001,0.0
15.529,48.12219129086258,0.822949641227306,0.9782803165215743,35,-0.009224857203662395,0.04219101741909981,1.0003551244735718,-7.771399974822998,0.7641450762748718,-14.863764762878418,0.6450479137402756,291.8791927627001,0.0
15.579,47.67432166626633,0.7009622557902122,1.6919171958876034,35,-0.020700613036751747,0.03897816687822342,0.9930122494697571,-3.5232787132263184,-5.526364326477051,-5.832198143005371,0.6452058579850748,291.8791927627001,0.0
15.63,47.856016553196625,1.1735576300848793,1.3174575721467539,35,-0.022052602842450142,-0.0065187327563762665,0.9943157434463501,4.1686601638793945,-3.3204233646392822,10.194008827209473,0.6458728600982588,291.8791927627001,0.0
15.68,48.013178159133986,0.4991221923871682,-0.326806807397977,35,-0.011525980196893215,-0.013471761718392372,1.001934289932251,-7.602536201477051,5.198902130126953,-3.7998435497283936,0.6472380464674596,291.8791927627001,0.0
15.73,48.034474089330104,0.21477669389348414,0.2571822023670517,35,0.02168181911110878,-0.005028792191296816,0.9468069672584534,-3.23742938041687,6.745999336242676,-1.0664715766906738,0.6480197482888694,291.8791927627001,0.0
15.781,47.69702425794237,-0.08728556857808661,0.32874376906929875,35,-0.014845874160528183,0.026418840512633324,0.9952611327171326,1.1687897443771362,-0.7898813486099243,-12.996723175048828,0.6483373386404273,291.8791927627001,0.0
15.831,47.50755987870349,0.19606689038470715,0.9651588257217757,35,0.0036285724490880966,0.0066472492180764675,0.9611297249794006,-1.0275200605392456,2.513244390487671,-2.9091992378234863,0.6485977992059876,291.8791927627001,0.0
15.881,47.40831302184751,0.6664853167299815,1.215588982157105,35,-0.030473848804831505,0.03675680607557297,0.9967865943908691,1.2620952129364014,0.17115117609500885,0.7340332269668579,0.6476429514774805,284.3981556821264,0.0
15.932,47.4494191365767,0.5577799477986091,1.0985073944655555,35,-0.0010876847663894296,0.028833838179707527,1.0041027069091797,2.959329605102539,-2.4966671466827393,-1.7674204111099243,0.6472111558160365,284.3981556821264,0.0
15.982,47.45540228987426,0.8671869637432498,1.9651845793195226,35,-0.02693905495107174,0.042649850249290466,1.0026556253433228,-6.10567045211792,2.1095988750457764,0.6764392256736755,0.6449703485569828,284.3981556821264,0.0
16.033,47.400438559979435,1.2618100073511453,1.3079635319147507,35,-0.04831131547689438,0.01475989818572998,1.044209599494934,-0.8869718909263611,-7.708984375,0.8350159525871277,0.6435329988845214,284.3981556821264,0.0
16.083,47.59469591676773,1.2573443588885744,0.07699459646519724,34,-0.009240456856787205,-0.022526608780026436,1.0221531391143799,-6.933536529541016,9.113279342651367,6.133732318878174,0.6413953271536489,284.3981556821264,0.0
16.133,47.47824471966706,0.4135555779066357,0.3223670866284679,34,0.005840773694217205,0.023945793509483337,0.964140772819519,-1.6603139638900757,-0.735264241695404,-6.3894524574279785,0.6395838789614458,284.3981556821264,0.0
16.185,47.067138509886185,0.4725517501878187,1.0378724066901188,34,-0.026555785909295082,0.02816736325621605,1.0003373622894287,-3.228574752807617,4.6977219581604,-9.057251930236816,0.6365647548568218,284.3981556821264,0.0
16.235,47.06840010577561,0.32529732866733707,1.0334647182386143,34,0.009343919344246387,0.0056228796020150185,0.9352725148200989,-0.6792026162147522,-3.177771806716919,3.497213840484619,0.6335085424196295,284.3981556821264,0.0
16.285,47.19411025245013,0.3853897021891061,1.1420712083814157,34,-0.019385674968361855,0.013865030370652676,0.9760675430297852,-2.7649848461151123,-3.1085989475250244,7.637304782867432,0.630685952022365,284.3981556821264,0.0
16.336,47.53152971047617,0.12136535394143846,0.4570055812454228,35,0.009550067596137524,0.006829497870057821,1.0099208354949951,4.733140468597412,-2.653275966644287,8.387438774108887,0.6254951697339228,284.3981556821264,0.0
16.386,47.55347206504029,-0.11518607149095086,0.622868754437303,35,0.00012126431829528883,0.01638624630868435,1.0177069902420044,-2.476799249649048,-9.154865264892578,-1.444764256477356,0.6217447534188265,284.3981556821264,0.0
16.437,47.417959824574744,-0.38143235595201846,1.3225410040554733,35,0.024300260469317436,0.03648025169968605,0.9347356557846069,-1.5739532709121704,5.7310791015625,-6.797390460968018,0.6155642536085881,289.00323847584923,0.0
16.487,47.37210201277002,-0.5604290769041481,2.1137835507281455,35,0.003331094281747937,0.06488457322120667,1.0026023387908936,-2.7696945667266846,-0.7870246767997742,1.0048911571502686,0.6117086948767749,289.00323847584923,0.0
16.537,47.739872678972574,-0.16623122940509458,2.051028222480025,35,-0.014297595247626305,0.014163456857204437,0.9214449524879456,3.1495206356048584,-13.278454780578613,16.616331100463867,0.6068231225618193,289.00323847584923,0.0
16.588,48.452830949837896,0.9698211092880381,0.9560502808782262,34,-0.03339564427733421,-0.004323756787925959,1.0567007064819336,-1.518728494644165,2.0707437992095947,25.750852584838867,0.6032593342501583,289.00323847584923,0.0
16.638,49.25839356560583,0.24503628646023903,-0.49562968940523877,34,0.01710827648639679,-0.03802674263715744,1.0015660524368286,-14.713829040527344,-12.219499588012695,21.227333068847656,0.5977351607937317,289.00323847584923,0.0
16.689,49.57609281290512,-0.8465347015943818,-1.6054701906989046,34,0.033177703619003296,-0.052858296781778336,0.9952172040939331,-13.072948455810547,-11.397621154785156,9.137574195861816,0.5942102660427746,289.00323847584923,0.0
16.74,49.92679718649013,-1.5962230246818454,-3.099653442829173,34,0.04385404661297798,-0.0541406124830246,0.9991750121116638,-5.063330173492432,-1.7994576692581177,-4.530340194702148,0.5887382006385651,289.00323847584923,0.0
16.79,49.646351909472955,-1.239692329448104,-2.667690313162433,34,0.0009316583746112883,-0.04681001603603363,1.0088517665863037,-1.3557517528533936,-0.9812350273132324,-2.982853651046753,0.585269140254156,289.00323847584923,0.0
16.84,49.6239737860943,-1.1316366108322975,-2.1679437319025094,34,0.01736622303724289,0.0007437858148477972,1.061143398284912,-19.386274337768555,11.095359802246094,-11.008892059326172,0.580652010323059,289.00323847584923,0.0
16.891,49.117239345450876,-0.804671668518168,-0.27089349521586714,34,-0.0045365807600319386,0.013293568044900894,0.9990301132202148,5.839447021484375,0.5695557594299316,-17.9985408782959,0.5781192454976227,289.00323847584923,0.0
16.942,48.719099284321004,-0.4852487163410577,-0.31565769864249854,34,-0.0059093995951116085,0.0037524132058024406,1.018303632736206,2.487846612930298,-4.44483757019043,-9.41844654083252,0.5742979352507592,285.61824991487913,0.0
16.993,48.85283743562499,0.16153865780543628,-1.2016027586733145,34,0.010149943642318249,-0.060173068195581436,1.0133219957351685,2.1819381713867188,-15.149055480957031,13.665111541748047,0.5711349703622377,285.61824991487913,0.0
17.043,49.06223198543645,-0.9364230518442108,-2.7223826184443127,34,0.03027796745300293,-0.06821639090776443,1.0198055505752563,-17.50287437438965,8.453116416931152,2.6773681640625,0.5670064939048324,285.61824991487913,0.0
17.093,49.15341782572698,-1.7719085095856184,-2.248123967912556,34,0.04505010321736336,-0.027963662520051003,0.9489485025405884,4.207338809967041,-2.611912727355957,0.02547512762248516,0.563323833217047,285.61824991487913,0.0
17.144,49.15131353278285,-1.6103304706636885,-1.94777949882756,34,0.014694579876959324,-0.017406785860657692,1.036060094833374,-7.349883556365967,2.4510035514831543,0.7989802956581116,0.5613694370364603,285.61824991487913,0.0
17.195,49.255917767335546,-1.5395012330358808,-0.7663297298671228,34,0.027430299669504166,0.005955801345407963,1.020058274269104,-2.0113718509674072,8.186291694641113,4.027336597442627,0.5599333568296238,285.61824991487913,0.0
17.245,49.54212026504391,-2.016881878689085,0.009561577105248202,34,0.04785330966114998,0.01459303218871355,0.9051862955093384,-11.764605522155762,-7.381619453430176,14.431334495544434,0.5579059848553812,285.61824991487913,0.0
17.296,50.22203129395351,-2.889882328531531,-1.197106455845084,34,0.060661979019641876,-0.059434086084365845,0.9907674789428711,-8.218446731567383,-29.792037963867188,20.0572566986084,0.5560301177095978,285.61824991487913,0.0
17.346,50.820190341130946,-3.555765037161408,-2.7329821048449428,34,0.06060563400387764,-0.03496389836072922,1.0509120225906372,-33.71273422241211,2.067420721054077,13.169065475463867,0.5551131756507256,285.61824991487913,0.0
17.396,51.06721382238752,-5.410096196297643,-3.5076501567085954,34,0.14186924695968628,-0.10413938760757446,0.9077468514442444,-21.202363967895508,-29.538496017456055,12.013970375061035,0.5540132011139205,285.61824991487913,0.0
17.448,51.3063074926582,-6.374848380499632,-4.290802737781725,34,0.11329838633537292,-0.05413730442523956,0.977704644203186,-14.601304054260254,-11.636178016662598,1.5575666427612305,0.5526541086660053,285.61824991487913,0.0
17.498,51.444618458412656,-6.859789229886672,-4.076782024995394,34,0.1352507472038269,-0.09551278501749039,0.9660817980766296,-7.986561298370361,-8.977897644042969,9.18054485321045,0.5515371810520926,286.9077228264587,0.0
17.549,51.66990728831188,-7.4851699405358785,-4.949247793558287,34,0.13071924448013306,-0.08190633356571198,0.9444668292999268,-0.36236289143562317,-2.344625473022461,3.09675669670105,0.5509136883496351,286.9077228264587,0.0
17.599,51.51120217673186,-6.465759310798677,-4.174459513541397,34,0.09255373477935791,-0.06312469393014908,0.9295375943183899,14.680750846862793,-10.738472938537598,-8.684676170349121,0.5504192301280757,286.9077228264587,0.0
17.649,51.292215444094225,-5.754207649720253,-5.464795987089765,34,0.09478700160980225,-0.12782971560955048,1.1341689825057983,-2.252277374267578,9.70238971710205,0.36328136920928955,0.5497518092315105,286.9077228264587,0.0
17.7,51.38061482436583,-5.750172379368876,-5.725106648078248,34,0.10507166385650635,-0.11046744138002396,0.9873532652854919,2.0213654041290283,9.984967231750488,2.907670497894287,0.5485827523325822,286.9077228264587,0.0
17.75,51.2821423232194,-6.208532507263364,-5.709166904547135,34,0.131102055311203,-0.10234867036342621,0.9779000878334045,0.977059543132782,10.486546516418457,-11.766735076904297,0.5480224570296169,286.9077228264587,0.0
17.8,50.718321292681324,-5.971077877597245,-4.5474848333680855,34,0.07605460286140442,-0.031761348247528076,0.9497383236885071,1.454905390739441,9.550294876098633,-26.612009048461914,0.5476249427200733,286.9077228264587,0.0
17.851,49.768984246837775,-4.241283158122213,-1.8038742624417787,34,0.029157623648643494,0.04588564485311508,0.9438647031784058,19.06612777709961,-19.479450225830078,-34.14876174926758,0.5474954982635925,286.9077228264587,0.0
17.901,49.16530511103811,-2.1523809397883467,-0.24058610016042173,34,-0.05271841585636139,0.06591136008501053,0.9922202825546265,10.013655662536621,-9.96442985534668,38.99980163574219,0.5473391529866058,286.9077228264587,0.0
17.952,51.63741912953555,-1.7716238896252097,-1.1760004396580437,34,0.16543100774288177,-0.17113183438777924,1.0405045747756958,-10.305624008178711,6.386068820953369,92.38562774658203,0.5471833384945717,286.9077228264587,0.0
18.002,52.65230914738169,-6.6964291649164895,-8.092692922427249,34,0.12862789630889893,-0.1857554316520691,1.0209388732910156,10.451663970947266,-5.561854839324951,-18.813188552856445,0.5469087121498417,286.9077228264587,0.0
18.052,52.20087537895509,-4.059537498342507,-6.09560562149719,34,-0.0076582361944019794,-0.04840993508696556,0.9462507963180542,10.885066032409668,12.08533763885498,1.2961763143539429,0.5472425720391222,285.793404197329,0.0
18.102,52.47725464814303,-3.3730750368320073,-6.205511658920646,34,0.080292709171772,-0.14296285808086395,1.0803288221359253,5.206323623657227,13.245156288146973,1.8410255908966064,0.548065853873745,285.793404197329,0.0
18.152,52.11602724388749,-3.2144287817659207,-5.505957645306651,34,0.03172353655099869,-0.056607238948345184,1.0179117918014526,5.169865131378174,16.139503479003906,-10.012465476989746,0.5494280848668045,285.793404197329,0.0
18.202,51.95033324378127,-2.7027034382963118,-3.8439312772589482,34,0.034943707287311554,-0.04283129423856735,0.979780375957489,3.9548444747924805,3.768639087677002,-5.4996018409729,0.5505975111041514,285.793404197329,0.0
18.253,51.65949992854158,-2.4447838116577825,-3.3993646502764845,34,0.020303471013903618,-0.025725074112415314,0.9994389414787292,-4.743032932281494,18.13938331604004,-17.00763702392578,0.5516229160226511,285.793404197329,0.0
18.303,51.32994153872585,-0.6435611577260341,-0.5043436126770122,34,-0.03034728765487671,0.028757935389876366,0.9940741062164307,1.1628358364105225,3.8633227348327637,0.7591992020606995,0.5525602924471522,285.793404197329,0.0
18.353,51.40405909874269,-0.8616639055979484,-0.5760364232052162,34,0.03010748326778412,-0.008903034031391144,1.0506292581558228,-0.3152087330818176,4.056185722351074,-4.718736171722412,0.5545537284749763,285.793404197329,0.0
18.404,51.291631525529425,-0.7481123916535953,0.6253095136621432,34,0.0025533009320497513,0.027443988248705864,0.9759006500244141,-2.0776543617248535,6.091968059539795,1.1026358604431152,0.5557964895760191,285.793404197329,0.0
18.454,51.42560117098074,-1.0924441637318552,0.34492844127951866,34,0.03096337616443634,-0.009002730250358582,1.0147002935409546,1.4540390968322754,3.7047066688537598,2.1228647232055664,0.5579339445939737,285.793404197329,0.0
18.504,51.59122780020291,-0.07381052975229488,0.9236274387258432,34,-0.15835511684417725,0.19535283744335175,0.9756301045417786,18.940500259399414,13.658802032470703,41.457340240478516,0.5597035477692941,285.793404197329,0.0
18.555,52.38059868770788,-1.820980204917035,-0.40751103313007336,34,-0.04513975977897644,0.06784599274396896,0.95526522397995,-15.363265037536621,-16.932666778564453,10.387020111083984,0.5616936705607796,285.793404197329,0.0
18.605,52.66087505803328,-2.4245051933104533,-1.6590622391429917,34,-0.019443262368440628,0.015394933521747589,0.9846980571746826,-6.7072930335998535,-11.708033561706543,7.134995937347412,0.5630324636688883,285.3073940548262,0.0
18.655,52.380114663099086,-2.617534644046437,-2.090522609263482,34,0.010273014195263386,-0.02193642407655716,1.016300082206726,1.1521148681640625,-0.12045381218194962,-7.2204976081848145,0.564701948854797,285.3073940548262,0.0
18.706,51.94211943550554,-3.24162185458821,-3.044083992600594,34,0.1387714445590973,-0.1263546496629715,1.0102410316467285,5.775748252868652,3.7531893253326416,-17.03129768371582,0.5651175292176024,285.3073940548262,0.0
18.756,51.00867372737011,-2.773892612977419,-2.5045450680964505,34,-0.009418264031410217,0.024113327264785767,1.0009621381759644,-2.1733925342559814,3.495159864425659,-31.94467544555664,0.5658597237916989,285.3073940548262,0.0
18.806,50.6427589107154,-1.3684168519203537,-1.1449229290055871,34,0.0022132585290819407,-0.00896313227713108,1.025931715965271,-0.5105512738227844,-2.9160714149475098,-2.521184206008911,0.5662372083709576,285.3073940548262,0.0
18.857,50.35808487276822,-1.5423974738347004,-1.3329208344175387,34,0.02479051984846592,-0.014128933660686016,0.9992262721061707,4.2179274559021,0.7039262056350708,-9.27580738067627,0.5661438756109234,285.3073940548262,0.0
18.907,50.43096314360261,-0.9143270368895323,-0.4191245509516456,34,0.02631508558988571,-0.008737247437238693,0.9918572306632996,2.671732187271118,-2.6965315341949463,6.046865463256836,0.5658549916950824,285.3073940548262,0.0
18.958,50.497418826556554,-1.3743776543575676,-0.947679679394844,34,0.018905213102698326,-0.015948353335261345,0.9946218729019165,-2.3423521518707275,-3.8091490268707275,0.19810597598552704,0.564447093537038,285.3073940548262,0.0
19.009,50.49852593554075,-1.1678195746691318,-0.9350894946175154,34,0.018757682293653488,-0.014785128645598888,0.9984641075134277,2.496067523956299,0.6324408054351807,-1.889711618423462,0.5634405692843641,285.3073940548262,0.0
19.059,50.37079512674037,-1.2045856390904235,-1.3691869183879504,34,0.02307923138141632,-0.035350602120161057,1.003927230834961,-0.10188030451536179,-4.047121047973633,-6.399000644683838,0.5623579081952791,285.3073940548262,0.0
19.109,50.26820687135031,-1.030895813389049,-1.5135553784978504,34,0.01133651752024889,-0.024579787626862526,1.0000815391540527,2.188337564468384,0.2944923937320709,-0.05433794483542442,0.5611653886748332,285.3850445669184,0.0
19.16,50.334258940915745,-0.8695105088003182,-1.6049383157685357,34,0.029205188155174255,-0.04830678552389145,0.9984331727027893,3.9785425662994385,0.01672837883234024,5.878178119659424,0.5592543172372441,285.3850445669184,0.0
19.21,50.38242960319728,-1.1283430157830197,-1.7759037695571924,34,0.01440223678946495,-0.013446620665490627,1.001783847808838,3.380871295928955,3.7811944484710693,-3.0484774112701416,0.5584519855142575,285.3850445669184,0.0
19.26,50.38147129593801,-0.7829448100880145,-1.4622410891513193,34,0.010444965213537216,-0.026099231094121933,0.9992002248764038,4.567946434020996,2.8388702869415283,0.04977129399776459,0.5573657637762527,285.3850445669184,0.0
19.311,50.17047843898545,-0.7493674049805515,-1.4057341481063579,34,0.010603629983961582,-0.028410455211997032,1.0107698440551758,1.9471633434295654,-1.6619980335235596,-8.659978866577148,0.5570578144010511,285.3850445669184,0.0
19.361,49.94624135027776,-0.5439546198870705,-1.2967685259156578,34,0.01340355072170496,-0.021775973960757256,0.9730757474899292,2.228248357772827,1.0585546493530273,-5.058198928833008,0.5573440891607963,285.3850445669184,0.0
19.411,49.86950066948258,-0.4065945872408871,-1.190056692192762,34,0.00714867701753974,-0.016354070976376534,0.9966839551925659,1.8386400938034058,1.7627668380737305,1.143592119216919,0.5578664053005474,285.3850445669184,0.0
19.462,49.963557493301664,-0.5013788081452283,-1.268952911421306,34,0.009018217213451862,-0.020399093627929688,0.9945067763328552,2.002556562423706,2.8023910522460938,2.5600497722625732,0.5585163357942158,285.3850445669184,0.0
19.512,50.03785330025062,-0.3066962418101026,-0.7482549648957004,34,0.004596394952386618,-0.004457902163267136,0.9920111894607544,-0.5565972328186035,2.534899950027466,3.2229549884796143,0.5588285369489308,285.3850445669184,0.0
19.562,50.073919689334694,-0.5537088727934905,-0.9346581601070191,34,0.018201105296611786,-0.02945037931203842,0.9945063591003418,-2.063588857650757,1.2278493642807007,-0.4173303246498108,0.5593897663740286,285.3850445669184,0.0
19.613,49.99427432343909,-0.4930028088373824,-1.0162845751975265,34,-0.001878222799859941,-0.008789369836449623,1.0028117895126343,2.0318169593811035,-0.769193708896637,-3.9233436584472656,0.5595906158491136,285.3850445669184,0.0
19.663,49.97568178973212,-0.1907242870562155,-0.6872898411402293,34,0.0032469092402607203,-0.006086548790335655,0.9917962551116943,0.9386113882064819,3.357532024383545,1.4223300218582153,0.5595738505612303,284.70703231061634,0.0
19.713,49.98975174840208,-0.1807230139062337,-0.4045141060072605,34,-0.0006314718048088253,-0.0030949197243899107,0.9999169111251831,-0.7896592617034912,2.889616012573242,1.2445839643478394,0.5593089214838063,284.70703231061634,0.0
19.764,50.04116390786565,-0.011038201902634772,-0.43107703840052836,34,-0.0018751499010249972,-0.006768553052097559,1.012821912765503,1.349596381187439,-0.052478399127721786,0.7380085587501526,0.5588488852727368,284.70703231061634,0.0
19.814,50.10401298745632,-0.1363879756773868,-0.5280544743645629,34,0.010053211823105812,-0.009111599065363407,1.0077545642852783,0.5978110432624817,0.9423627853393555,1.9872742891311646,0.5581217199521734,284.70703231061634,0.0
19.864,50.10782866594158,-0.17161578739667807,-0.24917784608902718,34,-0.004241336137056351,0.0036723767407238483,0.9944750666618347,-0.9884634613990784,1.4409232139587402,1.0255767107009888,0.5577201694735551,284.70703231061634,0.0
19.915,50.16708698336879,-0.245510797581065,-0.5144628629114375,34,0.017154138535261154,-0.021742166951298714,1.0040864944458008,0.05120100826025009,-0.5116258263587952,-0.12823210656642914,0.5575821456348772,284.70703231061634,0.0
19.965,50.12146432219053,-0.2921790383417131,-0.32375067399228574,34,-0.00028224714333191514,0.004706431180238724,0.9860833883285522,-1.0777791738510132,0.42205333709716797,0.21367138624191284,0.5573102431440444,284.70703231061634,0.0
20.016,50.14567012218609,-0.2638489378161135,-0.13459401158299533,34,0.0035680211149156094,0.003996232058852911,0.9911674857139587,0.2821596562862396,-1.493174433708191,-1.175188422203064,0.5571619122084536,284.70703231061634,0.0
20.066,50.137650387400576,-0.1515255830583844,-0.09898931555830044,34,0.007295429706573486,-0.006848081015050411,1.0116722583770752,-0.1173468604683876,-0.2975975275039673,0.6636196374893188,0.5571283839313125,284.70703231061634,0.0
20.116,50.105317795189116,-0.23159499301527134,-0.3590349679904849,34,-0.0002164859906770289,-0.004360309801995754,0.9981150031089783,0.3931662440299988,1.9391390085220337,-2.638458251953125,0.5566522709323956,284.70703231061634,0.0
20.167,50.1592043740387,-0.21202449259464018,-0.2823977740863508,34,0.010099818930029869,-0.005699923727661371,0.9968200325965881,-1.1656248569488525,2.956939220428467,0.5239870548248291,0.5564272064481534,284.70703231061634,0.0
20.217,50.18331524380565,-0.3711215277000355,-0.26791422066825404,34,0.009262381121516228,-0.004766881000250578,0.9981642961502075,0.8902023434638977,-0.061594441533088684,0.9075748324394226,0.5560184491529715,284.61043631675375,0.0
20.267,50.190361875492414,-0.31429418384107394,-0.21744124929386133,34,0.0019559538923203945,-0.004372337367385626,1.0052047967910767,-2.1271140575408936,2.2226076126098633,0.7699936628341675,0.5552837830627434,284.61043631675375,0.0
20.318,50.165599527172766,-0.21091368243063777,-0.02339605782847655,34,-0.0006246099947020411,0.00891799759119749,0.983583390712738,1.138936996459961,-0.8643801212310791,-1.5314637422561646,0.554411157090979,284.61043631675375,0.0
20.368,50.179908014780565,-0.26841659575779275,-0.09880724953734553,34,0.007661813870072365,-0.0043483274057507515,0.9932147264480591,0.38210856914520264,0.14196006953716278,0.039106063544750214,0.5538368909217378,284.61043631675375,0.0
20.418,50.182250707732365,-0.054353352278239515,0.009861186168465019,34,-0.004679808858782053,0.0018910341896116734,1.0072746276855469,-0.7801810503005981,1.3763844966888428,1.6353023052215576,0.5530794705238118,284.61043631675375,0.0
20.469,50.24328724181036,-0.22466630531232815,-0.12110993099635049,34,0.011009344831109047,-0.00322823878377676,1.0019491910934448,2.5145444869995117,-4.3884172439575195,0.6640748381614685,0.5529041674865678,284.61043631675375,0.0
20.52,50.31607468360992,-0.16479725414408594,-0.39057944624265284,34,0.0010646551381796598,-0.012848509475588799,1.0111085176467896,0.1735531985759735,-0.7308095097541809,1.67357337474823,0.5526429801271345,284.61043631675375,0.0
20.57,50.351217588405504,0.09710155929495581,-0.4854882297177375,34,-0.003571047680452466,-0.009040897712111473,1.0050339698791504,0.5091136693954468,-0.5187094807624817,1.9276140928268433,0.5527683121700043,284.61043631675375,0.0
20.62,50.32485221501154,0.035387697149998065,-0.5569709877648616,34,-0.000725132878869772,-0.0038692867383360863,0.9979926347732544,1.655706763267517,-1.207245111465454,-1.8939851522445679,0.5528767973936751,284.61043631675375,0.0
20.671,50.265944634538734,0.1518000026349428,-0.34212612252635904,34,-0.0053305840119719505,0.0008612927631475031,0.9948373436927795,0.9488344788551331,-1.3924647569656372,-0.9618825912475586,0.5530469916146656,284.61043631675375,0.0
20.721,50.23282000473364,0.18719855240932076,-0.4033382123714017,34,-0.00382674066349864,-0.006006886251270771,1.000745177268982,-0.21931961178779602,-1.236338496208191,-1.4221580028533936,0.5541477982488024,283.8400216552751,0.0
20.771,50.22319413747285,0.2128589246958454,-0.46447727912541636,34,-0.004955057054758072,-0.0034552200231701136,0.9977248311042786,0.8223510384559631,-0.3524250388145447,-0.31666111946105957,0.5550685652016684,283.8400216552751,0.0
20.822,50.25061922539703,0.16437866073102556,-0.3383939513470466,34,-0.0005686519434675574,-0.005144008435308933,1.0037195682525635,-0.7839964032173157,-2.1178722381591797,2.11989426612854,0.5564072689232531,283.8400216552751,0.0
20.873,50.25842430827727,0.1473701516958868,-0.18700190899625885,34,-0.006460958160459995,0.004113044124096632,0.9892224073410034,-1.6857690811157227,-0.7714042067527771,-1.2657575607299805,0.5576877936667772,283.8400216552751,0.0
20.923,50.278022681750066,0.11615266531136244,-0.2066884567615477,34,0.008778783492743969,-0.017238639295101166,0.9944119453430176,-1.1761858463287354,0.9877257943153381,0.7689457535743713,0.5586912733271023,283.8400216552751,0.0
20.973,50.258391282989095,-0.12257414421666714,-0.7724871482703193,34,0.004283511079847813,-0.02376200258731842,1.0078340768814087,0.47695448994636536,-0.62598717212677,-0.662613570690155,0.5604355949121768,283.8400216552751,0.0
21.023,50.23453481930597,-0.053765573156689124,-0.747566779062929,34,0.004295941907912493,-0.009133991785347462,1.0057474374771118,1.2296923398971558,-1.7572358846664429,-0.6991661190986633,0.5614356494264097,283.8400216552751,0.0
21.074,50.125259362054635,0.19734121922897233,-0.3270352205076934,34,-0.01043468713760376,0.008451799862086773,0.9905224442481995,2.7780377864837646,-1.8378286361694336,-3.074394941329956,0.5628227029913963,283.8400216552751,0.0
21.124,50.08728932034377,0.36322404411072673,-0.09506610461771824,34,-0.004722937010228634,-0.0022860211320221424,0.9953354597091675,2.0244150161743164,0.8413197994232178,-1.3584463596343994,0.5635632238768232,283.8400216552751,0.0
21.174,50.04770095420206,0.3295721193749579,-0.1320781819221947,34,-0.003921435680240393,-0.011567991226911545,1.0068174600601196,-0.875709593296051,0.6745092272758484,-0.28408944606781006,0.5649244437145013,283.8400216552751,0.0
21.225,50.06301491655279,0.22907604955228553,-0.374319943511554,34,-0.008681187406182289,-0.003937015775591135,0.9802309274673462,-1.0492846965789795,1.1280328035354614,0.5050691366195679,0.5655087841878755,283.8400216552751,0.0
21.275,50.148963229922835,0.2672611600998215,-0.4666854301923126,34,-0.0034781659487634897,-0.010544291697442532,1.0014803409576416,-1.011063575744629,1.1008554697036743,3.264176607131958,0.566870743883558,286.14435802974486,0.0
21.325,50.245281686709895,0.21998677070402844,-0.7096016691741119,34,-0.008459438569843769,-0.013563575223088264,1.0026885271072388,-0.9680213928222656,-0.3431989550590515,1.2386101484298706,0.5679548993282303,286.14435802974486,0.0
21.377,50.28107119272665,0.2271131758376068,-0.6664451746860369,34,0.0054310522973537445,-0.013944249600172043,0.9951532483100891,-1.9139490127563477,-0.9279747605323792,-1.4649605751037598,0.5691531064628172,286.14435802974486,0.0
21.427,50.23361603290638,0.19888326914091387,-0.5201557795989562,34,-0.008612267673015594,-0.006524286232888699,0.9901158213615417,-3.1890969276428223,-0.3904953896999359,0.14100541174411774,0.5693632155728064,286.14435802974486,0.0
21.477,50.21876767442055,0.08638286736565845,-0.7737453258403905,34,0.0029579726979136467,-0.018643535673618317,1.0135315656661987,-1.0582752227783203,-1.0613224506378174,-3.1746370792388916,0.5691510239004395,286.14435802974486,0.0
21.528,50.168992424278194,0.3314094263227724,-0.5914656032668977,34,-0.011403202079236507,-0.004303758963942528,0.9955217242240906,-0.15567441284656525,-3.464261770248413,1.9745291471481323,0.5692599085196305,286.14435802974486,0.0
21.578,50.19106627943058,0.11803990915642182,-0.9679624440799258,34,0.0013432985870167613,-0.017668304964900017,0.9950733184814453,0.3185917139053345,-0.9035303592681885,-0.5269546508789062,0.5691999817228086,286.14435802974486,0.0
21.629,50.2313207496944,0.16834921591142732,-0.8301731527751133,34,0.005064352881163359,-0.013520125299692154,0.996483325958252,0.9701948165893555,1.0699466466903687,-0.15723946690559387,0.5691955745437417,286.14435802974486,0.0
21.679,50.19123898992588,0.22644397114138087,-0.7314397289487093,34,-0.011018756777048111,-0.011871663853526115,1.0033955574035645,-1.008524775505066,-2.3058109283447266,-1.2353168725967407,0.5689631420207012,286.14435802974486,0.0
21.73,50.16849361975877,0.2368287352753261,-0.8765644218176647,34,-0.0003622498770710081,-0.024197718128561974,0.9962757229804993,-1.4599086046218872,-1.4323484897613525,-0.23744718730449677,0.5681020015336007,286.14435802974486,0.0
21.78,50.14044793882786,0.24630766751333702,-1.1236241484543907,34,-0.0017980396514758468,-0.024372419342398643,0.9983673691749573,0.2122889906167984,-0.5074875950813293,0.2920922338962555,0.566842416538926,286.14435802974486,0.0
21.831,50.171278801730175,0.3380438449197418,-0.9750274023395716,34,-0.013444148935377598,-0.014424178749322891,0.9902686476707458,1.0973904132843018,-0.9609459638595581,1.8299627304077148,0.5659677220360688,285.26858464258993,0.0
21.881,50.20771293745617,0.22746504304520612,-1.1243534686555678,34,0.002959130797535181,-0.018465282395482063,0.9922827482223511,-0.06796009838581085,0.08031047880649567,-0.35833680629730225,0.5652806250399462,285.26858464258993,0.0
21.931,50.22496976332707,0.009941070192741014,-1.0758553856455564,34,0.005125478841364384,-0.01681128330528736,1.000308632850647,-0.45227596163749695,1.2849982976913452,0.8801565766334534,0.564310896119805,285.26858464258993,0.0
21.981,50.1855915687088,-0.3113352007328987,-1.0275148817342994,34,0.0086195208132267,-0.012983977794647217,1.025948405265808,-1.7351913452148438,-0.4010290503501892,-2.6975505352020264,0.5641670997855385,285.26858464258993,0.0
22.032,50.108014170097505,0.2780170255903593,-0.6101044171149501,34,-0.011344349943101406,-0.001223639934323728,1.008371114730835,1.3559821844100952,2.0807104110717773,-0.39245548844337463,0.5640493946290057,285.26858464258993,0.0
22.082,50.03392153611836,0.2092112336101867,-0.6208763260973493,33,-0.004104169085621834,-0.0068818251602351665,0.9963480234146118,0.9616760015487671,2.371872663497925,-3.340827703475952,0.5642607433158058,285.26858464258993,0.0
22.133,50.047632355638086,0.26240243568465343,-0.36515474728754627,33,-0.005724632181227207,-0.01655423268675804,1.002428650856018,-1.8443167209625244,2.03631591796875,1.9009854793548584,0.5641023864269555,285.26858464258993,0.0
22.183,50.05610052870079,0.3597175095304731,-0.33769505974240177,33,-0.017519090324640274,0.005481792613863945,0.9971312880516052,-0.26844310760498047,1.522631049156189,0.6421501040458679,0.5633732417910936,285.26858464258993,0.0
22.233,50.106890430947594,0.5318518572114144,-0.4559480852194802,33,-0.010745376348495483,-0.018840592354536057,1.0068007707595825,-0.15325668454170227,-1.0435125827789307,2.313539505004883,0.5629807519372904,285.26858464258993,0.0
22.283,50.12465872805657,0.40497623075465217,-0.6203056136973006,33,-0.007072044536471367,-0.007612885907292366,0.9905852675437927,0.2137576937675476,0.07370354235172272,-0.06919766217470169,0.563126730721769,285.26858464258993,0.0
22.334,50.166453749443505,0.26928084113290396,-0.7509013089841435,34,0.007099844980984926,-0.019705435261130333,1.0120586156845093,2.6406781673431396,-4.366257667541504,-0.3408534526824951,0.5632391184444844,285.26858464258993,0.0
22.385,50.159033126383086,0.3233993348926442,-0.8849937479196943,34,-0.015404840931296349,-0.01306496188044548,1.0059726238250732,1.156062126159668,-4.339812755584717,-0.03508628159761429,0.5632891276141636,279.63890926061737,0.0
22.435,50.19168134212029,0.16289456057480048,-0.7883586283342489,34,0.00634543364867568,-0.008540380746126175,0.9524968862533569,1.1140245199203491,0.8554185032844543,-1.8511682748794556,0.5637817246274095,279.63890926061737,0.0
22.485,50.166004150972505,0.2960116750496732,-0.69463148388876,34,-0.012737122364342213,-0.0039312951266765594,1.0023704767227173,-0.2568989396095276,-3.5299901962280273,1.7799384593963623,0.5637522664286068,279.63890926061737,0.0
22.536,50.227822641509334,0.2188689244182519,-0.9594480987380821,34,0.005840539000928402,-0.028113849461078644,0.9897022247314453,-0.7115631103515625,-0.5466148257255554,-0.40491893887519836,0.5643416621679328,279.63890926061737,0.0
22.586,50.17314016440521,0.20622143073288465,-0.71118665629868,33,-0.011926264502108097,-0.003072763793170452,0.9947212338447571,-0.7099141478538513,3.4625489711761475,0.3520609438419342,0.5649947431605163,279.63890926061737,0.0
22.636,50.2336467990403,0.25035137475893093,-0.7971252101060018,33,-0.005614602938294411,-0.02368442341685295,1.0074673891067505,1.127185583114624,0.7518324255943298,2.131330728530884,0.5662742817661299,279.63890926061737,0.0
22.687,50.201779362326725,0.16197523184863102,-1.2611379831842027,33,-0.0052870954386889935,-0.02044317126274109,1.0019898414611816,2.2817399501800537,-0.9704921841621399,-3.112027406692505,0.5671825981403743,279.63890926061737,0.0
22.737,50.170387149467416,0.333899880813574,-0.9075449012705638,33,-0.007700157817453146,-0.007934956811368465,0.9924564361572266,-1.565134048461914,0.9442914724349976,1.3951629400253296,0.5679653032173996,279.63890926061737,0.0
22.787,50.19072817112263,0.24177256383267026,-0.7520427416017555,33,-0.01321723684668541,-0.00737548153847456,0.9957412481307983,-1.4393576383590698,-0.018288809806108475,0.12127294391393661,0.568567808482775,279.63890926061737,0.0
22.838,50.18532412996986,0.3551881707685256,-0.5886316718967659,33,-0.01359099242836237,-0.0034853776451200247,0.991848886013031,-0.3316803574562073,1.4334867000579834,0.5302344560623169,0.569006291217952,279.63890926061737,0.0
22.888,50.21514237333656,0.30332465263575287,-0.7794598111821801,33,-0.00043686848948709667,-0.020128296688199043,0.9981037378311157,0.7572543025016785,-0.2725183665752411,0.22041630744934082,0.5697345455621469,288.3079461094309,0.0
22.938,50.216827014885176,0.30796010925718537,-0.9140901477392802,33,-0.003963370341807604,-0.018658792600035667,1.0060560703277588,2.4780144691467285,0.3367869257926941,0.8253178000450134,0.5717714331880858,288.3079461094309,0.0
22.988,50.23051687940453,0.4450994721724435,-0.8773163109882278,33,-0.007643059361726046,-0.014997784048318863,0.9956538677215576,1.6094506978988647,-1.3032320737838745,-0.3629849851131439,0.5736419084486207,288.3079461094309,0.0
23.038,50.14975135660832,0.6087482406092389,-0.46853887892243046,33,-0.014739194884896278,-0.00021843146532773972,0.9999040961265564,-0.020822031423449516,-0.5519620776176453,-1.926632046699524,0.5748273496821307,288.3079461094309,0.0
23.089,50.118990544819056,0.42654620839278673,-0.6040402256291233,33,-0.003619031747803092,-0.015522967092692852,0.9966960549354553,-0.7057525515556335,-1.277291178703308,-1.877671718597412,0.5760190666773974,288.3079461094309,0.0
23.14,50.1172784195622,0.4996526198121243,-0.8465689014756848,33,-0.008569899946451187,-0.017203103750944138,1.0048640966415405,1.0460284948349,-0.5844926834106445,1.4704326391220093,0.5769623665800068,288.3079461094309,0.0
23.192,50.1904737157321,0.43419323009623645,-1.0789217731838547,33,-0.0018415105296298862,-0.027299819514155388,1.0011677742004395,2.6470320224761963,-0.018270453438162804,1.3380376100540161,0.5779364843721181,288.3079461094309,0.0
23.242,50.20463416460655,0.4589282605772396,-0.8814531723610517,33,-0.012371539138257504,-0.008920260705053806,1.0119860172271729,-1.7224109172821045,1.1339807510375977,0.770616888999939,0.5785513673121094,288.3079461094309,0.0
23.293,50.17950049416634,0.5070216106196621,-0.8852512400004203,33,-0.010331381112337112,-0.008855444379150867,1.0140548944473267,-2.2584643363952637,1.8717323541641235,-1.3944824934005737,0.5802037653737515,288.3079461094309,0.0
23.343,50.061975578184835,0.3245918718863799,-0.7076918208448154,34,-0.0016644967254251242,-0.008773385547101498,0.9724675416946411,-0.7906661033630371,-1.3453519344329834,-3.5521106719970703,0.5810457416793756,288.3079461094309,0.0
23.394,49.969748304433374,0.2682067542738212,-0.5359799517231691,34,-0.005825867410749197,-0.010669524781405926,0.9997914433479309,-0.3477584421634674,-0.49089503288269043,-2.2827823162078857,0.5825136900322616,288.3079461094309,0.0
23.445,49.94539164261576,0.47150705612475907,-0.6801342333801073,34,-0.009853928349912167,-0.014294152148067951,1.0025817155838013,1.1852316856384277,-1.5447500944137573,1.5252113342285156,0.5832844478690219,285.46273735792556,0.0
23.495,50.00164171956697,0.43653591498850247,-0.8612358120600639,34,-0.010309869423508644,-0.018358023837208748,0.9934433102607727,0.13501739501953125,-0.721575140953064,2.437859296798706,0.5840731472234286,285.46273735792556,0.0
23.546,50.05947378177122,0.33796519473667963,-1.0544539959322992,34,-0.005810573231428862,-0.018088195472955704,0.9992462992668152,1.0164881944656372,-0.5046105980873108,0.6794896125793457,0.584945155604132,285.46273735792556,0.0
23.596,50.060880597353,0.24169555546120278,-1.0406708012318768,33,0.0037708571180701256,-0.018261143937706947,0.9870941638946533,0.2573639154434204,0.23431691527366638,-1.0520548820495605,0.5852834275011785,285.46273735792556,0.0
23.647,49.97724196039406,0.21677178019736987,-1.0439176425573906,33,-0.011757335625588894,-0.012699652463197708,1.002520203590393,-1.3948438167572021,-1.7893494367599487,-3.8597261905670166,0.5853718240382889,285.46273735792556,0.0
23.698,49.85505549620956,0.415885030642826,-0.9510906766853946,33,-0.011082395911216736,-0.01695661060512066,1.0092698335647583,-0.2520483136177063,0.8748964071273804,-3.829784631729126,0.5858199061611651,285.46273735792556,0.0
23.748,49.688771083009335,0.5605650772166352,-0.8660393183129997,33,-0.013508367352187634,-0.012958856299519539,1.004172682762146,-0.07907607406377792,2.3535308837890625,-3.0921878814697266,0.586289472140308,285.46273735792556,0.0
23.798,49.68064378837949,0.49138659014862607,-0.7473626028692831,33,-0.0018532497342675924,-0.011320936493575573,1.0016943216323853,0.9346252679824829,-1.637163758277893,1.3275272846221924,0.5861941418270373,285.46273735792556,0.0
23.849,49.72970058014102,0.36263472496066984,-0.8973294672412991,33,-0.009106849320232868,-0.017468951642513275,0.9949469566345215,-0.4940713346004486,0.01737365499138832,1.169037938117981,0.5860004734119152,285.46273735792556,0.0
23.899,49.78436872865198,0.5919056022959984,-1.2321730778815627,33,-0.012162583880126476,-0.026101838797330856,1.0116348266601562,2.247093915939331,-3.0630338191986084,0.930968165397644,0.5860376553277531,285.46273735792556,0.0
23.955,49.739668003107944,0.6608892862965559,-1.0662213852915041,33,-0.009771410375833511,-0.013831445947289467,1.0252697467803955,-3.8597233295440674,0.44406694173812866,-0.7134207487106323,0.5863190512603601,285.46273735792556,0.0
24.005,49.69595866433776,0.6104092451146651,-1.1744426870104492,33,-0.02902144566178322,-0.008872522972524166,1.0154495239257812,-1.2318779230117798,-0.9699487686157227,-0.6034883260726929,0.5864270660036964,286.417918601475,0.0
24.055,49.67243338523461,0.6635104848884585,-0.8826615244559517,33,-0.013038046658039093,-0.005663537420332432,0.9891695976257324,-1.4484785795211792,4.03517484664917,-1.5213819742202759,0.5872373071278765,286.417918601475,0.0
24.105,49.61793591884307,0.24145023024387371,-0.7052217588680798,33,0.011042299680411816,-0.013134971261024475,0.9542660713195801,5.230698108673096,-6.151049613952637,-1.8407038450241089,0.5877869072906863,286.417918601475,0.0
24.156,49.61048231239197,0.17801141517513508,-0.9123541516366264,33,-0.0011695256689563394,-0.02093818411231041,0.9931697845458984,2.2755095958709717,-2.4303858280181885,2.9645228385925293,0.5884991468523324,286.417918601475,0.0
24.206,49.64006416944235,0.1584112987309671,-1.4019412702480962,33,-0.004453033208847046,-0.026675166562199593,1.0052920579910278,2.730771780014038,-1.7999215126037598,-2.126293897628784,0.5890172898020678,286.417918601475,0.0
24.256,49.608037345623075,0.28965001768041565,-1.500195321549276,33,-0.0019118754426017404,-0.03966238349676132,1.0819965600967407,-7.973305702209473,4.9134063720703125,-0.12026704102754593,0.5897965498307255,286.417918601475,0.0
24.306,49.57472085965722,0.06280698299522006,-1.3762973397136011,33,0.007948314771056175,-0.017770737409591675,0.9782916903495789,0.9586358070373535,-3.1279733180999756,-1.6048296689987183,0.5905118043009903,286.417918601475,0.0
24.357,49.55375278156636,0.06210126719924737,-1.2170614635878088,33,-0.00593338580802083,-0.01580372266471386,0.9962694048881531,-0.8237727880477905,0.15054263174533844,-2.079284191131592,0.5913131238986986,286.417918601475,0.0
24.407,49.56455000069089,0.29126407290840584,-1.127944010348688,33,-0.004817252978682518,-0.020770832896232605,0.9993899464607239,1.2891682386398315,-1.180397868156433,1.8341244459152222,0.5925045230056512,286.417918601475,0.0
24.458,49.54002693947164,0.24084694411197144,-1.1739620820674814,33,-0.004584887996315956,-0.0169315654784441,0.9970316886901855,2.080986738204956,-0.6709683537483215,-1.696431279182434,0.5936308168518998,286.417918601475,0.0
24.508,49.50606316612787,0.5134516917311109,-1.185903508530083,33,-0.017038697376847267,-0.02540205977857113,1.024330735206604,-1.8135700225830078,0.5178234577178955,-0.04332154989242554,0.5942087525801742,286.417918601475,0.0
24.559,49.5022311792501,0.4137027689379469,-1.2919667082413766,33,-0.0017483843257650733,-0.020723363384604454,1.0086771249771118,-4.136351108551025,3.2298669815063477,-0.45350703597068787,0.5940167379931605,254.55507677368453,0.0
24.609,49.49341523278486,0.2522852650337197,-1.2085513531731524,33,-0.002068048343062401,-0.020830316469073296,0.9913530349731445,-0.8523524403572083,-0.7303348183631897,0.7300271391868591,0.5942679362583363,254.55507677368453,0.0
24.659,49.52604055410845,0.2769052058113875,-1.3977942156075125,33,-0.002282994333654642,-0.029575522989034653,1.0008035898208618,1.201481580734253,-2.7347776889801025,1.2541109323501587,0.5939235257880574,254.55507677368453,0.0
24.71,49.52386257030925,0.1408598964959083,-1.6112227330631685,33,0.003471784759312868,-0.033370088785886765,0.9839736819267273,0.739718496799469,-1.1803632974624634,-0.7359808087348938,0.5934366768580571,254.55507677368453,0.0
24.76,49.50500388777412,0.04515196492708237,-1.5390922569723644,33,0.004318429157137871,-0.02369619905948639,0.9899219870567322,0.6499789357185364,1.6028857231140137,-0.6596155762672424,0.5932835090425561,254.55507677368453,0.0
24.811,49.44478158729873,0.3418798793980268,-1.1887497350598994,33,-0.01610768772661686,-0.01356704905629158,1.00187349319458,1.6365830898284912,4.194713115692139,-1.060078501701355,0.5921324635029726,254.55507677368453,0.0
24.861,49.36565974008485,0.2539857795098792,-0.9813921656348066,33,0.002877990948036313,-0.010053985752165318,0.992340087890625,0.0937468633055687,4.475371837615967,-2.8682737350463867,0.5910568044416278,254.55507677368453,0.0
24.911,49.310643454031585,0.3975950543752563,-0.33153620183069377,33,-0.02056407742202282,0.011683265678584576,1.0035463571548462,-0.7583199739456177,-0.5585291981697083,1.7699153423309326,0.5887570999126998,254.55507677368453,0.0
24.962,49.31652203752191,0.5083416273341288,-0.4413229821098895,33,-0.008348415605723858,-0.01762603595852852,0.9991084337234497,0.6953250169754028,-1.7107900381088257,-2.8373639583587646,0.587178387828959,254.55507677368453,0.0
25.012,49.23287298491255,0.6353037151809064,-0.5307451610948474,33,-0.01255984976887703,-0.008785021491348743,1.0014151334762573,1.1767821311950684,0.8258482813835144,-1.3009575605392456,0.585201399574208,254.55507677368453,0.0
25.062,49.248046170626665,0.5449292389486199,-0.3784073123976574,33,-0.003938297275453806,-0.002346809720620513,0.9785589575767517,-1.5759942531585693,2.1902248859405518,1.1710081100463867,0.5836037709703829,285.8713195201745,0.0
25.113,49.33876049760875,0.44025104868383,-0.5598338640851158,33,-0.00874167401343584,-0.017799178138375282,1.0007927417755127,-0.5833117365837097,0.935684084892273,2.499621629714966,0.5814788686822634,285.8713195201745,0.0
25.164,49.383018265975124,0.3901613207672783,-0.8646846774196976,33,-0.008210400119423866,-0.023788239806890488,1.002455234527588,0.05335752293467522,0.6141569018363953,0.0404079332947731,0.5803937373414665,285.8713195201745,0.0
25.214,49.35402705123381,0.3572584886221311,-0.9374501070554615,33,-0.004270057659596205,-0.017750905826687813,0.9985716342926025,0.31081539392471313,1.1594147682189941,-1.530383825302124,0.5789215144281167,285.8713195201745,0.0
25.264,49.32338031992522,0.25889017660997365,-0.7530710832303442,33,-0.0033873720094561577,-0.00828363373875618,0.9975766539573669,-2.012354612350464,2.148766040802002,-0.4925530254840851,0.5778677724824385,285.8713195201745,0.0
25.314,49.29461283042388,0.4380334685561127,-0.4004097565786255,33,-0.018183639273047447,0.007225443609058857,1.0022449493408203,0.22767910361289978,2.532885789871216,-0.3476793169975281,0.5766131863576359,285.8713195201745,0.0
25.364,49.331928598604534,0.5225160545647843,-0.3905021494407167,33,-0.0043568178080022335,-0.01832890696823597,1.0035852193832397,1.0463950634002686,-0.6206692457199097,0.8585933446884155,0.5757914758016371,285.8713195201745,0.0
25.415,49.386457029901585,0.566547600077101,-0.4193058309295739,33,-0.013356274925172329,-0.00042107648914679885,1.008163571357727,-1.1529138088226318,-3.4848201274871826,2.962747573852539,0.5744842136323735,285.8713195201745,0.0
25.466,49.42710217668375,0.4468094191399209,-0.3457750943572514,33,-0.008710270747542381,-0.0008201900636777282,0.9971173405647278,-1.0583240985870361,-0.505622386932373,0.6371585130691528,0.5738989359496488,285.8713195201745,0.0
25.517,49.40394749833373,0.30420729996579166,-0.2431163476758458,33,0.002720902906730771,-0.00460584694519639,0.9994081258773804,-0.19606934487819672,-1.2091829776763916,-2.891679525375366,0.5734867895806349,285.8713195201745,0.0
25.567,49.30899019911702,0.5052422219301019,0.07726488283575166,33,-0.01163981668651104,-0.0016540231881663203,0.998820960521698,0.488119512796402,-1.3065317869186401,-0.8395139575004578,0.573153960442009,285.8713195201745,0.0
25.617,49.256289387390865,0.48985577323203483,-0.06629427513096425,33,-0.016719331964850426,0.00727128004655242,0.992362380027771,0.5491694808006287,0.8095503449440002,-2.0519866943359375,0.5728953301599674,282.1027710519236,0.0
25.668,49.31729946046821,0.6270052683538017,-0.08726473321837444,33,-0.00447917589917779,-0.01211501844227314,1.0065114498138428,0.6954116225242615,-0.9194774031639099,4.201976299285889,0.5723928158418565,282.1027710519236,0.0
25.718,49.40571212568015,0.48401623821090156,-0.38806731691924307,33,-0.008900213986635208,-0.008194575086236,1.0075457096099854,0.49239808320999146,-2.7765374183654785,2.0702736377716064,0.5725782652525538,282.1027710519236,0.0
25.769,49.47957909833806,0.36469659306234975,-0.46159153824185906,33,-0.0037369460333138704,-0.006007087416946888,0.9844911098480225,-3.5132288932800293,3.028773069381714,0.8504413962364197,0.5733468200584465,282.1027710519236,0.0
25.819,49.49405682593177,0.11210681651521054,-0.7328565548761735,33,0.00803478341549635,-0.02211952582001686,1.0009149312973022,-0.2236810326576233,-0.44830459356307983,0.014489485882222652,0.573037847969299,282.1027710519236,0.0
25.87,49.44007324560368,0.0029928539620907315,-0.8027155904343133,33,-0.00561527768149972,-0.011692013591527939,0.9938523173332214,-2.4536855220794678,1.418412446975708,-1.0155237913131714,0.5723032426896579,282.1027710519236,0.0
25.92,49.41400775108015,0.15870893179722562,-0.6601344282930394,33,-0.009065629914402962,-0.005036706104874611,1.00516939163208,0.03822452574968338,1.4860179424285889,-1.5912230014801025,0.5715679293889131,282.1027710519236,0.0
25.97,49.377963926703075,0.3297137913682016,-0.35452265252833626,33,-0.011811680160462856,0.00048130800132639706,1.0047967433929443,2.4828743934631348,0.36687830090522766,-0.13894863426685333,0.5705637446392908,282.1027710519236,0.0
26.021,49.378030302328824,0.35682721219991603,-0.261343262187751,33,-0.005667170509696007,-0.0014009014703333378,0.9951404929161072,-0.492861270904541,0.994307816028595,-0.28255194425582886,0.5701797161263145,282.1027710519236,0.0
26.071,49.442956525688096,0.2665550607399034,-0.40376656516981296,33,0.003954640589654446,-0.017966389656066895,1.001593828201294,0.300862580537796,2.103273391723633,1.225854516029358,0.5696242140542248,282.1027710519236,0.0
26.121,49.44703648568547,0.4425068238585735,-0.479371320225685,33,-0.020596686750650406,-0.009542803280055523,1.0041333436965942,0.9231870770454407,-0.3937748074531555,1.9775938987731934,0.5695276397831681,282.1027710519236,0.0
26.171,49.47348435092448,0.352063613738411,-0.7690399182579177,33,0.001628879806958139,-0.01760600134730339,0.9969559907913208,0.08071321249008179,-0.21545034646987915,-2.8311328887939453,0.5693724245197829,263.759527103509,0.0
26.222,49.42520204318892,0.5422737453464106,-0.484089867241486,33,-0.010838106274604797,-0.0018702023662626743,0.998441755771637,1.3533589839935303,-0.06135307997465134,1.0304738283157349,0.5690079238107738,263.759527103509,0.0
26.272,49.407467923841814,0.3534198600479902,-0.2283584614378981,33,-0.0069159348495304585,0.007346495985984802,0.9937800765037537,-0.9093526005744934,0.28855812549591064,-0.5718330144882202,0.5677955502223787,263.759527103509,0.0
26.322,49.42155550051504,0.44374491781298314,-0.06806730624751274,33,-0.006489322986453772,-0.011425940319895744,1.0068646669387817,0.14365167915821075,-2.9956791400909424,0.13449035584926605,0.5665359437751555,263.759527103509,0.0
26.372,49.43661594002934,0.43069948545028247,-0.4624605759755936,33,-0.005830564070492983,-0.011842800304293633,1.0108773708343506,0.47012120485305786,-0.2160572111606598,0.370810866355896,0.5647090036680826,263.759527103509,0.0
26.423,49.47436330010959,0.3522468719337675,-0.48982834794554997,33,-0.003119263332337141,-0.01702466607093811,0.9708338975906372,-0.5825200080871582,1.5063962936401367,1.7660869359970093,0.5633973939229714,263.759527103509,0.0
26.473,49.44877814491938,0.3121170816769735,-0.7561558681325136,33,-0.013244529254734516,-0.008209827356040478,1.0070176124572754,1.2913199663162231,0.8337175250053406,-3.369800329208374,0.5614001561283791,263.759527103509,0.0
26.524,49.420807927109976,0.39672753486461554,-0.6529967192340674,33,-0.0019480532500892878,-0.017404800280928612,0.9999929666519165,0.1261250078678131,-0.8757134079933167,-0.11221955716609955,0.5598729375220798,263.759527103509,0.0
26.575,49.33420250092011,0.4957099395109999,-0.43805675642644815,33,-0.02369418367743492,0.011604443192481995,1.0027943849563599,1.0250974893569946,-0.915779173374176,-2.1074936389923096,0.5591642088553117,263.759527103509,0.0
26.625,49.36727849905971,0.7120546878300227,-0.2042793669047488,33,-0.00718750711530447,-0.01031243335455656,0.9926480650901794,-0.9731059670448303,-0.6615058779716492,1.8746378421783447,0.5581424054452153,263.759527103509,0.0
26.675,49.40924577610029,0.4845551695154808,-0.6348092651604063,33,-0.012059884145855904,-0.01604326441884041,1.0037721395492554,-1.671918511390686,0.8482595086097717,0.8727375268936157,0.557590890857879,284.6877078666938,0.0
26.725,49.502088295632284,0.3954586452039106,-0.9235849199024121,33,0.005011147819459438,-0.027588840574026108,1.013228416442871,0.6124095320701599,0.5068166851997375,2.9903500080108643,0.5575526736842453,284.6877078666938,0.0
26.776,49.48583211048003,0.21424875210856123,-0.8622998904709929,33,-0.009229165501892567,-0.009538726881146431,0.9944961667060852,-0.35052046179771423,-0.46040865778923035,-1.089017629623413,0.5573398750742585,284.6877078666938,0.0
26.827,49.47009445922529,0.11549509156776301,-0.9646691416138213,33,0.003606269136071205,-0.020456818863749504,0.9934266209602356,-0.07944533973932266,-0.01600920781493187,-2.2096469402313232,0.5567386277224837,284.6877078666938,0.0
26.877,49.40312716081702,0.20376988252198044,-0.6490379949812067,33,-0.004141550045460463,-0.004166386555880308,0.9968212842941284,0.8155615329742432,0.19774696230888367,-0.3420674204826355,0.5569451172073819,284.6877078666938,0.0
26.927,49.35355170364852,0.3014156887068005,-0.33582619127904184,33,-0.021250901743769646,0.009687010198831558,0.9939174056053162,0.8376678228378296,1.5596853494644165,-2.3784732818603516,0.5575132568573643,284.6877078666938,0.0
26.978,49.40220206213188,0.4264014385395835,-0.39909215710740886,33,-0.004424859303981066,-0.01755034551024437,1.00242018699646,1.1010706424713135,1.6753181219100952,0.5240312218666077,0.5582398311264554,284.6877078666938,0.0
27.028,49.42367759159343,0.35517411661662335,-0.5261726622446424,33,-0.005717822350561619,-0.011163474060595036,0.9962419271469116,-0.7213947772979736,1.1353120803833008,1.9762986898422241,0.5584911240594946,284.6877078666938,0.0
27.079,49.50631614206661,0.3402881027837289,-0.5574623495344232,33,-0.004157711286097765,-0.013439295813441277,1.003257393836975,-0.10330414772033691,0.4693617820739746,2.706329822540283,0.5582955515438125,284.6877078666938,0.0
27.129,49.539310524335775,0.26217751710195275,-0.9137206253599198,33,-0.00029760869801975787,-0.021457577124238014,0.997289776802063,0.5473921895027161,-0.684182345867157,0.7328962683677673,0.5588203262806851,284.6877078666938,0.0
27.179,49.53856282891311,0.21128912769698818,-0.9449388707281613,33,-0.005325270816683769,-0.016346819698810577,1.0010343790054321,-0.5253536105155945,-2.78418231010437,-0.46726447343826294,0.5592077754814777,284.6877078666938,0.0
27.23,49.519522545012606,0.2184430921368346,-1.135052348024337,33,0.0027785899583250284,-0.02788494899868965,0.9975695013999939,1.8527426719665527,-2.978473663330078,-1.229848027229309,0.5598686006384626,284.842376910017,0.0
27.28,49.45521242779911,0.1901311827086241,-1.127714808283693,33,-0.009298160672187805,-0.006831748876720667,1.0045405626296997,-0.6379408836364746,2.0284900665283203,-2.6963937282562256,0.5604921355476206,284.842376910017,0.0
27.331,49.39293760678275,0.40138798649135415,-0.32658600231608753,33,-0.014977971091866493,0.009960437193512917,0.9947660565376282,-0.3702424168586731,-0.4234825074672699,1.0928031206130981,0.5617393153243446,284.842376910017,0.0
27.381,49.404349487099964,0.2956226090213462,-0.22972324779634623,33,-0.00152962701395154,-0.004695908632129431,1.0022664070129395,0.22459179162979126,0.508128821849823,-0.9025641679763794,0.5627765470866747,284.842376910017,0.0
27.432,49.361847764240636,0.4237638625033331,-0.14818297490287213,33,-0.015340883284807205,0.004646344110369682,1.0042173862457275,0.6774768829345703,-1.147556185722351,-0.7354099750518799,0.5644778071057953,284.842376910017,0.0
27.483,49.37049117715149,0.5027030031342257,-0.5829789611530956,33,-0.007452395278960466,-0.021482132375240326,1.0031239986419678,2.059324264526367,-3.845219373703003,-0.14376728236675262,0.5656196707502099,284.842376910017,0.0
27.533,49.39280940741374,0.6369128894918321,-0.6763232068075344,33,-0.010739654302597046,-0.01357308216392994,1.0047370195388794,-1.7099107503890991,1.40903639793396,3.2423112392425537,0.566694072179986,284.842376910017,0.0
27.583,49.44988992864574,0.2549724340801003,-0.9249891027843573,33,-0.00011514280777191743,-0.020224912092089653,0.9758054614067078,-3.1595265865325928,0.6524358987808228,-0.03450639545917511,0.5675975847991765,284.842376910017,0.0
27.633,49.45881380940369,0.1250326200006752,-0.8403810664719714,33,0.006591974291950464,-0.014565552584826946,0.9944905042648315,-0.6618799567222595,-0.08042798936367035,0.48878538608551025,0.5690705054920884,284.842376910017,0.0
27.684,49.44364249575595,-0.05292647329997436,-1.032514941653833,33,-0.0006256182678043842,-0.021986844018101692,1.010018229484558,-3.444037437438965,0.14974556863307953,0.21173948049545288,0.5702728486037821,284.842376910017,0.0
27.734,49.404387465401925,0.026480350324041297,-1.0905889118328416,33,-0.005194297060370445,-0.014611413702368736,1.001186728477478,0.28360605239868164,-0.9709106087684631,-2.1139919757843018,0.5712034614613198,284.842376910017,0.0
27.784,49.38064894450808,0.18472982600345603,-1.2865515258980338,33,-0.00035157869569957256,-0.02959950640797615,0.998332679271698,2.53255558013916,-4.1670074462890625,-0.7139444351196289,0.5734985965642967,287.43859649122805,0.0
27.834,49.33995039402929,0.11902213107504149,-1.3206401532915077,32,0.0025053289718925953,-0.021611757576465607,0.9935289621353149,0.23244145512580872,-0.07451766729354858,0.29474592208862305,0.5754204528976432,287.43859649122805,0.0
27.885,49.32581199158295,0.08002682830712964,-1.3757835240695244,32,-0.009139209985733032,-0.02223743498325348,1.0114766359329224,0.3320280909538269,-1.4016748666763306,-2.125959873199463,0.5777362904833526,287.43859649122805,0.0
27.935,49.3079846086664,0.2397612346305092,-1.4480557560521976,32,-0.0013135296758264303,-0.02937770076096058,1.0059216022491455,0.9289795756340027,-0.5044286847114563,-1.1872825622558594,0.5796975014543484,287.43859649122805,0.0
27.986,49.21106111135304,0.28264512735716935,-0.8996344387861881,32,-0.01229686476290226,0.004667900037020445,0.9635042548179626,-0.7049729824066162,1.788150668144226,-1.9941754341125488,0.5823794486628426,287.43859649122805,0.0
28.036,49.22321542432403,0.15280648137998515,-0.5990993916356967,32,0.003816064214333892,-0.011466704308986664,0.9939015507698059,-0.8759341239929199,2.0771613121032715,0.17940425872802734,0.584097716056248,287.43859649122805,0.0
28.086,49.24260031790035,0.20665059034408426,-0.015521040064834783,33,-0.011913226917386055,0.015617940574884415,1.0041401386260986,-1.8590747117996216,1.431972861289978,1.3141463994979858,0.5861396038161333,287.43859649122805,0.0
28.136,49.28889200227839,0.0668544223727905,-0.3097923419015024,33,0.00979706458747387,-0.021099062636494637,1.004881501197815,0.28216391801834106,-0.8891915082931519,-0.2930568754673004,0.5873503425145039,287.43859649122805,0.0
28.186,49.27492456463944,0.12256144944456743,-0.542853222788853,33,-0.002836896339431405,-0.012860361486673355,0.9990339279174805,1.394765019416809,-1.3333745002746582,0.07727129012346268,0.5883612219234015,287.43859649122805,0.0
28.237,49.266819911348335,0.22275627726443092,-0.5486508153814859,33,-0.006160144228488207,-0.012844066135585308,1.0038734674453735,1.1882954835891724,-0.2592066526412964,-0.6124401092529297,0.5884296907000414,287.43859649122805,0.0
28.287,49.24222793468399,0.3610243748280445,-0.6155734146659801,33,-0.010940389707684517,-0.008570973761379719,1.0059350728988647,-0.3424522280693054,-0.15181541442871094,-1.0168368816375732,0.5883767416707115,287.43859649122805,0.0
28.337,49.30265821628494,0.27256980705929573,-0.8308162480264615,33,0.0069915372878313065,-0.027902962639927864,0.9846696853637695,-1.6788535118103027,-1.1490912437438965,0.9003481864929199,0.5883384538795502,283.3606269423051,0.0
28.388,49.31629329732592,0.1829222531822201,-1.1487249513729034,33,-0.010103422217071056,-0.020083874464035034,0.999839723110199,0.16424398124217987,-3.198621988296509,1.2844117879867554,0.5875814668939427,283.3606269423051,0.0
28.438,49.354476233162806,0.3964994836246273,-1.2185814126773993,33,-0.009336985647678375,-0.018903682008385658,1.0157243013381958,-5.765857696533203,1.4836961030960083,0.3985832929611206,0.5871825419812207,283.3606269423051,0.0
28.488,49.36071211939616,0.19258760348302228,-1.1629760042356512,33,0.010970449075102806,-0.022963618859648705,0.991028904914856,-0.7897431254386902,-3.2261080741882324,-0.9089270830154419,0.5863477856790762,283.3606269423051,0.0
28.539,49.313406506222734,0.10101884756469226,-1.0872941597852774,33,-0.0035495806951075792,-0.014677141793072224,0.9868993163108826,-2.50232195854187,1.5903433561325073,0.26184412837028503,0.5858767568988402,283.3606269423051,0.0
28.589,49.29325082073331,-0.011099302904414347,-0.9973972721860014,32,0.0011227608192712069,-0.015229105949401855,1.0037037134170532,1.8179177045822144,0.6732607483863831,-1.249215841293335,0.585217541350428,283.3606269423051,0.0
28.641,49.27171413813366,0.17325896993448023,-0.7511601947467622,32,-0.006919892504811287,-0.0043352749198675156,1.0062237977981567,0.10869532823562622,-0.7430829405784607,-0.15207524597644806,0.5848968312182612,283.3606269423051,0.0
28.692,49.301769951308174,-0.04252291075789725,-0.6667741398403657,32,0.004989485256373882,-0.011745077557861805,0.9817928671836853,0.21272730827331543,3.1320252418518066,-0.8674066662788391,0.5839491491844084,283.3606269423051,0.0
28.743,49.29616430020076,0.246723146157148,-0.3786213773351651,32,-0.003936208784580231,-0.006650485564023256,1.0070021152496338,1.1511354446411133,-0.9666483998298645,1.1325910091400146,0.5828050196782883,283.3606269423051,0.0
28.793,49.276174564251825,0.18479782293770092,-0.446147392380324,32,-0.009918958880007267,-0.0005676473956555128,0.997236967086792,-0.13365758955478668,-1.0050815343856812,-1.3217438459396362,0.5820399022892003,283.3606269423051,0.0
28.844,49.284501446078174,0.06365950317286548,-0.43867278066189613,32,0.009496343322098255,-0.01328245922923088,0.9918513298034668,-1.0708582401275635,-0.08089527487754822,1.1011114120483398,0.5814913397309015,281.4213633923779,0.0
28.894,49.307203648676456,0.005456026445023678,-0.26260759841071524,32,-0.006704417522996664,0.002919381018728018,0.9863765239715576,0.6013378500938416,2.3440330028533936,0.9354732036590576,0.5815763817092239,281.4213633923779,0.0
28.945,49.35966283268866,0.14862057085520844,-0.5582619539235851,32,-0.002186540747061372,-0.01988985389471054,1.0062897205352783,0.9963417649269104,0.17626258730888367,0.680383563041687,0.5810224116705918,281.4213633923779,0.0
28.995,49.404216540706585,0.18226970511983498,-0.6331517284936592,32,-3.3986856578849256e-05,-0.01894039660692215,0.9858600497245789,-0.7160394787788391,0.3306598663330078,3.3241374492645264,0.5802191406049554,281.4213633923779,0.0
29.045,49.42615603335687,0.04016462924293186,-0.9290325030516878,32,-0.005448546260595322,-0.017135493457317352,0.9922159314155579,-1.942043423652649,2.5538809299468994,0.11589737981557846,0.5790011323750524,281.4213633923779,0.0
29.096,49.50792752055312,-0.16127157155079874,-1.162722568067395,32,0.01008552685379982,-0.025647515431046486,1.009465217590332,-0.4444167912006378,2.3115272521972656,2.471024513244629,0.5780177473483654,281.4213633923779,0.0
29.147,49.581602057124584,-0.13151381516475769,-0.997473049153638,32,0.0008188921492546797,-0.020686261355876923,0.9943080544471741,-1.2255815267562866,1.924965739250183,1.5630812644958496,0.5768135078329719,281.4213633923779,0.0
29.197,49.59467028872511,-0.1937045395993954,-0.9879177408294372,32,0.003028626786544919,-0.018851134926080704,1.0010844469070435,-2.409257411956787,0.814096212387085,0.0774005800485611,0.5763123516095333,281.4213633923779,0.0
29.248,49.558021489979424,-0.36355637376313843,-0.7144999780926502,32,0.006511475890874863,0.0012092452961951494,0.9938279986381531,-2.948590040206909,1.011959195137024,-2.521158456802368,0.576046554309336,281.4213633923779,0.0
29.298,49.521858669721624,-0.2718978201421373,-0.29821017588415044,32,0.0016420825850218534,-0.0014984055887907743,0.9985435009002686,-0.038095612078905106,1.0732781887054443,-0.708644449710846,0.575786698104948,281.4213633923779,0.0
29.348,49.479070992231726,-0.179418280928004,0.16887952728653194,32,-0.004525873810052872,0.015235794708132744,0.9849955439567566,0.9492708444595337,-1.9369055032730103,-1.4886438846588135,0.5750449484183445,281.4213633923779,0.0
29.399,49.502251618574,-0.006282388955117742,0.11781764507799597,32,0.002418945077806711,-0.007900359109044075,0.9940839409828186,-0.5495887398719788,0.42316973209381104,2.900599479675293,0.5747813415336562,283.4755339280887,0.0
29.45,49.557886792630676,-0.17707547810670168,-0.02364113761755825,32,0.002286566887050867,0.002083699218928814,0.9905228614807129,-0.41801705956459045,0.7523473501205444,0.7614453434944153,0.5741037195435067,283.4755339280887,0.0
29.505,49.631734461387985,-0.2706369349487295,0.1453239261359375,32,0.012105860747396946,0.0010294116800650954,1.0274423360824585,-1.2905561923980713,-3.174233913421631,2.1138570308685303,0.5734516931800133,283.4755339280887,0.0
29.555,49.646183158552255,-0.3680665833190364,0.07117512778770753,32,0.010066992603242397,-0.003305824240669608,1.0004233121871948,-0.2550390958786011,-5.277263641357422,0.1340261697769165,0.5736838992724805,283.4755339280887,0.0
29.605,49.617582479177415,-0.3799040910701302,-0.32365872075471946,32,0.004942622501403093,-0.0076409755274653435,0.9945566654205322,-0.8294673562049866,-0.2303192913532257,-1.942947506904602,0.5731049481663457,283.4755339280887,0.0
29.656,49.625051405901985,-0.38196760081533554,-0.15734947269026045,32,0.010389360599219799,-0.0022160285152494907,0.9927709102630615,-1.2324447631835938,0.9888905882835388,0.8843817710876465,0.5725076662864104,283.4755339280887,0.0
29.706,49.66756102812831,-0.45891856443165974,-0.29392946504004347,32,0.00882976595312357,-0.00990434642881155,1.001023530960083,-0.47343137860298157,-0.10200158506631851,2.055161714553833,0.5717501382226301,283.4755339280887,0.0
29.756,49.719057994524405,-0.4749207451457988,-0.2119189732080745,32,0.0045805335976183414,0.008880537003278732,0.9905081391334534,-0.7668013572692871,0.5611566305160522,0.16442756354808807,0.5705866352571229,283.4755339280887,0.0
29.807,49.77565831998719,-0.26083639135569947,-0.06340156191556336,32,0.010548913851380348,-0.0139314578846097,0.9964993596076965,-0.024995895102620125,-1.089514970779419,2.857224464416504,0.5700562908196515,283.4755339280887,0.0
29.857,49.79310466949363,-0.58285643442466,-0.8804849698091364,32,0.01774241216480732,-0.02925441414117813,1.002467393875122,-0.16557088494300842,-1.4732402563095093,0.09543728828430176,0.570006922303558,283.4755339280887,0.0
29.908,49.80657806506785,-0.5868313885078009,-0.7112005729594125,32,0.009067916311323643,0.0013085114769637585,0.9995095133781433,0.19689098000526428,-0.9930306077003479,0.16070523858070374,0.5707001361281498,283.4755339280887,0.0
29.958,49.767195285650324,-0.40086743519747137,-0.5161252955009237,32,0.0007546123233623803,-0.006663771811872721,0.9958874583244324,0.6865927577018738,-1.0526057481765747,-2.5930418968200684,0.5708354532939464,284.90042113843225,0.0
30.008,49.66090436831036,-0.3401166635389273,-0.5351268906750518,32,0.003673060331493616,-0.005864476785063744,0.9954372048377991,-0.3699429929256439,0.4901030957698822,-2.2455556392669678,0.5707568756337343,284.90042113843225,0.0
30.059,49.65260499550432,-0.3432395383582789,-0.27196287628167265,32,0.00593695230782032,0.002213772153481841,0.9953234195709229,-2.077690839767456,-0.40116143226623535,1.466548204421997,0.5707677011475916,284.90042113843225,0.0
30.109,49.68984223158669,-0.48324406215026156,-0.5994211222570335,32,0.004806477576494217,-0.014099477790296078,1.0051714181900024,-1.1756412982940674,0.8923272490501404,0.08330931514501572,0.5712716543971981,284.90042113843225,0.0
30.159,49.72303212031537,-0.24806907655702137,-0.28817653042924046,32,0.0003790142945945263,-0.0005530145135708153,0.9997687339782715,-0.5397636890411377,0.038297295570373535,2.3351073265075684,0.571176861387183,284.90042113843225,0.0
30.21,49.72423382474899,-0.5447855255479299,-0.6252992515723381,32,0.01350918784737587,-0.014353973791003227,1.0079294443130493,0.6830505728721619,1.0820600986480713,-2.6308703422546387,0.5711020331832639,284.90042113843225,0.0
30.26,49.68188769271001,-0.4943479126497224,-0.553411548418291,32,0.003330312203615904,-0.001096127787604928,0.9996778964996338,0.18637455999851227,-1.187508463859558,0.15353618562221527,0.570505692165094,284.90042113843225,0.0
30.311,49.61222089387283,-0.3764588514548156,-0.3695160459484156,32,0.0018396013183519244,-0.0010957830818369985,0.9963376522064209,-0.5357545018196106,-1.3114193677902222,-2.046860694885254,0.5700004118798809,284.90042113843225,0.0
30.361,49.607199834065476,-0.38267430510610817,-0.4487171959856994,32,0.01055330689996481,-0.012100590392947197,1.0002140998840332,-1.5270663499832153,-0.08054592460393906,0.09741169214248657,0.5695760012570982,284.90042113843225,0.0
30.412,49.60836449490804,-0.38314658430425313,-0.4498287510223668,32,-0.0006206030957400799,-0.0033858567476272583,0.9994038343429565,-0.19069741666316986,0.5002517700195312,0.3125806450843811,0.5692800323015627,284.90042113843225,0.0
30.462,49.67148463302848,-0.29493079421659585,-0.48740150529353793,32,0.009477434679865837,-0.014668932184576988,1.0108625888824463,1.5298537015914917,-2.0820508003234863,1.5759775638580322,0.5696549672807641,283.59053414469236,0.0
30.512,49.65240164797952,-0.34291187907194887,-0.725419375012292,32,0.004161024000495672,-0.011164052411913872,1.0034830570220947,2.0468180179595947,-2.2927775382995605,-1.154508113861084,0.570131058411189,283.59053414469236,0.0
30.562,49.621763912480624,-0.3176771661560406,-0.7759034234057084,32,0.005061544012278318,-0.010444562882184982,1.0007282495498657,2.6302590370178223,-1.144869327545166,-1.2111601829528809,0.5703215733615685,283.59053414469236,0.0
30.612,49.55976595613578,-0.2487534120545259,-0.4750002379271949,32,0.0027463375590741634,-0.000746911100577563,0.9970445036888123,0.9747885465621948,0.7572656273841858,-1.242462396621704,0.5704125480536553,283.59053414469236,0.0
30.663,49.547458383066974,-0.24271329875153796,-0.31760759076269696,32,0.005200409796088934,-0.005183051340281963,0.9938084483146667,-0.2823699116706848,0.7591295838356018,0.3421274721622467,0.5703310385310681,283.59053414469236,0.0
30.713,49.58830891400228,-0.2523553796598563,-0.41219562256763687,32,-4.69541409984231e-05,-0.010543901473283768,0.9999047517776489,-0.44542229175567627,-0.48460614681243896,2.01735782623291,0.5702598455756199,283.59053414469236,0.0
30.764,49.66116380876853,-0.19640483876988943,-0.3201356859050038,32,0.002272235695272684,-0.0017371214926242828,0.9891992211341858,-3.126579999923706,0.3865974247455597,2.965543746948242,0.5707695729167793,283.59053414469236,0.0
30.815,49.76997604055814,-0.41363683719042804,-0.7186978712553922,32,0.015884682536125183,-0.02581958845257759,1.005892276763916,-1.0656787157058716,0.6829644441604614,1.1398999691009521,0.5709801503949317,283.59053414469236,0.0
30.865,49.74986927690532,-0.36070147297885513,-0.6977112061656005,32,0.002447763690724969,-0.006771445274353027,1.0042539834976196,0.004066363908350468,-1.3193573951721191,-0.2925300896167755,0.5707771928864168,283.59053414469236,0.0
30.916,49.7271135383846,-0.31627640848472144,-0.8444714984310472,32,0.00957473088055849,-0.02068651281297207,1.000476598739624,2.9918417930603027,-1.9522020816802979,-3.678311347961426,0.5706051038068244,283.59053414469236,0.0
30.966,49.633386980601216,-0.24527941231072367,-0.6371998990752623,32,0.002225745003670454,-0.00230811326764524,1.0033044815063477,-2.671755075454712,3.817610263824463,-0.974490761756897,0.5700150328870063,283.59053414469236,0.0
31.018,49.60202687319012,-0.24586646768652756,-0.567170974153642,32,-0.0006653581513091922,-0.013042090460658073,1.0034244060516357,-1.078279733657837,1.231661081314087,-0.9346932768821716,0.569592124995893,286.4766067891537,0.0
31.068,49.64591307819785,-0.23014757375546452,-0.38431081575719633,32,0.007269039750099182,-0.003079037182033062,1.0009416341781616,-0.47837939858436584,0.5344215035438538,1.5422967672348022,0.5691374963249496,286.4766067891537,0.0
31.119,49.67394673312029,-0.16149763217699226,-0.430716329315416,32,-0.0003317935625091195,-0.01503894291818142,1.0009384155273438,0.033188313245773315,-0.6315606236457825,1.2999701499938965,0.5686934462232481,286.4766067891537,0.0
31.169,49.70981069944215,-0.22749411563973962,-0.5568892674675273,32,0.010390123352408409,-0.009444658644497395,0.998558759689331,0.27638375759124756,-1.348386287689209,0.25167807936668396,0.5680193542675634,286.4766067891537,0.0
31.219,49.715088126487196,-0.4799584953805626,-0.5217703103492336,32,0.016497522592544556,-0.008497161790728569,0.9978435635566711,-2.5016093254089355,2.0252387523651123,1.5126296281814575,0.5674484585542977,286.4766067891537,0.0
31.269,49.702523133921964,-0.5125223955192497,-0.12611926697329384,32,-0.0009638764313422143,0.004308928269892931,0.9772406220436096,-0.33791792392730713,2.4230871200561523,-0.7309384942054749,0.5662177788933,286.4766067891537,0.0
31.32,49.6730853589576,-0.16339732258533562,-0.0829642828898322,32,-0.004704525228589773,-0.0023196085821837187,1.0291916131973267,1.8119351863861084,-0.5355346202850342,-0.6303570866584778,0.5648529737732564,286.4766067891537,0.0
31.37,49.683059059986306,-0.18250360077194214,-0.17759742312948112,32,0.0078579718247056,-0.009314619936048985,0.9952574372291565,-0.17480769753456116,-0.1528804898262024,1.0923757553100586,0.5638810651487484,286.4766067891537,0.0
31.42,49.753466201712655,-0.17423005092286503,-0.2733559127256465,32,0.0016649288590997458,0.0009355603833682835,0.9951193332672119,0.5168586373329163,1.1588222980499268,2.2670414447784424,0.5632471165019577,286.4766067891537,0.0
31.471,49.86747302291846,-0.23644144348329701,-0.15738349356977635,32,0.007345854304730892,-0.0029111846815794706,0.9944542050361633,-0.7565374970436096,2.340348958969116,3.1879873275756836,0.5634952029959414,286.4766067891537,0.0
31.521,49.9108375549788,-0.3812319910832888,-0.5271881387198317,32,0.009465512819588184,-0.020925702527165413,1.004891276359558,1.3997617959976196,-1.0716928243637085,0.11636532843112946,0.5638331280173994,286.4766067891537,0.0
31.572,49.917015872959716,-0.26833788470836983,-0.782096135363498,32,-8.473349589621648e-05,-0.019041655585169792,0.9986639618873596,0.22068817913532257,0.375240296125412,0.8641672134399414,0.5641055939815055,284.72635937818205,0.0
31.623,49.93386148240157,-0.2451133738470058,-0.9309948566207554,32,0.008288063108921051,-0.020393529906868935,1.0047125816345215,0.570844829082489,0.29892629384994507,-0.15562817454338074,0.5648360239938843,284.72635937818205,0.0
31.673,49.854992301116454,-0.1551173141257535,-0.7374692230672861,32,-0.0035405894741415977,-0.000911323877517134,0.9992882013320923,1.440847396850586,-0.0561772882938385,-2.8836936950683594,0.5649634946305424,284.72635937818205,0.0
31.723,49.77610771895555,-0.18745974371392718,-0.4565233863778038,32,0.004422757308930159,-8.641603017167654e-06,0.9984126091003418,1.332320213317871,-0.1773049235343933,-2.967456579208374,0.5644637061532303,284.72635937818205,0.0
31.774,49.705443911963044,-0.1542963988737044,-0.07724530327105145,32,0.0007399507449008524,0.007253038231283426,0.99318927526474,0.19091196358203888,0.5118318796157837,-2.1469297409057617,0.564029964828761,284.72635937818205,0.0
31.824,49.70006848505596,0.03189615087409859,-0.12380260416676482,32,-0.0060403733514249325,-0.007826156914234161,0.9992907047271729,-0.6314278841018677,-0.7080788016319275,2.1063592433929443,0.5634311470652624,284.72635937818205,0.0
31.874,49.747668566709336,-0.09703161719623526,-0.36234332450980156,32,0.004500922746956348,-0.00477557023987174,1.008265733718872,0.9728511571884155,-1.833544373512268,0.47221121191978455,0.5633862539412035,284.72635937818205,0.0
31.924,49.781971235711495,0.03363584904404249,-0.1729118673816985,32,-0.0008499404648318887,-0.00216726609505713,1.008920431137085,-0.7576054334640503,0.6692413091659546,0.6979817152023315,0.5641301055945644,284.72635937818205,0.0
31.974,49.793055005575724,-0.13125048845278434,0.004866660751211951,32,0.00450343731790781,0.005261092446744442,0.9759628772735596,-0.5705482959747314,-0.9742071032524109,-0.625440776348114,0.5642438950565914,284.72635937818205,0.0
32.025,49.75816394426325,-0.2640867602669315,-0.15101458811140453,32,0.007953272201120853,-0.007358621805906296,0.9967480301856995,-1.169553279876709,1.26455557346344,-1.960923433303833,0.5651725842918807,284.72635937818205,0.0
32.076,49.73031543249399,0.027736394526934452,-0.20118699455449052,32,-0.009861176833510399,-0.007526311557739973,1.006356954574585,0.2473510503768921,-2.2342565059661865,0.41782423853874207,0.5659130232798734,284.72635937818205,0.0
32.126,49.76566396183192,0.04410229965384107,-0.6276655150658221,32,0.0022312290966510773,-0.010303232818841934,1.018572211265564,1.2086713314056396,-2.5461652278900146,0.3774861693382263,0.5663594234267987,285.7349955719054,0.0
32.176,49.856328817775776,-0.08368599273686822,-0.65141348955235,32,0.00885844323784113,-0.012751543894410133,1.006288766860962,-0.7000935077667236,-0.18235500156879425,3.029005527496338,0.5659027078784428,285.7349955719054,0.0
32.226,49.90581532173925,-0.37340146044638106,-0.7236057690683045,32,0.011774622835218906,-0.007013145834207535,0.9991655945777893,-1.3871686458587646,-1.5782270431518555,0.2521040439605713,0.566224626600395,285.7349955719054,0.0
32.277,49.870151628791234,-0.3977376660921141,-0.5274640808217024,32,0.0034648263826966286,-0.005966062191873789,0.9913314580917358,-1.1276671886444092,0.48565158247947693,-1.6025961637496948,0.5660571979744075,285.7349955719054,0.0
32.327,49.80044364025042,-0.17477689256472087,-0.5273065345950134,32,0.0011662296019494534,-0.007334874011576176,1.0054234266281128,1.408962368965149,-1.140762448310852,-2.0713677406311035,0.5661131610924258,285.7349955719054,0.0
32.378,49.75028021777825,-0.4537178122389486,-0.392475853301334,32,0.012630721554160118,-0.004081913735717535,0.9744807481765747,-1.1500554084777832,4.666762351989746,-0.7287853360176086,0.567213904923598,285.7349955719054,0.0
32.428,49.72419532685977,-0.24230283046755585,-0.008289454099200106,32,-0.006560818757861853,0.004662414081394672,0.9786579608917236,3.570782423019409,-3.0124659538269043,0.33263731002807617,0.5677569875600887,285.7349955719054,0.0
32.478,49.71513069075828,0.020674480159653508,-0.31923659712208896,32,-0.0027259914204478264,-0.009184916503727436,1.0004209280014038,1.8694806098937988,1.4830341339111328,-2.614100456237793,0.567731557667024,285.7349955719054,0.0
32.529,49.73890144464925,-0.019521787416636464,-0.25062432471167734,32,0.0046272119507193565,-0.007816381752490997,0.9947360754013062,-0.3710363209247589,1.380898118019104,2.879629373550415,0.5674986143859018,285.7349955719054,0.0
32.58,49.76001397002267,-0.06455158311403843,-0.6333144175849934,32,-0.0014622502494603395,-0.0183212012052536,1.0126134157180786,1.396613597869873,-2.6204891204833984,0.3817185163497925,0.5668723838025908,285.7349955719054,0.0
32.631,49.770749928722765,0.020805251306305565,-0.874118990696807,32,0.0024693389423191547,-0.01593669317662716,0.9938725829124451,1.2107518911361694,-1.4365522861480713,-0.17398135364055634,0.5664713254895006,281.3647279801436,0.0
32.681,49.7670397678818,-0.16681589817119952,-0.8890884937209241,32,0.007801802828907967,-0.019247764721512794,0.9976650476455688,-0.022874729707837105,-0.16784454882144928,-1.2743397951126099,0.565037668083064,281.3647279801436,0.0
32.732,49.72032610514881,-0.1167620147391313,-1.0969489839736632,32,-0.0015256425831466913,-0.021142754703760147,1.0077317953109741,-0.2104247659444809,-0.6469346880912781,-1.3267433643341064,0.5633384175391134,281.3647279801436,0.0
32.782,49.649214972304826,-0.05617370541477655,-1.0770780976652146,32,-7.29185703676194e-05,-0.018953165039420128,1.0058645009994507,0.2674624025821686,-2.8795909881591797,-2.53493595123291,0.5614378173965225,281.3647279801436,0.0
32.832,49.595264942392305,0.0053998988460021635,-1.0118144514282217,32,-0.0023132830392569304,-0.009456082247197628,0.9969506859779358,-2.693560838699341,1.936590552330017,-1.2576206922531128,0.5604995112501777,281.3647279801436,0.0
32.883,49.58183330657071,-0.06424178243976143,-0.8834288372146534,32,0.0043021212331950665,-0.014913905411958694,0.9904220104217529,-1.076939344406128,-0.529742956161499,-0.21146538853645325,0.5593344837804937,281.3647279801436,0.0
32.933,49.58153591266444,-0.16117968676824418,-0.7482969187706808,32,0.0011663871118798852,-0.01024844404309988,0.9974554181098938,-1.695780634880066,1.9885973930358887,1.60764741897583,0.5584169775916551,281.3647279801436,0.0
32.984,49.60800050081076,-0.18062840556671236,-0.6818260721728228,32,-0.0020795792806893587,-0.008586429059505463,1.0009169578552246,-0.030137842521071434,0.9038682579994202,0.020729536190629005,0.5567136884854855,281.3647279801436,0.0
33.034,49.60897153054475,-0.05491250626691524,-0.6038487854288235,32,0.002124967286363244,-0.012089023366570473,1.0057867765426636,1.5697510242462158,-1.154895544052124,-0.6542404294013977,0.5561805724733337,281.3647279801436,0.0
33.084,49.598553326886524,-0.08751263812342408,-0.5652716613812144,32,0.0014170471113175154,-0.00752234784886241,1.0019303560256958,1.8525086641311646,-0.6282361149787903,0.1347745805978775,0.5557651148618763,281.3647279801436,0.0
33.135,49.60963050185668,0.027952840140482053,-0.5659649420651908,32,-0.005413205828517675,-0.0060436660423874855,0.9928749799728394,2.209097146987915,-3.633064031600952,0.033582475036382675,0.5557632528665578,281.3647279801436,0.0
33.185,49.62062118677548,0.09423235233204709,-0.6085943281902276,32,-0.0028210245072841644,-0.010389148257672787,1.03691565990448,-5.570353031158447,6.636149883270264,0.004006087314337492,0.5563215446949283,287.1041139023889,0.0
33.236,49.65573515209651,0.05763477335331179,-0.4875325370943548,32,0.005702636670321226,-0.016523057594895363,0.9760005474090576,0.43208229541778564,-2.974761724472046,1.4718992710113525,0.5567074700865478,287.1041139023889,0.0
33.286,49.66541492462576,-0.05187247264234304,-0.717888454777867,32,0.0023998194374144077,-0.01661587320268154,0.9965409636497498,-0.6664971709251404,-1.4077246189117432,0.9528441429138184,0.5562738539871985,287.1041139023889,0.0
33.336,49.70592807372854,-0.05365601635507145,-0.6961335081551594,32,0.002313402947038412,-0.014660235494375229,0.9936361312866211,-1.6881635189056396,-0.10067534446716309,1.5729387998580933,0.5555608836802424,287.1041139023889,0.0
33.387,49.73998887551741,-0.15880151839062334,-0.9163305589489706,32,0.006030541844666004,-0.016832543537020683,1.0094915628433228,0.5755656361579895,-1.937273383140564,1.1164886951446533,0.5547706277520352,287.1041139023889,0.0
33.437,49.74517748607437,-0.26154826991113306,-0.8489629956400656,32,0.0018496715929359198,-0.010413452051579952,0.9787876605987549,-0.9518428444862366,1.2956266403198242,-0.26924872398376465,0.55395482331965,287.1041139023889,0.0
33.487,49.7494866314292,-0.2549733455755444,-1.0373055591270457,32,0.006638491991907358,-0.022887956351041794,1.0031236410140991,0.5349688529968262,0.35189786553382874,-1.853162407875061,0.5536566355094641,287.1041139023889,0.0
33.538,49.66491397575169,0.001255510629653295,-0.8803907515817223,32,-0.0055400715209543705,-0.01069858018308878,1.0152807235717773,1.6440446376800537,-1.1657946109771729,-1.8657073974609375,0.55360710533768,287.1041139023889,0.0
33.588,49.667871885551946,-0.07389558137239645,-1.183400354129171,32,0.006267213262617588,-0.03405177593231201,0.9942343831062317,-0.2404095083475113,-3.379202365875244,0.10206852108240128,0.5535926589771392,287.1041139023889,0.0
33.638,49.64108016520764,-0.041286157878133334,-1.3079917772907765,32,-0.004417018033564091,-0.01808016188442707,0.9803932309150696,-2.6107892990112305,1.1284176111221313,0.38014495372772217,0.5534140481706925,287.1041139023889,0.0
33.689,49.711928201971986,-0.1869066953877349,-1.3434591404792824,32,0.011297175660729408,-0.026423262432217598,0.9981241226196289,-0.9744428992271423,-0.25562605261802673,2.166999340057373,0.5531478440129525,287.1041139023889,0.0
33.739,49.732256009624315,-0.4399369144426705,-1.2583007269841757,32,0.011396551504731178,-0.018451286479830742,1.001348853111267,-0.6899546384811401,-1.629639983177185,0.189992755651474,0.552952108878819,286.1834061135371,0.0
33.789,49.715337775146494,-0.43235668980845987,-1.2274378684419147,32,0.006065795198082924,-0.01590557023882866,1.0140184164047241,-0.9417065382003784,0.6413466334342957,-0.6971150636672974,0.5531562649751179,286.1834061135371,0.0
33.84,49.67401166296854,-0.48095984893953814,-1.073804676637545,32,0.006507950369268656,-0.021509358659386635,1.00754976272583,-0.557485044002533,-1.314046025276184,-2.03961443901062,0.5543923899125119,286.1834061135371,0.0
33.89,49.58880567025425,-0.32281370731281894,-1.138908053450457,32,-0.004678606055676937,-0.015434902161359787,0.9962436556816101,0.37303540110588074,1.0129938125610352,-1.6182159185409546,0.5551199203344823,286.1834061135371,0.0
33.941,49.59398913760887,-0.20658899422790963,-1.1259319917107626,32,0.003675461746752262,-0.023547392338514328,1.0080174207687378,1.4232099056243896,0.285204142332077,0.775520920753479,0.5562810028311196,286.1834061135371,0.0
33.991,49.60484139480508,-0.1354664304006676,-0.923419358758528,32,-0.001249162945896387,-0.005388059187680483,0.9901221990585327,2.0098471641540527,1.1930385828018188,-0.18935662508010864,0.5571217328290726,286.1834061135371,0.0
34.041,49.68496245000019,-0.04176695402102085,-0.7055035901786001,32,0.0019764716271311045,-0.012826170772314072,1.0044751167297363,0.445594847202301,1.3063746690750122,3.0859296321868896,0.5581660880228063,286.1834061135371,0.0
34.092,49.7133058774144,0.0016270816523371828,-0.7591163634564985,32,-0.002694379771128297,-0.016081184148788452,1.00266695022583,0.5265503525733948,-1.2925297021865845,-0.8825916647911072,0.5591849942712408,286.1834061135371,0.0
34.142,49.74211568055199,0.1811771017205445,-0.9874495011854487,32,0.0008744748192839324,-0.02928738296031952,0.9999668002128601,1.3602283000946045,-2.344499111175537,2.763927698135376,0.5596864410342257,286.1834061135371,0.0
34.193,49.770475708335134,0.055899956167855036,-1.4197839438191495,32,0.0018120573367923498,-0.028593510389328003,1.02389657497406,-4.4526262283325195,2.79056453704834,1.1941354274749756,0.559492190041159,286.1834061135371,0.0
34.243,49.88266838024492,-0.14730726583031742,-1.4602752874165748,32,0.013298077508807182,-0.030694952234625816,0.9494670033454895,0.3618694841861725,-0.8443348407745361,4.814949989318848,0.5597412469335166,286.1834061135371,0.0
34.293,49.94320273080933,-0.6309538031546552,-1.6720312397982917,32,0.013544498011469841,-0.026140879839658737,0.9947503805160522,-3.3551814556121826,3.3940818309783936,-0.9960097074508667,0.5597370022812144,280.2929697941727,0.0
34.343,49.930654641615604,-0.39370732609005044,-1.2374130464681252,32,0.003057516645640135,-0.020530834794044495,1.005384922027588,-1.4932080507278442,1.701663851737976,-1.1560472249984741,0.5596539243233598,280.2929697941727,0.0
34.394,49.83987128706309,-0.2658539984240896,-1.1534674998220027,32,0.0003272711473982781,-0.01930278353393078,1.003955364227295,0.1350594013929367,-0.5241733193397522,-3.1882264614105225,0.5597881210910174,280.2929697941727,0.0
34.444,49.70406120081333,-0.25843520289329447,-1.1997028346525525,32,0.0014285716461017728,-0.01778709888458252,0.998038113117218,1.1200743913650513,-1.3702257871627808,-2.9635660648345947,0.5601423702560236,280.2929697941727,0.0
34.494,49.676329090081765,-0.251842267996845,-1.069712204120755,32,0.005566311068832874,-0.01397675834596157,0.9976779818534851,-0.313385933637619,0.8961393237113953,-0.19801348447799683,0.5609031153544538,280.2929697941727,0.0
34.545,49.63728469119605,-0.25173101949806614,-0.7122523282988901,32,0.00033000000985339284,-0.0012498159194365144,0.9936962723731995,0.15425054728984833,1.9619983434677124,-0.8055034279823303,0.5623279842461952,280.2929697941727,0.0
34.595,49.61830159441646,-0.22419434778375424,-0.579970151939675,32,-0.002827784977853298,-0.011923515237867832,1.0022403001785278,-1.1692110300064087,1.693432331085205,-1.1969773769378662,0.5632601236181726,280.2929697941727,0.0
34.649,49.58303245953197,-0.1448172084302806,-0.6287210035119186,32,0.0003634762251749635,-0.008871635422110558,1.0000665187835693,0.8290520906448364,-2.491208076477051,-1.2831614017486572,0.5642002667251069,280.2929697941727,0.0
34.7,49.55129099620619,-0.2549058828662972,-0.6489778514615602,32,0.005253187380731106,-0.010670999065041542,1.002689242362976,-0.28399503231048584,0.5619418025016785,-1.15182363986969,0.5656207546803695,280.2929697941727,0.0
34.75,49.48642815023719,-0.047527664709937134,-0.44579269625454054,32,-0.011233574710786343,-0.001712410943582654,0.996222972869873,0.5003286004066467,0.10631848871707916,-2.133065938949585,0.5662255859918818,280.2929697941727,0.0
34.8,49.462664310293405,0.02715468502906972,-0.43802242965670657,31,0.004578692372888327,-0.010726077482104301,0.9958279132843018,0.5174689292907715,-0.6504468321800232,-1.3251426219940186,0.5670317952312258,280.2929697941727,0.0
34.851,49.4568065843917,0.01779598330668908,-0.4145979808413446,31,-0.00023614970268681645,-0.003605053760111332,0.9943487644195557,-0.47657087445259094,-0.8480207324028015,1.8919048309326172,0.5676309841388186,286.57447389997265,0.0
34.901,49.54339803459098,-0.06359250192769354,-0.7788122246486902,31,0.0043587335385382175,-0.02513921447098255,0.9982109069824219,0.05097786709666252,-1.8247674703598022,1.361998200416565,0.5683080087773531,286.57447389997265,0.0
34.951,49.57599487539246,0.07759368593360771,-0.855129826292334,31,-0.004743144381791353,-0.01125802006572485,0.9999212026596069,0.9660701751708984,-2.674248695373535,2.1853585243225098,0.5684453192911367,286.57447389997265,0.0
35.001,49.64343425434282,-0.08720120422093512,-1.1687412444020642,31,0.008213561959564686,-0.032611481845378876,0.9606384038925171,2.3518588542938232,-3.195648670196533,-0.42374178767204285,0.5689716596547476,286.57447389997265,0.0
35.052,49.593235384006086,-0.18055441843838077,-1.3404773698256909,31,0.0023369265254586935,-0.01447044126689434,1.039462685585022,-4.965834140777588,6.11207389831543,-1.1652476787567139,0.5692822802783173,286.57447389997265,0.0
35.102,49.59167522652824,-0.18524817514576858,-0.8434113478022683,31,0.011380843818187714,-0.009700163267552853,0.9755793809890747,0.7402021288871765,-1.6413929462432861,-0.4805433750152588,0.5692267782295941,286.57447389997265,0.0
35.152,49.55173979673292,-0.3837421795176956,-0.5885767241574948,31,0.010568499565124512,-0.001825945102609694,0.9828312993049622,-1.610790491104126,1.2966887950897217,-0.9174349904060364,0.5692791415294752,286.57447389997265,0.0
35.204,49.55482521909138,-0.2944188068353596,-0.4068991956905814,31,-0.0003126330266240984,-0.008077409118413925,0.9974285960197449,0.32981935143470764,0.7054038047790527,0.3810717761516571,0.5694276658320169,286.57447389997265,0.0
35.255,49.55855649629136,0.03939415987890359,-0.7769316494375148,31,-0.006304231937974691,-0.019607970491051674,1.0061047077178955,1.73262357711792,-3.4250259399414062,-0.046375904232263565,0.5693220925075578,286.57447389997265,0.0
35.306,49.55938234047444,0.10631887969885886,-1.2350842256775825,31,-0.0045025222934782505,-0.027731051668524742,1.036198377609253,-2.210994005203247,-5.645467281341553,-0.07730083167552948,0.5692313711277918,286.57447389997265,0.0
35.356,49.565664754933415,0.23049638556613425,-0.9836191865403402,31,-0.007856398820877075,-0.011396447196602821,1.0016682147979736,-3.467742443084717,0.6774436831474304,1.4440159797668457,0.5690395616165627,276.65088054877646,0.0
35.406,49.596764725403375,-0.14082222524639482,-1.193655566654382,31,0.013922316022217274,-0.028200823813676834,0.9813660383224487,-4.379202842712402,2.2954087257385254,0.9775641560554504,0.5691127956787799,276.65088054877646,0.0
35.456,49.63436222537323,-0.5529223229287802,-1.3604856447155345,31,0.023116417229175568,-0.029995018616318703,0.9598564505577087,0.6857922673225403,-0.9641178250312805,0.9187567234039307,0.5694725122279347,276.65088054877646,0.0
35.507,49.618217318901884,-0.4910500829943047,-1.4346522424186399,31,0.00205984921194613,-0.021424565464258194,0.994100034236908,0.34145814180374146,-0.7167938947677612,-0.12753650546073914,0.5698626383079686,276.65088054877646,0.0
35.557,49.59493387845527,-0.15377666717208693,-1.6832493090886436,31,-0.003058123867958784,-0.03791505843400955,1.0126070976257324,2.1409215927124023,-3.7273457050323486,-1.452458381652832,0.5705946731958375,276.65088054877646,0.0
35.607,49.59925754001804,-0.41517114920302073,-1.7092602025366268,31,0.017679601907730103,-0.0320398174226284,0.9642860889434814,-1.5880237817764282,2.3257014751434326,1.3116196393966675,0.571891537989025,276.65088054877646,0.0
35.658,49.5874945377063,-0.7219066096375046,-1.9200103788592058,31,0.02074245549738407,-0.03334889933466911,1.0117499828338623,0.8595679998397827,-0.9844079613685608,-1.4515801668167114,0.5738749550508382,276.65088054877646,0.0
35.708,49.52304727063662,-0.5246906518245418,-1.4239807862607285,31,-0.0064577944576740265,-0.012740543112158775,0.9914906024932861,-0.3141547739505768,0.07420805841684341,-1.5801345109939575,0.575210355656063,276.65088054877646,0.0
35.759,49.4575161594728,-0.06194282816299478,-1.2038814144917251,31,-0.0014012920437380672,-0.017864277586340904,1.019567847251892,2.074186325073242,-1.6637910604476929,-2.1640217304229736,0.5776743306863871,276.65088054877646,0.0
35.81,49.490604539267096,-0.4606506028440555,-1.2480134003314325,31,0.02104063332080841,-0.028814442455768585,0.9651356339454651,-2.074854850769043,2.5777792930603027,2.6226847171783447,0.5792282700475132,276.65088054877646,0.0
35.86,49.50965702514797,-0.5463596537989323,-1.7188198994479074,31,0.004953077062964439,-0.034049637615680695,1.0263766050338745,-2.56656813621521,1.71145761013031,-0.44031065702438354,0.5807839250895416,276.65088054877646,0.0
35.91,49.570552767147454,-0.4319729884590492,-1.2515252906158612,31,0.012513612397015095,-0.016193006187677383,0.9540937542915344,-0.20923791825771332,1.3811708688735962,4.873135089874268,0.5818275911212507,260.1280079384768,0.0
35.96,49.687322090856775,-0.6923462963376148,-1.4481510301789087,31,0.020387597382068634,-0.030885102227330208,0.9959603548049927,1.1911284923553467,1.9488739967346191,1.4355251789093018,0.5833884914555858,260.1280079384768,0.0
36.011,49.64691287385775,-0.652658529252541,-1.2256841940892265,31,0.0024754658807069063,-0.008550028316676617,0.9992997646331787,-0.2883518636226654,-2.276092290878296,-1.6651333570480347,0.5842010767555562,260.1280079384768,0.0
36.061,49.61763294481148,-0.4957886121943093,-1.1256172407057572,31,0.012989811599254608,-0.018676286563277245,0.9889412522315979,-0.5944123864173889,0.8196351528167725,-0.4133773446083069,0.5852214919885963,260.1280079384768,0.0
36.111,49.58152076223864,-0.6261846834339636,-1.2155585831463485,31,0.01615653559565544,-0.027890315279364586,0.9909247756004333,0.3994044065475464,-1.0800029039382935,-0.6366293430328369,0.5859018603585336,260.1280079384768,0.0
36.162,49.61771157806776,-0.6395272169940187,-1.3420027302412088,31,0.015676237642765045,-0.03883305937051773,0.983018159866333,-0.8720410466194153,1.138942837715149,1.5543941259384155,0.5872949727438783,260.1280079384768,0.0
36.212,49.651387585915685,-0.33406176323031717,-1.5969689835936942,31,0.0012633100850507617,-0.024312056601047516,1.0164400339126587,0.676689863204956,1.0322819948196411,1.0063025951385498,0.5881662269732262,260.1280079384768,0.0
36.263,49.666314980120006,-0.21217982500063584,-1.2903123499809153,31,0.00047836496378295124,-0.013804828748106956,0.9959167838096619,-0.663335919380188,0.9222492575645447,1.5244731903076172,0.5886921804966662,260.1280079384768,0.0
36.314,49.69902711240233,-0.6419836082098206,-1.3355729589746523,31,0.019922280684113503,-0.026670314371585846,0.9908445477485657,-3.096590280532837,2.5410377979278564,-1.1359525918960571,0.5890263216770566,260.1280079384768,0.0
36.364,49.57304203978678,-0.6238956965084635,-1.406415914158363,31,0.005364882294088602,-0.023907627910375595,0.9877153038978577,1.3383888006210327,-0.25364190340042114,-3.5531797409057617,0.5895038534236164,260.1280079384768,0.0
36.414,49.5059301506272,-0.3173775807214814,-1.1784262805846635,31,0.0004555165651254356,-0.017617803066968918,0.9941225051879883,0.031868234276771545,1.7747620344161987,-1.1975228786468506,0.5896378264336297,260.1280079384768,0.0
36.464,49.47288888989438,-0.24476200805916504,-1.2117036006737218,31,0.0053550321608781815,-0.018954241648316383,1.0093679428100586,-0.5543365478515625,3.9391582012176514,-1.287365198135376,0.5892618521962143,287.0255252172723,0.0
36.515,49.446240522017646,-0.2112820897909401,-0.9837241633737536,31,0.001699944376014173,-0.011133482679724693,1.0023324489593506,0.8471375703811646,3.223041296005249,-0.4354795217514038,0.5889612453794512,287.0255252172723,0.0
36.565,49.44636313583744,-0.32595278901653063,-0.7440989058709393,31,0.010829033330082893,-0.015665635466575623,0.9926255941390991,-0.8725408911705017,2.778750419616699,0.8988295197486877,0.5886132688170029,287.0255252172723,0.0
36.615,49.44379169571909,-0.5778092649264719,-0.8194938555245095,31,0.010479537770152092,-0.016472751274704933,0.9897041916847229,-0.2823556661605835,2.893691062927246,-2.2113497257232666,0.5876205135661393,287.0255252172723,0.0
36.665,49.36552171552887,-0.3669418268545174,-0.6840531221453308,31,0.0023943844716995955,-0.006426121573895216,1.004944086074829,1.7603814601898193,-0.8374074697494507,-1.2514023780822754,0.5868505049143714,287.0255252172723,0.0
36.716,49.30539929818093,-0.39357841251771236,-0.4017602659763166,31,0.006090245675295591,-0.0033017201349139214,0.9808968305587769,-0.03655451163649559,0.3018350601196289,-1.8393044471740723,0.5857497324290091,287.0255252172723,0.0
36.766,49.268666636872254,-0.44202696288502097,-0.357308897816839,31,0.010981796309351921,-0.0033386957366019487,1.0116626024246216,1.0489311218261719,0.9617096781730652,-0.959962010383606,0.5852156923637203,287.0255252172723,0.0
36.816,49.21639619375931,-0.23988039592364016,0.014494239688307998,31,-0.004663188476115465,0.012072283774614334,0.9953042268753052,3.753730297088623,-0.7640995383262634,-1.864185094833374,0.5840822771725119,287.0255252172723,0.0
36.867,49.20924970016554,-0.02938155169565907,0.11257764260339273,31,-0.0013245634036138654,-0.0008217261638492346,0.9967787861824036,-0.8020032644271851,1.4491196870803833,0.7323669791221619,0.5832817099302633,287.0255252172723,0.0
36.917,49.24846893929175,0.10086124816894015,-0.08607990570545082,31,-0.0007680395501665771,-0.007332562934607267,1.009567141532898,0.5348847508430481,-1.7302656173706055,2.1275551319122314,0.5817211977087712,287.0255252172723,0.0
36.967,49.292260381880375,0.20028569426341136,-0.16334311401247148,31,-0.0067961495369672775,-0.007142407353967428,1.002848744392395,-0.5067420601844788,0.8075690269470215,1.928979754447937,0.5806480057443193,287.0255252172723,0.0
37.018,49.352971650815576,0.11158117701406856,-0.4863187832821735,31,-0.0020611239597201347,-0.013325574807822704,1.0105175971984863,0.08067788183689117,-0.5489347577095032,0.5329926609992981,0.5785692591518288,286.515745611039,0.0
37.068,49.343654526221655,0.17816759656908326,-0.5033382769908349,31,-0.003609968116506934,-0.010782195255160332,1.0037708282470703,0.28139960765838623,-3.4287109375,-0.6759939193725586,0.57710965999785,286.515745611039,0.0
37.118,49.30043298723921,0.26938158324613704,-0.7118543780106186,31,-0.002870400669053197,-0.010095692239701748,0.9937607645988464,2.251295566558838,-3.3664605617523193,-1.6647416353225708,0.5748226611803697,286.515745611039,0.0
37.169,49.317711419864814,0.173082153633733,-0.5314012800471273,31,0.003206453751772642,-0.007356227841228247,0.9999240636825562,-2.8494415283203125,2.4788644313812256,2.830091714859009,0.5733978048489227,286.515745611039,0.0
37.219,49.40056503201325,-0.21684758840852678,-0.7034754518303752,31,0.00702038686722517,-0.01319084595888853,1.003916621208191,-0.34687793254852295,-2.365560293197632,0.2538470923900604,0.5712980087239771,286.515745611039,0.0
37.269,49.407604548982704,0.007475179916793725,-0.8311403737767442,31,-0.005775465164333582,-0.019509853795170784,1.0006564855575562,1.5614848136901855,-1.569248080253601,2.126917839050293,0.569999979009955,286.515745611039,0.0
37.319,49.43462389694713,-0.07956795948684912,-1.217941069948256,31,0.008169466629624367,-0.027652714401483536,1.0075651407241821,-1.1299666166305542,1.540348768234253,-0.6027307510375977,0.5685967038695187,286.515745611039,0.0
37.37,49.418408866555694,-0.04641811757869776,-1.0653386553301953,31,0.002791717881336808,-0.017615681514143944,0.9892145991325378,0.05531702935695648,-0.3641464412212372,0.3995741009712219,0.5680811405662676,286.515745611039,0.0
37.42,49.4097425422577,-0.1748945110724293,-1.323610911383189,31,0.004232965875416994,-0.02634427696466446,1.0067983865737915,1.6143970489501953,0.7832746505737305,-1.7535942792892456,0.5677307732198268,286.515745611039,0.0
37.471,49.3574983679943,-0.13765200193125243,-1.1353290454251632,31,-0.002796946559101343,-0.016686618328094482,1.0031399726867676,1.2249348163604736,0.6170935034751892,-1.0556397438049316,0.5677055077278587,286.515745611039,0.0
37.521,49.29406487365409,0.0253382459074569,-1.0220365030088352,31,-0.009934214875102043,-0.015939556062221527,1.0232356786727905,0.28826704621315,0.8824366927146912,-3.9587996006011963,0.5681141462805918,239.78412988794878,0.0
37.572,49.16953641570827,0.14234906417207718,-0.6422465971320406,31,0.0012353971833363175,-0.005593596957623959,0.9773396849632263,-3.623046398162842,6.939300537109375,-2.5511138439178467,0.5685883503996685,239.78412988794878,0.0
37.623,49.18104090020845,0.005028257832021202,-0.4184754056295758,31,0.008809713646769524,-0.006289072334766388,0.9669990539550781,-1.1996394395828247,-0.3343667685985565,2.4835124015808105,0.5697922463939408,239.78412988794878,0.0
37.673,49.244355544344536,-0.2325123781465335,-0.5913932875007448,31,0.0038937644567340612,-0.013945831917226315,0.9946273565292358,-1.2459980249404907,1.5292211771011353,3.0560336112976074,0.5717387686360489,239.78412988794878,0.0
37.724,49.28319415875354,-0.21750247698797381,-0.42069314836419386,31,0.004851783160120249,0.0016299942508339882,1.0155822038650513,1.4052436351776123,-1.2965514659881592,-0.6968737840652466,0.5733937528193119,239.78412988794878,0.0
37.774,49.292018192894744,-0.18334599269853227,-0.14873685874560352,31,0.004880119580775499,-0.001722931512631476,0.9995158314704895,-0.05684305727481842,-0.7183092832565308,0.822609007358551,0.5759849805416222,239.78412988794878,0.0
37.824,49.20528494843154,-0.08825018326506387,0.015165814799024107,31,-0.005983944050967693,0.008566189557313919,0.9984020590782166,0.9973047971725464,0.14083747565746307,-4.125919342041016,0.5773318073285293,239.78412988794878,0.0
37.874,49.17303357667082,0.12753662825351916,0.019483489491372807,31,-0.002026056172326207,-0.00839312095195055,1.0012776851654053,-0.017696183174848557,0.10701536387205124,0.33729106187820435,0.579223552053199,239.78412988794878,0.0
37.925,49.209726760513746,0.09453810896053995,-0.14720200517583415,31,0.00034295901423320174,-0.0054198275320231915,0.9963271617889404,0.2777409255504608,-1.6643345355987549,3.1205458641052246,0.5802901515246228,239.78412988794878,0.0
37.975,49.34037080388074,0.02118950709663189,-0.4415198490768319,31,-0.002962135709822178,-0.013207187876105309,1.0036455392837524,-1.1585875749588013,-1.8227604627609253,5.009390354156494,0.5815429863973136,239.78412988794878,0.0
38.026,49.471467872576994,-0.1380728217171164,-0.9100271654310906,31,0.009492632932960987,-0.022928597405552864,1.0020536184310913,0.2640139162540436,-1.3307996988296509,2.8150763511657715,0.58223396698608,239.78412988794878,0.0
38.076,49.4831128460477,-0.26602114760808704,-0.7706749594762037,31,0.003275912255048752,-0.0048844655975699425,0.9909765124320984,-0.9343757629394531,1.5323809385299683,-0.8552703857421875,0.5832743474763471,282.67313654131283,0.0
38.128,49.41368629972226,-0.16308268862764533,-0.6644120884941865,31,0.005487469024956226,-0.011752148158848286,1.0043054819107056,1.354132890701294,-0.2502477467060089,-4.321630477905273,0.5834524672160992,282.67313654131283,0.0
38.178,49.30315981480238,-0.1403823028813488,-0.4288425167294421,31,0.00014009582810103893,0.0014275076100602746,0.9949771761894226,-1.2752395868301392,0.632794201374054,-2.9845242500305176,0.5832166692765648,282.67313654131283,0.0
38.229,49.2786108607202,-0.017435908546114473,-0.3074453802003319,31,-0.0006059180595912039,-0.012364796362817287,0.9995712637901306,-0.8672484755516052,-3.1838455200195312,1.9740747213363647,0.5833564532020044,282.67313654131283,0.0
38.279,49.3199772038193,0.02816275132156947,-0.7087006603151154,31,-0.0030488900374621153,-0.010899007320404053,0.9963760375976562,1.541818618774414,-2.355135679244995,1.1772161722183228,0.5831598600082336,282.67313654131283,0.0
38.33,49.438493144699635,0.02017741536371081,-0.4465726366159361,31,0.0057655517011880875,-0.0071921874769032,0.9717509746551514,-0.41297686100006104,0.4124864637851715,3.796010971069336,0.5829696538484035,282.67313654131283,0.0
38.381,49.489463984625225,-0.10107693944634756,-0.78403616181489,31,0.005815025418996811,-0.021588876843452454,1.0030325651168823,2.1043221950531006,-0.7931264638900757,-0.5655859112739563,0.5831300177198468,282.67313654131283,0.0
38.432,49.44389401358724,-0.2373439384037896,-0.8904631301733069,31,0.007253154180943966,-0.017724642530083656,0.9936344027519226,0.6702612042427063,0.6259381771087646,-1.0580483675003052,0.5835997623938577,282.67313654131283,0.0
38.483,49.401195366115445,-0.33879158161284156,-0.887346117412847,31,0.00501912971958518,-0.013800646178424358,0.9938699007034302,0.6127769351005554,2.447885751724243,-2.2389700412750244,0.5836699703525204,282.67313654131283,0.0
38.533,49.33646902855505,-0.1319638567752324,-0.7329131481319094,31,-0.003638530382886529,-0.014967378228902817,1.002191424369812,2.6126039028167725,1.4302136898040771,-1.120707392692566,0.583812073528166,282.67313654131283,0.0
38.583,49.306869451912746,0.21612055298893798,-0.6868145137223082,31,-0.012105073779821396,-0.011520991101861,0.9983419179916382,0.7200247049331665,-0.04375847429037094,-0.9344616532325745,0.583742489069876,282.67313654131283,0.0
38.634,49.30660961480277,0.35040528298213264,-0.4362141354890125,31,-0.004815048072487116,-0.0014224216574802995,1.007249355316162,-1.3204666376113892,1.5508930683135986,1.0111719369888306,0.58427910173338,282.8637712435932,0.0
38.684,49.361829881522056,0.1044169694883816,-0.5375335812186748,31,0.004085725639015436,-0.016061926260590553,1.0009645223617554,-0.5386695861816406,0.6561433672904968,1.0662506818771362,0.584697960064399,282.8637712435932,0.0
38.734,49.35957213765906,0.22989928957365147,-0.4442316503050556,31,-0.013495818711817265,-0.0038080832455307245,0.9979115724563599,0.48179784417152405,-0.8328193426132202,0.882580041885376,0.5848138912067375,282.8637712435932,0.0
38.784,49.41750066518948,0.15076168960207276,-0.5807564083724845,31,0.009715424850583076,-0.018019599840044975,1.0077472925186157,-0.8521881699562073,-0.7803177237510681,0.3968747556209564,0.584790459209563,282.8637712435932,0.0
38.834,49.44048887518929,-0.2858140498314128,-0.4593115276863091,31,0.013757942244410515,-0.0014263119082897902,0.9888801574707031,-0.8226019144058228,1.795915961265564,0.5722577571868896,0.583265517953865,282.8637712435932,0.0
38.885,49.43195849204538,-0.3131831002967097,-0.110662626686322,31,0.0010571304010227323,0.0031150104478001595,0.9927623867988586,-1.3427125215530396,2.4386942386627197,-0.8249039649963379,0.58214368333265,282.8637712435932,0.0
38.935,49.375320794148806,0.05805586137448919,-0.15308321871949146,31,-0.008937336504459381,-0.00708826445043087,1.0016353130340576,0.71501225233078,1.5266640186309814,-2.3377678394317627,0.580875566158878,282.8637712435932,0.0
38.985,49.31760568723716,0.08843278859128877,-0.12735534835729065,31,0.0035926715936511755,-0.0037521813064813614,0.9963613748550415,0.0804213359951973,-0.13536816835403442,-0.9483431577682495,0.5802465306653019,282.8637712435932,0.0
39.036,49.302794459695825,0.037601444611140206,-0.12457032868396317,31,-0.006436970550566912,-0.0003249725268688053,0.9997369647026062,-0.4328773617744446,-0.25829017162323,0.5699927806854248,0.5796177090310698,282.8637712435932,0.0
39.086,49.34670963092747,0.14374585260060388,-0.04796727576740668,31,-0.0056942724622786045,0.0022791512310504913,1.0037914514541626,-0.3515412509441376,-0.5557587742805481,0.8543843030929565,0.5802965178497962,282.8637712435932,0.0
39.136,49.38730310140953,0.0839457587689841,-0.07723508361879206,31,0.006394052412360907,-0.00466157915070653,0.9909141659736633,-0.3891371488571167,-0.583946168422699,0.9828901290893555,0.5810166159612593,282.8637712435932,0.0
39.186,49.38800882337546,-0.11802748234238641,-0.3115266664657023,31,0.005681054200977087,-0.007424657233059406,0.9992914199829102,1.0665860176086426,0.45211920142173767,-1.1479781866073608,0.5808358737445198,246.27467559156833,0.0
39.237,49.390562696850566,-0.09926282288053666,-0.31340417843872365,31,0.005743954796344042,-0.007504175882786512,1.0021750926971436,0.4158358573913574,-0.47586530447006226,1.054134726524353,0.5802032585800867,246.27467559156833,0.0
39.287,49.377512790121514,-0.2088557549570465,-0.3095102055748475,31,-0.003604358993470669,-0.0049474239349365234,1.0008018016815186,-2.7607223987579346,0.7950548529624939,-1.8365517854690552,0.5797766466853669,246.27467559156833,0.0
39.337,49.38151622073702,0.044706362279987776,-0.33296642831500317,31,-0.0005234404234215617,-0.010567892342805862,1.0045804977416992,0.7614609599113464,-1.0540210008621216,0.5706015229225159,0.5790298855552645,246.27467559156833,0.0
39.388,49.352227369594914,-0.028027238005029393,-0.3869372726048577,31,0.0003307247534394264,-0.0010376133723184466,0.9977052211761475,-0.0728101134300232,-1.0850580930709839,-0.6664023995399475,0.5789484239570699,246.27467559156833,0.0
39.439,49.374371572056575,-0.021297569615934122,-0.3765240857232298,31,0.002480441937223077,-0.01037530042231083,0.9991855621337891,0.4262247085571289,-0.6560935378074646,1.0449342727661133,0.5786402545753419,246.27467559156833,0.0
39.489,49.35327439338518,-0.1514127209498629,-0.42119971630890213,31,0.006759076379239559,0.0034471515100449324,0.9865753650665283,-1.171029806137085,1.0299718379974365,-2.452904462814331,0.5782092031010249,246.27467559156833,0.0
39.539,49.345654761455556,-0.052882075987457526,0.012813843513308594,31,-0.0007276578689925373,0.00595027394592762,0.9993745684623718,-0.7058318257331848,1.160841464996338,0.8940263986587524,0.5783779490893224,246.27467559156833,0.0
39.589,49.314264643863176,-0.20522580949521926,0.0721795701243447,31,0.00252665881998837,0.0009077512077055871,0.986589789390564,-0.37971341609954834,-0.17796696722507477,-2.104294776916504,0.5786520214675462,246.27467559156833,0.0
39.64,49.28616623985206,-0.02022988739507145,0.06863217105205725,31,-0.0007822843617759645,-0.0001558739022584632,1.0037435293197632,-0.9941638112068176,0.6206222176551819,0.5121301412582397,0.578610617039267,246.27467559156833,0.0
39.691,49.352903296124346,-0.07444555522637829,0.0502371053162936,31,0.007307126652449369,-0.00450053671374917,0.9989218711853027,-0.11587394028902054,-0.08286305516958237,2.1937551498413086,0.5789618347790851,285.5015996188142,0.0
39.741,49.36575311956173,-0.11796166701347663,-0.32688414359421447,31,0.0008477882365696132,-0.006993433460593224,1.0046600103378296,1.3647124767303467,-2.4297518730163574,0.1783962994813919,0.579165887835331,285.5015996188142,0.0
39.792,49.37149795201338,-0.10118618464794094,-0.18342724609084157,31,0.0022236700169742107,0.002242621034383774,0.9948546886444092,-0.127197265625,-1.0512868165969849,-0.8406484127044678,0.5790038408440628,285.5015996188142,0.0
39.842,49.307726090381905,0.05183092359451171,-0.0545779934760256,31,-0.0034882063046097755,0.003527401713654399,0.9985188245773315,1.0443416833877563,-1.8277088403701782,-1.519637942314148,0.579070486505646,285.5015996188142,0.0
39.892,49.23131370260116,0.07780084900937415,-0.031903565914253126,31,-0.006394481286406517,-0.0012045269832015038,1.0046848058700562,-3.6100058555603027,2.1618824005126953,-1.9085609912872314,0.5786509491499413,285.5015996188142,0.0
39.943,49.235592121687134,0.10703053926742967,-0.09822680280409758,31,0.0004228675679769367,-0.00572731951251626,0.9949204921722412,-0.7299049496650696,-1.5441912412643433,1.3813185691833496,0.5780975705075593,285.5015996188142,0.0
39.993,49.29128805177712,0.01680298111748811,-0.2161278613326026,31,0.002751138061285019,-0.011854680255055428,0.9950598478317261,-0.4022659957408905,-2.297577142715454,3.1986987590789795,0.5770891587146221,285.5015996188142,0.0
40.043,49.39039059935542,-0.10436277143340518,-0.5104037821655847,31,0.003017713315784931,-0.012835312634706497,0.9948815703392029,-1.204206109046936,0.0465579517185688,2.3490846157073975,0.5762127077742112,285.5015996188142,0.0
40.093,49.42039531913985,-0.08412681625910941,-0.5411462761460856,31,0.006638732273131609,-0.008824714459478855,0.9951862096786499,1.1019221544265747,-0.7509774565696716,1.7074370384216309,0.5752820533552567,285.5015996188142,0.0
40.144,49.402775466212354,-0.33513031272135335,-0.4682184025235816,31,0.010122290812432766,-0.0025646991562098265,0.987129271030426,-0.9357926249504089,3.2958834171295166,-2.3961691856384277,0.5749446355381793,285.5015996188142,0.0
40.194,49.32204003211385,-0.1818577616714183,-0.407435000738697,31,0.003608555532991886,-0.009917118586599827,0.9965484738349915,0.07936407625675201,1.1378083229064941,-1.5952240228652954,0.5742497430112341,285.5015996188142,0.0
40.245,49.28484738522863,-0.23088343440413636,-0.6999676034114916,31,0.004775892943143845,-0.0170524250715971,1.0167397260665894,-0.12495332211256027,-1.1079480648040771,-2.303884744644165,0.5737358517826255,285.81287904599657,0.0
40.295,49.24009575500224,-0.022731289449493968,-0.4879653743471416,31,-0.0061716497875750065,0.0023632647935301065,0.9972800612449646,0.2763887643814087,-1.9376802444458008,0.4551343023777008,0.5732751117336772,285.81287904599657,0.0
40.346,49.26594292780256,-0.05041623002043759,-0.14153339533791362,31,0.003048306331038475,-0.0003643546951934695,0.9906312823295593,-0.9187294244766235,0.5523830652236938,-1.3290752172470093,0.5730429305048836,285.81287904599657,0.0
40.396,49.24611239663789,-0.05152748248492425,0.010100239440859686,31,0.0033780040685087442,-0.001684500020928681,0.993647038936615,-1.9676481485366821,1.3341124057769775,0.4239038825035095,0.5726465246279165,285.81287904599657,0.0
40.446,49.231433800635045,-0.09746125577777764,-0.03900816332064014,31,-0.0052678342908620834,0.001375851221382618,0.9946285486221313,-1.5256415605545044,0.8551682829856873,-1.351569414138794,0.5729178782734085,285.81287904599657,0.0
40.497,49.250588437017214,-0.04034762742036468,-0.1695420566045099,31,0.005031392443925142,-0.006195072550326586,1.000120997428894,0.6568641066551208,0.8892209529876709,1.6123220920562744,0.573680155825928,285.81287904599657,0.0
40.547,49.26683175972021,-0.16684275533616985,-0.12888798306333876,31,-0.001066429540514946,0.0023212123196572065,1.0005090236663818,-0.6148757934570312,2.2139179706573486,1.1103260517120361,0.5742660790690626,285.81287904599657,0.0
40.597,49.34285775258859,-0.16664522044223115,-0.26638145113101963,31,0.00824077520519495,-0.014036201871931553,1.0024429559707642,0.5901808142662048,1.9604566097259521,1.3706810474395752,0.57582207874793,285.81287904599657,0.0
40.648,49.32618054188315,-0.2621708157689191,-0.2594481256547557,31,0.003471957053989172,0.0009654151508584619,0.9999275207519531,0.7828927636146545,0.9870498180389404,-0.7839207649230957,0.5771921633404671,285.81287904599657,0.0
40.699,49.29458264849934,-0.1628907848339463,0.005518830022339488,31,-0.0017227028729394078,0.003598674898967147,0.9882485866546631,0.19438304007053375,0.7417884469032288,-1.381238341331482,0.5791601753548374,285.81287904599657,0.0
40.751,49.26323859418055,-0.06552245320564223,0.03294302079215413,31,-0.0012281774543225765,0.0027319006621837616,1.0058568716049194,-1.3872169256210327,2.3699138164520264,-0.3086625635623932,0.5799947364141086,285.81287904599657,0.0
40.801,49.25687259460474,-0.1163442392927062,0.19805350851815867,31,0.003771574702113867,0.0021462810691446066,0.98827064037323,0.08532456308603287,-1.838341474533081,0.4608694911003113,0.5803473315444171,277.1993919767365,0.0
40.852,49.30096916345161,-0.2086336420233527,0.11876175792575483,31,0.006439695600420237,0.005285259801894426,0.9962463974952698,-0.7598649263381958,1.2153874635696411,0.8190012574195862,0.5797878181672437,277.1993919767365,0.0
40.902,49.32964666598581,-0.0415979919473053,0.18444147972753117,31,-0.0005236869910731912,-0.0068519990891218185,1.0086302757263184,1.0200306177139282,-2.273629665374756,2.9507956504821777,0.5794431523813857,277.1993919767365,0.0
40.953,49.31076634187683,-0.08636735485156974,0.007119201322880861,31,-0.004357727710157633,0.009020158089697361,0.9961175322532654,1.0477445125579834,0.6861260533332825,-2.8968851566314697,0.5790389128251905,277.1993919767365,0.0
41.003,49.30295083090293,0.05945731970946086,0.11475550004000744,31,0.004073497839272022,-0.004315018188208342,0.9981412291526794,0.9764479994773865,-0.8254310488700867,1.8525022268295288,0.5789102645389429,277.1993919767365,0.0
41.053,49.2487527641101,-0.08066641281425121,-0.24732768004896058,31,-0.0006635616300627589,-0.009691177867352962,0.9997416138648987,-0.4028334617614746,-0.5224571228027344,-3.033775568008423,0.578203691813401,277.1993919767365,0.0
41.104,49.2776731313484,0.05432155334613574,-0.4121376503696131,31,0.006011187564581633,-0.017972752451896667,1.0019338130950928,1.435181736946106,-2.8839473724365234,2.095787525177002,0.5779861568072644,277.1993919767365,0.0
41.154,49.29186298309189,-0.20960538169991713,-0.6228517502708214,31,0.006753744091838598,-0.00872880406677723,0.9930551648139954,-0.8312632441520691,0.2783637046813965,-0.03652219846844673,0.5778549407042163,277.1993919767365,0.0
41.204,49.27445117955581,-0.3007762020230621,-0.4148505907031093,31,0.004244828596711159,0.0002508648030925542,0.9989914298057556,-1.3924345970153809,-0.7667357921600342,-2.037480354309082,0.5775179489033286,277.1993919767365,0.0
41.255,49.143319442559196,-0.14567946596015463,-0.14545137369706473,31,0.0014319290639832616,0.0013560823863372207,0.9992575645446777,0.9395042657852173,-0.5677040815353394,-3.587639331817627,0.5774419972717116,277.1993919767365,0.0
41.305,48.99468444570751,-0.21027027989447783,-0.061797579079266425,31,0.0027164933271706104,0.0040976437740027905,0.996344804763794,-1.1108434200286865,0.7931087017059326,-4.388237476348877,0.5769542127813071,285.6571545324525,0.0
41.356,48.91706183926664,-0.1937183245507341,0.05628504786301243,31,0.004133505281060934,0.003548042383044958,0.9938929677009583,-0.2073250263929367,1.242027759552002,0.6874868869781494,0.5764095877189985,285.6571545324525,0.0
41.406,48.96818440899514,-0.236448407949439,-0.12437880723054964,31,0.0048028347082436085,-0.003063622862100601,1.0008715391159058,0.9610067009925842,0.16548682749271393,1.4031621217727661,0.5762255843456254,285.6571545324525,0.0
41.456,49.00947266843687,-0.0004149245919234443,-0.116778916389573,31,-0.003999183885753155,-0.009274312295019627,1.0027146339416504,2.275869131088257,-2.0477097034454346,1.4644960165023804,0.5763124152715312,285.6571545324525,0.0
41.507,49.028749658771005,-0.13084960839304324,-0.43446141556387763,31,0.006467757746577263,-0.001715668011456728,1.0015026330947876,-0.36602693796157837,-1.3657565116882324,-0.9022886753082275,0.5770011860237596,285.6571545324525,0.0
41.557,48.950914500556685,-0.14003282535132439,-0.3652029862252633,31,0.0038986890576779842,-0.006052252370864153,1.0024787187576294,-0.516812801361084,-1.4320569038391113,-2.046363592147827,0.5786569729104404,285.6571545324525,0.0
41.607,48.87992351725998,-0.1968591933652772,-0.21652591420136777,31,0.0012663849629461765,0.004501557908952236,0.9868196845054626,-3.120436429977417,1.9496794939041138,-2.2293238639831543,0.5795541923465478,285.6571545324525,0.0
41.658,48.88823906357063,-0.126723352399705,-0.020491677693136274,31,0.004720104392617941,-0.004158536903560162,0.998214602470398,3.2651846408843994,-5.213224411010742,2.0553336143493652,0.5817502351387852,285.6571545324525,0.0
41.708,48.92483466088491,-0.22804238016169018,-0.4459218073190055,31,0.0033180390018969774,-0.015227342955768108,0.9713769555091858,-2.6214592456817627,1.4333523511886597,-0.485239177942276,0.5823039590576915,285.6571545324525,0.0
41.759,48.95881382747634,-0.14560938459890554,-0.387996384058241,31,0.006348604802042246,-0.008523969911038876,0.9603068828582764,2.42824125289917,-3.888730764389038,2.483600378036499,0.5835040418512555,285.6571545324525,0.0
41.809,48.9429355726469,-0.13346832747221302,-1.1031723990325781,31,-0.007163522765040398,-0.053897857666015625,0.8546759486198425,3.6292190551757812,-4.9835524559021,-3.4816315174102783,0.5846375909424734,285.6571545324525,0.0
41.859,48.419093860006925,1.3895028019553894,-3.012321803666101,31,-0.06981737166643143,-0.05707867443561554,0.8347277045249939,22.639074325561523,-25.945653915405273,-27.30883026123047,0.5850342133024162,285.3268027210884,0.0
41.909,47.61008758672019,5.4050042238779294,-3.8779778391417317,31,-0.253099650144577,-0.02757737785577774,0.8441276550292969,6.228542327880859,-40.67038345336914,-4.185111999511719,0.5845618636335519,285.3268027210884,0.0
41.96,48.851430358003334,7.0261626159643455,-5.0911426094324295,31,-0.06409243494272232,-0.1157083809375763,0.7001012563705444,0.12595699727535248,-24.510305404663086,43.889610290527344,0.5830952179789846,285.3268027210884,0.0
42.01,49.54641668893887,7.070593054783391,-5.658103920694119,31,-0.16420921683311462,-0.05062485486268997,0.7646580338478088,16.44861602783203,-24.558748245239258,25.478824615478516,0.5787959595025245,285.3268027210884,0.0
42.061,51.39172238799905,9.740536385205724,-2.492012542589578,31,-0.199361190199852,0.04264606162905693,0.17116199433803558,54.3082275390625,-19.033891677856445,77.93895721435547,0.5743274586911756,285.3268027210884,0.0
42.111,54.343306527354024,13.43070691124999,-2.4901700655492873,31,-0.22678065299987793,-0.01943475753068924,0.40153560042381287,134.53103637695312,-43.83094024658203,89.91365051269531,0.5635782576897754,285.3268027210884,0.0
42.161,56.266664171521505,18.86833970777205,-1.548182619920082,31,-0.34938329458236694,0.048320118337869644,0.48004329204559326,201.262939453125,-5.275445461273193,57.102142333984375,0.5529501327945239,285.3268027210884,0.0
42.212,57.4880134221277,25.61259551331976,3.712934208630555,31,-0.4145030379295349,0.20322878658771515,0.9828140139579773,180.00485229492188,-3.063828706741333,41.43870544433594,0.5319060235059571,285.3268027210884,0.0
42.262,59.65539041383105,32.706037580079126,4.025296471634457,31,-0.7219081521034241,-0.09897507727146149,0.616843044757843,96.33183288574219,10.684077262878418,64.018310546875,0.5131425530022303,285.3268027210884,0.0
42.313,61.345932788496754,36.534048357476934,-7.326144493236307,31,-0.47071918845176697,-0.405568927526474,1.5371978282928467,45.237159729003906,-21.183916091918945,-2.732889413833618,0.4738041844104643,285.3268027210884,0.0
42.363,59.92069355652139,32.485838818751006,-15.727823135003087,31,-0.508801281452179,-0.49806031584739685,0.8231572508811951,19.795116424560547,92.03458404541016,-74.43937683105469,0.44212425008432954,285.3268027210884,0.0
42.413,56.91311698209911,33.898723128281546,-22.14385177737862,31,-0.7393339276313782,-0.445328027009964,0.803827166557312,-10.393023490905762,-47.325958251953125,-131.16575622558594,0.39279429806600363,295.0203277766055,0.0
42.464,53.10463295462587,44.3971383006156,-30.564791478692744,31,-1.1415026187896729,-0.6118322014808655,0.5123935341835022,-93.05758666992188,18.334270477294922,-22.7918701171875,0.35877165047913245,295.0203277766055,0.0
42.514,55.1969571496572,37.49767298631223,-25.512146229932153,31,-0.1442735344171524,0.16946296393871307,1.5847877264022827,-516.4890747070312,1.1848524808883667,81.94508361816406,0.3076801114287208,295.0203277766055,0.0
42.564,57.824912614470314,1.2610634397031357,-3.1951594498489837,31,0.7806950211524963,-0.03767972066998482,3.0278372764587402,-55.80488204956055,-154.3769073486328,29.43671989440918,0.2780919969393299,295.0203277766055,0.0
42.615,57.9198124254444,0.038074227822519006,0.39924406354549036,31,0.01975303888320923,0.0369010753929615,1.0541856288909912,0.42698484659194946,-1.6560269594192505,-0.5571848750114441,0.24046689235144128,295.0203277766055,0.0
42.665,57.917193556589694,-0.02352617739522977,0.39350530790656746,31,0.0013103224337100983,0.008260272443294525,0.9979296326637268,0.13550955057144165,-0.3543102741241455,0.054059337824583054,0.21907230240468767,295.0203277766055,0.0
42.715,57.91946226566065,-0.06859631525816605,0.3711419845015866,31,0.0020333118736743927,0.006880725268274546,1.001989722251892,-0.0832960307598114,0.130328968167305,-0.2839311957359314,0.19112056998728652,295.0203277766055,0.0
42.767,57.91879201952623,-0.11055900137448617,0.3714827814098876,31,0.0018715261248871684,0.006806559395045042,0.9971963167190552,0.024924876168370247,-0.09394355118274689,0.07040465623140335,0.17475033933952416,295.0203277766055,0.0
42.817,57.918401751140195,-0.10875565632878018,0.3444267576364682,30,0.0008599184802733362,0.0038798858877271414,0.9999076128005981,-0.16631413996219635,0.17052191495895386,-0.08359327912330627,0.15270181295122287,295.0203277766055,0.0
42.869,57.921542506885714,-0.09808933913658932,0.35251425235875233,30,0.0005185063928365707,0.0057971784844994545,1.000971794128418,-0.03793508559465408,-0.06004287302494049,-0.11930951476097107,0.13302575052791202,295.0203277766055,0.0
42.919,57.92166332047281,-0.11119835692472686,0.33892054020559753,30,0.002571653574705124,0.004805589094758034,0.9974527359008789,-0.0555599071085453,-0.019048264250159264,0.0610269270837307,0.12129550683838321,295.0203277766055,0.0
42.969,57.92387241358599,-0.0934011087617396,0.3289962422882972,30,0.0006112013361416757,0.0033261713106185198,0.9985560774803162,0.03982563316822052,-0.007856270298361778,-0.010085093788802624,0.10535163580097814,284.26323280243986,0.0
43.02,57.92609379989826,-0.08855474313140682,0.36451339235189717,30,0.001620911993086338,0.009147674776613712,0.9979713559150696,0.05460720509290695,-0.05168106034398079,-0.02351052686572075,0.09596858424532444,284.26323280243986,0.0
43.074,57.928780964453445,-0.08771222105984725,0.3840945119820145,31,0.0006729191518388689,0.005535566713660955,0.9999433755874634,-0.2944449186325073,-0.07604575902223587,0.08744794875383377,0.08362308010088557,284.26323280243986,0.0
43.125,57.9307238986761,-0.054992751089231635,0.3545784773283753,31,-0.0016813598340377212,0.00596481841057539,0.999701201915741,0.03944163769483566,-0.0358981154859066,-0.042164064943790436,0.07615131795540686,284.26323280243986,0.0
43.175,57.92878257044569,-0.07516280690621334,0.34345467703575744,31,0.0018384373979642987,0.007688077166676521,1.0003516674041748,-0.16083596646785736,0.002385129686444998,-0.17979559302330017,0.06612118353627715,284.26323280243986,0.0
43.225,57.929128357440824,-0.07253738513624347,0.37939545179317685,31,0.002138430019840598,0.006443413905799389,0.99972003698349,-0.28876909613609314,-0.16798578202724457,0.0066623380407691,0.060301471837909564,284.26323280243986,0.0
43.276,57.93275624947583,-0.06112563786046729,0.3574684741701039,31,0.0029327075462788343,0.007883338257670403,0.9978994131088257,-0.16023214161396027,-0.08976572006940842,-0.0515737347304821,0.05254981165871406,284.26323280243986,0.0
43.327,57.932473868935915,-0.07238507277178648,0.32659395276237196,30,0.001256286515854299,0.005553885363042355,0.9973918795585632,-0.14582593739032745,-0.055686015635728836,-0.13950173556804657,0.04799741586846502,284.26323280243986,0.0
43.377,57.93206499847291,-0.06279236130317851,0.3226617437026657,30,0.0005883024423383176,0.003699197666719556,0.9982989430427551,0.21767526865005493,-0.06411110609769821,-0.2105373740196228,0.041792659500350576,284.26323280243986,0.0
43.427,57.930850010042285,-0.08207851030588907,0.34889165617616863,30,-0.002011509146541357,0.002799232490360737,0.9971559643745422,0.17562784254550934,-0.00489193107932806,-0.10359519720077515,0.03626686738413468,284.26323280243986,0.0
43.477,57.930288257660735,-0.08502803322617838,0.33876237702489687,30,0.003263100516051054,0.005114721134305,0.9993337392807007,-0.08602083474397659,0.04004868492484093,-0.03976431116461754,0.03246172474153855,286.53531903265474,0.0
43.528,57.93115149026044,-0.09466651302647834,0.3374349192769145,30,-0.00021056586410850286,0.00814694631844759,0.9987591505050659,-0.11965670436620712,0.059421177953481674,0.11550313979387283,0.027641673724127257,286.53531903265474,0.0
43.578,57.9307968080324,-0.06210116789062552,0.3366618602172147,30,-0.0014647009084001184,0.0036123909521847963,0.9998016953468323,-0.279527485370636,-0.025633927434682846,0.01564640924334526,0.02491176269627996,286.53531903265474,0.0
43.628,57.93209963337369,0.002486588681985375,0.3175377635920204,30,0.00012616204912774265,0.0050620450638234615,0.9964283108711243,-0.5278365015983582,-0.08521009236574173,0.031038735061883926,0.02137645820276651,286.53531903265474,0.0
43.679,57.93784586047048,-0.09205293106053664,0.3234812611659713,30,-0.0023587248288094997,0.004821697250008583,0.9970399141311646,-0.2727105915546417,-0.08346901088953018,0.17983900010585785,0.019342537885785393,286.53531903265474,0.0
43.729,57.94212432980792,-0.08127272084349366,0.3351491196323392,30,0.0019105164101347327,0.009400316514074802,0.9959040880203247,-0.060598209500312805,0.1486085206270218,0.024076255038380623,0.016674832957658193,286.53531903265474,0.0
43.779,57.946410101249,-0.10155064745617268,0.3512887722399796,30,0.002540639601647854,0.005265612620860338,1.0025761127471924,-0.047304216772317886,-0.1314147710800171,0.06058340519666672,0.01512015042612576,286.53531903265474,0.0
43.83,57.94902168017362,-0.10761908654958435,0.3025285321090033,30,0.0032291789539158344,0.004596608690917492,0.9982755184173584,0.14000998437404633,-0.2959001958370209,0.15019704401493073,0.013050215642126124,286.53531903265474,0.0
43.88,57.95082172906242,-0.12142743676484012,0.32780898795889735,30,-0.00027363025583326817,0.008005702868103981,0.9971269965171814,-0.14596621692180634,-0.31465592980384827,-0.08205685764551163,0.011808582023469476,286.53531903265474,0.0
43.93,57.950799055753556,-0.10764252648345572,0.34636212929026583,30,0.0024510049261152744,0.006616031751036644,0.9984461069107056,0.33091631531715393,-0.039692919701337814,0.020973626524209976,0.010073222642067002,286.53531903265474,0.0
43.98,57.95185250464655,-0.11711151468501277,0.3458318945793014,30,0.0012500269804149866,0.0056051588617265224,1.0016427040100098,0.225103959441185,-0.06478051096200943,0.07591455429792404,0.009009424954712231,286.53531903265474,0.0
44.03,57.950904178596446,-0.12069144863639257,0.3477026933871751,30,0.002510813297703862,0.006879839580506086,0.9990118145942688,-0.0744699239730835,0.15777674317359924,0.10330582410097122,0.007631712971619245,285.9102931152011,0.0
44.081,57.95290332840752,-0.09958717703872869,0.3322302754700784,30,0.002552323741838336,0.00579419219866395,0.9982584118843079,0.016637424007058144,0.019029049202799797,-0.13413099944591522,0.007141119845900596,285.9102931152011,0.0
44.131,57.954631223839016,-0.12719171735811077,0.29321297755749426,30,0.002651971997693181,0.004647014196962118,0.9996311664581299,-0.16789987683296204,-0.1293412148952484,0.29592058062553406,0.007084671806180584,285.9102931152011,0.0
44.182,57.95289666001107,-0.12185983050672393,0.2885643430850359,30,0.0022655061911791563,0.004865574184805155,1.0020686388015747,-0.02544340118765831,-0.542399525642395,-0.1139170303940773,0.007437197321150728,285.9102931152011,0.0
44.232,57.95601402226676,-0.10584149985879843,0.3333797606505287,30,0.001910237013362348,0.00731706665828824,0.9974824786186218,-0.05110521987080574,-0.08159657567739487,-0.2756100594997406,0.008588141360333116,285.9102931152011,0.0
44.283,57.95771941417627,-0.10374214160864335,0.3335343305613911,30,-0.0002140401629731059,0.006745361257344484,0.9976508021354675,-0.06183673441410065,-0.12193657457828522,0.00800930242985487,0.009859822090577428,285.9102931152011,0.0
44.333,57.95873755343798,-0.11695384882823211,0.32420483225769847,31,0.0003193307784385979,0.006497561931610107,0.9974406957626343,0.1278030127286911,-0.04714648053050041,-0.03440559282898903,0.01201207089678634,285.9102931152011,0.0
44.383,57.95807078745647,-0.08214882889157911,0.3516868184654371,31,0.0006961504113860428,0.005842453334480524,0.9987250566482544,-0.07696051895618439,-0.29757750034332275,0.015313221141695976,0.013448508304855875,285.9102931152011,0.0
44.433,57.96076208664111,-0.10020642861447475,0.32052175924842513,31,0.001918761758133769,0.006214854307472706,1.000968337059021,0.1694924384355545,-0.02328564040362835,0.15065166354179382,0.015447579905483582,285.9102931152011,0.0
44.484,57.96135457321272,-0.10085345703216603,0.29590024589642966,31,0.0009932632092386484,0.005412321072071791,0.9987748861312866,0.15917150676250458,-0.06892932951450348,0.09208362549543381,0.016817168926971448,285.9102931152011,0.0
44.534,57.962654051102554,-0.09798676671370887,0.3114318641830154,31,0.0024118220899254084,0.006930157076567411,1.0002012252807617,0.076448954641819,-0.18636567890644073,0.06908480077981949,0.018774476210074935,285.9102931152011,0.0
44.584,57.96559012979963,-0.11124220031694444,0.3131931311306091,30,0.001914770808070898,0.0045111472718417645,0.9987457394599915,-0.011017445474863052,-0.1576714813709259,0.07134765386581421,0.01979412152284976,285.67661081596515,0.0
44.635,57.96600487295622,-0.1316750612836513,0.31456405226115625,30,0.003744308138266206,0.005396946799010038,0.9993130564689636,0.03333941102027893,0.0992804616689682,-0.036509670317173004,0.02195330219423115,285.67661081596515,0.0
44.687,57.96532498576915,-0.12209858777799897,0.31490049968828593,30,0.0035823059733957052,0.006720265373587608,1.00150465965271,0.13525493443012238,-0.12861503660678864,0.05278044193983078,0.02475301266542998,285.67661081596515,0.0
44.737,57.96709463717308,-0.13377828430097635,0.2799303203769232,30,0.007053461857140064,0.006514779292047024,0.9993781447410583,-0.12947037816047668,-0.11700872331857681,-0.01631622388958931,0.02637728895830616,285.67661081596515,0.0
44.787,57.9680580447,-0.11923326919062392,0.26355454150912727,30,0.0043940432369709015,0.0021137685980647802,0.9961380362510681,0.04072244092822075,-0.2589285671710968,0.023386813700199127,0.028885636723241178,285.67661081596515,0.0
44.838,57.968510833766885,-0.10447823239342913,0.29864470969720097,30,0.0009825874585658312,0.004516785964369774,0.9986444711685181,0.043736014515161514,0.02831149846315384,0.1281406432390213,0.03030464650984399,285.67661081596515,0.0
44.888,57.9673230200101,-0.0832043125059694,0.29901952250546765,30,0.0018106643110513687,0.0057946378365159035,0.9971404671669006,-0.03352903947234154,-0.16547159850597382,-0.08645837754011154,0.03286676252790157,285.67661081596515,0.0
44.939,57.96714339316901,-0.10992168538912656,0.3146465646477449,30,0.0034165391698479652,0.0039447215385735035,0.9976009130477905,0.05906129255890846,0.02830699272453785,0.1837066262960434,0.03427732969311899,285.67661081596515,0.0
44.989,57.96646887036732,-0.1029146727329974,0.31802400406057985,30,0.0007395166321657598,0.006300324574112892,0.9980095624923706,0.002152638044208288,-0.014335565268993378,-0.17052622139453888,0.03547087832135291,285.67661081596515,0.0
45.04,57.969014683788075,-0.07633628794355381,0.3011453699299074,30,0.0017418846255168319,0.006090712267905474,0.999438464641571,0.03683977201581001,-0.14693202078342438,-0.1415308713912964,0.03607905031673379,285.67661081596515,0.0
45.09,57.96791078456667,-0.10940406943148738,0.3380839146316728,30,0.0023488125298172235,0.00604980206117034,0.9992666840553284,-0.16132491827011108,-0.20691491663455963,-0.0789542868733406,0.036920906828553555,285.67661081596515,0.0
45.141,57.96908264056888,-0.13355338679302675,0.3053635457536221,30,0.0025414174888283014,0.004109520930796862,0.9983579516410828,-0.03578336164355278,-0.14071080088615417,0.012681265361607075,0.03787809565815387,285.2879880288396,0.0
45.191,57.96851072159499,-0.13433708966219485,0.30496259759015604,30,0.002535467501729727,0.0063742357306182384,0.9998146295547485,-0.12692256271839142,-0.05849466100335121,-0.1498880386352539,0.0389005467906709,285.2879880288396,0.0
45.242,57.96784030381923,-0.10080232544927314,0.3330690049330176,30,0.0028799576684832573,0.006539752706885338,1.000519037246704,-0.15202225744724274,0.026231354102492332,-0.010051341727375984,0.03921605360794278,285.2879880288396,0.0
45.292,57.967524871035856,-0.11475764400534975,0.3329917416625276,30,0.0028479844331741333,0.006884532514959574,1.0000417232513428,-0.2048014998435974,-0.019057266414165497,-0.0650995522737503,0.04010316392595236,285.2879880288396,0.0
45.343,57.969470213450165,-0.09518465574541875,0.37146273679256114,30,0.0019489908590912819,0.007992011494934559,0.9975401163101196,-0.24402213096618652,0.11433678865432739,0.08593901991844177,0.04090213220977016,285.2879880288396,0.0
45.393,57.972628671608206,-0.08046318775915727,0.3607060528401897,30,0.0020369805861264467,0.004298336338251829,0.997227668762207,0.05864745378494263,-0.24407735466957092,0.09269461035728455,0.04157234591404692,285.2879880288396,0.0
45.444,57.973499708789056,-0.09155577377787665,0.3217985679270059,30,-0.0005341487121768296,0.005071976222097874,1.0005617141723633,0.17485271394252777,-0.3481428325176239,-0.1033293828368187,0.04234015060134529,285.2879880288396,0.0
45.494,57.976406257079816,-0.09612937469036512,0.3403689986495306,30,0.003256589639931917,0.005111545789986849,0.9987408518791199,0.23262257874011993,-0.0834568589925766,0.18125565350055695,0.04288581948169017,285.2879880288396,0.0
45.544,57.97877472742207,-0.08721847346835211,0.37157576054787944,30,0.0014400867512449622,0.006861323025077581,0.997586190700531,-0.24956485629081726,0.019425030797719955,0.3346710801124573,0.043099633398522734,285.2879880288396,0.0
45.595,57.97949182764841,-0.10812333861347592,0.32873931296784936,30,0.00451250746846199,0.00669170031324029,1.0014915466308594,0.001681277877651155,-0.1503734141588211,-0.024643057957291603,0.04319303018531796,285.2879880288396,0.0
45.645,57.980600818085136,-0.09289632904351063,0.355725914775048,30,0.0016477492172271013,0.0071966443210840225,0.999141275882721,-0.1163332611322403,0.12785963714122772,-0.04206519573926926,0.043641237778590365,285.2879880288396,0.0
45.696,57.98008123561634,-0.1030263495870258,0.3454928745043274,30,0.0015695778420194983,0.0053199902176856995,0.9982936382293701,0.01089721079915762,0.08311840146780014,-0.11753154546022415,0.04415255761167636,286.39836121543186,0.0
45.746,57.98168482167259,-0.09286665336822715,0.33717306786483997,30,-0.00015692428860347718,0.0038665879983454943,0.998823881149292,0.23385204374790192,-0.07320936769247055,0.11879203468561172,0.0456678191356536,286.39836121543186,0.0
45.796,57.98115506607749,-0.11562693585653151,0.3151444498187336,30,0.002326009562239051,0.003840044606477022,0.9991369247436523,0.03374457359313965,-0.04107419028878212,0.06264276057481766,0.04629960866904726,286.39836121543186,0.0
45.847,57.98363952660264,-0.10516788224877935,0.35932737645004803,30,0.0016704517183825374,0.009520933963358402,0.9991655349731445,-0.22958730161190033,-0.3328065276145935,0.17374394834041595,0.04709511974167638,286.39836121543186,0.0
45.897,57.98303595765466,-0.08422758662723825,0.352847660644106,30,0.0016386699862778187,0.008094633929431438,0.9992823004722595,-0.15185050666332245,0.047097157686948776,0.03490697592496872,0.04740683884438504,286.39836121543186,0.0
45.948,57.98797425452478,-0.07527649052676848,0.3602207844207917,30,-3.404527160455473e-05,0.0049813189543783665,1.0009969472885132,0.13923627138137817,-0.10433686524629593,0.23478618264198303,0.0480347492116405,286.39836121543186,0.0
45.998,57.989061519586606,-0.06387136089410594,0.3749084213062617,30,0.0009420581627637148,0.005937421228736639,0.9996111989021301,0.136092409491539,-0.30144912004470825,0.1034456342458725,0.04849560620350908,286.39836121543186,0.0
46.049,57.99016647654884,-0.09895897063299536,0.3620533712363114,30,0.0016361301532015204,0.005209431517869234,0.996299684047699,0.16140998899936676,-0.23029658198356628,-0.07369764894247055,0.048597460484284816,286.39836121543186,0.0
46.099,57.990351376649436,-0.07888757903745464,0.34419797707993544,30,-0.0011188349453732371,0.0048281354829669,0.9988239407539368,-0.04895009845495224,0.07595478743314743,-0.21133191883563995,0.04834714556596837,286.39836121543186,0.0
46.149,57.98886492608032,-0.09535393355602115,0.3376715170627004,30,0.0009711961611174047,0.005792417097836733,0.9981780052185059,0.03469448164105415,0.02541077695786953,0.19975465536117554,0.04812758430436091,286.39836121543186,0.0
46.2,57.988209734476925,-0.11657108478679316,0.37491568381434515,30,0.004741215147078037,0.007810106500983238,0.9992664456367493,-0.03717869520187378,-0.15404966473579407,-0.11133570969104767,0.047672949979519534,287.16308366424755,0.0
46.25,57.99038385133099,-0.09361982510986468,0.357040266087608,30,0.0011184364557266235,0.004826406482607126,1.0016827583312988,0.09146756678819656,-0.17892876267433167,-0.038514621555805206,0.046917786326595184,287.16308366424755,0.0
46.3,57.992655973000105,-0.05076885385754409,0.3606563807625652,30,-0.000305540714180097,0.007697598077356815,0.9998818635940552,-0.02447412721812725,-0.012440050952136517,0.08265919238328934,0.046291559717473896,287.16308366424755,0.0
46.351,57.99212845604288,-0.06094739678648479,0.3947539615454326,30,0.002072414616122842,0.0050336685962975025,0.9980437159538269,-0.03290562331676483,-0.08387386053800583,0.15153911709785461,0.04493522849297073,287.16308366424755,0.0
46.401,57.990140943216744,-0.07050484990212266,0.3641356966354953,30,-0.0008655666606500745,0.00610402412712574,1.0008434057235718,-0.24468357861042023,-0.13859468698501587,-0.19349397718906403,0.04375564322473581,287.16308366424755,0.0
46.453,57.9902468908677,-0.06765365563016448,0.3315438902387813,30,0.0011658451985567808,0.0057823979295790195,0.9998335838317871,-0.1587059199810028,-0.26753759384155273,-0.06264104694128036,0.041771068024167475,287.16308366424755,0.0
46.504,57.98990207609099,-0.09869801205768523,0.31936127019440186,30,0.0009702096576802433,0.004066371358931065,0.999576985836029,-0.14848291873931885,-0.09720687568187714,0.036398183554410934,0.04052982747055597,287.16308366424755,0.0
46.554,57.9908392598654,-0.09563635541411121,0.32107338903015603,30,0.0024251111317425966,0.004560939501971006,0.9982985854148865,-0.08340919017791748,-0.025700503960251808,-0.0911356657743454,0.03910141406629331,287.16308366424755,0.0
46.604,57.991464828553624,-0.08578133063176042,0.31531057855421313,30,0.0022569475695490837,0.006368713453412056,0.9990643858909607,-0.11276302486658096,-0.041565414518117905,-0.11917975544929504,0.03804431795765209,287.16308366424755,0.0
46.655,57.99185020221863,-0.087106845733372,0.3271338325613754,30,0.0011850587325170636,0.005367479752749205,1.0010979175567627,-0.006213193293660879,0.13183695077896118,0.04769828915596008,0.03756219065757561,287.16308366424755,0.0
46.705,57.99419965460666,-0.10060334073433302,0.36538355354378366,30,0.0015901055885478854,0.008805273100733757,0.9995764493942261,-0.17428812384605408,-0.10761667788028717,0.059548817574977875,0.03759570942434271,287.16308366424755,0.0
46.755,57.99329486560797,-0.11185682525492227,0.3849566342615407,30,0.0019943183287978172,0.006871473044157028,0.9970737099647522,-0.021440448239445686,-0.07745668292045593,-0.19158120453357697,0.03784838940345126,285.55991285403053,0.0
46.805,57.9933728396682,-0.10758979294896508,0.38653756602670686,30,0.0006808627513237298,0.007200797088444233,0.9998547434806824,0.08727449178695679,0.006870162673294544,0.05979137495160103,0.038993392045027955,285.55991285403053,0.0
46.856,57.99620612663736,-0.07924274280459354,0.3292035058296191,30,-0.00022315376554615796,0.0038993607740849257,0.9991678595542908,-0.15278056263923645,0.16922280192375183,0.09015390276908875,0.039571908969870256,285.55991285403053,0.0
46.906,57.99646563152339,-0.11669899407672328,0.3644361424751636,30,0.0033368843141943216,0.00803091749548912,1.000760555267334,-0.05290117487311363,-0.10562299937009811,-0.2025597244501114,0.03997003488978147,285.55991285403053,0.0
46.956,57.99614168114928,-0.08158092523768436,0.38193788906752235,30,0.0020748027600347996,0.007817160338163376,0.9995653033256531,-0.022661978378891945,-0.11538619548082352,0.07787742465734482,0.03967503832072133,285.55991285403053,0.0
47.007,57.997170089364516,-0.10266200270318969,0.32524623180251605,30,0.0024972083047032356,0.004636783618479967,0.9980447888374329,-0.4424828886985779,-0.28669315576553345,-0.040602024644613266,0.038341321380733005,285.55991285403053,0.0
47.057,57.9981032574944,-0.1167097893471297,0.35084021729945747,30,0.001345702214166522,0.00727976206690073,0.9979916214942932,0.02008906379342079,-0.16294032335281372,-0.007507239934056997,0.03691917806422994,285.55991285403053,0.0
47.107,58.00114784412229,-0.10600602286192384,0.3686397920712793,30,0.0016519027994945645,0.008023909293115139,0.9997751116752625,-0.1563630998134613,-0.025066465139389038,0.1908450871706009,0.03459341670862527,285.55991285403053,0.0
47.158,58.00267388959648,-0.12281871864923374,0.3569363932956345,30,0.0034308808390051126,0.006332412362098694,0.9985395669937134,-0.09340179711580276,0.12221309542655945,0.07950301468372345,0.03321632718724587,285.55991285403053,0.0
47.208,57.99928836576248,-0.1144453232002631,0.3437460575470869,30,0.0012290285667404532,0.005461378023028374,1.0003437995910645,-0.24980930984020233,-0.18405264616012573,-0.005718722473829985,0.03222638609572117,285.55991285403053,0.0
47.259,58.0004973305868,-0.11521792522801085,0.2924827599154786,30,0.0026472583413124084,0.004868411459028721,0.9987205862998962,-0.11625401675701141,-0.051032669842243195,-0.1647968590259552,0.03144883883471137,285.55991285403053,0.0
47.309,57.999977924740755,-0.1147646330450956,0.27660610528907364,30,0.001225384185090661,0.003222380531951785,0.9985091686248779,0.03065662272274494,-0.08978051692247391,0.2336178421974182,0.030606961984518326,217.08524403498782,0.0
47.359,58.0029242525263,-0.10398406249426491,0.3131427309059641,30,0.001973603619262576,0.00616703275591135,0.9995824694633484,0.1021905168890953,-0.20641522109508514,-0.07197441160678864,0.03022313680746202,217.08524403498782,0.0
47.41,58.005811911176025,-0.10665812897963702,0.33567669655679067,30,0.0024041414726525545,0.006265796720981598,1.000317096710205,-0.0434146486222744,-0.03023158572614193,0.25355854630470276,0.02983990091942589,217.08524403498782,0.0
47.46,58.00944304797275,-0.12551122183943417,0.3222371025442608,30,0.0024923421442508698,0.005465334746986628,0.9984197616577148,-0.06755641102790833,-0.0717543438076973,-0.1026180237531662,0.030060861413460347,217.08524403498782,0.0
47.51,58.01042615411736,-0.11131248234621866,0.3011780664713441,30,0.0010791643289849162,0.003748742863535881,0.999941885471344,-0.09123807400465012,-0.11126349121332169,-0.08700510859489441,0.030442301660467252,217.08524403498782,0.0
47.561,58.006095884538254,-0.09258559630577234,0.3251850788170426,30,0.0007714545936323702,0.006934043951332569,1.0002100467681885,-0.14578640460968018,0.10820727795362473,0.2010309398174286,0.030892358630393944,217.08524403498782,0.0
47.611,58.00773689503183,-0.11494382654998993,0.3048500637688725,30,0.005265708081424236,0.005034906789660454,0.9992582201957703,-0.1291874349117279,-0.04955924674868584,-0.05350685119628906,0.03058959148144076,217.08524403498782,0.0
47.662,58.00825020349937,-0.10833966845781733,0.31769601703303196,30,0.0027614841237664223,0.007719389162957668,0.9997273087501526,0.11972799152135849,-0.033243000507354736,-0.0643172487616539,0.029964859895184187,217.08524403498782,0.0
47.712,58.01264551393963,-0.14194992067644002,0.3533810796663668,30,0.00161653570830822,0.007581012323498726,0.9973574876785278,0.016380589455366135,-0.06042880564928055,-0.018072685226798058,0.028926468051779383,217.08524403498782,0.0
47.763,58.01106448091034,-0.11543195372150467,0.35034937605288724,30,0.001738883787766099,0.0061318958178162575,0.9975363612174988,-0.19786684215068817,0.1356324404478073,0.041882116347551346,0.028485693430949238,217.08524403498782,0.0
47.813,58.01108208184577,-0.10641318159961613,0.35195509638651507,30,0.0008714022114872932,0.004567887634038925,0.9969735741615295,0.04248281568288803,-0.024674801155924797,0.04073679447174072,0.02657490866921705,290.18292514182923,0.0
47.863,58.01165342775389,-0.10784396714351446,0.3435490491233044,30,0.0007269788766279817,0.006788311060518026,0.9968301057815552,0.2072828859090805,-0.07033377885818481,0.11757655441761017,0.02447707646710425,290.18292514182923,0.0
47.913,58.01239435631461,-0.09651454013246323,0.34125500044946344,30,0.003220311598852277,0.006269720382988453,1.000071406364441,0.025753682479262352,-0.011139295063912868,0.023947698995471,0.023673764197096582,290.18292514182923,0.0
47.964,58.013492189860145,-0.11748865012469147,0.349132796530778,30,0.0026583694852888584,0.007594907656311989,0.9992671608924866,-0.01991431787610054,-0.19026251137256622,-0.10541024059057236,0.023176192635950558,290.18292514182923,0.0
48.014,58.01117917772309,-0.09096790887088034,0.32888536735031626,30,0.002831884426996112,0.004475326742976904,0.9990859031677246,-0.29297393560409546,0.016217131167650223,-0.0681871771812439,0.022758652421709744,290.18292514182923,0.0
