time,thrust,velocity,yaw,pitch,roll,battery,x,y,z,yaw obs,pitch obs,roll obs,x obs,y obs,z obs,loop rate (Hz),target altitude (m)
0.0,0.0,0.0,0.06781004501923778,0.1779000496231036,0.010388466322471479,57,0.3695014733812386,0.9642226525819458,0.0,0.06730155923309798,0.18162546153232206,0.015465916161038182,0.36939296063129784,0.9640339530340427,0.0,283.5833591109901,0.0
0.05,0.0,0.0,0.06235380347377201,0.15114698382305697,0.025296268971424615,57,0.3716763694086572,0.9648515714442045,0.0,0.06280722431032507,0.15557575107000404,0.042076371687254664,0.370873986292797,0.9645703258206161,0.0,283.5833591109901,0.0
0.101,0.0,0.0,0.06442917419035701,0.14881256537603813,0.03432346088776813,57,0.3710355631131375,0.9638672296634301,0.0,0.06409945243756306,0.15802274569895447,0.03590371949871906,0.3711209112655088,0.9638682328534017,5.862752956447961e-06,283.5833591109901,0.0
0.151,0.0,0.0,0.061989059984038405,0.13289502431204941,0.01988410147346673,57,0.36837141580827254,0.9616589125677713,0.0,0.06325182455053302,0.12160935836846083,0.015513778177632125,0.3686576483426852,0.9620784679907001,4.1575752066215606e-05,283.5833591109901,0.0
0.201,0.0,0.0,0.060400401528184634,0.22832763843552387,0.03471091208806442,57,0.36834876728435895,0.9613987031546416,0.0,0.061429543245887355,0.20101493485501382,0.04141670252128568,0.3682036128112231,0.9612182477912293,0.0,283.5833591109901,0.0
0.252,0.0,0.0,0.060121792386693046,0.23900999417524976,0.03234471165625898,57,0.3672775314886599,0.9615893639011026,0.0,0.061083714569041075,0.24063004847262226,0.029529245771016656,0.36740525872436997,0.9614887806017662,5.930011985678573e-06,283.5833591109901,0.0
0.302,0.0,0.0,0.0590722847547208,0.1929288646131628,0.046212698017068475,57,0.3661916755725527,0.9617496440668967,0.0,0.05948064537691104,0.19608803865932659,0.036795417659307855,0.36605606063658713,0.9618072386372037,0.0,283.5833591109901,0.0
0.352,0.0,0.0,0.058144030113757246,0.21048604227179057,0.024465850327096358,57,0.36390509387171727,0.9612316208496545,0.0,0.05766926645487726,0.2028776697174248,0.03545641612115065,0.36453616933809196,0.9615516466707952,5.248625902660733e-05,285.17652441344393,0.0
0.402,0.0,0.0,0.05936621083450004,0.2016640058310191,0.06805833083148749,57,0.36014031543103997,0.9598406355400136,0.0,0.058783181780474064,0.2085171260246826,0.07315654290166547,0.3600689215237104,0.9600169133447733,1.66961826257358e-05,285.17652441344393,0.0
0.452,0.0,0.0,0.05775188271751734,0.19862440418614571,0.11882546576751106,57,0.3575326596945352,0.959177407524301,0.0,0.0584309483832624,0.1954767006454795,0.11986091324676391,0.35771215517310073,0.9588728974401476,0.0,285.17652441344393,0.0
0.503,0.0,0.0,0.05580438319938062,0.22456199027583978,0.047091269861747616,57,0.3562549081859545,0.9593010475721792,0.0,0.055043761346919254,0.22396482604476614,0.0513368544926047,0.35595744283035674,0.9592196967208336,0.0,285.17652441344393,0.0
0.553,0.0,0.0,0.05567213845263151,0.2480420830886398,0.07813124518197989,57,0.3541341411515524,0.9596882657513713,0.0,0.057369330541308106,0.24782827384160422,0.06889514183954897,0.3539904861666741,0.9596211247288338,0.0,285.17652441344393,0.0
0.603,0.0,0.0,0.05433250394349692,0.184513168671707,0.07196894911617395,57,0.3539194992473945,0.9603975495370816,0.0,0.05390675227779182,0.1963313591351084,0.0608636261371433,0.35360199785118085,0.9602545504153907,0.0,285.17652441344393,0.0
0.654,0.0,0.0,0.05501856657807382,0.22179896586480238,0.049460580365328716,57,0.3548054292045556,0.9612460521077012,0.0,0.05451054028285219,0.20421317117644616,0.05866386420150793,0.35459348502680255,0.9611169032809483,0.0,285.17652441344393,0.0
0.704,0.0,0.0,0.048830525922732834,0.2106130025999959,0.06596838987648082,57,0.35516490482930907,0.9614527284570344,0.0,0.04987103718561616,0.21310206558492048,0.05997569558255514,0.3551516454082799,0.9614361123541781,0.0,285.17652441344393,0.0
0.755,0.0,0.0,0.05017158059467113,0.20793031453740954,0.04710331294499667,57,0.3568165693849926,0.9625389832101086,0.0,0.0495530122166992,0.20858549139488783,0.031776627483800945,0.356850051858425,0.9624647192499345,0.0,285.17652441344393,0.0
0.805,0.0,0.0,0.049674299167380774,0.19003148862375582,0.06745646775458647,57,0.35737334629472006,0.963804284458196,0.0,0.049935740327046306,0.20057690231768235,0.04773465627561525,0.3573261448576054,0.9638386692563002,0.0,285.17652441344393,0.0
0.856,0.0,0.0,0.04838790264534268,0.18501048210450896,0.07067027098808118,57,0.35892009993012464,0.9654169145682495,0.0,0.048902640729566085,0.18390710479531647,0.07933806933816143,0.3588307058304144,0.9653967680608937,0.0,285.17652441344393,0.0
0.906,0.0,0.0,0.045870561313452365,0.20709404896268555,0.0601412215146605,57,0.3590393597141105,0.9656833712309852,0.0,0.046630512941543814,0.1991810967691771,0.07047221822736645,0.35917442135266353,0.9658592106448306,1.0607926218165799e-05,280.9856978345873,0.0
0.956,0.0,0.0,0.04269948129108421,0.1922789192139886,0.09758217770962437,57,0.3562825478645271,0.9643924527023471,0.0,0.04370707249282975,0.18815424587142193,0.07504231826332401,0.35665610119156993,0.9648298617621236,4.18571683246563e-05,280.9856978345873,0.0
1.007,0.0,0.0,0.039990971758010356,0.23091709815165826,0.030341285583068957,57,0.3547153370914288,0.9630771326809674,0.0,0.0396706922993181,0.21397827031439168,0.06750174625992765,0.3545936340052568,0.9630166702610855,0.0,280.9856978345873,0.0
1.057,0.0,0.0,0.04018187892359053,0.16890157004224862,0.039541329464804244,57,0.3517502768943656,0.9617177130256999,0.0,0.03850470664661723,0.19408923813343484,0.05123953997149754,0.3517320392338782,0.961777619058886,0.0,280.9856978345873,0.0
1.107,0.0,0.0,0.0426179617431365,0.1997854204089376,0.017943755278416528,57,0.3494424201552804,0.9595574652976692,0.0,0.042505222141622355,0.18874235782186133,0.013359905065409457,0.34915339261587264,0.959317379301037,0.0,280.9856978345873,0.0
1.157,0.0,0.0,0.04225476670980824,0.19734243065437124,0.007341324619682845,57,0.3494831042040147,0.9578470520185973,0.0,0.041951441258250614,0.19841384929075445,0.003996411954697683,0.3492156447861223,0.9574697722299644,0.0,280.9856978345873,0.0
1.208,0.0,0.0,0.04283906424972549,0.20484891176054726,0.046600144889888735,57,0.3497724733060794,0.95636142931621,0.0,0.04309128393415275,0.19906890158157448,0.050462306430697386,0.3494418870574595,0.9564564630511618,0.0,280.9856978345873,0.0
1.258,0.0,0.0,0.041712683192253235,0.18510781245697214,0.06513810052970083,57,0.3504502866632891,0.955529451933657,0.0,0.04238696806725228,0.19621765773260622,0.0674023394949652,0.35036732261390463,0.9552931725227936,0.0,280.9856978345873,0.0
1.308,0.0,0.0,0.04191220465510699,0.22003595398042666,0.04935031436032919,57,0.3536152907353626,0.9554124049737874,0.0,0.04160513004176973,0.21136840045621122,0.06217776030950953,0.35268652063664985,0.9549082556616025,0.0,280.9856978345873,0.0
1.359,0.0,0.0,0.041484606308566735,0.2050570092660151,0.07991983719187158,57,0.3543243810394761,0.9556351016479142,0.0,0.0416210554281575,0.2127713964591633,0.07374513092422388,0.3543508118621478,0.9555656598862451,0.0,280.9856978345873,0.0
1.409,0.0,0.0,0.03645184565054512,0.21578047592932395,0.06385214093059158,57,0.3550924683231938,0.9556076019538131,0.0,0.036727364512336436,0.20855848781654424,0.07526507700073175,0.3553003906606684,0.9557799405589782,0.0,285.60820254384083,0.0
1.46,0.0,0.0,0.034996594935177504,0.21963224812319446,0.006061729477507108,57,0.3535655694058323,0.954475024756205,0.0,0.03391830377912288,0.21510365080037944,0.022164639063176516,0.3536110970719945,0.9545570795764645,8.798309482711588e-06,285.60820254384083,0.0
1.511,0.0,0.0,0.03602458516585568,0.21591641400473569,0.09473518004118511,57,0.34953641911593464,0.9522926335335304,0.0,0.037476789432874316,0.22817053926456504,0.07281653242879907,0.3502395727155054,0.9527576295909826,6.652202246515761e-05,285.60820254384083,0.0
1.561,0.0,0.0,0.03219157643402094,0.21579159939827014,0.0871686411058258,57,0.347692826965347,0.9516781059400791,0.0,0.03262630666305207,0.21460988082777105,0.0816213431025398,0.3473708508908024,0.9515262667584378,0.0,285.60820254384083,0.0
1.611,0.0,0.0,0.029732137599708202,0.22389987929595676,0.0885193161390968,57,0.3434959271166408,0.9492852877646764,0.0,0.030121074130605975,0.2260896200156401,0.09000305846009789,0.34370394136196625,0.9495253723113326,3.6642462614678335e-05,285.60820254384083,0.0
1.662,39958.0,0.0,0.031951792560362804,0.21524596312980845,0.0937297684630888,57,0.3421231951410751,0.9478640627348989,0.0,0.032432842187110816,0.21458988978683638,0.10059732917050458,0.3418321556802424,0.9476140805746761,7.545190582030134e-06,285.60820254384083,0.0
1.712,40008.0,0.045169931128897924,0.0441413242787807,0.16255913916544146,0.17133081173699793,57,0.3406850702460121,0.9460574873838533,8.862246076263221e-09,0.03814071862123857,0.20910113775903894,0.1578610617381106,0.34043849724099173,0.9460045256896175,7.832006699043634e-06,285.60820254384083,0.0
1.762,39766.0,0.05460007417033486,0.02760923739592387,0.16280375797106514,0.1474942575362027,57,0.3391052977261344,0.9428170193601287,9.888917130552856e-08,0.0386905029425451,0.20186565616133398,0.2071802180937715,0.3390295276077982,0.942540315146607,0.00013812409408758594,285.60820254384083,0.0
1.813,39915.0,0.04640714138998609,0.02144339396429578,0.15106012793644558,0.1514327748151752,57,0.33826151934039417,0.9385955728379008,2.731988810571886e-07,0.020860189276630737,0.135692285580074,0.14141441743235486,0.33809821577712673,0.9388009796735441,4.840825650667196e-05,285.60820254384083,0.0
1.863,40009.0,0.052846297399076564,-0.008456162883279853,0.03585456572807941,0.32030344895624974,57,0.34020740551278617,0.9367095007603145,2.1607649101972514e-07,0.011771687794267564,-0.14154704150016867,0.22672148762352665,0.34012997460501243,0.9360424991383897,0.0,285.60820254384083,0.0004427127741102766
1.913,40011.0,0.049965021370843986,-0.004346789425131039,-0.20036363205306407,0.21962212366340056,57,0.3441089613095227,0.93544157598995,-7.425321258512919e-08,0.01700940769820995,-0.16612815228094838,0.1396493577083176,0.3439900792053412,0.935053262579096,0.0,285.60820254384083,0.006675128575472722
1.964,40010.0,0.07120574890254674,0.06150160702845585,-0.5575466467763414,0.42757045045436287,57,0.3454106657881923,0.9347447418554344,-1.7444635982580578e-07,0.025271010497231208,-0.34890247019964854,0.32920769539823497,0.34558084956031204,0.9345887551591869,7.442024513571213e-06,285.1439976160917,0.016600417125647547
2.014,40043.0,0.028076708414547204,-0.07525511274332129,-0.8926210435250562,-0.09656963842426078,57,0.34928467345056213,0.9351944670589194,-6.94537315603152e-07,0.0032678776881270785,-0.7656905432449067,0.1837369393653946,0.3490252953088901,0.934771460910117,0.0,285.1439976160917,0.026467666560420343
2.064,39914.0,0.02568280352220149,-0.3691687438113065,-1.1145173775039454,0.6484300201536406,57,0.3496575807285183,0.9347827019224562,-6.639369232119089e-07,-0.30296805938450505,-1.0506270142658891,0.3202661385772812,0.3499037018445999,0.934835243245104,0.00010253005557547648,285.1439976160917,0.03631631627998579
2.114,39892.0,0.00804570602484272,-0.6976484538953249,-1.4878937512198394,0.6478002216658058,57,0.3503167740004252,0.9336834233652997,-8.087303270067021e-07,-0.593023513671879,-1.2938165742724106,0.7298452508202984,0.35065776928165715,0.9339457080368373,0.00017939322196695005,285.1439976160917,0.046402522373314124
2.164,39583.0,-0.007781805306844388,-1.0892076866360347,-2.062556758702299,0.1405590814098477,57,0.34964575945954646,0.9320923791450869,-9.710371152473988e-07,-1.0267744948214907,-1.8053779553883513,0.12127627642749059,0.34979090142414704,0.9320536285858214,0.0003287431989625633,285.1439976160917,0.05623933227506508
2.215,39639.0,-0.0332952019043536,-0.8296803038809635,-2.8337470960936195,0.5475380375428637,57,0.34730541277338045,0.9301812175201061,-1.0123681495193782e-06,-0.9310714122088471,-2.641580956482385,0.47342440526834884,0.3474437372975353,0.9302377980422893,0.0003644378785400139,285.1439976160917,0.06614758108646593
2.265,39895.0,-0.03106686018616225,-0.5310687425737111,-2.542618933818963,1.03760105089193,57,0.34608654573624664,0.9291195133669494,-1.1152929188366217e-06,-0.5849088517248671,-2.472359800606796,0.8077423219816847,0.3459179626972884,0.9289174363265452,0.0002134810572248542,285.1439976160917,0.07745680851874429
2.315,40189.0,-0.0014549252071369987,-0.592916956585781,-1.8982936491095082,1.4087631520027095,57,0.3444987044613806,0.9294759840628379,-6.605460531779587e-07,-0.5268021928742999,-2.0338468559321736,1.3449809198853238,0.34446811557359686,0.9295360000601034,9.862548522836413e-05,285.1439976160917,0.08731617807632733
2.366,39739.0,-8.171262754698913e-05,-1.0234240666344676,-1.8217100042405592,0.3286735223399203,57,0.3403840060012649,0.928173943525305,-1.350251688689275e-06,-0.9222215891833758,-1.5240602836647934,0.5712373221872559,0.3400499134770219,0.9282345111573923,0.0003898137964550757,285.1439976160917,0.09724178662260077
2.416,39551.0,-0.014643957710479903,-1.430001487228476,-1.7463627811164761,0.12531966585356452,57,0.3326928762483721,0.9255066354315193,-2.8681985534285335e-06,-1.3285036063293194,-1.6302423370734578,-0.01856009639771737,0.3327870915995445,0.9256979190410396,0.0005911458399323502,285.1439976160917,0.10711919590403754
2.467,39921.0,0.02507856131094655,-1.7787756116443358,-0.9984914665094425,0.8695068053867522,57,0.3276804473155174,0.9237541467355985,-3.892672819038485e-06,-1.682368655492699,-0.8224308218305952,0.6545495549868433,0.32688208789870477,0.9233956269309991,0.00034144831640255113,285.66531453181074,0.11690624656160811
2.517,39669.0,0.027737179762816613,-2.0469792420102,-0.3633710621092841,0.8589479899316994,57,0.3166572598841599,0.9184044479165879,-7.277583830212721e-06,-1.992503034011862,-0.24868769790245615,0.8446933261773462,0.31616641201018697,0.9184038387892994,0.0006618543373698219,285.66531453181074,0.12670885698236292
2.568,39794.0,0.054597085521167606,-2.1730030556792572,0.10419577528724401,0.06445842092977233,57,0.3085603231861373,0.9135939461997828,-9.296971272070235e-06,-2.1584960424781907,0.31024693973611067,0.17830532906122512,0.3072830823391933,0.9128239108305406,0.0004976908157352071,285.66531453181074,0.13670310448006298
2.618,40125.0,0.03804625209370838,-2.1853769871699287,0.24440101442224968,0.7496064663969195,57,0.2995117440819514,0.9026453043731675,-1.270415646059832e-05,-2.1729043239712738,0.5115069515577619,0.4561276240303298,0.29849582752168563,0.901474644380689,0.00044120699636572715,285.66531453181074,0.14793921302863058
2.668,40776.0,0.010379776980480121,-2.1289284926375194,1.007622798067784,1.0967562510210767,57,0.28714775682297483,0.8921293818502481,-1.27117905147724e-05,-2.1416858676899624,1.0352477836948835,1.0517232972434745,0.2882093625321758,0.8931660646706252,0.0003755444948316661,285.66531453181074,0.1577272636756464
2.718,40651.0,0.04551338764944877,-2.064219787608913,0.4219259138584459,0.40687254978977777,57,0.27998624852853177,0.8838239427037531,-1.187516035263458e-05,-2.08809283601751,0.5304158554749329,0.5409521725096484,0.27908180504036334,0.8829248603625787,0.0003208880658410214,285.66531453181074,0.16763827244412113
2.769,40994.0,0.055602015460317754,-1.7443613423973328,-0.13403651189392563,0.6207529687814431,57,0.268410773165815,0.8686526244957526,-8.946434718994957e-06,-1.8355349430280383,0.07407687255760251,0.5195326519628641,0.2704690760543409,0.8721467868329085,0.00015111700433216514,285.66531453181074,0.17746244253708346
2.819,40774.0,0.043666383265349995,-1.4367093076190267,-0.04034120768069493,0.6561083916644663,57,0.2624725114420021,0.8565940488445782,-6.6868306146177856e-06,-1.4793289849522133,-0.11041441537762808,0.6723797362832935,0.261427146762249,0.8547231070517838,0.0003685025570617883,285.66531453181074,0.1872924525432025
2.87,41320.0,0.046760747221952496,-1.164300445948253,0.34663336037746034,0.35785036124093483,57,0.2519314108510476,0.8392377473693412,-2.299296567484829e-06,-1.2252722167460302,0.10638898844835856,0.2980090309512734,0.253974993553198,0.8426962618569055,2.2414906819333578e-05,285.66531453181074,0.19709786292363576
2.92,41413.0,0.036172353231209674,-0.8056156850625888,0.1701911485636659,0.4081469755203878,57,0.244881770090702,0.8276244940772471,4.247907091051835e-07,-0.8540731367243579,0.04301006966681647,0.2549399237629614,0.24363325667227936,0.82573258604514,0.0002478574592606077,285.66531453181074,0.20833189150556577
2.971,42238.0,0.0400064803595372,-0.4171435701856457,-0.7633459586575345,0.1484819434449312,57,0.23919641427813282,0.8105565649407134,2.4001658007647843e-06,-0.4649989716754229,-0.7217454359956218,-0.05132662678223057,0.23880026950678765,0.8111338806461346,8.93281768525613e-05,285.66531453181074,0.21822598053143885
3.021,42125.0,0.02272423970434179,-0.17525504917845397,-1.20612666252777,0.027729775319376964,57,0.23635544189398036,0.7995668848362953,2.8593364137397953e-06,-0.1966558620247864,-1.2738823317867023,-0.2685821328580672,0.23562223364563412,0.7975065219285071,8.04392300904316e-05,284.9814760464196,0.2281618689205486
3.071,42657.0,0.019927899695334133,0.011310091526250747,-0.9758894042498609,-0.06676796934406602,57,0.23289919164014256,0.7832398409943768,9.225975486999041e-07,-0.0291852217176698,-1.2185705927177857,-0.26319929084540117,0.23284034639981777,0.7839407511033396,9.87659500994391e-05,284.9814760464196,0.23805215800748417
3.121,42736.0,0.027413762577249094,0.07490220602258178,-0.9952053156925293,0.21405461206392853,57,0.231693996061333,0.7734791299810301,-1.417394492132789e-06,0.08391327734790183,-0.9905794526257052,0.02068699650301235,0.23107208743328386,0.7715256438553539,0.0,284.9814760464196,0.2478916478654654
3.171,43113.0,0.021962976423060082,0.10790953145961373,-0.9930912016617482,0.5290733963926503,57,0.23095833377711736,0.7612440698149119,-5.269506728603664e-06,0.10464475164711483,-1.1075611569768886,0.46631574504294865,0.23083698377878534,0.7605359246383876,7.917767870027505e-05,284.9814760464196,0.25774509750904806
3.221,43195.0,0.01790662628800964,0.10728059907594818,-0.7131899273281233,1.2522987358749895,57,0.23032715215145141,0.7552008410123724,-7.0042698405113325e-06,0.1390097973567805,-0.7066202191651269,0.9987228426363612,0.22979831740870785,0.7537058533692723,0.0,284.9814760464196,0.26760870699929473
3.272,43605.0,0.011156845992223711,-0.19378968012964354,-0.49839695384402144,1.2087675879296356,57,0.2324185304932368,0.7528762132324426,-6.723062360570333e-06,-0.04669790193038905,-0.5523990068375877,1.3002412517338158,0.2315289523169758,0.751663422398332,0.0,284.9814760464196,0.27741367738600187
3.322,43865.0,0.027079273041237157,-0.8208782658212551,-0.8621448229669137,0.7213367518542115,57,0.23805359793454978,0.7573191905210889,-5.0065782207007375e-06,-0.5867903351655224,-0.8022515256842523,0.9447373400371868,0.23756908218298348,0.756626645988655,0.0,284.9814760464196,0.2872776868717356
3.373,44172.0,0.004861048034514613,-1.3003959094093642,-1.6426670654656714,0.5111638277923763,57,0.24609881923728297,0.7641018900392872,-3.396802662253e-06,-1.154788865936933,-1.657989061897804,0.6270500019763672,0.2453316775487275,0.763166324118746,0.0,284.9814760464196,0.29855395480771807
3.423,44394.0,-0.005908782908342215,-1.8637107672136033,-1.5982025486762441,0.7182295827741116,57,0.2555483765977703,0.7687948119765461,-4.3317015613110945e-06,-1.705529823547869,-1.8421730535094543,0.7234412186036162,0.25644842591891115,0.7690250868095327,2.772548731914722e-05,284.9814760464196,0.308456923698771
3.473,44739.0,0.0019410450782843377,-2.4639163302667506,-1.4484268825738416,0.6786925524900905,57,0.27300440532959763,0.7806443976915133,-2.6437121149446843e-06,-2.26398544138867,-1.6075664814579635,0.7238168297912766,0.27262915119433656,0.7798095451807917,0.0,284.9814760464196,0.3183029734571291
3.524,44846.0,0.015699082530288143,-2.9386271580523076,-1.0346402045055956,0.45247385621882474,57,0.2849130892522163,0.7875898911195314,-1.515655978329626e-06,-2.821982380890687,-1.1599965261713863,0.49767153776045175,0.286870373530807,0.7887663731452188,0.00023990324067350226,278.9089082251691,0.3280810242548027
3.574,44592.0,0.03796926327545603,-3.131983285599498,-0.6490732885649841,0.31526819163333925,57,0.3051677022270702,0.7936845526540491,-2.9267305487185534e-06,-3.0961579684661333,-0.5840383085223348,0.33699002312055903,0.30634948607987544,0.7936851677111633,0.0002534742507316308,278.9089082251691,0.3379851931264961
3.624,44491.0,0.02694595141628839,-3.2667574692920405,-0.861951730624861,0.4486302074696474,57,0.31820845360738526,0.7974545118158055,-3.327214646390938e-06,-3.2239049735053675,-0.8470021955671375,0.4040536021137194,0.3204250806202013,0.7982064855105544,0.0007169521491069352,278.9089082251691,0.3477678038543871
3.675,44378.0,0.033328009637780376,-3.433571034383642,-0.6802237087337386,0.5048497376614305,57,0.3346277675717514,0.8013653912554942,-4.0157986131092585e-06,-3.388252704120052,-0.6629529178361117,0.4895693938681879,0.3359815453846527,0.8016177300646102,0.0008092313496337656,278.9089082251691,0.3576204535142715
3.725,44425.0,0.029513150945129938,-3.5464470798145236,-0.7191452121667493,0.4361124066847764,57,0.34589280764995395,0.8034515349490245,-4.806727233117785e-06,-3.526137884649328,-0.7297936775617045,0.4590768893133357,0.3475840493422496,0.803795385905969,0.0010393184586128736,278.9089082251691,0.3688949214756553
3.776,45302.0,0.03887937013899524,-3.6054783179388683,-0.6907899637882494,0.41693360174956967,57,0.3593651014581992,0.8106328990164177,-2.1121221664969684e-06,-3.595690760057494,-0.6731188615620931,0.39822482407049375,0.36000775791408746,0.8106544647144744,0.0006732671801894662,278.9089082251691,0.37873081139171494
3.826,45297.0,0.04191245956941626,-3.652802448405171,-0.672921119643797,0.4513325228979626,57,0.3707381297626159,0.815419567753337,-1.665349209939137e-06,-3.6426122784626513,-0.6269111007502941,0.44635422562038246,0.36798907396516545,0.8147888070700293,0.0009177624856863635,278.9089082251691,0.38862290045033887
3.876,46051.0,0.03489754689534199,-3.6466521907090055,-0.7368875474574013,0.3135609265357307,57,0.3782851014794717,0.8208617790433558,1.544736739566087e-07,-3.6541885407051833,-0.6897811225945479,0.3138182156634032,0.37857056467774747,0.820696603792225,0.0006299270686291323,278.9089082251691,0.39852346937429006
3.927,46228.0,0.03955794470965918,-3.598381024290115,-0.5446333814521448,0.42075902599401194,57,0.387116224030197,0.829053777557717,2.9791291080202578e-06,-3.611525856430177,-0.35989133885305746,0.4247374534755338,0.3862020311717569,0.8282023412339697,0.0006885726382081518,278.9089082251691,0.40831220000737667
3.977,46505.0,0.0400504026556706,-3.54966941051363,-0.3345229417000464,0.5175075066014031,57,0.39197104843932595,0.8337851838105329,4.171844377613581e-06,-3.5684142004403068,-0.1105554178161676,0.5733918750442117,0.39241615954261716,0.8341933316375206,0.0008372053330966155,278.9089082251691,0.41820544904549173
4.027,46812.0,0.04549677567443763,-3.5161088389114634,0.05064825235144354,0.820895490254375,57,0.39944722072169137,0.8444347305789568,0.0007509702272196292,-3.5263955033711776,0.27057456420395876,0.8132471331962926,0.39723945012390627,0.8403826865806764,0.0010543401053326998,278.9089082251691,0.42809793809378205
4.078,47327.0,0.038933569144006225,-3.5037190471275856,-0.17092714090451183,0.6209483914766795,57,0.40280603789038516,0.8549506623571277,0.0028538222828822877,-3.516921574707731,-0.027386502379017113,0.633178484810942,0.402844908333719,0.855928287309373,0.003295504256406575,285.46144867315417,0.43933436663844827
4.128,46373.0,0.03728677362389027,-3.4881882948635985,-0.6443903044147556,0.5076515839313432,57,0.4030630247466168,0.8738510718114897,0.009844546363537625,-3.4894191221356197,-0.5395610527144317,0.4714532887743595,0.40302695771214625,0.8723128792881948,0.008786505981287104,285.46144867315417,0.4492149358680805
4.178,45297.0,0.03316434597003356,-3.478227702246143,-0.8794744622917288,0.5648977704591193,57,0.4023882389591511,0.8852508893095411,0.01628435276563097,-3.479236866245842,-0.846229820071306,0.5177341540864049,0.40242526702339276,0.8872715407902857,0.017528571831675888,285.46144867315417,0.4591163047830058
4.229,44020.0,0.030907292316326614,-3.440992896961679,-0.7988375534265002,0.516366526392419,57,0.3976365684314136,0.9007606621577909,0.026929846442079845,-3.4482892683437467,-0.786642968788199,0.4835697305213384,0.3981040550712499,0.9002219908523013,0.026858758272556824,285.46144867315417,0.468949874729897
4.279,43668.0,0.03156964578263192,-3.4207054864878277,-0.8540008597168388,0.4708664453358228,57,0.39368998546961115,0.9121414187679684,0.035750585325254824,-3.4239652615809995,-0.7752251514925805,0.44950857368487873,0.39309685387490856,0.9140100497232388,0.03804114959919685,285.46144867315417,0.4787006459427442
4.33,43787.0,0.028753009835348745,-3.416290065955318,-0.876393292916741,0.5131740702774543,57,0.3885448393103107,0.9307178154445166,0.05060200141676547,-3.4146454662345715,-0.9243142693158755,0.4600178808959139,0.38892243342535776,0.9295489989370194,0.04979970968068004,285.46144867315417,0.4885382158299544
4.38,43193.0,0.026321466674966047,-3.3973770795519593,-0.9587161636827521,0.48353285237399685,57,0.3876761862535266,0.9375271409160733,0.06082480136689056,-3.408397004254706,-1.0442480962197604,0.495712453197978,0.3875030180212915,0.9388444706913567,0.06328279048329924,285.46144867315417,0.4998874026511765
4.43,42716.0,0.017732385119217743,-3.3263604367666746,-1.2646871060399885,0.44846530643029653,57,0.3937271310825051,0.9390173426008391,0.07705738178573827,-3.3553142497067627,-1.332967116316524,0.4772950916323429,0.3934184618878095,0.939317013377395,0.07753631862817234,285.46144867315417,0.5097341323985157
4.481,42944.0,0.01157266770435547,-3.192276870342145,-1.3908366789973228,0.5617287472746969,57,0.4010021362835421,0.9392547694818207,0.08809521296278794,-3.2335488346795667,-1.522726819492715,0.5513951351808701,0.40199877743864965,0.9391024083087378,0.09053486153646288,285.46144867315417,0.5195698223146491
4.531,42750.0,0.00899475121465014,-3.039573381807275,-1.3852059599794575,0.4821029868489215,57,0.41052762744961013,0.9321978859312493,0.10285343496575211,-3.096669723135665,-1.4196956554286548,0.5324118883654202,0.40988901963492713,0.9331574891428962,0.10254684076070057,285.46144867315417,0.5294243119444609
4.582,42410.0,0.017416073977854375,-2.8935945005809223,-0.8847210577359188,0.5774214866997408,57,0.4184060796411381,0.9244705705304842,0.11293004546736465,-2.9350399337057915,-1.0309020053109201,0.5696763238339515,0.4195869133123298,0.9231732926267431,0.11593270349722774,283.11769205866386,0.5392238424134984
4.632,43104.0,0.03614940794052477,-2.7226593435234303,-0.5978763272112766,0.499963272814065,57,0.4332174005326133,0.9122967458040787,0.12706723621409127,-2.7731813478772787,-0.6374409310373514,0.5084051606953292,0.4329871744695868,0.9114003324114796,0.12782961473348842,283.11769205866386,0.5491930502961521
4.682,44083.0,0.07436577241272987,-2.525158640700588,-0.7720675193816716,0.4083317194582462,57,0.4415605683239927,0.9047512911694369,0.13571934558350085,-2.5932240547185086,-0.6756220986454,0.4559265064196239,0.4413304975727341,0.9041721895978242,0.13636573614505867,283.11769205866386,0.5590742195182873
4.732,43865.0,0.030149231643805674,-2.399785185013851,-0.7567521137516489,0.46110974479003836,57,0.4517121631671953,0.893638114607911,0.1480334836227525,-2.4323777533354556,-0.7799622158497482,0.42234730026883793,0.45222103063472774,0.8930246797473954,0.14857872678095388,283.11769205866386,0.5689943881468911
4.783,43593.0,0.036580047733749066,-2.288951689656093,-0.7383882584096255,0.48251954942403286,57,0.4572509193786743,0.8842005891829381,0.15605945873636007,-2.3207353875584134,-0.7062624459133182,0.43949677946993077,0.4579887899735889,0.8825100396794526,0.15864237719767396,283.11769205866386,0.5802654961616083
4.833,43022.0,0.032633057318575076,-2.1585477529305708,-0.6866797207121305,0.46077567912804185,57,0.45940290898140196,0.868415243341344,0.16724287197161755,-2.1901596265082657,-0.6957435643781726,0.44121680748885517,0.45996300648541466,0.8673786027663485,0.16928660923292516,283.11769205866386,0.5887336045938146
4.883,43951.0,0.032003713942363295,-2.0180679071481036,-0.7860913717604104,0.41613259584881457,57,0.46253160296290763,0.8537022928910472,0.17801456463580492,-2.0573878787110758,-0.7274567141064653,0.3967977815813916,0.4609662533210977,0.8562260297622712,0.17697130118133816,283.11769205866386,0.5928027514438238
4.934,44963.0,0.04175077129019393,-1.8843679749306945,-0.7217175867645805,0.5115166536722837,57,0.46450946038018803,0.8461727811370706,0.1842978730189808,-1.917433847488855,-0.7183582006957457,0.4959718065816848,0.46402767346216744,0.8449503181913622,0.18511854338085684,283.11769205866386,0.5929896579250925
4.984,45922.0,0.0320700257332691,-1.7562172424478268,-0.7755082141013102,0.5027494033638097,57,0.46973812800212683,0.8370590680881722,0.19251960293449719,-1.7862100459949597,-0.7411539580021514,0.47248783270377104,0.4679258573126299,0.8366100935261616,0.19209210564643536,283.11769205866386,0.5929896579250925
5.034,46826.0,0.03783403012693258,-1.6416541262955777,-0.6940489516482787,0.48356816883635073,57,0.47581353459551257,0.8330513302822694,0.19764977511415785,-1.6734592563221342,-0.699870828978433,0.48635973049682546,0.4756002767684852,0.8315330449641989,0.19816828316515298,283.11769205866386,0.5929896579250925
5.085,46990.0,0.0379787147012697,-1.5796967082715874,-0.7298198517264654,0.46165450312259054,57,0.4793264013706325,0.8290999563630866,0.2030594166126605,-1.5948182318450022,-0.6879615430520697,0.4573903476843953,0.47815231569847305,0.829605141386344,0.20263933783647162,283.11769205866386,0.5929896579250925
5.135,46780.0,0.043056290049528406,-1.5636915805015779,-0.7666139993580733,0.51466697229655,57,0.4818408722898603,0.8240574707809899,0.20646938336922904,-1.566200598623765,-0.8320753438310132,0.4951397147097768,0.4818051929427792,0.823243959740297,0.2076410929972942,285.48589712817073,0.5929896579250925
5.185,46552.0,0.031394507214130854,-1.5488006116743207,-0.8951058278265936,0.4640106389897624,57,0.48553860276564825,0.8149925826531238,0.21292666399162838,-1.5435135397838466,-1.0094263421238787,0.4224133808901458,0.4850546578890894,0.8152164620853976,0.21326942069015903,285.48589712817073,0.5929896579250925
5.236,46708.0,0.01879421446465179,-1.5263244505177087,-1.2200936324404503,0.2639721205211074,57,0.48940771979728587,0.8103148533851219,0.21810128632057504,-1.5306622493971938,-1.3416484955609362,0.25329048348305466,0.48930937867476854,0.809134042470129,0.21911838121604085,285.48589712817073,0.5929896579250925
5.286,46867.0,0.01549741997148916,-1.5577132626183947,-1.265354272311734,0.2252938560157777,57,0.4944157189959788,0.8070290536516673,0.22736786543371348,-1.543568514107421,-1.3568660836501223,0.17849084967151713,0.4926334285923549,0.8062591815897812,0.22566122674626757,285.48589712817073,0.5929896579250925
5.336,46650.0,0.018867134820234218,-1.5701900546672132,-1.1422841183852852,0.3647538603346587,57,0.4972332041777498,0.8067576144843193,0.23403359217706,-1.561506231926231,-1.1966076895579179,0.323587269034628,0.497235544921004,0.8061927085529057,0.23530316121371894,285.48589712817073,0.5929896579250925
5.387,46409.0,0.03019420632152493,-1.5580597053857979,-0.9682074895926136,0.37327078836410427,57,0.5000323111658458,0.8079954868534294,0.24441921256087978,-1.5579457381393353,-1.0171693040941538,0.3396438140506311,0.4990595412777081,0.8073393131602445,0.24366644181540845,285.48589712817073,0.5929896579250925
5.437,46021.0,0.026878844739721294,-1.5261008586355493,-0.9427784338763562,0.365521705482735,57,0.5039715059646186,0.8087164953435948,0.25249419704596054,-1.5253023677969313,-1.000391806437998,0.34773616321306927,0.504043355162441,0.8083414399048109,0.2538682874993335,285.48589712817073,0.5929896579250925
5.488,45874.0,0.059713188180801936,-1.5013643352660422,-0.8742312047651487,0.2899864628283619,57,0.5102255056017533,0.8136214747614424,0.2661871321366147,-1.505939458267047,-0.9373250962869004,0.3044228512544859,0.5094992690349511,0.8125767683051339,0.2648790665382045,285.48589712817073,0.5929896579250925
5.539,45107.0,0.03014371483370731,-1.4226341336401356,-0.8438586673720025,0.28755275076822057,57,0.5137517533422257,0.8164366670943057,0.27553722310780127,-1.4532028943162287,-0.9288245797251458,0.3421781686777291,0.5142011543732821,0.8167731967189235,0.2772847898236054,285.48589712817073,0.5929896579250925
5.589,44460.0,0.033610544146303295,-1.3640725697714726,-0.8321364488442567,0.32879902249323917,57,0.5204627680618877,0.8205323167969851,0.290633605767121,-1.3859462279413115,-0.9302914498509046,0.3533831505009807,0.5202891001283011,0.8203219588069468,0.29076075330949686,285.48589712817073,0.5929896579250925
5.639,43671.0,0.03358404909310278,-1.3152485311303,-0.8703780044940712,0.4667084045006577,57,0.5266764304849066,0.8272172014718294,0.3077663329308103,-1.3329010473641474,-0.8793288042045155,0.4907169138801721,0.5273758127929029,0.8278666158857568,0.3084146354328745,285.20905833647396,0.5929896579250925
5.69,40674.0,0.02607041980584139,-1.2752741503112703,-0.9418611918526762,0.4693066918562072,57,0.5292654200425456,0.8375506705300705,0.33866188338579084,-1.2944486488787783,-1.0085159981931515,0.5808964476857079,0.5304736357556065,0.8390598508430165,0.338053939587643,285.20905833647396,0.5929896579250925
5.74,37655.0,0.024331091603357304,-1.232907206309217,-0.9303126627117133,0.5047661331633361,57,0.5279051467433763,0.8407000731996056,0.3583876405925902,-1.2473799067111966,-1.0234300052807044,0.6324048868480783,0.5288364254318819,0.8423925465008318,0.3628446793988621,285.20905833647396,0.5929896579250925
5.79,37559.0,0.023341881743231697,-1.2428657965265928,-0.9403922018104952,0.7641935914977523,57,0.5270313963618443,0.8476321323949373,0.3856405885645491,-1.2353915255753827,-0.986129406008272,0.7683531172762227,0.5273402196072784,0.8481663731257043,0.3867350565505152,285.20905833647396,0.5929896579250925
5.841,37991.0,0.019089414936231994,-1.226769479148423,-0.8599597273672833,0.7153430740527266,57,0.5246814256708054,0.8491474119534536,0.4012959714195594,-1.2382564247684962,-0.9595071455912879,0.8318235259186326,0.5244423764119017,0.8495347651164167,0.40575760311443637,285.20905833647396,0.5929896579250925
5.891,38687.0,0.02611478719551747,-1.1916602620973247,-0.8150006149163669,0.5719603725098256,57,0.5225485385941615,0.845016008885806,0.4210424348847159,-1.2062419061703815,-0.8320591523573438,0.6564552558261447,0.5224387729826453,0.8450745702184055,0.4226600181753081,285.20905833647396,0.5929896579250925
5.942,40250.0,0.029143840353663086,-1.123676217499522,-0.6968589234394962,0.33054528383629994,57,0.5241909225061884,0.8414646720808132,0.4322022284859921,-1.1478228250454448,-0.7230824873937676,0.3747615504031339,0.5237346612031559,0.840265078341707,0.4349670215441798,285.20905833647396,0.5929896579250925
5.992,41648.0,0.038468646816096096,-1.035231940201565,-0.6636734686362457,0.3524393486211126,57,0.526300157928026,0.8367790396522089,0.44431540705933276,-1.0633291898221628,-0.6361157225980457,0.3288201260712984,0.5260546853797488,0.8363447956180261,0.4452129781911677,285.20905833647396,0.5929896579250925
6.042,42240.0,0.044901345752693306,-0.9618367349033656,-0.7843051957051785,0.20057423978911232,57,0.5257796918191239,0.8322863107259286,0.45054340590910835,-0.9792727337412803,-0.7390042672252112,0.20603163774956598,0.5252181035009615,0.831081630555542,0.45248225990050506,285.20905833647396,0.5929896579250925
6.093,44005.0,0.04321554935052725,-0.9445693931203171,-0.8231504934939053,0.10437549216853788,57,0.5253925056071739,0.8303226580282227,0.45316502192972696,-0.9473398780416897,-0.7972564869916451,0.10311524719420109,0.5243604602363328,0.8291027454070978,0.45445578576587686,285.20905833647396,0.5929896579250925
6.143,44587.0,0.032223970147462776,-0.911485574759297,-0.9193057341512477,0.23113722238650997,57,0.523256783542185,0.826833783905366,0.4587490314628476,-0.9171503750381298,-0.8772296641638514,0.21090106532905323,0.523868728847063,0.8271033653680273,0.45894674207543396,285.20905833647396,0.5929896579250925
6.194,43798.0,0.027517550274464033,-0.9020016970871757,-0.9773552868958592,0.3825999087101937,57,0.5165933220567202,0.821245304585793,0.45911305972148614,-0.904374078230488,-0.972024273498104,0.4130091138896607,0.5160398212645761,0.8208147219672872,0.4608472779002155,280.7253944524122,0.5929896579250925
6.244,45025.0,0.021822027438639098,-0.9000623342827455,-1.060821841020127,0.5091148767039879,57,0.5078550340165441,0.8182792501626507,0.4585756250534045,-0.904886268633874,-1.0671814564570228,0.6110984356897571,0.5077908292439389,0.8174308068005148,0.4599080713625353,280.7253944524122,0.5929896579250925
6.294,46094.0,0.020998146572427094,-0.8992776619696969,-1.1036347873905428,0.5884434951062231,57,0.5004989675560215,0.8189431451000043,0.4571555034021327,-0.9056678283605929,-1.1121413698379292,0.6833258058471479,0.49894003867828035,0.8181616930450335,0.45783310497906654,280.7253944524122,0.5929896579250925
6.345,46887.0,0.022687465188519784,-0.9244841807036609,-1.1399500439457402,0.47895097199337655,57,0.4909843764665247,0.8200389347670919,0.4548388859699085,-0.9241182128599879,-1.1428245362052625,0.5336495445668109,0.49068609093083415,0.8192758881126052,0.45557329682769293,280.7253944524122,0.5929896579250925
6.395,47596.0,0.020082244817027837,-0.9722183205837114,-1.0770512919304973,0.31977837519561075,57,0.488198762633915,0.8230501359277514,0.45336276952501237,-0.9678792491212209,-1.0678811788228146,0.3491030608461691,0.48675864216160564,0.8224788461495832,0.45335634585880114,280.7253944524122,0.5929896579250925
6.445,47895.0,0.03302680086648274,-1.0438979190514535,-1.116498718488769,0.2642644789205959,57,0.4853129966070437,0.8210178498751369,0.4469236398563237,-1.0276968182773443,-1.0727302189000096,0.23718998308859895,0.4846325606096305,0.8208277523708583,0.4484730444384644,280.7253944524122,0.5929896579250925
6.496,48333.0,0.024845825313282336,-1.128909008473499,-1.0446228448001338,0.3089017513015179,57,0.48458761547206125,0.8176077161227228,0.4417184551510517,-1.1125653660284838,-1.012615083903986,0.2746067909745169,0.4837591586499265,0.816438352315142,0.4421058065595677,280.7253944524122,0.5929896579250925
6.546,49406.0,0.020658080565484425,-1.222083621312902,-1.1065543358419605,0.3378323893527915,57,0.4849961512579578,0.8103695035623935,0.4288690246231446,-1.2081755514374575,-1.0658050120949092,0.3499212381352385,0.4837726118828619,0.8100999051004995,0.4315006902960345,280.7253944524122,0.5929896579250925
6.597,50629.0,0.0207564708370587,-1.3521743759456735,-1.079241453478639,0.435855046743217,57,0.48484772456712205,0.8036795017005042,0.419405506580646,-1.3264360117685845,-1.049658161742484,0.39241995982240746,0.48385947473180035,0.8017491105009926,0.41954961763486665,280.7253944524122,0.5929896579250925
6.647,51370.0,0.01932513042383769,-1.4702612574461047,-1.128567856170167,0.35891475936781086,57,0.4838779043431317,0.7933027608412041,0.4064498461970563,-1.4564613576735637,-1.0678769672100574,0.35133853275164306,0.483164863001993,0.7920338937376563,0.40764370167979447,280.7253944524122,0.5929896579250925
6.697,51589.0,0.01717365094650175,-1.5998416506900996,-1.2003261836583494,0.4351872776989917,57,0.4833129973572693,0.7877535491260304,0.39994452424876425,-1.5797835635196715,-1.1595159866171754,0.4049495666478663,0.4822533139199379,0.7859069859647628,0.3997193483963684,283.8248234760692,0.5929896579250925
6.748,51450.0,0.021057410342452697,-1.6997789752768233,-1.26884542838037,0.4939418604710644,57,0.4812678182199796,0.7776489662228611,0.39084748304525513,-1.684272398613467,-1.2163572742456439,0.45059400612088485,0.4809834117067688,0.7778056312792154,0.3925093527918412,283.8248234760692,0.5929896579250925
6.798,50789.0,0.018762874190974447,-1.7468448223711974,-1.1863724148970771,0.7034781654386008,57,0.47894022735931796,0.7708389705329395,0.3867962551332122,-1.7363576942314163,-1.1487798376794747,0.611623545884644,0.47792363711466457,0.7690323180178792,0.3870113056996688,283.8248234760692,0.5929896579250925
6.848,50228.0,0.017492833053421558,-1.7687852999836802,-1.1564844500963225,0.6634192760946764,57,0.4754050588612831,0.764284356357464,0.3888094060359473,-1.7588522032079617,-1.14111988907575,0.6578851336207756,0.47464022190607424,0.7629815530932134,0.3875333799652478,283.8248234760692,0.5929896579250925
6.898,48489.0,0.018983254105535186,-1.7817308251461983,-1.1487420425461763,0.7058680134412153,57,0.47478489983165406,0.7667103651831072,0.39807184946786933,-1.7787614045578564,-1.1026390541602304,0.6780144242460766,0.47427186234089785,0.7664926077051369,0.3981019868046824,283.8248234760692,0.5929896579250925
6.949,45553.0,0.028986794548499464,-1.771005222005868,-1.0685229344442457,0.6778357284272439,57,0.47154834512637966,0.7728005675812514,0.41591132130409825,-1.7809090946087007,-1.075388941628121,0.6695930417652283,0.4717826819167212,0.7731469399856072,0.41524528254947163,283.8248234760692,0.5929896579250925
6.999,43055.0,0.026753047133152068,-1.7169871334570561,-0.9985280815877398,0.6167329829129756,57,0.4678573231002664,0.7771908963970997,0.43030198326316055,-1.7312888318809958,-0.9548626541043199,0.5919419591165771,0.467764674896322,0.7783233256242118,0.43294630818536506,283.8248234760692,0.5929896579250925
7.049,41109.0,0.027351794437994733,-1.6640582740378265,-0.9587421819905156,0.6063538968352364,57,0.4642895637769178,0.7845493927925928,0.45542798540169105,-1.628952583254727,-0.9620200393894499,0.6015647076203997,0.46440729866801367,0.7849568727331074,0.45563314897447493,283.8248234760692,0.5929896579250925
7.1,40053.0,0.026316228109698584,-1.5482949050491774,-0.8746398655626711,0.5403632313358778,57,0.46109670098961025,0.7901934705088016,0.472864187913399,-1.529115043637127,-0.8780221475027058,0.523035273596051,0.46091524594985156,0.791355015583049,0.47633487888413234,283.8248234760692,0.5929896579250925
7.15,38967.0,0.02486145367933144,-1.3643357127399722,-0.9741237054302542,0.5309204100785132,57,0.45540095249294643,0.7973178373131943,0.49990531449986364,-1.3435122574465506,-0.930909104998879,0.5470437159674337,0.45538346231490806,0.7984097237626957,0.5016356760226702,283.8248234760692,0.5929896579250925
7.2,38045.0,0.026677177878326675,-1.100290811818959,-0.9265581983265352,0.5817721844745491,57,0.45169177905260155,0.8016192475554533,0.5191277075565501,-1.1022328587334835,-0.9295010892916855,0.5280355005442959,0.4513182458732076,0.8025099610749828,0.5231669024438484,283.8248234760692,0.5929896579250925
7.251,37171.0,0.02375685238015845,-0.8146927374628516,-0.8588350437734646,0.7096447564069014,57,0.44639202596408806,0.8069327521648324,0.5475644726263892,-0.8098593371292574,-0.832424860303156,0.6662976274598167,0.4464075954404233,0.8077986318212581,0.5495191553310932,281.4602157660667,0.5929896579250925
7.301,36732.0,0.026019735911103046,-0.47504093716990325,-0.7579527490291589,0.7588817539795054,57,0.4424580418265045,0.8095187793695925,0.5658879719957257,-0.49495213056053133,-0.7420319648496275,0.7204318321834187,0.4420009303153691,0.8101088019217841,0.569909992035787,281.4602157660667,0.5929896579250925
7.351,36303.0,0.03174697682999008,-0.10700600048457584,-0.8031312741362275,0.6784260506153418,57,0.4362056904408564,0.8099437414684028,0.5909841025218311,-0.1332101933323956,-0.8077340089843834,0.6412375640712203,0.43616069377707467,0.810487566193863,0.5930062508041476,281.4602157660667,0.5929896579250925
7.402,36787.0,0.02726187770068201,0.25942340996305857,-0.7935227969628426,0.5188317238446464,57,0.42976065855315515,0.8078274960028967,0.6126076423184901,0.2548390546240765,-0.7879019318230969,0.5264715622195266,0.4302844145239147,0.8081798608809592,0.6116071324637441,281.4602157660667,0.5929896579250925
7.452,37039.0,0.03610314285856903,0.62952776121327,-0.7106543477456252,0.5933764118173307,57,0.42550950074956295,0.8053509795973693,0.625658399345752,0.6225167360188371,-0.7228759659834271,0.5379474109903347,0.42512771153560447,0.8052284980095273,0.6273090354539279,281.4602157660667,0.5929896579250925
7.502,37998.0,0.023230520961430582,0.9769619043152898,-0.8434046037987946,0.6346312431408461,57,0.42144435053144386,0.7997339548945991,0.6408299038485112,0.9628792074557513,-0.829127983607023,0.6039759282866441,0.42177789866303983,0.8009328781380913,0.638925033379931,281.4602157660667,0.5929896579250925
7.553,38753.0,0.02947638181940654,1.3633942686689624,-0.8943826494388752,0.624098322769776,57,0.42120485747470227,0.7955795090419117,0.6486784818216325,1.3526871827319311,-0.9619108333700471,0.5706814862183797,0.4207677220833253,0.7947698573662951,0.649822144018117,281.4602157660667,0.5929896579250925
7.603,39985.0,0.02133269803464093,1.749720300051753,-0.9458901386947624,0.729986990843192,57,0.42131782760942255,0.7899401714254529,0.6560054714647724,1.7445836971023452,-1.0393998379494707,0.7031475072974767,0.42091983730700216,0.7898849607465255,0.6561307428042914,281.4602157660667,0.5929896579250925
7.654,40869.0,0.01613796789016717,2.1451838032671042,-1.1677849335312724,0.5852825040158766,57,0.4225984642067629,0.7861667554441073,0.6584297782887667,2.1336645244358645,-1.2350969159330427,0.5956136993329281,0.42236708434085257,0.7851525109734906,0.6591624314576825,281.4602157660667,0.5929896579250925
7.704,41987.0,0.007787598831795603,2.548843544408598,-1.3495343365176928,0.5644062983203267,57,0.42798024191184714,0.7806265674767014,0.658096261808624,2.5221096739345397,-1.436328265734808,0.5740365087277801,0.42658471677369153,0.7798960307237138,0.6587931851161022,281.4602157660667,0.5929896579250925
7.754,43216.0,0.013105196825540545,2.8967298568336606,-1.3462328069129232,0.5622418607799494,57,0.4311921930178485,0.7774691646365417,0.65489235151339,2.873883262144151,-1.429229772741375,0.5699323552212906,0.43112765442418144,0.7765651798365238,0.6552758082486418,285.1439979118852,0.5929896579250925
7.804,43908.0,0.007989259801833246,3.2031952821792866,-1.3175122603246008,0.6168010795286181,57,0.4346416843845703,0.7708852054645677,0.6469223824395268,3.159198710240217,-1.3970294306662188,0.5969053979933321,0.4337662714117637,0.7710653232553053,0.6486760321853182,285.1439979118852,0.5929896579250925
7.855,45103.0,0.010376797409384585,3.3956195779457894,-1.2793961371789289,0.491363988862009,57,0.4380855452491059,0.7657683052086279,0.6389840393713525,3.3633608999782236,-1.3367190491686267,0.5333014181880149,0.4378927474250419,0.7643048966133962,0.6389463318974059,285.1439979118852,0.5929896579250925
7.905,46373.0,0.013068481599638127,3.5647728771230867,-1.187607507231731,0.47276859355201917,57,0.44161341937398957,0.7572375135401884,0.6226475473831895,3.509162996187084,-1.2863993171457717,0.4951144332371209,0.44105211373297665,0.7573451465364531,0.6258106073648598,285.1439979118852,0.5929896579250925
7.956,47604.0,0.018416519748343362,3.657929172534665,-1.124393070828414,0.4998880637598828,57,0.443376229753347,0.7499220643446328,0.6097375418585989,3.635256257893467,-1.226811791590079,0.5777786507797431,0.44288151026205286,0.7481127154702527,0.6092947108450557,285.1439979118852,0.5929896579250925
8.006,49286.0,0.01110161651276005,3.7493213000152172,-1.2336451992576591,0.5901878333352858,57,0.45029652336484083,0.7396531893852659,0.5888095071887643,3.72064468424199,-1.2300863585672992,0.5765879274808767,0.4490269163807083,0.7377827882515406,0.5899055441414872,285.1439979118852,0.5929896579250925
8.056,50679.0,0.012169051252920244,3.8042914840060615,-1.1561447060736845,0.5587386378836132,57,0.45578981596058016,0.733240833536188,0.5748854875860017,3.786034030528476,-1.2222661611169674,0.5848230503936291,0.4555161854934466,0.7312083903377423,0.5734775024233695,285.1439979118852,0.5929896579250925
8.107,51039.0,0.017799522273706066,3.7943565701878756,-1.0595934193074248,0.5514907672587878,57,0.46623623190063895,0.7244431465734219,0.5562356477365185,3.8036069628920925,-1.148994233502104,0.5702787901306066,0.46534246723508027,0.7229680716776651,0.5562925246279221,285.1439979118852,0.5929896579250925
8.157,51292.0,0.01670892138023305,3.712390945316507,-1.2559666412405386,0.6090993957013373,57,0.4766763028143649,0.7218724654981442,0.5457570690177733,3.7398364433944455,-1.218550700262555,0.5899544924223633,0.4773547921746201,0.7204797751592084,0.5437748825160135,285.1439979118852,0.5929896579250925
8.207,50970.0,0.013271457940069049,3.565214058200755,-1.2093753428852978,0.6087609391799349,57,0.4933229830993016,0.7203405564644214,0.5324981474517907,3.6093873578654514,-1.2332258555670157,0.6521656961436713,0.49289463008110806,0.7191336916360996,0.5321225424296826,285.1439979118852,0.5929896579250925
8.257,49769.0,0.017440610715694554,3.3861261898991573,-1.156186913604198,0.6246847524425071,57,0.5037304738262581,0.7202584319566706,0.5259799701482418,3.444697388510492,-1.1622007360886517,0.638132566358952,0.5049252923995428,0.7198707377300424,0.525209243220516,285.1439979118852,0.5929896579250925
8.308,48362.0,0.010680880345405808,3.239435733071705,-1.300080092627533,0.588680589724644,57,0.5204375317551562,0.7206063253901737,0.5198789519598318,3.2754667566265656,-1.2958957523892187,0.6042913576368005,0.5204715539826947,0.7200759301003143,0.5199855625737599,285.79594151846453,0.5929896579250925
8.358,47621.0,0.01460480023969564,3.086088855875345,-1.0672317950914207,0.4856834378356299,57,0.5311143584288879,0.7205051112135572,0.5176598781967187,3.1287851886312823,-1.1832035114945578,0.5158771543982004,0.5328700171126386,0.7205308583512394,0.5178394543159347,285.79594151846453,0.5929896579250925
8.408,46197.0,0.024740731641028326,3.0176466111941354,-1.021295628069984,0.5901106016582687,57,0.544605788798818,0.719792635633524,0.5175354241570111,3.0396960034931224,-1.0235973786254955,0.571542571900364,0.5450870391788848,0.7196820606092432,0.5180520561461515,285.79594151846453,0.5929896579250925
8.459,45254.0,0.020357178395426074,2.987101630802977,-1.2207950129369525,0.5411833788016315,57,0.5529345056547171,0.7194729715701461,0.5196607836109087,2.986040137865756,-1.2332581816760773,0.5685246147522596,0.5541969587472206,0.719445310103897,0.5207260217817704,285.79594151846453,0.5929896579250925
8.509,44711.0,0.018557041426621873,2.962794490783707,-1.1502487299656485,0.5435519757947268,57,0.5655976644352502,0.7208691609534286,0.5255037455586001,2.967960388059241,-1.219582737996957,0.6167564642113654,0.5657858366957214,0.7206418247633763,0.5258416739352656,285.79594151846453,0.5929896579250925
8.559,44113.0,0.018557041426621873,2.947051913800904,-1.1976498845329058,0.5434349506035928,57,0.5655976644352502,0.7208691609534286,0.5255037455586001,2.945813520847689,-1.2387794869386088,0.5919624767995713,0.5659862491688207,0.7209927729371617,0.5274006489488207,285.79594151846453,0.5929896579250925
8.609,44654.0,0.01442884123492665,2.9655082599898037,-1.2465169102972673,0.5831660841570301,57,0.5770115157191027,0.728844671220196,0.5374473267869115,2.9529132031115313,-1.244751167237493,0.6044514846022921,0.5747240119004619,0.7271037630293326,0.534204025200149,285.79594151846453,0.5929896579250925
8.66,42738.0,0.018843212298313875,3.0793689243190174,-1.2078968112321211,0.6612366284129177,57,0.5817650732966487,0.7340703795375603,0.548696330744261,3.0520663083597532,-1.2343644334282904,0.6951479862107058,0.5830457089563349,0.7353208191130054,0.5499643766516499,285.79594151846453,0.5929896579250925
8.71,40542.0,0.019737795584020616,3.226732712787577,-1.1081170238351323,0.5404711078550288,57,0.5815574121039074,0.7361839975014072,0.5602309260884527,3.188446171813302,-1.1672464371903046,0.5649671705009565,0.5825712654184174,0.7373536430198676,0.5622190876752429,285.79594151846453,0.5929896579250925
8.76,39863.0,0.02712211718643749,3.3957338771782184,-0.9331315508558692,0.5058246558871715,57,0.5789854776446234,0.7348554140825733,0.5718127481280224,3.3537847582059888,-0.9374400754431137,0.5368862087330492,0.579905729474357,0.7351291250031455,0.5708689665948641,285.79594151846453,0.5929896579250925
8.811,40178.0,0.025352805527928228,3.5221793514550073,-0.9952253084855948,0.5383428260689449,57,0.5766453628957828,0.7340003767484001,0.5794236235615,3.4880197407371814,-0.937142101700027,0.5202063226989762,0.5764608153071246,0.7339761811013761,0.5813020922035899,285.4695974952295,0.5929896579250925
8.861,40759.0,0.02504286884816112,3.603220504500489,-0.9535869300286322,0.46357110913112176,57,0.5710709430710973,0.7307052647582757,0.5904779766910674,3.5858247212285153,-0.9141380547062775,0.4681846218311053,0.5716502358017423,0.7311066248406031,0.590506951506624,285.4695974952295,0.5929896579250925
8.911,40795.0,0.02473265838335299,3.62036243849741,-0.9647892271349277,0.5502530017703419,57,0.5667560768456505,0.7262651410604155,0.5964181813970689,3.622182126499113,-0.8576068688162465,0.5141337887243531,0.5662970083861415,0.7258544637670705,0.5979144528943542,285.4695974952295,0.5929896579250925
8.961,41689.0,0.03544806704305714,3.5826764627568415,-0.7891884463091011,0.4706284346724219,57,0.559955663672565,0.7207162331779143,0.6022247713357738,3.589866906476236,-0.6847227519168461,0.4705089068956211,0.5612179909980267,0.720914403892296,0.6022884702195784,285.4695974952295,0.5929896579250925
9.012,42387.0,0.03328765108104672,3.4975544675479333,-0.5797744333978193,0.5686827068763641,57,0.5545275228880361,0.7173487262282642,0.6046290194066151,3.5279550525365186,-0.49416424963274924,0.5087442464454031,0.5535463593604802,0.7165687349621703,0.6056533375841261,285.4695974952295,0.5929896579250925
9.062,42966.0,0.036465926513816534,3.351224562622974,-0.7666660956609566,0.5075644580467078,57,0.546191948879038,0.7091234330617593,0.6063121941686131,3.372115198914674,-0.6960900110090672,0.4752978681464054,0.5460385037855802,0.7094460441681293,0.6071341300727355,285.4695974952295,0.5929896579250925
9.113,43700.0,0.02253861647400536,3.18006462423106,-1.1102521600180715,0.4339340959795618,57,0.5423592938738997,0.7031487483532505,0.6056581220961,3.207502316555747,-1.0214125001822287,0.3985738677163434,0.5411248317747773,0.7016247154149582,0.6063562383989798,285.4695974952295,0.5929896579250925
9.163,44655.0,0.01632637261292047,2.985589833881293,-1.221592328802381,0.3928278077326317,57,0.5355087552001803,0.6942311154228344,0.6026460687539805,3.0213575724182293,-1.1947903852185007,0.3505114465804943,0.5356064847676956,0.6944739815395892,0.6037327266624284,285.4695974952295,0.5929896579250925
9.213,44901.0,0.017225341975595828,2.7466735876073063,-1.1346836038449097,0.3587271598557297,57,0.530514703225348,0.6860436144280431,0.5988459167423795,2.793261507922444,-1.1090238538116848,0.3760906760979304,0.5293566958507013,0.6844445412573918,0.5994538920699842,285.4695974952295,0.5929896579250925
9.263,46061.0,0.014451992918382688,2.516290522904953,-1.2110572557971104,0.3448499921238987,57,0.5264528506163186,0.6737738184024883,0.5918009582691124,2.547212796912975,-1.2109986344957813,0.37736400473305565,0.5255650764411887,0.6725581933307312,0.5927314084549423,285.4695974952295,0.5929896579250925
9.314,47044.0,0.015151426935392948,2.4071552355691566,-1.2538019703368666,0.42001849470511055,57,0.5252392425028106,0.6658466491974195,0.5860673987748873,2.421723335998805,-1.2632994379175266,0.42289552000246633,0.5241925311754483,0.6638366006292314,0.5859023344170403,285.4695974952295,0.5929896579250925
9.364,47303.0,0.009453038631522871,2.4415618391771803,-1.3107388940372644,0.5055309727385218,57,0.523908096053333,0.6502450921481426,0.577650885067451,2.48592618345701,-1.3038333247982319,0.46411778171334467,0.5231104876207089,0.6506590397936145,0.5789739130337479,286.0166461831836,0.5929896579250925
9.414,47729.0,0.007704544798694868,2.537813622781459,-1.4283427235723571,0.45798776041137296,57,0.5245156118879358,0.6428765439755784,0.5722554079368621,2.6146492150342246,-1.398266441386133,0.48721108620214565,0.5237425304335399,0.6407113041191697,0.5719306353427831,286.0166461831836,0.5929896579250925
9.465,48198.0,0.006463981844202712,2.910983918439479,-1.4181762575146735,0.40014024217782984,57,0.525878358356432,0.6326713806565586,0.5623956290351056,2.9954420035247256,-1.4282390533931797,0.4294476603276541,0.5248762357903326,0.632436212888691,0.5638473256686006,286.0166461831836,0.5929896579250925
9.515,48733.0,0.004217242085794689,3.271254895902609,-1.4054761543404668,0.39378337339707625,57,0.528014144116957,0.6263136804414916,0.555531882955888,3.443316259912712,-1.4273820679118983,0.3975947313955545,0.5274891584313406,0.6245035812238924,0.5551587022574538,286.0166461831836,0.5929896579250925
9.565,49137.0,0.014658096882788556,4.038525069642848,-1.2426962347149684,0.4007913711514475,57,0.5338619491159589,0.619215827288145,0.5457004731487427,4.137338461716243,-1.32514217484849,0.42491114022486054,0.532362686841827,0.6185113424436622,0.5468406831248411,286.0166461831836,0.5929896579250925
9.616,49357.0,0.009006001239850098,4.925546848609006,-1.3312807724714668,0.44852932558061387,57,0.5379930525571582,0.616275162653218,0.540000467571171,5.1633151921413925,-1.3340441959128182,0.4561877449308866,0.5379584352949102,0.6149949397683843,0.5392808304535868,286.0166461831836,0.5929896579250925
9.666,49048.0,0.017001853088477105,6.091251271146701,-1.193688696094848,0.44888337660960526,57,0.5440781301006705,0.6132757732433217,0.5331371562592199,6.3412247233924735,-1.2536339267055734,0.44271249343595376,0.5437430727031679,0.6124978713463992,0.5332496704328553,286.0166461831836,0.5929896579250925
9.716,48156.0,0.02018023268443905,7.599592663947406,-1.1471534338836757,0.5516543230561117,57,0.5474242934674224,0.6102095748811107,0.5297345507848137,7.714611317911597,-1.1577846196086892,0.5251281979687872,0.5477269182670342,0.6094565841167094,0.5297394710811562,286.0166461831836,0.5929896579250925
9.767,48070.0,0.02764243033387337,9.26832230799969,-1.0471905283749998,0.4544866437384586,57,0.5548473255494651,0.6097982933846878,0.5265957956844634,9.37536229947236,-1.0944763749723376,0.48574764962925965,0.5547373760558335,0.6089824965241454,0.5266437197772982,286.0166461831836,0.5929896579250925
9.817,47661.0,0.026517832084675577,11.15197445454298,-1.0338966024635448,0.5115059350134802,57,0.5593671582915467,0.6124703223479454,0.5268121096090249,11.215971111671882,-1.0356922469093244,0.46823927668049664,0.5597711633211773,0.6124942699806306,0.5269905319082663,286.0166461831836,0.5929896579250925
9.868,46446.0,0.029660922905291008,13.043113899574571,-1.0885202461753947,0.5379801012019292,57,0.5624138941428926,0.615825418961636,0.5287291797137141,13.099233800440013,-1.0587121665391248,0.5376109806056257,0.5626509682464389,0.616073705931605,0.5292904528775221,285.7714399336982,0.5929896579250925
9.918,45436.0,0.019682196397904566,14.927516563848059,-1.0713477568829803,0.4615292567256695,57,0.5631575792942208,0.6174961796997877,0.5309129603411789,14.979461318621597,-1.1135484639976476,0.49365486913847045,0.5632685781875378,0.6177190023244318,0.5321245516467606,285.7714399336982,0.5929896579250925
9.968,44721.0,0.025397754266418264,16.708815080339694,-0.942624224962646,0.5244743001223456,57,0.5608736405724402,0.6210532337428879,0.5353855871218629,16.856404453408093,-0.9733464854726506,0.5333303318034589,0.560662912858935,0.6212783994254171,0.5365135804268392,285.7714399336982,0.5929896579250925
10.019,44515.0,0.022630153174150895,18.526764953532478,-1.0226180038698014,0.3891863897021365,57,0.5582799682651635,0.623539822604243,0.5388368999356719,18.694174612110647,-1.0684135935175088,0.5226020580231237,0.5576518025308089,0.6236610901162388,0.5404235758193213,285.7714399336982,0.5929896579250925
10.069,44629.0,0.02902382198486067,20.414131414990557,-1.0590548081130031,0.5201430713979707,57,0.556476030719703,0.6297823670196708,0.5461875208423971,20.531098572335075,-1.1040073537742625,0.5905788041449522,0.5556709728321467,0.6296487151337341,0.5467528796204528,285.7714399336982,0.5929896579250925
10.119,44491.0,0.02354738265903563,22.292935628436602,-1.0203922947975141,0.6690288715675817,57,0.5546647447600895,0.6365053119003916,0.5542039859040672,22.327761706720153,-1.0969467315138643,0.7701783700336573,0.5551767431974315,0.6351314560566776,0.5526446546884682,285.7714399336982,0.5929896579250925
10.17,43691.0,0.02832346254361638,24.101002479739876,-1.087756732330224,0.6084387178931142,57,0.5513597851038425,0.6414574916927022,0.5597723548912849,24.23267250219597,-1.1041310803399782,0.6987278368776947,0.5509828815827909,0.6418898072643955,0.5607179229031953,285.7714399336982,0.5929896579250925
10.22,43284.0,0.01390279245218113,25.92601323985245,-1.1893790530199224,0.7596691893864805,57,0.5464277446364091,0.6478371572581504,0.567903204714215,26.040803451831636,-1.2222491381860423,0.7985131291771504,0.5471339694530895,0.6463762230623974,0.5669719500223448,285.7714399336982,0.5929896579250925
10.27,43157.0,0.026471654649411976,27.66414903992683,-0.9705543878974118,0.7121356337855258,57,0.5422482751193317,0.6512663221277473,0.5716215830858877,27.8278013661535,-1.0356799805642942,0.7912709812784364,0.541659488351494,0.6516037359266413,0.5730409917090553,285.7714399336982,0.5929896579250925
10.32,43276.0,0.028313031322847827,29.41387566538637,-0.9176885110787415,0.6111012987908132,57,0.5344627890806829,0.6526424461284522,0.5763330231179441,29.59749879022326,-0.9668158385260563,0.6864280940944303,0.5348403007228807,0.6528070014133396,0.5773502673923115,285.7714399336982,0.5929896579250925
10.371,43541.0,0.024331014248225324,31.325215203125357,-0.9686631691450632,0.7062259944063175,57,0.5290461095729466,0.6528232369584819,0.5784483782428992,31.45982484019168,-0.9728639821559931,0.7019493869598331,0.5278349987342783,0.6524957483002547,0.5799027022890324,285.7714399336982,0.5929896579250925
10.421,44365.0,0.039408942771855145,33.24670904166232,-0.8530857842052979,0.6718605268830161,57,0.5211537749248237,0.6539119418072653,0.5820528797436554,33.369299047707926,-0.8908419594092333,0.7094740153822616,0.5224148659702724,0.6533107710869268,0.5818277514869072,287.3810963097707,0.5929896579250925
10.471,44271.0,0.02310444847589647,35.252562765582766,-0.9721058404391312,0.6176875005172122,57,0.5157190946795298,0.6540682775603341,0.5844176994717777,35.34793911881579,-0.9641768117490808,0.6732352318468237,0.5147248147083142,0.6537535231115851,0.5851874858785717,287.3810963097707,0.5929896579250925
10.521,44584.0,0.015952289832550526,37.13291599011955,-1.188984627301148,0.5447678258948853,57,0.5087307764088532,0.6546893501400829,0.5870539114368569,37.378591488612756,-1.1718624901081256,0.5671890109561599,0.5088109871433186,0.653997261252102,0.5873889148511765,287.3810963097707,0.5929896579250925
10.572,44509.0,0.01063566886203389,39.092844965231286,-1.2788616512629878,0.5957889761062727,57,0.5018705662679334,0.6548244040922092,0.5875453313783473,39.28747167377623,-1.2925649055081323,0.6140320866017691,0.500621319770493,0.6545565612696618,0.5885008319751504,287.3810963097707,0.5929896579250925
10.622,44646.0,0.021251888525313633,41.05237028776493,-1.1610108053172463,0.5682355281382904,57,0.4913463573205142,0.652741687203064,0.5869811325918223,41.165815997288746,-1.2318024093523388,0.6203183451731002,0.49139222686060335,0.652534598433812,0.5881530639975161,287.3810963097707,0.5929896579250925
10.672,45480.0,0.023575964749518223,43.13202335929014,-1.1131406740420038,0.46314780706448183,57,0.48632212827824867,0.6527397981471541,0.5858782679682617,43.18060127834313,-1.1436522728924614,0.501388489282861,0.48498273540098336,0.6519626592751473,0.5865932107478219,287.3810963097707,0.5929896579250925
10.722,45904.0,0.021347593803082942,45.61506725891221,-1.0683966446831734,0.45692408395249073,57,0.47740625456366487,0.65039986817893,0.5831613356115366,45.40081314454757,-1.1604068541960753,0.4390735792305594,0.4768741827445779,0.650172385814672,0.5840298903747861,287.3810963097707,0.5929896579250925
10.773,46122.0,0.02973854174513692,47.903258186682486,-1.0555948751081854,0.5529392056446808,57,0.4723489616636995,0.6470202266129835,0.5805585090718769,47.62708069843733,-1.0699214188824062,0.5741885005811819,0.47105382247413163,0.6460493162574911,0.581131200692965,287.3810963097707,0.5929896579250925
10.823,46981.0,0.024660030675103264,50.26462159806718,-1.0635651683304446,0.593910953391901,57,0.4675336115031999,0.6449381094093204,0.5763836058643569,49.882694742061744,-1.0695866082878747,0.61113513937103,0.467057893497796,0.6442080579808567,0.5774217698374694,287.3810963097707,0.5929896579250925
10.874,47034.0,0.023186123617561227,52.67368920171835,-1.1490290555583285,0.5276199460673413,57,0.4622122358664835,0.642929672582638,0.5728884723867592,52.46401816962616,-1.116999715249269,0.5709076387738312,0.46082464841030046,0.6420286557471702,0.5730426158098765,287.3810963097707,0.5929896579250925
10.924,46787.0,0.015718099719859453,54.949636902322524,-1.228991795388568,0.5690335715836956,57,0.452690359721813,0.6383833915426229,0.5697027943190245,54.74741942380759,-1.2103676369456742,0.6211110997626806,0.45216506927794947,0.6382315167704569,0.5705500896657199,285.5592679231011,0.5929896579250925
10.975,46565.0,0.01840444233889198,57.22692451957618,-1.1165230478563817,0.5297688389066121,57,0.4485585214548847,0.6354756203360235,0.5681480506102843,56.802244910950094,-1.1570754795554254,0.6062806945955603,0.44717360189107364,0.6343211992310345,0.5685004816521475,285.5592679231011,0.5929896579250925
11.025,46802.0,0.016006473240920555,59.29015136243122,-1.1915959302280288,0.47764159800371636,57,0.4421785095141097,0.6326245454200962,0.5667535759625552,58.680734685294894,-1.12777869050573,0.5604144297826074,0.44165346729170785,0.6321066063276627,0.5672921458115431,285.5592679231011,0.5929896579250925
11.075,46118.0,0.015562220432421163,60.914949960670235,-1.1702439567204186,0.38669707497125366,57,0.436682950518804,0.6295333506643948,0.5666080598890539,60.50376292078642,-1.1511873958787855,0.42940707854222493,0.435547049261568,0.6287401468080706,0.5671282405118884,285.5592679231011,0.5929896579250925
11.126,45410.0,0.019025973274323052,62.13437208152264,-1.146944390853009,0.39939618090474077,57,0.4317245375594956,0.6244147288055126,0.5695061609274669,61.838393411088475,-1.0881886699172711,0.43401290393576686,0.43103570497323573,0.6237483915941467,0.5700136770724551,285.5592679231011,0.5929896579250925
11.176,45061.0,0.014196591678243716,62.978794835495194,-1.287062891216408,0.45432631972740967,57,0.4280884961135164,0.6214386361155011,0.5720113974504292,62.775962471243936,-1.2107461300389448,0.4260566226104169,0.4272087693648112,0.6206167626475262,0.5728891925891306,285.5592679231011,0.5929896579250925
11.226,44465.0,0.010098995309049065,63.43290918422643,-1.3078900011992667,0.373139828372356,57,0.4233213179511236,0.6158047490184204,0.5772729250478651,63.32203322926767,-1.2816761506557854,0.4274002084819645,0.4230978174606529,0.6155847793950835,0.5777093918618198,285.5592679231011,0.5929896579250925
11.277,44069.0,0.016698177796453238,63.640205708606956,-1.1521326553305449,0.401516189247484,57,0.42172351581291756,0.6104714398843879,0.5807530257829955,63.59403263132512,-1.1395192943804113,0.37751688437954967,0.42103975911340774,0.6092320128244448,0.5819727743622959,285.5592679231011,0.5929896579250925
11.327,44113.0,0.016067829536889382,63.726726681608575,-1.201573445283549,0.4570662997967278,57,0.4212995592475249,0.6048882844402433,0.5866850192075395,63.7153430231757,-1.1383774944523128,0.43799017108154786,0.4210418071649253,0.6041642078728396,0.5874129404202173,285.5592679231011,0.5929896579250925
11.377,43974.0,0.019798410448867234,63.726886903884235,-1.0908476737714303,0.4195652772125375,57,0.41911441756835943,0.5972967786655209,0.5906171380090652,63.72230952045696,-1.0272821420380855,0.43959422518979324,0.4193661541170728,0.5997822031336264,0.5907658087600621,285.5592679231011,0.5929896579250925
11.427,44003.0,0.036834325923959105,63.71681624552644,-0.9009055152651,0.38629963994427013,57,0.4180356406929082,0.5909341342471821,0.5932053957952382,63.71992635716455,-0.820026632780542,0.3584934373328528,0.41776369544320546,0.5903386514986173,0.5938411327499001,285.5592679231011,0.5929896579250925
11.478,43853.0,0.034625631516944366,63.66256262231228,-0.7810941734856074,0.45555139005322387,57,0.4160334326237241,0.5824341024275176,0.5986220837276521,63.67411801570981,-0.669120035508888,0.421253450290638,0.415837116304794,0.5838866791998392,0.5980117499673228,285.01396577407456,0.5929896579250925
11.528,43606.0,0.04269358026703463,63.61457834459493,-0.6937370155891399,0.49859975198266204,57,0.4153355387678697,0.5757432073150976,0.6014913732336243,63.61916595425642,-0.5638891794137135,0.4644686210717776,0.41504722177911163,0.5748582398541908,0.6023969854130419,285.01396577407456,0.5929896579250925
11.578,43997.0,0.04247768907326053,63.606461096584276,-0.6292466138945093,0.47688532104356096,57,0.4158356570496299,0.5651231479814461,0.604254923884247,63.60800784255651,-0.5623850180783729,0.42583879072555636,0.4150331598717747,0.5665616584067148,0.6044790328261229,285.01396577407456,0.5929896579250925
11.629,44299.0,0.034941335894875386,63.65398782047255,-0.7627869964924683,0.4778685863681475,57,0.41582191577554756,0.5588801094038104,0.6052959935483393,63.64397676364823,-0.7036143544425079,0.4469398236867836,0.4153972982375846,0.5574167073343888,0.606075085194128,285.01396577407456,0.5929896579250925
11.679,44557.0,0.023849418877153382,63.7429285359295,-0.9211917764326256,0.4880441073969004,57,0.4150433004563667,0.5499290108485878,0.6063456391369679,63.72401479159116,-0.8753638376538159,0.47027495696014704,0.41459361600879036,0.5499901418413472,0.6069152002959105,285.01396577407456,0.5929896579250925
11.729,44925.0,0.025236511491591455,63.817447481996936,-0.9457674615057577,0.47342149181677445,57,0.4165589419671066,0.5431494831759657,0.6061760529926964,63.804453436058395,-0.909364272423666,0.47277352629739033,0.41615734391266274,0.541895781770529,0.6067376940025115,285.01396577407456,0.5929896579250925
11.78,45475.0,0.0234346258213438,63.919027846525175,-0.985204259190814,0.4327780055978333,57,0.4206075439903665,0.5345788924910683,0.6047388027704308,63.89567963687522,-0.9651426407359076,0.4126764429145041,0.41972944578616517,0.534539847343208,0.605523977274115,285.01396577407456,0.5929896579250925
11.83,45574.0,0.025074865689212814,64.03737683709745,-1.0252482938961487,0.45304508301923835,57,0.42259633002073976,0.528527099490927,0.6037407085285673,64.01527390482363,-0.9791940615252519,0.4489324972859851,0.4225654689129078,0.5272178841976953,0.604015594648356,285.01396577407456,0.5929896579250925
11.88,45529.0,0.025429575565348243,64.13619066111114,-0.9906024364310501,0.33513538529953735,57,0.4263430229220601,0.5189005229392697,0.6017145503772781,64.11859347326332,-0.9669230175080071,0.34490229807667866,0.4260763376023449,0.517981553603534,0.6024314967536718,285.01396577407456,0.5929896579250925
11.93,45860.0,0.02724492797780356,64.20164280170131,-0.9429733220709329,0.40566982309543814,57,0.4286309352954619,0.5152573329660953,0.6005786905441163,64.18833007629921,-0.9024522108648629,0.37796893920827795,0.42839527499184465,0.5139910884824399,0.6007946092775278,285.01396577407456,0.5929896579250925
11.981,45865.0,0.03096426897859399,64.26414442193368,-0.9415389081290375,0.4787984859492057,57,0.4298053794607629,0.5119447420931998,0.5989536601270722,64.25154985851768,-0.9191897655392574,0.44395504012740566,0.42950818136417473,0.5109409297970109,0.599133357190448,285.37998336573355,0.5929896579250925
12.031,45634.0,0.02703566933412835,64.28293991412674,-0.9426725550911276,0.48496157555090397,57,0.43325443159014065,0.5075536824217368,0.5987528325515197,64.28324023099907,-0.9238252992305372,0.4736724264456472,0.4329633731635631,0.5066888666783909,0.5989423561375429,285.37998336573355,0.5929896579250925
12.082,45430.0,0.02957078679989901,64.3189944139061,-0.8574821138179771,0.40887627903876606,57,0.4368627955164468,0.5035458752771673,0.5985440732584322,64.31050813732978,-0.8331315932976364,0.36595100312430245,0.43674156025194555,0.5029156450685911,0.5989139365033712,285.37998336573355,0.5929896579250925
12.132,45245.0,0.029299718195719963,64.30653536967698,-0.8647085076333756,0.4802022768653963,57,0.4385828700913255,0.502041909651398,0.5984887231309577,64.30930031224182,-0.8171496630038152,0.41276609063706227,0.43846373431946944,0.5013871082912186,0.5989282359354222,285.37998336573355,0.5929896579250925
12.183,44805.0,0.028325860136127392,64.23639148035731,-0.8695397703338499,0.44591236182181637,57,0.44227140967264034,0.500231706603415,0.601076111871533,64.25755838887454,-0.8149184684942674,0.4522357919232365,0.4422201551578511,0.5000963028667563,0.6012448594109904,285.37998336573355,0.5929896579250925
12.233,44271.0,0.035920604720994065,64.07898927054727,-0.8644664785249812,0.5112529293139186,57,0.4441857771238624,0.5004597663933378,0.6035963241776316,64.13957321957022,-0.8648992464033184,0.4699402037188786,0.4442255562060766,0.5001903802542728,0.6042710453878453,285.37998336573355,0.5929896579250925
12.283,44091.0,0.032851603034849484,63.912699334216555,-0.8332523902576632,0.38944797782229473,57,0.44460086491804574,0.5038910002201995,0.6066224559391229,63.97477514894911,-0.8064690749080063,0.42795208834117104,0.4441651568110895,0.5034621196674365,0.6069730607997651,285.37998336573355,0.5929896579250925
12.334,43800.0,0.030180800817035388,63.70528411381066,-0.6440476406972303,0.47003232602812517,57,0.4440709097452293,0.5063550648474517,0.6092484004693154,63.782657393437766,-0.7394235911875726,0.394186186975229,0.44384020425885296,0.5065896863166609,0.6101078006812886,285.37998336573355,0.5929896579250925
12.384,43894.0,0.03285598114394502,63.492817136992585,-0.7334498981524318,0.5101748789480226,57,0.44680602162869365,0.5099404400557574,0.6121128700636277,63.55134774242301,-0.7425285235570902,0.5026486407480434,0.4463797711495834,0.5096009768589749,0.6127238085749215,285.37998336573355,0.5929896579250925
12.434,44345.0,0.03447255892471714,63.26534737384884,-0.6433967215677591,0.5145820438599255,57,0.44823165905391543,0.514522301466242,0.6133267455745259,63.32196199710381,-0.6601061071150194,0.565588511957636,0.4481407148880123,0.5148752188019103,0.6139804372695148,285.37998336573355,0.5929896579250925
12.484,43754.0,0.034516791791498795,63.01131380140816,-0.7369644489019548,0.6670585973811298,57,0.44718848643971304,0.5171570810177257,0.6146864942508325,63.079260414256986,-0.7485020160476414,0.6983112688126512,0.44672900434009005,0.5171372363505982,0.6152091658589107,285.37998336573355,0.5929896579250925
12.535,43913.0,0.028880636786008586,62.75043649478959,-0.8970994406074203,0.6299318971641203,57,0.4484864065473534,0.5190289837718869,0.6158693334577174,62.81776482920442,-0.8736044626275923,0.7504211142333337,0.4483547820446685,0.5190159315867184,0.6166284420994678,284.46265007493065,0.5929896579250925
12.585,44076.0,0.030406186213087154,62.4350618319658,-0.9134646766495695,0.5381332089270529,57,0.4471446271423624,0.5213366224455084,0.6152351956623155,62.50721525415404,-0.9273634922917339,0.5916497332525446,0.4467663572280374,0.5212441460437115,0.6161678933560897,284.46265007493065,0.5929896579250925
12.635,44238.0,0.018507876392443837,62.04131017004242,-0.9864783673832583,0.6447810444219121,57,0.4455799668880367,0.5217889971568376,0.6146201721882865,62.150328008263,-1.007608493075072,0.6654241017421256,0.4450211377918163,0.5215316583928213,0.6153307035744708,284.46265007493065,0.5929896579250925
12.686,45143.0,0.024611299413824443,61.65725520296121,-0.8686332328882804,0.5024034647388624,57,0.4476187724409747,0.525801826544787,0.6141686828713229,61.765610812381524,-0.9419823709189943,0.584422860985095,0.4469389912154926,0.5252347558681392,0.614334573145382,284.46265007493065,0.5929896579250925
12.736,45289.0,0.024776625497583506,61.24830732124488,-0.9352171041190994,0.5440585997703957,57,0.4479262783100776,0.5317143466353822,0.6122915903333949,61.35258808837368,-0.9037345823907433,0.5774299267612131,0.44686602544889614,0.529850360266583,0.6129921371723899,284.46265007493065,0.5929896579250925
12.787,45430.0,0.027417338358878326,60.947456511441885,-0.9982336245502833,0.48193464856597684,57,0.4494863717712203,0.5346913108648329,0.6105183006116807,61.00500340483157,-1.0121807281497148,0.5156497151035355,0.44919425894820025,0.5345909038427988,0.6108709075238299,284.46265007493065,0.5929896579250925
12.837,45582.0,0.022598555109048426,60.658460921373525,-1.0002812131121408,0.48926712913264103,57,0.4518098644002241,0.540455331967672,0.6074965362732324,60.718516985963376,-1.0284254139167226,0.4998269559982992,0.45214670845671395,0.5388771863119997,0.6090709353208963,284.46265007493065,0.5929896579250925
12.888,45561.0,0.021333243731179424,60.413635015443404,-0.9831163702318799,0.47105411313751433,57,0.4520805318491529,0.5435160584184089,0.6044619626079087,60.463975306298686,-0.9851140438541566,0.4892168880847427,0.4516803170438354,0.5434673434151452,0.6050323730187779,284.46265007493065,0.5929896579250925
12.938,45431.0,0.025869258758662913,60.20544758159888,-0.8907459825680937,0.3563811650287062,57,0.45186882410271406,0.5461826906397631,0.6022373802315757,60.239595630531504,-0.9059776332817107,0.34734426850181743,0.45162390096664645,0.5463334730246827,0.6025072560723063,284.46265007493065,0.5929896579250925
12.988,45956.0,0.03411448431393261,60.11718736814434,-0.7983413784509681,0.28923897291111544,57,0.45540987081524564,0.549807941518819,0.5992769708587594,60.12914973785962,-0.8122113478825788,0.28169876719958015,0.4551682567060019,0.5495901777181663,0.5994612191459923,284.46265007493065,0.5929896579250925
13.038,45885.0,0.0352617968251447,60.16977628567737,-0.6856773812506687,0.38357708735162666,57,0.459102775703905,0.5550711277247936,0.5969201497948753,60.15926356959295,-0.6815819749048732,0.32734242474449265,0.4584998164172653,0.5541507045420481,0.597502244022472,287.36457955442233,0.5929896579250925
13.089,45561.0,0.03959687174697094,60.285969748674006,-0.7359952488654551,0.266739945970023,57,0.4610029784653929,0.5582235502281915,0.5968909368689754,60.25921760133318,-0.7256237022125185,0.18580109993948876,0.46103301401553476,0.5584500744507127,0.5970816189281964,287.36457955442233,0.5929896579250925
13.139,44903.0,0.04976623511769846,60.45969280197285,-0.7735707687368097,0.08430365851375562,57,0.46589403212639335,0.5606086683927517,0.597306459804011,60.436154188286814,-0.8413536653718652,-0.031993558736486016,0.46481130547293353,0.5601423730151288,0.5974407643625611,287.36457955442233,0.5929896579250925
13.19,44813.0,0.03025873814711984,60.70603541775935,-0.9759353557639702,0.056615137896215445,57,0.4707418539266285,0.5621880530526805,0.5982194678682701,60.67108091060129,-1.0256665598218795,-0.07042500036238383,0.47114694715138616,0.5621112233092354,0.5987338984861531,287.36457955442233,0.5929896579250925
13.24,44575.0,0.02568430019174191,60.99324604239235,-1.0613123019711677,0.03942138065390629,57,0.47703710456643617,0.5641070897651552,0.5987072580631334,60.94525448605159,-1.0861737982108985,-0.014622740936556045,0.4763628900406093,0.5638968394941248,0.5993761874185333,287.36457955442233,0.5929896579250925
13.29,45007.0,0.028462153758931203,61.358011901248844,-0.991696580461991,0.24316617598049156,57,0.4829808339082663,0.5663224085375386,0.5984567585507493,61.25920637107294,-1.0435358687701264,0.14232865573556633,0.4832766068549616,0.566007677506628,0.5989601908759615,287.36457955442233,0.5929896579250925
13.341,45233.0,0.03323642587332618,61.581671890765335,-0.6596716978680407,0.40349663671326746,57,0.4895600656051927,0.5708389287581176,0.5974930272677106,61.53057498599792,-0.7146485202722094,0.3641347434199473,0.4891605332823117,0.5703855676529066,0.5979457889739676,287.36457955442233,0.5929896579250925
13.391,45009.0,0.04688999502850949,61.77860327682502,-0.530044344375658,0.5792471255441607,57,0.49330549173882826,0.5735516456186073,0.5976501302111299,61.71133338744737,-0.5582101232738308,0.5413739579921542,0.4936508394068245,0.5737212047985778,0.5980823116542971,287.36457955442233,0.5929896579250925
13.441,44512.0,0.04058154984744124,61.87708859337528,-0.568243103655268,0.6416169604293266,57,0.5011092513285759,0.5757178552467145,0.5990514018002061,61.85923875111166,-0.5412698844292685,0.6133600017319581,0.5003136702677871,0.5752635069408752,0.5993179837522076,287.36457955442233,0.5929896579250925
13.492,44362.0,0.03654575469788252,61.90459572264166,-0.5520806605502012,0.5890915097010319,57,0.5043403758995453,0.5777296388021539,0.5995208718747502,61.89966557853296,-0.5384009245809394,0.5801092124102806,0.5047878669702451,0.5779317711413138,0.6003551593184713,287.36457955442233,0.5929896579250925
13.542,44295.0,0.03313679030527819,61.85165178902642,-0.5893740724896923,0.5837887077706269,57,0.5078859856829484,0.5803731530575686,0.599521528644368,61.880254922904406,-0.5607101123820858,0.538957474801942,0.50779661186528,0.5801995879462187,0.6002391759839022,287.36457955442233,0.5929896579250925
13.592,44431.0,0.03487566313520418,61.72077315706526,-0.6969512209786626,0.5870634497692748,57,0.5108931744225104,0.5812106083664592,0.5995605292549966,61.768337621840715,-0.6536152510419079,0.5936862765225046,0.5109150674241167,0.5809882731357112,0.6002749481077767,285.3881278336665,0.5929896579250925
13.642,44878.0,0.038893107885017736,61.61543683406428,-0.614125919815587,0.6589843084331869,57,0.5156587906588828,0.5841993168470071,0.5991373436080045,61.64889324444222,-0.6041258636265472,0.6063870072740836,0.5152970391679568,0.5834922685362587,0.5996179504965113,285.3881278336665,0.5929896579250925
13.692,45020.0,0.030286876088486906,61.554870696283935,-0.6681916847140484,0.6246918501748081,57,0.5164980074603095,0.5873305861487635,0.5984373236211658,61.57162880519844,-0.6213650457872054,0.5922133542076815,0.5163467582325267,0.587484588029847,0.5989409974153891,285.3881278336665,0.5929896579250925
13.743,44875.0,0.030372467149364653,61.47901228798982,-0.7120772826991286,0.4584107973755113,57,0.5173101328990164,0.5908114424907188,0.5978224279396408,61.50445548777523,-0.712531465047809,0.3842213938797913,0.5170832078036806,0.5906809702882275,0.5984027082664592,285.3881278336665,0.5929896579250925
13.793,44795.0,0.03509495640919076,61.444674943724365,-0.6366097954714233,0.27550616594992094,57,0.5181222565637682,0.5930157824245427,0.5978584197090727,61.453819625425346,-0.6114667664744096,0.20704924770568753,0.517922784431773,0.5930500199189405,0.5983996529309152,285.3881278336665,0.5929896579250925
13.843,45121.0,0.037983649817696516,61.494300865225775,-0.6706576287832674,0.15494845303587385,57,0.5202416505707168,0.5984523779165969,0.5972557076470347,61.48211878936677,-0.6164578983845657,0.026175999828220442,0.5198568121419241,0.5982178849989747,0.5977397701278763,285.3881278336665,0.5929896579250925
13.894,45319.0,0.044937787090440856,61.60529352712831,-0.599693155404885,0.2546184013092692,57,0.5208841829800792,0.6027296613270676,0.5963448595125623,61.571328327563236,-0.5728732261781195,0.14017399842736272,0.5206041860811108,0.6029726425911607,0.5967477301599092,285.3881278336665,0.5929896579250925
13.944,44981.0,0.06021549958804835,61.869363363795735,-0.522172507452695,0.2049740501105313,57,0.5227892465601957,0.6059154911986252,0.5956231235531817,61.786541758935314,-0.5037983129838856,0.20068633230656008,0.5222116440939982,0.6055654461327558,0.5960562648462595,285.3881278336665,0.5929896579250925
13.994,45515.0,0.03910658198207853,62.21934128154017,-0.47566916692857975,0.3418236039918642,57,0.5273214202389759,0.6084358015996333,0.5947357557062762,62.14683574600794,-0.44648486788672603,0.2876343469750941,0.5275069882742585,0.6083535009402169,0.595017967215548,285.3881278336665,0.5929896579250925
14.044,45918.0,0.04317135178487348,62.63814571947148,-0.377251890153899,0.3911458597705603,57,0.5335630097443104,0.6136200842486367,0.5930008315059315,62.53074377058244,-0.38284548175668637,0.36424324687121246,0.5333114304209973,0.6132971854175865,0.5932379586255894,285.3881278336665,0.5929896579250925
14.095,45537.0,0.046957528974767654,63.070087699335744,-0.399388586885301,0.3242877343643732,57,0.5383276664662516,0.6182715871931188,0.5922983165972573,62.971002593888784,-0.38939275506496507,0.37792713981677106,0.5375108895070473,0.6164949029164255,0.5925582365423437,285.85312862152847,0.5929896579250925
14.145,45663.0,0.04525742715780013,63.55150131346847,-0.29957368770663917,0.2866201116789635,57,0.5419912736304845,0.6260891648959026,0.5932057231694672,63.423471149960996,-0.34127139774463466,0.2825028406995693,0.5417759038048466,0.6261447212667312,0.5931137467396349,285.85312862152847,0.5929896579250925
14.196,44542.0,0.04466177492122797,64.20382011604701,-0.2502903382101995,0.22745586009413804,57,0.5423885588443511,0.6326003119197919,0.5948142981070589,64.05337119881435,-0.26496835414864145,0.2901553545264078,0.5427212823497949,0.632742037852605,0.5951700209521341,285.85312862152847,0.5929896579250925
14.246,43903.0,0.05285391921467447,64.74348901072088,-0.4927072127726033,0.2167293422907925,57,0.5434483901534242,0.6366486160325022,0.5959049265362061,64.63003624434883,-0.4829145235224367,0.18194337408054562,0.5431888685214823,0.6367053651955243,0.5966914839307124,285.85312862152847,0.5929896579250925
14.296,44132.0,0.04277541491219853,65.30131620888746,-0.6510660716647506,0.3422678042485156,57,0.5440884495573055,0.6432319516387613,0.5976100570839511,65.18701255060557,-0.7016493306072656,0.2825927232005719,0.5437710036633432,0.6418745440890155,0.598021796633228,285.85312862152847,0.5929896579250925
14.346,43822.0,0.038773386820715586,65.59735007074586,-0.6121362329143458,0.44109518826604455,57,0.5445397263207258,0.6445257847072348,0.5993157244050838,65.53732196055964,-0.7153746748534986,0.44105734057440116,0.5444059646448617,0.6447451575630211,0.6001181305002746,285.85312862152847,0.5929896579250925
14.396,43897.0,0.034058147854352766,65.74919682217838,-0.7602553360807097,0.4479862834909801,57,0.5488292651949683,0.6505033931030626,0.6033341754138093,65.72888198621719,-0.8102145047446099,0.47889350302214606,0.5479755070600032,0.6494121304564894,0.6032475229134244,285.85312862152847,0.5929896579250925
14.447,43872.0,0.04804977406035651,65.77312110759937,-0.8139651332668356,0.3419099316622315,57,0.5506239843002058,0.6554060171264137,0.6060442201568187,65.77311485897528,-0.8924895552683552,0.40470152182191055,0.5507198082826166,0.6557161789909877,0.6065237757363585,285.85312862152847,0.5929896579250925
14.497,43558.0,0.03311700233960819,65.68905537464276,-0.7089206265876293,0.4396955897414367,57,0.5511228140266861,0.664559007728507,0.6086424297601923,65.7121839548162,-0.7602126928240683,0.43516891740286473,0.5507556422272559,0.6634327263669882,0.6090702525597183,285.85312862152847,0.5929896579250925
14.547,44567.0,0.03553534775417863,65.5692223976182,-0.5751889029147387,0.3600991339456331,57,0.5544019727718072,0.6731323249850706,0.609504040564816,65.59108873950112,-0.6163266775702875,0.36962246247759023,0.5541830918234785,0.6738547477789056,0.6099087132557649,285.85312862152847,0.5929896579250925
14.597,44722.0,0.044662968878920115,65.35269271740593,-0.4954320004519907,0.3284137394017539,57,0.5580117968828896,0.6895179484214634,0.6108040656247301,65.39331921239369,-0.5080271004016601,0.33694823318408434,0.557568262017742,0.6877916595777539,0.6107899764578792,285.85312862152847,0.5929896579250925
14.648,44566.0,0.05102283137388213,65.10153939179388,-0.5687457694171092,0.280999306017481,57,0.5582684524167495,0.6990727394550809,0.6104553410673813,65.14950552540516,-0.5510866388488339,0.3584712382979305,0.5581689457228302,0.7004429561675487,0.6109895073941647,282.47789592246085,0.5929896579250925
14.698,44329.0,0.041050917154380674,64.86596381241186,-0.5855040154593342,0.3720640584903767,57,0.559129358770226,0.711992275990003,0.6088658255218471,64.91905923152362,-0.5880796228122501,0.37235675565408555,0.5589414753877795,0.7108381941404056,0.6099024365658001,282.47789592246085,0.5929896579250925
14.748,44540.0,0.039434616324858056,64.63819720338586,-0.4892117453662686,0.37168633836589426,57,0.5565988201784831,0.7192686027135908,0.6058341615026834,64.67458988126188,-0.5097115222911887,0.35508290331543085,0.5561410632648354,0.7203087314088197,0.6066283252755433,282.47789592246085,0.5929896579250925
14.799,44471.0,0.05944791731299327,64.31686676004615,-0.5148560604275304,0.2548053200299938,57,0.5519253213486326,0.7259065230051097,0.6018160149316586,64.41288484762217,-0.5106576881831895,0.2558565403624491,0.551470103326119,0.7252005389687869,0.6033170217107482,282.47789592246085,0.5929896579250925
14.849,45426.0,0.03780939742369481,63.994847360119955,-0.602423087696724,0.22991132978632278,57,0.5507968108328576,0.7292560494443172,0.5987933791199368,64.12678903566764,-0.5588924429097454,0.2684952532523204,0.5499324320380546,0.7292422961259687,0.5992160409233436,282.47789592246085,0.5929896579250925
14.9,46087.0,0.03698648952314827,63.68185144575105,-0.6400265768862008,0.1855180760445943,57,0.5473227240101831,0.732035701678978,0.5918964446411246,63.744030275816336,-0.6473858103207661,0.18449188339752928,0.5468011369114616,0.7317618761590629,0.5930171982231418,282.47789592246085,0.5929896579250925
14.95,46153.0,0.0705586894763237,63.080797260685145,-0.6235079000568017,0.19372077959136477,57,0.544389909706104,0.7314771485062034,0.5876965290109718,63.230875676548976,-0.6237473055925427,0.2539491706392589,0.5437216279046977,0.7312074366983208,0.5882992571371441,282.47789592246085,0.5929896579250925
15.0,46251.0,0.03353978334684766,62.57008863783975,-0.7370891806038213,0.08203889463823542,57,0.5398653450252047,0.7300386916587034,0.5828611644400786,62.77496394174964,-0.7680924415544509,0.11327588884989256,0.5391751230926136,0.729396688077709,0.5836303484832578,282.47789592246085,0.5929896579250925
15.05,46814.0,0.04520842541608027,61.97353203385757,-0.7219970378139839,0.216227272222481,57,0.5368432248668726,0.7307900837251156,0.5788490454821872,62.14871426423845,-0.7277675005219273,0.18766178279071993,0.5356580231618976,0.7301420012964163,0.5788580488531813,282.47789592246085,0.5929896579250925
15.101,47164.0,0.045338022960063604,61.4086102378606,-0.7472228800456161,0.21824308457250843,57,0.5326100224813434,0.7333492245659267,0.5737762439051822,61.5751068055669,-0.7463215674595904,0.21548279433213033,0.5316426311395064,0.7327420342661891,0.5741787860522455,282.47789592246085,0.5929896579250925
15.151,47604.0,0.03476241648210925,60.944450381481545,-0.8599674439389187,0.14059237996168483,57,0.5322455122482699,0.7374084034440741,0.5709856491513864,61.06120701935669,-0.8268642429730779,0.12164911849037024,0.5314217177374413,0.7372608760176884,0.5705503068472972,286.1230328354339,0.5929896579250925
15.202,47307.0,0.03147579272788498,60.59643348772449,-0.9088409686048884,-0.0077018176604243815,57,0.5315411155288883,0.7422600067124936,0.5672151611614159,60.67198947059598,-0.898155989044894,0.036080048054068406,0.5308879905707251,0.7419653914022221,0.567486155267246,286.1230328354339,0.5929896579250925
15.252,46881.0,0.027779564276284266,60.337034129067355,-0.9797367028704378,0.004616953759070343,57,0.5332718410640557,0.742440945530429,0.5647992834984046,60.40569068024219,-0.9481741572362453,0.005929560367817084,0.5331584470351373,0.74218952269692,0.5649848077467314,286.1230328354339,0.5929896579250925
15.303,46722.0,0.029069777702413365,60.25895070887896,-0.9368228480946614,-0.06658311267380652,57,0.535496785200369,0.7444498548791321,0.5621144261722332,60.26233505713092,-0.9880518276315281,0.007417524003280843,0.5352576988604532,0.7440891754041894,0.5625946576476231,286.1230328354339,0.5929896579250925
15.353,46472.0,0.030923883894869726,60.332818021862735,-0.9679628587116427,0.016608792558431562,57,0.534243668546043,0.7468618584338363,0.5596282507914787,60.30093842607159,-0.9846047797357241,0.10018429034825203,0.5344908949343735,0.7461359684263336,0.5607734953572916,286.1230328354339,0.5929896579250925
15.404,46028.0,0.024619455041025924,60.54340823497413,-1.0981959156083436,0.12421309443773208,57,0.5320711932014267,0.7481884563682071,0.5593842864617893,60.46962189824549,-1.1149241150382165,0.17105330806261757,0.5315634402101683,0.7480013186808306,0.5599455715866416,286.1230328354339,0.5929896579250925
15.455,45996.0,0.0534080728415567,60.896004859394985,-1.2343345631199736,0.2539944123022468,57,0.527805575147814,0.753818085126727,0.5592059547759388,60.791305378140244,-1.2684708098936242,0.33231658738824976,0.526944164317509,0.7539969313406271,0.5598696160317522,286.1230328354339,0.5929896579250925
15.505,44920.0,0.01689954772351191,61.13877809197184,-1.1864179657382206,0.27306458439118614,57,0.5153180315338253,0.7595909397325552,0.5610035305000187,61.07304585970436,-1.2586573306943885,0.3465670758263108,0.5144290603685795,0.7602158743520426,0.5620013048836247,286.1230328354339,0.5929896579250925
15.555,44975.0,0.01677426946156525,61.38786621146425,-1.2101219676334223,0.09184747631090344,57,0.5077853718148736,0.7623328026657049,0.5627546238536872,61.32787247590669,-1.2458720290331544,0.1714090042594586,0.5087778776385063,0.761009290865185,0.5633582803800206,286.1230328354339,0.5929896579250925
15.605,44910.0,0.022040963517849555,61.61501056904194,-1.0504903182520005,0.03617556288119724,57,0.5019153381721885,0.7621544923583282,0.5640185676304743,61.56298782772833,-1.0981529574068951,0.047955603809146104,0.5010030816464199,0.7619937689814814,0.5649876207482614,286.1230328354339,0.5929896579250925
15.656,45049.0,0.026625333009093068,61.770709366501684,-0.969515326501898,0.07913325146519441,57,0.496700710473046,0.7566583395252182,0.5651829077148457,61.74164686666036,-0.9740591164284954,0.08164974036686505,0.49645617789345814,0.7571493002700393,0.5660336139302093,286.1230328354339,0.5929896579250925
15.706,45449.0,0.031861712819032384,61.95067205553424,-0.9879555347688017,-0.1415681269220188,57,0.4947097931760752,0.7549729925772032,0.5660433453370666,61.91095674398805,-0.9608559000010186,-0.10377852068048604,0.49369539943607477,0.7538931837742961,0.5667531997194206,278.26474112667387,0.5929896579250925
15.757,45760.0,0.022820064284458146,62.13681854336432,-1.092004297681721,-0.05476118747940889,57,0.4890860539706403,0.7528178371792446,0.5677321860198491,62.07397277889676,-1.0968700926500565,-0.012099073707736201,0.4892002023017949,0.7529892591579306,0.5680359875821174,278.26474112667387,0.5929896579250925
15.808,45000.0,0.02537903147280671,62.25023183590984,-1.2152166887796,-0.033889498503939755,57,0.48348186534034426,0.7491138946155858,0.5687056860673678,62.22561091078918,-1.309189226842724,0.07011986282461147,0.48234475443526137,0.7482615586871276,0.5696930956709082,278.26474112667387,0.5929896579250925
15.858,45413.0,0.006998463782240344,62.3786822744914,-1.4826059696860512,0.2059395984629608,57,0.479698059592413,0.7455147698050971,0.5700998425062815,62.330805650419606,-1.5434300954505964,0.2142080497382129,0.47871400475937737,0.744633132807702,0.5706773934715464,278.26474112667387,0.5929896579250925
15.908,45950.0,0.006098151830819219,62.48154742721721,-1.4726189290184457,0.1999935531397058,57,0.4774749754960194,0.7450784948516727,0.5709331300969965,62.43435497743697,-1.4726692383572273,0.31874877747881797,0.47649129927715655,0.7442556424979577,0.5713408729706763,278.26474112667387,0.5929896579250925
15.959,45851.0,0.014777767144621439,62.513377808561046,-1.259518977558429,0.19415676825111264,57,0.4747527508497612,0.742428344548915,0.5729842718525155,62.50487713903044,-1.297880650577753,0.19872410183972988,0.47456711820782027,0.7420661751616503,0.57311990762652,278.26474112667387,0.5929896579250925
16.009,44944.0,0.021037478186425925,62.589145874664574,-1.0743350244437646,0.034052719393283956,57,0.47274561684851996,0.7389943691757882,0.574566608720523,62.565487879216114,-1.0835807606837575,0.07116479010445191,0.4722039160848367,0.7382262045890314,0.5755034602311951,278.26474112667387,0.5929896579250925
16.06,44996.0,0.023480128086235782,62.614069543790634,-1.0341287000551453,0.125915724911343,57,0.4704286713316215,0.7337749683320848,0.5762587973600652,62.61758094787407,-1.034426176490229,0.0967074571837014,0.47013992427147167,0.7334159229208121,0.5772489724264266,278.26474112667387,0.5901406708086347
16.11,44856.0,0.026587533724303947,62.56623862015479,-1.0752654753461024,-0.011524044642453763,57,0.46943417628344564,0.7274880096734737,0.5773645948746983,62.5809204919969,-1.021503295046921,-0.00937298791119962,0.4687872558497452,0.7260680478990559,0.5783626175949869,278.26474112667387,0.5788450031708363
16.161,44711.0,0.02393546705568031,62.47852715656933,-1.0410131145299324,-0.12629785558722834,57,0.4637151886604404,0.7220123149922397,0.5790857425634489,62.50042526506346,-0.8378256662028325,-0.13284934936878082,0.4630679767898813,0.7212810482041789,0.5800904518767034,278.26474112667387,0.5688939150157903
16.211,45118.0,0.03569006689752353,62.32393355980429,-0.6784685082520251,0.14385241045874578,57,0.459748792278296,0.7183779295526759,0.579602651509558,62.367654900773516,-0.5089310915549442,0.0620283636487058,0.45853374284679427,0.7171957337814587,0.5804129438775915,271.1643799080758,0.5590775048067558
16.261,45213.0,0.0614974575597948,62.192113620133796,-0.20966689311319206,0.15001754637778086,57,0.4557320648946954,0.7128102275287447,0.5817495362113894,62.22759542504081,-0.03657134903127341,0.11888348083494003,0.4547848784276809,0.7119413081202971,0.5819827568839383,271.1643799080758,0.5492174152619526
16.311,45596.0,0.04773108395660324,62.05022560888188,-0.3546369073145777,0.2337524186294729,57,0.45440829070558186,0.7129232020980891,0.5838331282088718,62.083452537390606,-0.24898295664056425,0.18981881733893535,0.4534340922774733,0.7121124342321068,0.5841568562377075,271.1643799080758,0.5393642056136249
16.362,45100.0,0.029469012165074655,61.81396432375703,-0.9691223876198771,0.3436190748698294,57,0.44964692901166015,0.7122707808142487,0.5864334443271274,61.88181689159963,-0.7764080065445428,0.2903299248184026,0.4491221917935045,0.7119912317909027,0.5868264650832425,271.1643799080758,0.529520155823971
16.412,44396.0,0.020209113740951454,61.53623979142526,-1.1815302480271033,0.1445890812680893,57,0.4452121156164728,0.7104370272210637,0.589150266434103,61.598114798481774,-1.2399575866113786,0.20697487669201484,0.44503842663854887,0.7102739371180177,0.5891927691710006,271.1643799080758,0.5196917457954348
16.462,44819.0,0.01415002712037436,61.27351419399247,-1.4323077105424142,0.1834120598469374,57,0.44537909439369283,0.7113558621910435,0.5907505201775616,61.34384972378776,-1.5054542196506546,0.23005866301155473,0.44468247910346403,0.7105812176581471,0.590966133522174,271.1643799080758,0.5098786555348277
16.513,44569.0,-0.019447822829542886,61.095163432036166,-2.0018505019245083,0.2222686619667267,57,0.4424776194802695,0.7120216041909201,0.5935848469162976,61.12784605905572,-2.098298308241373,0.25954646288354355,0.4426245422314322,0.7121325837754503,0.5935623373894306,271.1643799080758,0.4984986291807312
16.563,44096.0,-0.02279004885805422,61.0738204818286,-2.0835856603839624,0.2007954929104954,57,0.44215630140890855,0.7113229605417608,0.5950299782802024,61.070744549719294,-2.31850246972161,0.307766998526611,0.44173931982657133,0.7109565429748724,0.5956780926064963,271.1643799080758,0.48867041914775566
16.613,44483.0,-0.021906664992894846,61.147915527964486,-1.9898472948243529,0.13723468682659737,57,0.44563270976161895,0.7115036043728458,0.596313817579498,61.126620566237335,-2.190196110229643,0.19546380206485486,0.44370090707495646,0.7109493960429466,0.5963802381039027,271.1643799080758,0.47886300880152843
16.663,44537.0,-0.026935597595124018,61.242653141268676,-1.9656938427905324,0.3056038136788133,57,0.4490244145816127,0.7103009827705383,0.5971817132575516,61.234297447246625,-2.0756539042822095,0.20040239731772339,0.44909148617140743,0.709850673806139,0.5975550402725432,271.1643799080758,0.4690255189122515
16.714,44178.0,-0.009746871778867046,61.31312491669483,-1.7583950835421447,0.056636524514027946,57,0.45727138305455667,0.7084218817031943,0.5987653771766523,61.2955103144012,-1.8417713649956198,0.0376810972212073,0.45379325468558845,0.708046607773859,0.5989731075768048,271.1643799080758,0.45923266834121845
16.764,44339.0,0.024387673988535745,61.42698959094133,-1.4240689381487814,0.14042510603804834,57,0.4620763404502377,0.7091846930798269,0.599571122887773,61.421743770960596,-1.4152700085221832,-0.013099725246093253,0.4606484193806018,0.7089172482416194,0.5999359600337147,280.4341121117028,0.44934969914885003
16.814,44006.0,0.019212869220811998,61.595800703987756,-1.2306592417187174,0.019656656798051456,57,0.4643292950128604,0.7088416003264325,0.5992393409781559,61.577686042720494,-1.1983315831711432,-0.20119228309329376,0.46465368686364245,0.7085601879160913,0.5999135881786736,280.4341121117028,0.43947924976182207
16.865,43789.0,0.022383667516825845,61.76425998917678,-1.3493194416699408,0.015389458476926668,57,0.4687599580529081,0.7052859501575782,0.5975565006100619,61.75017258338247,-1.2053077592720143,-0.29951095786093535,0.4675197819841523,0.7059103442678558,0.5988619665908415,280.4341121117028,0.4280389043315803
16.915,44693.0,0.005947153371747485,61.913441754223925,-1.4449138534133144,-0.23513086797012112,57,0.47874713217404236,0.6987259556806611,0.5941568170535871,61.89679347527261,-1.3161445521746256,-0.4735827431794438,0.4771373874884858,0.7000747335852193,0.595794698330801,280.4341121117028,0.41816245503698424
16.966,45223.0,0.011971725352228386,61.97634817804778,-1.3247750098061288,-0.3148011044773416,57,0.4849752899672993,0.6956440964077273,0.5913316148967553,61.985363465648646,-1.2446230255290933,-0.6144745129755862,0.48534339753084044,0.694581158322644,0.5914584589143599,280.4341121117028,0.4083294850782305
17.016,44474.0,0.02226523147741374,61.96383175254812,-1.2307666783063236,-0.41746935021756615,57,0.4869557906397565,0.6904693609472843,0.5893265854910635,61.98765719781481,-1.1543659688223589,-0.5125640978600297,0.4870477777524006,0.6909854919710635,0.5902188372683123,280.4341121117028,0.39850903492918277
17.067,43892.0,0.020033292745615938,61.8748619011046,-1.107368252891297,-0.0723029657879017,57,0.4876097210190455,0.6852105061239622,0.5872447966843902,61.90827638651996,-1.0948786183065025,-0.1868861964179293,0.4876818449553326,0.6843127561332362,0.587931389650595,280.4341121117028,0.3885306671893104
17.118,44353.0,0.01780147834779796,61.60032468055361,-1.1733368727979616,0.22350058478664,57,0.49391470862780085,0.6761375328518533,0.5832183268339005,61.69167890941183,-1.14019731890014,0.2004835813836491,0.49331915549661576,0.674984617251436,0.5840159879904144,280.4341121117028,0.3785175399785434
17.168,45266.0,0.018444019827892368,61.349910100320855,-1.1631069491585757,0.03837602767995062,57,0.49789586370553623,0.6740153758530223,0.5807907725546879,61.42294128411147,-1.1367122271788772,0.10995909800167572,0.4978504710181031,0.6728276249288575,0.5805566004618324,280.4341121117028,0.3685567319720148
17.218,45536.0,0.019855536388163092,61.04813795211605,-1.186509987133428,0.010395491589050601,57,0.5041022428302299,0.6711338407396785,0.5757780351193403,61.14543618690342,-1.1493946683572953,-0.021103756950008812,0.5039440548181443,0.6705169117658298,0.5760869905841606,280.4341121117028,0.3586432832411096
17.269,45012.0,0.01783094474322545,60.7260129635986,-1.125793553094977,0.18319447750990747,57,0.5069552209691661,0.6669827499523029,0.5725140173952341,60.83000939090629,-1.1409132147731198,0.1823864073272231,0.5072046709780778,0.6661041680342213,0.5724341381036571,284.9002847152692,0.3487075548493216
17.319,44813.0,0.023807161913259933,60.44114535634612,-1.0131415664838328,0.0882216750888862,57,0.5090920238805872,0.6659153302898444,0.5685223957475453,60.50383443730123,-1.0694764346974963,0.18967368198596943,0.5090299740320973,0.665506548739985,0.5686851660230554,284.9002847152692,0.33737376779250683
17.369,44185.0,0.02550850287137262,60.24610912586862,-1.1329842139974824,0.3683948669700669,57,0.5090949038701966,0.664712817739322,0.5664128227731442,60.289050469213215,-1.1278946391092706,0.4483647715608023,0.5089975925769521,0.6644017213034494,0.5665342229690655,284.9002847152692,0.32754823771721675
17.42,44050.0,0.009314316071374463,60.11507608522451,-1.3724936463211466,0.3779124843515642,57,0.5107838458030182,0.6628843475195757,0.5631973221436307,60.14278491743018,-1.386710002173939,0.4782554828056847,0.5102110656937526,0.6620010373611157,0.5636946931742716,284.9002847152692,0.3176760283596498
17.47,44536.0,0.011787642838040057,60.073335421118784,-1.334846217457189,0.2288921280998719,57,0.5125701457774277,0.6645738131339337,0.5609422572940022,60.07727795008097,-1.4184344827440312,0.2602017350099476,0.5123254576704301,0.6642479512053057,0.5607554896670515,284.9002847152692,0.30784525836661636
17.52,44715.0,0.00939523989413758,60.11607700884007,-1.3694262963102415,-0.04482320480863675,57,0.5143754256529285,0.6667640469946913,0.5555051370162797,60.104058069471805,-1.3948755817258838,-7.468535910591629e-05,0.5141471520233523,0.6665517836627067,0.5556460614986697,284.9002847152692,0.29795380930018966
17.571,44736.0,0.0064260281410421245,60.174771781564964,-1.4068117015336226,-0.06166769400844896,57,0.5178886488348363,0.6681457213978326,0.5485256846163455,60.163590126512105,-1.4631689835871948,-0.11708731458106322,0.5161251731402596,0.6666563858260399,0.5506667753085142,284.9002847152692,0.2881583587708596
17.621,45406.0,0.015912313698587397,60.232307647205126,-1.2261771183039234,-0.12771272607226558,57,0.5214027296455114,0.6705099940721114,0.5439009724042181,60.22231986567569,-1.271904159267774,-0.1410868107682604,0.5210112624657286,0.6699671449081347,0.5437556114771258,284.9002847152692,0.2783381886196714
17.671,45188.0,0.013169317791961205,60.31566685039725,-1.3047165561223997,-0.03164519226172994,57,0.5277142702063473,0.6721742689420167,0.5372018401643567,60.301676701807835,-1.2688923493760893,-0.10103271230269234,0.5267255676375848,0.6716701018384624,0.538020419740741,284.9002847152692,0.2671237197426998
17.721,45288.0,0.019160650503232107,60.37439757723446,-1.0643616682095094,0.021963837728740818,57,0.5319692617390339,0.6750501601461684,0.5331044136904074,60.366065830572744,-1.0952193281568037,0.03434839939433173,0.5320956800318679,0.6748362513117587,0.5326783034060945,284.9002847152692,0.257212910971241
17.772,44613.0,0.025859196936249683,60.40086709905703,-0.9983734960200742,0.0255142644653234,57,0.535506414368603,0.6806253483314966,0.5277215175328681,60.39922656797531,-0.9989130092330747,0.015581062407382492,0.5360417854615729,0.6786904439150172,0.5289863746650169,284.9002847152692,0.2473509414539058
17.822,43954.0,0.02408187271582761,60.37444912078538,-1.0704220226579642,0.1281948935320158,57,0.5349582738439752,0.6833343917730167,0.523713378178279,60.380801430766994,-0.9787048069032168,0.07410633463098087,0.5349475653945619,0.6837536969281505,0.5242087400966302,283.334277713215,0.23749133190106775
17.873,43748.0,0.03148511122687923,60.30972107166162,-1.0234063841045284,0.0761469044276809,57,0.5381248811665348,0.6822457543678223,0.5162602386182616,60.322779005978916,-1.024687264534192,0.11104249213970271,0.5371052131178385,0.6825876163770124,0.519015510444883,283.334277713215,0.22762092251227883
17.923,44215.0,0.02510773553981617,60.13404369521675,-1.0678552810650013,0.19173160035738018,57,0.5374817918895122,0.6830266500620055,0.5106859504434326,60.17662263645413,-1.0249739761224848,0.18674490613221167,0.537216388267709,0.6826894898977909,0.5112449478585266,283.334277713215,0.21782191203635592
17.974,44824.0,0.022161572581533,59.87945737734427,-1.0009577992409024,0.3649231565584378,57,0.5356026307696464,0.6821467782373185,0.5001755129599388,59.92461339218055,-0.9739277914266434,0.41900171957743204,0.5350506041283164,0.6816858388002033,0.5013657220760508,283.334277713215,0.206503044749073
18.024,45615.0,0.01777212995845612,59.554700728260634,-1.1207480814324102,0.4362115129992873,57,0.5351039878790272,0.6805985558189703,0.4919181244803911,59.59688754702593,-1.083181958981321,0.6002000657259511,0.5342874627651228,0.6796483799989096,0.4913914080474904,283.334277713215,0.1965514765991515
18.074,46121.0,0.016307976872824162,59.1447930111906,-1.188261363213117,0.7454924334839451,57,0.5306380462361477,0.6820626601112046,0.479225401896701,59.2134385677147,-1.1433456839155456,0.8516287312597152,0.5304811099107536,0.6815449323305912,0.4810950616800605,283.334277713215,0.1866706673698988
18.125,46422.0,0.01513083215759023,58.71764449038317,-1.1847879928788674,0.8015558866339878,57,0.5270294647419314,0.6816986640501987,0.4697815779170506,58.803799851253316,-1.178187392923592,0.8716335589923127,0.5259646709358258,0.6811226465066864,0.4693470599335639,283.334277713215,0.1768764968205977
18.175,46848.0,0.018670858118110072,58.226165747568125,-1.089563886337489,0.3618103161027785,57,0.5233496239246747,0.6861443455337198,0.4573637353893198,58.36836681618726,-1.0954458201248096,0.5144507754857572,0.5223033498913807,0.6853980167894537,0.45781423314348685,283.334277713215,0.16692772862889949
18.226,47085.0,0.01791294544176485,57.754583334274564,-1.2046321053342537,0.26958809933196604,57,0.5196494048303002,0.6862773209577036,0.44594169990510457,57.90531978852194,-1.1516248906535318,0.26951876783401096,0.5186595032139167,0.6858863101447338,0.4455743376129474,283.334277713215,0.1570716790226543
18.276,47657.0,0.013586224632368457,57.281397511186945,-1.1986036938547355,0.3795930680820091,57,0.5146821470332459,0.681358523832179,0.4260946643275804,57.45629489961546,-1.204028906386576,0.32227771055448184,0.513959644295813,0.6809854633242438,0.4279933067593946,283.334277713215,0.14718138994008423
18.327,48423.0,0.01400296480278437,56.81529202641371,-1.249895048480868,0.2913943929320441,57,0.5125506593529578,0.6763383281887873,0.41257313434337334,56.94050281711795,-1.1699977273958837,0.23282628437276434,0.5113038602349866,0.6746588096367289,0.4114765026159106,283.7201386940457,0.13584068299001006
18.377,49442.0,0.021135553554276692,56.393378267771126,-1.2187740520933878,0.26386235258762736,57,0.5096291780289987,0.6703021047164656,0.39278749238225397,56.51666734638914,-1.1355681168681644,0.0879098833353187,0.5087295777683403,0.6692765679069851,0.39349359138256973,283.7201386940457,0.1260477924178276
18.427,49526.0,0.026217299282532233,56.02892585372935,-1.2080744050761965,-0.14160999508370734,57,0.5081790003607202,0.6665364535086606,0.38122529254249016,56.13958341180165,-1.0952616833394373,-0.25505704759615705,0.507068776642152,0.6650723067510576,0.3795571965100442,283.7201386940457,0.11630930101797621
18.478,49469.0,0.018100318715033883,55.70516219536712,-1.1654129258489252,-0.14627002585026874,57,0.5077912880367728,0.6645904357021462,0.3669663809493466,55.82976074001946,-1.1028139139090596,-0.3431645377736458,0.5066076921145953,0.6632521815111369,0.366907759964357,283.7201386940457,0.1064334517129728
18.528,49200.0,0.019503438197861888,55.411449787836645,-1.0663588989346722,0.12430830685981387,57,0.5089583995402654,0.665222173360688,0.3585686880238673,55.50221372265818,-1.0844384967507739,-0.020995507409985636,0.5085332693909019,0.6646508875092856,0.356892699558892,283.7201386940457,0.09666312079953276
18.578,48169.0,0.02660756849654395,55.19009224459161,-1.0429044122821207,0.459221502412451,57,0.5097699975428887,0.6672862115765876,0.3480860863437465,55.25275313771445,-0.977183413657487,0.3637796507456023,0.5094662373597639,0.6670340035833577,0.34826585363409335,283.7201386940457,0.08682587090696603
18.628,47176.0,0.021801549098035028,55.0736230064875,-1.0880773342209527,0.3368340649574171,57,0.5101051118930483,0.668288233732695,0.3427614396306956,55.103888343480094,-1.0257656964058877,0.379087894339486,0.5099500835771443,0.6682354943969785,0.3421947219241078,283.7201386940457,0.07689738240453603
18.679,46029.0,0.02549310254375413,55.01501954882579,-0.9737471915506682,0.20354016156809795,57,0.5069509611635876,0.6735670363633647,0.3376230153998118,55.02732664059592,-1.0207497907286738,0.22201259077385954,0.5065292236269101,0.6736855361177806,0.33765183202922316,283.7201386940457,0.06566307383056713
18.729,44820.0,0.033134980291797365,55.01686500092753,-0.7854737612778865,0.18676853537797286,57,0.5062967975420865,0.6744378759813804,0.3363495761829602,55.00783332979715,-0.8657469284601762,0.18843616919996142,0.5061652110794934,0.6745840544365131,0.3365236606199733,283.7201386940457,0.05577526471012173
18.779,43949.0,0.024097577072552702,55.05303625180485,-1.1795249521956794,0.22079454313916047,57,0.5090014278761102,0.6729066264658711,0.3368048391008195,55.04647490940525,-1.1108445214710319,0.22020694517339645,0.5089980841353275,0.6725972540322938,0.3371493661231434,283.7201386940457,0.045883895640173145
18.829,43293.0,0.0032221166149713223,55.0005209427926,-1.4998382895641091,0.31125642922285535,57,0.5104223663989039,0.6714476912594934,0.3377498985883074,55.01665576556182,-1.5128706250538746,0.2969845547982735,0.5103529011195677,0.6718325360104065,0.3380966860427433,283.7201386940457,0.03604748573245409
18.88,42726.0,0.0007614509307454732,54.87122334947067,-1.5425570781936688,0.4173849882368725,57,0.5107397008422289,0.6699675229110293,0.338413308184326,54.9060735079433,-1.5482467174621704,0.43946145819440424,0.5107376975289866,0.6696397582017363,0.339120983371059,285.18465727230875,0.026248275263880738
18.93,42620.0,0.005098202237815881,54.66510662592858,-1.3928284914501163,0.40558655205787697,57,0.5119402939268399,0.6682296548528309,0.3391617545435425,54.712154836242405,-1.4132764190486777,0.48816347527995557,0.511823552566481,0.6677254310620891,0.339756639589974,285.18465727230875,0.016238388007973503
18.981,42435.0,0.010718493017464683,54.52529630335377,-1.3193848910942234,0.22466490640809608,57,0.5127168667888142,0.666976018957011,0.3405727589494869,54.54249817131935,-1.297019676537608,0.297533775132383,0.5127349936354095,0.6667540067488863,0.34106787431396585,285.18465727230875,0.006381578410448396
19.031,42229.0,0.023813010744254008,54.412861269883464,-1.0203720484541305,0.14713558069496724,57,0.5113724566267204,0.6667531853988053,0.3411594716366663,54.44035095657139,-1.072968458119123,0.13990671561639753,0.5117368708109827,0.6665030090453864,0.34126454303311654,285.18465727230875,0.0
19.081,41927.0,0.03666746217039556,54.311104215140524,-0.8952082527285672,0.10731212763805129,57,0.5114503525794596,0.6643283429031905,0.341218261406518,54.33094993484837,-0.8854146163649329,0.11211419286219028,0.5112641569219697,0.6639796588540663,0.34168699086474474,285.18465727230875,0.0
19.132,42542.0,0.03458059998737697,54.106917425062704,-0.8688308265121057,0.22541920482527647,57,0.5154031271167621,0.6656806241748019,0.3404425960197865,54.16213902120624,-0.8510698212129697,0.1552496126578552,0.5141677387400951,0.6647185004234354,0.34079399542754035,285.18465727230875,0.0
19.182,42634.0,0.027017229362705505,53.911294271365165,-0.8651901218829559,0.1738658624254771,57,0.5147069356046443,0.6670118514227271,0.33840015812748353,53.95120459050395,-0.8433452766540269,0.06158123283952643,0.5144473930054545,0.6669062811388554,0.33851455603206587,285.18465727230875,0.0
19.232,42531.0,0.029682823481456733,53.81006421234865,-0.8249235634238757,-0.0007254297634797806,57,0.5181511649241595,0.6652728892065267,0.33483640344728416,53.83556857761351,-0.7940680717014273,-0.189112874459235,0.5174906602424985,0.6654577016150633,0.3354970454086811,285.18465727230875,0.0
19.282,42594.0,0.026537247380008004,53.78218114298539,-0.8992914514060107,-0.35401691883196656,57,0.5213384585137177,0.6624076657653154,0.33152169226324796,53.791281057983,-0.9160543132865333,-0.5356219429207459,0.5215445587729735,0.6617305533462242,0.3315853418937299,285.18465727230875,0.0
19.332,42465.0,0.030946458950827576,53.87537524425583,-1.0090059214923743,-0.449723551578819,57,0.5240409669765654,0.654354173553672,0.3248297838357945,53.865460822382964,-1.0094855599711947,-0.673219063101482,0.5233241431182568,0.6566621984192952,0.327070409420919,285.18465727230875,0.0
19.383,42755.0,0.011567589318419525,54.05426034066585,-1.260995022363635,-0.5094557404930312,57,0.5263687876722436,0.6472039909389443,0.31930367042125235,54.01893061078796,-1.3017084978220963,-0.6597760523241676,0.5264529661901303,0.645601893883215,0.31926783065511305,286.8288204909198,0.0
19.433,44157.0,0.018001787081051063,54.09215223752017,-1.2111060162111196,-0.479824027619029,57,0.5332880330486408,0.6390539305012367,0.3069926849990049,54.10070655413933,-1.3269666488955556,-0.6377616691575148,0.5318142010704426,0.6382502852958782,0.309092724532565,286.8288204909198,0.0
19.483,45861.0,0.008601643402629288,54.02827713058175,-1.3445770770668273,-0.47150719829077387,57,0.5374397968783915,0.6351091884800505,0.29643985232013637,54.054084052533874,-1.401183880018269,-0.6069986781896581,0.5371334028338268,0.6334642537135785,0.29555907435302853,286.8288204909198,0.0
19.534,46717.0,0.0020050306012853658,53.79055642800691,-1.4947726440901166,-0.06835641167344385,57,0.5455719417132879,0.6294870369139368,0.2798888271018624,53.871667016810285,-1.4320797243263086,-0.23514730035565717,0.5449174831723,0.6285583526468882,0.28008121109949546,286.8288204909198,0.0
19.584,47012.0,0.003709361345771482,53.58150729081242,-1.4279960943628962,0.25502505538123843,57,0.5511235279149421,0.6253506455101259,0.2681054132326496,53.65236519875269,-1.3953003819060816,0.18717435705977817,0.5514139366495129,0.6241655567537985,0.2669636407541984,286.8288204909198,0.0
19.634,46911.0,0.01410185973179245,53.32656930672433,-1.3025699304701073,0.13437125097264463,57,0.5536384537285762,0.6171128714455567,0.24896476219246655,53.41493303507086,-1.2761619530804567,0.2055949807605169,0.5536458535898935,0.6165853654730153,0.24998780199660103,286.8288204909198,0.0
19.685,47119.0,0.009115595208382399,53.12570441211787,-1.243009281683008,0.23383436298899715,57,0.5545687900182367,0.612431996813075,0.23582445496180443,53.19184290787025,-1.2830513233129859,0.19758105496089787,0.5541404292148637,0.6110930100204478,0.2350976779893806,286.8288204909198,0.0
19.735,48289.0,0.018797651562762644,53.02108873877678,-1.1280056412913746,0.1464936348601881,57,0.5591295604867408,0.6076125399099209,0.21622510433582595,53.04425170259181,-1.1355463117579903,0.14854071266925323,0.5583768722078757,0.606591887017817,0.21689763569808085,286.8288204909198,0.0
19.785,48398.0,0.01910695171494226,53.05021624828443,-1.1096666938714579,0.2674891699741723,57,0.5598138268957684,0.6026048761112259,0.20236205973551732,53.033786324519546,-1.0995411258024868,0.21397694221189437,0.5593917873518326,0.6011855420561862,0.20091823217816035,286.8288204909198,0.0
19.836,49072.0,0.01792227020320066,53.23763346563033,-1.230901450250222,0.37876237060327234,57,0.5627689970444413,0.5981276797091061,0.18280935341074886,53.163222084273016,-1.160291619055303,0.32391526419254857,0.5616371948192412,0.5966902001532612,0.1834481994332525,286.8288204909198,0.0
19.886,49536.0,0.016216112677704765,53.54948935219597,-1.2846089748488916,0.14709329457371262,57,0.5649691732001383,0.5981811819743733,0.17124864065005668,53.41527009214719,-1.2335491718398095,0.21792419064474305,0.5644819143426913,0.5972184073342722,0.16931548757311357,286.8288204909198,0.0
19.936,48755.0,0.013378463915757654,54.03571275606079,-1.2918426922452158,0.17014665948030536,57,0.5639260834362435,0.6014549429304562,0.1557877961665073,53.90538547925911,-1.2928711945844333,0.15354007671831613,0.5634355615391488,0.6009998153834458,0.1560541179748404,285.83678732635957,0.0
19.987,47922.0,0.023446916621859465,54.48945999794203,-1.1462019162214623,0.1415531271629037,57,0.5642137589753792,0.5994372278916594,0.146905265252837,54.35922848980245,-1.1817900430234192,0.1977898327398566,0.5640542361582979,0.5990410134046443,0.14602102841514933,285.83678732635957,0.0
20.037,47499.0,0.02275605150810963,54.975151911303904,-1.0919186372475773,0.0015752206269012891,57,0.5654217914096553,0.599972159680641,0.13562985299399896,54.82393801372259,-1.1419434513062752,0.05089004227667621,0.5648682340201515,0.5992251277700581,0.1360330647342169,285.83678732635957,0.0
20.087,47517.0,0.02773668969919143,55.34875463802591,-1.3244889553054247,0.008860690105756753,57,0.566000238951969,0.6010330555707813,0.1288181945796539,55.25931142270047,-1.3745307143158434,-0.03962325163306983,0.5656457782309025,0.6006884231991503,0.12812032129083642,285.83678732635957,0.0
20.138,47212.0,0.003715737403101657,55.648524360708095,-1.4820000251573453,-0.3348400659172139,57,0.5687804546205333,0.6016684827408576,0.12029361386157347,55.59068977389003,-1.6542036338467399,-0.3144072034441578,0.5685165979773608,0.6011931706311057,0.12021449878505965,285.83678732635957,0.0
20.188,46975.0,-0.0023576701030590605,56.021257547866306,-1.6200995723479983,-0.72510528164391,57,0.5745473791741291,0.6045693451784032,0.11444060254491735,55.896487884694956,-1.7197844574966115,-0.7112575792856068,0.573173699096803,0.6033344073266597,0.1155048626410756,285.83678732635957,0.0
20.239,46389.0,0.0005417976445207255,56.62432657168175,-1.4785469374015547,-0.7581701521748118,57,0.5770991039496073,0.6065544764664608,0.11179976913805222,56.47275948323235,-1.550133649327764,-0.7653309730238598,0.5771719975008648,0.6064313329713821,0.11171842834819495,285.83678732635957,0.0
20.289,45240.0,0.027410690054062103,57.47574495767911,-0.9805132324735132,-0.6987883117554549,57,0.578294669065005,0.6088289992017936,0.10996577225782485,57.29511010074761,-1.039993000832568,-0.788726950508389,0.5783207867253022,0.6087564778362123,0.11047074162416831,285.83678732635957,0.0
20.339,44311.0,0.03471357480361883,58.36115638698641,-0.6722049750695349,-0.27801411471473764,57,0.5789662735003581,0.6096215892519138,0.11059200423899573,58.19570705362333,-0.6451951820569712,-0.4214936521357081,0.5789481066475408,0.6096054659803202,0.11107577276975063,285.83678732635957,0.0
20.39,43536.0,0.045935967928956704,59.10695894999277,-0.562081696324927,-0.502238566746606,57,0.5780372153342239,0.608963243173619,0.11213806220973511,58.964084013210865,-0.5139981450923495,-0.584868717124092,0.5785377743229525,0.6092673032011888,0.11259049613834875,285.83678732635957,0.0
20.44,43061.0,0.03867926052614016,59.74364031467949,-0.7525197178494822,-0.684285283626796,57,0.5763512290115563,0.6064302276927925,0.11296470133148555,59.611134746588306,-0.6392812040050422,-0.8376953940059639,0.5763056961113034,0.606386007133457,0.11399902798424692,284.9246374337996,0.0
20.491,42883.0,0.027236215935838987,60.07641973340033,-0.6626465966593997,-0.7144551085606021,57,0.5719153539904154,0.6022543888863766,0.11483088090262768,60.02822154093459,-0.6581200437534156,-0.8159891691829139,0.5720848407826573,0.6019710043408442,0.11559667755685771,284.9246374337996,0.0
20.541,43177.0,0.0375882907277956,60.21396794089866,-0.6952454999878307,-0.6319163012848316,57,0.5681762805243985,0.6007014779605462,0.11550992379620906,60.19907219072328,-0.6444934775905187,-0.6598150252147643,0.5672312102316581,0.5999997310307883,0.11629198153320544,284.9246374337996,0.0
20.591,43177.0,0.02916535638944617,60.23716834060699,-0.9585726223383522,-0.1258152400941665,57,0.5599350911813152,0.5948982587229631,0.11685336474495524,60.23613338540809,-0.8571314857975169,-0.1198829377292292,0.5604393440150381,0.5955983180492247,0.11755021276928997,284.9246374337996,0.0
20.642,42970.0,0.021563729274306737,60.145949163566065,-1.021196243606411,0.14800519710253868,57,0.554262340001729,0.5920715363259559,0.11756355140862054,60.165646420799455,-1.0099892217891708,0.2413484812625603,0.5530373014297306,0.5911753899993568,0.11829216691893797,284.9246374337996,0.0
20.692,43625.0,0.027882526123562918,59.83679374310196,-0.8677392680289044,0.30669960519384826,57,0.5437297216948068,0.5907507067024594,0.11697420070423159,59.88774311367348,-0.8116207896489795,0.4559332945864063,0.5430896463896128,0.5902907592766857,0.11770664688373149,284.9246374337996,0.0
20.742,43825.0,0.028068318956508975,59.376312195405184,-0.8995132060750286,0.25626726595636706,57,0.5363350620145629,0.5901105589475598,0.11619588471068844,59.444100177361314,-0.818205835656764,0.38627626764445816,0.5349060028374988,0.5896276317567437,0.11652453806508162,284.9246374337996,0.0
20.792,43887.0,0.036032542974515545,58.83242918509308,-0.871229566278871,0.30210588813781064,57,0.5258922828352878,0.5866455466167285,0.11346449299748543,58.980126958230066,-0.7941119211308235,0.38860621027539377,0.5261199056285306,0.5862714320806868,0.11458850953193495,284.9246374337996,0.0
20.843,44407.0,0.031185805877685626,58.513195171215784,-1.0443495893847246,-0.0014053115148003471,57,0.5171068248842102,0.5863083571378269,0.10990989943033137,58.601714701149795,-0.8999032966119694,0.1627327892658054,0.515376226674273,0.5856859846973321,0.11028345650264024,284.9246374337996,0.0
20.893,45143.0,0.016643194850503525,58.37418953797824,-1.2195424726416155,-0.44277373970941747,57,0.5007704463239188,0.5862576115917062,0.10257491678781709,58.409918364593764,-1.1753310866101006,-0.30861598892429365,0.4999533109281139,0.5858223221562473,0.10348852157884147,284.9246374337996,0.0
20.943,45528.0,0.018864743711658954,58.38248983856034,-1.3409427941150731,-0.134649287619461,57,0.4909082683966583,0.583803983802178,0.09697458503718022,58.3755258887643,-1.2644420918080672,-0.22412601334790708,0.4889264437265019,0.58296324577296,0.09706291142291516,284.9246374337996,0.0
20.994,45674.0,0.011439580860385823,58.565494764624596,-1.3272739169354046,-0.1811469563593673,57,0.47425221244709165,0.5781302183667234,0.08773997537648369,58.49829391022907,-1.274365416650541,-0.12509867456328044,0.47388094531591457,0.5779921497385339,0.089182892071315,288.8170055461683,0.0
21.044,46080.0,0.016519825210602464,58.814819108577524,-1.5238132863906273,-0.3078750531133905,57,0.4604897173978579,0.5752215449114988,0.08085533906086409,58.73706295710223,-1.3142079304797138,-0.3285835760336119,0.4576621921803972,0.5739790237464044,0.08064215258598799,288.8170055461683,0.0
21.094,46650.0,0.002333158887208517,59.18929154489711,-1.201664662319532,0.011984865504199688,57,0.43458276072233953,0.5759755400284995,0.07079329626925633,59.09377537547346,-1.4200454556330053,-0.04643275770520897,0.4318800922678466,0.5753615841834727,0.07116106268986885,288.8170055461683,0.0
21.145,47217.0,0.0367338245753712,59.541367382765706,-1.2154827218804263,-0.11932323662748341,57,0.41572224468847824,0.5797252384187903,0.06428476504328838,59.446714243744275,-0.9945506418318071,-0.05967238489532522,0.411760308435193,0.5792908986264238,0.06365407860950673,288.8170055461683,0.0
21.195,47671.0,0.008908067302519333,59.872250076031165,-1.2233452659550674,-0.44309475256132647,57,0.3825953219711305,0.5904713768676096,0.055104764941984866,59.74710726548948,-1.3318781762274265,-0.346542039556961,0.38086371698655175,0.5899441938877642,0.05538451160240935,288.8170055461683,0.0
21.245,47584.0,0.02280098851760161,60.412150876511724,-1.0643985064365642,-0.1273850683170025,57,0.3596437511420288,0.6002765529453953,0.049831246501974256,60.260737637421485,-1.0923216163820557,-0.1434506531514991,0.3551437979591485,0.6008684150155766,0.048995019213048815,288.8170055461683,0.0
21.296,47390.0,0.03645484225178712,61.03123970993101,-0.9231221678096128,-0.07211455327497514,57,0.322995075449933,0.6179568010181525,0.042462442089030494,60.85092086564079,-1.0102252686514308,0.1295354875565483,0.32148860133247675,0.6178851492647286,0.04291331184815393,288.8170055461683,0.0
21.346,46990.0,0.02091425210001733,61.94008284824257,-1.2329941498942323,-0.39862524221717033,57,0.2991204496976483,0.6295460749702401,0.03894516700564075,61.683232984021316,-1.2692203857008746,-0.16090626550707604,0.29476454471122615,0.6307306188259965,0.03859250112740946,288.8170055461683,0.0
21.396,46440.0,0.017864804130464106,62.95300618186023,-1.184975439256218,-0.09594114066649588,57,0.2638678513760128,0.6500174347771395,0.03701239324523188,62.67088585098375,-1.2373037447665767,-0.013414129656341452,0.26065439398226276,0.6511697725543589,0.036903326184168805,288.8170055461683,0.0
21.446,45804.0,0.021711533343438668,63.975011030550256,-1.0967539169605613,-0.24531608127909563,57,0.22526929906887247,0.6716185814013256,0.03656673165771998,63.68625738000839,-1.1943899604930521,-0.03730237609572689,0.23375706549551778,0.6672790956922283,0.03701579984484004,288.8170055461683,0.0
21.497,0.0,-4.1468764250457315e-05,65.00161775928133,-0.7133788286805874,-0.4002324709259383,57,0.2043566674036061,0.6826381581763087,0.03550974526896331,64.71592822193415,-0.8253110256372584,-0.3064755047734513,0.20147714841422332,0.6843579532813491,0.033222013139089894,284.22817838192077,0.0
21.547,0.0,-0.00023388867031859105,66.40777149167849,-0.20372355614552684,-0.2877577447368901,57,0.17962133085330056,0.6963824286963203,0.03312530340281781,66.00538775442611,-0.33765225927742737,-0.24785740828395034,0.1859333063050903,0.6940241425724393,0.02867561805020793,284.22817838192077,0.0
21.597,0.0,-0.0008535768617577768,68.10920994519321,0.2125103520712023,0.31432509309471407,57,0.16471939095557903,0.7028088018573827,0.02877419998277212,67.75642357784047,0.1636420650652756,0.25069935943778465,0.16554276713320012,0.7063709105566148,0.023182793836183043,284.22817838192077,0.0
21.647,0.0,-0.0009274723919132145,70.23577032167222,0.07762197162634511,1.334086532300475,57,0.1511794231242311,0.7076803439828779,0.023474237818620534,69.6535757650893,0.18342649573703584,1.1762298709353702,0.15275513470651014,0.7116584744516039,0.01771356126220536,284.22817838192077,0.0
21.698,0.0,-0.0006553899018309153,72.01361967483109,0.08627381040674809,-11.689365715750622,50,0.13330677671928984,0.7141312779854561,0.01729379796016895,71.30784058642818,-0.3128456525813134,-1.4835638487549527,0.135255839226471,0.7183870327588139,0.0122717629565119,284.22817838192077,0.0
21.748,0.0,-0.0005192699326098525,74.92799466968627,24.666137617469182,-29.6140139440306,50,0.11591893005331554,0.7155440337812866,0.012739373073110707,73.84237253222669,26.31501881174635,-32.654484319592704,0.11920948263498017,0.7185829541185809,0.008266765201216872,284.22817838192077,0.0
21.799,0.0,-0.00043688899335429896,82.59957316499172,10.171069351581561,-15.713253873222756,50,0.10685244038549388,0.7116314894319244,0.010388355338406322,81.15231978741453,14.58102164358732,-17.36992391556914,0.10726220002860419,0.7130489343569423,0.004503686965969299,284.22817838192077,0.0
21.849,0.0,-0.00031427142764572246,86.5668195530591,-6.028204699053454,-8.522543842752366,50,0.09720465646397969,0.703801174699319,0.007650229507985536,85.9473178715959,-5.164202547590423,-10.885547173223367,0.10048122096496649,0.7065890753955509,0.001840254215409005,284.22817838192077,0.0
21.9,0.0,-0.00025315086157739585,87.3633540210454,-1.4129513171621848,-0.632464863268627,50,0.09017410675839117,0.6995086860051306,0.006239955201370449,87.44954338145018,-1.3581961871897292,-0.8041144811933298,0.09281255985782241,0.7023639450645495,0.0005177536007748692,284.22817838192077,0.0
21.95,0.0,-0.00019192379291622412,87.35463106166503,-0.7962195219982342,-0.03106561158972199,50,0.08305006374238391,0.6928950211803561,0.004595722678469023,87.36354599868919,-0.9279185103413891,-0.05231039045139714,0.0866655218868033,0.6967755723319463,0.0017981607463048556,284.22817838192077,0.0
22.0,0.0,-0.0001528555495311172,87.28067941022125,-0.5670083953336921,0.09420345508957058,50,0.08016944823857432,0.6880051736853411,0.003748398123976058,87.31391509307169,-0.5853875766495595,0.08602111935759442,0.08201958937196127,0.6895801739180887,0.003031363179134863,284.22817838192077,0.0
22.051,0.0,-0.00011312123493704678,87.25902672555728,-0.5845916393379508,0.23021619192287188,50,0.07531081577318349,0.6838818981406826,0.0027609400503951667,87.2652604588487,-0.5786938224530327,0.1900663608842142,0.07765698728174224,0.6857669985286262,0.0010784150113070847,286.2868594198513,0.0
22.101,0.0,-9.406801049709968e-05,87.15195861142436,-0.3918088899257754,0.11739833894750663,50,0.07227753974011096,0.6809560287285772,0.002251207158361419,87.19810025818744,-0.5185938831618414,0.1851038985565329,0.07318743644598993,0.6819051034334255,0.00032320395178300006,286.2868594198513,0.0
22.151,0.0,-6.67037653314386e-05,87.2179178180492,-0.5184688657120159,0.17693551641106844,50,0.06999678586568171,0.6806421806848217,0.001657799208459391,87.22158008475537,-0.5219966048453569,0.1466759130086934,0.07118213768797045,0.6815052848993134,0.0,286.2868594198513,0.0
22.202,0.0,-5.593252800836455e-05,87.22182377708312,-0.480996898455033,0.06079629456084212,50,0.06770821537379358,0.6817172605091998,0.00135170628345368,87.20447637870703,-0.5245822987649,0.11469885328577727,0.06821428740583736,0.6827147302402693,0.000824111283378103,286.2868594198513,0.0
22.252,0.0,-4.111936754396231e-05,87.17192816127205,-0.49698245697217247,-0.053399269348385875,50,0.06708894522611202,0.6812682525525798,0.0009953456677484086,87.2018433611641,-0.48416323686328383,0.03664613096227974,0.06793534721198688,0.6822009851146644,0.00039296688457749493,286.2868594198513,0.0
22.302,0.0,-3.3767608730936864e-05,87.18568183793771,-0.5134507558678493,0.11591652433551733,50,0.06723019341580497,0.6817855070304273,0.0008114701632169213,87.18433561506853,-0.500958850698609,0.015051923309565167,0.06780714115876593,0.6824081236317163,0.00040451585640456997,286.2868594198513,0.0
22.352,0.0,-2.40885659132312e-05,87.18476250334005,-0.5639963031555726,0.19588813715739392,50,0.06383306751589773,0.6822655712130987,0.00059750791724926,87.18193280081988,-0.48351213199873455,0.04985461671936612,0.06469519392310838,0.6831436081697824,6.126379988101165e-05,286.2868594198513,0.0
22.403,0.0,-1.9987705878995328e-05,87.18489074157154,-0.503793437254043,0.15507697929340158,50,0.06180545385350953,0.6812668094198269,0.00048727549439952833,87.18020941570329,-0.5003605739365408,0.055052921215038624,0.062155074553767405,0.6818103153086951,0.00019437220256531142,286.2868594198513,0.0
22.453,0.0,-1.5077491871505628e-05,87.1892582415902,-0.5083820253136878,0.05430480752750406,50,0.05895942622444429,0.681210885510931,0.00035874870463941234,87.18529880093074,-0.4749102516619279,0.07968835449277041,0.05928421008908242,0.6815877465158666,0.0001466167908294349,286.2868594198513,0.0
22.503,0.0,-1.208134342220765e-05,87.18352393761641,-0.5149392542974893,0.038226380370548235,50,0.05615721118232586,0.6819126590570443,0.00029247065457225433,87.18628301368616,-0.5117909956360666,0.07094769421426518,0.05612015314270856,0.6823614956322147,0.0,286.2868594198513,0.0
22.554,0.0,-8.886339086675477e-06,87.18583562450294,-0.4988904568354451,0.06184053647983236,50,0.05350546137774453,0.6817896882949194,0.00021530380457986055,87.18487494988534,-0.4875707762562569,0.08854449547887505,0.05362180961905753,0.6821408841121066,6.421463352339124e-05,285.45329972341597,0.0
22.604,0.0,-7.028455458946586e-06,87.18535704215967,-0.4653704832115654,0.189225460243977,50,0.05322656260484496,0.6820165422366394,0.00017555246413176204,87.18452304384023,-0.4954750094179961,0.1024318803412018,0.053253352619304244,0.6821345638050265,6.187880623489825e-05,285.45329972341597,0.0
22.654,0.0,-5.084084748384257e-06,87.18163362909957,-0.47717059780953186,0.17346482185611467,50,0.051308646165634075,0.6834156981421052,0.00012928681652649255,87.1834035758916,-0.4962931095578713,0.138943196040314,0.05134803367209653,0.683714674719245,0.0,285.45329972341597,0.0
22.705,0.0,-3.6409513422773997e-06,87.1824223220058,-0.5064288826602589,0.1476945490984487,50,0.05103337218907809,0.6830637899124122,9.524011340768511e-05,87.18111063135368,-0.5085258349874121,0.12515601003315371,0.05085369483250684,0.6831040434426585,0.0,285.45329972341597,0.0
22.755,0.0,-2.9280804917633893e-06,87.18520238689858,-0.5528963399430398,0.09261473611734848,50,0.051307028217288844,0.6833779910732256,7.769579507587036e-05,87.18352755480645,-0.5456034922538974,0.10236934653800003,0.0513624747427841,0.6833815810912831,0.0,285.45329972341597,0.0
22.805,0.0,-2.1298792639492914e-06,87.18565437306033,-0.5222354447609694,0.06428716860077023,50,0.04999459214794084,0.6847777548098039,5.725462117892789e-05,87.18510295210086,-0.515026472368009,0.09307427744538949,0.05027216749045013,0.6848105553128276,3.0056828215581892e-05,285.45329972341597,0.0
22.856,0.0,-1.7484231040892339e-06,87.1857024782465,-0.5312085453118641,0.09511961677015499,50,0.04765493135215227,0.6849475411977937,4.671003977544547e-05,87.1860282414814,-0.5341251472971799,0.09593672663417106,0.0476870964546507,0.685265547164924,3.185981501566643e-05,285.45329972341597,0.0
22.906,0.0,-1.2411284531368893e-06,87.18813651919555,-0.5181070130927141,0.07861819031784449,50,0.04728365157834773,0.6862782854210783,3.442646085007831e-05,87.18741781134293,-0.5147247881973737,0.07969313018905938,0.04712083554707778,0.6861058538746547,0.0,285.45329972341597,0.0
22.956,0.0,-1.0577324497910078e-06,87.19319877595407,-0.49005140043763556,0.053561249432241415,50,0.0464559577016803,0.6873572938854471,2.808338459956176e-05,87.1923470194246,-0.5093217352896491,0.042103037382862675,0.046429204763430584,0.6875272377880842,0.0,285.45329972341597,0.0
23.006,0.0,-7.690748579916416e-07,87.195001829005,-0.5178156091547035,0.005930142165950311,50,0.045309004208848216,0.6853413654141673,2.0692292750485648e-05,87.19350840694638,-0.521877485693238,0.01670997131486382,0.04545169522726769,0.6857687421530083,3.592405380705432e-05,285.45329972341597,0.0
23.057,0.0,-6.068419419701291e-07,87.19239406153073,-0.5189987707387727,0.004193999000279316,50,0.04566160910093714,0.6845130964527559,1.688453489008754e-05,87.19224285408085,-0.5174555655075519,0.00815648496052887,0.04575162994645944,0.6844019277836206,5.65596355568191e-06,285.45329972341597,0.0
23.107,0.0,-4.31251896944393e-07,87.18811094683828,-0.5344529989143416,0.06479983879633898,50,0.044309993032249924,0.6860546019412582,1.2449971837181875e-05,87.19006169764346,-0.5318895751222268,0.03822128754110387,0.04456447626692599,0.6860657068538195,1.6724599618749816e-05,285.5918892391331,0.0
23.157,0.0,-3.718250804419737e-07,87.18804760532119,-0.5752417049266111,0.026229639430336012,50,0.04362830658463003,0.6860538604482095,1.0158576154493415e-05,87.18656402338219,-0.5743083355768734,0.03406423664557163,0.04358963510832256,0.6861406896912579,5.8006163127653975e-06,285.5918892391331,0.0
23.208,0.0,-2.601619711869144e-07,87.18735765279305,-0.5546496202049551,0.07246042523117303,51,0.04430100027635812,0.6876115424877528,7.4887215315673785e-06,87.18828348436476,-0.5351277509270607,0.06004894890812535,0.04370550954764696,0.6874272865699784,0.0,285.5918892391331,0.0
23.258,0.0,-2.2267650318853466e-07,87.18530902838395,-0.5253454392012915,0.06797271056079618,51,0.04447283478347705,0.68819174896269,6.110383031999783e-06,87.18587776618257,-0.5339137556802507,0.0708611908335299,0.044595904454478405,0.6883393025898944,0.0,285.5918892391331,0.0
23.308,0.0,-1.6534376811546164e-07,87.18954469764414,-0.5175963383943922,0.05892795278060534,51,0.04441551795583171,0.6871014504739581,4.5031556051652e-06,87.18878066586386,-0.5208050801662385,0.0610257021372517,0.04437041017233256,0.687576877113357,0.0,285.5918892391331,0.0
23.359,0.0,-1.2954286221949428e-07,87.1858043778662,-0.5282048233961903,0.08056538308215981,51,0.04552972934334388,0.6865513542164853,3.6744030650018676e-06,87.18720935312818,-0.5460958217572263,0.06654247415992652,0.04565806428415041,0.6864069471562229,0.0,285.5918892391331,0.0
23.409,0.0,-9.377377779314491e-08,87.18923831204911,-0.5244193014460136,0.05611230921124675,51,0.0470188555753227,0.6870893476925902,2.7088688345467164e-06,87.18599881256645,-0.5292168058570043,0.07165553118339049,0.04722395397437314,0.6870976763197162,6.560832794989066e-06,285.5918892391331,0.0
23.46,0.0,-7.793205297573385e-08,87.18978367384636,-0.4942398411508646,0.07429880457696632,51,0.04710209900701939,0.6873469306489205,2.210355349074533e-06,87.1921862548174,-0.511224332188294,0.0641057169791074,0.047217840781379306,0.6874650872885447,0.0,285.5918892391331,0.0
23.51,0.0,-5.62601020424947e-08,87.19200262677003,-0.5144218786172924,0.07873954613010264,51,0.04944129096107076,0.6874675621526949,1.6291818769500208e-06,87.19087848118656,-0.5121622020393829,0.07088747362067632,0.04935454177121545,0.6872026736709312,0.0,285.5918892391331,0.0
23.56,0.0,-4.434867167087912e-08,87.1909810893396,-0.484678081522766,0.08109719241195175,51,0.05041689906416229,0.6887108130981575,1.329709797434423e-06,87.19186593887007,-0.4858295270447341,0.07992477279183316,0.050576657002454596,0.6888765717076529,8.71409842043989e-06,285.5918892391331,0.0
23.611,0.0,-3.2659186784749153e-08,87.190512458442,-0.5115893712736218,0.0962140479912785,51,0.05110990258963188,0.6885775951525831,9.80681121471463e-07,87.19106137380446,-0.509967669489195,0.0815268476544727,0.0511798080197551,0.6888608129159605,1.1480499634927158e-05,285.33112661464713,0.0
23.661,0.0,-2.5633893485001274e-08,87.19160728323007,-0.5148959086128492,0.11783853400002944,51,0.051565117741596014,0.6884039545282837,8.006266656623383e-07,87.19118972560311,-0.5227563220011564,0.11436242143099773,0.05173988917027604,0.6884315951117072,0.0,285.33112661464713,0.0
23.711,0.0,-1.9241189007401117e-08,87.18913956909537,-0.5209763533656644,0.11629224478500526,51,0.05295508291576205,0.6898543910909384,5.904974701244386e-07,87.18900302196172,-0.5117063620682626,0.09920249466148837,0.05309416813646951,0.6898465973438482,0.0,285.33112661464713,0.0
23.761,0.0,-1.5754829167573223e-08,87.18902214638548,-0.5295296564181072,0.11228805637511832,51,0.052750883428734914,0.6898720823197261,4.820487912673482e-07,87.18899466854415,-0.5181895311192941,0.11154647337039549,0.0528951844838584,0.690037506116421,1.0320741284280686e-05,285.33112661464713,0.0
23.812,0.0,-1.1631720086832515e-08,87.19075352191449,-0.5076266108330109,0.0864216404951932,51,0.05359728941601863,0.6899872023281617,3.5553512785204847e-07,87.1895981929916,-0.5149111914418495,0.09281107855576476,0.053594425359791135,0.6899370148640581,0.0,285.33112661464713,0.0
23.862,0.0,-9.198259562366398e-09,87.18954229799074,-0.5206311758404806,0.08070092226498884,51,0.05410599681675659,0.6909766092435918,2.9025658326829107e-07,87.19029978547931,-0.5104814026366169,0.08582497114571691,0.05422502362488745,0.6911577197773175,0.0,285.33112661464713,0.0
23.912,0.0,-7.093678077101868e-09,87.18471117588071,-0.5452221797053122,0.08366267525692984,51,0.05321141629319292,0.6922172518308641,2.1408330014194197e-07,87.18721066982734,-0.5418941835030104,0.07396282693658393,0.053319258363049224,0.6924939979968975,1.4239716106098612e-05,285.33112661464713,0.0
23.962,0.0,-5.908343256715238e-09,87.18669233291968,-0.5824819807409127,0.12831468767118648,51,0.054553194363597145,0.6906670703211218,1.7472939686406663e-07,87.18599234069242,-0.5720977980269764,0.12027337064425794,0.054846242630287596,0.6905754822558673,6.708255609263234e-06,285.33112661464713,0.0
24.013,0.0,-4.188918161045208e-09,87.18362639917652,-0.5891479385283787,0.09010668000521792,51,0.057404848858695054,0.6898741442819402,1.2884134901227544e-07,87.18352908419737,-0.5847756577307961,0.09759277388111562,0.05760707527817161,0.6896802946102999,0.0,285.33112661464713,0.0
24.063,0.0,-3.1558487423254865e-09,87.18570006957697,-0.5433074636384594,0.10794338256323788,51,0.05672479342415529,0.6891745500936604,9.501781193932432e-08,87.1857643026736,-0.5540025458389499,0.09635585984393416,0.05735416722258731,0.6900398638553688,1.0498111866566293e-05,285.33112661464713,0.0
24.114,0.0,-2.558531144518316e-09,87.18179374296395,-0.5598933922653045,0.10065614156946893,51,0.05724473277993211,0.6875200760193861,7.755829815771921e-08,87.18251033124233,-0.5551916790607061,0.09698027507977273,0.05742997447444437,0.6874886394282752,7.3942069524533076e-06,285.33112661464713,0.0
24.164,0.0,-1.7688452977411613e-09,87.18261775502125,-0.5521116561221534,0.1504792913071209,51,0.058785175628212165,0.6884783114151489,5.7213548218379527e-08,87.18427459888606,-0.5563591446425785,0.128096967267397,0.05871211724838872,0.6877231603156481,0.0,285.01396547855074,0.0
24.215,0.0,-1.4535576806423836e-09,87.18968814404525,-0.5669764594242593,0.10902934198761369,51,0.05973785448922739,0.6891846701936717,4.671459395069771e-08,87.18770367617567,-0.5494052939757316,0.12004728928732232,0.05973498208905354,0.6892264089780618,0.0,285.01396547855074,0.0
24.265,0.0,-1.0729005310106033e-09,87.19027778358117,-0.580570078117536,0.09777792067120132,51,0.06589815415944152,0.6873846583245478,3.4461109415840494e-08,87.18942688432095,-0.5778634820884412,0.1057388421791817,0.06423804858787403,0.6875869645097942,0.0,285.01396547855074,0.0
24.315,0.0,-8.404136264939792e-10,87.1865731260499,-0.5210647757687823,0.1045636702950502,51,0.06758169871359333,0.6876857144108728,2.814052924592467e-08,87.18754347342795,-0.5359784531568166,0.11064300235553755,0.06802838127167173,0.6876349480096422,0.0,285.01396547855074,0.0
24.366,0.0,-6.49405863192471e-10,87.18893890879174,-0.5668231429375916,0.09152040503380175,51,0.06865138960622914,0.6862868246275959,2.076149600107224e-08,87.18715045993339,-0.5661580580046913,0.08624720651542657,0.06892481956737839,0.6867560370771064,0.0,285.01396547855074,0.0
24.416,0.0,-5.261309762959316e-10,87.1870609876919,-0.5436723736608243,0.08917631004299807,51,0.07015938261673717,0.686276205918617,1.6950679511741157e-08,87.18795064365379,-0.5495020689364833,0.09627863139821606,0.07037332172244055,0.6862240355867363,1.2572815345776552e-06,285.01396547855074,0.0
24.466,0.0,-3.9364770545497414e-10,87.18647117562442,-0.5767137215454377,0.05059329569238591,52,0.07034632467614742,0.6876865991360975,1.2500725596388069e-08,87.18523139133836,-0.5675801258616149,0.0497737457137658,0.07064451122296446,0.687528455220087,0.0,285.01396547855074,0.0
24.517,0.0,-3.289990217788043e-10,87.18580639113482,-0.5755756724171402,0.03845918228605159,52,0.06978026154557915,0.6864904432644564,1.0203847275134573e-08,87.18546485282472,-0.5779626356055869,0.04300923862543602,0.06995201505484058,0.68660673157859,1.1389359409403572e-05,285.01396547855074,0.0
24.57,0.0,-2.2756113500984617e-10,87.18595390079585,-0.5620691886886222,0.07550940505855633,52,0.06948498857543886,0.6874671375785527,7.52751993049167e-09,87.18586597821754,-0.5624275394139568,0.06875555770742567,0.06943094946532462,0.6875160176764679,0.0,285.01396547855074,0.0
24.621,0.0,-1.8322490601595734e-10,87.182999733702,-0.5585415086553396,0.09286142123792013,52,0.06930300726269821,0.6889892862892673,6.146453867055491e-09,87.18453569637147,-0.5578268591867315,0.09786478383093673,0.06926347019600221,0.6892023054544251,0.0,285.01396547855074,0.0
24.671,0.0,-1.3966422242288896e-10,87.1846293309314,-0.5854024408963284,0.04670045249981363,52,0.06927203311078305,0.6884672890406366,4.535078806161631e-09,87.18338441018028,-0.5785618216758462,0.05838581343692593,0.06938920976450486,0.6886594763378877,0.0,285.01396547855074,0.0
24.722,0.0,-1.1977220955769902e-10,87.18325556472264,-0.5322976041268421,0.0697553622558565,52,0.06969416290838805,0.687925668964562,3.7020464028879255e-09,87.18355611973774,-0.5456754657837184,0.08481783615933836,0.0698506561568152,0.6879351357886769,0.0,284.60027879899116,0.0
24.773,0.0,-8.553509956724038e-11,87.18409910694268,-0.49673122984679,0.05652219260719914,52,0.06783242391431027,0.6874398649418145,2.7305658619939315e-09,87.1826619335333,-0.5021230972416275,0.07757604945295708,0.06798426593335118,0.6876588345087071,1.9186631981755094e-05,284.60027879899116,0.0
24.823,0.0,-7.084320139943871e-11,87.18587845201122,-0.5088454499477223,0.0799561802753239,52,0.0663793073130136,0.6853750621290217,2.229009805687357e-09,87.1846111094427,-0.5180391978790975,0.09406464833021413,0.06634737099658314,0.6852505280784185,0.0,284.60027879899116,0.0
24.873,0.0,-5.061887922812594e-11,87.18205899988988,-0.5019576788683822,0.10553530426735322,52,0.06613128264754956,0.6854903167333828,1.6440299089313904e-09,87.18249934205325,-0.5030120202122301,0.09120725946311242,0.06601582874835159,0.685388068573199,0.0,284.60027879899116,0.0
24.923,0.0,-4.0748195823435837e-11,87.18191448532761,-0.5255260012109901,0.08086741713797192,52,0.06420853056978516,0.6856799067094278,1.3422994548807205e-09,87.18117491074916,-0.5261442003403926,0.08306568455257607,0.06401770565491792,0.6857429614683601,0.0,284.60027879899116,0.0
24.973,0.0,-3.149274767599569e-11,87.17802189964844,-0.5328082134514872,0.08841218501155058,52,0.06421211588066668,0.6855032101077932,9.896690538053163e-10,87.17853434253925,-0.538677111138482,0.07340676154279749,0.06410579675162457,0.6854013190077267,0.0,284.60027879899116,0.0
25.024,0.0,-2.3686910322752486e-11,87.17754141576079,-0.5010177102028377,0.07469308323947685,52,0.06431627610819063,0.6876502518750434,7.296601084991953e-10,87.17850752151992,-0.5032768858066899,0.06887767337757825,0.06477752226931412,0.6870016359503005,0.0,284.60027879899116,0.0
25.074,0.0,-1.9077020145090144e-11,87.17650930962367,-0.5181570369001467,0.1002735250043699,52,0.0627966533915063,0.689073151236554,5.954990966230259e-10,87.17835258720294,-0.504527673563455,0.08724283936154469,0.06272750552193096,0.6893574444290523,8.207037823704202e-06,284.60027879899116,0.0
25.125,0.0,-1.364505281647421e-11,87.17576238070605,-0.535744647182515,0.10976101540200121,52,0.06223839395003137,0.6887064823006975,4.3917409023875334e-10,87.17674014255526,-0.5348778061151935,0.10202776842783638,0.06228555728162239,0.6889508102083597,0.0,284.60027879899116,0.0
