time (s),yaw,pitch,roll,battery,acc_x,acc_y,acc_z,gyro_roll,gyro_pitch,gyro_yaw,x (m),y (m),altitude (m),loop rate (Hz),target altitude (m)
0.0,0.44282440683881413,-0.30863765836035234,0.11745103321158791,86,0.004924857523292303,0.0006340683903545141,0.9999614357948303,0.01470785111784935,-0.05559155177474022,-0.8932414725422859,1.3308815002219094,-0.7250594838893654,0.8807775491216423,271.3881591717891,0.0
0.05,0.4445294355274162,-0.33022774394792453,0.11481977442345116,86,0.002758505055680871,0.004171451553702354,0.9916598796844482,-0.2000570084095001,-0.06635221298933029,-1.039634544402361,1.333092585188133,-0.7251076613474627,0.8816732292838179,271.3881591717891,0.0
0.101,0.4438960405949551,-0.30699315329151516,0.13317119930255314,86,0.0034878174774348736,0.006053360179066658,1.0048134326934814,-0.07193951412439346,0.01368700880408287,-0.9122651517391205,1.3338301134653716,-0.7257982319153692,0.8815828170485891,271.3881591717891,0.0
0.152,0.44683158591769817,-0.3027047786442935,0.1094155858197563,86,0.00596755463629961,-0.0021775388158857822,0.9973704814910889,-0.04721403598189354,-0.06998804416656494,-0.8935833722352982,1.3347963611465339,-0.7265662784253324,0.8814077807044925,271.3881591717891,0.0
0.202,0.44483444404612216,-0.31209656214487475,0.11918156058040905,86,0.005646992474794388,0.003928808495402336,0.997592031955719,-0.1493271376132965,0.1240830549955368,-1.0323852524161339,1.336022165774273,-0.7274548330974184,0.8812531208576486,271.3881591717891,0.0
0.252,0.44210903799789997,-0.3000688170747745,0.08371406020905309,86,0.0034978205803781748,-0.0003033390094060451,1.0002293586730957,-0.22836972131729125,-0.16120766308307646,-1.0051003005355597,1.3365766619685016,-0.7276428151744773,0.8811665258886682,271.3881591717891,0.0
0.303,0.43901783516287657,-0.29153175746480875,0.09336024671468146,86,0.0042029982432723045,0.0037560630589723587,0.9993438720703125,0.03719782725572586,0.08873283658027649,-1.0450510047376156,1.3389875648745195,-0.7268496978225537,0.8809504122620946,271.3881591717891,0.0
0.353,0.434899282674297,-0.3176906849704225,0.12907923487374642,86,0.006562954746186733,0.001385755487717688,0.999625027179718,-0.23926862432956694,-0.08799776639938355,-1.076930433511734,1.340177002964112,-0.7274502588859476,0.8807478963240516,271.3881591717891,0.0
0.406,0.4371234935642474,-0.3043747973596579,0.08774801216225234,86,0.00425142515450716,0.0011094355722889304,0.999662458896637,-0.012684182369709016,0.07693929020166397,-0.7201661169528961,1.3413452413845943,-0.7279898893749982,0.8806241840346791,271.3881591717891,0.0
0.457,0.43756642159958825,-0.3036494505125002,0.09207336251578105,86,0.0037440299056470394,0.0005354697350412607,0.9982249736785889,-0.33835969223976137,-0.11744123157262802,-0.9261287450790405,1.3427130607572293,-0.7293029063932449,0.8789474593627342,271.3881591717891,0.0
0.507,0.4369525714943363,-0.3223247808235887,0.08126072759461107,86,0.006518519017845392,0.0013930253917351365,0.9945815801620483,0.09281895205974579,-0.11695998367071152,-1.0569902583956718,1.343533764959573,-0.7304312906312902,0.8778783133744175,285.7155313351499,0.0
0.557,0.43822219679541197,-0.30530077056173166,0.09271630912287243,86,0.004521729424595833,2.81301217910368e-05,1.0037530660629272,-0.1213636110663414,0.08146343175172806,-0.9975655400194228,1.3435525200693688,-0.7318414445047938,0.8766227572343962,285.7155313351499,0.0
0.608,0.43701252988355477,-0.2972983055118651,0.07674476829631276,86,0.006289343349635601,0.0006105275824666023,1.001958966255188,-0.10773206605911255,-0.10447441246509552,-0.9165528863668442,1.3437238505926845,-0.7333995837433693,0.8738486419644844,285.7155313351499,0.0
0.658,0.43790434197937683,-0.2864697042438632,0.12730248614861744,86,0.0016314872773364186,0.004268721677362919,0.9981970191001892,-0.12703966453075408,0.09184813294410706,-0.9716030657291412,1.3445930419030343,-0.7337758764382717,0.8716382324488813,285.7155313351499,0.0
0.708,0.4352491018291636,-0.2702659912907104,0.127678728309451,86,0.0044883848167955875,0.0023422164376825094,0.9990639090538025,-0.06774790688753128,-0.05605467241406441,-1.172046273946762,1.3469816794330272,-0.7341852895784065,0.8674995846871109,285.7155313351499,0.0
0.759,0.4356590560292707,-0.2887920319039643,0.11218215793372767,86,0.0064364089630544186,0.002952302573248744,1.0010970830917358,0.17393108353614808,-0.022640619614720345,-0.8794101253151894,1.3495192155196083,-0.7333722865638131,0.8648430507142498,285.7155313351499,0.0
0.809,0.43871825617069576,-0.2847350765746167,0.13345038691074304,86,0.004665982909500599,0.003477179678156972,0.998981237411499,0.2047569666862488,-0.052322862857580185,-0.8578872680664062,1.353561400982634,-0.7306007419497781,0.8615599096114931,285.7155313351499,0.0
0.859,0.4376314218931942,-0.2841010192276848,0.11309558656050535,86,0.005309975706040859,0.003418596927076578,0.9993352293968201,-0.083964557492733,-0.16998656299114226,-1.0400440506637096,1.3557509796523926,-0.7291410775847582,0.8596057709314856,285.7155313351499,0.0
0.91,0.4390742902642655,-0.28669044995299603,0.12174432984930876,86,0.005028150510042906,0.0042432076297700405,0.9980624318122864,-0.0696956451177597,0.04231335017681122,-0.7686892747879028,1.3597441380020643,-0.726531134295613,0.8577171333864902,285.7155313351499,0.0
0.96,0.43905966517440465,-0.2869490149497184,0.10219319752189239,86,0.004173599183559418,-0.00015680724754929543,0.9977269768714905,-0.28406749024391176,0.09600800070762634,-1.0541568920016289,1.3636969258282674,-0.7236616161343759,0.8579138686211004,285.7155313351499,0.0
1.011,0.43786345876361027,-0.267345021727586,0.11420959954360026,86,0.0027169331442564726,0.004064072854816914,0.9993652105331421,-0.07494512304067612,-0.04718937929868698,-1.034460674971342,1.3715027070746197,-0.7191579181271989,0.858636679664348,285.7155313351499,0.0
1.061,0.43939074637293357,-0.27491625970308786,0.1168211761497494,86,0.00415219459682703,0.0039282022044062614,1.0001784563064575,-0.058414482617378236,-0.010835756735503674,-0.8393584340810776,1.3807574455537275,-0.7136281964442347,0.8600655508270486,285.98827219419064,0.0
1.111,0.4390885073844281,-0.27323633773422906,0.11929515817175623,86,0.004314027726650238,0.004418853670358658,0.999813973903656,-0.2582735206127167,0.06868231836557388,-1.032690741121769,1.3872233424546048,-0.7106480976634756,0.8596872442859946,285.98827219419064,0.0
1.161,0.44175021557923977,-0.27094229327392555,0.13386620617377523,86,0.00390632962808013,0.0009751470643095672,0.9990738034248352,-0.09080741658210754,0.12197290155887604,-0.8222257196903229,1.3936764933604882,-0.7079195678634926,0.8594278927316872,285.98827219419064,0.0
1.212,0.4428753071772254,-0.2849147231905089,0.11803903817041046,86,0.004210935439914465,0.0035792384296655655,0.9991509914398193,0.023111532336473464,-0.10522590782642365,-0.8923053368926048,1.4021532495667632,-0.7041290668137317,0.8579842877411564,285.98827219419064,0.0
1.262,0.4421586505584475,-0.27140953070102247,0.1470191880033736,86,0.0036704111844301224,0.002358190482482314,1.0018409490585327,-0.10166392579078674,-0.17837473955154418,-1.079053483903408,1.4085362645607729,-0.7025404741109257,0.8555763230372919,285.98827219419064,0.0
1.313,0.44130036500635683,-0.2723705161535122,0.12533563588562321,86,0.004844150505959988,0.002799087669700384,0.9985020756721497,-0.1365274126768112,0.11289906296730041,-1.0544136427342892,1.4114629149210618,-0.7028852003828493,0.8537866227137192,285.98827219419064,0.0
1.363,0.4392384078871185,-0.2872148431905861,0.14471586769772474,86,0.0069313026033341885,0.0043366835452616215,1.0000778436660767,0.08264210716485977,0.06448043677806854,-1.040532425045967,1.4140556971707459,-0.7047277305969507,0.8505456521670334,285.98827219419064,0.0
1.413,0.4402223003173219,-0.29120723697879836,0.12672869717596544,86,0.007086312398314476,0.0010588186560198665,0.998827338218689,-0.030087382638454438,0.06609098408222198,-0.8697857111692429,1.4150065059965908,-0.7057620732561039,0.848203224498419,285.98827219419064,0.0
1.464,0.4403149539072966,-0.3015821861239507,0.11170651840587366,86,0.006107947789132595,0.0018148471135646105,0.9997501969337463,-0.017118754902482033,0.09915330055952072,-0.9704799614846706,1.4172765977130781,-0.7073679869262921,0.8439731944521187,285.98827219419064,0.0
1.514,0.4410981135681309,-0.2882276424599734,0.13749191743018696,86,0.0038359228055924177,0.002137659816071391,0.9982446432113647,-0.004249156936863437,-0.12364588137865067,-0.9533001482486725,1.4187417976163277,-0.7085775437414685,0.8411213009181233,285.98827219419064,0.0
1.564,0.44163344480593303,-0.2566762120349008,0.14718089741230347,86,0.004993478301912546,0.002206188626587391,0.9988672137260437,0.2692586694717407,-0.06635372545719147,-0.9490842521190643,1.420174175372121,-0.7088123275896844,0.838537798124157,285.98827219419064,0.0
1.615,0.441869504959043,-0.2624992015336038,0.12744078495736053,86,0.004605575930327177,0.0034327309112995863,0.998936653137207,-0.18584571137428282,-0.08869048413038254,-1.0094006266444921,1.4220994325142324,-0.7072656249539782,0.8373018694404579,289.92216769198865,0.0
1.665,0.44077477359983197,-0.2571232239345886,0.15112398520882028,86,0.00480272201821208,0.00416555255651474,1.0015650987625122,0.14131470665931703,-0.14599031414985655,-0.9322938919067383,1.425515735431786,-0.7021876147289159,0.8356153453148539,289.92216769198865,0.0
1.716,0.43861636065459253,-0.27741406324549805,0.15505753507811207,86,0.003428878728300333,0.0017648707143962383,0.9985689520835876,-0.4247607077598572,0.33375057373046874,-1.1260504722595215,1.426695275037621,-0.6989672638580195,0.8346589723617693,289.92216769198865,0.0
1.766,0.34182674331829815,-0.22989458511468747,0.6532835631031697,86,-0.01195266842842102,0.014265592209994793,1.001412272453308,2.5727701698303225,2.4226127544403075,-2.7898770570755005,1.4263814947947948,-0.6961796620025872,0.8315172247715322,289.92216769198865,0.0
1.817,0.35318274256704335,-0.2624872732526242,-0.03948788245062826,86,0.00438126502558589,0.0030315862968564034,0.9987379908561707,0.12625487790107728,0.7034025469779969,-0.32003772258758545,1.4266514252898987,-0.6927042869312239,0.8307447785791615,289.92216769198865,0.0
1.867,0.35906144887982955,-0.27059053919749076,0.02673369661429492,86,0.0029756079893559217,0.0019557932391762733,0.9978342652320862,-0.3547548438549042,-0.30919665303230287,-0.8802325874567032,1.4269989763688942,-0.6882149653588634,0.8290689299754932,289.92216769198865,0.0
1.918,0.3604624797576648,-0.27330854729300386,0.07928196740617383,86,0.005228161811828613,0.0030947017949074507,0.9968695044517517,0.08752504632472992,-0.007182902844250202,-0.8759850859642029,1.4279060214251322,-0.6841845916730914,0.8285291477856119,289.92216769198865,0.0
1.968,0.35650590393623527,-0.2736786050064497,0.09345216020839582,86,0.005346038844436407,0.002629424910992384,1.0017565488815308,0.03165384278297424,0.15928575191497804,-0.9124492630362511,1.4288035263414007,-0.6776831980330299,0.8290815031621137,289.92216769198865,0.0
2.018,0.3517546929878469,-0.27024353817714836,0.08934658388317786,86,0.0011881259270012379,0.003318724688142538,0.9926665425300598,-0.571459540271759,-0.4256708344459534,-0.6759742498397827,1.4291034910493607,-0.6725336699878735,0.8302660670121524,289.92216769198865,0.0
2.068,0.35777098550424646,-0.24629787256507313,0.09897252505524555,86,0.00044477119809016585,0.002710566157475114,0.9979162812232971,0.16524816200733186,-0.08578109946250916,-0.11531132459640503,1.4282466384462418,-0.6646928926649478,0.8319100506710856,289.92216769198865,0.0
2.119,0.28917647531565965,-0.0897419944728758,0.3854857028538351,86,-0.029468873515725136,0.0658707469701767,1.006150245666504,1.492112806892395,0.9365561882019043,-5.807949066162109,1.4270759756543525,-0.6589779424486673,0.8330074013088639,285.46273735792556,0.0
2.169,0.2702961336488755,0.07555957775988513,0.3245732061455904,86,-0.02820921503007412,0.02980382740497589,0.9979994297027588,0.7515570436477661,0.49000420961380003,11.900436401367188,1.425437149904821,-0.6506776113311461,0.8337437769443147,285.46273735792556,0.0
2.219,0.5640212462670535,-0.0052146875897208095,0.36234352231569444,86,0.015340354293584824,0.002480272902175784,0.9959079027175903,-0.3517861153125763,0.1372190097332001,11.957574844360352,1.4249899636362484,-0.6450310708176312,0.8345526420696934,285.46273735792556,0.0
2.27,0.9930469742051437,0.07230045096548054,0.401589025522692,86,-0.006564170587807894,0.01709546521306038,0.9986609220504761,0.0582674619615078,0.1729146370649338,17.071195602416992,1.4241290845550814,-0.637591171056718,0.8369467677421022,285.46273735792556,0.0
2.32,1.8224687130835675,0.19326880304677527,0.20426343250531817,86,-0.003359535476192832,-0.016204439103603363,0.9954371452331543,1.5520149980545044,1.39939221534729,25.001136779785156,1.422280316195735,-0.6356439612071633,0.8388682079863095,285.46273735792556,0.0
2.37,2.6754807163146035,0.2851247122326684,0.4828770899714352,86,-0.00954339001327753,0.02272028475999832,0.9987648725509644,-0.3591808463573456,-0.407190682554245,32.21539306640625,1.41906628430699,-0.634253806387643,0.8410728551622696,285.46273735792556,0.0
2.421,3.5327950731883724,0.2587216074083623,0.5136921382732434,86,0.005767248570919037,0.006433403585106134,1.0015418529510498,0.6457875286102295,0.8025298992156983,39.08390808105469,1.414469750045199,-0.6368168103359046,0.8422586528361493,285.46273735792556,0.0
2.471,4.520063456030926,-0.048692362255089494,0.2644293793655491,86,0.02406221255660057,-0.0182575024664402,0.9989640116691589,0.26695405588150023,0.6835315505027771,27.833852767944336,1.4103066968374742,-0.6389946501211393,0.8419748839037252,285.46273735792556,0.0
2.521,5.47836519786176,-0.18537836294577265,0.02402225977425156,86,0.015459123067557812,0.003137691877782345,0.9938634037971497,0.5809438143730163,0.5314042249679566,37.75558853149414,1.3982744385797305,-0.6505911339229826,0.8420671191853132,285.46273735792556,0.0
2.572,6.438990158949653,-0.12689506151800956,0.07226967098545789,86,-0.010011697188019753,-0.00844656489789486,0.9958633780479431,-0.7666625465393067,-0.48045534100532533,51.07744598388672,1.3881548928713916,-0.6610398439951155,0.8426186306759362,285.46273735792556,0.0
2.622,8.065853651704275,-0.16257753460000537,0.09984770452509689,86,0.0028603035025298595,0.02377491071820259,1.0003358125686646,4.468975595092774,4.406017152404785,48.69138717651367,1.374581797830911,-0.6746524138980705,0.8429144865814762,285.46273735792556,0.0
2.673,9.682704558885556,-0.2918164028453455,0.23291540365793223,86,0.026534730568528175,-0.01032848097383976,0.9909960627555847,-7.320125528717041,-7.369442613983154,36.977294921875,1.3672142767186812,-0.6812396827978515,0.8418432516457921,287.3204548568297,0.0
2.723,10.768980567023721,-0.8582076642505571,-0.26053229087578034,86,0.03837306424975395,0.00925085972994566,0.9980142116546631,-0.2644693340301514,0.3346908668041229,10.171789169311523,1.3559689051133028,-0.6911556543601626,0.8404934391533484,287.3204548568297,0.0
2.774,11.081301206447593,-0.7313515985704883,-0.05287910734213574,86,-0.004646291024982929,-0.015013698488473892,0.9899842739105225,0.272509238576889,0.37945332918167113,13.109014511108398,1.3467168529748559,-0.7005188270986428,0.8403280299744527,287.3204548568297,0.0
2.825,11.544673233515205,-0.41089286414773446,0.020443025160616524,86,-0.010221113450825214,0.008036184124648571,1.0055453777313232,0.25506447896957396,0.20296832714080812,5.1154561042785645,1.3344763370813673,-0.7142204078445207,0.8387246613981035,287.3204548568297,0.0
2.875,11.840436449428427,-0.265666512284074,-0.04713408677440754,86,0.0002219603629782796,0.003925491124391556,0.9967278242111206,-0.40740750088691713,0.2226517477989197,5.868092060089111,1.3286424878220826,-0.7217550072852827,0.8373696756455483,287.3204548568297,0.0
2.925,12.17334885212023,-0.0903227580678373,0.16909730222880437,86,-0.012406968511641026,0.0037188942078500986,1.0006749629974365,0.16779621586799623,0.12448742780685425,12.26793098449707,1.3223778402179118,-0.7324401070337303,0.8354384979433137,287.3204548568297,0.0
2.976,12.67728081022578,0.0612418046679468,0.496572963676547,86,-0.007242371793836355,0.04328631982207298,0.997713565826416,0.08668921784162521,-0.0008623415619134901,20.237220764160156,1.3156358122112832,-0.7454236160205862,0.8347703981455425,287.3204548568297,0.0
3.026,13.560653615690892,0.29575928935087714,0.7818238940180898,86,-0.018720515072345734,0.017555149272084236,1.0044394731521606,0.7422877465248108,0.900025931930542,32.150291442871094,1.3095172133972695,-0.7639866616421255,0.832270348784886,287.3204548568297,0.0
3.076,14.688057318825319,0.07523010371734498,0.5552381165744469,86,0.023491255939006805,-0.011637757532298565,0.9987766742706299,0.6578680191993713,0.500393478012085,32.68300247192383,1.3097671791412655,-0.7725091254743175,0.8291884201415475,287.3204548568297,0.0
3.126,15.34841121650681,-0.13694981804682207,0.26743904833582105,86,0.004119914025068283,-0.0049885897897183895,1.0042834281921387,-0.2880373682022095,-0.2319405546426773,28.789318084716797,1.3135648360491148,-0.7816860853554319,0.8223614189542888,287.3204548568297,0.0
3.176,16.44252844528622,-0.3897885806585647,-0.083019419347642,86,0.02907351404428482,-0.015726225450634956,0.9933624267578125,0.5812067900657654,0.4225396195411682,20.753345489501953,1.3170500570470924,-0.7864207068542236,0.8153879758544852,287.3204548568297,0.0
3.227,16.91282394437878,-0.5554182046042834,-0.14628328789856074,86,-0.004124487284570932,0.018086493015289307,0.9974021911621094,0.20059893176555635,0.2749713340759277,9.853515625,1.3223073936771468,-0.7902793827537556,0.8028727947812356,290.4039327009624,0.0
3.277,17.26626802540459,-0.34615007548273957,0.08598796372482814,86,0.015784503892064095,-0.009660196490585804,0.9893571138381958,-0.1878635521173477,-0.15467493441104888,16.157827377319336,1.3276888177727777,-0.7878334431737666,0.7958227058321694,290.4039327009624,0.0
3.327,17.991088183044944,-0.06889709951184068,0.4509967296835751,86,-0.022954469546675682,0.040547847747802734,0.9993473887443542,0.054405777609348296,0.46464481744766234,27.410825729370117,1.3357982928805794,-0.7794423190379894,0.7865359784967962,290.4039327009624,0.0
3.378,19.511896595187196,0.054520725888561654,0.5314471372965526,86,0.008345996029675007,-0.004644067957997322,0.9999058246612549,-1.3354002918243408,-1.0052789768218995,46.807254791259766,1.3430311624347542,-0.7706631000668747,0.7770396962277865,290.4039327009624,0.0
3.428,19.887819189084215,-0.6987651860289514,-0.43974773591913374,86,0.022970903664827347,0.007232883479446173,1.002044677734375,0.5424605523109436,0.7955160418510437,8.350167274475098,1.3487086793220628,-0.7628702650494161,0.7717210203152384,290.4039327009624,0.0
3.479,20.123832459045623,-0.5171512046449266,0.13733546843232705,86,0.009609866887331009,0.03346991539001465,1.016661286354065,-3.884767004394531,-3.9785861095428467,15.097297668457031,1.35456019117499,-0.7556762034256879,0.7660502415898632,290.4039327009624,0.0
3.529,20.70489358332296,0.08688114155075612,0.7828448090296956,86,-0.0448671318590641,0.056612975895404816,0.9994165897369385,0.011137822537124156,0.2419560382127762,44.15314483642578,1.3662336194844722,-0.7427747790422763,0.7590376872440444,290.4039327009624,0.0
3.579,22.259847217223307,-0.062052481318979794,0.4212705020364571,86,0.046401530504226685,-0.042910024523735046,0.9673328399658203,0.6386578594207764,0.9313692131996155,36.19731521606445,1.3759482724039782,-0.7313463843782827,0.7516855822157648,290.4039327009624,0.0
3.629,23.046642548303907,-0.2904584831924798,0.2540418879173477,86,-0.003385156160220504,0.026080818846821785,1.0012823343276978,-0.13884342565536498,-0.3686395606040955,26.00609588623047,1.3811433592334603,-0.7250397910886557,0.7465882607488319,290.4039327009624,0.0
3.679,23.98463384932098,-0.2965686157285546,0.08752286398030586,86,0.018276158720254898,-0.01354427170008421,0.9891306757926941,-0.22739679470062255,0.034889323449134826,19.25244140625,1.3894123724533372,-0.7144917129732091,0.7410463615105503,290.4039327009624,0.0
3.73,24.373163756219824,-0.4835607806112802,-0.13766748216009236,86,0.0004500778450164944,-0.0008386764675378799,1.0003607273101807,4.725567868804932,4.681640950775146,6.968775749206543,1.3960221633677405,-0.7075015451531618,0.7378222267878767,290.4039327009624,0.0
3.78,24.673856670258182,-0.36024579780079896,0.21299496805746254,86,0.006461723241955042,0.02759515680372715,0.998202919960022,0.33557259187698363,0.4264052191734314,13.282487869262695,1.4075774598752362,-0.6956517137803878,0.735127795232388,284.05146959230666,0.0
3.831,24.881260711982407,-0.33470792453350373,0.3297411380499809,86,-0.006987640634179115,0.008962854743003845,0.995912492275238,0.332983932352066,0.3187904635429382,8.112589836120605,1.416590700808601,-0.687024150928171,0.7337812237071387,284.05146959230666,0.0
3.881,25.188722909231117,-0.3389504475138753,0.3615474298996935,86,0.022260386496782303,-0.00375437643378973,0.9992778301239014,-0.3781892146110535,0.1704637685775757,1.2760734558105469,1.4287351958154662,-0.6740893331247156,0.7328850757177952,284.05146959230666,0.0
3.932,25.279779019023835,-0.39321915944481023,0.34013345463452316,86,0.016156090423464775,0.01459200493991375,0.9853914976119995,-0.8551949347496033,-1.6828496774673463,3.7204360961914062,1.4368965348157685,-0.6651487432561373,0.7331445233423316,284.05146959230666,0.0
3.982,25.381116771392684,-0.3658519677025102,0.3413708239430143,86,0.006331716198474169,-0.00449043232947588,1.000510811805725,-0.08084204896688461,-0.11434507575035095,2.952801465988159,1.4475229372119252,-0.6531740502807127,0.7326026716185904,284.05146959230666,0.0
4.033,25.38746311897836,-0.24795436758574244,0.3307505021994252,86,0.005170884542167187,0.01057891733944416,1.0083836317062378,0.061700089728832244,0.094896158015728,-1.5795105695724487,1.4539174021472934,-0.6455935906005663,0.732082518467188,284.05146959230666,0.0
4.083,25.484703828644758,-0.1741736735950064,0.34720852315778505,86,-0.0014036677312105894,0.0030043988954275846,0.996907114982605,-0.4188085283279419,-0.4876020571231842,10.93840217590332,1.4637989851033022,-0.6343745775613413,0.7315291121572887,284.05146959230666,0.0
4.133,26.468499243886487,-0.129213426874665,0.5496929539287783,86,0.01364859938621521,0.0056058806367218494,1.0043249130249023,-0.9462484802246094,-0.975753994846344,32.61341857910156,1.469158804765393,-0.6283400609824553,0.7308655284643394,284.05146959230666,0.0
4.184,27.18646470890821,-0.3271467155523286,0.4508606259668721,86,0.023111499845981598,-0.0041309744119644165,1.0069997310638428,0.5347056303977966,0.5043070593833924,15.954263687133789,1.4765466252806625,-0.6174737076988273,0.7322721187968118,284.05146959230666,0.0
4.234,27.886199952549262,-0.05267084403123078,0.5342090326271675,86,4.078493657289073e-05,-0.007876400835812092,1.0041605234146118,-0.9323626841545105,-0.7854922136306762,26.577116012573242,1.4810270928194103,-0.6107382408157054,0.7338222104852488,284.05146959230666,0.0
4.285,29.190950441118208,0.24096624111155152,0.8624205157815559,86,-0.01490744948387146,0.0006642067455686629,1.0012611150741577,0.8156468783378601,1.0159886756896972,60.48002624511719,1.48771167465906,-0.6020118497291054,0.7379145702996689,284.90042113843225,0.0
4.335,30.930498194928454,-0.1815109673071285,0.32191737354945477,86,0.039301883429288864,-0.018584126606583595,0.9920253753662109,-0.4628093327522278,0.25354966316223143,57.73183059692383,1.4926483487370312,-0.5974271131777854,0.7404105068037371,284.90042113843225,0.0
4.385,32.69990972517227,-0.21847153351711462,0.5628436608853489,86,-0.03675258904695511,0.029200270771980286,1.0004189014434814,1.9913399730682373,1.8446455875396728,74.53067779541016,1.49987921309403,-0.5907439128544505,0.7448791673962022,284.90042113843225,0.0
4.435,34.6435966500252,-0.33451767181017567,0.3261244348824072,86,0.04337676241993904,-0.01302676647901535,0.9972913861274719,1.3538027320861816,0.8156869688987732,81.73052978515625,1.5057869007198412,-0.5858471915150925,0.7493888215370996,284.90042113843225,0.0
4.485,36.557844604085766,-0.4422989061748181,0.3541275440933333,86,-0.008604573085904121,0.011235109530389309,0.9978747367858887,-0.3327901746273041,0.10252108219861984,63.63098907470703,1.5149901441970397,-0.5803100420596069,0.7558857830113515,284.90042113843225,0.0
4.536,38.25400063623638,-0.45333493987639856,0.08946177285998995,86,0.006442998070269823,-0.03432215005159378,0.9970597624778748,-0.04207027807235718,0.2266248146057129,38.001686096191406,1.5208491971049316,-0.5789682796382603,0.758875674516213,284.90042113843225,0.0
4.587,38.99558234367436,-0.3339330309883069,-0.05553485745729299,86,-0.005008423700928688,0.02116294577717781,0.9936056137084961,1.6417499099731445,1.3119152465820312,29.542556762695312,1.5273234583937318,-0.5765077030959351,0.762410989791117,284.90042113843225,0.0
4.637,41.12390044591523,-0.21560911491966536,0.563647726017834,86,-0.01751222461462021,-0.010453537106513977,1.0057319402694702,-0.16500697388648985,-0.22562669422626494,76.27359008789062,1.5318135189676503,-0.5743374676108087,0.7633710606766786,284.90042113843225,0.0
4.688,43.4678404893661,-0.25546820081225935,0.5602127508127112,86,0.026443948969244957,0.04234403744339943,0.9916207194328308,-0.3728650893211365,0.4461498239994049,77.41580200195312,1.532250594246419,-0.5728108281164741,0.7624691261879596,284.90042113843225,0.0
4.738,45.952692342513224,-0.2505737084446485,0.8305447030946784,86,-0.017137883231043816,0.011437531560659409,0.9982075691223145,0.1048665781378746,-0.1353082975387573,108.4625015258789,1.530326139605906,-0.5705539022057012,0.7587068016274817,284.90042113843225,0.0
4.789,48.74160865718877,-0.18782454483933225,0.20973986014324653,86,0.008123290725052357,-0.03856358304619789,0.993768036365509,0.7736972485542297,1.1618114391326904,76.00922393798828,1.5278969760403895,-0.5692933296550956,0.7552120478429772,284.90042113843225,0.0
4.84,49.707125498782645,-0.20681685169875239,0.08055514658700334,86,-0.0010463836370036006,-0.010362406261265278,1.004347801208496,0.10784681037664413,0.3563714304924011,6.328367233276367,1.523670108110787,-0.5701201091006434,0.7499758090915223,284.5525101763908,0.0
4.89,50.17106051818936,-0.029850733327997432,0.5270811174050771,86,-0.017021657899022102,0.02961546555161476,0.9981250762939453,-0.8362043584823609,-0.5781120976448059,34.559654235839844,1.5160202531629594,-0.5687733186315086,0.7406683812564125,284.5525101763908,0.0
4.94,50.92164653991003,0.016811360065748824,0.6892294774512867,86,0.0022579613141715527,0.010898412205278873,1.0018436908721924,0.030614393657445907,0.1967074552536011,49.098812103271484,1.5116009853792431,-0.5695046387522159,0.7333335309773741,284.5525101763908,0.0
4.99,51.56177241304386,-0.04662689105084421,0.38993034761193873,86,-0.020841587334871292,-0.012713523581624031,1.0030046701431274,-0.18575818195343016,-0.3841993531227112,18.78072738647461,1.5073705989443384,-0.568100333656956,0.7239714684946259,284.5525101763908,0.0
5.041,52.15116583364538,-0.5395352030114638,0.19141806197890354,86,0.12420004606246948,-0.03347519040107727,0.9890599846839905,1.0916137014389038,1.9893093982696533,0.0776437520980835,1.5030573115390995,-0.5672856148902022,0.7136055087990634,284.5525101763908,0.0
5.091,52.155368473007684,-0.4716046901420499,0.1438083410327121,86,0.010864234529435635,0.012790117412805557,0.9880959987640381,0.20617609367370607,0.5559863725662232,-0.6159517168998718,1.4996222910206125,-0.5656355552188718,0.7082025947351714,284.5525101763908,0.0
5.141,52.158107229120425,-0.4260074311940935,0.2393248620119397,86,0.007539617363363504,0.012601986527442932,0.9970433115959167,-0.30647490277290346,-0.5231736024856567,-1.3444721698760986,1.491648946110919,-0.5669573872773119,0.7011537152979833,284.5525101763908,0.0
5.192,52.164282124268084,-0.4320264632394876,0.28652921330426256,86,0.00919438898563385,0.005764211993664503,0.9995659589767456,-0.19438935174942015,0.3961774984359741,-0.7355635762214661,1.4814625416081322,-0.5732509174625008,0.698345992758077,284.5525101763908,0.0
5.242,52.16500420479597,-0.4457259988083117,0.348276822950103,86,0.008181964047253132,0.00893445499241352,0.9976280331611633,-0.2920560325622559,-0.23416438903808592,-1.1879056692123413,1.4609629508969355,-0.5898195259471174,0.6985877654116667,284.5525101763908,0.0
5.292,52.16162801641165,-0.438177696547245,0.3722019135897941,86,0.00736815482378006,0.007326581049710512,1.0005961656570435,0.12305620954036713,-0.12268880959749222,-1.1114297956228256,1.4459749452481618,-0.6014569877540252,0.7002059950496551,284.5525101763908,0.0
5.342,52.160334735344506,-0.40911530912961347,0.3761701907421302,86,0.006392091978341341,0.008321207016706467,0.9978888630867004,0.057830969697237014,0.005972638538479805,-0.9603909887373447,1.4263396684204075,-0.6151154180706132,0.7046745740789868,284.5525101763908,0.0
5.393,52.160621356180954,-0.42776391467118174,0.4035269109794776,86,0.006661738734692335,0.008421923033893108,1.000030755996704,-0.27912492408752443,0.006772966867685318,-1.0114183267578483,1.4167849562562957,-0.6203946253200714,0.705646790281198,281.28924954731406,0.0
5.443,52.15796239295636,-0.41717530165879224,0.4257865776944417,86,0.0060332459397614,0.005875987932085991,0.9982783198356628,-0.26661095871925355,-0.026290092805027962,-1.2824686765670776,1.4061503957935713,-0.6234147088206234,0.7056547852413741,281.28924954731406,0.0
5.494,52.15669140348795,-0.41007956154287184,0.45606141327383337,86,0.008206675760447979,0.009375512599945068,0.9973118305206299,0.10270015046596527,-0.006759243972226978,-1.0153864994645119,1.4001754344439161,-0.6254817608679729,0.7043898062431119,281.28924954731406,0.0
5.544,52.15540245082327,-0.413695727650704,0.4580186639479076,86,0.007120695896446705,0.008549727499485016,0.9994609355926514,-0.0021862661127001045,0.01137239839732647,-1.0711586847901344,1.3923215120062524,-0.6277426956225044,0.7030427712699419,281.28924954731406,0.0
5.594,52.157374289440305,-0.42332345080277356,0.4426747932888389,86,0.0064150807447731495,0.007591974455863237,0.9993429780006409,-0.2015533532142639,-0.08440315928459168,-0.9682919383049011,1.3860685716260073,-0.6310764977991452,0.7010285827052805,281.28924954731406,0.0
5.645,52.1586105668147,-0.428756361552769,0.43173161174552016,86,0.006570740602910519,0.007188834249973297,0.9986145496368408,-0.16304121270179747,0.12967997584342958,-1.05925615131855,1.3772685283690567,-0.6346889872403457,0.6977785758774403,281.28924954731406,0.0
5.695,52.160310650695855,-0.4108229474472663,0.43846056175916515,86,0.005074674263596535,0.008963383734226227,0.9980431199073792,-0.18764614417552947,-0.04769929330945015,-1.0649261623620987,1.3716987499129438,-0.6359542994213996,0.6962804220974793,281.28924954731406,0.0
5.745,52.15802536930007,-0.39680828036264304,0.43641401376467404,86,0.004837732762098312,0.0067028566263616085,0.998265266418457,-0.042795808160305024,-0.010233424791693688,-1.0079242577776313,1.3635608760112787,-0.6369441006875841,0.6953268452681187,281.28924954731406,0.0
5.795,52.14725195204806,-0.3904957700098532,0.43564153074970374,86,0.0059924861416220665,0.007267937529832125,0.9968083500862122,0.12426545367240906,0.27729567680358885,-1.631600797176361,1.3578997628045484,-0.6369647233588538,0.6945880751476253,281.28924954731406,0.0
5.846,52.152144981158415,-0.40123179673328285,0.44594160225992546,86,-0.004093962721526623,0.018294639885425568,0.9952583312988281,0.5434186373710632,1.5687168518066406,0.2522786855697632,1.3476846887053173,-0.6379734431160368,0.6940764871703355,281.28924954731406,0.0
5.896,52.16137524767618,-0.4117293220777539,0.408698296873216,86,0.010642904788255692,0.0005827503628097475,1.0005123615264893,0.21318071231842042,0.7789874354362488,-0.6321218907833099,1.3400366468090328,-0.6400108738496838,0.6933716939220629,281.28924954731406,0.0
5.946,52.1701065279006,-0.4939313810829066,0.3649674217034944,86,0.030129406601190567,-0.007372480351477861,1.0036636590957642,3.4790525947570803,3.253975717163086,4.08561897277832,1.3270984890653277,-0.6453754370071926,0.6917375110492049,284.12843788104595,0.0
5.997,52.27427238065942,-0.4527329170081295,0.535049560445464,86,0.0106534194201231,-0.004161103628575802,1.0228139162063599,1.119745782470703,0.12259682807922363,-1.0991040840744972,1.3138456489265968,-0.6507214458227191,0.6901021326587653,284.12843788104595,0.0
6.047,52.2784365485474,-0.3190423386084947,0.5386236674188488,86,0.013341817073523998,6.639525963691995e-05,1.0033315420150757,-0.04301162540316582,0.3879382291793823,-0.6145144402980804,1.304177997585213,-0.6552542324658411,0.68911062350844,284.12843788104595,0.0
6.097,52.713091349168224,-0.6462349693290604,-0.0068480076051569095,86,0.01711464487016201,-0.019284948706626892,0.9867143630981445,-1.2997014011383057,-1.348904403114319,21.074790954589844,1.2892416410145442,-0.662557574592953,0.6886963120073685,284.12843788104595,0.0
6.148,53.90691653258813,-0.6237262591910884,0.2325428241040545,86,-0.0010196224320679903,0.01276684645563364,1.0023361444473267,0.18382511184215547,0.6900441328048706,46.95169448852539,1.2810404741187584,-0.6654459357856267,0.688774588125233,284.12843788104595,0.0
6.199,55.3375102817235,-0.38441099535077794,0.6666717229452122,86,-0.003216032637283206,0.03009238839149475,1.0045033693313599,0.1309686218261719,0.6606855669975281,42.504459381103516,1.27111805427132,-0.6671340441066498,0.6893330675744904,284.12843788104595,0.0
6.249,56.90889084336505,-0.5207903491777516,0.76201503191676,86,0.0114225959405303,-0.013637171126902103,1.0075130462646484,-0.30143834009170534,0.11475224587917328,53.448875427246094,1.264506940805579,-0.6694024514634475,0.6885521197760245,284.12843788104595,0.0
6.299,58.551799324262014,-0.428147777979478,0.548061078041284,86,0.026124514639377594,-0.011122760362923145,0.9941203594207764,-0.11885397239923477,0.25741347465515135,57.679847717285156,1.2539999354156488,-0.6714193611730428,0.6870500991872264,284.12843788104595,0.0
6.35,60.64626387430781,-0.5144666821849084,0.8026099903848214,86,0.00837419368326664,0.040389128029346466,0.9926084280014038,0.824155202960968,0.4343337396144867,59.180564880371094,1.2466293797980772,-0.6726211166251327,0.6856574378085141,284.12843788104595,0.0
6.402,62.086805832836966,-0.10824384133581005,1.136382580586395,86,-0.01755496859550476,0.014916501939296722,0.9984398484230042,-0.08035253837108612,-0.6145230850219726,69.90338897705078,1.235807051742214,-0.6738000120914804,0.6835307243794959,284.12843788104595,0.0
6.453,64.43010792380565,-0.4651284557774326,0.6189495427471562,86,-0.012000222690403461,0.010197948664426804,1.0080363750457764,0.2620209072589874,0.5190470496177674,56.06617736816406,1.2292120282130938,-0.6744002488053378,0.6819131479455924,284.12843788104595,0.0
6.503,66.48666075589323,-0.261383774507029,0.839019232877441,86,-0.009862645529210567,-0.002979967277497053,0.9855148792266846,0.5451373373031616,0.5292424837112427,74.77354431152344,1.2206423761418337,-0.6754646078001488,0.6797497727329023,278.2291210613599,0.0
6.553,69.30711238203631,-0.05956664139917344,0.19610814757849876,86,0.00014081607514526695,-0.02221830189228058,1.005987524986267,-1.125968166732788,-1.3577047904968262,75.53050994873047,1.2166546921135446,-0.6755910165491815,0.6785527691774973,278.2291210613599,0.0
6.604,71.37594387911203,-0.42504131675274676,0.6264652994419191,86,-0.04725237190723419,0.08634700626134872,0.9979126453399658,-0.500382253074646,0.0717039981842041,52.96880340576172,1.2107975805596791,-0.6764233159941737,0.6774568151534339,278.2291210613599,0.0
6.654,74.40174006137286,-0.4870712462176925,0.7541013456378237,86,0.02699876017868519,-0.011208216659724712,0.9941884875297546,0.6641423021316528,0.5173208395004273,82.39554595947266,1.2060667646929197,-0.6784445917490085,0.6760445698840774,278.2291210613599,0.0
6.704,76.58023850092545,-0.4414458573512837,0.6012792589269699,86,-0.013295652344822884,0.030449986457824707,1.005875587463379,-0.8544915999412537,-0.5099624117851257,71.7861328125,1.198506047671695,-0.6805257945824602,0.6743675165315692,278.2291210613599,0.0
6.755,79.04680846069354,-0.34777142307483383,0.375807583474225,86,0.0230873953551054,-0.02302553690969944,1.0003857612609863,0.17621061847209932,0.06323677096366882,87.70329284667969,1.189155130465472,-0.6845182037704323,0.6723833731641022,278.2291210613599,0.0
6.805,80.27936520036283,-0.3964671923980736,0.17757870087397587,86,-0.011861738748848438,0.01821283996105194,1.0040665864944458,-0.1548786695241928,0.18980408999919893,32.37732696533203,1.183093858278137,-0.6865390828158162,0.6719203802482309,278.2291210613599,0.0
6.855,81.50716377701325,-0.37336666888955244,0.4802577247239476,86,0.03417092189192772,-0.02261347696185112,0.9943298101425171,0.7199705158233642,0.8986118713378907,62.583457946777344,1.1779288637599834,-0.689078929886335,0.6707355944179062,278.2291210613599,0.0
6.906,83.99027156813906,-0.17966422501889856,0.395831455324277,86,-0.015229235403239727,0.12187418341636658,1.0094716548919678,-0.26111511244773866,-0.2598589083194733,67.96360778808594,1.1703368167088302,-0.692335196347836,0.6682405148575695,278.2291210613599,0.0
6.957,85.81929517561994,-0.44239132349397375,1.344505118719626,86,0.02153508923947811,0.023340484127402306,0.9939635396003723,0.18843770668506624,0.2815433720111847,69.35726165771484,1.1624835686718078,-0.6969837205525335,0.6674881343579346,278.2291210613599,0.0
7.007,87.44443331399714,-0.35948074937139085,0.6812337743022294,86,0.017123090103268623,-0.029897697269916534,1.0016063451766968,0.5169351612091064,0.37884175572395323,74.82257080078125,1.1564580883212834,-0.7007386087648692,0.6668250321352177,285.6377008989376,0.0
7.057,89.81021075701469,-0.5066759319035488,0.6874434350534794,86,0.055784858763217926,-0.00921505969017744,0.99769127368927,1.3596053634643555,0.4531455317497253,79.48173522949219,1.1455536538621072,-0.7074821277956208,0.666988182497834,285.6377008989376,0.0
7.108,92.68118825303002,-0.4440955403401498,0.36589190718629766,86,-0.026705287396907806,0.028737420216202736,1.000712275505066,-0.6443527425765991,-1.1687281450271607,97.8139877319336,1.1370288404765645,-0.71351468353477,0.6666467744207493,285.6377008989376,0.0
7.158,95.53914797151714,-0.306862068999422,0.7030897301729828,86,0.005594042595475912,-0.0009106214274652302,0.9953464865684509,0.22770699009895326,0.08722286466360092,71.1565933227539,1.1245953305894127,-0.7222055311537267,0.6662331253548777,285.6377008989376,0.0
7.208,96.65787452045241,-0.23223360105556884,0.4746558896171416,86,-0.03951546177268028,-0.00015520294255111367,1.0022846460342407,-1.3534811223983765,-0.5318381508827209,67.18558502197266,1.1180612655282935,-0.7269424716388514,0.665875062773022,285.6377008989376,0.0
7.258,99.53891127913347,-0.08605780855309936,-0.018404633995881572,86,0.035953275859355927,0.004387010354548693,0.9988343119621277,0.2987992678642273,0.3411720672607422,50.879615783691406,1.112204371090252,-0.7294846244136151,0.6643390424913359,285.6377008989376,0.0
7.309,101.12037873351701,-0.013486338921310643,0.021519658854248433,86,-0.0023710881359875202,0.0026687830686569214,0.9973382949829102,0.13611911878585817,0.277859685754776,42.07836151123047,1.1114589056139819,-0.729177719925349,0.6626111162694717,285.6377008989376,0.0
7.36,102.00243916175066,-0.2675334209605229,-0.03012390145463283,86,0.03546074777841568,-0.016737913712859154,0.99195396900177,0.13562788710594179,0.22215331885814668,53.361122131347656,1.1143125473330369,-0.7259514921681808,0.6590489064814735,285.6377008989376,0.0
7.41,103.96154169053884,-0.6115688830486776,-0.11965069190593217,86,0.021433159708976746,-0.025975437834858894,1.0010504722595215,-0.16237827494144438,-0.4015183469295502,95.97648620605469,1.1161993170101336,-0.7235110540143559,0.6569789650729274,285.6377008989376,0.0
7.46,107.36351329783321,-0.9016167087500354,-0.4512360417943773,86,0.037457164376974106,-0.023225173354148865,0.9968936443328857,-0.5525162304878235,-0.6308658441543579,139.72373962402344,1.120503538621,-0.7182999343027142,0.653256069382529,285.6377008989376,0.0
7.511,113.39044667545649,-0.8018526292592124,0.36281624560081255,86,0.022233517840504646,0.01402048859745264,0.9985742568969727,0.0359855097591877,-0.1579754075050354,105.51153564453125,1.125161767303666,-0.7137391129651203,0.6503621004440491,285.6377008989376,0.0
7.561,116.40704786606767,-1.071474535812564,0.39901689894947706,86,0.0015359028475359082,0.004712772089987993,1.0049084424972534,0.5525797520637512,0.36324509773254393,76.72753143310547,1.1321965873430377,-0.7071280074664444,0.6460407321655163,284.49460761039137,0.0
7.611,119.13363866558105,-0.6393951486321772,0.6808526654544644,86,-0.008131327107548714,0.010073776356875896,0.9904904365539551,-0.2175707603931427,-0.7812906822204589,73.71521759033203,1.137692471178721,-0.7032536358861767,0.6432316578742933,284.49460761039137,0.0
7.661,120.59548534054817,-0.72221951206831,0.8232645772208508,86,0.04498923942446709,-0.00568963959813118,1.0005639791488647,-0.6497122730255127,-0.4649512788295746,47.00724792480469,1.1450782061638696,-0.6989280490384059,0.6388786443533488,284.49460761039137,0.0
7.712,123.17517772826871,-0.7092305335800271,0.08925778266506003,86,-0.0033975120168179274,-0.02956313081085682,0.9992910623550415,-0.5813931907653809,0.4909929016590118,112.2256088256836,1.1498244023071336,-0.6972252919658971,0.6367645299911173,284.49460761039137,0.0
7.762,125.53179202565556,-0.804380206593923,-0.030736121879713328,86,0.011582707054913044,0.015485838055610657,0.998558521270752,0.2793382619380951,-0.25000690128803255,125.87576293945312,1.1558614192834478,-0.6989511499357582,0.6340299649671924,284.49460761039137,0.0
7.812,128.71720563142546,-0.9751300055471052,0.0892950526767596,86,0.05591190233826637,-0.0013878385070711374,1.0127613544464111,0.7780163203239441,1.0678549686431884,102.08716583251953,1.159472992262074,-0.7015097897942353,0.6331763827516597,284.49460761039137,0.0
7.863,132.04703260184638,-0.8254291870525721,0.3609294780831928,86,-0.0331343337893486,0.0023871581070125103,0.9982799887657166,0.31867446646690367,0.9025980511665345,115.55411529541016,1.1618633984720075,-0.7096074838518869,0.632876752896285,284.49460761039137,0.0
7.913,134.80221780214063,-0.49139319044780694,0.07899851712794073,86,0.012046164833009243,-0.009952659718692303,0.990956723690033,0.9376867328643799,1.061078039741516,90.53682708740234,1.1623822655668343,-0.7211163541283144,0.6314665589680925,284.49460761039137,0.0
7.964,136.54542341047684,-0.650226101406836,0.6424750075393,86,-0.008765418082475662,0.01324740331619978,0.9964748620986938,-0.12117596074342728,0.2613362649440765,43.014625549316406,1.162664409557645,-0.7292366038867861,0.631115932609573,284.49460761039137,0.0
8.014,138.78107643513846,-0.6602890671367341,0.3674161435776032,86,0.030549444258213043,-0.012797811068594456,0.9950422644615173,-0.852685400390625,-1.1459960063934327,51.02800369262695,1.1598364474645095,-0.7396732581351579,0.6274650886189728,284.49460761039137,0.0
8.064,140.85306921567152,-0.5102751992970681,-0.04763287745427786,86,-0.0029588418547064066,-0.01816415973007679,0.9860142469406128,1.339150479888916,1.258534995651245,85.3494873046875,1.158963501828685,-0.7457281039760275,0.6244376601643356,284.49460761039137,0.0
8.115,144.14253792283546,-0.8328036440637734,-0.10061572397706428,86,0.02057999186217785,0.014269637875258923,0.9891274571418762,2.793284467315674,3.276195136642456,83.02005767822266,1.1585823209257315,-0.754047992456821,0.6199743588094233,283.3606269423051,0.0
8.165,146.76761152733945,-0.5945157729218017,-0.34276671559710303,86,-0.009312188252806664,-0.04289506748318672,0.9913167357444763,0.6576630388259888,1.0242654958724975,103.61693572998047,1.1598728486623884,-0.7590664964279547,0.6174643567880626,283.3606269423051,0.0
8.215,151.47651308345726,-0.5577425296373618,0.17966932867124255,86,0.01290533971041441,0.04794642701745033,1.000974416732788,-1.0685867752075195,-0.7891788801193237,95.92088317871094,1.162779643944254,-0.7685347060854164,0.6132129119371605,283.3606269423051,0.0
8.266,153.99606518868376,-0.475558644705126,0.1579801961904975,86,-0.0053283413872122765,-0.010041925124824047,0.9961415529251099,0.6027586375236511,0.11168522927761078,66.49494934082031,1.1669076428890168,-0.7734343618658771,0.6107383782766203,283.3606269423051,0.0
8.316,155.3828452051754,-0.6551660576170608,0.6953562840116938,86,0.005898497067391872,0.06471340358257294,0.9897716641426086,0.07554159209728241,-0.02631407436132431,22.307851791381836,1.1728316517447857,-0.780619461687543,0.6076496746619771,283.3606269423051,0.0
8.366,156.0100476492413,-0.4219352273839749,0.6555049969719837,86,-0.0032393706496804953,-0.010700587183237076,0.9902065992355347,0.33442108974456786,0.35283875260353087,10.928465843200684,1.1761658418161336,-0.785140637546442,0.6061701742995853,283.3606269423051,0.0
8.417,156.35438602820798,-0.5135156810307882,0.36776577724708936,86,0.01117125153541565,0.002399805001914501,0.9955568909645081,0.14237088606357576,0.07724643293619156,10.756478309631348,1.1806123448753,-0.7928086884987433,0.6070007613266215,283.3606269423051,0.0
8.467,157.58462240668504,-0.27861546604108445,0.4585311009663001,86,-0.04633599892258644,-0.04276779666543007,0.9925485849380493,0.8114920173645019,0.6948061266899109,51.78885269165039,1.1837822829631974,-0.79762882591936,0.608110445595439,283.3606269423051,0.0
8.518,159.19503417190535,-0.8656499596460722,0.10057014479045782,86,0.032739587128162384,0.015610688365995884,1.0015451908111572,-0.7696856941223145,-0.7072651704788208,16.38534164428711,1.1870044428988527,-0.806829485522397,0.6103819169954652,283.3606269423051,0.0
8.568,159.8913100585798,-0.4946724966027826,0.2555391290280913,86,-0.014216024428606033,-0.02105589583516121,0.9989170432090759,-0.38585496797561647,-0.436778666639328,16.069726943969727,1.1860098294221193,-0.8166206191605964,0.6116813599546341,283.3606269423051,0.0
8.618,159.91898883548546,-0.6198358565149358,-0.06380041288361306,86,0.005278036929666996,-0.0027112963143736124,0.9981428980827332,1.0208750282287598,0.9542197266578675,-0.9381250105798244,1.1855248085847438,-0.8282078253328309,0.6135586961276555,285.69606975001705,0.0
8.669,159.9204122958637,-0.6218465848840166,-0.009963684199769061,86,0.008654478937387466,0.003982319496572018,1.0004242658615112,0.17021166429519655,0.44814201984405516,-0.8465892225503922,1.1845540749292245,-0.8355169020936357,0.613315011967336,285.69606975001705,0.0
8.719,159.92016423343844,-0.6010042548360222,-0.006555655615243981,86,0.011664986610412598,0.0011298994068056345,1.0015738010406494,-0.3060353781223297,-0.12598049100637435,-1.0205944161862135,1.1848964569683802,-0.844047383124802,0.6122401681864988,285.69606975001705,0.0
8.77,159.92068120550195,-0.5971982564868081,0.002797731848379913,86,0.009963704273104668,3.921542429452529e-06,1.0000088214874268,-0.11064192756414414,0.17387379500865938,-1.040618035942316,1.1848748821709427,-0.84876410660646,0.6118265054305394,285.69606975001705,0.0
8.82,159.91980224325653,-0.6086002618816404,0.015689157225764805,86,0.013091100379824638,-0.00037205053376965225,0.9993304014205933,0.008493249198794364,-0.260870041513443,-1.0755259320139885,1.1850862487551326,-0.8542767107534911,0.6115118727377179,285.69606975001705,0.0
8.87,159.92039241927645,-0.6230360024226363,-0.0027751320027667717,86,0.012302342802286148,-0.0020254936534911394,0.9997779130935669,0.04106074467897415,0.011794861218333244,-1.0153807559981942,1.1878516036810423,-0.8556710698524803,0.611916219088259,285.69606975001705,0.0
8.921,159.92210561316216,-0.6146179769336566,-0.013620954557660254,86,0.009560716338455677,-0.0005129068158566952,0.9973993897438049,-0.0464601489841938,0.09957170281410217,-1.1732337027788162,1.1975987819415703,-0.8568090433687571,0.6118047219408429,285.69606975001705,0.0
8.971,159.92166307524644,-0.6105135062468972,-0.008620231901445927,86,0.010398732498288155,0.0007293514208868146,1.0004358291625977,-0.32037393107414247,-0.10807826575040817,-0.9670888520777225,1.203694486606686,-0.8596297326666869,0.6104936786669405,285.69606975001705,0.0
9.022,159.91960438328135,-0.6084015541968474,0.004680240289193633,86,0.012032981030642986,-0.0026864090468734503,1.0025219917297363,-0.0870202045083046,0.02783576007783413,-0.9484291449189186,1.2132738803833776,-0.8628389215511186,0.6111585714572453,285.69606975001705,0.0
9.072,159.92285376656736,-0.6137102145940123,-0.01298795404113426,86,0.012020556256175041,-0.0026878640055656433,1.000590205192566,-0.18635524168014525,-0.004102481658663601,-0.7997524589300156,1.2204948411186982,-0.8639904322107429,0.6120798021953489,285.69606975001705,0.0
9.123,159.92331455229126,-0.6233358333663314,-0.04543291467740182,86,0.011421513743698597,-0.0017048028530552983,0.9983301162719727,-0.19248571350574492,-0.028013695219159127,-0.9793793298304081,1.2382571320127973,-0.8621207867605296,0.6146951364757712,285.69606975001705,0.0
9.173,159.92240634411058,-0.6177037587031087,-0.02817617886991791,86,0.011021516285836697,0.0011184755712747574,0.9978291988372803,0.042713909304142,-0.02508179303407669,-1.1141095533967018,1.2625948747797062,-0.8573868847435439,0.6169190530031754,285.3656279765955,0.0
9.223,159.92233360326844,-0.6136657984075021,-0.003678143146049592,86,0.010976764373481274,0.0018554199486970901,1.0007702112197876,-0.14264825835227965,0.12950709257125856,-0.998019574675709,1.2833680564220138,-0.8528894636872344,0.6183443034811035,285.3656279765955,0.0
9.273,159.92077431033684,-0.5948960396927301,0.011646615878555876,86,0.008890233933925629,-0.00034119986230507493,0.9990777373313904,-0.03109520963728428,0.023156627824902534,-1.1201787441968918,1.3136445737696472,-0.8467064572950552,0.6200098894730085,285.3656279765955,0.0
9.324,159.92248531313885,-0.5961592182608265,-0.0022945478984687604,86,0.009993642568588257,-0.0002800100191961974,0.9974718689918518,0.09373605147600174,-0.09195720609426498,-1.073704570531845,1.3365940131036202,-0.8391882949201547,0.6224737459511105,285.3656279765955,0.0
9.374,159.92141579695993,-0.5865179885930706,-0.021865043316873698,86,0.009452246129512787,-0.00021360187383834273,0.9970669150352478,-0.11921627178192139,-0.08654638584852219,-1.0087791178375483,1.3717751007574972,-0.8253246477218029,0.62661371519228,285.3656279765955,0.0
9.424,159.9205329143417,-0.578618257171942,-0.020336564280484137,86,0.010509243234992027,-0.0006679859943687916,0.9998158812522888,-0.12387878551483154,-0.15400171484947203,-1.0327859222888947,1.3945569518854088,-0.8146799219444643,0.6293202128387243,285.3656279765955,0.0
9.475,159.9215681931909,-0.5907417000810763,-0.036063545040258084,86,0.011794740334153175,-0.0017990816850215197,0.9996899366378784,-0.03231744013130665,0.06787468287944794,-0.967960461974144,1.4279478923449131,-0.7960044315126482,0.6336907099852157,285.3656279765955,0.0
9.525,159.92040131455641,-0.5716016883288586,-0.031831768404383204,86,0.008661653846502304,0.0016458246391266584,0.9981658458709717,-0.06909529223442078,-0.14299376513957976,-0.973816554993391,1.4484193465369783,-0.7841089171358699,0.6361691765529515,285.3656279765955,0.0
9.576,159.9218133830519,-0.5512383076191024,-0.025523325279504846,86,0.008939772844314575,5.288311513140798e-06,0.9994035959243774,0.12185945258140564,0.08361729774475098,-1.1674780249595642,1.4693914344386678,-0.7697038079896228,0.6413611753783487,285.3656279765955,0.0
9.626,159.92905110547485,-0.5127975570429921,0.03713507532151935,86,0.01185708586126566,-0.0046340953558683395,1.00597083568573,-1.3069495643615723,-1.176285537147522,-0.7418805062770844,1.481944660310196,-0.7608369512442663,0.6450641418795726,285.3656279765955,0.0
9.677,159.9319645626526,-0.4852101580555587,0.06953695551535768,86,0.005309815984219313,0.006804828532040119,0.9926986694335938,-0.11368676378726959,-0.2906692048549652,-0.6234001517295837,1.492733759268069,-0.7521447047083796,0.6492019715366032,285.3656279765955,0.0
9.727,159.9338398681918,-0.490471971130822,0.01782710336050292,86,0.007859286852180958,0.0021284071262925863,1.0010238885879517,-0.13199197604656218,-0.36296308245658876,-0.7495157420635223,1.4980068432330027,-0.7483071038851401,0.6507354508367499,284.4753119913185,0.0
9.778,159.94214680241777,-0.4940128032098612,0.01390602738750855,86,0.015263823792338371,-0.006590917240828276,0.9991775155067444,-0.883684882068634,-0.16077797319889067,-0.8105309754610062,1.5018189544549496,-0.7490417234605182,0.6497137636358019,284.4753119913185,0.0
9.828,160.06536723225489,-0.6470666462973187,0.351174084324875,86,0.0345320962369442,0.05163056403398514,0.9946229457855225,-0.7104286040306091,-0.3748989423751831,5.20000696182251,1.5018487466363462,-0.7532548253552831,0.6471500764972141,284.4753119913185,0.0
9.878,160.44102766603814,-0.6969573507796345,0.1948899757038622,86,0.004528474994003773,-0.014403973706066608,1.001146674156189,-0.19879824771881102,0.08265765551328659,13.088618278503418,1.4988626590083862,-0.7644297345302163,0.6408359205778504,284.4753119913185,0.0
9.929,160.79018866212564,-0.5960342464274221,-0.08002214042388296,86,0.016404997557401657,-0.012466469779610634,0.9986612200737,-0.1801796491384506,-0.34600329604148866,9.646537780761719,1.4949103302040487,-0.7745337660235655,0.6349763404089724,284.4753119913185,0.0
9.979,161.2521922650193,-0.5024991323461308,0.24173494482005833,86,0.0032964125275611877,0.022975632920861244,1.0023090839385986,0.1950734023809433,-0.1685572436094284,15.37105941772461,1.4877022666399753,-0.7908708292427538,0.6255616175012371,284.4753119913185,0.0
10.029,162.4055565618618,-0.3311686947250007,-0.11817417489708287,86,0.014485075138509274,-0.015412780456244946,0.9955686330795288,0.3401779447555542,0.4248121658325195,43.197635650634766,1.4816892397464165,-0.8021298070722355,0.6194190915762356,284.4753119913185,0.0
10.08,163.42839911572617,-0.33732882246913937,-0.36406804995221753,86,0.009331982582807541,-0.01722387783229351,1.0008976459503174,-0.024072236487269402,-0.3372027894496918,37.155616760253906,1.470260779543112,-0.8194903576175699,0.6101225022228243,284.4753119913185,0.0
10.13,164.72291768068112,-0.20298028920157124,-0.14489812019486176,86,-0.02361428551375866,-0.00944216363132,0.999588668346405,0.5354989682197571,0.16574193332195283,33.428260803222656,1.4607424114661531,-0.831795789846314,0.6042425853160974,284.4753119913185,0.0
10.181,165.68483554418873,-0.5422297838232406,-0.2080532502394651,86,0.04675188288092613,0.01580648310482502,1.0028482675552368,0.3478692685127258,0.9295242110252381,45.113670349121094,1.446751885445269,-0.8504014154208066,0.5949272396946909,284.4753119913185,0.0
10.231,166.4580942578594,-0.6265338660982038,-0.05622292484977376,86,-0.0109588373452425,0.02340252324938774,0.9965636134147644,-0.2591675008773804,-0.31889596786499025,18.70951271057129,1.4357899439886606,-0.8629763433478891,0.5886561288452532,282.1217461491895,0.0
10.281,167.65173425201263,-0.5833081744844836,-0.028446038286002152,86,0.0025743369478732347,-0.0025471809785813093,1.0047169923782349,-0.737068363571167,-0.020733820462226868,33.433109283447266,1.4191779184569195,-0.8800704713085983,0.5809036660234606,282.1217461491895,0.0
10.331,169.04669295250616,-0.45854884648523764,0.2649677725371165,86,0.011940316297113895,0.03554574027657509,1.002503752708435,0.12315808877944946,0.532074717617035,52.93693542480469,1.4058481224312864,-0.8936124747814754,0.576722485600688,282.1217461491895,0.0
10.382,170.86165027309457,-0.4212243050036163,0.2904026337829124,86,-0.0016163323307409883,-0.0069373855367302895,1.0023952722549438,0.7384160672187805,0.009465661643445492,71.01757049560547,1.3991454193994233,-0.8987416644463637,0.5770234585892314,282.1217461491895,0.0
10.432,173.63616414593687,-0.5248976144240678,0.1327120541146403,86,0.01732887513935566,-0.001896405010484159,1.0056883096694946,0.3351185534954071,0.24342046473026277,65.67333221435547,1.3905633518968652,-0.9051048565133122,0.5790500068525706,282.1217461491895,0.0
10.483,175.65228283605728,-0.5097197409384783,0.15253968886455266,86,0.01690588891506195,-0.007271542213857174,0.998022198677063,0.20909999952316285,0.07125247064828873,64.38231658935547,1.3856233236875137,-0.9086927936317702,0.5808152612515478,282.1217461491895,0.0
10.533,177.82354381507653,-0.4782643656408729,0.2377157228963139,86,-0.003594388021156192,0.007340260781347752,0.9943128228187561,0.026401589518785476,0.2091169336795807,50.9162712097168,1.386102587221006,-0.9050126871149357,0.5847600118967453,282.1217461491895,0.0
10.584,179.25362588117034,-0.32964904041621607,0.1981716449973363,86,0.005403116345405579,-0.0064901914447546005,0.9960589408874512,0.3147647295951843,0.25402506980895995,51.4012451171875,1.386516172865702,-0.9010868613940564,0.5870005582256324,282.1217461491895,0.0
10.634,-179.03300361446992,-0.1525870158802592,0.14707332678644766,86,-0.011824717745184898,-0.01443629339337349,0.9957478642463684,-0.12111925437450409,-0.0547945072889328,61.14015197753906,1.3859061306387006,-0.8929750403428368,0.5890130844795383,282.1217461491895,0.0
10.684,-176.9034129234936,-0.0348784823567436,-0.19848571327558753,86,0.014721016399562359,0.020740434527397156,1.002736210823059,0.39455070242881773,0.21324710342884065,76.69053649902344,1.3869836842843104,-0.8851591190525198,0.5892980119751156,282.1217461491895,0.0
10.735,-174.83497560538882,-0.09858643998572277,0.10623456572641496,86,-0.019033188000321388,0.00020339706679806113,0.9936959743499756,0.16126827046871187,-0.03176299128830433,56.590126037597656,1.3914337647507633,-0.8688508387038222,0.5898955320835314,282.1217461491895,0.0
10.785,-172.9369637542534,-0.31993711905235905,-0.20197692160320693,86,0.04224216565489769,0.0028493686113506556,1.0008143186569214,0.48018395051956175,0.11339117381572723,87.17955017089844,1.3932927651146862,-0.8576992106589559,0.5899063094462993,237.20755570636805,0.0
10.837,-170.73721333042184,-0.6248850050856308,-0.17739891156042792,86,0.026753537356853485,0.012692783027887344,0.9971972107887268,0.15865956888198854,0.2611263075828552,78.50155639648438,1.3961888555125204,-0.8401461218821846,0.589395855816824,237.20755570636805,0.0
10.887,-168.11950420315614,-0.5263695683729314,0.02197936129210007,86,-0.00020368091645650566,-0.005370949860662222,0.9958485960960388,-0.19158036365509032,-0.2286567261457443,70.86917877197266,1.3990845778183008,-0.8268627853012679,0.5897513337793429,237.20755570636805,0.0
10.937,-165.39862473686145,-0.4786641405844164,-0.01652416809869131,86,0.024461939930915833,0.013496510684490204,1.0022715330123901,0.002075538864731789,0.3150826374053955,94.65846252441406,1.4041643985714733,-0.8042581024359918,0.5926874387349296,237.20755570636805,0.0
10.987,-161.5525898869112,-0.4694099318376561,0.1508731165530169,86,0.005245033651590347,0.024415170773863792,1.0032838582992554,-0.07730574264526367,0.14098724517822267,70.71392059326172,1.4048915112871927,-0.791297393652178,0.5944925485749151,237.20755570636805,0.0
11.038,-159.90453357921092,-0.5527048998528117,0.3969428789511458,86,0.0028776528779417276,-0.0030048948246985674,1.0025662183761597,0.33561368927955626,-0.32620349731445314,64.6963882446289,1.4053822181688818,-0.771288110336288,0.5963721717022703,237.20755570636805,0.0
11.088,-157.14227348998813,-0.4153317058596407,0.5820067195378705,86,0.0030298642814159393,0.03216464817523956,1.002178430557251,0.15025194630622865,0.05922470781803131,61.757137298583984,1.4063581464746764,-0.7571004393746064,0.5981960491445084,237.20755570636805,0.0
11.138,-155.53831237805227,-0.2547233455607643,0.38744855438597764,86,0.0022117134649306536,-0.010626165196299553,0.999237060546875,-0.03436439401805401,0.14033068511486055,46.56973648071289,1.4093834253301614,-0.7347647017249374,0.6020924957688871,237.20755570636805,0.0
11.189,-154.08340018126384,-0.35651957634224857,0.2133482216205256,86,0.0168610829859972,0.009345263242721558,0.9961061477661133,0.40097214922904967,0.2345601448774338,48.34700012207031,1.4115857500435018,-0.7202211676324496,0.6053750854431695,237.20755570636805,0.0
11.239,-152.94701478887168,-0.22579768297861913,0.1423614647587651,86,0.009676543064415455,-0.023653581738471985,0.9979580640792847,0.33739437804222105,-0.5520047863960266,29.983118057250977,1.4146071979293025,-0.6990154330520609,0.6102661600466475,237.20755570636805,0.0
11.29,-151.80579981774395,-0.16874689987626268,-0.0870133920696045,86,0.006633513607084751,-0.008801531977951527,0.9989610910415649,-0.4179256941318512,0.46165209803581236,20.673171997070312,1.4182492057151577,-0.6779241429772626,0.6149832825504618,237.20755570636805,0.0
11.34,-151.12450968867893,-0.12181031889397176,-0.2511129289769081,86,0.009339742362499237,-0.010766332969069481,0.999099612236023,-0.37016484990119936,0.153190074300766,25.80434226989746,1.4191193706585274,-0.6646472799691735,0.618311373510942,285.3850445669184,0.0
11.39,-150.39975288232768,-0.27196253040477786,-0.14905707900818257,86,0.015610895119607449,0.01292416825890541,1.0031951665878296,-0.244930678153038,-0.37395093050003053,21.286083221435547,1.4205461116169376,-0.6461600972822105,0.6231629572055783,285.3850445669184,0.0
11.44,-149.40531888874762,-0.31697936112636294,0.01670239852422333,86,0.030542517080903053,-0.0005097992834635079,0.9976693987846375,-0.4906636263370514,0.2665419856071472,37.58040237426758,1.4203094550626758,-0.6353824600293863,0.6260782581882364,285.3850445669184,0.0
11.491,-148.36691914428343,-0.43686763832942,0.053400062203151674,86,0.018114008009433746,0.004574517719447613,0.9992532134056091,-0.20908696308135985,0.2577947655677795,33.3891487121582,1.4201384375829902,-0.6195514407199614,0.6304506729358552,285.3850445669184,0.0
11.541,-147.61504487703607,-0.4200272398463904,0.12557881833545068,86,0.023513013496994972,0.01837732084095478,1.0036247968673706,0.10943034932613373,0.6389782110214234,26.0650691986084,1.4206519390935892,-0.6095313945251185,0.6332778637457154,285.3850445669184,0.0
11.591,-146.4814620275303,-0.48823798315856726,-0.003985992345239718,86,-0.011044756509363651,-0.02753298729658127,0.9931862354278564,-1.9179890836715698,-1.4778170904159547,27.96185874938965,1.4212593899550292,-0.6005601425112297,0.6359171132727899,285.3850445669184,0.0
11.642,-146.01038462488594,-0.16230349012529086,-0.009769165111502701,86,-0.043190378695726395,0.0033300835639238358,0.9978896379470825,-0.7493931735992432,-0.6182775219917297,17.81136703491211,1.422308937585534,-0.5882666657428044,0.6399559382296064,285.3850445669184,0.0
11.692,-145.8388511447245,0.05287938227752524,0.40073761357250465,86,0.00298211257904768,-0.0016017361776903272,0.9967461824417114,-1.3328235830307007,-0.4875669499874115,-0.9023004919290543,1.4226843606113169,-0.5782222234824782,0.6461736162366978,285.3850445669184,0.0
11.743,-145.83665938199906,-0.07280303144736341,0.3094061847682184,86,0.007037027273327112,0.0013845429057255387,0.9957835674285889,-0.48248533263206483,-0.5005112310886383,-0.915563590824604,1.4240799214400204,-0.5723238341685796,0.6505346229131762,285.3850445669184,0.0
11.793,-145.83452678717384,-0.11779512564069589,0.2908135755023813,86,0.005027007777243853,0.004017552360892296,0.9993685483932495,0.4305576299190521,0.16984218153953554,-0.9916020510718226,1.4278913571956378,-0.56313849647192,0.6569506684568841,285.3850445669184,0.0
11.844,-145.8409662404008,-0.16091649604787775,0.2365601927493072,86,0.003856652183458209,0.0013272735523059964,0.9998271465301514,-0.3353098119735718,-0.36952901091575624,-0.8695233911275864,1.4317829993155804,-0.5572556779792995,0.6613004529309665,285.3850445669184,0.0
11.894,-145.83832197208687,-0.20903877215630196,0.17519652351386514,86,0.0036213393323123455,-0.000328963651554659,0.9984676241874695,0.029849274909496307,-0.049452269637584687,-0.7130975127220154,1.437269957359399,-0.5504387777763008,0.6667029462120454,285.5988015797358,0.0
11.945,-145.84116370507877,-0.2372745133027779,0.14114815112458767,86,0.004270204342901707,0.0011778976768255234,0.9984322190284729,-0.3937187577724457,-0.04858615081906319,-1.0169013012200594,1.4400142417215787,-0.5472351892316724,0.6703472499712213,285.5988015797358,0.0
11.995,-145.84166692796146,-0.2519422373051322,0.12261432434952597,86,0.003942207433283329,0.0019249935867264867,1.0010861158370972,-0.12684120341539382,-0.3356425186634064,-0.8886336013674736,1.4479569840118802,-0.5408720610297558,0.6766717274099684,285.5988015797358,0.0
12.045,-145.84104941867284,-0.2651802537318009,0.14391496521406408,86,0.004061698913574219,0.005314243026077747,0.9999398589134216,-0.19718397512435912,-0.004207475415058434,-0.8132277727127075,1.454932537396338,-0.5365549435592606,0.6810504791857034,285.5988015797358,0.0
12.096,-145.84158053466587,-0.2741994418471806,0.12256303849684011,86,0.0042423065751791,0.0016074717277660966,1.0024019479751587,-0.14313047482967375,-0.07486994769573212,-1.075857512652874,1.467718240347216,-0.5303917972384702,0.6869877519935284,285.5988015797358,0.0
12.146,-145.8417558205321,-0.2911222390998595,0.14255082230935262,86,0.004308522678911686,0.00440783379599452,1.000329613685608,-0.21194402232170104,-0.002238607803918421,-1.1398651599884033,1.4751620815720867,-0.5269845704753675,0.6911678083095038,285.5988015797358,0.0
12.197,-145.84051495521248,-0.301615229853476,0.1491040923495218,86,0.007808466907590628,0.0028139539062976837,1.001754641532898,-0.25814358248710634,-0.0006509127110242842,-0.8861433863639832,1.4855675141173357,-0.5238762015558133,0.6967306399875574,285.5988015797358,0.0
12.247,-145.84178218930248,-0.30131378525295893,0.1345858068158064,86,0.003421414876356721,0.004853923339396715,1.0022733211517334,-0.1961321170568466,0.09343503955602646,-1.1069206595420837,1.4925605559450603,-0.522103834480844,0.700410513801136,285.5988015797358,0.0
12.297,-145.83597871759673,-0.2985236444975638,0.11257916101272286,86,0.006571662612259388,-0.001123808789998293,0.9987592697143555,0.19856134698390962,0.22266185078620912,-1.0662077069282532,1.501442489477448,-0.5205605555012832,0.7051516682704121,285.5988015797358,0.0
12.347,-145.73556338909046,-0.4315393411241221,-0.08557151579357061,86,0.024710383266210556,-0.02702808566391468,0.998816967010498,-0.5949283327102661,0.16354901883602144,6.862426280975342,1.5066124266587715,-0.5197261265213947,0.7086595307292674,285.5988015797358,0.0
12.398,-145.68166653716705,-0.25997645606493786,0.16737531195333105,86,0.003742904867976904,0.0020373917650431395,0.9991894364356995,0.11340436980724335,-0.15871961619853972,-0.881521999835968,1.5106027225015133,-0.5203373759814464,0.714767533567499,282.14072379927353,0.0
12.448,-145.62663524841912,-0.36935051423415227,0.0390918775534125,86,0.0212403517216444,-0.011081663891673088,1.0027352571487427,-0.22629474952220915,0.23790272865295412,3.698340892791748,1.5139065946735488,-0.5208509232104757,0.7180091542442036,282.14072379927353,0.0
12.498,-145.37731507441518,-0.8997895099318709,0.21465148597756847,86,0.1126754879951477,0.01889416016638279,1.0100176334381104,1.1163492713928223,1.3458974042892455,7.148377418518066,1.5182819951660897,-0.5208425213261818,0.7222562247686961,282.14072379927353,0.0
12.549,-144.97059562346968,-0.9339366483562592,0.34479073332172633,86,0.057961154729127884,0.002717949915677309,0.992728590965271,-0.2084677900314331,-0.30835479702949525,4.68109655380249,1.5203238783273525,-0.5208316474735905,0.7250357797932159,282.14072379927353,0.0
12.599,-144.62796400484456,-1.0911844859574389,0.04591857090388378,86,0.009700283408164978,-0.0049474178813397884,1.0027523040771484,0.5937362824440002,0.7269869128227234,16.225139617919922,1.522898874200227,-0.5218393785485992,0.7290279653635158,282.14072379927353,0.0
12.649,-143.97559455206226,-1.2007878940586256,0.030238857523164967,86,0.013363081961870193,0.008402668870985508,0.9963431358337402,0.6542805348396301,0.712308613395691,18.05219268798828,1.5236901831261105,-0.5241381287807737,0.7327930264284213,282.14072379927353,0.0
12.7,-143.63546601423275,-1.0070921655073308,-0.1570243188988501,86,-0.0031484549399465322,-0.022509347647428513,0.997305691242218,0.11890000001192093,0.4459575394153595,11.378968238830566,1.525077070050562,-0.5248392449730543,0.7345374445237524,282.14072379927353,0.0
12.75,-143.28610238861245,-1.0124153385148045,-0.07929463648885818,86,0.014069514349102974,0.010197513736784458,0.9921266436576843,-0.2863694812297821,-0.3629367968082428,9.068954467773438,1.5262625011791453,-0.5260988183074822,0.7360978224001673,282.14072379927353,0.0
12.801,-143.14383765614858,-0.6725788496814588,0.056882360958836066,86,0.002268601441755891,-0.011108675971627235,0.9858182072639465,0.7933573637962341,0.3851174989700317,7.196592330932617,1.527398744206927,-0.528054971934387,0.7383462385957636,282.14072379927353,0.0
12.851,-142.87315834948174,-0.5074921923746762,0.2042186255598841,86,-0.0056494129821658134,0.01509837619960308,0.9994276762008667,1.2530705247879028,1.1392938772201537,10.611398696899414,1.5276757594026684,-0.5321758722281321,0.7403306834307689,282.14072379927353,0.0
12.902,-142.57070114695796,-0.2982922600823275,0.2051781779787007,86,0.002581573324277997,0.001240462064743042,0.9920816421508789,0.4030317877292633,0.2414738366365433,11.613554000854492,1.5255770089505296,-0.5383806493534213,0.7423632999683949,282.14072379927353,0.0
12.952,-142.22395782990984,-0.3505938764629706,0.3337374704873269,86,0.005133120343089104,0.005441633053123951,0.9964591264724731,0.2575518404006958,0.6877908984184266,12.164071083068848,1.5185805845643645,-0.5531179384038274,0.7462234109099244,285.22978578714725,0.0
13.002,-141.43231501563363,-0.2624676182372502,0.3943571952437713,86,-0.008228837512433529,0.0008506505400873721,1.0016686916351318,-1.0562751974105835,-0.9433927258491516,22.993099212646484,1.5121340100026128,-0.5664127714785995,0.7500369759425581,285.22978578714725,0.0
13.053,-140.8728552326096,-0.23526607811181308,0.3607879254399971,86,-0.0013361664023250341,0.006535414606332779,0.9995667338371277,-0.6452605213165283,-0.22066956963539122,14.836267471313477,1.5008836069066538,-0.5919734752197767,0.7551752956755373,285.22978578714725,0.0
13.103,-140.4008695820038,-0.1679149166735973,0.3323572225704541,86,0.0026143034920096397,0.008579142391681671,0.9894951581954956,-1.222040959739685,-0.939850183391571,9.037742614746094,1.4930271719482475,-0.6119160692652008,0.7574174912361178,285.22978578714725,0.0
13.154,-140.3528374235743,-0.07463367986746607,0.2541833761101037,86,-0.008146598003804684,-0.004113865550607443,0.9997722506523132,0.8209535394668579,0.2493272701263428,-1.3814786076545715,1.478738674247721,-0.6439910078515384,0.7607373062855811,285.22978578714725,0.0
13.205,-140.45728989154006,0.055266940379155464,0.23875879230837943,86,-0.010490401647984982,-0.0014907759614288807,0.9964929819107056,-0.18188344790935515,0.10864086989164352,-4.525653123855591,1.469600442490097,-0.6645795170116409,0.7629761963232184,285.22978578714725,0.0
13.255,-140.46922298837774,0.10925209757874317,0.13850152056961584,86,-0.005042135715484619,-0.0024214549921453,0.9977586269378662,0.5855042253494263,0.41329198870658873,-1.8932594060897827,1.4573315206224065,-0.6920963273750252,0.766270916831064,285.22978578714725,0.0
13.306,-140.28981529881503,0.5713082253205385,0.007254975037281945,86,0.030629662796854973,-0.013992205262184143,0.9925727248191833,-1.327329822921753,-0.9690998515129089,8.792405128479004,1.4502783291602226,-0.7090077455675506,0.7688989566738664,285.22978578714725,0.0
13.356,-139.96715850338362,0.6524860812207518,0.3039810741888122,86,-0.03764472156763077,0.008605756796896458,0.9999191164970398,-0.31365231528282167,-0.3488384207725525,-2.2962148189544678,1.4406516443233481,-0.736902741516657,0.7708096435502004,285.22978578714725,0.0
13.406,-139.96690449338988,0.39389788607616494,0.2549234040219056,86,0.005476831458508968,0.0029597666580229998,1.00059175491333,-0.14689379289150237,-0.19257314708232878,-1.025646572932601,1.4341399648512774,-0.7535539901263972,0.7722225964429588,285.22978578714725,0.0
13.457,-139.96468959404055,0.22413487845067262,0.23191304928083353,86,0.004874845966696739,0.0017340375343337655,1.0011990070343018,-0.21762818946838378,0.1535582521915436,-0.9059774652123451,1.4233425660481422,-0.7784071537786759,0.7721735816977569,285.22978578714725,0.0
13.507,-139.9608793273277,0.07687711811296423,0.18156454085503024,86,0.0032424270175397396,0.002061019418761134,0.996681272983551,-0.0032621016619727014,0.059724045729637146,-0.9336471781134605,1.4148727104427163,-0.794056508821517,0.77184494149401,290.3637244721357,0.0
13.557,-139.959512878406,-0.009811356428459098,0.15486813676758945,86,0.004793504718691111,0.003041878342628479,0.9959936738014221,-0.14685481145381926,-0.03372301180064678,-1.03513228520751,1.4045767287824478,-0.8139969575633582,0.7716542964463441,290.3637244721357,0.0
13.608,-139.9636842253537,-0.08434750103532788,0.13445733613682082,86,0.00348257040604949,0.00405460549518466,0.9999959468841553,-0.1723674173593521,0.007852571828663349,-1.0168821346014738,1.3935768795990047,-0.832248348594616,0.770611542648027,290.3637244721357,0.0
13.658,-139.96512597614034,-0.13788404693956188,0.1413714109223797,86,0.006476471666246653,-8.679220400154009e-07,0.9978506565093994,-0.14660795881748198,-0.037120389008522034,-1.0053083230741322,1.3863350397378282,-0.8428356150821722,0.7703604131368968,290.3637244721357,0.0
13.709,-139.9629204098272,-0.1847289666405556,0.10394662574817894,86,0.003625609213486314,0.00010706363536883146,0.9962108731269836,-0.1002834822177887,-0.23928469624519347,-0.8840250074863434,1.3824287902827848,-0.8509400778691947,0.7705297879512941,290.3637244721357,0.0
13.76,-139.96446143753502,-0.20096464424269986,0.10094884469767812,86,0.006587484385818243,0.0016261570854112506,0.9990065097808838,0.1401384238958359,-0.1340401193141937,-0.900999091565609,1.3762743899831889,-0.8620318177658435,0.7691115943274773,290.3637244721357,0.0
13.81,-139.96024840929155,-0.22973948241143918,0.08490754832331672,86,0.003478672821074724,6.665819091722369e-05,0.9988561868667603,-0.030382533663511277,-0.1493434926509857,-0.7428334653377533,1.3657444704268569,-0.8768994345548415,0.7654713949715541,290.3637244721357,0.0
13.861,-139.9569605991456,-0.24609069778892634,0.0917507162292341,86,0.005377643276005983,0.0017348495312035084,1.0024819374084473,-0.028954389610886574,-0.17101018335819243,-0.8159470558166504,1.357353402799967,-0.8864198637334787,0.7630306840966243,290.3637244721357,0.0
13.911,-139.9578230899233,-0.25091685088420135,0.1121050970711818,86,0.005493510980159044,0.0049000889994204044,0.9989856481552124,-0.3954038108825684,-0.15404090490341185,-1.1879089772701263,1.3438018410197807,-0.9001445586602939,0.7586690291921753,290.3637244721357,0.0
13.961,-139.95898535697194,-0.26238332881760273,0.10043524001254905,86,0.004732427652925253,0.0005303171928972006,0.996383786201477,-0.06100122361779213,0.08272311631441116,-1.2998006343841553,1.3349207053678713,-0.9084876022747712,0.7552533101300002,290.3637244721357,0.0
14.012,-139.9662865477704,-0.2777449826453838,0.11415463312695462,86,0.006949844304472208,0.0013189418241381645,0.9971433281898499,-0.1374397958755493,0.04308439586162567,-0.8510587215423584,1.3265924170803625,-0.9147955989646857,0.7523788815984889,286.7704088609326,0.0
14.062,-139.96995990155546,-0.3058374656149793,0.12313205186635029,86,0.00462764035910368,0.003064674325287342,0.9981973767280579,-0.11796506597995758,0.009731576590240001,-1.0195627622306347,1.3229230907363534,-0.915035167252602,0.7525428979910697,286.7704088609326,0.0
14.113,-139.96936731683854,-0.29283736778365743,0.12476206149198213,86,0.006915900390595198,0.001555107650347054,1.000774621963501,0.047325051283836364,0.02189188059270382,-0.9605486318469048,1.3199452462540051,-0.9093346666353748,0.7561362360858077,286.7704088609326,0.0
14.163,-139.97015771065045,-0.27782980946569924,0.13275053784721144,86,0.004532213788479567,0.0005900883697904646,1.001883864402771,-0.19684261932373046,-0.0028642951060086487,-1.001110241166316,1.3208750381430066,-0.9017967553249187,0.7607138737050775,286.7704088609326,0.0
14.215,-139.97271937274726,-0.2773212378890373,0.13732845144801142,86,0.004679284058511257,0.003089022357016802,0.9974260926246643,0.0018617248967289926,-0.10520579125881195,-0.9688570741564035,1.3230083464925124,-0.8899931927757994,0.7687933517035933,286.7704088609326,0.0
14.265,-139.97308038563048,-0.2838626580383418,0.1103973988533808,86,0.004672114737331867,0.0018667824333533645,0.998862624168396,-0.12119909479618073,-0.23206013646125792,-1.0045973672531545,1.3187586613210387,-0.8891357824473658,0.7774503056648012,286.7704088609326,0.0
14.315,-139.9714035019834,-0.2896539795260491,0.11087071755143937,86,0.006299430504441261,0.0008308175019919872,0.9972810745239258,-0.03162631496191025,-0.2299028804540634,-0.9718721657991409,1.303104960002918,-0.8974280835865943,0.7920692485597075,286.7704088609326,0.0
14.365,-139.9689007843145,-0.2903664330795118,0.1112576977447337,86,0.005740573164075613,0.0013010373804718256,0.9995229244232178,-0.05689663543701172,-0.25086933579444887,-0.9055099338293076,1.2889256487721865,-0.9075745279153966,0.8027714213357815,286.7704088609326,0.0
14.416,-139.96865129960597,-0.2779035438253251,0.11951333185786349,86,0.004421770107001066,2.4160215616575442e-05,1.001001000404358,-0.08387424155473709,-0.1507136693239212,-0.9961384797934443,1.2746807986215936,-0.9165627842731594,0.819654244119894,286.7704088609326,0.0
14.466,-139.96562317670217,-0.2885475751901581,0.10012562329563485,86,0.005305738653987646,-0.00037217888166196644,0.9983400702476501,-0.2031087960243225,-0.028051814252138138,-0.7685569375753403,1.2675456401958598,-0.9196262062807931,0.8286138160688762,286.7704088609326,0.0
14.516,-139.96552467423479,-0.2813566296957086,0.11028652260757005,86,0.003601472359150648,0.0034900845494121313,0.9974330067634583,-0.11071240260601044,-0.15398879554271697,-1.0140321347862482,1.2611707552737432,-0.9205104059895991,0.8416055466093263,286.7704088609326,0.0
14.568,-139.96639009252868,-0.27627395093981677,0.10522473413575359,86,0.004408028442412615,0.0016478640027344227,0.9987651705741882,-0.4490328217983246,0.12337103281021118,-1.026214411482215,1.25543725895587,-0.9201952480118275,0.853403693779638,287.9121361889072,0.0
14.618,-139.96896680455382,-0.306886237706439,0.09522336415597057,86,0.008903071284294128,0.001255200244486332,0.9987426400184631,0.05041735888123512,-0.09735992010831833,-0.9383540712296963,1.252824555928239,-0.9184902316278328,0.8607586999212582,287.9121361889072,0.0
14.668,-139.96702408076698,-0.31043521220519993,0.10984159778005011,86,0.004617093130946159,0.0013757291017100215,0.9989045262336731,-0.11957267775535584,0.008847972190380096,-1.2052764892578125,1.2490235205146016,-0.9152831979422734,0.8699947544265243,287.9121361889072,0.0
14.719,-139.96738678984943,-0.2951884983305833,0.09569937539933594,86,0.005910367704927921,-0.0003653469611890614,0.9969070553779602,-0.2453782792329788,0.034381115621328354,-0.8279199600219727,1.2487544726103212,-0.9127145904348483,0.8754006977777747,287.9121361889072,0.0
14.769,-139.96471590342293,-0.2865426801815903,0.0874323425976303,86,0.004502785857766867,0.00262019713409245,0.9978545904159546,-0.16733256831169127,0.15663902256488801,-1.190609484910965,1.2489405763445744,-0.9078568986023816,0.8820948533670291,287.9121361889072,0.0
14.819,-139.96467465797855,-0.2807051066419829,0.1466207984931233,86,0.004789211321622133,0.005768579430878162,0.9996836185455322,0.015777931442856788,0.06115138325691223,-0.9677887968719006,1.249902262687114,-0.9042343633398278,0.886104136369656,287.9121361889072,0.0
14.87,-139.96403121101753,-0.2865457595196022,0.13446682698042003,86,0.005336100235581398,0.0025525763630867004,0.9987276792526245,-0.016237766587734223,-0.040531763994693756,-0.8658019751310349,1.2522640968218886,-0.898853223226451,0.8911959253013176,287.9121361889072,0.0
14.92,-139.96330718011902,-0.2870897151106463,0.13699590164766745,86,0.004247470758855343,0.002050344832241535,1.0008127689361572,-0.09713360770940781,-0.023902859726548195,-0.8349317610263824,1.253978947125336,-0.894851235572399,0.8939264385027161,287.9121361889072,0.0
14.97,-139.96222022429492,-0.2997112264225537,0.11953749751268973,86,0.007549603935331106,0.0015322916442528367,0.9980213046073914,-0.14840137317180632,-0.02165343258678913,-0.8825684785842896,1.2584689403438638,-0.8870922927472643,0.897644831639187,287.9121361889072,0.0
15.021,-139.96222362066794,-0.29121989347492816,0.10775686165181732,86,0.003515351563692093,0.0010144091211259365,1.0003353357315063,-0.11418368026018143,-0.10348743405342102,-0.9187154173851013,1.2614737762736716,-0.8819758990384796,0.9001387356441883,287.9121361889072,0.0
15.071,-139.96117355088944,-0.27331935024897713,0.09959827602865959,86,0.005037607159465551,0.0032166438177227974,0.9988095164299011,0.003921875624358654,-0.0073867055602371695,-0.9818830601871014,1.2651290010334622,-0.8749277919821354,0.9029635562160468,287.9121361889072,0.0
15.122,-139.9611885618246,-0.2836698243200849,0.11270965087883754,86,0.004634828306734562,0.0027009660843759775,0.9994949698448181,-0.14140773668289183,0.3183523097991943,-1.200308620929718,1.2672359716015118,-0.8700695955578207,0.9048694207960113,282.74935957934474,0.0
15.172,-139.96231180046289,-0.2605229189348217,0.11030771495013199,86,0.0015996856382116675,0.0028421124443411827,0.9991245865821838,0.008665545737743377,-0.027640517988801003,-0.8497104793787003,1.270736184567446,-0.8634715749765125,0.907402491842335,282.74935957934474,0.0
15.222,-139.96268138214927,-0.27850887201416347,0.12465789864292111,86,0.005724767223000526,0.003300366923213005,0.9993405342102051,0.04053243518471718,0.03810443524122238,-1.161876767873764,1.272263142726405,-0.859929779251963,0.9082083691713848,282.74935957934474,0.0
15.273,-139.9621714088423,-0.2832956490552806,0.140813188304033,86,0.005032861605286598,0.003014398505911231,1.000520944595337,-0.0632176893889904,-0.1313592216014862,-0.9559937082231045,1.274900758946792,-0.8535421432009693,0.9096963088908301,282.74935957934474,0.0
15.324,-139.95842007127825,-0.2830819314007491,0.12200057687629383,86,0.006115839816629887,0.0018840774428099394,0.9975106716156006,-0.2195720608472824,0.008898671528697014,-0.7966119199991226,1.2755131662913164,-0.849876425488903,0.9097616259677626,282.74935957934474,0.0
15.374,-139.95737009010932,-0.2931727544304727,0.11438624828875808,86,0.007653085980564356,0.003343733958899975,0.9989877939224243,-0.03773076936006546,-0.05003076996803284,-0.9907512189820409,1.2784936505195637,-0.8433603485200637,0.9106442312835303,282.74935957934474,0.0
15.424,-139.95611077264937,-0.27625988060616696,0.11948542876317297,86,0.005602991674095392,0.003178367158398032,0.999742865562439,-0.11590167238712311,-0.08441535588502884,-1.0657006427645683,1.280708907376415,-0.8387506410200326,0.9114252521288956,282.74935957934474,0.0
15.475,-139.95824957254925,-0.28656739121741076,0.1083339345132198,86,0.004003959242254496,-1.7825934264692478e-05,0.9991418719291687,-0.006538810779899359,-0.05607873778939247,-1.0605398453772068,1.285681149024526,-0.8318653066924092,0.9121363559984057,282.74935957934474,0.0
15.526,-139.95744771484675,-0.2894000973758813,0.11539648715441111,86,0.005558250471949577,0.0021237037144601345,1.0010216236114502,-0.12173260107040405,0.0057811679303646085,-0.9732155352830887,1.2892476544213551,-0.8269174380025455,0.9126437409426251,282.74935957934474,0.0
15.576,-139.95806621886962,-0.2948978746863725,0.10387814312852849,86,0.004927132278680801,-0.0008066791924647987,1.001792073249817,0.06806853309869766,0.0032363145597279074,-0.9477169439196587,1.2927044393460672,-0.819788513485336,0.913524652118227,282.74935957934474,0.0
15.627,-139.95590236123635,-0.27689499477738705,0.08216046551863808,86,0.005028459709137678,0.0008929958567023277,1.000723958015442,0.15894963488578798,-0.18986071851253508,-0.751186415553093,1.2946984986450936,-0.8126881046580718,0.9142028017376908,282.74935957934474,0.0
15.677,-139.95398781530204,-0.2672023744993159,0.08811437486672534,86,0.0036534895189106464,0.0021759681403636932,0.9984841346740723,-0.039700065845251084,-0.15705563333034514,-1.0829650089144707,1.2959266573592663,-0.807830323581579,0.9146448142873485,279.84414198025087,0.0
15.727,-139.95758203481932,-0.3011440029875115,0.09040013806852429,86,0.0055354926735162735,0.0021199958864599466,0.9988622069358826,-0.14030134036540984,-0.031663023123145104,-1.0180144030600786,1.2988368451944157,-0.8010665288744663,0.9139333525160173,279.84414198025087,0.0
15.778,-139.95826339942815,-0.3044494266996275,0.08993133748639624,86,0.0048767561092972755,0.0027242996729910374,0.999675452709198,-0.20257652654647826,0.015653131341934204,-1.0899907350540161,1.3012128563874268,-0.7964909675139399,0.9126313914869821,279.84414198025087,0.0
15.828,-140.26497930614573,0.5925200954636821,1.5245870322881174,86,-0.14834630489349365,0.23677071928977966,0.9964249730110168,-7.429774233245849,-5.898964079284668,-58.66071701049805,1.3042484090309607,-0.7905793272397199,0.9099963939403685,279.84414198025087,0.0
15.879,-141.7439741180526,0.6815859069897339,0.7431505855864207,86,0.005715751089155674,-0.29544612765312195,1.0196242332458496,-0.6648231233596802,-1.4286456426620484,20.202899932861328,1.3060649080270101,-0.7861529358989678,0.9073593682526967,279.84414198025087,0.0
15.929,-140.24434672037498,2.846801184288477,-3.374409504121025,86,-0.1749582141637802,-0.0643477663397789,0.9797597527503967,0.789877585029602,1.4439476409912109,58.771244049072266,1.3091584193449515,-0.7784791952001499,0.9025375521730583,279.84414198025087,0.0
15.979,-139.50685352329148,0.8504034072854435,1.4671210404296522,86,0.05879542604088783,0.1133200079202652,0.9983468651771545,0.13844890043735505,0.14670206401348115,-28.463773727416992,1.3109440623007258,-0.7722172969897987,0.8977253422065277,279.84414198025087,0.0
16.029,-139.89998828143484,0.8897277011353601,0.2837428972334053,86,0.01601676270365715,-0.03544924408197403,0.9899470210075378,-0.04495602949857712,0.5351562777519226,13.985100746154785,1.3170957975852091,-0.7584568766724599,0.8877691868266939,279.84414198025087,0.0
16.08,-137.63776748676742,-0.4559835595928511,2.8043739742775733,86,-0.13871429860591888,0.04957781732082367,1.0052496194839478,2.284704259490967,2.5151325145721435,96.64382934570312,1.3223249674577353,-0.7484310247977279,0.8801117476036225,279.84414198025087,0.0
16.13,-134.5622123525557,-0.26171376680384795,1.9478974275155132,86,0.0013472156133502722,-0.02402828447520733,0.996862530708313,1.0284630571365356,1.4495392719268798,143.90557861328125,1.3295183071091752,-0.7336255189940963,0.8692108337842605,279.84414198025087,0.0
16.18,-130.72094016347023,-0.10241714992317572,1.569099930025688,86,-0.02676077000796795,-0.014440132305026054,1.0009654760360718,2.1418338333129885,2.7343734184265136,168.23455810546875,1.332502415145683,-0.7282023751218498,0.8655769278070217,285.4238856753998,0.0
16.231,-124.19822230014894,1.3282060435157805,2.078252748920267,86,-0.08234710991382599,0.036516014486551285,0.9958469867706299,0.5638706599235535,0.5097912231445313,252.0802459716797,1.3417237317702224,-0.7084955766385876,0.8529193583278954,285.4238856753998,0.0
16.281,-115.82379058234277,2.110875393255325,1.2289099861122585,86,-0.06000295281410217,-0.05342155322432518,1.0064036846160889,1.4073178087234497,0.5563678422927857,301.5332336425781,1.3451706246919057,-0.6986137381717135,0.8486767470657282,285.4238856753998,0.0
16.331,-102.5171961150429,2.335320983930619,-0.47234131346836294,86,-0.13101540505886078,-0.08147229254245758,1.0236839056015015,0.9089986001014709,0.9932333508491517,297.96051025390625,1.3486232565991318,-0.684527969684399,0.8429666215271415,285.4238856753998,0.0
16.382,-89.26813164542023,-0.34315151334815386,1.1168108785308895,86,0.1765204668045044,0.16572435200214386,1.0102972984313965,8.380565217590332,9.330608216857911,455.3453063964844,1.3494553469390966,-0.675323358839079,0.8377959342038435,285.4238856753998,0.0
16.432,-77.6832476617949,2.7523890362604635,1.2699049886604779,86,-0.15932533144950867,-0.0191025510430336,0.9978686571121216,-3.979880997085571,-4.837461145782471,462.7784118652344,1.3509602469955426,-0.6625417032983637,0.8282040230278452,285.4238856753998,0.0
16.483,-65.28661226655299,2.260264696591514,-0.17949244812798568,86,-0.01598798856139183,-0.06838272511959076,0.9970278739929199,-1.9981137002944946,-1.839488538169861,258.38128662109375,1.3511156149401715,-0.6543723381546356,0.8207377612170509,285.4238856753998,0.0
16.533,-60.23104792081197,1.888023113229315,-1.609478212127547,86,-0.021459031850099564,-0.09817273169755936,1.0024296045303345,1.7013037715911865,2.4325643459320068,107.96109008789062,1.3501580874263401,-0.6444185857590146,0.8083690606828245,285.4238856753998,0.0
16.583,-58.880229827973565,1.5621986535649999,-2.9500533671217792,86,-0.005386691074818373,-0.11557912826538086,0.9810847043991089,-2.2567963088989256,-2.4983560165405274,27.87010955810547,1.3504957319638786,-0.6396260618238324,0.7991232346124888,285.4238856753998,0.0
16.634,-58.69911006400498,1.20475068765593,-3.2947978368876747,86,0.0035280268639326096,0.025593915954232216,0.9997755289077759,0.2531126950740814,0.6658299246788025,-1.2032603919506073,1.3539344935972562,-0.6317058957476449,0.7837119803580251,285.4238856753998,0.0
16.684,-58.70184085949507,0.7526005958070429,-2.2373912739726505,86,0.011332197114825249,0.005138422828167677,0.9977259039878845,-0.8394683088302612,-0.13581471350193022,-0.8130822479724884,1.3554063744182794,-0.625500600844611,0.7727603021066498,285.4238856753998,0.0
16.734,-58.695230246456916,0.4275271306187159,-1.4851696684693596,86,0.009014115668833256,0.00563337467610836,1.0015134811401367,-0.022245139920711518,-0.055302879029512406,-1.116626776754856,1.3569796286224063,-0.6169762195926515,0.7535145911771916,281.21381159906133,0.0
16.784,-58.69587629659094,0.17289226405828753,-0.9527019819069101,86,0.007675951812416315,0.007807012647390366,0.9989125728607178,0.014496120518445968,-0.2494576444864273,-1.0262479055672884,1.3575407628672145,-0.6123205224306233,0.7305518237983435,281.21381159906133,0.0
16.835,-58.69617796893042,-0.027232411709299815,-0.5227446466851862,86,0.009082363918423653,0.00759114557877183,0.9983634352684021,-0.4685018743515015,0.050856681352853775,-1.2062376141548157,1.3579845691180552,-0.6097026500493634,0.7166416081704792,281.21381159906133,0.0
16.885,-58.693210517517116,-0.17953647665875022,-0.21161408913697777,86,0.009283021092414856,0.008555284701287746,0.9982465505599976,-0.19527550890445708,0.00026920093074440975,-0.8794636949896812,1.3584797023416522,-0.6048392575308641,0.6980067417300093,281.21381159906133,0.0
16.935,-58.693607210397666,-0.292259567736276,0.011603775542889296,86,0.010105528868734837,0.009033115580677986,0.9991165995597839,-0.019505568885803223,0.10690758917331696,-0.769387274980545,1.3589438212504799,-0.6020673915723963,0.6861915855437785,281.21381159906133,0.0
16.986,-58.691726637235654,-0.365162948352168,0.14218339468226637,86,0.010985098779201508,0.007729905657470226,1.000506043434143,-0.10536892815828323,-0.09488143231868744,-0.9244428053498268,1.3630798584114379,-0.5950042089114338,0.6700847061674573,281.21381159906133,0.0
17.036,-58.42808668956415,0.04865167796502316,2.674407531487786,86,-0.10995525866746902,0.4183449149131775,1.0387678146362305,-14.096946188354492,-13.642503889465331,136.92445373535156,1.3685512848596628,-0.5875783406742363,0.6609566407541564,281.21381159906133,0.0
17.086,-51.135344049398476,-0.6606205294852101,-2.240221353774035,86,-0.1253247708082199,-0.12712134420871735,0.9854943156242371,2.1444142375946047,3.4316900650024413,300.96209716796875,1.378343478100319,-0.5802217323562874,0.6488601310030859,281.21381159906133,0.0
17.136,-41.905891301808765,0.033169161620550794,-1.1278970350866075,86,-0.10871188342571259,0.3307837247848511,1.026170253753662,0.4949112151622772,-0.34797677602767946,349.3418273925781,1.384783793909869,-0.5802116342022448,0.642451844064188,281.21381159906133,0.0
17.186,-29.074537764710712,-0.6097490024070824,0.5874716222104792,86,0.04812602698802948,-0.04098755866289139,0.9881212115287781,-5.38359446182251,-5.954114588165283,390.21636962890625,1.386182307508184,-0.5910320481322318,0.6325709155956025,281.21381159906133,0.0
17.237,-18.21062529238393,-0.7945430349914446,4.062710209451274,86,0.06901142001152039,0.22864015400409698,0.9813596606254578,-10.775485464477539,-10.613573225402831,493.1707458496094,1.3811364861532567,-0.6060545098996916,0.6270209369119977,281.21381159906133,0.0
17.287,-1.8167731281572215,-1.6748153457313457,2.2721505345771176,86,0.009746027179062366,-0.03720499575138092,1.0251398086547852,1.0590597902297973,1.5845439115524291,372.1018981933594,1.3790329981708704,-0.6197106458763261,0.6220913267839654,285.5210347174949,0.0
17.337,5.144302079512416,-1.37155334877809,0.9328724097320342,86,0.010296282358467579,-0.048277292400598526,0.9964977502822876,-2.409500070953369,-1.5781867822647095,185.71910095214844,1.3811775539918785,-0.6250983213679854,0.6183122872823124,285.5210347174949,0.0
17.388,9.947458647373576,-0.5999710657347775,-0.15112326436579485,86,-0.057169023901224136,-0.031391121447086334,0.9903696775436401,0.7906725917816162,1.0937075296401977,36.79718780517578,1.3926402078668891,-0.6305205118940641,0.6145775621953208,285.5210347174949,0.0
17.438,10.379541612106204,0.5404610895376427,-0.09325396695205579,86,0.018491394817829132,-0.023790447041392326,1.0040007829666138,0.7589305554389953,0.3522523621082306,-0.4286845922470093,1.4041370377748357,-0.632423060037009,0.6113193979742172,285.5210347174949,0.0
17.488,10.370603254824244,0.2982601423088729,-0.049678997933149456,86,0.013766439631581306,0.0070596979930996895,1.0013097524642944,-0.08442344620227814,-0.2544160207748413,-1.2423869371414185,1.4238564265219302,-0.6341397726846606,0.6050625861621397,285.5210347174949,0.0
17.539,10.378581521886941,0.031063336109723557,0.0048581343445663885,86,0.011112186126410961,6.008632408338599e-05,1.0003889799118042,-0.13323291494846343,0.10650505665540695,-1.2994143962860107,1.4372038402443763,-0.6333570063411204,0.5996611435178953,285.5210347174949,0.0
17.589,10.37905095175875,-0.09781188763963111,0.03545670566886354,86,0.011710955761373043,0.003733669174835086,0.9982524514198303,0.04533131316900253,-0.17303768005371092,-1.146957904100418,1.4608340220855534,-0.6267918733292931,0.5912093064778169,285.5210347174949,0.0
17.64,10.379405009900765,-0.26848866708969704,0.03842537538387413,86,0.013441156595945358,9.57746960921213e-05,1.0007787942886353,-0.05607594653367996,0.05432381275892258,-1.0907805263996124,1.4761730688771746,-0.6216832302247793,0.585355208483385,285.5210347174949,0.0
17.69,10.377085777293459,-0.3803669191046887,0.05066115823256655,86,0.012617900036275387,0.0029518487863242626,1.0004938840866089,-0.16878412022590636,0.07866087350845337,-1.0826739966869354,1.4969312274987896,-0.6140327714218569,0.5755495259836721,285.5210347174949,0.0
17.74,10.378795589375214,-0.44627756250219996,0.07325264452237493,86,0.009070107713341713,0.0017735733417794108,0.9967739582061768,-0.13467051937580107,-0.07388609107732773,-1.0541700795292854,1.509122836870245,-0.6107275281737382,0.5669115578640818,285.5210347174949,0.0
17.791,10.378993866184073,-0.4998860402405381,0.06524030249386714,86,0.011699694208800793,0.0019592370372265577,0.9991098642349243,-0.09437697484493256,0.08663911912441254,-1.0846151039004326,1.5315169935230732,-0.6080248555240251,0.5573963950426015,285.5210347174949,0.0
17.841,13.419769282033785,2.364380810912062,2.2552067111732383,86,-0.13529589772224426,0.11004586517810822,0.9842652678489685,-5.865454145812988,-6.3763000091552735,142.87173461914062,1.5470489963709633,-0.6074287986530825,0.5508236160564618,289.4419984818163,0.0
17.892,17.138598826709625,2.4466246407720513,2.0008674016941725,86,-0.013160218484699726,-0.0014013820327818394,0.9947219491004944,1.0805465494155884,1.4741799512863158,144.8719024658203,1.5700773103357173,-0.60763176904115,0.5421575450568159,289.4419984818163,0.0
17.942,24.87961897343789,-0.8451029290563679,-1.8517755346847522,86,0.24917621910572052,-0.2822780907154083,1.0024724006652832,-2.2066070522308348,-2.2149724086761475,294.2383117675781,1.5838300877009288,-0.6085638600128199,0.5369942239809901,289.4419984818163,0.0
17.992,31.84097603251155,-2.7327010391628646,-2.033815630132974,86,-0.009902234189212322,0.09883090853691101,1.0185494422912598,3.5193925415039065,3.8984659591674804,337.6217956542969,1.603946360449785,-0.607466448807038,0.5308343693618195,289.4419984818163,0.0
18.043,43.00741206976398,-2.0319338471368487,0.5700150592966174,86,0.046009816229343414,0.06107534468173981,0.969997227191925,-0.872086354637146,-0.06079659443497658,302.453125,1.6152949812679058,-0.6051833024190215,0.525421253670305,289.4419984818163,0.0
18.093,47.85838482150157,-1.9484744818683575,-1.368492535668017,86,-0.010647476650774479,-0.24427026510238647,0.9879008531570435,5.42117266998291,5.320241300201416,162.99978637695312,1.6260060364227424,-0.6014916639940734,0.5217548797424493,289.4419984818163,0.0
18.144,51.76130856011458,-1.5766444109305309,-0.8861148899602864,86,-0.012706690467894077,0.12353190779685974,0.961816132068634,-2.5996489013671873,-1.874267967605591,85.20021057128906,1.63051193094028,-0.5991408769390113,0.5228165062853969,289.4419984818163,0.0
18.194,53.08129055586454,-0.7720346797709445,0.39765396099173556,86,-0.03905831649899483,0.03798053786158562,0.9863300919532776,0.9880108152389526,0.6465408483505249,32.0277099609375,1.6338893105125751,-0.5966402320367169,0.5286739933750438,289.4419984818163,0.0
18.245,53.77637684511494,-0.0739250914072294,1.2359428663696992,86,-0.0324070081114769,0.05009985715150833,0.9942547678947449,-0.5371534909248352,-0.6799961050987243,-1.2318781465291977,1.6313462033822315,-0.597363688041354,0.5350759820324481,289.4419984818163,0.0
18.295,53.77202622843526,-0.1907330830384286,0.8428950302408494,86,0.005436769220978022,-0.0006435788818635046,0.999944806098938,0.10365553096532822,-0.14410139825344084,-0.97207204811275,1.6291461433711756,-0.5991919889521786,0.5384444057819966,289.4419984818163,0.0
18.346,53.77647189473398,-0.2446470858068239,0.591775880857144,86,0.00705366674810648,6.762217526556924e-05,0.9980461001396179,0.12411097333431244,0.19411550257205964,-0.9312917441129684,1.6243436501682167,-0.6034370761274396,0.5434503341658409,286.7900170940171,0.0
18.396,53.77672447518951,-0.30017618054078904,0.4320442344570413,86,0.007891207002103329,0.00033858849201351404,1.0009750127792358,-0.035461318784952164,-0.26477909293174745,-1.0192018914967775,1.620096537589675,-0.6061010205002548,0.5468663953235934,286.7900170940171,0.0
18.447,53.77685576284191,-0.3331378677491718,0.2881003337512786,86,0.008678426966071129,-0.0012699702056124806,0.9991053938865662,-0.2637424255847931,0.021645087561011314,-0.9319584667682648,1.6126538605636707,-0.6105970895377167,0.5536113557590423,286.7900170940171,0.0
18.497,53.77752100213332,-0.3466501454131566,0.1987667211004901,86,0.006569624878466129,-0.0006280735833570361,0.9982050061225891,-0.18911083891391753,-0.068673217856884,-1.0133512960746884,1.6096204015237354,-0.6127162588490301,0.5572156472537125,286.7900170940171,0.0
18.547,53.77804211629182,-0.35588777842050406,0.14267157612355977,86,0.00830394309014082,2.8528898837976158e-05,0.9991517663002014,-0.22462571516036986,-0.17393467035293578,-1.1614515334367752,1.605245577314321,-0.6164065716959823,0.5657209356855939,286.7900170940171,0.0
18.598,53.77568760745321,-0.36332994695544135,0.11146209534065764,86,0.006277998443692923,0.0010734947863966227,0.9948523640632629,-0.16640589489936827,-0.12474753167629242,-1.1187455728650093,1.6016626842377435,-0.6201615927117637,0.572402124173276,286.7900170940171,0.0
18.648,53.770703884605254,-0.37983974464897147,0.09091686508529624,86,0.00953209213912487,0.003303602570667863,0.998842716217041,0.02219390579164028,-0.08834894951581955,-0.8581614792346954,1.601807832471707,-0.6240602105425104,0.5843820312954845,286.7900170940171,0.0
18.699,53.704845497785065,-0.1170995492770518,0.4120254796509711,86,-0.04827805608510971,0.06585143506526947,1.0070551633834839,1.0608344589233398,1.2036991992950439,-6.556262016296387,1.6011618104564174,-0.6270470435871222,0.5928766112220402,286.7900170940171,0.0
18.749,55.022045594910445,0.6674779012846327,-0.7497031688554721,86,-0.07433193922042847,-0.008021153509616852,0.9887590408325195,3.7092216526031496,3.537118045425415,133.54220581054688,1.5996066633468522,-0.6278089236900979,0.6031742207712699,286.7900170940171,0.0
18.799,62.0160482513541,0.9099433981209302,-0.7530394266474429,86,-0.007229565642774105,-0.04478997364640236,0.9849324226379395,-2.6198029006958006,-2.351431282424927,196.99346923828125,1.5945050788648665,-0.628244070082138,0.6086565374457041,286.7900170940171,0.0
18.849,70.83204770506678,0.9518466790242152,-1.143878147631364,86,0.030780378729104996,-0.059365350753068924,1.0107142925262451,-2.3251487697601316,-1.8633379062652589,222.52340698242188,1.5780701533498898,-0.6360352310494293,0.6161667867875843,286.7900170940171,0.0
18.901,78.48188776468419,-1.1986337552034703,-0.5033876893756577,86,0.1457855999469757,0.08850643038749695,0.9892792701721191,-1.4680420841217041,-1.165996106529236,213.95098876953125,1.562814987051873,-0.6467143955141914,0.6220883291685341,283.59053414469236,0.0
18.952,83.15336682071327,-3.4006877575550045,-0.3789755810043809,86,0.14274896681308746,-0.024838421493768692,0.9962295889854431,0.6428002034187317,0.7663422504425049,159.47386169433594,1.5399941880485617,-0.6604180779475842,0.631682761312649,283.59053414469236,0.0
19.002,86.43601796409465,-3.1164369816747057,-0.8195090084691469,86,-0.0642295703291893,-0.014408486895263195,1.0023797750473022,1.3297327075958252,1.5047448554992675,89.25862884521484,1.5178731906349205,-0.6722712562266328,0.6420915802362676,283.59053414469236,0.0
19.052,87.7891042764725,-1.1270851736083216,0.024271874310290383,86,-0.03687330707907677,0.07964422553777695,1.0087881088256836,-0.8855903233528137,-1.2469197830200196,28.0412540435791,1.5057012238745786,-0.6758657786642277,0.6489624206039267,283.59053414469236,0.0
19.103,88.06716064875161,-0.5023425532456415,0.7101916129519236,86,0.02449338510632515,-0.02125665545463562,1.0009984970092773,-0.7472345913887024,-0.7453472336769104,-0.28556883335113525,1.4919115476573481,-0.6778898109472504,0.6602284758285751,283.59053414469236,0.0
19.153,88.06838064930889,-0.4431852422504478,0.5995707655120371,86,0.006757646333426237,0.005022416822612286,1.0047776699066162,0.5929242287635803,0.6646247187614441,-1.1284746825695038,1.4846053241779047,-0.6782991004406995,0.6690536178993444,283.59053414469236,0.0
19.203,88.06814620136026,-0.39848782802447436,0.471381436827145,86,0.0074670216999948025,0.0030289774294942617,0.996268093585968,-0.17012738540172576,-0.026352931001782418,-1.020932912826538,1.471952027140512,-0.6847767571014731,0.6848320555066642,283.59053414469236,0.0
19.254,88.07212659897934,-0.34007603266305997,0.3748217678430427,86,0.002823040122166276,0.0028452412225306034,0.9999730587005615,-0.19464316322803496,-0.23742026295661925,-1.007772954646498,1.4641406956764595,-0.6917165572966747,0.6948823961276486,283.59053414469236,0.0
19.304,88.0693393184687,-0.3504282867955501,0.29338199244698887,86,0.006020392291247845,0.0009270390728488564,0.9978712797164917,0.009071634976565837,0.1019142100572586,-1.091101512312889,1.452100695961923,-0.7044101441703848,0.7093177415014942,283.59053414469236,0.0
19.355,88.0847114857999,-0.34756341180513267,0.0816891673136343,86,0.0073418705724179745,-0.028629207983613014,0.9941585659980774,0.13291478798389436,-0.7118128856658935,0.9515467882156372,1.4465698586484432,-0.7097308353964623,0.717240457427834,283.59053414469236,0.0
19.405,89.96079011553059,0.7222248869269974,-2.416100690355596,86,-0.055208731442689896,-0.01289984118193388,1.0019851922988892,-1.565024563217163,-1.5671675523757935,103.95230102539062,1.4393506052135436,-0.7141210739379319,0.7284005371448401,283.59053414469236,0.0
19.455,92.72026364699762,1.0362689607545301,-1.5042874593525593,86,-0.01714911311864853,-0.002651277231052518,0.9936948418617249,-0.15185553684234618,-0.613087864780426,93.90122985839844,1.4370188958923993,-0.7140427083048524,0.7343729204109269,283.57136096274763,0.0
19.506,94.72808305492822,-2.7932638600586883,2.982201357131821,86,0.12212146818637848,0.2811478078365326,1.0084527730941772,1.7990621839523315,1.7171746173858642,169.7945556640625,1.4351118435984616,-0.7115914123511448,0.7429051952486128,283.57136096274763,0.0
19.556,105.70601451707647,-0.22975023232277123,3.923617263513845,86,-0.21057206392288208,-0.07829271256923676,1.0143905878067017,-0.6895658458709717,-0.5343601426124572,355.14849853515625,1.4356384047926742,-0.7115476292325001,0.74777567566787,283.57136096274763,0.0
19.606,111.902908579985,1.9458186964109048,-0.4935496082454824,86,0.057911455631256104,-0.2156849354505539,0.9853219985961914,-2.3700987781524656,-1.5172148069381715,179.7469024658203,1.436907342749836,-0.7094768015487763,0.7562291349608904,283.57136096274763,0.0
19.657,116.97780907803119,-1.5068989666636348,-0.3321092529103521,86,0.42873525619506836,0.20709696412086487,1.0269564390182495,2.103089622116089,1.706501213645935,200.66111755371094,1.4369920034444679,-0.7064700034665269,0.7601058634343508,283.57136096274763,0.0
19.707,126.44785085647906,-1.1163176533244767,4.140869673312209,86,-0.29500633478164673,0.23948009312152863,0.9966010451316833,2.3102021728515627,2.940138188934326,325.975830078125,1.4349768544053823,-0.7014413182984754,0.7621591743894549,283.57136096274763,0.0
19.759,136.6961838156568,1.3259528537461511,3.118666329513601,86,0.05300286039710045,-0.17452740669250488,1.0019503831863403,-0.4984912063121796,-0.07985360380411148,267.63970947265625,1.434422382353835,-0.6963406618070247,0.7607926431728094,283.57136096274763,0.0
19.809,143.96359645948556,1.8884794962594984,0.9947506159806789,86,-0.005270454566925764,-0.04354759305715561,1.0163853168487549,3.329765132522583,2.6088806072235107,159.5142059326172,1.4337624147291428,-0.6862245864239311,0.7569564964758265,283.57136096274763,0.0
19.86,147.29686480734026,1.7685658472166932,0.2398966617351242,86,0.036698389798402786,0.07955504208803177,0.9882869720458984,-0.5470724786758423,-0.3127984127044678,101.32830810546875,1.43229209772362,-0.6788223557534591,0.7544880780923028,283.57136096274763,0.0
19.91,148.37469811678974,1.4675144772327395,-0.15569561026770978,86,-0.0669451653957367,0.008896119892597198,1.0037684440612793,2.3700440441131594,2.918813554382324,25.93503761291504,1.4287264094502403,-0.6668456960749961,0.7513527100127039,283.57136096274763,0.0
19.96,148.62027911622837,0.7139529094001053,-0.5763740347665506,86,0.006873470265418291,0.004084602929651737,1.001069188117981,0.06215695933103561,-0.014236007073521614,-0.6926206946372986,1.4246297611850034,-0.659240648253415,0.749065558192059,287.6949036285068,0.0
20.01,148.62052455830036,0.3857078136764514,-0.3007917650972241,86,0.007770416792482138,0.003998516593128443,0.9984664916992188,-0.3747794116973877,-0.19268471207618712,-0.8689356595277786,1.4185241781134852,-0.6483802028435004,0.7455393383555987,287.6949036285068,0.0
20.061,148.61896558746704,0.2574426830908617,0.008323902975924662,86,-0.019910331815481186,0.03433341160416603,0.9890978336334229,0.4588014100551605,0.15357629749774934,-1.1986102610826492,1.4129627936105145,-0.6375822915214445,0.7430797159917115,287.6949036285068,0.0
20.111,148.84401801559872,-0.018645317696616266,1.3081470157992243,86,0.08731788396835327,0.12220326066017151,0.9924483299255371,0.5917012010574341,0.3667096773147583,34.48358154296875,1.4087950122873802,-0.6307452636326285,0.741126100082718,287.6949036285068,0.0
20.162,150.63326222778707,-0.06348915274971814,0.4759089853379969,86,-0.06383690983057022,-0.03869786486029625,0.9960468411445618,-0.8409142579078674,-0.7270795425415039,49.433616638183594,1.401798047028106,-0.6202763697906455,0.7381523490515891,287.6949036285068,0.0
20.212,151.7385889805856,0.9360816269498269,0.6548849217921141,86,0.04067276418209076,0.07742975652217865,0.9786961674690247,2.129353335952759,1.0709333101272582,47.394901275634766,1.3966675246241784,-0.6141725272490197,0.7363263210696347,287.6949036285068,0.0
20.264,153.27580910806967,-1.663995310789885,0.2534797887092314,86,-0.04921939969062805,0.00765479588881135,0.9828131794929504,-0.04298098489046097,0.0011534898526966574,45.53540802001953,1.3895885120992,-0.6070213866300442,0.7333581012604183,287.6949036285068,0.0
20.315,155.09029351376114,-0.49250110621378995,0.45423936914317903,86,0.0010865001240745187,-0.01021475438028574,0.9985939860343933,-0.4146417166233063,0.37399741802215575,88.79810333251953,1.3843680786037205,-0.6019417547772847,0.7323178481009802,287.6949036285068,0.0
20.365,158.49419811645666,0.06011712238083438,0.18850336839891313,86,-0.035661738365888596,0.017216650769114494,1.0032532215118408,0.05929422274827957,0.1497474143266678,100.35743713378906,1.375103922760275,-0.5990524458449742,0.7299732546254137,287.6949036285068,0.0
20.415,160.87735135351707,-0.21196083062836243,0.5122311344999678,86,0.08796023577451706,0.0029776368755847216,0.9988883137702942,-0.05191926389336586,0.19190531764030458,51.56015396118164,1.3690920145606935,-0.5973744283860913,0.7286905896646929,287.6949036285068,0.0
20.465,162.14687911783864,0.10954143186011157,0.22445132258954595,86,-0.014117654412984848,-0.011674796231091022,0.9926011562347412,1.1744604621887207,0.2905760386943817,88.3076171875,1.3601404423261656,-0.5961072232488862,0.7258899599121661,287.6949036285068,0.0
20.515,164.34084785989862,-0.5455827706568336,0.45381716743160283,86,0.058042459189891815,0.017694847658276558,0.9998016953468323,0.2949845407962799,0.5272287407875061,53.714576721191406,1.3542397447713541,-0.5954683527038704,0.7241671755001665,294.35777949329776,0.0
20.566,166.63200571115073,-0.3625645310334365,0.23548499256268696,86,0.03028520755469799,-0.025346215814352036,1.000544548034668,0.059336430287361144,-0.25733259525299074,83.6463623046875,1.3453639844353573,-0.5949064689363007,0.7217281663689741,294.35777949329776,0.0
20.616,171.50721751544836,-0.413090106711603,-0.032514616417884244,86,0.013718786649405956,-0.009663397446274757,0.9976154565811157,0.4008708511352539,0.5869326869010926,148.8877410888672,1.340196509380274,-0.5945838374258786,0.7204455095841708,294.35777949329776,0.0
20.666,174.7215469023678,-0.4486608070920016,0.25365738276544497,86,-0.009099753573536873,-0.0036560283042490482,0.9995178580284119,0.07405538753271103,0.0807042548418045,87.1412124633789,1.3350029163744461,-0.5950205529644127,0.7184854106078362,294.35777949329776,0.0
20.717,178.74952876750754,-0.4438764766881737,-0.12188648010278261,86,0.035394929349422455,-0.015328005887567997,0.9991766214370728,0.5819113765716553,0.5310691276550293,123.16072845458984,1.3314560849334414,-0.5965112447223723,0.7167024863105366,294.35777949329776,0.0
20.767,-178.38494908875586,-0.5750893291651449,0.13111093049415884,86,0.02650698646903038,-0.010771038942039013,0.9967870116233826,0.2479793046474457,0.39692482147216795,78.3319320678711,1.3273613143239,-0.5981650875809849,0.7135600660115513,294.35777949329776,0.0
20.818,-175.53725910819853,-0.4891546548981648,-0.03235052492750243,86,-0.004858406260609627,-0.011566919274628162,0.9982552528381348,0.4235163544178009,0.716885713672638,82.585693359375,1.3244446659836868,-0.6001665538328486,0.7113294496118584,294.35777949329776,0.0
20.868,-172.99049343951344,-0.8627152475594655,0.31032417762657594,86,0.046165287494659424,0.010597137734293938,0.9946640729904175,0.4067968343257904,0.4152790585517883,59.33687973022461,1.3151464522637946,-0.605590118910216,0.7090813615693458,294.35777949329776,0.0
20.918,-171.78142409058717,-0.7051433322679623,0.42200513896868774,86,-0.02118034102022648,0.016772832721471786,0.9976794123649597,-0.08591871067285538,0.27346908841133116,60.590877532958984,1.3071770754890144,-0.6102997322349857,0.7082912281968109,294.35777949329776,0.0
20.969,-168.81287603346107,-0.8332279272941028,0.2147147606537854,86,0.042696960270404816,-0.002242082729935646,1.0012470483779907,-0.1198125342965126,0.14858618173599245,113.33453369140625,1.2942303224680403,-0.6186451600206353,0.7064304864003172,294.35777949329776,0.0
21.019,-166.61175058979725,-0.7464237071416507,0.7488507653303458,86,-0.020873496308922768,0.06685040146112442,1.0030211210250854,-0.6781272973060608,-0.7566059550285339,48.79526901245117,1.2862483280372494,-0.6240540978414449,0.7040174838799385,294.35777949329776,0.0
21.07,-165.87667489886545,-0.3043745835982333,1.0352401828938136,86,-0.020263854414224625,0.03470858559012413,1.0054587125778198,-0.5846427763938904,-0.8096499165534973,35.78288269042969,1.2743468831649143,-0.6314291886606636,0.6993542924957536,285.8713195201745,0.0
21.121,-164.64054639725865,-0.528826658010204,0.7365788448087327,86,0.027155200019478798,-0.010230209678411484,0.991321325302124,-0.25315951659679414,-0.6632808765411377,28.54517364501953,1.2622679248279405,-0.6400539933357556,0.6946905962694212,285.8713195201745,0.0
21.171,-164.39528416557226,-0.3837754883737944,0.8441094995315273,86,-0.020732898265123367,0.03420916944742203,1.0033499002456665,0.7005458985328674,0.08438097480535507,20.6658878326416,1.2533825887402021,-0.64687559050581,0.6915338260233294,285.8713195201745,0.0
21.221,-163.47748252166767,-0.3649998793089723,0.7973407015868674,86,0.0016561661614105105,0.011313185095787048,1.0028717517852783,-0.13236985459327696,0.08099868688583374,25.950761795043945,1.2409899911886213,-0.6562311284077575,0.6869631921955203,285.8713195201745,0.0
21.272,-162.712589170881,-0.6042001456256518,0.2932735224703941,86,0.016822053119540215,-0.008138340897858143,0.9982229471206665,-0.6756685461044312,-0.5065144022941589,8.177409172058105,1.2324288562749521,-0.6621313646755328,0.6847480016037912,285.8713195201745,0.0
21.323,-162.49947335906435,-0.6075530944677643,-0.1320089168063777,86,0.028423471376299858,-0.05340747535228729,1.007766842842102,-1.3362640823364258,-0.6364390572547912,-0.8443505764007568,1.2208744623615924,-0.6693666276357869,0.6810922177298522,285.8713195201745,0.0
21.373,-162.51038342421447,-0.605628507130682,0.06321756788594583,86,0.0220405925065279,0.005663914140313864,0.9954931735992432,-0.8250766481399536,-1.0461807569503785,-1.2864457368850708,1.213879891035024,-0.6738141097019139,0.6787428761260393,285.8713195201745,0.0
21.424,-162.50680636481343,-0.6156805249641262,0.1327011040799334,86,0.010472494177520275,0.00478157214820385,1.0002787113189697,0.15539214656352998,0.0016966767594218256,-0.8459423333406448,1.204650759348956,-0.6796034595712238,0.6753718359295954,285.8713195201745,0.0
21.474,-162.51020092091358,-0.6274727438739366,0.1650873177540795,86,0.012257003225386143,0.005779757630079985,0.998240053653717,0.04815158516764641,-0.05154126342535019,-0.8520708680152893,1.1995136534948057,-0.682301872449765,0.6730073554980915,285.8713195201745,0.0
21.525,-162.50771713580565,-0.6472508579065994,0.2060130190239597,86,0.01215213630348444,0.006586411036550999,0.9993582963943481,-0.16934191539287566,0.048483161067962646,-1.0127159235998988,1.191897443548811,-0.6873343919179857,0.6688925356482107,285.8713195201745,0.0
21.576,-162.50825988938232,-0.6462252856648412,0.23662657876943774,86,0.009590725414454937,0.005694897845387459,0.99952232837677,0.04741995677947998,0.19802118632793428,-1.1725637167692184,1.1869744673142144,-0.6896746606464629,0.6671546114149628,283.9553178525489,0.0
21.627,-162.50884372605745,-0.6247103216642607,0.24015643335603715,86,0.010530773550271988,0.0041554211638867855,0.9993836283683777,-0.14188196613788603,-0.008299615421891213,-1.1141873821616173,1.1808428970009746,-0.6927710707780198,0.6642765032008741,283.9553178525489,0.0
21.677,-162.50750586274555,-0.6402156782042863,0.2536747407349347,86,0.011201146990060806,0.00490359403192997,0.9971123933792114,-0.38834876670837404,0.0817813331246376,-1.051530621945858,1.1778952589328668,-0.6954889862719029,0.6617218840679775,283.9553178525489,0.0
21.727,-162.50782370473655,-0.6419494756104884,0.2707922646305167,86,0.011754494160413742,0.005410145502537489,1.000219464302063,0.044828346824645995,0.05515043604969978,-1.276907056570053,1.1759350718753403,-0.6992412603497031,0.6584671316201396,283.9553178525489,0.0
21.778,-162.5073178787058,-0.6540181787176971,0.2914266893002899,86,0.011839637532830238,0.00782702025026083,0.9981699585914612,-0.028066541174054147,-0.008324551118165255,-1.0138626173138618,1.175721419725599,-0.7021697615574753,0.6561519063234585,283.9553178525489,0.0
21.828,-162.50863631035796,-0.6526758907775809,0.2884473293100294,86,0.009386719204485416,0.005432135425508022,0.9987365007400513,-0.09087232604026795,-0.05860536005496979,-0.8374160528182983,1.1766340673582045,-0.7059728326120578,0.6526397144093503,283.9553178525489,0.0
21.878,-162.50978715713154,-0.6586589027519447,0.2653669110522639,86,0.011960288509726524,0.0030216260347515345,0.9990902543067932,-0.07455802067518234,-0.0074259920060634615,-1.0506999492645264,1.1789373549269528,-0.7112331609767706,0.6483220382881757,283.9553178525489,0.0
21.929,-162.50908098579436,-0.6710648007364544,0.28771151642794623,86,0.011516458354890347,0.005267537664622068,1.0009244680404663,-0.11033624514341354,0.017198046481609344,-1.01190922036767,1.180333195978179,-0.7153637642680647,0.6449644743309128,283.9553178525489,0.0
21.979,-162.55328712503405,-0.6064759574119551,0.37716962890556904,86,-0.011567115783691406,0.043373703956604004,0.9864984750747681,0.6169423376083374,1.789102760887146,-5.895306587219238,1.1846120937361324,-0.7217838152855207,0.6393791043030304,283.9553178525489,0.0
22.029,-162.5165507350439,-0.7175128355109728,0.2744019168516105,86,0.05223637446761131,-0.03224603459239006,1.000736951828003,1.9982109580993652,1.1934446969985961,-0.1889844536781311,1.1873958952148045,-0.7270517675197569,0.6355029241824092,283.9553178525489,0.0
22.079,-162.52434631028228,-0.6129035954921858,0.32360475837472213,86,0.010914902202785015,0.007138499990105629,1.0022276639938354,-0.006628581195697188,0.1646458337068558,-1.2985266149044037,1.191753882433138,-0.7351114269222908,0.6291203684830357,283.9553178525489,0.0
22.13,-162.52643932756217,-0.6037253482116048,0.32095892148689803,86,0.011964700184762478,0.005179328378289938,0.9931982159614563,-0.570141979598999,-0.4872868081569672,-1.025492986664176,1.1947643662459768,-0.7409868317146732,0.6244537838473397,286.02727768685213,0.0
22.18,-162.52619508035247,-0.6332933408078472,0.30578393920345337,86,0.008876833133399487,0.007069595158100128,1.0011565685272217,-0.09043025329113007,-0.2878013571739197,-1.1421744376420975,1.1998872323584084,-0.7475253755899656,0.6189899172763763,286.02727768685213,0.0
22.23,-162.52686925991154,-0.6330700276730871,0.2815052154747621,86,0.010363845154643059,0.0036813667975366116,1.0002999305725098,-0.3707273687362671,-0.5875604471206665,-1.1237415969371796,1.2039786586073962,-0.7515377064824216,0.6158809929712726,286.02727768685213,0.0
22.281,-162.5269896805078,-0.6386649016285797,0.3047248544317384,86,0.010529138147830963,0.005407682619988918,0.99756920337677,-0.5089391554832459,-0.26986241545677186,-0.8317565470933914,1.211157786176252,-0.7570696863997901,0.610727807916128,286.02727768685213,0.0
22.332,-162.52705601530806,-0.6329718525642318,0.29680597982470097,86,0.013556917198002338,0.006122081074863672,0.9958851337432861,0.11894126132726669,0.09042707625627518,-0.7971092760562897,1.2173041299538958,-0.7605730744138387,0.6068053458056175,286.02727768685213,0.0
22.382,-162.52429556643142,-0.611112333322091,0.267785105366359,86,0.006812914274632931,0.002039143815636635,1.0013227462768555,0.055707982635498046,0.037622155433893203,-1.0980806350708008,1.2279730658881267,-0.7648952717466946,0.6020333696050882,286.02727768685213,0.0
22.432,-162.52476763289823,-0.6344531822006625,0.2816068746095188,86,0.015242821536958218,0.006864464376121759,1.0032455921173096,-0.0685083950996399,0.4562292674541473,-1.1866471767425537,1.2363731425866444,-0.7678542890302799,0.5988466888702542,286.02727768685213,0.0
22.483,-162.5241449412764,-0.6661828784457611,0.2800851992371364,86,0.02448255941271782,-0.01480345893651247,0.9984726309776306,-0.9478180493354798,-1.207804354095459,-0.8348562866449356,1.2492928225430995,-0.7723252682088242,0.5940275598667092,286.02727768685213,0.0
22.533,-162.52440049188215,-0.6466117148882906,0.24786106103517277,86,0.009131725877523422,0.0022773242089897394,0.9974425435066223,-0.7046924318313599,-0.3596443256378174,-1.0610305592417717,1.2578679165973474,-0.7753796206629299,0.5909540840170943,286.02727768685213,0.0
22.584,-162.52652864623957,-0.6124631030644622,0.2906219580867932,86,0.009329445660114288,0.006570043973624706,0.9966078996658325,-0.07020194187164307,-0.010315322970598936,-1.1070746928453445,1.271136669803646,-0.7787167579576703,0.5873250500496292,286.02727768685213,0.0
22.635,-162.52511794888395,-0.6368607964793077,0.26045840538455495,86,0.011824013665318489,0.0037262877449393272,0.998284101486206,-0.2169644619464874,-0.0974619707107544,-1.2868237495422363,1.2795858266267226,-0.7808991334517785,0.5850020193717127,286.02727768685213,0.0
22.685,-162.5214306884639,-0.6552109371349503,0.2741148102476385,86,0.01238248124718666,0.004395107738673687,1.0002408027648926,-0.05401989176273346,-0.09969948437213898,-0.8792702928185463,1.290121223421135,-0.7867568514862499,0.5796736295107195,274.1196000261421,0.0
22.735,-162.51822519277246,-0.6456270892395324,0.24141648749823186,86,0.010045667178928852,0.0016082614893093705,0.9960823059082031,-0.058201828145980836,0.017166703751683235,-0.7244088649749756,1.295705977683233,-0.7910629240887532,0.5758065977558758,274.1196000261421,0.0
22.785,-162.51373460992815,-0.6611324743645448,0.2847310406397226,86,0.011646231636404991,0.007409082725644112,1.0007386207580566,0.06209748879671097,0.026393327674269676,-1.1088121011853218,1.3058187883956551,-0.7955995019475393,0.5714049971406276,274.1196000261421,0.0
22.836,-162.51424587928094,-0.6562034268672133,0.2724130256754114,86,0.012073605321347713,0.0006853587692603469,1.0005979537963867,-0.029544183158874512,0.09726606849431992,-0.9550782442092896,1.3109408645036926,-0.799752493491994,0.5683407730779744,274.1196000261421,0.0
22.886,-162.51502567877324,-0.6794141320279281,0.2613690831338102,86,0.010625292547047138,0.005191539414227009,1.0006966590881348,0.1572795872449875,-0.23175034132003783,-0.9674300141632557,1.3169970659030474,-0.8044404157685913,0.5649012222090425,274.1196000261421,0.0
22.936,-162.5146367027895,-0.6679397437113352,0.3251959644053799,86,0.012857823632657528,0.006586361676454544,1.0020477771759033,-0.025029246801137925,0.13277944717407228,-1.1094332113862038,1.3212746300166538,-0.8066738710550978,0.5629955884329373,274.1196000261421,0.0
22.987,-162.515448212113,-0.6585898460040178,0.2665873381889865,86,0.011632934212684631,0.0004337987629696727,0.9990151524543762,-0.24076654865741728,-0.09058444406986237,-1.1992002427577972,1.3263140441924142,-0.8093275131547514,0.5604826400410569,274.1196000261421,0.0
23.037,-162.5125394851183,-0.6620652111647399,0.3147203190890901,86,0.012266167439520359,0.010482313111424446,0.995677649974823,-0.24292420699596404,0.053974805212020874,-0.8355726301670074,1.3273853631774046,-0.8110154962432,0.5599243087797346,274.1196000261421,0.0
23.087,-162.49977497086894,-0.66413584755099,0.27040839076469464,86,0.015415595844388008,0.003427747869864106,1.0018320083618164,1.2280564819335937,0.9335183778762818,-1.3881814777851105,1.3270502966407083,-0.8144724575160646,0.5582512391245329,274.1196000261421,0.0
23.138,-162.49977497086894,-0.66413584755099,0.27040839076469464,86,0.015415595844388008,0.003427747869864106,1.0018320083618164,1.2280564819335937,0.9335183778762818,-1.3881814777851105,1.3270502966407083,-0.8144724575160646,0.5582512391245329,274.1196000261421,0.0
23.188,-162.49977497086894,-0.66413584755099,0.27040839076469464,86,0.015415595844388008,0.003427747869864106,1.0018320083618164,1.2280564819335937,0.9335183778762818,-1.3881814777851105,1.3270502966407083,-0.8144724575160646,0.5582512391245329,274.1196000261421,0.0
23.238,-162.49977497086894,-0.66413584755099,0.27040839076469464,86,0.015415595844388008,0.003427747869864106,1.0018320083618164,1.2280564819335937,0.9335183778762818,-1.3881814777851105,1.3270502966407083,-0.8144724575160646,0.5582512391245329,274.1196000261421,0.0
23.288,-162.49977497086894,-0.66413584755099,0.27040839076469464,86,0.015415595844388008,0.003427747869864106,1.0018320083618164,1.2280564819335937,0.9335183778762818,-1.3881814777851105,1.3270502966407083,-0.8144724575160646,0.5582512391245329,274.1196000261421,0.0
23.338,-162.49977497086894,-0.66413584755099,0.27040839076469464,86,0.015415595844388008,0.003427747869864106,1.0018320083618164,1.2280564819335937,0.9335183778762818,-1.3881814777851105,1.3270502966407083,-0.8144724575160646,0.5582512391245329,274.1196000261421,0.0
23.389,-162.49977497086894,-0.66413584755099,0.27040839076469464,86,0.015415595844388008,0.003427747869864106,1.0018320083618164,1.2280564819335937,0.9335183778762818,-1.3881814777851105,1.3270502966407083,-0.8144724575160646,0.5582512391245329,274.1196000261421,0.0
23.439,-162.49977497086894,-0.66413584755099,0.27040839076469464,86,0.015415595844388008,0.003427747869864106,1.0018320083618164,1.2280564819335937,0.9335183778762818,-1.3881814777851105,1.3270502966407083,-0.8144724575160646,0.5582512391245329,274.1196000261421,0.0
23.489,-162.49977497086894,-0.66413584755099,0.27040839076469464,86,0.015415595844388008,0.003427747869864106,1.0018320083618164,1.2280564819335937,0.9335183778762818,-1.3881814777851105,1.3270502966407083,-0.8144724575160646,0.5582512391245329,274.1196000261421,0.0
23.539,-162.49977497086894,-0.66413584755099,0.27040839076469464,86,0.015415595844388008,0.003427747869864106,1.0018320083618164,1.2280564819335937,0.9335183778762818,-1.3881814777851105,1.3270502966407083,-0.8144724575160646,0.5582512391245329,274.1196000261421,0.0
23.59,-162.49977497086894,-0.66413584755099,0.27040839076469464,86,0.015415595844388008,0.003427747869864106,1.0018320083618164,1.2280564819335937,0.9335183778762818,-1.3881814777851105,1.3270502966407083,-0.8144724575160646,0.5582512391245329,274.1196000261421,0.0
23.64,-162.49977497086894,-0.66413584755099,0.27040839076469464,86,0.015415595844388008,0.003427747869864106,1.0018320083618164,1.2280564819335937,0.9335183778762818,-1.3881814777851105,1.3270502966407083,-0.8144724575160646,0.5582512391245329,274.1196000261421,0.0
23.69,-162.49977497086894,-0.66413584755099,0.27040839076469464,86,0.015415595844388008,0.003427747869864106,1.0018320083618164,1.2280564819335937,0.9335183778762818,-1.3881814777851105,1.3270502966407083,-0.8144724575160646,0.5582512391245329,274.1196000261421,0.0
23.74,-162.49977497086894,-0.66413584755099,0.27040839076469464,86,0.015415595844388008,0.003427747869864106,1.0018320083618164,1.2280564819335937,0.9335183778762818,-1.3881814777851105,1.3270502966407083,-0.8144724575160646,0.5582512391245329,274.1196000261421,0.0
23.791,-162.49977497086894,-0.66413584755099,0.27040839076469464,86,0.015415595844388008,0.003427747869864106,1.0018320083618164,1.2280564819335937,0.9335183778762818,-1.3881814777851105,1.3270502966407083,-0.8144724575160646,0.5582512391245329,274.1196000261421,0.0
23.841,-162.49977497086894,-0.66413584755099,0.27040839076469464,86,0.015415595844388008,0.003427747869864106,1.0018320083618164,1.2280564819335937,0.9335183778762818,-1.3881814777851105,1.3270502966407083,-0.8144724575160646,0.5582512391245329,274.1196000261421,0.0
23.892,-162.49977497086894,-0.66413584755099,0.27040839076469464,86,0.015415595844388008,0.003427747869864106,1.0018320083618164,1.2280564819335937,0.9335183778762818,-1.3881814777851105,1.3270502966407083,-0.8144724575160646,0.5582512391245329,274.1196000261421,0.0
23.942,-162.49977497086894,-0.66413584755099,0.27040839076469464,86,0.015415595844388008,0.003427747869864106,1.0018320083618164,1.2280564819335937,0.9335183778762818,-1.3881814777851105,1.3270502966407083,-0.8144724575160646,0.5582512391245329,274.1196000261421,0.0
23.992,-162.49977497086894,-0.66413584755099,0.27040839076469464,86,0.015415595844388008,0.003427747869864106,1.0018320083618164,1.2280564819335937,0.9335183778762818,-1.3881814777851105,1.3270502966407083,-0.8144724575160646,0.5582512391245329,274.1196000261421,0.0
24.043,-162.49977497086894,-0.66413584755099,0.27040839076469464,86,0.015415595844388008,0.003427747869864106,1.0018320083618164,1.2280564819335937,0.9335183778762818,-1.3881814777851105,1.3270502966407083,-0.8144724575160646,0.5582512391245329,274.1196000261421,0.0
24.093,-162.49977497086894,-0.66413584755099,0.27040839076469464,86,0.015415595844388008,0.003427747869864106,1.0018320083618164,1.2280564819335937,0.9335183778762818,-1.3881814777851105,1.3270502966407083,-0.8144724575160646,0.5582512391245329,274.1196000261421,0.0
24.143,-162.49977497086894,-0.66413584755099,0.27040839076469464,86,0.015415595844388008,0.003427747869864106,1.0018320083618164,1.2280564819335937,0.9335183778762818,-1.3881814777851105,1.3270502966407083,-0.8144724575160646,0.5582512391245329,274.1196000261421,0.0
24.194,-162.49977497086894,-0.66413584755099,0.27040839076469464,86,0.015415595844388008,0.003427747869864106,1.0018320083618164,1.2280564819335937,0.9335183778762818,-1.3881814777851105,1.3270502966407083,-0.8144724575160646,0.5582512391245329,274.1196000261421,0.0
24.244,-162.49977497086894,-0.66413584755099,0.27040839076469464,86,0.015415595844388008,0.003427747869864106,1.0018320083618164,1.2280564819335937,0.9335183778762818,-1.3881814777851105,1.3270502966407083,-0.8144724575160646,0.5582512391245329,274.1196000261421,0.0
24.295,-162.49977497086894,-0.66413584755099,0.27040839076469464,86,0.015415595844388008,0.003427747869864106,1.0018320083618164,1.2280564819335937,0.9335183778762818,-1.3881814777851105,1.3270502966407083,-0.8144724575160646,0.5582512391245329,274.1196000261421,0.0
24.346,-162.49977497086894,-0.66413584755099,0.27040839076469464,86,0.015415595844388008,0.003427747869864106,1.0018320083618164,1.2280564819335937,0.9335183778762818,-1.3881814777851105,1.3270502966407083,-0.8144724575160646,0.5582512391245329,274.1196000261421,0.0
