time (s),yaw,pitch,roll,battery,acc_x,acc_y,acc_z,gyro_roll,gyro_pitch,gyro_yaw,altitude (m),loop rate (Hz),target altitude (m)
0.0,76.56413158164916,-0.31224376451080005,0.3748911965483737,61,0.006503657903522253,0.00549142062664032,0.9968287348747253,-0.20889000594615936,-0.14006198942661285,-0.05832590535283089,0.016529768982359694,281.17610779647384,0.0
0.05,76.56579867435961,-0.2889782626976407,0.3961099378897882,61,0.005102935712784529,0.0062023852951824665,0.9986651539802551,0.02951739728450775,-0.14351117610931396,-0.06184240058064461,0.016232740241095108,281.17610779647384,0.0
0.101,76.5642901464565,-0.2857076591984752,0.3721003297311237,61,0.003642397467046976,0.006540633738040924,0.997334897518158,-0.029419614002108574,0.01983414962887764,-0.24189206957817078,0.015141935665843686,281.17610779647384,0.0
0.152,76.56264340761547,-0.2817318313343303,0.3832476393048743,61,0.0035041733644902706,0.0077555254101753235,0.998723566532135,-0.24489858746528625,0.048105355352163315,-0.25243112444877625,0.01509552459808118,281.17610779647384,0.0
0.202,76.563175502466,-0.2890364527509643,0.3734408817134583,61,0.0050667403265833855,0.006593229249119759,0.9983721971511841,-0.08069183677434921,0.041862670332193375,0.12153134495019913,0.015411455768946784,281.17610779647384,0.0
0.252,76.56364852256955,-0.27002924924995975,0.3797976707888149,62,0.004453993868082762,0.007685845717787743,0.9979003071784973,-0.08402112871408463,-0.06222596764564514,-0.05503242835402489,0.01639060535287538,281.17610779647384,0.0
0.302,76.56327399110491,-0.2705199320457624,0.3878716979226231,62,0.005123646464198828,0.009923401288688183,0.9986344575881958,0.10009751468896866,0.04737057164311409,-0.15464076399803162,0.017373613682965985,281.17610779647384,0.0
0.352,76.56324104909676,-0.29033889046461964,0.3874458560972213,62,0.005367680918425322,0.007341200485825539,0.9957730174064636,-0.2776477336883545,-0.00674730259925127,-0.011836372315883636,0.0185752336182201,279.5643537959075,0.0
0.403,76.56018545991665,-0.2918510985153476,0.33536895207002887,62,0.00577413709834218,0.0054712919518351555,0.9977957010269165,-0.08875735104084015,0.051870156079530716,-0.18863259255886078,0.0195981672338839,279.5643537959075,0.0
0.453,76.56001274945092,-0.29178084859159825,0.4074745274460891,62,0.006326679140329361,0.0074823410250246525,1.000522494316101,-0.1796409785747528,-0.12009799480438232,0.0496574342250824,0.02038874191950535,279.5643537959075,0.0
0.503,76.55376867141213,-0.2742939487938044,0.39826016125170155,62,0.0018518768483772874,0.003908474929630756,0.9948804974555969,-0.63106369972229,-0.18053178489208221,-0.08692685514688492,0.020999455947936844,279.5643537959075,0.0
0.553,76.55267960330688,-0.3200700537744332,0.40614341898323336,62,0.007323953323066235,0.0077198576182127,0.9973952174186707,-0.3364174962043762,-0.11450330168008804,0.05285446345806122,0.021041840512422236,279.5643537959075,0.0
0.604,76.5546141907636,-0.31787152304550276,0.3816873708795782,62,0.004146082792431116,0.007497367449104786,0.9983256459236145,0.033155232667922974,-0.04232364892959595,-0.10466024279594421,0.021992269798833987,279.5643537959075,0.0
0.654,76.55382404883433,-0.3028410426541586,0.37863832067598946,62,0.003731776727363467,0.005606355145573616,0.9982414841651917,-0.08419114351272583,-0.24608325958251953,-0.08576887100934982,0.022497002509100132,279.5643537959075,0.0
0.704,76.55593658583602,-0.29276427652735804,0.37557024952577545,62,0.004684119019657373,0.009107292629778385,0.9973209500312805,-0.1248314380645752,-0.08529303222894669,0.22852344810962677,0.0227498507983511,279.5643537959075,0.0
0.755,76.55226413645225,-0.30238387806302786,0.37712066632101626,62,0.00392550602555275,0.006566603202372789,0.9988413453102112,-0.2072499692440033,-0.12429194152355194,-0.2121804803609848,0.023377545715235343,279.5643537959075,0.0
0.805,76.55508534651078,-0.2779997029542088,0.3571592029530239,62,0.005285763181746006,0.007030521519482136,0.9985746741294861,0.0019800460431724787,-0.08401693403720856,-0.21512223780155182,0.023819221204195298,279.5643537959075,0.0
0.855,76.55367907595966,-0.29138575452211307,0.38670719758641176,62,0.006337572354823351,0.007512992713600397,0.998783528804779,0.11281145364046097,0.08474564552307129,-0.13025224208831787,0.024156646651998896,279.5643537959075,0.0
0.906,76.54847358617938,-0.302416413114453,0.3821454403831308,62,0.0053672208450734615,0.006157208234071732,0.9980294704437256,-0.004012955818325281,-0.025064822286367416,0.07339253276586533,0.024220397798659924,279.5643537959075,0.0
0.956,76.5480897032528,-0.344655520351752,0.38100315172117594,62,0.006534278858453035,0.006684871390461922,0.9961062669754028,-0.1104833260178566,0.08215467631816864,0.059937965124845505,0.024267444247860284,286.4374786587448,0.0
1.008,76.54874176886048,-0.31939091619662524,0.3843211434220256,61,0.005926974583417177,0.005859724711626768,0.9990648627281189,-0.3618667721748352,0.012028169818222523,-0.0010764789767563343,0.024438046955924858,286.4374786587448,0.0
1.058,76.54842886296369,-0.3157525885687096,0.3755266703325074,61,0.004641932435333729,0.00734434649348259,0.9966540932655334,-0.4401546120643616,-0.16662880778312683,-0.20809239149093628,0.02484637287235745,286.4374786587448,0.0
1.108,76.5483806834343,-0.2731944893811783,0.36022232748510724,61,0.003684790339320898,0.005888838320970535,0.9978481531143188,0.03315889835357666,-0.08357708156108856,0.11570730805397034,0.025258681732424848,286.4374786587448,0.0
1.159,76.54858654946779,-0.2979939258060529,0.40246019771744707,61,0.005793727934360504,0.006426449865102768,0.9993645548820496,-0.13737760484218597,0.10601182281970978,0.20238111913204193,0.025671185632941237,286.4374786587448,0.0
1.21,76.54729328722718,-0.3057307449944133,0.3632839093180474,61,0.006140164099633694,0.005805107764899731,0.997128963470459,-0.036568932235240936,-0.05828886479139328,-0.00016223706188611686,0.02608275037124052,286.4374786587448,0.0
1.261,76.5461900800458,-0.308662965336212,0.38483196335330505,62,0.004872060846537352,0.0062631405889987946,0.998648464679718,-0.16374455392360687,-0.015962522476911545,-0.07931101322174072,0.02644851202070424,286.4374786587448,0.0
1.312,76.54324201724353,-0.29077463639065865,0.37327562173968354,62,0.003920829389244318,0.004669480491429567,0.9970471858978271,-0.08302155137062073,-0.1136527806520462,-0.05445851385593414,0.026875252176673546,286.4374786587448,0.0
1.362,76.54572319834202,-0.2725497777267307,0.3814212600769698,62,0.004503497388213873,0.00699734129011631,0.9981318116188049,-0.2252022922039032,-0.0239150021225214,0.05938023328781128,0.02690237485069906,286.4374786587448,0.0
1.413,76.54596691021771,-0.2930318461248913,0.40782372325374405,62,0.003906486090272665,0.00863966066390276,1.0007468461990356,-0.1434183567762375,-0.053159572184085846,-0.00665240129455924,0.026906917959693535,286.4374786587448,0.0
1.468,76.54199712868278,-0.2597832126455901,0.41876134281897404,62,0.003967032767832279,0.005664456635713577,0.9991831183433533,0.01901947893202305,-0.0459924042224884,0.15284790098667145,0.0271029357906678,244.35211185551995,0.0
1.519,76.54173662349429,-0.3007461287149076,0.3923032484586374,62,0.004452519118785858,0.005394031759351492,0.998127281665802,-0.3054763674736023,-0.06198481097817421,-0.05779952183365822,0.027406353862355015,244.35211185551995,0.0
1.57,76.54177133257252,-0.29364632956970593,0.400588713368582,62,0.004231900442391634,0.007760821841657162,1.0013583898544312,-0.1689242720603943,-0.11457569152116776,0.09295669198036194,0.027185218180503103,244.35211185551995,0.0
1.62,76.53825566699047,-0.3217972903612998,0.37288932774029865,62,0.005778999999165535,0.006079634185880423,0.9975769519805908,-0.35603418946266174,0.024117164313793182,-0.1974921077489853,0.02638398769151942,244.35211185551995,0.0
1.671,76.53576789051118,-0.30925466898437237,0.4110334787965544,62,0.005002396646887064,0.007378995884209871,0.9988787174224854,-0.24934811890125275,0.19676899909973145,-0.2924897372722626,0.02587515401281561,244.35211185551995,0.0
1.721,76.53369670007473,-0.31878168635507265,0.38923891382175535,62,0.005041350144892931,0.007718256209045649,0.9958861470222473,-0.3213743269443512,-0.1267545223236084,-0.16125290095806122,0.025729137090720482,244.35211185551995,0.0
1.772,76.53252791828295,-0.30367217942802854,0.390383952207079,62,0.005945566575974226,0.007006948813796043,0.997321367263794,-0.20953349769115448,-0.04127591475844383,-0.030103644356131554,0.025563883506712518,244.35211185551995,0.0
1.823,76.52753720537781,-0.26838335487823967,0.43140513912634953,62,0.004923729691654444,0.009427559562027454,1.001093864440918,0.023495787754654884,0.05044415593147278,-0.3538513481616974,0.025420289473341056,244.35211185551995,0.0
1.874,76.52633404037122,-0.2825221999644747,0.39778239943085286,62,0.004965923726558685,0.007117347326129675,0.9979356527328491,0.07098934054374695,-0.08270283788442612,-0.12886127829551697,0.025323265367638598,244.35211185551995,0.0
1.924,76.5232217353586,-0.28166462646555246,0.37844922975636475,62,0.0034536418970674276,0.008030660450458527,0.9995319247245789,0.04508226364850998,0.09148108214139938,-0.19411130249500275,0.024569439132410987,244.35211185551995,0.0
1.975,76.52088720962234,-0.27507629726150856,0.3479494589785628,62,0.005164685659110546,0.00421871617436409,0.9985281825065613,-0.09089222550392151,-0.03804701939225197,0.1694278120994568,0.02432336891875247,244.35211185551995,0.0
2.026,76.52128284564799,-0.2764346298408231,0.3512290120453676,62,0.0033497654367238283,0.006873046979308128,0.9998992085456848,-0.038466691970825195,-0.11115176230669022,0.09934723377227783,0.02330495555519637,268.5041930734268,0.0
2.077,76.52317288269526,-0.3122673687410148,0.37522581539928834,62,0.0032656630501151085,0.006027986761182547,0.9968435764312744,-0.04050832241773605,-0.3502885401248932,-0.10788531601428986,0.02271224571990307,268.5041930734268,0.0
2.127,76.52012890697868,-0.27089551498760794,0.3668964105618125,62,0.005765663925558329,0.007184050511568785,0.9983267188072205,0.004557493608444929,0.11807505786418915,0.02113206498324871,0.022959433435301234,268.5041930734268,0.0
2.177,76.52103106753997,-0.2523981872287977,0.4117710735693902,62,0.0030265662353485823,0.008552550338208675,0.9983652234077454,-0.07530476897954941,0.047718487679958344,0.17252372205257416,0.023198790042721986,268.5041930734268,0.0
2.227,76.52020008146877,-0.27474295642202057,0.3787827872230383,62,0.006422845181077719,0.007249453105032444,0.9982919692993164,-0.16299870610237122,0.0901348814368248,0.0061922697350382805,0.022776339166450953,268.5041930734268,0.0
2.277,76.52239717563792,-0.2558005098923811,0.3687033839187175,62,0.0034278975799679756,0.007753938436508179,0.997715175151825,-0.013522054068744183,0.03638719767332077,0.07382768392562866,0.022340563425106305,268.5041930734268,0.0
2.329,76.52397028141225,-0.2642541960354463,0.38424296850155404,62,0.005581236444413662,0.00587807409465313,0.9985731840133667,-0.0803215429186821,-0.011859443970024586,-0.2246876358985901,0.02175209527293852,268.5041930734268,0.0
2.379,76.5270552121616,-0.2593722889344054,0.38952516655432806,62,-0.0027237136382609606,0.009170640259981155,1.0008561611175537,-0.13361327350139618,-0.11496347188949585,0.08938056975603104,0.021109978183999758,268.5041930734268,0.0
2.429,76.52835099275657,-0.3585963281501741,0.38630919404887304,62,-0.0021305899135768414,0.006871537771075964,0.9960667490959167,-0.09622975438833237,-0.021113093942403793,-0.13154959678649902,0.02052672759625931,268.5041930734268,0.0
2.48,76.52696976616096,-0.3127302934965886,0.4044249685585204,62,0.0034221878740936518,0.008623968809843063,0.995830237865448,-0.11956904828548431,-0.2705734372138977,-0.09839586913585663,0.019209696987961107,268.5041930734268,0.0
2.53,76.5257114041669,-0.31004810934889293,0.4287640962074945,62,0.005488622933626175,0.00711197592318058,0.9960705041885376,0.07765763998031616,0.02183370478451252,0.03235238417983055,0.01788318111372407,268.5041930734268,0.0
2.581,76.52339645093288,-0.31276509675786324,0.3642800200170502,62,0.006236497778445482,0.004329995717853308,0.9989317059516907,-0.029439745470881462,0.07911316305398941,-0.08510617166757584,0.016367410736768624,299.1230922835544,0.0
2.633,76.52524900192812,-0.3158731121076938,0.40965714568065187,62,0.006590156815946102,0.007660416420549154,1.0002992153167725,0.10710830241441727,-0.097600057721138,0.09133924543857574,0.01579352835975933,299.1230922835544,0.0
2.684,76.52393184578096,-0.32759496406563643,0.41195120929594914,62,0.00550853693857789,0.007279654964804649,0.9983124136924744,-0.2055491954088211,0.14291614294052124,0.10310766845941544,0.014864917890582597,299.1230922835544,0.0
2.734,76.52394122273374,-0.3378221945630293,0.42714970021225734,61,0.005816963501274586,0.006536165252327919,0.9992801547050476,-0.04837070405483246,0.21712952852249146,0.14871294796466827,0.014624866217542854,299.1230922835544,0.0
2.784,76.5222143144423,-0.31783948876017576,0.4226781286952448,61,0.0038339882157742977,0.0077187661081552505,0.9953565001487732,-0.29792192578315735,0.012208019383251667,-0.1707393079996109,0.014280449094210095,299.1230922835544,0.0
2.836,76.52301249284982,-0.30910709829789607,0.43384255148377926,61,0.0036739702336490154,0.0065965112298727036,0.9982060194015503,-0.020694781094789505,-0.08545900136232376,-0.07590769231319427,0.013926401361881958,299.1230922835544,0.0
2.887,76.52352094632187,-0.29467017182830124,0.40796995287417753,61,0.005433578044176102,0.00637316657230258,0.9994717240333557,0.05125802382826805,0.09850454330444336,-0.026587797328829765,0.013460728340763693,299.1230922835544,0.0
2.937,76.52152452416045,-0.36073773125144676,0.4215421636685786,61,0.012059418484568596,0.006412598304450512,0.9971551299095154,-0.2782278060913086,0.07907355576753616,-0.06881635636091232,0.01300255951552177,299.1230922835544,0.0
2.987,76.51001632883441,-0.4575032401478023,0.46429348226572287,61,0.025109902024269104,0.0018438578117638826,0.997958779335022,0.15870928764343262,0.1920829564332962,-0.45786944031715393,0.012618105050611105,299.1230922835544,0.0
3.038,76.49943094384476,-0.3403759485655307,0.45552002520369744,61,0.005679943133145571,0.006660211831331253,0.9999499320983887,-0.14348071813583374,-0.09725532680749893,-0.4953226149082184,0.01196734641701022,299.1230922835544,0.0
3.089,76.48932838202134,-0.30366658196038976,0.3395125369986194,61,0.00011369419371476397,0.0017044672276824713,1.0004730224609375,-0.3569888174533844,-0.2228262722492218,0.010629890486598015,0.01105761680288442,299.1230922835544,0.0
3.141,76.48679099066878,-0.2813811993569347,0.3147713976293227,61,0.005861836019903421,0.00519556226208806,0.9974595904350281,-0.20329874753952026,-0.09530255198478699,-0.11191240698099136,0.009374667627142329,282.7684217622868,0.0
3.192,76.48609818637674,-0.27183665565167064,0.33916979493484456,61,0.004455046262592077,0.004699669312685728,0.9953224658966064,-0.10299279540777206,0.02150740660727024,-0.07186818867921829,0.008221345659821846,282.7684217622868,0.0
3.242,76.48452121454729,-0.246413463968872,0.38864383572290145,62,0.008070441894233227,0.008986188098788261,0.9974266290664673,-0.38880786299705505,0.09558116644620895,-0.019163258373737335,0.006746176540661452,282.7684217622868,0.0
3.293,76.48604228963997,-0.2980913826554024,0.41872186326206307,62,0.0058412994258105755,0.00918189249932766,0.9980291724205017,0.04763340950012207,0.01243386697024107,0.12174084782600403,0.005921337247157648,282.7684217622868,0.0
3.343,76.48430373427394,-0.30289732459218616,0.3815426035960618,62,0.006549944169819355,0.003699559485539794,0.9975407719612122,-0.48682278394699097,0.02217429131269455,0.09479174017906189,0.00488673440574273,282.7684217622868,0.0
3.394,76.48462619207469,-0.30742862514176234,0.38910549318599646,62,0.003971603699028492,0.008993180468678474,0.9975119829177856,0.11146558821201324,-0.0803224965929985,-0.10261993110179901,0.004311850522708858,282.7684217622868,0.0
3.445,76.48313115179432,-0.29178920505117023,0.3952780896918504,62,0.0028592085000127554,0.008380464278161526,0.9951067566871643,-0.2576053738594055,0.15426577627658844,-0.018773812800645828,0.0035675346426500636,282.7684217622868,0.0
3.495,76.4806144944865,-0.28183998801201254,0.3548690499434792,62,0.0019514330197125673,0.006467736326158047,0.9963643550872803,-0.12046024948358536,-0.13848643004894257,-0.1457652449607849,0.0031261626280056592,282.7684217622868,0.0
3.546,76.47790104676079,-0.284919123870864,0.3873914785788584,62,0.004741933662444353,0.006507400888949633,0.9933322668075562,-0.2702610492706299,-0.19346173107624054,-0.04089578241109848,0.0025766123199294035,282.7684217622868,0.0
3.596,76.48971890922125,-0.4201155669508819,0.4421088794995997,62,0.018176225945353508,-0.0035539467353373766,0.9836901426315308,-0.5182104110717773,0.3846273124217987,0.5021955370903015,0.002138608283389848,282.7684217622868,0.0
3.647,76.48580905280683,-0.42941709927194704,0.5095438672679024,62,0.013368441723287106,0.007635750342160463,1.0003551244735718,2.4740030765533447,-1.7284427881240845,-0.20208542048931122,0.0018895872763085122,282.7684217622868,0.0
3.699,75.41917070055938,1.7755395386839683,3.476548576812236,62,0.04361117258667946,-0.11911199241876602,1.2872381210327148,-35.26420211791992,-52.476322174072266,-1.6844162940979004,0.0015736223385621256,271.23021210553543,0.0
3.749,70.14650817979604,1.6462234545630596,-1.3513702777907202,61,0.14235518872737885,-0.7098696231842041,1.4383866786956787,54.69667434692383,-22.02497100830078,-67.21632385253906,0.00139890057560912,271.23021210553543,0.0
3.799,69.27195824272351,9.219469891622262,4.934936676415665,61,-0.26458269357681274,0.432658851146698,1.1680399179458618,205.88922119140625,247.24594116210938,91.08037567138672,0.0011697693547580749,271.23021210553543,0.0
3.85,72.1913375314414,11.215909902158689,4.895711209886668,61,-0.08427976071834564,0.10025332868099213,0.8033095002174377,-6.587198734283447,9.129035949707031,6.075068473815918,0.0010360920152659193,271.23021210553543,0.0
3.9,73.40315053411965,13.451259293279543,15.207142325407442,61,-0.01728629879653454,0.2547362148761749,1.0183510780334473,304.1247863769531,215.4843292236328,5.843876361846924,0.000920280962510175,271.23021210553543,0.0
3.952,71.18213334646738,18.108972390330194,14.837001625140868,61,-0.5581342577934265,0.3414718508720398,0.4739166498184204,52.426719665527344,-131.72547912597656,-79.7850112915039,0.0010211472067663066,271.23021210553543,0.0
4.003,73.69241851992741,37.4403296331042,0.695746136665974,61,-0.6540312170982361,-0.07475949078798294,0.580819308757782,234.92501831054688,-542.939697265625,125.02926635742188,0.0008521953082354152,271.23021210553543,0.0
4.053,76.67157365412426,42.04672176342022,-13.560396935356993,61,-0.4073964059352875,-0.21397219598293304,0.6012268662452698,-66.13910675048828,-58.209049224853516,38.258243560791016,0.0007588463448241394,271.23021210553543,0.0
4.103,76.48325024247382,37.648815204350846,-14.319895327679788,61,-0.4692906141281128,-0.13575617969036102,0.8032011389732361,88.05140686035156,116.16144561767578,-38.41905212402344,0.0006320167150583351,271.23021210553543,0.0
4.153,74.53364132429627,40.36033633068884,-5.945026670624573,61,-0.6625036001205444,-0.1001986637711525,0.6128515601158142,158.35562133789062,142.3917236328125,-55.946922302246094,0.0005607001516000115,271.23021210553543,0.0
4.205,75.65545623596951,47.23206419711501,-0.014715339627889464,61,-0.7809032797813416,0.23878876864910126,0.4008581340312958,-22.91200065612793,3.3672091960906982,125.80249786376953,0.0004689650226668551,271.23021210553543,0.0
4.257,82.04522244338183,45.54885856446377,1.8984371859160702,61,-0.5526146292686462,0.08936202526092529,0.48596376180648804,-38.81992721557617,-108.0734634399414,176.48777770996094,0.0003960438395260057,285.98827219419064,0.0
4.308,84.87597977359361,35.78081874640175,-2.214962399869541,61,-0.3358828127384186,0.0027669817209243774,0.7002050876617432,-17.42905044555664,1.2963463068008423,-25.629430770874023,0.0003557852188016208,285.98827219419064,0.0
4.358,82.94264033535933,44.72961440219209,14.24923007748872,61,-1.372422456741333,0.4098145067691803,0.9216044545173645,-48.469215393066406,65.96830749511719,71.88648986816406,0.00029709543765431653,285.98827219419064,0.0
4.408,88.50287480645623,43.63757880729875,14.35677505868629,61,-0.20623183250427246,-0.09575016051530838,0.5019668340682983,-43.476829528808594,147.76121520996094,103.54869079589844,0.00026213675730469405,285.98827219419064,0.0
4.458,84.50748051777214,31.661760253339782,9.374851646686158,61,-0.36943110823631287,0.27345913648605347,0.6627849340438843,-55.36004638671875,-48.149658203125,-159.45872497558594,0.00023244004849450647,285.98827219419064,0.0
4.509,82.44996791107427,36.71036235197847,17.629050202434957,61,-0.7039655447006226,0.3371807336807251,0.805262565612793,-59.0694580078125,75.45494842529297,-37.789695739746094,0.00019416832784624518,285.98827219419064,0.0
4.559,80.04420586215768,33.501330219788734,16.647746198702503,61,-0.541292667388916,0.1818663477897644,0.5165066719055176,-50.66911315917969,-44.98783874511719,-97.25007629394531,0.00016365987659717118,285.98827219419064,0.0
4.609,77.00820430758563,36.114532459114145,13.994619304457505,61,-0.8310023546218872,0.25068074464797974,1.0503515005111694,4.349693298339844,-62.339351654052734,-77.95873260498047,0.00014598360774847885,285.98827219419064,0.0
4.66,75.98747033652195,39.14131967851558,14.994091354302649,61,-0.7178696393966675,0.1517176330089569,0.7785046100616455,-93.86737060546875,-30.37744903564453,-6.824497699737549,0.00013048568202449144,285.98827219419064,0.0
4.71,74.67499249332037,35.17566936791071,5.961968332449007,61,-0.5006210803985596,0.026174742728471756,0.8288758993148804,-81.88019561767578,-51.0679931640625,-61.823848724365234,0.00011045390553804146,285.98827219419064,0.0
4.761,73.18237748436809,31.012630869777134,2.4003745321563565,61,-0.4961317777633667,-0.015290762297809124,0.8639218211174011,-44.07093048095703,-17.465234756469727,8.696819305419922,9.3514571612891e-05,285.98827219419064,0.0
4.811,73.97574953027038,30.53477866673778,2.663042749924201,61,-0.6114283800125122,0.019570549950003624,1.038158893585205,-49.15279006958008,71.07703399658203,37.81696701049805,8.286970719039298e-05,285.96877343696735,0.0
4.861,75.07140447180994,28.524437770331595,3.822868120155471,61,-0.23279865086078644,0.01997159793972969,0.7801120281219482,-145.0850067138672,48.44833755493164,66.58709716796875,6.947515620308547e-05,285.96877343696735,0.0
4.911,77.67509395191996,14.583139695522153,4.629481145381631,61,-0.19516940414905548,0.07338391244411469,1.0016191005706787,-76.43561553955078,-44.613258361816406,12.774161338806152,6.183104649257502e-05,285.96877343696735,0.0
4.963,77.51428453879504,12.754520320876624,0.9929025344598003,61,-0.2355671525001526,-0.046168286353349686,0.9305576086044312,3.9980149269104004,-41.832889556884766,5.783008098602295,5.199821881053269e-05,285.96877343696735,0.0
5.015,76.91038478131101,12.593701529025532,0.7096124268682412,62,-0.23429135978221893,0.004378861282020807,1.041284203529358,-14.240592956542969,7.547646999359131,-48.34846115112305,4.636986046083989e-05,285.96877343696735,0.0
5.065,75.88150981274568,13.995494112078719,2.2045032286519293,62,-0.26331600546836853,0.04343404248356819,1.018136978149414,14.074300765991211,22.24730682373047,-6.537384986877441,3.904707405765211e-05,285.96877343696735,0.0
5.116,75.76101543307631,14.378930317698574,3.176861369740126,62,-0.24596257507801056,0.10025206208229065,1.0299094915390015,9.480172157287598,24.649559020996094,-6.517702102661133,3.280691806294627e-05,285.96877343696735,0.0
5.166,75.89134091331998,14.700580429911739,6.226024802670384,62,-0.22385552525520325,0.1472349613904953,0.9784573316574097,40.61387634277344,31.414377212524414,15.208161354064941,2.932349635258377e-05,285.96877343696735,0.0
5.217,76.61633446781597,14.151333186461715,7.01136509422725,62,-0.20363914966583252,0.114913210272789,0.8319762349128723,34.54961395263672,57.75894546508789,5.834454536437988,2.635887928962594e-05,285.96877343696735,0.0
5.267,75.81809086920411,14.794251061587559,8.868650319242146,61,-0.1751748025417328,0.1823805868625641,0.9354423880577087,94.72200775146484,23.70775032043457,-46.07847595214844,2.245693390216836e-05,285.96877343696735,0.0
5.318,74.91139653838425,15.048658370081514,12.715695903675318,61,-0.2896891236305237,0.2444162517786026,0.8816421627998352,-51.84794616699219,19.924224853515625,11.299707412719727,1.9030810025843343e-05,285.96877343696735,0.0
5.368,74.83983478386997,13.731615489361586,10.511488001155485,61,-0.28007254004478455,0.10127372294664383,0.9636139273643494,-34.58600616455078,-45.21918869018555,-3.7825779914855957,1.7074375866732943e-05,281.59140651225243,0.0
5.419,74.72809491404419,13.13110139374665,6.711097437637918,61,-0.2395453155040741,0.06045297160744667,0.7975875735282898,-8.304891586303711,-47.15435791015625,-11.06022834777832,1.4540606003574219e-05,281.59140651225243,0.0
5.469,74.56543267739991,15.209110663051812,5.18956492104127,61,-0.3152323365211487,0.09963355213403702,0.9056862592697144,32.29845428466797,-10.769186973571777,4.413918972015381,1.3065353756618397e-05,281.59140651225243,0.0
5.519,74.88803579215207,17.247749220396784,4.967901142033785,62,-0.34335166215896606,0.09545017778873444,1.081596851348877,1.136983036994934,-6.886266708374023,9.228251457214355,1.1113539435462167e-05,281.59140651225243,0.0
5.57,74.47002232035489,17.314952113743754,5.377228720748697,62,-0.3519260883331299,0.11555957049131393,0.9994857907295227,-34.87520980834961,-0.4335971772670746,-8.032014846801758,9.996830723837873e-06,281.59140651225243,0.0
5.621,73.86698935095144,16.330161465733184,2.407976420370844,62,-0.3227051794528961,0.028907673433423042,1.0248316526412964,-66.17133331298828,-28.08888816833496,-32.15386962890625,8.600311008958154e-06,281.59140651225243,0.0
5.671,73.12665302428567,15.212981240371706,2.5494243072806824,62,-0.2725240886211395,0.057006023824214935,1.0692667961120605,-53.95710372924805,-10.848593711853027,-16.31939125061035,7.796471162242374e-06,281.59140651225243,0.0
5.721,72.61109859726353,12.381176289627334,3.413458946554771,62,-0.1836729347705841,0.10182163864374161,1.1623499393463135,-32.418174743652344,-1.6077702045440674,0.500184953212738,6.724318611299989e-06,281.59140651225243,0.0
5.771,72.90865807159499,10.193483755608284,3.6056850245445227,61,-0.12718236446380615,0.020624125376343727,0.8251914978027344,-17.75335121154785,-9.444049835205078,3.88358211517334,6.081046519315839e-06,281.59140651225243,0.0
5.823,72.62342715885549,7.208577567149909,-0.3071185365239234,61,-0.08928798139095306,-0.03440957888960838,0.8927528262138367,-15.163249969482422,-32.35984420776367,-17.207761764526367,5.239737789151866e-06,281.59140651225243,0.0
5.874,72.26185751384648,7.162585783388035,-2.4609317201562604,61,-0.1384744793176651,-0.07464363425970078,0.8943755030632019,32.18545150756836,-27.940250396728516,-3.6549313068389893,4.499312160951316e-06,281.59140651225243,0.0
5.924,72.70860213276094,9.799711290335194,-3.3907890249527464,61,-0.22854839265346527,-0.057222023606300354,0.999261736869812,57.84217071533203,-17.959260940551758,22.83721351623535,4.036030552970132e-06,277.43775631697315,0.0
5.974,73.15181638282553,12.06849312096409,-3.682405249632343,61,-0.22858916223049164,-0.06711523234844208,0.9589012861251831,-1.4368852376937866,-1.8281999826431274,1.733801007270813,3.6185464527128406e-06,277.43775631697315,0.0
6.025,73.14331453420408,11.756021351909192,-5.493809489243152,61,-0.1857270449399948,-0.13331590592861176,0.9706017971038818,4.544781684875488,-33.6640739440918,1.0362439155578613,3.031838363651451e-06,277.43775631697315,0.0
6.076,73.16611329705923,11.844307621753245,-6.772241195415578,61,-0.2033727467060089,-0.14100070297718048,1.165508508682251,-11.462438583374023,14.538429260253906,-0.9719984531402588,2.6859504531079213e-06,277.43775631697315,0.0
6.126,73.0127615320138,9.947724950015997,-5.695231395832358,61,-0.13902588188648224,-0.05272766202688217,1.3841749429702759,-37.532737731933594,30.077396392822266,-11.849555015563965,2.1998135027020173e-06,277.43775631697315,0.0
6.176,72.94549051650979,7.605405374798432,-1.3734699970332584,61,-0.1012016162276268,0.001443147542886436,1.095585584640503,-68.7182846069336,48.33439636230469,12.982230186462402,1.8026977109632845e-06,277.43775631697315,0.0
6.227,73.16976119221387,4.090262866659989,0.17081493448297136,61,-0.028914468362927437,-0.020549766719341278,0.7670197486877441,-31.88933753967285,3.121652841567993,-2.6567397117614746,1.5775523814485921e-06,277.43775631697315,0.0
6.277,72.91541790667777,2.070320967771394,-0.515415319999636,61,-0.0433574877679348,0.03558672219514847,0.35918310284614563,-7.75003719329834,-12.789841651916504,-3.5608937740325928,1.3922697284423774e-06,277.43775631697315,0.0
6.328,72.83362092139672,6.159125346405315,-2.8116422084241974,61,-0.18060003221035004,-0.12023717164993286,0.9090867042541504,45.864341735839844,-22.94969367980957,-11.339607238769531,1.1659071496861345e-06,277.43775631697315,0.0
6.378,72.31706032778405,9.792631611528648,-1.5914613989295587,61,-0.19868779182434082,0.04893460497260094,1.334653377532959,27.450082778930664,7.420599937438965,-6.398090839385986,9.822867032909275e-07,277.43775631697315,0.0
6.429,72.49179810063816,10.403040995684574,-0.6937654991101655,61,-0.17462925612926483,-0.08192643523216248,1.108689785003662,-19.129932403564453,-17.590290069580078,3.3950557708740234,8.747362187326118e-07,277.43775631697315,0.0
6.479,72.50039656163267,8.331434116591135,-1.2306828227744433,61,-0.11120665073394775,-0.012615201994776726,1.0144819021224976,-18.764122009277344,3.7834582328796387,7.01701545715332,7.383472662447559e-07,270.70504711501223,0.0
6.531,72.64156833337903,6.420602946686161,-2.44114427041285,61,-0.08220025151968002,-0.06306985020637512,0.957444965839386,-19.548227310180664,-8.594462394714355,1.5369268655776978,6.604189497690205e-07,270.70504711501223,0.0
6.582,72.80218037402965,5.213899360330333,-3.4597493915161466,61,-0.08021357655525208,-0.08866674453020096,1.041838526725769,-16.098896026611328,-10.980161666870117,4.574878215789795,5.596270308936669e-07,270.70504711501223,0.0
6.633,72.86116131844248,4.7559915184809345,-5.672637502924875,61,-0.0828871801495552,-0.1206541508436203,1.3253709077835083,-6.978047847747803,2.893864393234253,-2.3221940994262695,5.00819709574904e-07,270.70504711501223,0.0
6.684,72.83834173957496,3.2336046229299367,-4.6086449467976065,61,-0.03817235678434372,-0.04834938049316406,1.3361817598342896,-27.551624298095703,12.229850769042969,1.6692588329315186,4.233381906213662e-07,270.70504711501223,0.0
6.734,73.11433685333246,1.517219831474979,-1.710606590511599,61,0.005206484813243151,0.004073625430464745,1.1140820980072021,-23.697938919067383,-13.758593559265137,15.040804862976074,0.0012534268644572768,270.70504711501223,0.0
6.784,73.2568170976294,-1.2340858781558421,-2.5171217878104404,61,0.05157173424959183,-0.012356773018836975,0.911167562007904,-28.985807418823242,25.770721435546875,2.33681321144104,0.004466782503907141,270.70504711501223,0.0
6.835,73.71633870194655,-2.0810882186254207,-1.2450528237289267,61,0.06211915239691734,-0.03299885615706444,0.36952269077301025,-3.865994691848755,-21.405841827392578,8.69552993774414,0.012233602930623038,270.70504711501223,0.0
6.885,73.56464772657566,-1.5584629668980117,-2.4942865662287304,61,0.015226021409034729,-0.015427862294018269,0.7675103545188904,20.242916107177734,-3.1016182899475098,-5.176141262054443,0.01869636939310357,270.70504711501223,0.0
6.936,73.66887471247124,0.5622006395772232,-1.7468292515422967,61,-0.07110697776079178,-0.07047370821237564,0.8229554891586304,10.388113975524902,-2.6000547409057617,2.9561009407043457,0.027056204222411687,270.70504711501223,0.0
6.986,73.49316003233979,2.4151001549422975,-3.1299847299612003,61,-0.07108807563781738,-0.011973370797932148,1.0342658758163452,12.165620803833008,5.886308193206787,-7.764556884765625,0.03181559653933501,270.70504711501223,0.0
7.036,73.52646858235227,2.9612337815402157,-1.0702663747364904,61,-0.052695099264383316,-0.01161146443337202,1.013465166091919,1.9667636156082153,11.813456535339355,5.008796215057373,0.038263770862951504,217.0066225165563,0.0
7.086,73.59302132451191,2.695980516657099,-1.7332179990486491,61,-0.027964241802692413,-0.0413551852107048,0.9924752712249756,1.4684332609176636,0.27510154247283936,0.07132815569639206,0.042064344341728656,217.0066225165563,0.0
7.137,73.73192512467604,1.9765897668291543,-0.6867500097251609,61,-0.01939075067639351,0.01099385041743517,0.9992159008979797,1.6149966716766357,4.778573036193848,6.8902177810668945,0.04754383768626442,217.0066225165563,0.0
7.187,73.84385098607622,1.7315487126896014,-1.8227147103248225,61,-0.026859726756811142,-0.06884845346212387,1.0416606664657593,-4.895959377288818,-2.2251670360565186,-0.13528147339820862,0.051214305687163696,217.0066225165563,0.0
7.238,73.90539547316057,1.2857749026402305,-2.0972172255101063,62,-0.017457790672779083,-0.03494235500693321,1.0058757066726685,-7.567831039428711,-1.9809911251068115,1.2081835269927979,0.05614753673432009,217.0066225165563,0.0
7.288,73.93866550996009,1.2226968919907089,-2.2172134089576443,62,-0.03311241418123245,-0.04631076753139496,1.0219204425811768,-9.108369827270508,-1.1296478509902954,0.8317074775695801,0.05883829886690495,217.0066225165563,0.0
7.339,73.98800602274923,1.2188638869893362,-2.3331118955527024,62,-0.031081372871994972,-0.04674381762742996,0.9627617597579956,-1.984319806098938,0.7873315811157227,0.9449976682662964,0.06245401808133494,217.0066225165563,0.0
7.39,73.99239316595342,2.2222303255702003,-1.8320687631589105,62,-0.0742514356970787,-0.025500180199742317,1.1075217723846436,3.411520004272461,12.214481353759766,2.096349000930786,0.0651579043337714,217.0066225165563,0.0
7.44,74.09319423068153,3.760507500289825,-0.7788037414976475,62,-0.09858178347349167,0.027990562841296196,1.2262942790985107,-4.932663917541504,5.682493686676025,3.863814353942871,0.06918387419370846,217.0066225165563,0.0
7.491,74.46199459645321,3.6557873783187405,0.6321263936847926,61,-0.054235778748989105,0.028482122346758842,1.2393280267715454,0.7615034580230713,-10.149764060974121,14.47121524810791,0.07202410923367515,217.0066225165563,0.0
7.541,74.81615886112351,1.9582180551466941,-1.4603561746491727,61,-0.009601060301065445,-0.03577194735407829,1.179489254951477,-24.145780563354492,5.006465911865234,12.276269912719727,0.07757971575524912,217.0066225165563,0.0
7.592,75.20567524988971,-0.6315621472448781,-1.904248574447904,61,0.09204220026731491,-0.04441358521580696,1.020114541053772,-27.95610809326172,-14.403694152832031,7.010559558868408,0.08206546515020817,283.3606269423051,0.0
7.643,75.21873375957227,-4.529469487940361,-2.625810141510288,61,0.10520713776350021,0.003689719131216407,0.7580099701881409,-16.1037654876709,0.24733012914657593,3.7797017097473145,0.09016650237323022,283.3606269423051,0.0
7.695,75.2315508896431,-5.795096389735217,-2.104107767819776,61,0.07168443500995636,-0.03305060416460037,0.6467486023902893,2.2419683933258057,5.448199272155762,2.489309787750244,0.0994014180934602,283.3606269423051,0.0
7.745,75.52324674329675,-3.4410770076875226,-2.2256149069618214,62,0.002230932004749775,-0.016474641859531403,0.7441452741622925,28.197107315063477,5.621336936950684,6.362246990203857,0.10572364579879696,283.3606269423051,0.0
7.795,75.8263914006179,-0.38596341214967506,-1.0901858678928629,62,-0.03678344190120697,-0.03669223561882973,0.8290074467658997,32.395545959472656,26.645673751831055,12.918503761291504,0.11452008403109067,283.3606269423051,0.0
7.846,75.85856090952642,2.022211864155259,-0.7881597541793134,62,-0.06616006791591644,0.01673743687570095,1.034044861793518,9.199268341064453,18.938426971435547,4.3923563957214355,0.12010440495819025,283.3606269423051,0.0
7.897,75.83316329864931,2.316793987239344,-0.7327272252709234,62,-0.03872701898217201,-0.023934924975037575,1.0173956155776978,7.880147933959961,-8.759934425354004,-4.143802165985107,0.12508442121254745,283.3606269423051,0.0
7.947,75.83745948745202,2.677486455848905,0.18283212779335556,62,-0.055988702923059464,0.04021947458386421,1.068636178970337,-7.412930011749268,8.0171537399292,3.29420804977417,0.1319317119992876,283.3606269423051,0.0
7.997,75.78486267154392,3.4535529227609922,0.05668935385366546,61,-0.12160304933786392,-0.014631017111241817,1.1495081186294556,-7.2498369216918945,2.9366707801818848,-6.947193145751953,0.13852973281271133,283.3606269423051,0.0
8.048,75.73510787415596,5.9135662486283795,1.1001428707878929,61,-0.1405305713415146,0.03549182787537575,1.4162487983703613,-13.509505271911621,18.67234992980957,2.234755516052246,0.14229810509549062,283.3606269423051,0.0
8.098,75.72471575542566,3.9217971181964466,2.9052156152144804,61,-0.012647360563278198,0.11256349831819534,1.2795971632003784,-58.204097747802734,-35.49236297607422,2.532569646835327,0.1494048790999529,283.3606269423051,0.0
8.149,75.92007239781651,-1.4055226656005044,0.8949424703850147,61,0.15567070245742798,-0.02163778990507126,1.004336953163147,-56.88068771362305,-24.438730239868164,14.391242980957031,0.15594089874228906,285.7739320024528,0.0
8.2,76.84125838412454,-6.979074251085222,0.48606381939771565,61,0.24909844994544983,-0.013218759559094906,0.7461632490158081,-3.359630823135376,12.295641899108887,21.819541931152344,0.16731167406941605,285.7739320024528,0.0
8.25,76.63829096533391,-8.625399996897366,-1.7672708257649445,61,0.1361013501882553,0.001529480330646038,0.7885786890983582,16.087162017822266,-1.1304603815078735,-8.829859733581543,0.1800692842339064,285.7739320024528,0.0
8.301,76.5629590438777,-7.868517309687112,0.44663467109845234,61,0.13086958229541779,0.057344697415828705,0.5191479325294495,16.14183807373047,-16.241514205932617,2.7252695560455322,0.18925616813035132,285.7739320024528,0.0
8.351,76.37288766874342,-4.3618084635921,-1.6166313123586993,61,-0.027905890718102455,-0.04039311781525612,0.7577848434448242,50.26019287109375,22.460655212402344,-5.5633225440979,0.20179003717737445,285.7739320024528,0.0
8.401,76.43472598016278,0.6922540487144059,0.6445284026454189,61,-0.11538449674844742,0.03737412393093109,1.1481646299362183,29.376239776611328,8.28396987915039,3.31919002532959,0.21005911336951671,285.7739320024528,0.0
8.452,76.23714943063938,3.159673828456057,-1.111287462127924,61,-0.05658755823969841,-0.024516049772500992,1.0990829467773438,-5.2731828689575195,-18.83902931213379,-12.655708312988281,0.2181465744915058,285.7739320024528,0.0
8.503,76.30173951078667,1.8296983876464916,-0.5075644598012491,61,0.021332336589694023,-0.01712247170507908,0.9352872371673584,-3.278820037841797,0.07130487263202667,6.301062107086182,0.229222486265919,285.7739320024528,0.0
8.553,76.16169117118194,0.26585887175813366,-1.3433442740548875,61,0.021306654438376427,-0.02693011984229088,0.928911566734314,-0.04527697339653969,6.554643154144287,-8.997629165649414,0.23919454801187845,285.7739320024528,0.0
8.603,75.8404107028837,0.7302381369246961,0.8493435095878719,61,-0.05918078497052193,0.06674114614725113,1.1514530181884766,-0.42547327280044556,11.28874683380127,-3.411357879638672,0.24456367600914636,285.7739320024528,0.0
8.653,76.02690292981814,2.74612570773777,2.850735941073763,61,-0.07597378641366959,0.08833541721105576,1.2732903957366943,-11.191600799560547,22.841644287109375,6.618654727935791,0.24965516413870337,285.7739320024528,0.0
8.704,75.95182203720772,1.6916330974324572,2.828142198233268,61,-0.016607509925961494,0.026423033326864243,1.2587236166000366,-37.576229095458984,-7.721742630004883,-1.2249584197998047,0.25735321015334495,276.2500164657841,0.0
8.754,76.42291491204634,-1.58946196430173,2.1385233156757772,61,0.07555743306875229,0.011749804019927979,1.102226734161377,-35.478397369384766,9.665343284606934,7.753523349761963,0.2659715493595625,276.2500164657841,0.0
8.805,77.01143392130786,-4.982582318091414,1.6874707589884355,61,0.1372225135564804,0.03994670510292053,0.9063884615898132,-48.89360809326172,-7.513883590698242,26.28232765197754,0.27638434641897447,276.2500164657841,0.0
8.855,78.57905653333368,-7.448482640800493,1.4515646972288034,61,0.19683782756328583,0.010124544613063335,0.8284006118774414,10.455482482910156,82.79047393798828,34.181373596191406,0.2969855106769889,276.2500164657841,0.0
8.905,78.48935893210937,-9.371362641995113,1.102848725884404,61,0.18606364727020264,-0.010071627795696259,0.7103976011276245,12.714862823486328,-18.950241088867188,-20.15738296508789,0.31050794545196864,276.2500164657841,0.0
8.956,77.75696784728034,-7.635133053103572,-0.110815412319942,61,0.06576469540596008,0.021258631721138954,0.7875860929489136,23.449039459228516,-2.285062551498413,-22.894779205322266,0.32899568982335853,276.2500164657841,0.0
9.007,77.24485231150815,-2.401683328856812,3.700568337988108,61,-0.052215054631233215,0.14112421870231628,1.037816047668457,43.478355407714844,-4.123847484588623,2.353046178817749,0.34012874846740293,276.2500164657841,0.0
9.057,77.25844869612807,-0.6587511886551247,1.9691688965232432,61,0.04169502854347229,-0.005592138506472111,1.0299729108810425,10.120630264282227,-56.651058197021484,-31.077394485473633,0.35522748818384686,276.2500164657841,0.0
9.107,75.94607684753542,-0.7014646891891578,2.548744412499346,61,-0.017354223877191544,0.09055175632238388,0.9662729501724243,28.062847137451172,-66.19630432128906,-31.69480323791504,0.36406864637275355,276.2500164657841,0.0
9.158,75.3042039344309,1.8719352243102758,-1.605149763549738,61,-0.06601423770189285,-0.0698952004313469,0.9526152014732361,-22.427684783935547,40.74466323852539,4.814364910125732,0.37587762343172115,276.2500164657841,0.0
9.208,75.74067997968065,1.1216917034711782,-1.5267924736849483,61,-0.010673346929252148,-0.002234074054285884,1.0717402696609497,-24.26544189453125,-59.63154983520508,-14.029231071472168,0.3829848387408047,276.2500164657841,0.0
9.259,75.42864433909801,1.3094868024660375,-1.8502394355823855,61,-0.03984478488564491,-0.0263811107724905,0.9677535891532898,-13.033726692199707,61.733978271484375,17.340160369873047,0.39302811717210107,263.27939237963716,0.0
9.309,75.43209869546777,-0.02044401056697564,-0.9100496909785875,61,0.010134201496839523,0.0366792231798172,0.8604316115379333,-16.629623413085938,-31.93941307067871,-20.489303588867188,0.39985098782903183,263.27939237963716,0.0
9.36,75.30121181166597,-0.1328417334977756,-0.9211004817079875,61,0.0022966142278164625,-0.08552494645118713,0.954349935054779,4.2108259201049805,61.715972900390625,14.7371244430542,0.40929891139579444,263.27939237963716,0.0
9.41,76.09243122406698,-0.7017575644835069,1.2653465412625127,61,0.06295149028301239,0.10442053526639938,0.8205932974815369,3.5634617805480957,19.4509334564209,17.339452743530273,0.41489817846272736,263.27939237963716,0.0
9.461,76.46787461431515,-1.7910721534768104,2.14408421565956,61,0.08943977952003479,-0.056765299290418625,0.8752904534339905,29.812252044677734,29.434221267700195,-0.5029057860374451,0.4225682893638318,263.27939237963716,0.0
9.511,76.06144793856966,-3.2055948254075863,2.221280126844743,61,0.05477885901927948,0.05184275284409523,1.1382319927215576,-10.344087600708008,-29.946245193481445,-3.6419734954833984,0.4269198620080927,263.27939237963716,0.0
9.562,76.2993681780185,-3.6772113917982314,-0.2412260167417658,61,0.042381539940834045,-0.047568731009960175,1.0479216575622559,-25.752260208129883,-15.647956848144531,2.094114065170288,0.4329129375394715,263.27939237963716,0.0
9.612,76.19840893632605,-4.41385184521122,-0.8734735685599533,61,0.07101543992757797,0.03221677243709564,1.0550519227981567,-24.92540168762207,-28.82102394104004,-5.755349159240723,0.43732286406624205,263.27939237963716,0.0
9.662,76.17387133256452,-4.419319958551609,-3.1224783455482257,61,0.05532713979482651,-0.1304340809583664,1.014330506324768,-17.031448364257812,-9.244536399841309,3.170732259750366,0.4394612982575541,263.27939237963716,0.0
9.713,75.94230949350687,-4.79082624087216,-4.657535784996839,61,0.08935341984033585,-0.05386030301451683,0.9574971199035645,-18.558935165405273,-7.826426982879639,-18.11740493774414,0.4425280103071434,263.27939237963716,0.0
9.764,75.3330059550449,-8.339523458023512,-0.26682580741281664,61,0.17785249650478363,0.08197519183158875,1.1138075590133667,4.44736385345459,-34.6059455871582,-9.791078567504883,0.4443603592819078,263.27939237963716,0.0
9.814,75.74069135059172,-5.2696128941801685,-4.518969083941306,61,0.03580892086029053,-0.18059954047203064,0.9871984720230103,14.280390739440918,-3.4019715785980225,3.839729070663452,0.4473881063979549,268.2980873792618,0.0
9.864,75.80286575456216,-7.208769366334213,-2.731647901941603,61,0.10372667759656906,0.007134478539228439,1.0333243608474731,-13.845235824584961,-25.308609008789062,7.268875598907471,0.44941585892468,268.2980873792618,0.0
9.915,76.42819093497951,-2.763954387884468,-5.378745156222566,61,-0.00951768085360527,-0.14325980842113495,0.8689345121383667,27.591299057006836,48.68278121948242,28.80721664428711,0.45206419716045854,268.2980873792618,0.0
9.965,77.0453854287141,-3.988859613699933,-2.005711052747043,61,0.06818562000989914,0.07219105958938599,0.9574333429336548,-5.541656494140625,6.1858015060424805,2.293912887573242,0.4536562189266549,268.2980873792618,0.0
10.016,77.58814039225558,-3.3930462284589384,-1.201436506075583,61,0.07331071048974991,-0.07578179985284805,0.964992344379425,-1.2530004978179932,21.221412658691406,14.366683959960938,0.4561382230567474,268.2980873792618,0.0
10.066,77.59652786230684,-3.5801814670846897,1.2332007940336784,61,0.04476645961403847,0.09858278930187225,1.0695900917053223,30.973915100097656,10.697940826416016,1.7749335765838623,0.4575346290832155,268.2980873792618,0.0
10.117,78.17724765114188,-2.2349928127920577,1.470941272096831,61,0.03340321034193039,-0.0047216289676725864,0.9374579191207886,16.93025779724121,24.836511611938477,20.05345344543457,0.45918199833229106,268.2980873792618,0.0
10.167,78.09430524859499,-0.8729183571418914,1.4443227439228992,61,-0.025262434035539627,0.04309647157788277,1.099151849746704,15.482818603515625,12.24182415008545,-5.60362434387207,0.45989325588794305,268.2980873792618,0.0
10.217,78.21433396393216,0.45315123380541117,-1.3131515087669738,61,-0.028808768838644028,-0.1371421217918396,1.0351648330688477,-20.500688552856445,-4.971810340881348,-4.1663126945495605,0.4607218066194125,268.2980873792618,0.0
10.268,77.6731764846288,-0.648953530045264,-1.8249101704845605,61,0.027778303250670433,0.002369808265939355,0.9462237358093262,-18.70950698852539,-9.962904930114746,-14.745452880859375,0.4620038876872806,268.2980873792618,0.0
10.318,77.4007395023874,-2.2891794275713973,-1.3924263207532457,61,0.08001846075057983,-0.02145509421825409,0.9952136278152466,-3.2499237060546875,-0.7204898595809937,-4.771758556365967,0.4630740534962042,268.2980873792618,0.0
10.369,77.28701056112389,-2.7099802836294145,-0.6823479483910977,61,0.04784899577498436,0.0033856758382171392,0.9731630682945251,12.483564376831055,3.748433828353882,0.8599541187286377,0.4635233196126121,286.55489512878324,0.0
10.419,77.2882065408605,-1.690964387233869,0.15780191411977038,61,0.0175520908087492,-0.0028242229018360376,1.0768401622772217,7.906801223754883,13.946294784545898,0.9276635050773621,0.4636979776629389,286.55489512878324,0.0
10.469,77.28055092783728,-1.7023512478231044,0.7513196514420047,61,0.038927312940359116,0.017036404460668564,1.0035057067871094,-5.937928676605225,-7.5580244064331055,-5.610927104949951,0.46392990360450925,286.55489512878324,0.0
10.52,77.15218642438953,-1.8911894397056366,0.5810590860480076,61,0.040046319365501404,0.006581264082342386,1.0120939016342163,1.088821530342102,14.963851928710938,-4.162070274353027,0.46416319825826724,286.55489512878324,0.0
10.57,77.01473676557193,-2.1313490970692732,2.2834909009603677,61,0.0318056121468544,0.06504790484905243,0.9576260447502136,3.115352153778076,12.532286643981934,-3.377192974090576,0.46526122817865856,286.55489512878324,0.0
10.621,76.93098164025454,-1.492168163230791,2.89713288071392,61,0.022678887471556664,0.03681087866425514,0.9427967071533203,10.465205192565918,11.367928504943848,-0.6285871863365173,0.4656211903915832,286.55489512878324,0.0
10.671,76.83940285283992,-1.3147007896392933,2.5550537143000462,61,0.020598813891410828,0.031172005459666252,0.9707223773002625,7.946780204772949,-0.8586236834526062,-5.245414733886719,0.4664337952442546,286.55489512878324,0.0
10.722,76.61748777029742,-0.6799346257672075,1.8964838133478992,61,-0.0027334594633430243,0.0136325778439641,1.0630691051483154,5.699484825134277,0.2971738576889038,-7.038571357727051,0.4667663422938286,286.55489512878324,0.0
10.773,76.4273407906513,-0.6127094433237398,1.0445150611560945,61,0.018514055758714676,0.021679764613509178,1.0005311965942383,-8.29233169555664,-12.146356582641602,-4.736337661743164,0.4666031767326505,286.55489512878324,0.0
10.824,76.3926237439086,-1.0645615630465037,0.7304834382117186,61,0.024418363347649574,-0.017538420855998993,1.0344579219818115,-1.416081428527832,-3.610029697418213,1.310853123664856,0.46658732495859223,286.55489512878324,0.0
10.876,76.23306811186231,-1.094069856097537,0.626198924368768,61,0.007447634823620319,0.04867827147245407,1.0070041418075562,-1.3251752853393555,1.063015103340149,-6.7048492431640625,0.4664047235217441,285.5210347174949,0.0
10.926,76.13996452258598,-1.1127629608212877,1.5674657175561821,61,0.026218917220830917,0.016034355387091637,1.012191891670227,-6.467314720153809,-6.216940402984619,0.7349827885627747,0.46652476775956553,285.5210347174949,0.0
10.977,76.06263244394971,-1.4322341736709647,1.091242669447752,61,0.027392512187361717,0.016557279974222183,0.977234959602356,-6.162718296051025,-2.771332263946533,-3.6764674186706543,0.4677405181364042,285.5210347174949,0.0
11.028,75.98165342478917,-1.468519919567197,1.9169538055423179,61,0.03152209520339966,0.05310359597206116,0.9610685110092163,-0.45310232043266296,-0.4359896779060364,-0.8241237998008728,0.4682032762141091,285.5210347174949,0.0
11.081,75.97744758436976,-2.070966117374807,1.6422925453375028,61,0.04827340692281723,0.017061341553926468,0.9811518788337708,0.15300573408603668,-0.17792831361293793,-0.5494819283485413,0.4688578417491609,285.5210347174949,0.0
11.133,75.98067370695914,-1.777211331473225,1.8337530782909055,61,0.019564449787139893,0.04462248086929321,1.0039554834365845,4.719448566436768,4.8793230056762695,1.0119205713272095,0.46924729126848985,285.5210347174949,0.0
11.184,76.08888890899439,-1.6251487447343662,1.652590832286933,61,0.03214599937200546,-0.003162749344483018,0.9993944764137268,1.8008105754852295,5.726850986480713,2.9310431480407715,0.46948468557725853,285.5210347174949,0.0
11.234,76.08026386400576,-1.546065394829959,1.8866433287375135,61,0.023542048409581184,0.03965040668845177,1.015363335609436,2.1730151176452637,3.9159152507781982,2.9986324310302734,0.47031153076223875,285.5210347174949,0.0
11.284,76.18605232723198,-1.6437272096276672,0.9645431615017226,61,0.03366783633828163,-0.019084837287664413,0.9821931719779968,0.7132138013839722,-2.308248519897461,-0.04361863434314728,0.4710157740223317,285.5210347174949,0.0
11.339,76.09588491805533,-1.4113000095888226,1.0714856391466303,61,0.019719799980521202,0.0403108224272728,1.009932279586792,0.7413026690483093,6.666294097900391,-3.078787326812744,0.4714241321759649,285.5210347174949,0.0
11.39,76.02418855339477,-1.242822374491992,2.0958878760290602,61,0.017266441136598587,0.0334114246070385,0.9972422122955322,-1.3974088430404663,0.7589658498764038,-1.4070154428482056,0.4716496433596163,285.5210347174949,0.0
11.441,75.9729647609309,-1.0745628213671343,2.9580210788590464,61,0.01447988674044609,0.07983657717704773,0.9953628778457642,-0.6100958585739136,-0.2564285695552826,-0.6422179937362671,0.4721257042037938,286.14435802974486,0.0
11.491,76.04568268720568,-1.1715761384032168,3.0221893505204047,61,0.025380080565810204,0.038000576198101044,0.9954991340637207,-1.187879204750061,-0.29365482926368713,2.364732027053833,0.47265181620958613,286.14435802974486,0.0
11.541,76.04277942837959,-1.292145843812768,2.738736150485073,61,0.02448667399585247,0.047664038836956024,1.0090147256851196,0.9962486028671265,-3.0575201511383057,-0.6911516189575195,0.47309945082241356,286.14435802974486,0.0
11.592,76.11035696078385,-1.3508477310790437,2.1612521373594014,61,0.024854455143213272,0.01934143714606762,0.9873420000076294,-2.8768436908721924,-4.37333869934082,0.22422775626182556,0.4736480861781879,286.14435802974486,0.0
11.643,76.07303501051358,-1.3637433509362886,2.076340751826113,61,0.02161550149321556,0.04417325556278229,0.99492347240448,1.5689524412155151,-2.749713897705078,-0.3318977355957031,0.4741891036605088,286.14435802974486,0.0
11.693,76.09670721614378,-1.3165968526731753,1.712418466614969,61,0.02184072695672512,0.03244917467236519,0.987663984298706,0.7300680875778198,-2.5526840686798096,-0.1204027608036995,0.47455872139306704,286.14435802974486,0.0
11.744,76.12329153879341,-1.3399725632289083,1.8752686055951597,61,0.02696661278605461,0.014505031518638134,0.9974576234817505,1.8820823431015015,1.0523513555526733,2.15419864654541,0.474938449749231,286.14435802974486,0.0
11.794,76.11414374835401,-1.2229755275481673,1.810690369710683,61,0.014391872100532055,0.045051347464323044,1.0132797956466675,1.578306794166565,1.413830280303955,0.7373551726341248,0.47548872913423834,286.14435802974486,0.0
11.844,76.13138312147753,-1.0226975250737407,2.461589161172155,61,0.01431969366967678,0.06875324249267578,1.0079929828643799,0.28578251600265503,-5.357767581939697,-0.3301149308681488,0.47585576129672624,286.14435802974486,0.0
11.895,76.12298505787601,-1.0065313521292751,2.085114312298526,61,0.019568681716918945,0.02476300299167633,0.9797604084014893,0.28769195079803467,0.6838358640670776,-0.916034460067749,0.4764919092156468,286.14435802974486,0.0
11.946,76.0323564613331,-1.2796936891426325,1.7300529470623707,61,0.027356315404176712,0.017058197408914566,0.9748535752296448,1.7312337160110474,-4.561912536621094,-2.5175960063934326,0.4773834024658756,286.14435802974486,0.0
11.996,75.94299722609695,-1.0451552586636854,0.8914740615332911,61,0.007848091423511505,0.011310216039419174,1.0034867525100708,2.49702525138855,-1.3487249612808228,-3.240452527999878,0.4774108494134315,285.7544624608257,0.0
12.046,75.88488731847983,-0.9684435968281413,0.7792777337722886,61,0.012781722471117973,0.007636082358658314,1.0222926139831543,-3.029392957687378,-0.44021615386009216,0.18262562155723572,0.47729712654004997,285.7544624608257,0.0
12.097,75.81199911423235,-0.8968613596984447,0.6279490305690522,61,0.017745252698659897,0.006128955166786909,1.0315159559249878,-2.9620587825775146,-1.078190803527832,-1.8522692918777466,0.47671324518568253,285.7544624608257,0.0
12.147,75.75299025913094,-1.0739525505712981,0.5016859798999711,61,0.018049614503979683,0.029730649664998055,0.9887751936912537,-1.989312767982483,-0.9921588897705078,-1.257388710975647,0.47600114136088734,285.7544624608257,0.0
12.2,75.73239169535957,-1.339099625909989,0.8297409465404038,61,0.030880989506840706,0.008942736312747002,0.9414793848991394,-2.7964982986450195,-5.371484756469727,-1.7673466205596924,0.47522053518866925,285.7544624608257,0.0
12.251,75.62493964623849,-1.4486296559150897,1.429653367773069,61,0.025221729651093483,0.03891197219491005,1.002264380455017,5.565543174743652,-5.104349613189697,0.22357237339019775,0.4745632811880989,285.7544624608257,0.0
12.301,75.68443990565721,-1.274909076846739,0.09763524326948983,61,0.021869191899895668,-0.051281753927469254,1.0318700075149536,-0.17816117405891418,-1.3525588512420654,-2.50282621383667,0.4743062359924275,285.7544624608257,0.0
12.351,75.54882888161708,-1.0983208881305395,-0.3124512786231922,61,0.009390833787620068,-0.0025861761532723904,1.0170159339904785,-3.016554117202759,-0.6129181981086731,-2.5249581336975098,0.4739639530116568,285.7544624608257,0.0
12.402,75.51381968207825,-0.9865731654007909,0.5823871977080843,61,0.020615581423044205,0.022909769788384438,1.0223349332809448,-2.311352014541626,1.6069602966308594,-0.03638765960931778,0.47374287237502993,285.7544624608257,0.0
12.452,75.4950353712648,-1.3804061766884899,0.3551695432046086,61,0.02646021731197834,0.014737831428647041,0.9886425137519836,-4.630985260009766,-3.850857734680176,-3.346278190612793,0.47323984649884215,285.7544624608257,0.0
12.503,75.50166235453435,-1.517382237407535,0.4266324072660749,61,0.028919659554958344,-0.010001430287957191,0.9726300239562988,-2.013869285583496,0.49113795161247253,0.17444191873073578,0.4728082816695199,285.7544624608257,0.0
12.553,75.45323067863757,-1.4914137540684442,0.40444629857714964,61,0.02237645722925663,0.025923125445842743,1.0012964010238647,2.241335391998291,3.7020926475524902,1.031726360321045,0.4718169012660661,290.2030028367813,0.0
12.603,75.50306704047584,-1.4607622777621871,0.4815584887543633,61,0.027695683762431145,-0.0012227066326886415,0.9974684119224548,0.7359846234321594,1.3175147771835327,0.3135198950767517,0.4710748786937942,290.2030028367813,0.0
12.653,75.49059089511377,-1.2199851840038656,0.6026267023215285,61,0.015058143995702267,0.015538224019110203,1.0014207363128662,1.0491414070129395,0.8550542593002319,0.5521159768104553,0.4702243296726664,290.2030028367813,0.0
12.704,75.51699311555254,-1.3158558195492838,0.4619364509337637,61,0.025058818981051445,-0.01080514770001173,1.0020191669464111,0.2674465477466583,1.1370233297348022,0.2699461579322815,0.4694632291320803,290.2030028367813,0.0
12.755,75.52906505527898,-1.366119499884547,0.3078691334508746,61,0.026382846757769585,-0.004160093143582344,1.0164328813552856,-1.1746165752410889,1.5118745565414429,0.9923917055130005,0.46835458215461745,290.2030028367813,0.0
12.805,75.51709863632041,-1.414166835623891,0.36778642559731545,61,0.021967174485325813,0.015384659171104431,1.0059106349945068,-1.9648003578186035,-0.09491512924432755,-1.3434356451034546,0.4680532587476544,290.2030028367813,0.0
12.855,75.51957282358642,-1.4937298373609804,0.618808891240584,61,0.025430163368582726,0.01233586110174656,0.9771623015403748,-1.1341558694839478,-0.3260221481323242,-1.0803874731063843,0.46746974384562573,290.2030028367813,0.0
12.906,75.48816072251707,-1.5204461132302134,0.8545391836179704,61,0.023772865533828735,0.024452248588204384,0.9942984580993652,0.39021798968315125,-1.434504508972168,-2.268878936767578,0.4672463274022398,290.2030028367813,0.0
12.957,75.51406659014742,-1.4254702760263716,0.9638449692222427,61,0.023076198995113373,0.009578106924891472,1.0042444467544556,-0.04079563915729523,-0.7058322429656982,0.7733455300331116,0.4668295168261911,290.2030028367813,0.0
13.008,75.52956942976631,-1.3246859372003266,1.264400514390518,61,0.02784632332623005,0.03850739076733589,1.013616919517517,0.6184530258178711,0.11512725800275803,2.0072295665740967,0.46684913038645515,290.2030028367813,0.0
13.058,75.59975751156169,-1.584997192724134,0.6644995414457012,61,0.030951857566833496,-0.016960911452770233,0.9743269085884094,-0.34213167428970337,-0.05698404833674431,0.823494553565979,0.4672625218587998,290.2030028367813,0.0
13.108,75.56418636023649,-1.5392647417849363,0.5720909795328226,61,0.029116572812199593,0.019346974790096283,1.0063668489456177,-0.5145511031150818,0.4919432997703552,-0.11565989255905151,0.4681383014825694,291.9807866341803,0.0
13.158,75.56096932808818,-1.473394092218855,0.5794706161212797,61,0.024262813851237297,-0.00037962180795148015,1.0045344829559326,0.498898983001709,2.3222475051879883,-0.6607146859169006,0.46863879120374535,291.9807866341803,0.0
13.208,75.54729205989715,-1.4461393130152422,0.5343038180020417,61,0.021085742861032486,0.011650769039988518,0.9930881857872009,-1.0204178094863892,2.2252116203308105,-0.7230241894721985,0.46936998981398453,291.9807866341803,0.0
13.259,75.53672160008472,-1.312910122927187,1.2697439447057584,61,0.02182668261229992,0.03711175546050072,0.9992547631263733,-0.3943938612937927,0.022268498316407204,1.1197030544281006,0.46959414226826696,291.9807866341803,0.0
13.309,75.58954571921703,-1.3978603244553058,0.7925042729272888,61,0.027634315192699432,-0.004654743243008852,0.980259358882904,-0.8677787184715271,-1.606058120727539,1.9148629903793335,0.4702981304994133,291.9807866341803,0.0
13.359,75.5918906413053,-1.5755980496592934,1.0924783332975414,61,0.026884255930781364,0.03576135262846947,0.9888330101966858,-0.6382730603218079,-2.6080126762390137,2.097907781600952,0.47101441599699123,291.9807866341803,0.0
13.41,75.64091709647663,-1.5500727526170324,0.8860200330277029,61,0.01973295770585537,0.02304905652999878,1.0081708431243896,-0.5222523808479309,-5.456307888031006,-0.08628901094198227,0.47120052697316994,291.9807866341803,0.0
13.461,75.73962999538986,-1.4085189280100447,0.5290044168350754,61,0.029171518981456757,-0.008970601484179497,1.0113391876220703,-0.7123444676399231,-1.3732892274856567,2.961940050125122,0.4711641353093432,291.9807866341803,0.0
13.511,75.78858212853699,-1.6080110419708582,0.18795188990488565,61,0.03371698409318924,-0.015268801711499691,0.9927598237991333,1.215644359588623,1.615024209022522,2.3711628913879395,0.4704675590392714,291.9807866341803,0.0
13.561,75.72430273057351,-1.836343107868562,-0.6556598395244709,61,0.036027126014232635,-0.013872438110411167,0.9779761433601379,0.025486992672085762,-0.42087408900260925,-4.268862724304199,0.47021866455586825,291.9807866341803,0.0
13.611,75.58985118184715,-1.6773722260726374,-0.2008822163301493,61,0.022391488775610924,0.02220947854220867,0.9949966669082642,1.7109613418579102,3.3296327590942383,-3.3245184421539307,0.47033109026671,291.9807866341803,0.0
13.662,75.56126010848571,-1.1030272143249347,0.01919211036939388,61,0.008900711312890053,-0.025495417416095734,1.0168936252593994,-0.3033934235572815,-5.972319602966309,-0.0018567972583696246,0.46979594157510535,180.77338160503405,0.0
13.712,75.4224639426021,-1.1209739402834589,-1.3731187318370144,61,0.02582034096121788,-0.03118617832660675,1.01763916015625,-0.6724333763122559,-1.5359832048416138,-6.117187023162842,0.4689248323350422,180.77338160503405,0.0
13.762,75.29431175618123,-1.5102836344665098,-0.5800940398336953,61,0.03487861156463623,0.001857506693340838,0.996483564376831,-1.970515251159668,-1.6509894132614136,-2.6333489418029785,0.46841737760548824,180.77338160503405,0.0
13.813,75.21840988936384,-1.6165795118506254,-0.09450956417276546,61,0.02430790662765503,0.02059321105480194,0.9738198518753052,0.0011921821860596538,-0.4804193377494812,-3.4223153591156006,0.46724162082828297,180.77338160503405,0.0
13.863,75.17547229949137,-1.372963570900548,1.2281173750639303,61,0.015630198642611504,0.046845607459545135,0.9862143993377686,1.974984049797058,0.5654036402702332,2.1809051036834717,0.46672593446062116,180.77338160503405,0.0
13.913,75.2197641882761,-1.0933910696899085,0.4143331500824536,61,0.017965147271752357,-0.007081962656229734,0.9914174675941467,1.9300925731658936,-2.690080165863037,-2.107625961303711,0.4654917859701721,180.77338160503405,0.0
13.964,75.26725568441158,-0.9164149950485946,0.1224271094842315,61,0.022801129147410393,-0.024700205773115158,1.0028718709945679,3.8467395305633545,-1.2124793529510498,2.294032335281372,0.46415961580519827,180.77338160503405,0.0
14.015,75.19804833377347,-1.136302822150845,-1.526275932929737,61,0.01911000721156597,-0.035040803253650665,1.0228047370910645,1.8153939247131348,3.6224117279052734,-3.5579371452331543,0.4616859355406199,180.77338160503405,0.0
14.066,75.15103398981475,-0.9762991139212479,-0.9250047729110966,61,0.011828755959868431,-0.006966093555092812,1.0079833269119263,-0.5295118093490601,2.4765377044677734,-1.5505386590957642,0.45882557713966987,180.77338160503405,0.0
14.116,75.09062909575941,-0.9275940519763303,-0.4993091318545105,61,0.020633764564990997,0.013125715777277946,0.9804196953773499,-0.7373518347740173,2.00635027885437,-0.4767265319824219,0.4571832285879369,180.77338160503405,0.0
14.167,75.12086856945156,-0.965382068125099,0.4128656455867049,61,0.014086497016251087,0.010030032135546207,1.0156769752502441,1.611093282699585,-1.943548321723938,3.584693431854248,0.45495843844941924,180.77338160503405,0.0
14.217,75.11391263333078,-1.0192218084625666,-0.5745279398960397,61,0.017037520185112953,-0.012071803212165833,0.9774278402328491,-2.219996929168701,-4.163189888000488,-2.940720558166504,0.4533793620402201,177.2141287814771,0.0
14.268,75.13922983783434,-1.1537800365624573,-0.26822029823943877,61,0.02403218112885952,-0.007178057916462421,0.9757878184318542,-0.5938257575035095,-2.1888070106506348,0.5739275813102722,0.4518345552824706,177.2141287814771,0.0
14.318,75.13959874806496,-1.3106200280960867,0.017080619657736437,61,0.026655472815036774,0.016683433204889297,1.0134085416793823,1.3079153299331665,0.7953568696975708,1.8761094808578491,0.4503197783201588,177.2141287814771,0.0
14.369,75.18043579284695,-1.1589894868518753,-0.3261537651470564,61,0.013920539058744907,-0.007257408928126097,1.0051506757736206,0.8771047592163086,2.3661391735076904,-0.8177489042282104,0.4490565447366182,177.2141287814771,0.0
14.419,75.20298196139312,-1.2000770698104917,0.022784935774138343,61,0.024631423875689507,-0.002314729616045952,0.9959902167320251,-0.36650654673576355,4.363963603973389,2.8897769451141357,0.4484298098089216,177.2141287814771,0.0
14.471,75.27086566692873,-1.3154988872898892,0.3907142632310383,61,0.024619651958346367,0.01698065549135208,0.973203718662262,0.20007826387882233,3.2451300621032715,2.308201789855957,0.4478307082558897,177.2141287814771,0.0
14.523,75.35874215555887,-1.2359477489169257,0.9135814548518493,61,0.020397860556840897,0.018092794343829155,0.9814736843109131,3.986518383026123,2.305569648742676,3.561375379562378,0.4474856212622146,177.2141287814771,0.0
14.573,75.4119017778614,-1.1521322406188261,0.7110295012412775,61,0.018112773075699806,0.019357342272996902,0.9973867535591125,1.15921151638031,0.9637190103530884,0.8376715183258057,0.44694370949010404,177.2141287814771,0.0
14.624,75.52869357886422,-0.9776186044791931,1.1537714250829052,61,0.01984013430774212,-0.005866891238838434,1.0115151405334473,0.4577311873435974,1.092054009437561,5.134319305419922,0.4461774911980649,177.2141287814771,0.0
14.674,75.54981282877736,-1.068937570068191,0.4956682455227559,61,0.016117237508296967,0.019756997004151344,1.0098230838775635,-0.4144715666770935,-0.2058550864458084,0.30557313561439514,0.4458156971668535,177.2141287814771,0.0
14.724,75.62097827364875,-1.005815974044802,0.57321343746008,61,0.016201753169298172,0.004989858251065016,0.9951990246772766,-2.571211576461792,-2.194756031036377,0.08231022953987122,0.4451529444875847,177.2141287814771,0.0
14.775,75.6903054761725,-1.0144669489770082,1.0395889712536697,61,0.02578101120889187,0.018307765945792198,0.9742230772972107,-0.49891194701194763,-2.6824238300323486,2.59295654296875,0.44438959031522146,285.3656279765955,0.0
14.826,75.7213304150264,-1.122126970782869,0.8048003761086727,61,0.0195002481341362,0.020650729537010193,0.9842300415039062,3.2725367546081543,-0.8731708526611328,1.530651569366455,0.4441056435332217,285.3656279765955,0.0
14.876,75.80607682049084,-1.0018447601162164,-0.07661456483932197,61,0.01496805064380169,-0.030020343139767647,1.0178009271621704,1.3404179811477661,-0.9536721110343933,1.2833492755889893,0.44362734843055557,285.3656279765955,0.0
14.927,75.79353762652362,-0.8809704729187765,-0.480666233336234,61,0.014163805171847343,-0.003312232904136181,1.0233901739120483,-0.3643325865268707,1.9996362924575806,-0.2588350474834442,0.44297657213455144,285.3656279765955,0.0
14.977,75.80072096982632,-0.7562509266202294,-0.16512059806629234,61,0.016502777114510536,-0.003979909233748913,1.0100609064102173,-1.5426197052001953,-1.3542011976242065,0.18707691133022308,0.4427467870584146,285.3656279765955,0.0
15.028,75.76900972740599,-0.9736403151972453,-0.46492676925927806,61,0.01749664917588234,0.0004391847178339958,0.9757675528526306,-1.8439501523971558,0.7396236658096313,-2.938138723373413,0.44282133333932744,285.3656279765955,0.0
15.081,75.759335626911,-0.8487554202584771,0.18992150404078506,61,0.013890487141907215,0.010061168111860752,0.967486560344696,-1.1296122074127197,-2.0003767013549805,-1.456974983215332,0.44336237203953255,285.3656279765955,0.0
15.131,75.74530298597091,-0.8242057422127329,0.8522027802748507,61,0.01966065540909767,0.024173177778720856,1.00236976146698,1.5434266328811646,-0.7661912441253662,0.7721162438392639,0.4434403338358188,285.3656279765955,0.0
15.182,75.74971195192275,-0.7683033734136313,0.4661022877678961,61,0.010126947425305843,0.013506648130714893,1.0121248960494995,-0.5039653182029724,-0.08309017866849899,-0.2427542507648468,0.4433662167352557,285.3656279765955,0.0
15.232,75.80783796160443,-0.6942677235402197,0.42250121746567976,61,0.017513500526547432,-0.015852218493819237,1.0205509662628174,-0.3301938474178314,0.21574163436889648,2.012594223022461,0.4430731739759412,285.3656279765955,0.0
15.282,75.79139370694948,-0.8707879820002152,-0.1669114052780773,61,0.013329770416021347,0.004754154477268457,0.9824799299240112,-1.8591301441192627,1.4216649532318115,-1.4876048564910889,0.44301612644899596,285.3656279765955,0.0
15.333,75.80438595105441,-0.9005281865485841,0.5357803664609327,61,0.016321027651429176,0.02123553678393364,0.9796441197395325,-1.402687907218933,-0.4805206060409546,0.3563874363899231,0.44238935369597454,284.456018989488,0.0
15.384,75.82142965719676,-0.8834704258365409,0.7258045103723126,61,0.014652485959231853,0.016788939014077187,0.9835349917411804,1.367812991142273,-0.1750863492488861,0.7007489204406738,0.4417162527543327,284.456018989488,0.0
15.436,75.8597394259061,-0.8863606229122889,0.7050248000674221,61,0.014150065369904041,0.01205813605338335,1.0090020895004272,1.4057847261428833,-0.026328694075345993,1.499731183052063,0.4413299836585471,284.456018989488,0.0
15.487,75.88874641440077,-0.7961930671163606,0.41002101033446386,61,0.015253676101565361,-0.0003495095297694206,1.014710783958435,-1.271481990814209,-1.765308141708374,0.6549084782600403,0.44029290448615704,284.456018989488,0.0
15.537,75.91236820617165,-0.6867068658437416,0.6122300303210404,61,0.011010327376425266,0.023132631555199623,1.0090131759643555,0.9549452662467957,0.3830191195011139,1.3524596691131592,0.4394278558144071,284.456018989488,0.0
15.588,75.98649214133044,-0.9536060594189236,0.6581998727779723,61,0.018978338688611984,0.009958879090845585,0.9743927717208862,-1.459283709526062,-2.52496600151062,1.6526057720184326,0.4390410023948807,284.456018989488,0.0
15.64,76.00250857114811,-0.9425772542902718,0.34498841828952603,61,0.009587387554347515,0.012397987768054008,0.9857775568962097,0.7071645259857178,-1.2342907190322876,1.580365777015686,0.4390088303800626,284.456018989488,0.0
15.691,76.05111283769762,-0.7580425417040787,0.03077092339137136,61,0.012979289516806602,-0.010643741115927696,1.0103439092636108,0.7260754108428955,-2.0509450435638428,0.14021986722946167,0.44072849882701964,284.456018989488,0.0
15.741,76.03390280451706,-0.848547535997501,-0.2894145577934097,61,0.017485953867435455,-0.009919174946844578,1.0185877084732056,1.0407893657684326,-0.7716469764709473,-0.8238558769226074,0.44190434181435484,284.456018989488,0.0
15.792,75.98506121027506,-0.6098156366684657,0.19040669246571743,61,0.003952952567487955,0.0144125297665596,1.0216646194458008,1.56758713722229,1.973544955253601,0.6342558264732361,0.4427487834427527,284.456018989488,0.0
15.842,75.98137401492926,-0.6447321964105774,-0.002649755556630701,61,0.011029558256268501,0.0010594745399430394,0.9936234951019287,-2.2934327125549316,1.108241319656372,-1.9889585971832275,0.4430345269900326,284.456018989488,0.0
15.893,76.00254137000977,-0.6815126880991855,0.07023246616298473,61,0.011963993310928345,-0.02166162058711052,0.9953873753547668,-2.3349978923797607,2.1768414974212646,0.2910175025463104,0.44347554006267587,285.69606975001705,0.0
15.943,75.9991280441906,-0.8952360886867287,0.17549950575924064,61,0.025749580934643745,0.0016552075976505876,0.9646808505058289,-1.1257411241531372,-2.113210439682007,0.9761179685592651,0.4428450088585122,285.69606975001705,0.0
15.993,75.96199177433262,-1.0774244356441154,0.09571341691072918,61,0.019423777237534523,0.007643437013030052,1.0005472898483276,2.075402021408081,-0.8566704988479614,-2.0513625144958496,0.441300722517018,285.69606975001705,0.0
16.044,75.94563467316661,-0.9632226429906313,-0.36825790734454555,61,0.013996018096804619,-0.01659449189901352,1.0185164213180542,0.43868547677993774,2.690422534942627,-2.4247019290924072,0.4399249247691324,285.69606975001705,0.0
16.094,75.90380149774171,-0.8676349308223993,0.28128330643378063,61,0.012264060787856579,0.02451084367930889,1.0110535621643066,-1.2102034091949463,2.2430315017700195,0.36290013790130615,0.43897986270950273,285.69606975001705,0.0
16.144,75.88637564669088,-0.7655360442517393,0.6289375762715486,61,0.012438000179827213,0.01932900957763195,0.990777313709259,-2.994952440261841,-0.6586787700653076,-1.1428370475769043,0.43805822481379236,285.69606975001705,0.0
16.197,75.89954011518411,-0.803662226122918,0.9719316073996984,61,0.012665054760873318,0.022624466568231583,0.9736505150794983,0.4232802391052246,1.144387125968933,1.1205902099609375,0.4371754885618171,285.69606975001705,0.0
16.248,75.94228101421714,-0.808788299218431,0.9374935754017337,61,0.015324625186622143,0.015515618957579136,0.9879825115203857,-0.7358517646789551,-1.3849620819091797,2.6296660900115967,0.43584107182301346,285.69606975001705,0.0
16.298,76.00413520253464,-0.9238568478866725,0.17546682098643138,61,0.01810835488140583,-0.010543346405029297,0.9901906251907349,1.4187681674957275,0.13695041835308075,1.5127615928649902,0.43555302287710895,285.69606975001705,0.0
16.349,76.00995834578983,-1.0016072717580757,-0.34980330069694004,61,0.020606372505426407,-0.018168365582823753,1.0075573921203613,0.6520094275474548,0.26063498854637146,0.07724601030349731,0.43532847503791866,285.69606975001705,0.0
16.399,75.98061786320072,-0.9369414152662755,-0.44888347288844954,61,0.013943986967206001,-0.003920838702470064,1.021971583366394,0.020901426672935486,2.729959487915039,-0.6396509408950806,0.43426780920077096,285.69606975001705,0.0
16.451,75.92992821623619,-0.9263345141730757,0.11928231745577451,61,0.011491435579955578,0.029088571667671204,0.9770655035972595,-2.269789695739746,0.39740216732025146,-1.5658577680587769,0.4335674515798339,285.3850445669184,0.0
16.501,75.92305120588085,-0.9956198753192406,0.6431466637434358,61,0.018915224820375443,0.017395153641700745,0.9785853624343872,-1.6127469539642334,-2.8982133865356445,-0.31567445397377014,0.43410645419463795,285.3850445669184,0.0
16.552,75.9446214179132,-0.9830770665931701,0.385959040771526,61,0.019079875200986862,-0.0073017762042582035,0.986219048500061,1.804221510887146,0.1736004650592804,-0.5022959113121033,0.43499499126933194,285.3850445669184,0.0
16.602,75.94384422668244,-0.8799915661204712,0.3271105734387954,61,0.013047168031334877,-0.0022532050497829914,1.0206094980239868,1.2490308284759521,0.11822149902582169,1.1995693445205688,0.43680368536023506,285.3850445669184,0.0
16.653,75.92300328591301,-0.7923134612866157,0.3198934614350675,61,0.008285616524517536,0.01243777759373188,1.0251504182815552,-1.6686139106750488,0.6101901531219482,1.3598583936691284,0.43756632981961424,285.3850445669184,0.0
16.704,75.9385535113743,-0.9795613823166753,0.33244790804773783,61,0.02050381526350975,0.012487991712987423,0.9693223237991333,-0.20527012646198273,-0.05121467262506485,0.11587511003017426,0.4387002615138306,285.3850445669184,0.0
16.754,75.96824632520378,-1.0627559799988942,0.40523594089337206,61,0.01960941031575203,0.0053710415959358215,1.0037696361541748,1.6866590976715088,0.29300007224082947,1.7331308126449585,0.439124619474038,285.3850445669184,0.0
16.805,75.97656429606265,-1.1741944119291816,0.03189139101837514,61,0.021327363327145576,0.0013056695461273193,0.9844307899475098,-1.4290146827697754,0.37230047583580017,-0.3414272367954254,0.4388371501207106,285.3850445669184,0.0
16.855,75.98051142420682,-1.24507667404592,0.2219845350642988,61,0.023317726328969002,-0.0036368267610669136,0.9874594807624817,1.9008089303970337,0.3005482852458954,0.9010279178619385,0.4386900195866128,285.3850445669184,0.0
16.905,75.9875198142196,-1.0978019319244172,0.1431315699143771,61,0.015926258638501167,0.0016503692604601383,1.0212836265563965,0.7527301907539368,0.15235279500484467,0.38270190358161926,0.43835815544034945,285.3850445669184,0.0
16.956,75.98697074896292,-0.9136006622441748,0.12515661075288764,61,0.009509147144854069,0.014502431266009808,1.0006970167160034,-0.24699148535728455,0.7790212035179138,-1.002234697341919,0.43818221004415053,285.3850445669184,0.0
17.006,76.02481172482852,-0.975616266789135,0.16467800772178454,61,0.022368844598531723,-0.008910058066248894,0.9842693209648132,-1.5793882608413696,-1.3728169202804565,1.5750010013580322,0.4384114694893543,231.3077813930403,0.0
17.057,76.00645263952823,-1.1027827976498856,0.16334059448782995,61,0.019926464185118675,0.013672973960638046,0.9974519610404968,1.691359043121338,0.13445553183555603,0.4813953936100006,0.43907779465266356,231.3077813930403,0.0
17.107,76.01998043978948,-1.0788845281114299,-0.2533774503580086,61,0.01820206642150879,-0.008445809595286846,0.9966132044792175,-0.7551110982894897,-1.6025687456130981,-1.602770209312439,0.4399668091441024,231.3077813930403,0.0
17.158,76.01830616636231,-1.001884470287098,-0.277629381421011,61,0.015503011643886566,-0.01297065056860447,0.9877175092697144,-0.4276432991027832,0.22182951867580414,1.012195348739624,0.4404830914078781,231.3077813930403,0.0
17.208,76.00436479456911,-0.9771455693788683,-0.14421117867189964,61,0.01818392612040043,-0.006613117642700672,0.9906516075134277,0.6544637084007263,0.4909435510635376,0.9642341136932373,0.4412188790308531,231.3077813930403,0.0
17.258,75.96265241991863,-1.0146304210121495,0.043529845245212216,61,0.012591490522027016,0.021349189803004265,1.0031718015670776,2.501755952835083,3.788109302520752,0.1586686372756958,0.44215087195014086,231.3077813930403,0.0
17.309,76.00589875980917,-0.8062133799742079,0.5175914536710392,61,0.013973834924399853,-0.009995297528803349,1.014081358909607,0.017909778282046318,1.222565770149231,1.1772220134735107,0.44427661680047925,231.3077813930403,0.0
17.359,75.98443810522035,-0.720826908335694,0.6922636942195844,61,0.009039334021508694,0.037588972598314285,1.0042409896850586,0.027507934719324112,0.4816252589225769,1.267577052116394,0.4452649007579307,231.3077813930403,0.0
17.409,76.04623336630812,-0.8401931456782824,0.14196849640161055,61,0.01600000448524952,-0.014251052401959896,0.9889941811561584,-1.6306120157241821,0.6759155988693237,-0.8682059645652771,0.44696900390235333,231.3077813930403,0.0
17.461,76.02306516125056,-0.931862825583321,0.5402781212693692,61,0.01718798652291298,0.02599189803004265,1.0007041692733765,-0.5201808214187622,-0.2471051961183548,0.2584688365459442,0.4488427707291771,231.3077813930403,0.0
17.511,76.04855964441904,-0.984636250315254,0.5366504256882608,61,0.011615780182182789,0.02038545347750187,0.9878748655319214,-0.9380258917808533,-1.1253061294555664,-1.0930616855621338,0.45185344331305316,231.3077813930403,0.0
17.562,76.06244618172435,-0.8708237697989688,0.8726645760108495,61,0.015431922860443592,0.01957411877810955,1.0005923509597778,0.15852923691272736,-0.9378963708877563,0.9174516797065735,0.4557174759810329,286.9666119321292,0.0
17.612,76.08468651528749,-0.8304449855686099,0.7658021789550515,61,0.01531977765262127,0.01237783208489418,1.004052758216858,-0.36509737372398376,-1.9444870948791504,0.8362993597984314,0.45820262257245853,286.9666119321292,0.0
17.662,76.1099536408406,-1.033104521373371,0.12658295182650392,61,0.019899584352970123,-0.008792856708168983,0.9921790957450867,0.22217957675457,0.09431613981723785,-0.46162548661231995,0.46231052830878794,286.9666119321292,0.0
17.713,76.09092169498082,-0.9860061903591286,0.44747439907123454,61,0.018965084105730057,0.02163410559296608,1.0015438795089722,-1.3026456832885742,3.2341911792755127,0.3906773328781128,0.46518119014042336,286.9666119321292,0.0
17.763,76.08909086087667,-1.005696227721107,1.1084028510720727,61,0.012872538529336452,0.040248747915029526,0.9854576587677002,-0.8871254920959473,0.60719233751297,-0.4950794577598572,0.4679708522280246,286.9666119321292,0.0
17.815,76.15911097708326,-1.0252589135059484,1.181336368097388,61,0.020640021190047264,0.008767941035330296,0.9744735956192017,-0.4937182664871216,0.9548846483230591,1.3728327751159668,0.47156847035339067,286.9666119321292,0.0
17.865,76.21575172791151,-0.8581364919005913,1.1991707658473392,61,0.007141916546970606,0.013285457156598568,1.0104055404663086,0.4986035227775574,-1.2770960330963135,3.3697292804718018,0.47409738969065196,286.9666119321292,0.0
17.915,76.29765488443094,-0.9989021884661207,-0.40103408788953804,61,0.025909611955285072,-0.04003908112645149,0.9966690540313721,-1.2482811212539673,-2.8963773250579834,-0.06150073930621147,0.47549441199151155,286.9666119321292,0.0
17.966,76.28098979416453,-1.1116056590058927,-0.6318467160660882,61,0.022542618215084076,-0.00306234834715724,1.0038341283798218,-0.20125065743923187,-1.8913565874099731,-1.12917959690094,0.4767547198358994,286.9666119321292,0.0
18.016,76.23695564924712,-0.9834807267362505,-0.6205802480631193,61,0.013963424600660801,0.011181669309735298,0.9932863712310791,-0.03949148207902908,0.0915689691901207,-3.169457197189331,0.47673398765781294,286.9666119321292,0.0
18.066,76.1997294681461,-0.8936216934786124,0.5646582897535125,61,0.013125071302056313,0.027396492660045624,1.000316858291626,-1.703310489654541,-3.5264053344726562,-0.21399755775928497,0.4763303900141243,286.9666119321292,0.0
18.117,76.19920422915433,-0.9155277259748597,0.71960435895957,61,0.018929392099380493,0.007035692688077688,0.9982832670211792,1.1107172966003418,1.0985653400421143,2.1001193523406982,0.4760838525445748,285.44331019463726,0.0
18.167,76.19151702924461,-1.1523773946792382,-0.020117520076542036,61,0.018785666674375534,-0.010601473040878773,0.9848465323448181,1.5011667013168335,-0.029748035594820976,-1.3772252798080444,0.4750987367624371,285.44331019463726,0.0
18.217,76.17249815297897,-1.046904605121116,-0.33483390237601063,61,0.019495267421007156,-0.025632567703723907,0.9982686042785645,0.17014479637145996,-1.1304247379302979,0.7225867509841919,0.47387107477088036,285.44331019463726,0.0
18.268,76.10235451145896,-1.1668363384218414,0.1597791981736826,61,0.021792516112327576,0.03077404573559761,0.9922601580619812,0.8552207350730896,-1.7178032398223877,-1.199716329574585,0.4714539904349182,285.44331019463726,0.0
18.318,76.13505175131277,-0.9225649189099328,0.49174553226362894,61,0.009652112610638142,-0.000361062673619017,1.009853720664978,2.612912654876709,-2.183173894882202,0.7185487151145935,0.47014269678038473,285.44331019463726,0.0
18.369,76.12300662019605,-0.9129485116624181,0.08189451978936692,61,0.01822720468044281,-0.007211008574813604,0.9914597272872925,-0.36310455203056335,-0.30320730805397034,-1.8544360399246216,0.4687652504908214,285.44331019463726,0.0
18.419,76.1187005069118,-0.976405883156214,0.23049270353168705,61,0.01699106954038143,-0.008730847388505936,1.0066461563110352,1.753767490386963,1.184493899345398,0.10772787034511566,0.4678158696648906,285.44331019463726,0.0
18.469,76.08252096154521,-0.8805282628384246,0.09236485383387474,61,0.010718150995671749,0.009714124724268913,1.012358546257019,-0.6163287162780762,-0.04373683035373688,-2.241588592529297,0.4659602436655782,285.44331019463726,0.0
18.52,76.08283207277195,-0.6879512877320194,0.26789133396037124,61,0.010677159763872623,0.001404152950271964,1.0051881074905396,-2.2133302688598633,-0.9328934550285339,-1.9510011672973633,0.46479673630138535,285.44331019463726,0.0
18.57,76.1003989983324,-0.6993286808061212,0.7172652245770329,61,0.020949464291334152,0.0050356462597846985,0.9847608208656311,-0.0036816031206399202,-1.730271577835083,1.3105549812316895,0.4637103470514199,285.44331019463726,0.0
18.62,76.09923039409126,-0.8774191075442404,0.43649071601644623,61,0.012792499735951424,0.013802878558635712,0.9915194511413574,1.1307919025421143,-0.3303556740283966,0.44420933723449707,0.4622157004855387,285.44331019463726,0.0
18.67,76.135890850888,-0.8237672328205269,0.22685657215129135,61,0.01464776135981083,-0.010161123238503933,0.9977849125862122,1.4960981607437134,-0.29296445846557617,0.6330952644348145,0.4612754294442143,283.53302237544784,0.0
18.725,76.10526782190553,-0.8090047905169865,-0.043828169380846646,61,0.01076479535549879,0.0027131650131195784,1.0209691524505615,0.4815630316734314,-0.3965522050857544,-2.1007211208343506,0.46033223294732556,283.53302237544784,0.0
18.776,76.10667934009803,-0.8990608685869625,-0.05404575499138906,61,0.01867516152560711,-0.015030127950012684,0.9940075278282166,-0.45844197273254395,1.3590704202651978,-0.0900595560669899,0.4588173001224017,283.53302237544784,0.0
18.826,76.1086793191748,-0.661629013945796,0.16867974868256636,61,0.009290603920817375,-0.005239121615886688,0.9957979917526245,-0.0756731852889061,0.2480129897594452,1.7844138145446777,0.4576910504342715,283.53302237544784,0.0
18.877,76.08436407616693,-0.8852010811269031,0.06057225248549128,61,0.022954149171710014,0.011252996511757374,0.9822914004325867,1.6113024950027466,1.7527148723602295,0.1254235804080963,0.4570562115126068,283.53302237544784,0.0
18.927,76.0498795093058,-0.8582863048993441,0.3729877812492432,61,0.010430257767438889,0.0322677344083786,1.005052089691162,1.555193305015564,1.5713779926300049,-0.1967209130525589,0.455874838324897,283.53302237544784,0.0
18.978,76.05833023314409,-0.8501409016840572,0.5361549336626947,61,0.01625438593327999,0.008619386702775955,0.9960156679153442,-0.7823853492736816,-1.2414623498916626,-2.639212131500244,0.45500616549102024,283.53302237544784,0.0
19.03,76.03548772399395,-0.5137185732987681,1.1106642795083805,61,-0.0008910239557735622,0.02936611697077751,1.0184322595596313,0.9363306760787964,1.1726422309875488,2.2619104385375977,0.45421603539376176,283.53302237544784,0.0
19.082,76.05402938736003,-0.6810200707590772,0.5100261680066867,61,0.016171613708138466,0.0027573739644140005,0.9902366995811462,-1.3008755445480347,-0.12529444694519043,-0.4638496935367584,0.4531622305564552,283.53302237544784,0.0
19.134,76.05941407111807,-0.8080185678873628,0.29717075548009725,61,0.014679941348731518,0.002249607117846608,0.9907822012901306,-1.1769049167633057,-2.7168595790863037,-1.032423973083496,0.45141022341379855,283.53302237544784,0.0
19.185,76.04853794394164,-0.8217578466979271,0.24179371374649114,61,0.015280380845069885,-0.003139770356938243,0.9874798655509949,0.0046274857595562935,-0.3502119183540344,-0.08918909728527069,0.44963857925370776,283.53302237544784,0.0
19.235,76.03922258336236,-0.8712433504334388,0.4209264563669818,61,0.017593078315258026,0.017231764271855354,0.9912643432617188,0.25419849157333374,-1.7552422285079956,1.3119856119155884,0.4487016703482297,286.22246485601204,0.0
19.286,76.05378471512608,-0.935758621453613,0.13783345069681133,61,0.01968923769891262,-0.009128877893090248,1.0203555822372437,1.486275553703308,0.711127758026123,0.04636405035853386,0.44753310743523744,286.22246485601204,0.0
19.336,75.9981167420157,-0.8119812645544647,0.19153797289995553,61,0.006277385633438826,0.015191248618066311,1.0153664350509644,2.25732421875,4.471171855926514,-1.4184904098510742,0.4472802630489964,286.22246485601204,0.0
19.386,75.99860400945043,-0.7365615330464457,0.6808314050682494,61,0.009265377186238766,0.01317476388067007,1.0166181325912476,-2.16988205909729,1.0596034526824951,0.2576780617237091,0.4462895468691467,286.22246485601204,0.0
19.437,76.00889976758675,-0.9289523198376145,0.3520548723026382,61,0.01972443237900734,-0.0013324833707883954,0.9681966304779053,-1.0735914707183838,1.1577435731887817,-0.13628320395946503,0.4457803471741234,286.22246485601204,0.0
19.487,76.02591620293335,-0.9405199284451494,0.04186766653247495,61,0.014593194238841534,-0.004873025231063366,0.9727277755737305,-0.31233471632003784,-1.5849432945251465,-1.510054349899292,0.4450807441883588,286.22246485601204,0.0
19.537,76.01476367316549,-0.8553014007702874,0.24969551066878135,61,0.014099296182394028,0.008044182322919369,1.00589919090271,1.6877925395965576,1.2728410959243774,0.7567912340164185,0.44477449101561245,286.22246485601204,0.0
19.588,76.0207753391974,-0.9075358709838732,0.24721996337347188,61,0.015542610548436642,0.009532996453344822,1.0029996633529663,-1.276525616645813,-0.8243532776832581,-0.29633986949920654,0.44470289917092115,286.22246485601204,0.0
19.639,76.02836819864928,-0.8735472296197425,0.6936715005231647,61,0.01654883474111557,0.017079859972000122,0.9959304928779602,0.46529191732406616,-1.8328516483306885,0.06839828938245773,0.44489340679407346,286.22246485601204,0.0
19.69,76.02574242252713,-0.8987958240348608,0.3641073023209545,61,0.017181020230054855,0.0032172435894608498,1.0068159103393555,0.8383615016937256,0.2589561641216278,-0.17269429564476013,0.44473044349125934,286.22246485601204,0.0
19.74,76.0015048353374,-0.7289652527231577,0.6543021101443333,61,0.00719106150791049,0.034274276345968246,1.006134271621704,0.21927261352539062,-0.9862654805183411,-0.8012789487838745,0.4453181776848348,286.22246485601204,0.0
19.791,76.04331572116087,-0.7254843519649822,0.4190501048265128,61,0.016283493489027023,-0.005790248513221741,0.9975742101669312,-1.0529648065567017,-0.8825263977050781,-0.6543529033660889,0.4459557313947877,281.59140651225243,0.0
19.841,76.06922472735423,-0.8803841129189268,0.8612901601710683,61,0.018704954534769058,0.009648718871176243,0.9963455200195312,0.8527684211730957,1.6539913415908813,3.4492263793945312,0.44635953544648677,281.59140651225243,0.0
19.892,76.05855678701687,-0.8887142418284937,0.29705266524131124,61,0.012260498479008675,0.005556004587560892,1.0133405923843384,0.7204415798187256,0.15147314965724945,-0.04167937859892845,0.44687661940629164,281.59140651225243,0.0
19.943,76.06379931799854,-0.8630761493720255,0.04221483847283928,61,0.01336989551782608,-0.005155832506716251,0.9916369318962097,-1.3692753314971924,-0.8295141458511353,-1.2214463949203491,0.447496439870225,281.59140651225243,0.0
19.993,76.05212052475787,-0.8123945082429919,0.53152036039889,61,0.01269035879522562,0.009522606618702412,0.9915592670440674,-0.22816020250320435,0.45333921909332275,0.6370015144348145,0.44801457029143554,281.59140651225243,0.0
20.043,76.05603524030927,-0.8450546865847709,0.7245712862944372,61,0.015591838397085667,0.02523188106715679,0.9925381541252136,-0.20332364737987518,-0.8304373025894165,0.3047415614128113,0.4472182949307469,281.59140651225243,0.0
20.093,76.11586700237807,-0.7791871433880871,0.15895244072549514,61,0.0082755908370018,-0.01784534752368927,1.005082607269287,0.4793669581413269,-0.5140221118927002,0.32221081852912903,0.446191598827267,281.59140651225243,0.0
20.144,76.10947227887009,-0.8081298901702397,-0.4270852777576813,61,0.017425835132598877,-0.015182343311607838,1.0144822597503662,-1.0307307243347168,1.124943733215332,0.39127489924430847,0.4447862402332964,281.59140651225243,0.0
20.195,76.10521835587784,-1.0004423108032372,-0.32791092544286654,61,0.024718914180994034,-0.0039049081970006227,0.9773977398872375,1.6816357374191284,3.8915321826934814,1.2612295150756836,0.44354178643502873,281.59140651225243,0.0
20.246,76.07158229275129,-1.0698128008945864,0.3584278047110734,61,0.012740294449031353,0.02737390622496605,0.9945108294487,-0.19792616367340088,1.0405175685882568,0.007287758868187666,0.4414624106069225,281.59140651225243,0.0
20.296,76.04509930645104,-0.9963628422747974,0.44641480590859284,61,0.01556297205388546,0.012572670355439186,0.9971263408660889,0.15747115015983582,-0.26728302240371704,-2.033215045928955,0.4399149515353799,281.59140651225243,0.0
20.346,76.0428992789732,-0.7232639144908377,0.8960435186000262,61,0.006136216688901186,0.02348240651190281,1.0057294368743896,0.9785972237586975,0.9165118932723999,0.5803856253623962,0.43751595234147544,286.9469795443662,0.0
20.397,76.06930963495539,-0.7788529553572895,0.3127378384120327,61,0.017716199159622192,-0.018310317769646645,0.9917955994606018,-4.306399345397949,-2.65439510345459,0.11542151123285294,0.43639689924583885,286.9469795443662,0.0
20.447,76.06540303623619,-0.94125709930433,-0.08841704435003196,61,0.018937597051262856,-0.004949665628373623,0.9844877123832703,-1.0735013484954834,-2.0975563526153564,-1.2437397241592407,0.4354492667268777,286.9469795443662,0.0
20.498,76.03898331286877,-0.9552379963729298,-0.1211612794076668,61,0.016851527616381645,-0.0067435819655656815,1.0064328908920288,0.8998318314552307,0.4113258123397827,-0.1348453164100647,0.4344596344655725,286.9469795443662,0.0
20.548,76.00367990688868,-0.9454179178467726,-0.1174933075079683,61,0.01612342894077301,0.015511531382799149,0.9954726099967957,-0.2577188014984131,-0.7820739150047302,-2.3229753971099854,0.43447801056537666,286.9469795443662,0.0
20.598,76.00983508798458,-0.7822248156501285,0.6514196625971402,61,0.010788788087666035,0.016902199015021324,1.0077316761016846,0.5755196213722229,0.34016093611717224,1.038568139076233,0.43492841111902947,286.9469795443662,0.0
20.649,76.0212750507905,-0.9172371773712508,0.08092719138878465,61,0.02031279355287552,-0.01668419875204563,0.9902282357215881,0.0781959518790245,-0.9062314033508301,-1.1309555768966675,0.4350316556688938,286.9469795443662,0.0
20.7,75.99465298302722,-0.8327770516911117,0.5309761746062177,61,0.011912773363292217,0.014947693794965744,1.012836217880249,0.6817256212234497,1.7741423845291138,1.1670726537704468,0.43415195034678417,286.9469795443662,0.0
20.75,75.98811743644185,-0.8715589387337349,0.18492838517495705,61,0.016166355460882187,0.01104007475078106,0.9930146932601929,-0.1397857964038849,1.0528671741485596,-0.8064351677894592,0.43368869200767435,286.9469795443662,0.0
20.801,76.00324473632058,-0.99112975802566,0.24918573920366247,61,0.02078792080283165,-0.00857716053724289,0.9792680740356445,-1.8992908000946045,-0.9333946704864502,-0.09780322015285492,0.43381801922218505,286.9469795443662,0.0
20.851,75.98052255300239,-1.0372728775202273,0.46573283379985997,61,0.01802290789783001,0.016323966905474663,0.9871536493301392,1.7492796182632446,-0.39016303420066833,0.4152393043041229,0.4333239442362086,286.9469795443662,0.0
20.901,75.98994600285471,-1.011150044105873,0.08135588689959677,61,0.01806274615228176,-0.009802901186048985,0.9805731773376465,0.8885667324066162,-0.7781760096549988,-2.5828490257263184,0.43213972598060885,282.5017848723648,0.0
20.952,75.9917290957312,-0.8808539341130079,0.4235015463413459,61,0.011394217610359192,0.0003331134794279933,1.0116941928863525,0.8207102417945862,-0.9372214078903198,0.8137158155441284,0.430410359553727,282.5017848723648,0.0
21.003,75.99558294299463,-0.5939314540569341,0.5548437056135425,61,0.0054362076334655285,0.017001796513795853,1.0122075080871582,0.22526001930236816,0.32923921942710876,1.367141604423523,0.4289272096911877,282.5017848723648,0.0
21.053,76.02063394445362,-0.8377693364709381,0.17043394543846607,61,0.021258186548948288,-0.0025511079002171755,0.9741848111152649,1.6315568685531616,-0.40010833740234375,-0.45238789916038513,0.4267003448530104,282.5017848723648,0.0
21.103,76.03473595856673,-0.9117913515289109,-0.012404539212690037,61,0.014206410385668278,-0.006721324287354946,1.0051707029342651,0.97683185338974,-1.3996541500091553,-1.6060909032821655,0.4256216282511936,282.5017848723648,0.0
21.154,76.03092500710315,-0.8350825364313371,0.2174233121255384,61,0.014197785407304764,0.0058106593787670135,1.000278353691101,-0.38423848152160645,0.5964632630348206,1.1871825456619263,0.42538838091707576,282.5017848723648,0.0
21.205,76.0147372657392,-0.8172107311632845,0.49582402838101264,61,0.010227073915302753,0.025871435180306435,0.9827559590339661,1.8657387495040894,3.117990732192993,-0.24473388493061066,0.4262324631801849,282.5017848723648,0.0
21.256,76.06284110257515,-0.887965143553691,-0.04117508763292245,61,0.0183943510055542,-0.030333340167999268,0.9839304685592651,0.7266727089881897,0.23517587780952454,0.5747731924057007,0.42609601322058355,282.5017848723648,0.0
21.306,76.02404200068108,-0.7778593097796082,-0.1559824721311905,61,0.008158398792147636,0.0021575314458459616,1.011673092842102,3.2524213790893555,2.9119319915771484,-0.24917030334472656,0.42644222387194913,282.5017848723648,0.0
21.357,76.013348897598,-0.5614405862186687,0.21903193970025672,61,0.006629724986851215,0.01121252216398716,1.015515685081482,0.38864707946777344,0.7145189046859741,-0.33532536029815674,0.42792419884735255,282.5017848723648,0.0
21.407,76.00697520452643,-0.6412926214521975,0.42540223297116125,61,0.01227980013936758,0.013083113357424736,0.9834849834442139,-1.2349438667297363,0.36651989817619324,-0.9022555947303772,0.4288275654511921,282.5017848723648,0.0
21.46,76.0106052836649,-0.6478343748612183,0.8583694797364392,61,0.014947887510061264,0.011159028857946396,0.9715380072593689,0.2411714345216751,1.8115195035934448,1.136655569076538,0.4296293843025855,286.4374786587448,0.0
21.511,76.02329605360552,-0.6869834583621116,1.0496355283672585,61,0.012073187157511711,0.024089030921459198,1.0022103786468506,0.9194058179855347,0.5521298050880432,1.5096830129623413,0.43160203625293103,286.4374786587448,0.0
21.562,76.06088664270555,-0.7150526911240753,0.646595756358102,61,0.01601806841790676,0.006197937298566103,0.9839560985565186,0.9213338494300842,-0.791824996471405,-0.3451281189918518,0.4335961585356411,286.4374786587448,0.0
21.612,76.09336746734833,-0.6989915720755597,0.3551242800236656,61,0.010642535984516144,-0.012522323988378048,1.001175045967102,1.5812188386917114,-0.5806193947792053,0.022196369245648384,0.4349774273777953,286.4374786587448,0.0
21.662,76.08499296046672,-0.42712299063040626,0.3312404432266664,61,0.0034639646764844656,0.004437905736267567,1.019486904144287,-1.4171987771987915,-0.7131151556968689,1.8112457990646362,0.4374615030674096,286.4374786587448,0.0
21.714,76.0741290132962,-0.48399001480515125,0.32386248360002856,61,0.007627532351762056,0.026038585230708122,0.998996913433075,0.9047964811325073,1.1818549633026123,-0.7664613127708435,0.4389498881149737,286.4374786587448,0.0
21.765,76.09660929881393,-0.32511640527183827,0.7689497142005037,61,0.0017323914216831326,0.013358800671994686,1.0128194093704224,-2.4981741905212402,-1.2549833059310913,1.1747320890426636,0.4417345211231867,286.4374786587448,0.0
21.816,76.1219858900564,-0.4964448563319465,0.4214636750787089,61,0.010701889172196388,0.002038797130808234,0.9928129315376282,1.186659812927246,2.6775126457214355,0.21270041167736053,0.4447357266346018,286.4374786587448,0.0
21.866,76.1230030967394,-0.5738996126595176,0.4108029736457004,61,0.013300667516887188,-0.0005187615170143545,0.9937393665313721,-1.3167200088500977,-0.8564983010292053,0.22363939881324768,0.446233044643488,286.4374786587448,0.0
21.917,76.10299692454932,-0.4411206323682512,0.41397752891595807,61,0.0007697598193772137,0.018522148951888084,1.0149585008621216,0.26812970638275146,1.5422327518463135,-0.8689570426940918,0.4486797540211081,286.4374786587448,0.0
21.967,76.11459486531238,-0.3268351811220137,0.5946866384415036,61,0.004850856959819794,0.01573677733540535,1.010884404182434,-0.028315359726548195,0.5122634768486023,-0.4629989266395569,0.4507179729687442,286.4374786587448,0.0
22.017,76.14414566907068,-0.5229843238940005,0.8491488343131244,61,0.014402664266526699,0.017885077744722366,0.9933223128318787,-1.6316486597061157,-1.0246179103851318,2.211743116378784,0.45233303829449173,284.842376910017,0.0
22.068,76.15223011239236,-0.6400875407141033,1.010996118255988,61,0.010434652678668499,0.030594663694500923,0.996736466884613,-0.11888265609741211,-0.2827059328556061,0.10070887953042984,0.45518436078916963,284.842376910017,0.0
22.119,76.16249497912521,-0.6492557476419523,1.1476625233671518,61,0.007827220484614372,0.028201965615153313,0.9907881617546082,2.510709524154663,0.8197992444038391,0.12564198672771454,0.45659740510848257,284.842376910017,0.0
22.169,76.23612856443432,-0.5701794800963706,1.0015268062074907,61,0.008830609731376171,-0.0038502071984112263,1.0059025287628174,0.5700583457946777,0.36257585883140564,2.1757588386535645,0.4575441287145769,284.842376910017,0.0
22.219,76.25020058316547,-0.56243059417652,0.7651144223595915,61,0.012855714187026024,0.016545549035072327,1.004262924194336,0.18940865993499756,-0.8912569880485535,1.3725392818450928,0.45834191461247803,284.842376910017,0.0
22.269,76.25948229156266,-0.77834395442285,0.07023264551930328,61,0.013437198475003242,0.0025286730378866196,0.9924950003623962,-1.6299232244491577,-2.219038248062134,-2.22039794921875,0.4581846630299873,284.842376910017,0.0
22.32,76.2711566522393,-0.9740868928411677,-0.12642001706709424,61,0.0236232727766037,-0.021951919421553612,0.9830189943313599,0.756435751914978,-0.8866404891014099,-1.7938443422317505,0.45812491776311504,284.842376910017,0.0
22.37,76.22635330908778,-0.9569935933105027,0.6503529787507489,61,0.013100405223667622,0.037520263344049454,0.9839499592781067,-0.07986165583133698,-0.6225915551185608,-0.35771918296813965,0.45789686507178473,284.842376910017,0.0
22.421,76.24295428715365,-0.7891601171746722,1.327522923902484,61,0.00869202334433794,0.03626007214188576,1.0096553564071655,-0.44519975781440735,-2.1228911876678467,1.590150237083435,0.4579683279774369,284.842376910017,0.0
22.471,76.31332814282595,-0.6994144055218439,0.4633132168106983,61,0.014610609039664268,-0.015541519969701767,1.0057692527770996,-1.0012791156768799,-1.925561547279358,0.9865612983703613,0.45859755167401034,284.842376910017,0.0
22.522,76.32880225198,-0.9474869593133913,-0.5171418849823388,61,0.020806238055229187,-0.03777257353067398,0.9990246891975403,-1.4439977407455444,-2.3579561710357666,0.977912187576294,0.45889596906525776,284.842376910017,0.0
22.573,76.24097009800016,-0.9950152277384279,-0.9480327748277443,61,0.016897471621632576,0.0062810685485601425,0.9895375967025757,0.9436991214752197,0.8729145526885986,-2.94809889793396,0.4596812324203724,276.7238899518374,0.0
22.624,76.17155606780909,-0.6598914220495784,0.35499720596110296,61,0.003330792300403118,0.030550530180335045,1.0077487230300903,0.3680819272994995,-1.2586110830307007,-1.9547704458236694,0.46005659851340946,276.7238899518374,0.0
22.674,76.17657015460735,-0.6454773444124156,0.721310286936253,61,0.017941173166036606,0.007283197250217199,1.0054821968078613,-0.45280709862709045,-1.1258270740509033,1.0393177270889282,0.4593709267101271,276.7238899518374,0.0
22.724,76.17310783445406,-0.7233842152031473,0.3456394814608124,61,0.01259194128215313,-0.0024702760856598616,1.0013477802276611,-0.04929986596107483,-0.18736886978149414,-1.2448368072509766,0.45912216440718284,276.7238899518374,0.0
22.775,76.18269140008643,-0.6243673937174791,0.38085486853873735,61,0.010457281023263931,0.006314260419458151,1.0094406604766846,-2.3323185443878174,-1.9348015785217285,1.0953726768493652,0.4595021996050748,276.7238899518374,0.0
22.826,76.17708588159303,-0.836170914167052,-0.3527692218681758,61,0.01769380271434784,-0.02436027303338051,0.9711630344390869,2.4737095832824707,2.1886487007141113,-3.037142753601074,0.4597752936371785,276.7238899518374,0.0
22.876,76.15982278983658,-0.7003259753299884,0.31636424520673184,61,0.011792222037911415,0.010286069475114346,1.0053147077560425,-1.462975025177002,-1.4400497674942017,0.8336340188980103,0.46118928982512014,276.7238899518374,0.0
22.927,76.18295007486844,-0.8416252016875728,0.10205199460985816,61,0.017472906038165092,0.002333392621949315,0.9810791611671448,1.476666808128357,0.9315208792686462,0.15262505412101746,0.46225595263149777,276.7238899518374,0.0
22.977,76.21351984734747,-0.8514026895393036,0.014458465371571368,61,0.01269465684890747,-0.0019782371819019318,0.9874807000160217,2.342052936553955,1.7562156915664673,1.7199842929840088,0.46371990482290043,276.7238899518374,0.0
23.028,76.24434155672984,-0.7159064737895149,0.2994979829304609,61,0.0050937216728925705,0.006723501719534397,1.0077762603759766,2.675783395767212,4.902459621429443,4.3366312980651855,0.46507744381249067,276.7238899518374,0.0
23.078,76.2259201225697,-0.4979570617311112,0.4226275856623035,61,0.0047893221490085125,0.016431696712970734,0.9967418313026428,0.960787832736969,0.9117535352706909,-0.49661871790885925,0.46605169318673384,276.7238899518374,0.0
23.128,76.23192316859786,-0.3603246664664492,0.6438770280174136,61,0.010630461387336254,0.002518372144550085,1.0100114345550537,0.07898528128862381,0.24438683688640594,-0.2235783040523529,0.4677120792548308,271.7750275383918,0.0
23.179,76.22023498216346,-0.2846418960398457,1.1895375057118227,61,0.0026198693085461855,0.03485437110066414,1.0025055408477783,-0.7611488699913025,0.06990699470043182,1.0462127923965454,0.4703152184941757,271.7750275383918,0.0
23.229,76.29107985423367,-0.3964274698997889,0.7135428698203552,61,0.01055224146693945,-0.004938637837767601,0.9943903684616089,-1.4393783807754517,-1.7783913612365723,0.3953518569469452,0.47164561995801535,271.7750275383918,0.0
23.28,76.29596661537484,-0.6026536158161221,0.5669460971173007,61,0.018243810161948204,0.009082931093871593,0.9825134873390198,0.39616987109184265,-1.1103761196136475,-0.06645087152719498,0.47360294593307845,271.7750275383918,0.0
23.331,76.27875608219921,-0.47672160345819864,0.7630113574155708,61,0.001977891894057393,0.025889895856380463,1.0063486099243164,1.5698775053024292,0.4076538383960724,-0.5278586745262146,0.4746174792797228,271.7750275383918,0.0
23.381,76.30057681348829,-0.21475340553369549,1.0651261888781536,61,-0.004515144973993301,0.023760885000228882,1.013259768486023,-0.7676743268966675,-0.33132341504096985,0.9891811609268188,0.4764518094919682,271.7750275383918,0.0
23.431,76.3499092257914,-0.19250371260428079,0.911180055918133,61,0.006240649148821831,-0.004395727533847094,1.0110561847686768,-1.8762102127075195,-0.7436892986297607,2.3817861080169678,0.4781958383026987,271.7750275383918,0.0
23.481,76.37298039204947,-0.4656643954922027,0.5992552106140524,61,0.01526610180735588,0.006867578718811274,0.9852714538574219,0.049737002700567245,0.683779239654541,2.1714694499969482,0.48326226274593653,271.7750275383918,0.0
23.532,76.36391625122295,-0.6037108910468443,0.14749705334089047,61,0.007377860601991415,0.012865185737609863,0.9800705909729004,-0.3634926378726959,-1.7023966312408447,-2.7873001098632812,0.48628405188091123,271.7750275383918,0.0
23.582,76.3971368046824,-0.4659280386769146,0.8127276005721078,61,0.006732897832989693,0.007837764918804169,1.0095655918121338,0.8102228045463562,0.11820750683546066,2.613725185394287,0.4897893731930809,271.7750275383918,0.0
23.634,76.3910408682617,-0.5262057772724389,0.5206299304065181,61,0.01041968073695898,0.015577729791402817,1.0161240100860596,-1.3418951034545898,-1.179513931274414,0.6730846762657166,0.49165795678219143,271.7750275383918,0.0
23.684,76.4271269861367,-0.6720293320568194,-0.028687974980879778,61,0.011378477327525616,-0.011299665085971355,0.9902740716934204,-1.6863821744918823,-3.538663387298584,-2.1008782386779785,0.4948268179034491,221.46385764823907,0.0
23.735,76.42536910720638,-0.6727852059849763,0.23663347192377446,61,0.010503557510674,0.0066146147437393665,0.9941906332969666,-0.11950091272592545,1.6862388849258423,1.091784954071045,0.49886806068855494,221.46385764823907,0.0
23.785,76.43371291779107,-0.6095543094307649,0.4451860380547857,61,0.010052340105175972,0.010654138401150703,1.013076663017273,-0.3546391427516937,-0.023757359012961388,1.8022481203079224,0.5024197065774985,221.46385764823907,0.0
23.837,76.48429098315546,-0.8353602849847312,-0.30143947386314285,61,0.01798905059695244,-0.01961558684706688,0.9820324182510376,-0.9504362344741821,-1.77840256690979,-0.5596413612365723,0.5059598033136197,221.46385764823907,0.0
23.888,76.46126548510345,-0.7773727869058308,-0.3469786937519205,61,0.009195572696626186,-0.005481869913637638,1.0044581890106201,0.9032130241394043,-0.2931918501853943,-0.26800471544265747,0.5103185423729738,221.46385764823907,0.0
23.938,76.43607643286134,-0.7597741793258475,-0.5582016155274119,61,0.012527764774858952,-0.015098381787538528,0.9853417873382568,-1.1063098907470703,-0.8529242277145386,-1.6285715103149414,0.5141349645015818,221.46385764823907,0.0
23.988,76.3955074079794,-0.616024188107664,-0.2356407103404438,61,0.00788038782775402,0.0024178670719265938,1.0158262252807617,-0.14022663235664368,0.05082330107688904,-0.8597593903541565,0.5155679038153048,221.46385764823907,0.0
24.038,76.38467007896878,-0.7339296946703567,0.20045018182750918,61,0.018498141318559647,0.027811437845230103,1.000577688217163,-1.6866508722305298,-0.6230794787406921,0.2230859249830246,0.5164067825322562,221.46385764823907,0.0
24.093,76.40562406551965,-0.9656799716518842,0.18256659557698776,61,0.020303744822740555,-0.0031130826100707054,0.9632408022880554,-1.2276043891906738,-2.433872938156128,-0.12461137026548386,0.5172294267092671,221.46385764823907,0.0
24.143,76.38793129213795,-0.874331759933727,0.3260054017114527,61,0.00931445974856615,0.004967986606061459,1.0153745412826538,1.3142361640930176,-0.17484349012374878,1.63157320022583,0.5182019801153778,221.46385764823907,0.0
24.195,76.40494843325013,-0.8011355233038072,0.04979856750528345,61,0.012362878769636154,-0.0011019593803212047,0.9974842667579651,-0.03645141422748566,0.5634996294975281,-0.3519344627857208,0.5188968357832183,221.46385764823907,0.0
24.245,76.42605402330513,-0.6136335676540524,0.4484847738247525,61,0.00538642518222332,0.013060856610536575,1.025680661201477,-1.9807406663894653,-0.8083388805389404,1.479429841041565,0.5211925492311204,255.2211269319703,0.0
24.296,76.48864680267926,-0.5901945901686629,0.17030929515056573,61,0.012269813567399979,-0.006136508658528328,0.9800408482551575,-0.12497507035732269,0.8003125190734863,1.530303955078125,0.5238397935295844,255.2211269319703,0.0
24.346,76.51769748696198,-0.643015621274604,-0.008410520725627438,61,0.010624522343277931,-0.0030119537841528654,1.0059120655059814,0.26298272609710693,-1.174019455909729,1.5780537128448486,0.5255429446740929,255.2211269319703,0.0
24.397,76.55587721377495,-0.6945145634216531,-0.5528465974119792,61,0.014215555042028427,-0.0315186083316803,1.005549669265747,3.1479170322418213,2.6344094276428223,2.7353298664093018,0.526610598866505,255.2211269319703,0.0
24.447,76.56116978358955,-0.8186849644668344,-0.6332466425384147,61,0.014429088681936264,-0.0016840145690366626,1.0009865760803223,0.5012159943580627,-0.18622280657291412,-0.8046372532844543,0.5267344884137785,255.2211269319703,0.0
24.498,76.58285835653498,-0.9493618696843036,-0.5009875067859932,61,0.022212203592061996,-0.014704902656376362,0.9904589056968689,-0.5591236352920532,0.7150026559829712,0.6115543246269226,0.526793552233396,255.2211269319703,0.0
24.548,76.56600379011098,-0.944346156180001,-0.33909505644169946,61,0.014461006037890911,0.0014698742888867855,1.000783920288086,-0.4056216776371002,-1.266614556312561,-0.2827826142311096,0.5262406407651329,255.2211269319703,0.0
24.599,76.5417968155584,-0.8383989649190455,-0.15799593237158405,61,0.010552026331424713,0.015750152990221977,0.9916837811470032,1.0832628011703491,1.0173778533935547,-0.7673851251602173,0.5253839908636373,255.2211269319703,0.0
24.65,76.57447586272107,-0.9126285407751323,-0.594642241059118,61,0.019100146368145943,-0.03984864801168442,1.0057940483093262,-0.27749985456466675,1.141668677330017,-0.7243564128875732,0.5237742218955488,255.2211269319703,0.0
24.701,76.52435255331955,-0.8376056628388046,-0.4625545286080978,61,0.011747748591005802,-0.012486912310123444,1.0190688371658325,-1.1137346029281616,0.13823392987251282,0.7736996412277222,0.5227287224474635,255.2211269319703,0.0
24.751,76.498307230862,-0.8611288676505336,-0.4400193078527335,61,0.01562567800283432,0.011375225149095058,0.9968303442001343,-0.7809375524520874,-0.41697296500205994,-1.5238195657730103,0.5215762382071243,255.2211269319703,0.0
24.801,76.4716964917633,-1.021972492910323,-0.06601151903223741,61,0.01871141418814659,0.0051983133889734745,0.9912570714950562,-0.8559145927429199,0.35027286410331726,-2.7910101413726807,0.5201617383343736,180.53994490358127,0.0
24.852,76.45282121731769,-0.9581531868725632,0.7393762688194611,61,0.014095163904130459,0.025401512160897255,1.0119422674179077,-1.63308846950531,0.7970461845397949,2.1764283180236816,0.5201393715206334,180.53994490358127,0.0
24.902,76.4705295630911,-0.9610386378800824,0.652397014456825,61,0.01680685207247734,0.02061554044485092,1.0025025606155396,-0.49391642212867737,1.0207325220108032,1.1730064153671265,0.519944939942393,180.53994490358127,0.0
24.953,76.53015600915288,-1.0131231936948255,0.4327370167452421,61,0.020721519365906715,-0.011720767244696617,0.9904046654701233,-0.5758301615715027,-0.9517136812210083,1.0895516872406006,0.519613374963,180.53994490358127,0.0
25.003,76.56754620479607,-1.0402699933702453,-0.3303671289895411,61,0.019882917404174805,-0.020166955888271332,0.9978973865509033,-0.28464818000793457,-0.7315050959587097,1.259095311164856,0.5192082018646282,180.53994490358127,0.0
25.053,76.5665818462466,-1.1562763993849072,-0.6899992808009976,61,0.0206584595143795,-0.020896704867482185,0.9969438314437866,1.1750401258468628,1.0274094343185425,0.6150864958763123,0.5181200373937547,180.53994490358127,0.0
25.104,76.52472879998781,-1.154005857498881,-0.6587215238198082,61,0.01820419542491436,0.003571565030142665,1.0033304691314697,-0.7693336606025696,0.25409796833992004,-1.785284399986267,0.5177879105754336,180.53994490358127,0.0
25.154,76.52633781330125,-1.1066070812746795,0.03420148254193252,61,0.020295094698667526,0.012620923109352589,1.002220869064331,-0.4346424341201782,0.4192430377006531,1.2627838850021362,0.5178495457660899,180.53994490358127,0.0
25.205,76.52654986665033,-1.2001890467899192,0.02531564572103605,61,0.019521452486515045,0.00522609381005168,0.9977535605430603,0.3333258032798767,0.34877583384513855,0.24464432895183563,0.5181650183122671,180.53994490358127,0.0
25.255,76.53801229084662,-1.208396479119964,-0.44024693846070473,61,0.020495474338531494,-0.01626591384410858,0.9852750301361084,-0.41065993905067444,-1.377544641494751,-1.0821841955184937,0.5190730529203933,180.53994490358127,0.0
25.305,76.52607144661108,-1.2720164816046335,-0.9012739029930745,61,0.02454299107193947,-0.03464311733841896,0.98931884765625,-0.572020411491394,0.48346152901649475,-0.18996155261993408,0.5190433901383029,180.53994490358127,0.0
25.356,76.44114758527547,-1.2151917177459493,-0.556424098935816,61,0.01827044039964676,0.012458939105272293,1.0051456689834595,0.7713242173194885,0.8940800428390503,-1.9461385011672974,0.5188434361210076,274.82007600576594,0.0
25.406,76.4273522953876,-1.0940532533593295,0.155075595262998,61,0.018010715022683144,0.008785209618508816,1.0097490549087524,-0.5928164124488831,-0.530480146408081,-0.10241477936506271,0.5188908755987583,274.82007600576594,0.0
25.458,76.45724343306809,-1.1047012534547351,0.3995509149326965,61,0.01638909988105297,0.01106577180325985,0.9812080264091492,-0.44618865847587585,-0.9597718119621277,1.1022177934646606,0.5179792034156872,274.82007600576594,0.0
25.509,76.47990108270183,-1.2185103503379333,-0.2559724332323285,61,0.025535820052027702,-0.02584272436797619,0.9904707670211792,-0.16556550562381744,-0.8601599931716919,-0.3143872618675232,0.5156237529182726,274.82007600576594,0.0
25.559,76.4726515838493,-1.196955657474323,-0.4696581972417733,61,0.022002605721354485,-0.018852533772587776,1.0101228952407837,0.1348397135734558,0.6609299182891846,1.1255583763122559,0.5133097880950418,274.82007600576594,0.0
25.61,76.43838657149384,-1.174396763948163,-0.26606968802527636,61,0.019809378311038017,0.02051108330488205,0.9971280694007874,0.37581872940063477,0.5333119034767151,0.5075889825820923,0.5115908283410548,274.82007600576594,0.0
25.66,76.47629784836018,-1.2645591898257114,-0.28170099829394224,61,0.02496122568845749,-0.01119211595505476,0.9863728880882263,0.3032149076461792,-0.7884809970855713,-0.07434919476509094,0.5102081014287589,274.82007600576594,0.0
25.711,76.48769122418983,-1.1995661766176284,-0.21933623094493807,61,0.01855185069143772,-0.00547658558934927,0.9953542351722717,1.8960987329483032,3.130985736846924,1.7004094123840332,0.5093336694453822,274.82007600576594,0.0
25.763,76.47904941908374,-1.0962533966930448,0.2580072114271982,61,0.011760813184082508,0.028719017282128334,1.0033612251281738,1.5540400743484497,2.640340566635132,1.9670430421829224,0.5083495210819213,274.82007600576594,0.0
25.813,76.54450703460184,-1.0544465583872273,0.2507953197640108,61,0.01736530289053917,0.0012967269867658615,0.9882504940032959,0.1238090768456459,-0.08063109219074249,-0.5905832052230835,0.5075586429352971,274.82007600576594,0.0
25.864,76.61743523568664,-1.0504472838281156,0.06846118843411536,61,0.02075926586985588,-0.011906172148883343,0.9948098063468933,-0.121440589427948,-1.9676566123962402,2.3044371604919434,0.5069433510809064,274.82007600576594,0.0
25.914,76.66357407557403,-1.0202816164647674,-0.2888520384903062,61,0.017023341730237007,-0.004760997835546732,1.0058400630950928,0.5494226813316345,-0.3674517571926117,0.02742064744234085,0.5067668311779915,285.54047246238684,0.0
25.966,76.6860256577784,-0.9636379415843109,-0.5094897619807414,61,0.015834132209420204,-0.007030894979834557,0.9864121675491333,-0.8684137463569641,0.8474836349487305,-0.9309448599815369,0.506440754215818,285.54047246238684,0.0
26.017,76.71054819706575,-0.8527374818021755,0.6040582563757276,61,0.01739143393933773,0.02306951768696308,1.005263328552246,0.6282191276550293,2.044945240020752,4.152151107788086,0.5046009698897463,285.54047246238684,0.0
26.068,76.7303401715087,-0.9467833815612057,0.11679828214677793,61,0.016507502645254135,0.0002362173399887979,0.9999225735664368,1.716932773590088,2.736130952835083,0.3201137185096741,0.5032055612655255,285.54047246238684,0.0
26.118,76.77016549406743,-0.7864811111933501,0.3670833874600636,61,0.006459744647145271,0.005427781026810408,1.008210301399231,-0.28296902775764465,-1.0603119134902954,1.060046672821045,0.5017903444625168,285.54047246238684,0.0
26.168,76.81831292855036,-0.775081563759451,-0.21148619803235405,61,0.018324922770261765,-0.01972367987036705,0.9874764680862427,-0.39742812514305115,-1.760037899017334,0.11629378795623779,0.500999689556998,285.54047246238684,0.0
26.218,76.83653701554483,-0.9249646131555295,-0.7744417359977799,61,0.015743276104331017,-0.028737541288137436,0.9949284195899963,-0.5662132501602173,-0.8685871362686157,-1.5312473773956299,0.4996977674200495,285.54047246238684,0.0
26.268,76.79671679620375,-0.788278940989903,-0.7315427855686165,61,0.011376773938536644,-0.005107052158564329,1.0215927362442017,-1.7189042568206787,-3.2110726833343506,-0.7948468327522278,0.49912504156735954,285.54047246238684,0.0
26.319,76.78772783597795,-0.9991969064533193,-0.7521756600328969,61,0.024537235498428345,-0.015872173011302948,0.9838452935218811,-1.7427150011062622,-2.9299254417419434,-1.6963948011398315,0.4985907101483195,285.54047246238684,0.0
26.369,76.69686626672753,-1.1289322483704192,-0.32225526284550904,61,0.013864056207239628,0.024072304368019104,0.9999270439147949,-1.1061230897903442,-4.673839569091797,-1.6276215314865112,0.4984738006554025,285.54047246238684,0.0
26.419,76.69347335893418,-1.0057241413318432,0.2238325741874866,61,0.01932831108570099,0.0003497220459394157,0.9983958601951599,-1.1300822496414185,0.420633465051651,2.1092498302459717,0.497807686971644,285.54047246238684,0.0
26.469,76.70992186642566,-1.0746524852104011,-0.0917548792166882,61,0.019294871017336845,-0.0037133479490876198,0.9814651012420654,-0.3426367938518524,-0.368986576795578,0.17118945717811584,0.49718220807655134,282.8637712435932,0.0
26.52,76.75572051275797,-1.1319208607165852,-0.46579586231031916,61,0.02078673243522644,-0.03122270479798317,0.9905102849006653,0.8790555000305176,1.2355672121047974,-0.7678031921386719,0.4972163442748055,282.8637712435932,0.0
26.57,76.73440023829022,-1.08013207525335,-0.4320842867146003,61,0.01731438748538494,-0.01064322330057621,1.0091108083724976,0.8549190163612366,2.528439521789551,1.074343204498291,0.49754384628937204,282.8637712435932,0.0
26.621,76.72009706018169,-0.9901234822715304,0.03056361194538518,61,0.013142206706106663,0.02535899169743061,1.0021438598632812,-1.130652666091919,-1.556198000907898,0.18992255628108978,0.4973144468716207,282.8637712435932,0.0
26.671,76.79647834371774,-0.9954276043584094,-0.4042207066763825,61,0.018701136112213135,-0.021004922688007355,0.9976683855056763,-0.23874853551387787,-1.6754804849624634,-0.1559167057275772,0.497158392301281,282.8637712435932,0.0
26.722,76.78971901628853,-0.9560635499520894,-0.3945619749110573,61,0.015614205040037632,-0.0030868614558130503,1.0119251012802124,-0.8417133688926697,-0.489061176776886,0.9249600768089294,0.496659153133657,282.8637712435932,0.0
26.777,76.75972353822608,-1.165113373786044,-0.9732225396649061,61,0.018534932285547256,-0.015404236502945423,0.99388188123703,-0.831097424030304,-0.46189114451408386,-2.8090996742248535,0.49589773784625524,282.8637712435932,0.0
26.827,76.75731634131695,-1.0771193728113355,-0.3460407359903513,61,0.019001822918653488,-0.0022737234830856323,0.9968137741088867,-0.9544286131858826,-0.7398908734321594,0.8536370992660522,0.49517659711539275,282.8637712435932,0.0
26.877,76.76736672462302,-1.2188719142690974,-0.4304267228957678,61,0.02400052174925804,-0.001123791909776628,0.9766123294830322,-0.4502837657928467,-1.1542474031448364,-0.13946735858917236,0.4940673222759799,282.8637712435932,0.0
26.928,76.76653162915031,-1.1947333697088822,-0.6798459821024514,61,0.018167106434702873,-0.014949237927794456,1.0096403360366821,0.11336998641490936,-0.8811519742012024,-1.7414385080337524,0.4930847517610781,282.8637712435932,0.0
26.978,76.7566292668209,-1.106162597906169,-0.5067405610585244,61,0.020014245063066483,-0.013754657469689846,1.0119307041168213,-0.922664999961853,1.610552191734314,0.1668592393398285,0.49091840701103256,282.8637712435932,0.0
27.029,76.73946202782084,-1.1162554640376041,-0.6660684277275394,61,0.014424730092287064,-0.004747310187667608,0.9967246055603027,-1.5728816986083984,0.06649388372898102,-1.6458126306533813,0.4899003322928376,286.4766067891537,0.0
27.08,76.75409322424454,-1.1545510759718514,-0.4410673273419747,61,0.02187509648501873,-0.01590566895902157,0.9878532290458679,-1.3103549480438232,-1.4620789289474487,0.027246475219726562,0.4882131683938398,286.4766067891537,0.0
27.13,76.73311495128834,-1.1601905667231416,-0.819944268778707,61,0.020233847200870514,-0.01931305043399334,1.0108166933059692,-0.2170078158378601,1.0270824432373047,-0.020984049886465073,0.48738596217250635,286.4766067891537,0.0
27.18,76.70682675389729,-1.250471214776011,-0.724196388855338,61,0.020593907684087753,0.006252671126276255,0.9992339611053467,-0.06430543214082718,-0.06823752075433731,-1.640432357788086,0.4854886951410294,286.4766067891537,0.0
27.23,76.73615541423344,-1.2666144670830468,-0.6679705492369746,61,0.022673998028039932,-0.023911355063319206,0.9948862195014954,-1.454893946647644,-2.6424574851989746,0.806448757648468,0.4841390693967818,286.4766067891537,0.0
27.281,76.70516148767777,-1.2858876373185035,-0.7347013853486682,61,0.018826330080628395,-0.0038614673539996147,0.987853467464447,0.7822743654251099,-0.05605599656701088,0.3499890863895416,0.4831607709976191,286.4766067891537,0.0
27.331,76.70660852825009,-1.2380481155862075,-1.1493788163264151,61,0.022122999653220177,-0.01630076952278614,0.9896256923675537,-1.3649107217788696,-1.4117552042007446,-2.1639750003814697,0.4827726304396213,286.4766067891537,0.0
27.383,76.67616748580092,-1.4067492249662727,-1.0512015596564224,61,0.03229283168911934,-0.02815878763794899,0.9812363386154175,0.9216455221176147,2.4255847930908203,0.09299451857805252,0.48177064973769584,286.4766067891537,0.0
27.434,76.60722447326249,-1.4092317532644167,-0.8277914226735538,61,0.021619997918605804,0.0013361807214096189,1.0120630264282227,2.233454704284668,1.2336724996566772,-0.9684754610061646,0.4805269294874336,286.4766067891537,0.0
27.484,76.6110671200887,-1.1952959621229253,-0.40249995362070556,61,0.014523709192872047,0.0007544209365732968,1.0078459978103638,-0.7433188557624817,-1.5463426113128662,-0.9850014448165894,0.4797001364550092,286.4766067891537,0.0
27.535,76.61335452414767,-1.1674164031281367,-0.3643223255593376,61,0.022545797750353813,-0.01248070877045393,0.9771220684051514,0.5460657477378845,0.39416441321372986,0.6796788573265076,0.4795741728846821,286.4766067891537,0.0
27.586,76.60729279342031,-1.2429480962297066,-0.5397808127240236,61,0.02285497821867466,-0.02182178385555744,1.0094475746154785,0.3542887568473816,-0.029403038322925568,1.0965617895126343,0.4797237984151625,283.78240866035185,0.0
27.637,76.57895928555348,-1.210217446861693,-0.8600411091069521,61,0.0194501094520092,-0.00873364694416523,0.9989047646522522,0.9214540123939514,0.778303861618042,-0.730073869228363,0.47983476677003,283.78240866035185,0.0
27.687,76.55339259300122,-1.1631007458985299,-0.5355082428611599,61,0.019241012632846832,-0.009206299670040607,1.0079162120819092,0.3073793947696686,1.5293649435043335,-0.6061844825744629,0.47957832368898196,283.78240866035185,0.0
27.737,76.54169315119366,-1.127839171179169,-0.2834750325387293,61,0.020225245505571365,0.004115869756788015,1.0079426765441895,-0.886298656463623,0.5453470945358276,-0.20481295883655548,0.4798234012924101,283.78240866035185,0.0
27.787,76.56554445798201,-1.1461332147172145,-0.26583456581010756,61,0.021034587174654007,-0.013101822696626186,0.9946849942207336,-0.88262939453125,0.5718804597854614,1.2693848609924316,0.4800483353791255,283.78240866035185,0.0
27.837,76.59107987405051,-1.1614268534494825,-0.49382713920915816,61,0.02013956941664219,-0.01682160049676895,0.9993224740028381,-0.2165057212114334,-0.1033252403140068,0.6519805788993835,0.48098976901375506,283.78240866035185,0.0
27.888,76.60611545045295,-1.2381040223217004,-0.6910493838519842,61,0.024010958150029182,-0.015603959560394287,0.9844309091567993,-0.13643085956573486,-0.2180672138929367,0.41286054253578186,0.48174854204534817,283.78240866035185,0.0
27.939,76.63531421457435,-1.4079756355292554,-1.077700809121407,61,0.029575776308774948,-0.03060409240424633,0.9838454127311707,-0.2663073241710663,-0.4982168972492218,0.8319729566574097,0.48264944166436097,283.78240866035185,0.0
27.989,76.60157104874186,-1.29488075209199,-1.0793521735101268,61,0.016894526779651642,0.006310972385108471,0.9901099801063538,1.4652612209320068,1.793172001838684,-1.8377512693405151,0.4836931607089935,283.78240866035185,0.0
28.04,76.61957753943982,-1.1700620650156524,-0.4651980465852986,61,0.017953762784600258,-0.005012504756450653,0.9927967190742493,1.196459412574768,-0.17256256937980652,0.33390477299690247,0.4855278307849034,283.78240866035185,0.0
28.092,76.63460299515532,-1.1681031109220712,-0.44801888835743076,61,0.019330177456140518,-0.0171369481831789,1.013569712638855,0.6305578351020813,0.7646695971488953,1.8521296977996826,0.48656119909631973,283.78240866035185,0.0
28.144,76.63662611849509,-1.051653396744228,-0.9710813703918766,61,0.009899158030748367,-0.025749847292900085,1.010012149810791,-0.5611405968666077,0.31901541352272034,0.16426929831504822,0.4874047145337823,284.5718162697605,0.0
28.195,76.61076132332286,-1.0273220585273772,-0.8990333477753825,61,0.022234579548239708,-0.007225189823657274,1.007550597190857,-1.687170386314392,-0.18723656237125397,-0.7134758234024048,0.4880231618196732,284.5718162697605,0.0
28.246,76.59734676378221,-1.1763260681283025,-0.8210896671047886,61,0.02260565757751465,-0.005633554421365261,0.9870505928993225,0.5925019383430481,0.5075424909591675,-1.2560898065567017,0.48867533971838034,284.5718162697605,0.0
28.296,76.60622958412662,-1.193828125413991,-0.5498663931195144,61,0.020111825317144394,-0.010429023765027523,0.97884601354599,-0.24831745028495789,-2.019207239151001,-0.02748541720211506,0.49009706772614375,284.5718162697605,0.0
28.347,76.60852989387735,-1.2302945545306585,-0.9067612483329116,61,0.023382827639579773,-0.028468823060393333,0.9832892417907715,1.4915827512741089,1.4986572265625,-0.22212079167366028,0.4913366128223857,284.5718162697605,0.0
28.397,76.5619693166883,-1.1132046150828887,-0.671132358176034,61,0.016133619472384453,0.005506373476237059,1.0206257104873657,1.074876308441162,-0.6929547190666199,-0.8544481992721558,0.4925905695529267,284.5718162697605,0.0
28.451,76.56080721663467,-1.0355426375106465,-0.5944833503448304,61,0.014241484925150871,-0.007359605748206377,1.0133525133132935,-0.40665164589881897,0.21268105506896973,-0.683706521987915,0.49486781879753583,284.5718162697605,0.0
28.501,76.57559576088306,-1.020669250272741,-0.09871639543786884,61,0.021801119670271873,0.002763723721727729,1.0021473169326782,-0.5307726860046387,1.1747796535491943,1.126325011253357,0.4974479845052143,284.5718162697605,0.0
28.551,76.60157037093325,-1.0627426678156362,-0.00794474250653115,61,0.017835846170783043,0.0029788552783429623,0.9909451007843018,-1.080121636390686,0.29697808623313904,0.8285436034202576,0.500100589539306,284.5718162697605,0.0
28.601,76.64805795810238,-1.1144649850334407,-0.2154174581089523,61,0.021945757791399956,-0.020909326151013374,0.9826850891113281,0.013172321952879429,-1.5445349216461182,1.1571155786514282,0.5018799187034615,284.5718162697605,0.0
28.652,76.65930595140745,-0.9733635180713051,-0.4017862761612323,61,0.013847569935023785,-0.0006436680560000241,1.018308401107788,-0.1881450116634369,-0.9854695796966553,0.542182981967926,0.504418848635562,284.5718162697605,0.0
28.703,76.68110674626061,-1.1184314524257386,-0.7035065958159189,61,0.022638004273176193,-0.012405258603394032,0.9965354204177856,-0.6102168560028076,0.05734173208475113,-1.2068244218826294,0.5065815449063866,283.93609531546167,0.0
28.753,76.68823931162346,-1.0401583727787078,-0.4324656520958494,61,0.017766594886779785,-0.01231435313820839,0.9999065399169922,-0.6343969106674194,0.23123495280742645,1.2508922815322876,0.509928496341562,283.93609531546167,0.0
28.804,76.67285542072294,-1.0676444143114547,-0.2798345648398331,61,0.0204273983836174,0.01275619212538004,1.0024455785751343,-0.5561745166778564,-0.029307642951607704,-0.14815345406532288,0.5120396546074958,283.93609531546167,0.0
28.854,76.70224261870838,-1.0482984504261013,-0.16262690211859218,61,0.01656402088701725,-0.002080411184579134,1.0076693296432495,-0.5058645009994507,-0.09620937705039978,-0.001790871494449675,0.5152460394573755,283.93609531546167,0.0
28.904,76.7409266149819,-1.0369350740815364,-0.09966710146621129,61,0.022886188700795174,-0.010385057888925076,0.9972153902053833,-1.8504769802093506,-0.8129658102989197,2.2128725051879883,0.5174555004637682,283.93609531546167,0.0
28.955,76.77802467394531,-1.2709609288741726,-0.6690899659134933,61,0.025949709117412567,-0.021981967613101006,0.977467954158783,0.6202508807182312,-0.9240207076072693,1.0112920999526978,0.5203649079952272,283.93609531546167,0.0
29.005,76.78801466828313,-1.4022775344245058,-1.3214194650763291,61,0.023656310513615608,-0.036725644022226334,0.9921481609344482,0.05116204172372818,-1.148425579071045,-0.8574647307395935,0.5218124396326117,283.93609531546167,0.0
29.055,76.75171081406448,-1.1791747449629797,-0.7815460842711263,61,0.017986604943871498,-0.0034304563887417316,1.0225316286087036,-0.8245425820350647,0.85563725233078,1.4616894721984863,0.5238664394977295,283.93609531546167,0.0
29.106,76.75518041783111,-1.428362539845033,-1.0389118679469547,61,0.03134964779019356,-0.022140024229884148,0.973660945892334,0.3471125066280365,0.9854612350463867,-1.3124290704727173,0.5249949057176975,283.93609531546167,0.0
29.156,76.71299795981476,-1.4301379449974665,-0.9332480004187435,61,0.020307810977101326,-0.012201135978102684,0.995587944984436,0.09404467791318893,-0.1966398060321808,-1.6532059907913208,0.5269234179245351,283.93609531546167,0.0
29.206,76.68479218979492,-1.307992640816431,-0.7918335908733186,61,0.02244907058775425,-0.01730540581047535,1.0066196918487549,-0.12022624164819717,0.1833893358707428,-0.2967486083507538,0.528512658872905,283.93609531546167,0.0
29.257,76.65338151858417,-1.4693734254339907,-0.8247161459729904,61,0.028853747993707657,-0.014256599359214306,0.9837148785591125,0.09389397501945496,0.9881419539451599,-0.7628761529922485,0.5308051100982436,286.53531903265474,0.0
29.307,76.60511766860414,-1.4633908161818205,-0.7688056562781417,61,0.023500211536884308,-0.011709007434546947,1.0039583444595337,0.02574864774942398,-0.5321348309516907,-2.013247013092041,0.5319637472910852,286.53531903265474,0.0
29.357,76.54992625727718,-1.3466948857283607,-0.8617140296874636,61,0.020693359896540642,-0.0075560202822089195,0.9871619343757629,0.4257253110408783,1.0023623704910278,-2.1884829998016357,0.5336955564582764,286.53531903265474,0.0
29.408,76.53047617021015,-1.1893143068986696,0.34237964674331206,61,0.020119909197092056,0.02500867284834385,1.0063320398330688,-1.8328628540039062,-0.26805347204208374,1.7387491464614868,0.534746960338018,286.53531903265474,0.0
29.467,76.56275601319756,-1.2050823832252717,0.2737822154335991,61,0.022979944944381714,-0.001201051753014326,0.982826828956604,0.7925399541854858,-0.01974399760365486,1.1845004558563232,0.5369182401441985,286.53531903265474,0.0
29.518,76.5988532510386,-1.2173759215040567,-0.39158506935019466,61,0.02352309226989746,-0.024134857580065727,0.9843215346336365,0.6187782287597656,-1.5978132486343384,0.2547508478164673,0.5393000894440277,286.53531903265474,0.0
29.568,76.61650269973224,-1.1588745037063015,-0.8965825075032691,61,0.019387558102607727,-0.026507101953029633,1.021077036857605,-0.39945173263549805,-0.6335514187812805,1.0333322286605835,0.5406730280450093,286.53531903265474,0.0
29.618,76.59731826300226,-1.2186446463500733,-1.0009951163881332,61,0.02463081292808056,-0.00641713198274374,0.9824584722518921,0.3207084536552429,0.7292255759239197,-1.7269381284713745,0.5433823549739635,286.53531903265474,0.0
29.669,76.59880621306895,-1.1813739582535534,-0.11299254685085844,61,0.018839020282030106,0.0008843631949275732,1.006572961807251,-0.05041618272662163,-0.1933511644601822,1.5739935636520386,0.5447954322130633,286.53531903265474,0.0
29.72,76.61429102157949,-1.1259838808577767,-0.252447828731782,61,0.021808968856930733,-0.009859127923846245,1.0048600435256958,1.8789148330688477,-0.16050060093402863,1.8077831268310547,0.5454037390813156,286.53531903265474,0.0
29.77,76.61897683071321,-1.195185995883627,-1.0829393368441758,61,0.022746114060282707,-0.0255747027695179,0.9852005839347839,-0.10920734703540802,-0.9791005253791809,-1.7438747882843018,0.5463967446805148,286.53531903265474,0.0
29.821,76.62104788757215,-1.1307818366907048,-0.9469100502834709,61,0.01732061058282852,-0.02310492843389511,1.0105793476104736,0.5141633749008179,2.419543981552124,0.4172384440898895,0.5474420486762763,285.61824991487913,0.0
29.871,76.59739477398318,-1.1215116314534899,-0.6523990697374991,61,0.017530597746372223,0.0036421394906938076,1.006319522857666,-0.976921796798706,1.7637206315994263,-0.28339850902557373,0.5481942501568493,285.61824991487913,0.0
29.921,76.60700443326587,-1.1687298134152415,-0.11414574331425584,61,0.02282075211405754,0.009816831909120083,0.9847253561019897,-0.7997373342514038,-1.1861286163330078,-0.21891841292381287,0.5487586556994443,285.61824991487913,0.0
29.972,76.63095503105977,-1.188430185735066,-0.33781035604339404,61,0.021137861534953117,-0.018205760046839714,1.0056277513504028,0.03206923231482506,0.42096397280693054,-0.035416338592767715,0.5491151009753519,285.61824991487913,0.0
30.022,76.6495569104259,-1.119525697443311,-0.4248484461040031,61,0.01792110875248909,-0.010102118365466595,1.0069026947021484,0.05205555632710457,2.2783560752868652,1.5188827514648438,0.5490330747490089,285.61824991487913,0.0
30.074,76.65423851180503,-1.2726143283532394,-0.7357217039655835,61,0.029090523719787598,-0.016638780012726784,0.9902430176734924,-1.7250933647155762,1.2169009447097778,-0.5413751602172852,0.5484847759345347,285.61824991487913,0.0
30.124,76.64157545498684,-1.3641656394236779,-0.0967473492194956,61,0.021919546648859978,0.006987807806581259,0.9958165287971497,-0.647895872592926,0.7105033993721008,1.0476810932159424,0.5483287352568261,285.61824991487913,0.0
30.174,76.65193483932208,-1.2606918714074444,-0.08822450157747545,61,0.016559364274144173,0.007171908859163523,0.9963527917861938,-0.6901543736457825,-1.0072795152664185,-0.307045042514801,0.5480535025227071,285.61824991487913,0.0
30.225,76.72723798525774,-1.3255289977705618,-0.4410191657645598,61,0.03013482503592968,-0.030871542170643806,0.9828815460205078,-0.6174935102462769,-1.3760474920272827,-0.6573997735977173,0.5476041947063102,285.61824991487913,0.0
30.276,76.70654543390548,-1.3931830193989,-0.7384777745040982,61,0.022916773334145546,-0.009895588271319866,1.0072356462478638,0.370071142911911,0.2330751121044159,-0.03235512599349022,0.5468629984279124,285.61824991487913,0.0
30.326,76.69456442605613,-1.2220333334947189,-0.3378347461014459,61,0.01726473681628704,0.007713593076914549,1.0171780586242676,-1.4902349710464478,-0.7744060754776001,0.29283851385116577,0.5464052996590566,285.61824991487913,0.0
30.377,76.70373769284559,-1.2984035054410146,-0.49761407371776034,61,0.021941810846328735,0.0037948526442050934,0.9836212992668152,0.6244219541549683,0.12281141430139542,-2.8182168006896973,0.5459690421198184,283.53302237544784,0.0
30.427,76.72521092771302,-1.2114025199601297,0.13704628154489373,61,0.0212823748588562,-0.013594391755759716,1.004572868347168,-0.8784337639808655,-2.2211811542510986,3.4835684299468994,0.5456756953218221,283.53302237544784,0.0
30.477,76.71116918375571,-1.2249565251748866,-0.31656221857299904,61,0.019258340820670128,0.00821603275835514,1.012540578842163,0.9963420033454895,0.8874398469924927,-0.19748924672603607,0.5447894452287525,283.53302237544784,0.0
30.528,76.75257113468676,-1.3819802657759424,-0.9286502004638714,61,0.028592998161911964,-0.042860183864831924,0.9810218214988708,-1.3055447340011597,-1.292356252670288,-2.0439350605010986,0.544202586531256,283.53302237544784,0.0
30.578,76.7133542906968,-1.3500677419463276,-0.4210773915725402,61,0.022081732749938965,0.00342947687022388,1.0122812986373901,-0.7166463732719421,-0.3913505971431732,0.5646686553955078,0.5434413702149881,283.53302237544784,0.0
30.629,76.70432100324977,-1.3635084773535535,-0.3002721246711561,61,0.024692755192518234,0.006350414361804724,0.9836530089378357,-1.7658747434616089,-2.887139081954956,-0.8513525724411011,0.5429600062435606,283.53302237544784,0.0
30.679,76.71975152743731,-1.5635413314236253,-0.7038234160923978,61,0.03408297151327133,-0.028375862166285515,0.982940137386322,1.86477792263031,-0.41915589570999146,-1.576040506362915,0.5427417496163143,283.53302237544784,0.0
30.729,76.68828101244702,-1.4544623227426838,-0.6990484319279257,61,0.02327929250895977,-0.01864161714911461,1.0181814432144165,0.11161413788795471,0.07786539942026138,0.21047423779964447,0.5423410822343456,283.53302237544784,0.0
30.78,76.62781331938386,-1.4481737891420265,-0.4823301756742313,61,0.021839091554284096,0.02675473876297474,0.9948155283927917,-0.7445633411407471,0.019162187352776527,-1.6642705202102661,0.5422902038541761,283.53302237544784,0.0
30.831,76.6679220805546,-1.5076125133384652,-0.2998436151631225,61,0.02789187990128994,-0.02630009315907955,0.9863733649253845,-0.9305212497711182,0.12076566368341446,0.4132870137691498,0.5420528754150414,283.53302237544784,0.0
30.883,76.65695993131968,-1.5746243560086413,-0.4639037882634083,61,0.02789253741502762,-0.018442386761307716,0.9841213822364807,-0.9657801389694214,1.078379511833191,2.448228120803833,0.5418384619789555,283.53302237544784,0.0
30.933,76.62403409617565,-1.6988129657147186,-0.9464952728387758,61,0.029519930481910706,-0.006668590474873781,0.9877020120620728,3.411752700805664,1.486997365951538,-1.2335013151168823,0.5418396479093396,286.53531903265474,0.0
30.984,76.62456360135978,-1.6291963597026624,-0.8954146277572564,61,0.029353516176342964,-0.03394428640604019,1.001309871673584,-0.7128588557243347,-0.7727105021476746,-1.1086453199386597,0.5413810153409827,286.53531903265474,0.0
31.034,76.56938531621063,-1.421245528395754,-0.533086439242769,61,0.021747389808297157,0.010916548781096935,1.0083026885986328,0.587893009185791,0.5112766027450562,0.7445600628852844,0.5401294085681861,286.53531903265474,0.0
31.085,76.55376731190532,-1.4741006894816586,-0.7329511860337425,61,0.026033267378807068,-0.013078262098133564,0.9858077168464661,-0.2759783864021301,-1.9241138696670532,-2.123241662979126,0.5391382428948293,286.53531903265474,0.0
31.136,76.5558009090315,-1.3784025594756042,-0.4052952529797693,61,0.019875982776284218,-0.00814187340438366,1.0084439516067505,-1.0929542779922485,-0.7826964259147644,0.799977719783783,0.5373219214016931,286.53531903265474,0.0
31.187,76.59995844537441,-1.4241890020358827,-0.5586671657288863,61,0.030353305861353874,-0.020800108090043068,0.9798847436904907,-0.6878140568733215,-0.9121080636978149,2.0869693756103516,0.5358170827731399,286.53531903265474,0.0
31.237,76.62158340500604,-1.7222517277574323,-1.2229761406134592,61,0.03473765403032303,-0.03102320246398449,0.9885991215705872,0.6434284448623657,-0.23947659134864807,0.40190747380256653,0.5345120921758553,286.53531903265474,0.0
31.287,76.57384649489013,-1.5729361898811558,-1.3799382706079961,61,0.022755246609449387,-0.00583278015255928,1.010707974433899,1.525255560874939,1.1469053030014038,-2.9541187286376953,0.532938220327515,286.53531903265474,0.0
31.338,76.57173801208157,-1.4560197767141412,-1.0566238098886118,61,0.024441182613372803,-0.02269863709807396,1.001060962677002,-1.7549718618392944,0.19251197576522827,-0.8640356659889221,0.5317625041668966,286.53531903265474,0.0
31.388,76.51506357905993,-1.3841936622849076,-0.44339051426709947,61,0.024057233706116676,0.014076774939894676,0.9912849068641663,1.7101659774780273,2.216728687286377,-0.48290446400642395,0.530540949831673,286.53531903265474,0.0
31.439,76.50874243993663,-1.2384405437563346,-0.25057435258491967,61,0.013653131201863289,-0.004680062178522348,1.0055832862854004,1.1191354990005493,-0.7416113615036011,-0.25026848912239075,0.5293476905904857,286.53531903265474,0.0
31.489,76.55707101703908,-1.1296039542909555,-0.540009086023548,61,0.021674910560250282,-0.024212514981627464,1.0006431341171265,-1.1909743547439575,-0.5588935613632202,2.0640852451324463,0.5283725070264498,290.2833414077099,0.0
31.54,76.5452223948512,-1.1979136594219455,-0.6605555307969189,61,0.018951596692204475,-0.0064204600639641285,1.0100226402282715,-0.4351139962673187,-0.5722620487213135,-0.3102121651172638,0.5279446754357914,290.2833414077099,0.0
31.59,76.58164533893148,-1.3667442950726847,-1.086189310032215,61,0.02825276367366314,-0.03413267433643341,0.9808655381202698,-0.5843653678894043,-0.17176850140094757,-1.0402369499206543,0.5276657648157108,290.2833414077099,0.0
31.641,76.58772552262417,-1.3003458306260567,-0.6972912783514634,61,0.021375996991991997,-0.008726880885660648,0.997260570526123,-1.153357982635498,-1.2570759057998657,1.399794578552246,0.5274320723020782,290.2833414077099,0.0
31.691,76.59854550399422,-1.3334514857716888,-0.727448121031903,61,0.024466196075081825,-0.0057030245661735535,0.9868022203445435,0.7247639298439026,0.24670088291168213,0.7874603271484375,0.5264433388985723,290.2833414077099,0.0
31.742,76.61878112168966,-1.3239698825459405,-1.0037277333475434,61,0.023465551435947418,-0.026212140917778015,1.0061858892440796,-0.8534669876098633,-1.891993761062622,-1.2130147218704224,0.5258032942118216,290.2833414077099,0.0
31.792,76.5939385727544,-1.13804920046668,-0.18397602340990457,61,0.013001631945371628,0.016216829419136047,1.0267765522003174,-1.2061452865600586,0.31494376063346863,1.418962001800537,0.5247599924197421,290.2833414077099,0.0
31.843,76.62706307977152,-1.2621402534263255,-0.1017735592022088,61,0.028790302574634552,0.004847219213843346,0.981681764125824,-0.757840633392334,-1.1382330656051636,0.5333852171897888,0.5244602650437347,290.2833414077099,0.0
31.893,76.6955649239205,-1.3178998160721243,-0.11829145673014456,61,0.024252377450466156,-0.01656348630785942,0.9814305305480957,0.7991294264793396,-1.2383239269256592,1.5348362922668457,0.5244667094367103,290.2833414077099,0.0
31.944,76.70531100092862,-1.339924961382709,-0.8062091939082281,61,0.023380648344755173,-0.022862378507852554,1.0083328485488892,0.881561279296875,0.5812774896621704,0.028203492984175682,0.5247128023851971,290.2833414077099,0.0
31.994,76.70243211294577,-1.3747969525025645,-0.8634949160632484,61,0.024448677897453308,-0.012201645411550999,1.0095698833465576,-0.21670009195804596,-0.05987692251801491,1.0202507972717285,0.5252273549357667,290.2833414077099,0.0
32.045,76.7007439930138,-1.3865108845291694,-1.0433745131627163,61,0.02172156050801277,-0.01042164396494627,1.0010381937026978,-0.8030340075492859,-0.8743047714233398,-0.964989185333252,0.5257826366480904,285.11345251852356,0.0
32.095,76.7121507496864,-1.367115672214951,-0.8231004290744043,61,0.02522510476410389,-0.01424863375723362,0.9848217368125916,-0.45443448424339294,-0.10103297233581543,0.12586113810539246,0.5264278329831048,285.11345251852356,0.0
32.147,76.7259473327736,-1.3319312436269914,-0.4821402052966714,61,0.024278169497847557,-0.00755421444773674,1.0006309747695923,0.16094167530536652,-0.3595052659511566,1.6701505184173584,0.5268473318698835,285.11345251852356,0.0
32.197,76.7443085663113,-1.4396940300257814,-0.8964169811131428,61,0.02809065580368042,-0.024085937067866325,1.0051815509796143,-0.02609795331954956,-0.9882515072822571,0.49540573358535767,0.5275152140284329,285.11345251852356,0.0
32.248,76.7477723796374,-1.4353974816142292,-1.4794811691232406,61,0.024696335196495056,-0.03673491254448891,0.9883818626403809,0.9557437300682068,1.9933301210403442,-1.5096651315689087,0.5278102812412072,285.11345251852356,0.0
32.298,76.72465680910685,-1.2960605989746232,-0.9522730236117151,61,0.02047748863697052,-0.013411518186330795,1.0095350742340088,-1.0318759679794312,0.1491277813911438,0.9589171409606934,0.5280827039470863,285.11345251852356,0.0
32.348,76.7204937342821,-1.3371680597443265,-0.8629490840399682,61,0.02481810748577118,-0.0061417375691235065,0.9885403513908386,-0.1466105431318283,-0.15026052296161652,0.14159199595451355,0.5282177339995943,285.11345251852356,0.0
32.399,76.72811051531825,-1.3687894149145532,-0.5892595812517903,61,0.02447471208870411,-0.004523380659520626,1.003851294517517,1.3567137718200684,-0.7755950093269348,0.4284663200378418,0.5284098007491699,285.11345251852356,0.0
32.452,76.76934187136092,-1.4162240007031988,-1.0367807119823396,61,0.025867344811558723,-0.03833014890551567,1.0048446655273438,-1.0036851167678833,-0.12059896439313889,1.3099919557571411,0.5285584553255441,285.11345251852356,0.0
32.502,76.75018822378516,-1.419235319479137,-1.1013769814500494,61,0.022340083494782448,-0.006698475684970617,0.9918665885925293,0.4208389222621918,1.852964997291565,0.2410375028848648,0.5286594368025265,285.11345251852356,0.0
32.553,76.74942402410954,-1.4682154884214134,-0.7963742951166555,61,0.027455545961856842,-0.01572677493095398,1.0021696090698242,-0.37104448676109314,-0.026159929111599922,-1.0478107929229736,0.5286462041837141,285.11345251852356,0.0
32.603,76.74535653433291,-1.3253359136654965,-0.6838722587697624,61,0.02002415433526039,-0.010189960710704327,0.9904429912567139,-0.9383264780044556,1.9394251108169556,1.1247245073318481,0.5283837072097456,251.27630002396359,0.0
32.654,76.73262545746748,-1.3814414794187337,-0.6034202740166404,61,0.026465725153684616,3.564771395758726e-05,0.9820657968521118,0.8279196619987488,0.9066162705421448,-0.10631754994392395,0.5281748144289601,251.27630002396359,0.0
32.704,76.77855042801191,-1.511350246653994,-0.6871812338163676,61,0.0323842354118824,-0.02829315885901451,0.9976053833961487,-2.4948086738586426,-2.603649139404297,-0.7283764481544495,0.52833893877613,251.27630002396359,0.0
32.757,76.77710269923175,-1.5932287455013814,-0.6666083877821075,61,0.02769964002072811,-0.009339245036244392,0.9936490654945374,-0.03381022810935974,1.2817823886871338,0.625869870185852,0.5289408102238755,251.27630002396359,0.0
32.808,76.79887385106018,-1.4991461938888184,-0.3186200003145705,61,0.024492187425494194,0.009336182847619057,1.00120210647583,-0.12508904933929443,0.9683766961097717,1.39140784740448,0.5294236548577375,251.27630002396359,0.0
32.858,76.85524226705651,-1.4820489775909405,-0.7908116167826583,61,0.025515656918287277,-0.023870181292295456,0.9867809414863586,-0.29338204860687256,0.9957475662231445,0.10234009474515915,0.5295640191308524,251.27630002396359,0.0
32.909,76.88455449724198,-1.3652565659609202,-0.8899184840795171,61,0.022563312202692032,-0.031641896814107895,0.9951578974723816,-0.22971020638942719,1.112342357635498,2.318873643875122,0.5296616535522418,251.27630002396359,0.0
32.959,76.85535441344119,-1.352931448092681,-0.9014385614885861,61,0.02380131557583809,-0.0010705782333388925,1.016556978225708,-0.20237427949905396,0.3074902296066284,-0.10301094502210617,0.5298473859206345,251.27630002396359,0.0
33.011,76.85536675990042,-1.4924587533539513,-0.6095755973926226,61,0.02646920084953308,-0.0006243832176551223,0.9948540329933167,-0.9217308163642883,0.5043996572494507,-0.8972737193107605,0.5296227873344421,251.27630002396359,0.0
33.061,76.87003292806854,-1.4317579992832705,-0.14948268924886673,61,0.025371039286255836,-0.004215868655592203,0.9990069270133972,-0.9007288217544556,-0.9274640679359436,-0.05610252916812897,0.5295255362359974,251.27630002396359,0.0
33.111,76.90269864346664,-1.4591985015978304,0.019491050307732835,61,0.025242364034056664,-0.0022896286100149155,0.9960357546806335,-0.552692174911499,0.15911714732646942,2.073746681213379,0.5294642339781575,251.27630002396359,0.0
33.162,76.94088715457113,-1.566592550390634,-0.5932199509246164,61,0.02998039498925209,-0.021401461213827133,0.9921026825904846,-0.0783705860376358,-0.0942530483007431,0.7601532340049744,0.5291521257101924,296.7947919615058,0.0
33.213,76.95315277909035,-1.5864596922066048,-1.0160787220854326,61,0.02759568579494953,-0.022046569734811783,0.9947983622550964,0.15212172269821167,0.4092203676700592,-0.8288796544075012,0.529274515941253,296.7947919615058,0.0
33.264,76.9602761176586,-1.4034171031477487,-0.24451672949006945,61,0.022561661899089813,0.00968191958963871,1.0157461166381836,0.11671967059373856,1.5788593292236328,2.386986494064331,0.5298040102387918,296.7947919615058,0.0
33.314,76.99974049673449,-1.659651778719252,-0.758324330137754,61,0.03370247781276703,-0.01873406581580639,0.9773821830749512,-0.3878946900367737,0.12236913293600082,-0.907197117805481,0.5303762722028479,296.7947919615058,0.0
33.364,76.99247961949958,-1.6355990337781168,-1.0132227446987165,61,0.029883844777941704,-0.023946501314640045,0.9949369430541992,-0.02044893056154251,-1.137656331062317,-1.5717010498046875,0.5307685251104256,296.7947919615058,0.0
33.414,76.93480613980954,-1.4403166292150889,-0.3521887699336525,61,0.020835939794778824,0.009249206632375717,1.0222704410552979,1.6051573753356934,1.5620921850204468,0.2109612673521042,0.5309571914493417,296.7947919615058,0.0
33.465,76.93331567707185,-1.450683774904475,-0.2976089163270141,61,0.027726978063583374,-0.0009732784819789231,0.9913408160209656,-1.4456241130828857,-0.21850638091564178,-1.5824021100997925,0.5308264785075423,296.7947919615058,0.0
33.515,76.9692648916187,-1.4369975389031757,0.09980424000898062,61,0.02542002871632576,-0.0046012927778065205,0.985532283782959,-0.6001315712928772,-1.3543380498886108,1.8670496940612793,0.5306443457706483,296.7947919615058,0.0
33.565,76.97039605140823,-1.4329028751237995,-0.07914186279866402,61,0.02948991395533085,-0.005133454222232103,1.0013234615325928,1.5550167560577393,0.2538335919380188,0.9940320253372192,0.5309882378873595,296.7947919615058,0.0
33.616,76.98314998299634,-1.394967571786324,-0.5947004812814802,61,0.020993655547499657,-0.017441073432564735,1.0007963180541992,-0.9004330635070801,-2.0710651874542236,-1.7385787963867188,0.5312671714089402,296.7947919615058,0.0
33.666,77.01145364617673,-1.4578819689743534,-0.6159518014891617,61,0.03301716968417168,-0.024270370602607727,0.9939023852348328,-0.7912753820419312,-0.9000733494758606,1.413899540901184,0.5316154427361437,296.7947919615058,0.0
33.717,76.9821642384679,-1.646109948729525,-1.0785270899805497,61,0.029910024255514145,-0.021407045423984528,0.9910913109779358,0.7696527242660522,1.5270410776138306,-0.5966484546661377,0.531836835365401,285.3656279765955,0.0
33.768,76.93822899644913,-1.5809779282989866,-0.6672845221611727,61,0.022782102227211,0.007401566486805677,0.9906743168830872,-0.24865558743476868,-0.04633206129074097,-1.1250255107879639,0.5318516904984459,285.3656279765955,0.0
33.818,76.95378547794918,-1.556400649455032,-0.33312680753818713,61,0.030122216790914536,-0.01368324551731348,0.9872110486030579,-0.35342782735824585,-1.669572353363037,0.9462335109710693,0.5318873111651854,285.3656279765955,0.0
33.868,76.93172092284136,-1.5288352959505775,-0.2714679718037432,61,0.023368477821350098,0.011490010656416416,1.0169740915298462,1.2751333713531494,-0.2563731074333191,-0.3992050290107727,0.5317648502517827,285.3656279765955,0.0
33.919,76.95066396365795,-1.4779342394146788,-0.7469358624702159,61,0.025116192176938057,-0.029995722696185112,0.99949049949646,-0.4391942024230957,1.7557426691055298,-0.8858280777931213,0.5318783868947973,285.3656279765955,0.0
33.969,76.91033193302172,-1.5014094603559822,-0.6034890344181221,61,0.025737017393112183,-0.011049472726881504,0.9977189302444458,-0.05477096885442734,2.960233211517334,-0.5429481863975525,0.5324250159364404,285.3656279765955,0.0
34.021,76.87132581745352,-1.3295009042865173,-0.017096019500519578,61,0.01580481231212616,0.013761656358838081,1.0093244314193726,-0.3774659037590027,1.7205932140350342,0.39134958386421204,0.5328125449278615,285.3656279765955,0.0
34.071,76.8876447500031,-1.4463713788263293,-0.27877582037906806,61,0.02921649068593979,0.008632379584014416,0.9781405329704285,-2.319309949874878,-1.5042293071746826,-1.1487358808517456,0.533473445201222,285.3656279765955,0.0
34.121,76.92169944365075,-1.61657111663479,-0.023686479195044692,61,0.03401045501232147,-0.012508968822658062,0.9721681475639343,-0.1627596765756607,-1.3175008296966553,0.3805912137031555,0.5335987094547282,285.3656279765955,0.0
34.171,76.9279139342814,-1.5741875783281594,-0.1343713746076015,61,0.022632740437984467,0.003917925525456667,1.0049763917922974,0.8198447227478027,-0.9518920183181763,1.3909924030303955,0.5338317901631512,285.3656279765955,0.0
34.222,76.95505545824366,-1.4936934402347646,-0.0667845176938545,61,0.025952748954296112,-0.0018124632770195603,1.0031546354293823,1.4419317245483398,-0.31340616941452026,1.6200860738754272,0.5340862454033946,285.3656279765955,0.0
34.272,76.97292414710809,-1.4818989692802078,-0.5518519526664027,61,0.023425858467817307,-0.008731613866984844,1.0176974534988403,-1.1987541913986206,-0.3604193925857544,0.19184423983097076,0.5340767378226726,290.96801942421087,0.0
34.323,76.98185417031995,-1.4463547563548507,-0.5589169191750039,61,0.024221090599894524,-0.010800991207361221,0.997664749622345,0.7540428638458252,0.8667519092559814,-0.15909703075885773,0.5340692995911209,290.96801942421087,0.0
34.373,77.01059106044146,-1.3413366880287434,-0.35910262986841757,61,0.021252764388918877,-0.010126751847565174,0.990574061870575,-0.9118664860725403,-0.42940738797187805,1.7217378616333008,0.5341656638937449,290.96801942421087,0.0
34.423,77.03031294479814,-1.397468475741846,-0.6113182355760894,61,0.024363920092582703,-0.012988297268748283,0.998210072517395,0.4170573651790619,-0.5077137351036072,0.5038610100746155,0.5339747969772792,290.96801942421087,0.0
34.473,77.03756202878616,-1.4026373289019005,-0.8648500268807673,61,0.023935511708259583,-0.023781655356287956,1.0100669860839844,-0.5596812963485718,-0.8100025653839111,-0.1939292699098587,0.533854828220065,290.96801942421087,0.0
34.525,77.02786580779483,-1.5049049462555963,-1.043404752920308,61,0.027925854548811913,-0.016906360164284706,0.9847219586372375,-1.34968900680542,-1.6371105909347534,-1.0507973432540894,0.5337148683988246,290.96801942421087,0.0
34.576,77.01061846659576,-1.4975359735220737,-0.7281921093507644,61,0.026657819747924805,-0.00531000504270196,1.0017623901367188,0.5271974802017212,-0.4392702877521515,0.0470784492790699,0.5332623563023127,290.96801942421087,0.0
34.627,77.00776214687144,-1.5908177329772353,-0.5164513936136422,61,0.032488156110048294,-0.0011768817203119397,0.9927728772163391,-0.5977921485900879,-1.5428458452224731,0.4181007444858551,0.5330656232900751,290.96801942421087,0.0
34.677,76.99200282180283,-1.5819734221033854,-0.6077767614007196,61,0.02620745450258255,-0.0029420212376862764,1.0160692930221558,0.7591301798820496,1.3699634075164795,-1.0275418758392334,0.5328369229601804,290.96801942421087,0.0
34.727,76.99916264641709,-1.4966903853966227,-0.5355002568625128,61,0.024985726922750473,-0.015424230135977268,0.9907404780387878,-0.18393957614898682,2.7122280597686768,0.9766688346862793,0.5329516838037842,290.96801942421087,0.0
34.778,76.99905397709463,-1.5668547129915544,-0.48351127078244843,61,0.02939669042825699,-0.01363692618906498,0.9906003475189209,-1.830113172531128,-0.8536951541900635,1.02170729637146,0.5331030584236935,290.96801942421087,0.0
34.83,76.97337278391024,-1.6714885623886147,-0.8481601489646132,61,0.0246786680072546,-0.009031000547111034,0.9856825470924377,1.3713918924331665,0.5845445990562439,-2.1149468421936035,0.5329208921556287,296.7947919615058,0.0
34.88,76.96665725289544,-1.5993462674673309,-0.7852490675126274,61,0.030664369463920593,-0.019710225984454155,0.9957321882247925,-0.5247570872306824,-1.3708783388137817,-0.9836015105247498,0.5326759769411341,296.7947919615058,0.0
34.931,76.9497659330484,-1.65434792456243,-0.6321993974866704,61,0.026979103684425354,-0.009752499870955944,1.0101667642593384,-0.4756729304790497,-0.2174455225467682,0.011208703741431236,0.5325385557362295,296.7947919615058,0.0
34.981,76.94794638189215,-1.6740692577226959,-0.7636531022626024,61,0.0293229129165411,-0.016795393079519272,0.9794886112213135,0.24892792105674744,0.45090073347091675,-0.3402121663093567,0.532531719719954,296.7947919615058,0.0
35.032,76.91179801796757,-1.579531962043157,-0.4011064741805093,61,0.02353486232459545,0.012024777010083199,1.0111123323440552,-0.19707675278186798,0.5231475234031677,0.7087290287017822,0.5324268662516388,296.7947919615058,0.0
35.082,76.92920701526212,-1.5664483637562918,-0.36635862694688603,61,0.02643425390124321,-0.013027496635913849,0.9973353147506714,0.46546465158462524,0.8793371319770813,0.0765555128455162,0.5326416916230403,296.7947919615058,0.0
35.133,76.9500586726339,-1.6293444266514356,-0.49397410521049606,61,0.03062104992568493,-0.012948053888976574,1.007041573524475,-2.352292537689209,-1.7636507749557495,1.3731898069381714,0.532988836664233,296.7947919615058,0.0
35.183,76.952310583218,-1.778512854892832,-1.1282703549525714,61,0.03252517804503441,-0.024773109704256058,0.9821499586105347,0.13668383657932281,-0.08289090543985367,-1.1770886182785034,0.533415016456773,296.7947919615058,0.0
35.234,76.93566146136958,-1.7005946479149023,-1.1194869820969522,61,0.02805020846426487,-0.015386475250124931,0.991583526134491,-1.3410755395889282,-1.0637919902801514,-1.2828714847564697,0.533933818533861,296.7947919615058,0.0
35.284,76.90808027422504,-1.6075928953293468,-0.7471633629325677,61,0.026072800159454346,-0.006297192070633173,1.0066218376159668,1.863771915435791,2.5015289783477783,-0.40022268891334534,0.5343620022334666,296.7947919615058,0.0
35.335,76.9190858217574,-1.5145934866438606,0.013549163037075632,61,0.02382628619670868,0.009217600338160992,1.0042219161987305,-0.7989840507507324,-0.39830282330513,2.382553815841675,0.5348959874807004,296.7947919615058,0.0
35.386,76.96681126417775,-1.617812752204458,-0.4497393597075381,61,0.028002500534057617,-0.015521960332989693,0.9976576566696167,-1.233463168144226,0.6837702393531799,0.38790273666381836,0.5353703866626409,276.6873804340656,0.0
35.436,76.99742860034095,-1.6912699739873698,-0.6142905238507016,61,0.03242676705121994,-0.019778376445174217,0.9895460605621338,-0.6780741214752197,-0.6079849600791931,0.9721617102622986,0.5357710326002348,276.6873804340656,0.0
35.487,77.00273787384619,-1.7317816591517146,-0.8700519275284276,61,0.02736230008304119,-0.015294660814106464,1.0106117725372314,0.014994338154792786,-0.9287997484207153,-0.3902393579483032,0.5361005637846366,276.6873804340656,0.0
35.537,77.01685714218786,-1.5972202006109797,-0.7088724330625371,61,0.026862384751439095,-0.01059278380125761,1.0124059915542603,-1.9666224718093872,-0.887126088142395,0.5572224259376526,0.5362796928273296,276.6873804340656,0.0
35.588,77.02113622865795,-1.735296677864912,-1.1022356868041725,61,0.03416150435805321,-0.02199709601700306,0.977557361125946,0.6196824312210083,-0.3332250714302063,-1.0942221879959106,0.5365356314091861,276.6873804340656,0.0
35.643,76.99305736815234,-1.7857336761469562,-1.141265666167191,61,0.03056406043469906,-0.028567947447299957,0.9984291195869446,-0.3652442395687103,0.16920511424541473,-0.8075615167617798,0.5365120381346966,276.6873804340656,0.0
35.693,76.94111712235315,-1.6963703287642364,-0.6074955400839444,61,0.02636708877980709,0.0014417582424357533,0.9981189370155334,0.5168133974075317,2.2522873878479004,0.03823091834783554,0.5369002393271016,276.6873804340656,0.0
35.744,76.91714690025955,-1.5551974387274874,0.27890519791393525,61,0.026177991181612015,0.013661926612257957,1.0085467100143433,0.032161664217710495,0.9533387422561646,1.1149007081985474,0.5374291988017423,276.6873804340656,0.0
35.794,76.95191406246248,-1.746656860707553,-0.24940347316412897,61,0.03441912308335304,-0.023106811568140984,0.9869676232337952,-2.125195264816284,-0.7036615014076233,0.13168710470199585,0.5379826625730824,276.6873804340656,0.0
35.844,76.95886942321783,-1.7507487126407235,-0.4184322484343823,61,0.03214997425675392,-0.014155144803225994,1.0015729665756226,-0.7415899634361267,-0.9565183520317078,1.2808125019073486,0.5383320865903471,276.6873804340656,0.0
35.895,76.93261098130615,-1.826274929611658,-1.1970201284381854,61,0.028388477861881256,-0.022897280752658844,0.9899970889091492,1.8459488153457642,1.2269049882888794,-2.31561279296875,0.5386471947685376,276.6873804340656,0.0
35.945,76.90934462380213,-1.7377080175886324,-0.7322154046708754,61,0.03183279186487198,-0.012341302819550037,1.0024877786636353,-0.9818838834762573,-0.38891199231147766,-0.1740957647562027,0.5390001790381357,285.4821671658045,0.0
35.996,76.89037259186715,-1.7475556919962434,-0.09039299280457458,61,0.030144421383738518,0.01883191615343094,0.9980870485305786,0.8896344900131226,1.6280580759048462,0.8619887828826904,0.5391235366144365,285.4821671658045,0.0
36.046,76.906177107462,-1.7088600574867112,0.16878074270883214,61,0.029746748507022858,0.008653642609715462,0.9999499917030334,-0.323222279548645,-0.6595149636268616,1.0952436923980713,0.5387568385780657,285.4821671658045,0.0
36.096,76.95129045989499,-1.7700890846192836,-0.533925024918891,61,0.03093072958290577,-0.021649325266480446,0.9897355437278748,0.38486912846565247,0.732421338558197,-0.1719754934310913,0.5384238847272952,285.4821671658045,0.0
36.148,76.98528198044754,-1.7898011029822372,-0.7401932525994867,61,0.03351608291268349,-0.03520024195313454,0.9848524928092957,-0.5400861501693726,0.3707629442214966,1.85567307472229,0.5379958334395222,285.4821671658045,0.0
36.199,76.95058690649287,-1.6978096891305912,-0.9037841596831422,61,0.02625899948179722,-0.007074178662151098,1.011357069015503,0.194184809923172,0.01766602322459221,-0.7364941239356995,0.5377898737315837,285.4821671658045,0.0
36.249,76.92056048041228,-1.6398692253283098,-0.9014582102782143,61,0.02773292362689972,-0.008242321200668812,1.0044070482254028,0.650200605392456,0.8991221785545349,-1.6677300930023193,0.5374536305473946,285.4821671658045,0.0
36.3,76.91305599421166,-1.6531957338845282,-0.40845888301940075,61,0.032417863607406616,-0.003344302996993065,0.9843819737434387,-2.919563055038452,-1.4241799116134644,-0.6571676135063171,0.5370896022275019,285.4821671658045,0.0
36.35,76.90634421940828,-1.629137286303852,0.022373565716891905,61,0.028875280171632767,0.007628802675753832,0.9922206997871399,0.9283499717712402,1.2704353332519531,0.5047208070755005,0.5362913464699125,285.4821671658045,0.0
36.401,76.92783023448759,-1.7013336560637948,-0.12649314206212162,61,0.03150811046361923,-0.008835040032863617,0.9788122177124023,-0.284531831741333,-0.5233949422836304,0.30967971682548523,0.535611043239871,285.4821671658045,0.0
36.453,76.95048738393645,-1.7623332031674122,-0.469209186335025,61,0.03160564973950386,-0.022760331630706787,1.0029006004333496,0.17021986842155457,-0.3682742118835449,0.22375908493995667,0.5346619350927468,285.4821671658045,0.0
36.503,76.94300366477934,-1.6886723430759878,-0.5371895452907194,61,0.026707133278250694,-0.011781436391174793,0.9969941973686218,0.3890620470046997,2.014573335647583,0.8696010708808899,0.5335806471627006,285.46273735792556,0.0
36.554,76.95507871573555,-1.6843910020090556,-0.831152884557523,61,0.02847830206155777,-0.017128797248005867,1.0089774131774902,-0.1319863200187683,0.07347368448972702,-0.11872128397226334,0.5327548717867724,285.46273735792556,0.0
36.604,76.94784997801928,-1.757874934998177,-0.8041960732222555,61,0.03422696515917778,-0.010126003064215183,1.0009452104568481,-0.6809016466140747,0.16840824484825134,-1.357272744178772,0.5318459288240382,285.46273735792556,0.0
36.655,76.93530208193874,-1.6318555960313155,-0.23365533545854655,61,0.021235421299934387,0.007668155245482922,1.0076472759246826,-0.772761881351471,1.506932258605957,0.5729847550392151,0.5313537197879168,285.46273735792556,0.0
36.706,76.94848654420626,-1.5987896484003425,0.18369588637563963,61,0.027368001639842987,0.010301335714757442,1.0007851123809814,-0.9434417486190796,1.1573314666748047,0.8979974985122681,0.530437538008909,285.46273735792556,0.0
36.757,76.99054009684481,-1.8350648219786854,0.18378238757879997,61,0.037614498287439346,-0.008536630310118198,0.9939143657684326,-0.16644831001758575,0.2852548062801361,1.2962136268615723,0.5298776079983781,285.46273735792556,0.0
36.807,77.01345894023393,-1.903189638842401,-0.20783057254435816,61,0.030534736812114716,-0.00599597068503499,0.989288330078125,-0.4585161507129669,-1.7872934341430664,0.7459090948104858,0.5289846740440863,285.46273735792556,0.0
36.857,77.04697227005435,-1.952171223242691,-0.9107917280670319,61,0.03746362030506134,-0.026667648926377296,0.9759005308151245,1.0285238027572632,0.2486753761768341,-0.677318274974823,0.5283834818112984,285.46273735792556,0.0
36.908,77.02645325665891,-1.829801537519518,-0.6743863507106356,61,0.02969278022646904,0.005848282482475042,1.0163077116012573,0.32021498680114746,-1.4319236278533936,1.1365267038345337,0.5275313389623135,285.46273735792556,0.0
36.958,77.08830819468993,-1.6737423442882746,-0.40523142690807545,61,0.03009081818163395,-0.00917100254446268,1.0006297826766968,-2.5379278659820557,-1.2524570226669312,1.9601659774780273,0.527044948179549,285.46273735792556,0.0
37.008,77.11901784271421,-1.7528850948456292,-0.10484607284679079,61,0.03578032925724983,0.0013904068619012833,0.9714856147766113,-0.6936991214752197,-0.4465753734111786,1.259130835533142,0.5263212215948682,285.46273735792556,0.0
37.059,77.15764795120607,-1.8180095883643996,-0.33674929407146226,61,0.033106908202171326,-0.022588465362787247,1.0043647289276123,-0.43371209502220154,-1.0900242328643799,1.6449037790298462,0.5257428151142066,273.2089630015633,0.0
37.109,77.13871596483955,-1.7593890951807967,-1.173620805960872,61,0.026870079338550568,-0.018535710871219635,1.005523443222046,-0.3726227581501007,-0.030704382807016373,-1.5965930223464966,0.5247328329937411,273.2089630015633,0.0
37.159,77.10401907556958,-1.6972866206989041,-0.6649361959101321,61,0.028796760365366936,0.00901221577078104,1.0059796571731567,0.04555743187665939,0.2555140554904938,-0.26406627893447876,0.5243675176947578,273.2089630015633,0.0
37.211,77.10765092237526,-1.6694465178168292,-0.6411699122075181,61,0.025632737204432487,-0.019781768321990967,0.9939091801643372,-0.7614471316337585,0.476561039686203,-1.4407881498336792,0.5239234851163784,273.2089630015633,0.0
37.262,77.10676583633776,-1.5684002506563186,0.2191617945989196,61,0.029531892389059067,0.020834174007177353,0.9990078806877136,-0.8061758279800415,0.004482741933315992,2.2345261573791504,0.5234592153477116,273.2089630015633,0.0
37.313,77.14772266114457,-1.721550308192325,-0.025749836473170782,61,0.03327926993370056,-0.004605208523571491,0.9897832870483398,0.6387662291526794,-0.9700441956520081,1.2321395874023438,0.5235134315997756,273.2089630015633,0.0
37.363,77.18646745672734,-1.6830406347433076,-0.4434105736450051,61,0.02617756649851799,-0.010296814143657684,1.0091404914855957,-0.19438864290714264,-1.5474315881729126,-0.04060938581824303,0.5238585371127177,273.2089630015633,0.0
37.413,77.23566873914795,-1.7055904622251452,-0.9044948656723772,61,0.03423425182700157,-0.032325200736522675,0.9933094382286072,-0.10179563611745834,0.6174284815788269,0.32163023948669434,0.5240616676641405,273.2089630015633,0.0
37.464,77.24179215193385,-1.738702035967302,-1.0181605454362999,61,0.02879481203854084,-0.016093049198389053,0.9964445233345032,-1.3115900754928589,-0.7347276210784912,0.25329989194869995,0.5242509580328986,273.2089630015633,0.0
37.514,77.2417524607063,-1.7912322509529353,-0.9515283122580688,61,0.029692502692341805,-0.0075094993226230145,0.99063640832901,0.002713274210691452,-0.5936259031295776,0.01395402941852808,0.5242042568511238,273.2089630015633,0.0
37.564,77.24439394384102,-1.7363332241048837,-1.0189826649243565,61,0.029885821044445038,-0.022572463378310204,0.9920173287391663,1.0631850957870483,-0.20882479846477509,-0.6097131967544556,0.5239906222174151,273.2089630015633,0.0
37.615,77.2398082030408,-1.6950592935558826,-0.8012707115791233,61,0.0294147077947855,-0.009626264683902264,1.011723279953003,0.49169227480888367,-0.2932867109775543,0.15901929140090942,0.5239458219265893,285.6377008989376,0.0
37.665,77.24768782818374,-1.7275896721171031,-1.03896338228349,61,0.027275409549474716,-0.02288508228957653,0.9964252710342407,-0.8943437933921814,0.7556883096694946,0.18194331228733063,0.5235290437987692,285.6377008989376,0.0
37.716,77.23073404530696,-1.7545820823822864,-0.9370759728049181,61,0.03034309297800064,-0.011572347022593021,0.9908480048179626,-1.1509586572647095,-0.768151581287384,-0.8507771492004395,0.5230605016932791,285.6377008989376,0.0
37.766,77.20997933881759,-1.6852609506585008,-0.5441408245135041,61,0.029211366549134254,-0.005417780950665474,1.0023670196533203,0.2702997922897339,-1.040717601776123,-0.35459429025650024,0.5224637504697749,285.6377008989376,0.0
37.817,77.21275693848207,-1.6378167871629183,-0.7705060870305889,61,0.021897250786423683,-0.01249550562351942,0.9996473789215088,0.06023932993412018,0.3801172375679016,-1.0273797512054443,0.5221661519037106,285.6377008989376,0.0
37.867,77.23029533057687,-1.5386273961077785,-0.4324031862760991,61,0.029954973608255386,-0.011922645382583141,1.000684380531311,-1.2332078218460083,-1.3603103160858154,2.056227922439575,0.521602723737501,285.6377008989376,0.0
37.917,77.22991745653478,-1.8308595464484065,-1.1478881943185897,61,0.037644460797309875,-0.01612812653183937,0.9961897730827332,-0.25471511483192444,-0.25338131189346313,-0.540425717830658,0.5212726852175037,285.6377008989376,0.0
37.969,77.22191929989032,-1.8751804709238087,-1.2019201784931637,61,0.033227067440748215,-0.029202084988355637,0.9862052202224731,-0.0860479399561882,-1.2558714151382446,-1.2603765726089478,0.5214616903034629,285.6377008989376,0.0
38.02,77.19124640879316,-1.8606443742822147,-1.0330994566410243,61,0.03437690809369087,-0.020204201340675354,1.011630892753601,-0.8618614673614502,-0.07786113023757935,-0.1253538429737091,0.5219397205242186,285.6377008989376,0.0
38.071,77.14861713868466,-1.8102615209577484,-0.7536059283019103,61,0.029741650447249413,0.002650424838066101,0.991138756275177,0.9679368138313293,0.9979119300842285,-0.7479735016822815,0.5228064953428172,285.6377008989376,0.0
38.121,77.11449835641852,-1.7654256300700097,-0.6923260001072483,61,0.02939445525407791,-0.014663160778582096,0.9976129531860352,0.2769535779953003,-1.5945250988006592,-1.646975040435791,0.523561372630995,285.6377008989376,0.0
38.171,77.0776570619898,-1.632790086522397,-0.15990698244027693,61,0.028258955106139183,0.009683395735919476,1.0137841701507568,-0.1058516800403595,0.24756747484207153,0.3714057505130768,0.5241332674157894,281.61031287766883,0.0
38.221,77.12470720001042,-1.7369673186510968,-0.30416444290839884,61,0.031037254258990288,-0.015000289306044579,0.9877750873565674,-0.9537872672080994,-0.9646082520484924,1.1242845058441162,0.5249023561868654,281.61031287766883,0.0
38.271,77.16026299201577,-1.7582066851773968,-0.7392348048824613,61,0.030077673494815826,-0.02572186291217804,1.003591775894165,-0.8788946866989136,-0.29725557565689087,1.018149495124817,0.525192562245605,281.61031287766883,0.0
38.323,77.18559422578296,-1.6600920732950246,-0.9612369650052658,61,0.029827507212758064,-0.021255988627672195,1.0012190341949463,-1.116813063621521,-1.288742184638977,0.7933289408683777,0.5255523299047312,281.61031287766883,0.0
38.374,77.1928311458558,-1.7464027948193679,-1.3914509288526065,61,0.031054139137268066,-0.01990574225783348,0.9860978126525879,0.9275424480438232,0.5823867321014404,-1.6175562143325806,0.5256451803988704,281.61031287766883,0.0
38.424,77.20720374428926,-1.7748363490463825,-0.9515865136948869,61,0.03821101412177086,-0.022942110896110535,1.0013929605484009,-1.564039707183838,-1.3706575632095337,2.312060594558716,0.5258103863073148,281.61031287766883,0.0
38.474,77.1925411766271,-1.9355831912793455,-0.7091451591407969,61,0.035169318318367004,0.011617377400398254,0.9923126697540283,0.41389214992523193,-0.4419650137424469,0.25915417075157166,0.5259776571705611,281.61031287766883,0.0
38.525,77.22900378663276,-1.8840349050020735,-1.2467963218084521,61,0.027675146237015724,-0.03869066387414932,0.9812703728675842,0.32903218269348145,-1.3176026344299316,-1.0810673236846924,0.5259814307896435,281.61031287766883,0.0
38.575,77.21810924862548,-1.8204865960262187,-1.0963888344955675,61,0.03704950585961342,-0.024195076897740364,1.0127395391464233,-0.1116262748837471,-0.6784753203392029,1.775215744972229,0.5259961547571241,281.61031287766883,0.0
38.626,77.1922938580897,-1.8839690370626616,-1.5087681474937273,61,0.02705460600554943,-0.018056420609354973,0.9928211569786072,1.5165120363235474,1.1497056484222412,-1.4778249263763428,0.5258009119078894,281.61031287766883,0.0
38.676,77.18672637705255,-1.8502855365683961,-0.9563461758219906,61,0.033465150743722916,-0.022136081010103226,0.9750269055366516,-0.8834928274154663,-0.6769493818283081,-0.6134091019630432,0.5253179699117899,281.61031287766883,0.0
38.727,77.1651892987385,-1.8052730632719318,-0.3966607087808309,61,0.03128546103835106,0.00795058161020279,1.0078072547912598,1.6103999614715576,0.20110613107681274,1.1811579465866089,0.5247532321692426,290.1227087224182,0.0
38.777,77.1957132790801,-1.7886754096147208,-0.42197592749648766,61,0.030614079907536507,-0.013171590864658356,1.005731225013733,-1.043335199356079,-1.139756441116333,1.452380895614624,0.5241202351852825,290.1227087224182,0.0
38.827,77.22582943042084,-1.7420921692424611,-1.0493287481794735,61,0.02896996960043907,-0.034819453954696655,0.9921038150787354,1.1210355758666992,1.1542341709136963,-0.8665067553520203,0.5228353608983471,290.1227087224182,0.0
38.878,77.2434587030446,-1.8707631168125844,-1.1215869774937213,61,0.03863152861595154,-0.03702171519398689,0.9882267713546753,-0.3465319275856018,1.2034796476364136,0.9853339791297913,0.5219053160565174,290.1227087224182,0.0
38.928,77.22658638921752,-1.9246577235144906,-1.0607007599579634,61,0.03007548302412033,-0.0029324640054255724,0.9936381578445435,0.524527370929718,1.385286808013916,1.475277304649353,0.5213156128692893,290.1227087224182,0.0
38.978,77.26722526964672,-1.690575597505135,-1.027368301155888,61,0.02889900468289852,-0.023545194417238235,1.0134260654449463,-2.1641042232513428,-2.7416157722473145,-0.1477506011724472,0.5207858216506228,290.1227087224182,0.0
39.03,77.29066380832825,-1.7888835492326594,-1.3250385855022537,61,0.03479232266545296,-0.0332990363240242,0.9691359996795654,1.4860501289367676,0.019242320209741592,-1.2907605171203613,0.5200094429309108,290.1227087224182,0.0
39.08,77.29103555251947,-1.704702830489764,-0.9160059302249505,61,0.026707887649536133,-0.015005138702690601,1.0133625268936157,0.8290786743164062,-0.1443520337343216,1.1784062385559082,0.5196362986560127,290.1227087224182,0.0
39.13,77.29555122708487,-1.5245450410799644,-0.938921868056462,61,0.02253645472228527,-0.012780928052961826,1.0205435752868652,0.5378367304801941,0.4107634127140045,0.7932963371276855,0.5195447956566874,290.1227087224182,0.0
39.181,77.31899455036688,-1.6319412172037882,-1.3605699398248172,61,0.028385695070028305,-0.03080870769917965,0.9855301976203918,-1.5010664463043213,-2.494659185409546,0.3392508625984192,0.5192706217730746,290.1227087224182,0.0
39.231,77.31520513595328,-1.7322728002651568,-1.365771381165813,61,0.03469400107860565,-0.019502321258187294,0.9903795123100281,1.063048243522644,-1.6231402158737183,0.3097393214702606,0.5190726305205201,290.1227087224182,0.0
39.281,77.32797827049691,-1.8560354455334798,-1.7253159940589078,61,0.03217596188187599,-0.04526336491107941,0.9810770750045776,1.269702672958374,-0.7387055158615112,-1.1899617910385132,0.5190584480962476,231.58875821324057,0.0
39.333,77.27937291549675,-1.7304385256245953,-1.4146683861587508,61,0.025658095255494118,-0.01412355899810791,1.0108312368392944,0.6941683292388916,-0.25090596079826355,0.3258541524410248,0.5190605498796632,231.58875821324057,0.0
39.383,77.27043206919262,-1.6576124741456328,-1.3963029019599718,61,0.028658511117100716,-0.016775183379650116,1.010474681854248,1.03017258644104,-0.4046330153942108,-0.7144224047660828,0.519089960457684,231.58875821324057,0.0
39.433,77.24592705746598,-1.4926608238490644,-1.298269435051865,61,0.012576357461512089,-0.017182085663080215,0.9960072040557861,1.8284153938293457,-1.2349885702133179,-3.1954145431518555,0.5192184248792324,231.58875821324057,0.0
39.484,77.19959759993803,-1.5309604016473264,-1.1275054776031108,61,0.026731330901384354,-0.024823950603604317,0.9809494614601135,1.7083743810653687,-1.2226518392562866,1.6969503164291382,0.5196554225972555,231.58875821324057,0.0
39.537,77.17592740357642,-1.6324415883953123,-1.4014971740553577,61,0.030379604548215866,-0.023229578509926796,0.9859539866447449,0.4091423749923706,0.9421640038490295,-1.3289135694503784,0.520201788472557,231.58875821324057,0.0
39.587,77.15903099769189,-1.5851688736840528,-1.4804313527802277,61,0.02818298526108265,-0.029704876244068146,0.9942396283149719,-0.25025948882102966,0.49878084659576416,-1.2694541215896606,0.5211958416281566,231.58875821324057,0.0
39.638,77.16987752409527,-1.6311730163903255,-1.2471565754195673,61,0.027146264910697937,-0.03750036284327507,1.0031170845031738,-0.8504588603973389,-0.39967453479766846,2.053595781326294,0.5218606733466075,231.58875821324057,0.0
39.688,77.14901918874166,-1.5785432717564591,-1.4710970914978523,61,0.024951718747615814,-0.021457156166434288,1.0053691864013672,-2.591306209564209,1.5051192045211792,0.3701385259628296,0.5229075242947583,231.58875821324057,0.0
39.739,77.16657310327969,-1.6863958331752644,-1.6581659947955287,61,0.033075738698244095,-0.03398039564490318,0.9864360690116882,-0.590287983417511,-1.592367172241211,-1.3431155681610107,0.5237213510159161,231.58875821324057,0.0
39.789,77.1653527769764,-1.663152695477318,-1.3854608765346876,61,0.030832014977931976,-0.024385858327150345,1.0142884254455566,-0.8091965913772583,-1.5727078914642334,0.19656434655189514,0.5241594922299339,231.58875821324057,0.0
39.84,77.13958262916779,-1.576179894817167,-1.5053552263937964,61,0.02408207207918167,-0.013441639952361584,0.9946478605270386,1.4988466501235962,1.2552692890167236,-2.0987548828125,0.5245524446031931,231.58875821324057,0.0
39.89,77.16484172293839,-1.619546715858536,-1.356133469472834,61,0.032514482736587524,-0.044670864939689636,0.9976949691772461,-1.5717148780822754,0.21559938788414001,0.5120029449462891,0.5251891491546736,270.07752736638764,0.0
39.941,77.11898320823144,-1.7050677103203646,-0.9324089650015145,61,0.029973261058330536,0.0069311619736254215,0.9889560341835022,1.6921031475067139,2.2737715244293213,0.07823991775512695,0.5254996400774556,270.07752736638764,0.0
39.991,77.1394799007938,-1.6076574665939531,-0.7435613173361856,61,0.026491405442357063,-0.013314174488186836,1.0132101774215698,-0.639702558517456,-1.8761415481567383,0.4123454689979553,0.525789494013428,270.07752736638764,0.0
40.041,77.18596268747157,-1.6380149204336154,-1.0511855865372497,61,0.030339809134602547,-0.028346236795186996,0.9998016357421875,0.012340734712779522,1.3137508630752563,1.011059045791626,0.5260985853977105,270.07752736638764,0.0
40.092,77.19650691541766,-1.6584166425332159,-1.2723200907782795,61,0.0283635463565588,-0.028041522949934006,0.9914283752441406,-0.7180280685424805,1.1000361442565918,0.603247344493866,0.5262218254510937,270.07752736638764,0.0
40.143,77.18522184395718,-1.734577506138716,-1.2687494647374309,61,0.03244507312774658,-0.018951470032334328,1.004056692123413,-0.47538837790489197,1.0845733880996704,0.17383630573749542,0.5263905754491126,270.07752736638764,0.0
40.195,77.18337662958737,-1.788066367066918,-1.430720175862834,61,0.03042060323059559,-0.022190412506461143,0.9936350584030151,-0.5980094075202942,0.4192142188549042,-1.0454814434051514,0.5266095732332267,270.07752736638764,0.0
40.245,77.17368844545864,-1.7335481960761603,-0.8758574593534577,61,0.028228944167494774,-0.014452354982495308,1.0000144243240356,0.020704712718725204,-0.09240996837615967,0.07528074085712433,0.526728558733455,270.07752736638764,0.0
40.296,77.17450041829646,-1.6447492219480846,-0.9364698077519928,61,0.026636352762579918,-0.01591830514371395,1.0142021179199219,-0.5775506496429443,0.37411201000213623,0.2614636719226837,0.5267448945864971,270.07752736638764,0.0
40.346,77.19164004001613,-1.7277153017536315,-0.9883571950887683,61,0.032570771872997284,-0.020049331709742546,0.9958259463310242,-1.7405750751495361,-1.006954550743103,0.416582852602005,0.5267097997155618,270.07752736638764,0.0
40.399,77.19318815160878,-1.8357960781968008,-1.3572586078253108,61,0.03353029116988182,-0.031326018273830414,0.9806807041168213,0.5308519601821899,0.015494421124458313,0.1407318115234375,0.5265091779229876,273.6188922956488,0.0
40.45,77.14232266804876,-1.699116653575927,-1.3623053134991674,61,0.026852015405893326,-0.006296084728091955,1.0196796655654907,1.9716322422027588,1.2715884447097778,-1.8862861394882202,0.5264277005406486,273.6188922956488,0.0
40.5,77.14381985567799,-1.7519434714012667,-1.106656980041529,61,0.03312123566865921,-0.026042835786938667,0.9954906105995178,-2.017122507095337,-1.5412720441818237,-0.7094654440879822,0.5271126165306657,273.6188922956488,0.0
40.551,77.13277051091302,-1.8749539148648373,-0.8475438836660946,61,0.03466726467013359,-0.016629887744784355,0.9955703616142273,-1.7243186235427856,-0.3188771903514862,1.3414723873138428,0.5276368444339092,273.6188922956488,0.0
40.601,77.11501316973053,-1.912936157851858,-1.096006721979238,61,0.03098057396709919,-0.0036555358674377203,0.9908115863800049,0.11586346477270126,-0.15708419680595398,-1.1805378198623657,0.5283847825393599,273.6188922956488,0.0
40.652,77.13678037556677,-1.953141788837261,-1.2717685125937925,61,0.03434807062149048,-0.03719009831547737,0.9826621413230896,-0.1187327429652214,0.44468972086906433,-0.7493785619735718,0.5287259069069384,273.6188922956488,0.0
40.702,77.13957834030306,-1.8971585250016305,-0.9823006168429472,61,0.031174402683973312,-0.026789449155330658,1.0127460956573486,-0.6733401417732239,0.6048081517219543,2.237213611602783,0.5294618872314125,273.6188922956488,0.0
40.753,77.13111159471904,-1.9974807884954913,-1.3346823448026846,61,0.03716570511460304,-0.009860155172646046,1.0060327053070068,-0.9176027774810791,-0.23810310661792755,-0.3976953327655792,0.5299973063442724,273.6188922956488,0.0
40.803,77.13060760710745,-2.091602632602131,-1.3210342721097226,61,0.03524617478251457,-0.02443157136440277,0.9898874759674072,-1.1485153436660767,-1.2775259017944336,-1.064048409461975,0.5305541379441567,273.6188922956488,0.0
40.853,77.10765986066399,-2.085483660039398,-1.1078565173366965,61,0.03537467122077942,-0.019983205944299698,0.9916375875473022,-0.5852307081222534,0.7345218062400818,0.780020534992218,0.5308179800877512,273.6188922956488,0.0
40.904,77.08425800005107,-2.188841106582124,-1.0692798041727214,61,0.039546020328998566,-0.011246837675571442,0.9965677261352539,-0.23615425825119019,0.15132750570774078,-0.7230734825134277,0.5314829974375648,273.6188922956488,0.0
40.954,77.08999173704645,-2.2219436946711797,-1.0451984646829324,61,0.039234310388565063,-0.035085201263427734,0.990471601486206,1.198725938796997,1.4966318607330322,-0.5362232327461243,0.5320450609223516,284.41744083542415,0.0
41.004,77.08113978772381,-2.0435231447889928,-0.9349264192401608,61,0.03340841457247734,-0.019171912223100662,0.9992838501930237,-1.7561497688293457,-0.6012479066848755,2.751016855239868,0.5327051718476654,284.41744083542415,0.0
41.055,77.10915151859828,-2.099620343385415,-1.3125633582542795,61,0.0369894802570343,-0.017768951132893562,0.982856273651123,0.45230817794799805,0.16760873794555664,-0.5616174340248108,0.5331725979675378,284.41744083542415,0.0
41.105,77.14161823178401,-2.0417310302513316,-1.3325076882941431,61,0.035596270114183426,-0.039606448262929916,0.9957253932952881,-0.9777289032936096,-0.055623073130846024,-0.04788796976208687,0.5337596659864964,284.41744083542415,0.0
41.156,77.16682803206567,-2.255062420315767,-1.3472433796986518,61,0.04549260810017586,-0.034976743161678314,1.0013489723205566,-1.4564610719680786,-0.9287216663360596,1.355281114578247,0.5341895428857144,284.41744083542415,0.0
41.206,77.15718643315516,-2.2597436099524333,-1.8780558881829077,61,0.03644062206149101,-0.03908558934926987,0.9774630665779114,1.2334997653961182,2.352914333343506,-0.4744647145271301,0.534650959266091,284.41744083542415,0.0
41.256,77.12694665502826,-2.1006627278596217,-1.7023371081991538,61,0.03597859665751457,-0.020622415468096733,1.0004609823226929,-0.3186420500278473,-0.9108548164367676,-1.0508670806884766,0.5351812056701462,284.41744083542415,0.0
41.306,77.1175215445873,-2.103510102627639,-1.0442234363400202,61,0.03408743441104889,0.0038209271151572466,0.9940817356109619,0.32318440079689026,9.161053657531738,2.2673733234405518,0.5354839098041203,284.41744083542415,0.0
41.357,77.16017656895332,-1.9360585291599302,-0.675498448067884,61,0.026079604402184486,0.01701999641954899,1.0097178220748901,-1.9724721908569336,-3.328448534011841,-1.679555058479309,0.5356881950673272,284.41744083542415,0.0
41.407,77.21089054665318,-1.9529323243141998,-0.670532482125036,61,0.03751714527606964,-0.03659620136022568,0.9813573360443115,-0.28280121088027954,-0.09405963867902756,1.0837047100067139,0.5359358813579752,284.41744083542415,0.0
41.457,77.21323150247603,-1.989923932896435,-0.8090892003355287,61,0.03687456250190735,-0.01798160746693611,0.9955989122390747,0.32848435640335083,0.08623091131448746,2.5788888931274414,0.5361335026659537,284.41744083542415,0.0
41.509,77.18151575492615,-2.043915880347528,-1.4996971618573722,61,0.03575344756245613,-0.024334216490387917,1.0044035911560059,1.5624299049377441,-1.7275948524475098,-3.329726457595825,0.5362765666370971,282.8637712435932,0.0
41.56,77.16306024137442,-2.063653218410191,-1.478740753364249,61,0.039128709584474564,-0.03265047445893288,0.9925747513771057,-0.5852197408676147,0.23165221512317657,-1.075195550918579,0.5362686579886494,282.8637712435932,0.0
41.61,77.12395388068552,-1.9884402955348035,-0.6076859314669517,61,0.032264865934848785,-0.0016558008501306176,0.9948887825012207,0.04113048315048218,1.486761450767517,1.7806470394134521,0.5361602289498753,282.8637712435932,0.0
41.66,77.09721486838998,-1.8937400791079464,-0.813453488471893,61,0.030083119869232178,-0.003109735669568181,0.9906088709831238,-0.023712879046797752,-1.3775944709777832,-2.191793203353882,0.5358133213959526,282.8637712435932,0.0
41.711,77.1313233927379,-1.820437228798304,-0.7386158605402057,61,0.03463999181985855,-0.029718440026044846,1.0074225664138794,-0.5880982279777527,-2.210482358932495,-0.08120933175086975,0.5352584964447389,282.8637712435932,0.0
41.761,77.11904285849897,-1.8703570977512582,-0.9126193178903463,61,0.03410569205880165,-0.013793000020086765,1.0052629709243774,0.36324766278266907,0.6061506271362305,0.16223299503326416,0.5343685933404104,282.8637712435932,0.0
41.812,77.11694085683834,-1.8434456446658887,-1.0147378979891026,61,0.028794826939702034,-0.014379652217030525,0.9865089058876038,0.8137817978858948,0.8824692368507385,-0.7100796699523926,0.5336354168188878,282.8637712435932,0.0
41.862,77.13334320986093,-1.832812340468835,-0.759369242661881,61,0.03438296169042587,-0.023052062839269638,0.9926876425743103,-1.4667876958847046,-0.8897793292999268,0.7790377140045166,0.5325895812865477,282.8637712435932,0.0
41.912,77.12018462101808,-1.9442908926436382,-0.96545816421756,61,0.03834078088402748,-0.004215361084789038,1.0023596286773682,1.145322561264038,0.066663958132267,0.3772468566894531,0.531783308804986,282.8637712435932,0.0
41.963,77.14169995084858,-1.937615239379041,-1.31554106846433,61,0.03139295056462288,-0.04276427626609802,0.998903214931488,-0.0759509801864624,-0.3348223567008972,-0.31544309854507446,0.5306912552213181,282.8637712435932,0.0
42.014,77.12882663829664,-1.7932834330266234,-1.0830022014655827,61,0.028416108340024948,-0.020952584221959114,1.0119946002960205,-0.07002431899309158,1.3603640794754028,1.7870506048202515,0.5299260539718187,282.8637712435932,0.0
42.064,77.09272558310475,-1.8362270526733184,-0.7971825470683753,61,0.028571583330631256,0.012295655906200409,1.0049729347229004,-0.0036131807137280703,0.6056297421455383,0.008962797001004219,0.5292235120800989,284.28249966110883,0.0
42.114,77.11717092562432,-1.8213581820092677,-0.7231526549029959,61,0.03349260613322258,-0.01797845959663391,0.985901951789856,-0.9869728684425354,-2.196071147918701,-0.24726466834545135,0.5289247590395361,284.28249966110883,0.0
42.165,77.12481909550034,-1.9719521439853314,-0.9330432362073855,61,0.038732390850782394,-0.02233598195016384,0.9856308698654175,0.5640777349472046,0.080617755651474,0.6180315613746643,0.5285785808768734,284.28249966110883,0.0
42.215,77.1278074183793,-2.0175770635034445,-1.0090045369908818,61,0.0362190417945385,-0.02280621975660324,1.0059916973114014,1.0617599487304688,0.47026634216308594,1.8600910902023315,0.5286669371056073,284.28249966110883,0.0
42.265,77.10398047461365,-1.995458806431947,-1.3386868063748647,61,0.03150216490030289,-0.02513461373746395,1.0068765878677368,-0.5823538303375244,-0.13250766694545746,-1.580761432647705,0.52846275389563,284.28249966110883,0.0
42.315,77.11261280328185,-2.0412364573789885,-0.8503876951668238,61,0.038269948214292526,-0.0225093811750412,0.9758584499359131,-0.47170373797416687,0.12221234291791916,0.6105907559394836,0.528519942182488,284.28249966110883,0.0
42.366,77.10302858398323,-2.035229514527202,-0.8872402108743687,61,0.033960092812776566,-0.016165222972631454,1.0064672231674194,-0.37622296810150146,-0.8912593126296997,0.8591960668563843,0.5286008130942904,284.28249966110883,0.0
42.416,77.09544622891903,-2.0439191238398946,-1.3514805277553799,61,0.03386452794075012,-0.024223964661359787,0.9881331324577332,0.4580739438533783,-0.15648868680000305,-1.5726593732833862,0.528210150680422,284.28249966110883,0.0
42.467,77.08044135341578,-2.074875924184727,-1.1258327722560366,61,0.03770660236477852,-0.01708105206489563,0.9965162873268127,-1.220890760421753,-2.3775084018707275,-0.6930367350578308,0.5279972630339359,284.28249966110883,0.0
42.517,77.05818422155322,-1.9966624654750718,-0.867858492067444,61,0.03248245641589165,-0.007917702198028564,1.0165740251541138,1.010715365409851,0.9324795007705688,0.1504272073507309,0.5277149931248427,284.28249966110883,0.0
42.568,77.0720370105795,-2.0359887574777256,-1.09562652329822,61,0.03683104366064072,-0.023968232795596123,0.9735687971115112,-1.9622502326965332,-2.3265604972839355,-0.3686591386795044,0.5273351668634206,284.28249966110883,0.0
42.618,77.06618008357314,-2.1199639121109772,-1.2651541884332123,61,0.038450803607702255,-0.02453082986176014,0.9979739189147949,1.4053266048431396,0.7148727774620056,-0.40417972207069397,0.5270869741544192,285.1909974841912,0.0
42.669,77.06537117166401,-2.1374872802560643,-1.3599056938276302,61,0.03550676628947258,-0.026869218796491623,0.9991543889045715,0.6064310669898987,0.15259824693202972,-0.09798550605773926,0.5270517268732414,285.1909974841912,0.0
42.72,77.04938585364587,-2.0438839755401035,-1.288858230773574,61,0.032415278255939484,-0.022098325192928314,1.0057872533798218,-1.4049965143203735,-0.24204398691654205,0.22183524072170258,0.5264284666605971,285.1909974841912,0.0
42.77,77.03193102932438,-2.111614731204398,-1.387861198118056,61,0.036337580531835556,-0.01867193728685379,0.9872189164161682,0.3116176724433899,0.6968196630477905,-0.9974511861801147,0.5263430268477339,285.1909974841912,0.0
42.82,77.02607852419608,-2.105180181734481,-1.2269073541718662,61,0.03797675669193268,-0.019751273095607758,0.9923194050788879,-1.0182340145111084,-0.5740833282470703,0.05844878777861595,0.5259856184871429,285.1909974841912,0.0
42.871,77.02193498692236,-2.1213608412858695,-0.9198161750679152,61,0.03326115012168884,-0.004150588531047106,1.0067778825759888,1.6797889471054077,1.1836134195327759,1.1900373697280884,0.5259357022936412,285.1909974841912,0.0
42.921,77.0430163113285,-1.9414741364063273,-0.9153607049753824,61,0.02814907766878605,-0.013677716255187988,1.0115551948547363,-1.7439274787902832,-1.3501255512237549,0.05084792897105217,0.5260080435343444,285.1909974841912,0.0
42.971,77.11862564626722,-2.009430015418697,-0.9625634021365232,61,0.03743007034063339,-0.028943875804543495,0.9779525995254517,-1.7023545503616333,-1.452979326248169,1.7003734111785889,0.5258206459783713,285.1909974841912,0.0
43.022,77.14161043581528,-2.1565907622307905,-1.5788852670318316,61,0.042835209518671036,-0.03488123044371605,0.9852290749549866,1.78586745262146,0.23611895740032196,-0.09752245992422104,0.5258759988952274,285.1909974841912,0.0
43.073,77.1433453037336,-2.138472475515463,-2.0015666244943326,61,0.03595048561692238,-0.04197167232632637,0.999750554561615,-0.5655954480171204,-0.7617619633674622,-1.486860990524292,0.5256770876294354,285.1909974841912,0.0
43.123,77.11664623176799,-2.075348685239894,-1.4466717512846385,61,0.03604386746883392,-0.016963601112365723,1.0083239078521729,-0.9505620002746582,0.7534033060073853,1.6812831163406372,0.5244450688219101,285.1909974841912,0.0
43.174,77.09978280445426,-2.0467203146923385,-1.429856799181467,61,0.031809303909540176,-0.010877915658056736,1.0053024291992188,0.570428192615509,1.7597936391830444,-0.2760593295097351,0.5233988236270134,290.3235273759258,0.0
43.224,77.10626223528837,-2.1134929164027265,-1.4710590660625005,61,0.03927605226635933,-0.029232000932097435,0.9960435628890991,-0.6161385178565979,1.0933409929275513,-1.5553874969482422,0.5215038101663312,290.3235273759258,0.0
43.274,77.10040402443951,-2.1265285293166665,-1.1108925190646068,61,0.03962232545018196,-0.014376923441886902,0.9990832209587097,0.8572719693183899,2.829075336456299,0.8054715394973755,0.5205897459096488,290.3235273759258,0.0
43.324,77.09323631319825,-2.0789173282976727,-1.0997392188815855,61,0.033556945621967316,-0.017477281391620636,1.0000479221343994,0.126731738448143,1.5098577737808228,0.13265486061573029,0.5194260572003314,290.3235273759258,0.0
43.375,77.09336644156578,-2.0458907489279152,-1.3222295340807753,61,0.034994807094335556,-0.025722667574882507,0.9997949004173279,-0.5850997567176819,-0.6494926810264587,-0.03141441196203232,0.5181793553388,290.3235273759258,0.0
43.425,77.08046426760289,-1.9267408918332143,-1.404463476442476,61,0.029896343126893044,-0.022666770964860916,0.9980998039245605,-0.18917210400104523,-1.3376286029815674,-0.8503736853599548,0.5173168455987581,290.3235273759258,0.0
43.476,77.09283882096557,-1.4635912797259365,-1.3366833309530797,61,0.0021645999513566494,-0.02016441524028778,0.9376959204673767,-0.9702125191688538,-3.715656042098999,1.704384446144104,0.5171088248876544,290.3235273759258,0.0
43.526,77.20215724832282,-0.011489101741440525,-1.3011502732111446,61,-0.03893328458070755,-0.027928434312343597,0.8691861033439636,5.600774765014648,-12.56987190246582,7.0339579582214355,0.5171079360717702,290.3235273759258,0.0
43.577,77.49558080942816,2.3624005841414597,-3.1605576936326627,61,-0.14470809698104858,-0.09034151583909988,0.7294954657554626,9.525907516479492,-39.70855712890625,7.357666015625,0.5165961683864725,290.3235273759258,0.0
43.627,77.6633790423319,10.014948415389332,-6.013960119852763,61,-0.4239788353443146,-0.07253963500261307,0.6641687154769897,19.910322189331055,-33.58336639404297,8.475017547607422,0.5154186638201627,290.3235273759258,0.0
43.677,78.46869028941349,17.203128668306448,-3.43046402346613,61,-0.35474374890327454,0.07068915665149689,0.6105765104293823,40.89165115356445,17.932891845703125,36.60211181640625,0.5121324395852896,290.3235273759258,0.0
43.727,79.85645597169226,19.80124574594475,1.0225881910992594,61,-0.30015432834625244,0.02331186644732952,0.436626672744751,43.15404510498047,13.765212059020996,43.41140365600586,0.5091228405295283,290.66555786555784,0.0
43.778,80.45400848557058,18.56485435646419,4.347040889129792,61,-0.1575855016708374,0.24467308819293976,-0.027141239494085312,77.693359375,-51.58198928833008,-6.166440963745117,0.5049461250961138,290.66555786555784,0.0
43.829,80.59595943654455,17.935510727887735,11.123920269878573,61,-0.23205775022506714,0.31184324622154236,0.30822959542274475,96.09379577636719,-108.93975067138672,17.72341537475586,0.4951086425849518,290.66555786555784,0.0
43.879,81.82225438824621,16.616504991492068,2.182779295993096,61,-0.24416756629943848,-0.24798522889614105,1.1012128591537476,-15.524569511413574,-32.337615966796875,55.025630950927734,0.4780152663613301,290.66555786555784,0.0
43.93,82.90855977875894,10.811327290062161,-8.678930449828085,61,0.12313725054264069,-0.47795504331588745,2.1452577114105225,176.78353881835938,93.3476333618164,57.60354995727539,0.46105526216590853,290.66555786555784,0.0
43.98,84.39002084645385,4.103679108402409,-24.720252262422175,61,0.12460935860872269,-0.9699646234512329,2.28613543510437,19.854284286499023,70.49729919433594,-9.207850456237793,0.42986409083804644,290.66555786555784,0.0
44.031,82.93030823307758,0.747463669701027,-31.451253537328245,61,-0.02403903193771839,-0.53216952085495,1.7076472043991089,-68.47476196289062,63.731082916259766,-91.09062194824219,0.40688098939382505,290.66555786555784,0.0
44.081,78.27927287377003,13.863374261265886,-14.67427802960291,61,-0.6797019243240356,0.24427330493927002,-0.030554967001080513,57.12855529785156,83.05982208251953,-131.21664428710938,0.37165655799498526,290.66555786555784,0.0
44.134,72.96679712691417,26.218628776932462,-7.97581345982329,61,-0.36353933811187744,-0.06174052506685257,0.7634642124176025,287.0040283203125,56.84255599975586,-185.07566833496094,0.3475577899326805,290.66555786555784,0.0
44.184,75.74610476544566,44.854136019462615,-0.9857418757364939,61,0.03655952960252762,0.012348014861345291,0.02217419631779194,-548.6011962890625,-37.96744918823242,94.79165649414062,0.30937129957564796,290.66555786555784,0.0
44.234,76.66475830150291,-9.071572268824953,-2.7365305879154294,61,-0.4318070113658905,0.0975826159119606,0.720390260219574,-30.614004135131836,-210.3110809326172,-25.804719924926758,0.27319723948020946,290.66555786555784,0.0
44.285,76.26303015695484,-1.0416508735784795,-0.20948371201167854,61,-0.024539390578866005,0.003089702920988202,0.9421485662460327,2.0253500938415527,-2.057190179824829,2.141335964202881,0.25104130681610026,280.25551249498864,0.0
44.335,76.25640326641309,-0.8204423736752874,0.059464256921208644,61,0.009866058826446533,0.006333807483315468,0.9934362173080444,-0.040278125554323196,-0.05964605510234833,-0.18388734757900238,0.2297649192594574,280.25551249498864,0.0
44.386,76.25342559834695,-0.6912649130064855,0.2653252938512599,61,0.009635726921260357,0.00898890569806099,0.9968968033790588,-0.16182167828083038,-0.12400337308645248,-0.17266812920570374,0.2004014234307019,280.25551249498864,0.0
44.436,76.25280818511565,-0.6391203739860781,0.367720705849033,61,0.009578951634466648,0.007163807284086943,0.9965934753417969,-0.10210779309272766,0.03193240240216255,-0.041219573467969894,0.17375382158386085,280.25551249498864,0.0
44.486,76.2510438601266,-0.6032052786235018,0.4243525748522873,61,0.011277548968791962,0.0076978798024356365,0.9967530369758606,0.06999340653419495,-0.09867091476917267,-0.00789501890540123,0.1579481109315897,280.25551249498864,0.0
44.537,76.25217020515646,-0.5641310281408529,0.4652152573977834,61,0.009808576665818691,0.009387539699673653,0.9976009726524353,0.04742419347167015,-0.15675467252731323,0.08911129832267761,0.13687236900585317,280.25551249498864,0.0
44.592,76.25097557140728,-0.5751982521325246,0.4808245772693398,61,0.008955593220889568,0.007330083288252354,0.9975458383560181,-0.12988153100013733,0.04161549359560013,-0.1752500683069229,0.12474478997216099,280.25551249498864,0.0
44.644,76.25038357414047,-0.5545748010976503,0.5039410845564732,61,0.008054444566369057,0.008736095391213894,0.9957630634307861,0.09219388663768768,0.10628762096166611,0.17217931151390076,0.10885277948897477,280.25551249498864,0.0
44.695,76.25263922067366,-0.5570878366105361,0.5089836472166067,61,0.010029986500740051,0.007762940134853125,0.9963846206665039,-0.016532696783542633,-0.24419844150543213,0.2456376850605011,0.09488716315661982,280.25551249498864,0.0
44.745,76.25179604440946,-0.5279427151680913,0.47800653458088815,61,0.008725847117602825,0.005127130541950464,0.9991282820701599,-0.18048053979873657,-0.09638021141290665,-0.10807619243860245,0.08662974510877934,280.25551249498864,0.0
44.795,76.25221203223565,-0.5077200228613025,0.4797833667485737,61,0.0042120241560041904,0.004167364910244942,0.9963876605033875,-0.01976628415286541,0.14262491464614868,0.018482476472854614,0.07518631584362809,280.25551249498864,0.0
44.846,76.25767068450824,-0.47142623605726236,0.500130476082934,61,0.008086033165454865,0.007821799255907536,0.9974138736724854,0.11801540106534958,0.045900434255599976,0.1076454147696495,0.06818327995908095,205.12050078247262,0.0
44.896,76.26569712191979,-0.47475364785710805,0.4715311294841359,61,0.008389881812036037,0.008407478220760822,0.9973104596138,-0.10955145210027695,-0.20284968614578247,0.3613938093185425,0.05883306119909538,205.12050078247262,0.0
44.947,76.26682125495122,-0.5008606418749604,0.5261070639902503,61,0.007283012382686138,0.011112762615084648,0.999017596244812,-0.10537149012088776,0.14319033920764923,-0.03758177161216736,0.05311521519309889,205.12050078247262,0.0
44.997,76.26964023922608,-0.5294295298248946,0.5208101257149402,61,0.010382233187556267,0.009298160672187805,0.9960877299308777,-0.2159028947353363,-0.04423076659440994,-0.033726319670677185,0.04518079667829331,205.12050078247262,0.0
45.047,76.27160121873771,-0.5343052803656242,0.48260080552391493,61,0.009106184355914593,0.009249577298760414,0.9975587725639343,-0.08003480732440948,0.08000148087739944,-0.013134052976965904,0.04043048544804691,205.12050078247262,0.0
45.098,76.27261534299235,-0.5153019993578726,0.48831081614107497,61,0.009412413462996483,0.0075029064901173115,0.9973312020301819,-0.030177855864167213,0.02141633816063404,0.05884893611073494,0.03427639723207965,205.12050078247262,0.0
45.148,76.27319139267685,-0.5162713224887455,0.5229520992082347,61,0.009925417602062225,0.009189100004732609,0.997555673122406,0.019765574485063553,0.020169127732515335,0.084827721118927,0.03098775915139036,205.12050078247262,0.0
45.199,76.27075328606668,-0.5172190381495877,0.5097087459993913,61,0.0077445912174880505,0.008008853532373905,0.9978320002555847,-0.10872946679592133,-0.22330859303474426,0.039499152451753616,0.026933129211152807,205.12050078247262,0.0
45.249,76.26810161229058,-0.5222156779495067,0.4776834624994495,61,0.00825550314038992,0.007953937165439129,0.9974623918533325,-0.2453310638666153,-0.07312662154436111,0.06469212472438812,0.02473633329698417,205.12050078247262,0.0
45.299,76.26686430814125,-0.500398999318524,0.4869702145384629,61,0.008792380802333355,0.009406710043549538,0.9970463514328003,-0.08864467591047287,-0.012222325429320335,-0.16170170903205872,0.02203186362598198,205.12050078247262,0.0
45.349,76.26622490264695,-0.5648147303583726,0.5066340452448254,61,0.008069755509495735,0.008048972114920616,0.9964132905006409,-0.20603829622268677,-0.012721337378025055,0.01276492327451706,0.021084220039811336,205.12050078247262,0.0
45.4,76.26595744775601,-0.5540818762448132,0.5014712613977466,61,0.01000105869024992,0.009074101224541664,0.9965741038322449,-0.07802175730466843,-0.005712573416531086,0.04798814654350281,0.019946790875044786,182.46417540348892,0.0
45.45,76.26429210532895,-0.5438171932969145,0.5121633254515695,61,0.01027755718678236,0.009919139556586742,0.9979369640350342,-0.015711907297372818,-0.2113455832004547,-0.07665065675973892,0.019100740573446434,182.46417540348892,0.0
45.501,76.26406382026194,-0.5631446550967996,0.5153526346436988,61,0.010011693462729454,0.007282902952283621,0.9975691437721252,-0.044216085225343704,-0.20539557933807373,-0.11267083138227463,0.01760604227270668,182.46417540348892,0.0
45.551,76.26477531311164,-0.5369709167617414,0.4948786835067009,61,0.00734747713431716,0.007441156543791294,0.9996306896209717,-0.03489654138684273,-0.14481773972511292,-0.12678194046020508,0.01705527274179737,182.46417540348892,0.0
45.601,76.2652493808889,-0.5618257918193259,0.5171634001834159,61,0.0118898069486022,0.009835232980549335,0.9994702339172363,-0.20428189635276794,0.09695210307836533,0.1386600285768509,0.017007375494171355,182.46417540348892,0.0
45.652,76.26479399026745,-0.5375418122896765,0.5192678716949789,61,0.00856077391654253,0.007903322577476501,0.9952785968780518,-0.26065051555633545,-0.010026664473116398,-0.07038825005292892,0.017072522699973888,182.46417540348892,0.0
45.703,76.26408086965974,-0.5151172107544393,0.49316139114415153,61,0.007629124913364649,0.009017238393425941,0.996222734451294,-0.26521536707878113,-0.03247290104627609,-0.22365455329418182,0.016842129109104445,182.46417540348892,0.0
45.754,76.26158156524926,-0.4883683492692747,0.49556802751912216,61,0.008751632645726204,0.007707748096436262,0.9994256496429443,-0.13013042509555817,-0.3057902157306671,0.13211923837661743,0.016878504310863938,182.46417540348892,0.0
45.804,76.25932780439597,-0.5053498495706744,0.5003687237649277,61,0.00864730216562748,0.00864159595221281,0.9992334842681885,-0.16842283308506012,-0.1276092678308487,0.04818486049771309,0.017023291950713688,182.46417540348892,0.0
45.855,76.25895928750975,-0.5316865188288197,0.45862784253139915,61,0.009183816611766815,0.0051480308175086975,0.9996708631515503,0.11977064609527588,-0.14968794584274292,-0.05261816829442978,0.017540329874343293,182.46417540348892,0.0
45.905,76.25797958399053,-0.5433462765503931,0.45741224937413927,61,0.009318063035607338,0.008088267408311367,0.9969986081123352,-0.08982130140066147,0.06997959315776825,0.17802338302135468,0.017908104828334045,182.46417540348892,0.0
45.956,76.25698789967107,-0.5187908723470411,0.4760680873822475,61,0.008562947623431683,0.0081136180087924,0.9950231909751892,-0.14953388273715973,-0.12477585673332214,-0.13026247918605804,0.01841231654232565,293.4721522530087,0.0
46.007,76.25909877475854,-0.5186870925712896,0.48104358107445083,61,0.007919801399111748,0.00973325502127409,0.996001124382019,-0.15306426584720612,0.016252940520644188,0.08624842017889023,0.018672519541548804,293.4721522530087,0.0
46.057,76.25942841525557,-0.5672961589031068,0.5233748182262283,61,0.01116168312728405,0.009186385199427605,0.9961217641830444,-0.13228537142276764,-0.08569756150245667,0.12018711864948273,0.019151552162184764,293.4721522530087,0.0
46.107,76.25999953363278,-0.5632634324186306,0.4999750918616114,61,0.009670327417552471,0.008259658701717854,0.9973474740982056,-0.11617002636194229,0.12088312953710556,-0.029567064717411995,0.019664913471309872,293.4721522530087,0.0
46.157,76.26111363707967,-0.5679196884372459,0.509085703906555,61,0.009801648557186127,0.009139534085988998,0.9983318448066711,-0.12519146502017975,-0.10835820436477661,-0.1692221462726593,0.020743066319885664,293.4721522530087,0.0
46.208,76.26084170387784,-0.5514844665356421,0.48949684526261505,61,0.00903797335922718,0.010295120067894459,0.998259961605072,-0.3747366666793823,-0.10647085309028625,-0.16908079385757446,0.020806720084835452,293.4721522530087,0.0
46.259,76.25930721099441,-0.5654503443553511,0.4719468912053363,61,0.009662470780313015,0.00796253141015768,0.9980534315109253,0.006934244651347399,-0.05511904135346413,-0.016139961779117584,0.02063399943943383,293.4721522530087,0.0
46.309,76.2586479964459,-0.5562598978073444,0.48292012193137296,61,0.008260685950517654,0.008520814590156078,0.9966444969177246,-0.3998861610889435,0.02972506731748581,-0.05149541050195694,0.020750753014047756,293.4721522530087,0.0
46.36,76.2575514564876,-0.5581189645063366,0.5053209792632372,61,0.009347486309707165,0.010596218518912792,0.9996322989463806,-0.11913657933473587,-0.172320157289505,-0.07191061973571777,0.0206774329570865,293.4721522530087,0.0
46.41,76.25665957930828,-0.5516929644792613,0.5272782116020042,61,0.009710177779197693,0.007152669597417116,0.9962886571884155,-0.1760261207818985,0.016519634053111076,0.26357728242874146,0.021139831965648948,293.4721522530087,0.0
46.461,76.25643269407495,-0.5448420023292911,0.5327668317621201,61,0.01126306876540184,0.010938710533082485,0.9979735016822815,-0.04260016605257988,0.03386206924915314,0.07003320753574371,0.022004825048308405,293.4721522530087,0.0
46.511,76.25837481076117,-0.5227036207196539,0.48755095399513804,61,0.007779762614518404,0.008174048736691475,0.9984788298606873,0.03260747343301773,-0.06832420825958252,0.14134109020233154,0.022859212269416316,286.71160024608656,0.0
46.561,76.25673224715226,-0.5522611909082522,0.49309242566585504,61,0.010619291104376316,0.007890262641012669,0.9975876212120056,-0.08212080597877502,0.03889238461852074,-0.09892088174819946,0.024162175212160436,286.71160024608656,0.0
46.611,76.25428373830094,-0.5361948440322123,0.5149542506866793,61,0.008927403017878532,0.008986457251012325,0.9986827373504639,-0.15439769625663757,0.07256606966257095,-0.3017539381980896,0.026134675509246648,286.71160024608656,0.0
46.662,76.25315521559511,-0.5436638120729954,0.4959943990973496,61,0.011112093925476074,0.00782941933721304,0.996901273727417,-0.16384027898311615,-0.11788084357976913,-0.03681018203496933,0.027091227863400832,286.71160024608656,0.0
46.713,76.25485374184508,-0.531918394662406,0.4918810790374801,61,0.009577838703989983,0.00864042155444622,0.9976288676261902,-0.07166951894760132,-0.011550419963896275,0.16859890520572662,0.028001907818726357,286.71160024608656,0.0
46.764,76.25514464858696,-0.5352228336785213,0.4925982129338271,61,0.008333684876561165,0.006281043402850628,0.9961851835250854,0.007021661382168531,-0.053565364331007004,-0.05495039001107216,0.029113328926802403,286.71160024608656,0.0
46.814,76.25393463361854,-0.5170124492973419,0.46073397854567494,61,0.008218055590987206,0.008344353176653385,0.9988613128662109,-0.2329007387161255,0.054377481341362,0.08476009964942932,0.029699072322819105,286.71160024608656,0.0
46.865,76.25117215331188,-0.5211511241417407,0.48353619324056957,61,0.010125091299414635,0.00764114735648036,1.0007500648498535,-0.07121118903160095,-0.027362238615751266,-0.024086149409413338,0.029651459890603103,286.71160024608656,0.0
46.915,76.25359053316592,-0.516989419503127,0.48128063523613984,61,0.009151567704975605,0.006772549357265234,1.0000948905944824,0.14435502886772156,-0.07052750140428543,0.023841505870223045,0.029187347847616858,286.71160024608656,0.0
46.965,76.25671768359065,-0.5152281043286895,0.520096931140831,61,0.009087812155485153,0.009509984403848648,0.9959213733673096,-0.2733778655529022,0.012994318269193172,0.09350474923849106,0.02884397754896061,286.71160024608656,0.0
47.015,76.25408506145314,-0.5088759039683044,0.4896648178259566,61,0.0071801976300776005,0.0069777569733560085,0.9956263303756714,-0.05511618033051491,0.0859467163681984,0.04510190710425377,0.027896531304576883,286.71160024608656,0.0
47.066,76.2561427760164,-0.513338223868917,0.47639098045501155,61,0.008550104685127735,0.009323365986347198,1.0002459287643433,-0.07592401653528214,-0.29150715470314026,0.1805044561624527,0.027004778297008022,284.49460761039137,0.0
47.116,76.25709700008446,-0.5408684385477166,0.4590452457728294,61,0.012306943535804749,0.00738143315538764,0.9981562495231628,-0.31524553894996643,0.1027844101190567,-0.03662347048521042,0.02548334156814975,284.49460761039137,0.0
47.166,76.25854009469765,-0.5123748377096002,0.44013568829522015,61,0.008817089721560478,0.006834948901087046,0.9968327879905701,-0.1880221664905548,-0.07395016402006149,-0.10034753382205963,0.023677411628004057,284.49460761039137,0.0
47.217,76.25633032144869,-0.514902843836493,0.4391733116274593,61,0.008404383435845375,0.006953684613108635,0.9981120824813843,-0.009194731712341309,0.05154484137892723,0.04869125410914421,0.02093152108941008,284.49460761039137,0.0
47.267,76.25417465223398,-0.5069952078177387,0.43314246269190765,61,0.00924217700958252,0.007317631505429745,0.9973932504653931,-0.17845214903354645,0.07987873256206512,0.04693136364221573,0.019400474817886933,284.49460761039137,0.0
47.317,76.25270796071315,-0.51387860232184,0.48995449439934685,61,0.009012318216264248,0.010435529984533787,0.9981023669242859,-0.10238204896450043,-0.014162599109113216,0.006961561739444733,0.017237544483553767,284.49460761039137,0.0
47.37,76.25437409157243,-0.5146781233038481,0.5137477902349512,61,0.00850628037005663,0.008819183334708214,0.9994333982467651,-0.2185547947883606,-0.26737940311431885,0.050592850893735886,0.015984753575084065,284.49460761039137,0.0
47.42,76.25526661936719,-0.5445551005116648,0.5300595067167974,61,0.009803997352719307,0.00892602652311325,0.9971630573272705,-0.20004698634147644,0.05851954594254494,0.05127387121319771,0.014723006203841182,284.49460761039137,0.0
47.471,76.25440353623411,-0.5185565562579514,0.5211759176902636,61,0.008758691139519215,0.006731864530593157,0.9965296387672424,0.050940148532390594,-0.2385322004556656,0.07395773380994797,0.014057668589103229,284.49460761039137,0.0
47.521,76.2527589755477,-0.5144814956481536,0.49371856495734906,61,0.009253482334315777,0.0078423535451293,0.9977438449859619,-0.07395320385694504,-0.03788471966981888,0.040130384266376495,0.014026093395787734,284.49460761039137,0.0
47.574,76.25079004767346,-0.4804627214804166,0.48491768591569145,61,0.008140934631228447,0.006982601247727871,0.9987886548042297,-0.06777720898389816,-0.05083552747964859,-0.1074744313955307,0.014534765475844312,284.49460761039137,0.0
47.624,76.24984724771862,-0.5057878316560354,0.514892618494111,61,0.008908499032258987,0.010715875774621964,0.9965993165969849,0.03809526190161705,0.1958610564470291,0.10746082663536072,0.015055230320994466,287.2417477057937,0.0
47.674,76.25015477316217,-0.5414957770659232,0.5020767626856282,61,0.009571009315550327,0.007773366291075945,0.9971764087677002,0.06641368567943573,-0.1570487767457962,-0.12542693316936493,0.015011069181365602,287.2417477057937,0.0
47.725,76.25160530380644,-0.5487432224217567,0.4555220845451998,61,0.009390925988554955,0.006929583381861448,0.9957291483879089,-0.18893007934093475,-0.12287832796573639,-0.11065974831581116,0.015287811938840575,287.2417477057937,0.0
47.776,76.25086288183701,-0.5524676505603936,0.4330218289214999,61,0.008893179707229137,0.006231705192476511,0.9999596476554871,0.013821693137288094,-0.1758933812379837,-0.16147872805595398,0.01555476370171917,287.2417477057937,0.0
47.826,76.24856201052421,-0.5159709947829036,0.4881797371907737,61,0.009094408713281155,0.010878716595470905,0.998150110244751,-0.03868163004517555,0.025467587634921074,-0.16369286179542542,0.015349749276841728,287.2417477057937,0.0
47.877,76.24650076448478,-0.5196524437382573,0.5393621823255298,61,0.009156218729913235,0.011169236153364182,0.9991505146026611,-0.04589378833770752,0.07564752548933029,0.04983287677168846,0.015337912222917905,287.2417477057937,0.0
47.927,76.24712923628765,-0.5268161923370003,0.5457659602214257,61,0.009557478129863739,0.009667930193245411,0.9992944002151489,-0.19958336651325226,-0.06248097866773605,0.11687514930963516,0.015332413783784075,287.2417477057937,0.0
47.977,76.25108159399389,-0.5245123930020094,0.5193966597460237,61,0.00960581749677658,0.009123730473220348,0.9981910586357117,-0.00809635128825903,0.1622961163520813,0.08779972791671753,0.014357046966365559,287.2417477057937,0.0
48.03,76.24949628206309,-0.4850793365715188,0.5188515984691089,61,0.006752834189683199,0.009751340374350548,0.9997199773788452,-0.14054380357265472,-0.16036681830883026,-0.01866617240011692,0.014217925337600886,287.2417477057937,0.0
48.08,76.25041889819427,-0.5126707259435922,0.4975856667395468,61,0.010594602674245834,0.008222568780183792,0.9983442425727844,-0.043744172900915146,-0.18436698615550995,-0.21330715715885162,0.013884256472123595,287.2417477057937,0.0
48.131,76.2555392958673,-0.5535570393937147,0.5035326780538633,61,0.009072612039744854,0.009433852508664131,0.9977518916130066,-0.09714430570602417,0.1065807044506073,0.11120801419019699,0.014167741900041554,287.2417477057937,0.0
48.181,76.2525898979165,-0.5399512965176092,0.5212185185501932,61,0.009012981317937374,0.009940587915480137,0.9989985227584839,-0.32623323798179626,-0.08211717009544373,-0.062157582491636276,0.014006827846002448,278.52473603824956,0.0
48.231,76.25289255774135,-0.5432814019195437,0.4703547912815848,61,0.0102342888712883,0.009149030782282352,1.0001825094223022,-0.00780879333615303,0.05929214134812355,0.018326910212635994,0.013573890919352755,278.52473603824956,0.0
48.281,76.25139331314824,-0.5735128921997239,0.4995821461216651,61,0.010504123754799366,0.010235900059342384,0.9977123141288757,-0.33316105604171753,-0.2069985568523407,-0.09599670767784119,0.013559126697529724,278.52473603824956,0.0
48.332,76.24928275041069,-0.5840488546520669,0.48508857217687346,61,0.01079543400555849,0.010155337862670422,0.9970870614051819,-0.30475184321403503,0.03391219675540924,-0.02876315638422966,0.013903518048948987,278.52473603824956,0.0
48.383,76.24962682668783,-0.5759792733269038,0.5150101959408531,61,0.009924965910613537,0.010069547221064568,0.9984442591667175,-0.07141200453042984,-0.02254858799278736,-0.11224741488695145,0.014410916335066637,278.52473603824956,0.0
48.433,76.25205102193513,-0.5568185003060828,0.5296221454063572,61,0.0086981151252985,0.011507565155625343,0.9992144107818604,-0.0791647732257843,-0.13852381706237793,0.011386467143893242,0.014924450427186712,278.52473603824956,0.0
48.484,76.25382436766338,-0.5602496890050548,0.5615199864173323,61,0.009065531194210052,0.010216213762760162,0.9989220499992371,-0.03885551914572716,-0.13679876923561096,0.2014637291431427,0.015285384340481592,278.52473603824956,0.0
48.534,76.25273234728962,-0.5460414664721253,0.5662667555757646,61,0.009952978231012821,0.010341297835111618,0.9982836842536926,-0.3959296643733978,-0.07832741737365723,-0.042157694697380066,0.01584534295011417,278.52473603824956,0.0
48.586,76.25390328780215,-0.5462997091567464,0.5102596973275912,61,0.008600526489317417,0.007876096293330193,0.997524082660675,-0.17563721537590027,0.001775747281499207,-0.0862189382314682,0.01630651561322678,278.52473603824956,0.0
48.637,76.25709940386217,-0.5281966700459112,0.5159017754388517,61,0.008356974460184574,0.00840788148343563,0.9973852038383484,0.013015920296311378,-0.07672511041164398,0.2495453804731369,0.016321180064862165,278.52473603824956,0.0
48.687,76.2561854413398,-0.5722967807881757,0.48598770445838085,61,0.010809659957885742,0.00814284011721611,0.9980435371398926,-0.12785704433918,0.13456957042217255,-0.0772605612874031,0.01662560753489038,278.52473603824956,0.0
48.737,76.25569194202778,-0.5514451571706156,0.48465634426994547,61,0.009066850878298283,0.009421734139323235,0.9984228610992432,-0.17764970660209656,-0.0686541199684143,-0.06107650324702263,0.01726761243533509,179.58143517725637,0.0
48.788,76.2546281806008,-0.5044163306838291,0.50116847671999,61,0.00581436837092042,0.007355751469731331,0.9984382390975952,-0.011206117458641529,0.1511874943971634,0.24747399985790253,0.017579046620594476,179.58143517725637,0.0
48.838,76.25299028223367,-0.5224570685741523,0.47554021454524414,61,0.009201884269714355,0.008602543734014034,0.9972829818725586,0.053149718791246414,-0.07025294750928879,-0.042501050978899,0.0181781555899537,179.58143517725637,0.0
48.889,76.25421407071656,-0.5159552276356901,0.45815749097690933,61,0.009083456359803677,0.009633912704885006,0.9977005124092102,-0.1424250304698944,-0.14860473573207855,0.08830175548791885,0.018895501513460273,179.58143517725637,0.0
48.939,76.25186888470519,-0.5460828688171779,0.5057025269232704,61,0.009323147125542164,0.01000493299216032,0.9978185296058655,-0.2379278987646103,0.07594794034957886,0.08348821103572845,0.020124066586184805,179.58143517725637,0.0
48.99,76.25152884752113,-0.5324450727434819,0.5498116080271461,61,0.009155204519629478,0.010391819290816784,0.9980353116989136,0.1830507069826126,-0.18329961597919464,-0.09737780690193176,0.021378547279564473,179.58143517725637,0.0
49.04,76.25046764974367,-0.551152222414689,0.5315890553822497,61,0.009237019345164299,0.008492530323565006,0.997859537601471,-0.06690091639757156,-0.12352284789085388,0.24376340210437775,0.02168935385245024,179.58143517725637,0.0
49.092,76.25034555102934,-0.5438343512845978,0.5278564797814848,61,0.010574953630566597,0.011778480373322964,0.9984532594680786,-0.25034892559051514,0.0030460974667221308,-0.02751474268734455,0.02194770378617878,179.58143517725637,0.0
49.142,76.25189582239096,-0.5737112440525698,0.49709681048604315,61,0.011301739141345024,0.009594779461622238,0.9987064599990845,-0.1389562487602234,0.03084295615553856,0.04727882891893387,0.02219764620448845,179.58143517725637,0.0
49.193,76.25434181131392,-0.5433126094937326,0.5089560339682406,61,0.00936968345195055,0.009069915860891342,0.9982272982597351,-0.182516947388649,0.028432082384824753,0.060002122074365616,0.02257509765321523,179.58143517725637,0.0
49.243,76.25293410578585,-0.549752524132427,0.5286634564014194,61,0.008214420638978481,0.00915525108575821,0.9989246726036072,-0.06864891201257706,0.050513602793216705,-0.037377309054136276,0.022941977494717887,179.58143517725637,0.0
49.294,76.24977534831461,-0.5621302768720361,0.5404091060453623,61,0.010488449595868587,0.008337769657373428,0.996428906917572,-0.1069115623831749,-0.15810160338878632,0.12733425199985504,0.023372650306308366,286.4766067891537,0.0
