time (s),yaw,pitch,roll,battery,acc_x,acc_y,acc_z,gyro_roll,gyro_pitch,gyro_yaw,altitude (m),loop rate (Hz),target altitude (m)
0.0,66.41628806532383,-0.8522028175331501,0.9161998862485553,64,0.01536900270730257,0.015452533029019833,0.9986057877540588,-0.2391301542520523,0.02939082682132721,0.09354936331510544,4.210470404958099e-06,287.95166826857064,0.0
0.051,66.41867431744932,-0.8409535796788324,0.9036880403880341,64,0.014761262573301792,0.014831450767815113,1.0005652904510498,-0.2636636197566986,-0.06622444093227386,-0.10091240704059601,3.743555785565731e-06,287.95166826857064,0.0
0.101,66.41881865047448,-0.8516813441243082,0.9208440318527628,64,0.016133703291416168,0.017472924664616585,0.9961411356925964,-0.2961534261703491,-0.011746705509722233,0.03180849924683571,3.333812758703176e-06,287.95166826857064,0.0
0.152,66.41812144506088,-0.8790260337491247,0.92672907073794,64,0.015789179131388664,0.016654720529913902,0.998521625995636,-0.22395309805870056,-0.19427475333213806,-0.03068939410150051,3.0826626488157886e-06,287.95166826857064,0.0
0.202,66.41549459778207,-0.8723203482377336,0.9136542209641925,64,0.01289057545363903,0.01689903251826763,0.998889684677124,-0.15798082947731018,-0.14128844439983368,-0.04887169972062111,2.8479014148537365e-06,287.95166826857064,0.0
0.252,66.41557141429617,-0.8207341222572779,0.9224540727603677,64,0.014739669859409332,0.01920107752084732,0.9972613453865051,0.008006476797163486,-0.09640461951494217,0.14321233332157135,2.5268133289037407e-06,287.95166826857064,0.0
0.303,66.41905567596169,-0.831537402941907,0.9385996619788664,64,0.015828849747776985,0.01667218841612339,0.9957632422447205,-0.13485480844974518,-0.02951516956090927,-0.025053683668375015,2.2435716876098014e-06,287.95166826857064,0.0
0.354,66.41874355758213,-0.8246545425779335,0.9020099200241161,64,0.01340221893042326,0.01703910157084465,0.9984593391418457,-0.301720529794693,-0.17286761105060577,-0.046771712601184845,2.0754852287421093e-06,287.95166826857064,0.0
0.405,66.41727506131267,-0.8090889393762465,0.8850216112913732,64,0.014597797766327858,0.01412739884108305,0.9981092214584351,0.035699356347322464,-0.1521277278661728,0.05348002165555954,1.8514627810290424e-06,287.95166826857064,0.0
0.455,66.41595312057085,-0.843625210906632,0.8764915892528705,64,0.014199120923876762,0.01697593368589878,0.9975051283836365,-0.3350868225097656,-0.048114076256752014,-0.18351642787456512,1.7179782987814164e-06,284.70703231061634,0.0
0.505,66.41497154945488,-0.7932462405738577,0.8543595050966519,64,0.012185254134237766,0.015239855274558067,0.9986540079116821,-0.0499342642724514,0.034704066812992096,0.06107886880636215,1.5407162338466038e-06,284.70703231061634,0.0
0.556,66.41593544972055,-0.8369186776608883,0.8556511513831918,64,0.016083892434835434,0.014140571467578411,0.9977526664733887,-0.2591233551502228,-0.0315437912940979,0.008786899968981743,1.4339865088427691e-06,284.70703231061634,0.0
0.606,66.41565708636608,-0.8356808355545289,0.8422234642565846,64,0.015268567949533463,0.015086747705936432,0.9991680979728699,-0.2859625518321991,0.03971387445926666,0.055392615497112274,1.2820444049022693e-06,284.70703231061634,0.0
0.657,66.41467421335197,-0.8243962030215435,0.8815095024689922,64,0.014996361918747425,0.016374927014112473,0.9973843693733215,0.11581651121377945,-0.10579477250576019,0.12936462461948395,1.1492837582790746e-06,284.70703231061634,0.0
0.707,66.4163321334665,-0.8245630981526214,0.8548178270274926,64,0.014538884162902832,0.014977081678807735,0.9976092576980591,-0.0805954560637474,-0.06362759321928024,0.09053166210651398,1.0669010196377177e-06,284.70703231061634,0.0
0.757,66.41296412569605,-0.857066995628482,0.8779599515948551,64,0.016676070168614388,0.015994952991604805,0.9984543323516846,0.03803008049726486,-0.051785700023174286,-0.042106494307518005,9.549801295676982e-07,284.70703231061634,0.0
0.808,66.41308344513754,-0.852891768966526,0.8787427408639686,64,0.014117701910436153,0.014833962544798851,0.9994753003120422,-0.03974224254488945,-0.06307709217071533,-0.05907108634710312,8.863814082497713e-07,284.70703231061634,0.0
0.859,66.4152116647385,-0.8494689024258923,0.8832799524232555,64,0.013075517490506172,0.01598556712269783,0.9959326386451721,0.0004787895595654845,-0.10971061140298843,0.05894643813371658,7.908119944073959e-07,284.70703231061634,0.0
0.91,66.4152068406256,-0.8181093093572058,0.8932545855396792,64,0.01462826319038868,0.017269013449549675,1.0005687475204468,-0.1431547850370407,-0.07694407552480698,-0.049047064036130905,7.329108252751867e-07,284.70703231061634,0.0
0.96,66.41198924755759,-0.8182106769999905,0.9108168619248752,64,0.014219271950423717,0.015563017688691616,0.9960112571716309,-0.02059127204120159,0.13143543899059296,-0.056390032172203064,6.552566329072423e-07,284.70703231061634,0.0
1.01,66.41356613150452,-0.8224184907943306,0.9230520879306371,64,0.013490352779626846,0.017411109060049057,0.9984947443008423,-0.07765698432922363,0.1830846071243286,0.07903720438480377,6.071999552504689e-07,272.56979464517804,0.0
1.061,66.41742630256189,-0.8059876125233009,0.869275414275501,64,0.014076375402510166,0.014376901090145111,1.0001753568649292,0.011953908018767834,-0.05706222727894783,0.14146053791046143,5.402997247305953e-07,272.56979464517804,0.0
1.113,66.41658091634818,-0.8705419663744056,0.8333271535007376,64,0.020852724090218544,0.012245961464941502,0.9980207085609436,-0.18384391069412231,-0.09365219622850418,0.06805545836687088,5.00069727441942e-07,272.56979464517804,0.0
1.164,66.41679111532444,-0.8221756842665349,0.8577197934068002,64,0.014580580405890942,0.01370884757488966,0.9992809295654297,0.0747273862361908,-0.24054285883903503,-0.15113481879234314,4.442660006062125e-07,272.56979464517804,0.0
1.214,66.41816341465,-0.8009759483048512,0.8180381645777957,64,0.01445272471755743,0.013064263388514519,0.9952977895736694,-0.07470450550317764,-0.11328063905239105,0.21894076466560364,4.100281515277883e-07,272.56979464517804,0.0
1.264,66.41763615891641,-0.8263417846940889,0.8325584359784156,64,0.016144083812832832,0.01632901467382908,0.9956448078155518,0.10282047092914581,0.0324089378118515,0.1600445657968521,3.6334141999598526e-07,272.56979464517804,0.0
1.315,66.41706674872285,-0.8110880410600806,0.8799136311146539,64,0.013646960258483887,0.01620793342590332,0.998813271522522,0.2744426429271698,-0.26461008191108704,0.05132485553622246,3.3387163206143445e-07,272.56979464517804,0.0
1.367,66.41904250864708,-0.8224196447264005,0.8723635646311564,64,0.01483867783099413,0.015455950982868671,0.9975215196609497,-0.1621551215648651,0.007927127182483673,0.06661459058523178,2.935693865004488e-07,272.56979464517804,0.0
1.417,66.41772602160638,-0.8039570076760536,0.8672358483044011,64,0.014785309322178364,0.014559945091605186,0.9987970590591431,-0.09594354778528214,0.310435026884079,0.02592935599386692,2.573445518290161e-07,272.56979464517804,0.0
1.467,66.4159804661151,-0.7870185424918626,0.8528391988826486,64,0.012128607369959354,0.01644757390022278,0.9964190721511841,0.1271883100271225,-0.10858658701181412,-0.012979526072740555,2.3632409745202456e-07,272.56979464517804,0.0
1.517,66.41566717022228,-0.7968370381864458,0.8704749353544013,64,0.01391067449003458,0.015650732442736626,0.9994724988937378,-0.1600010246038437,0.06510522216558456,0.0887531042098999,2.074842799134769e-07,272.56979464517804,0.0
1.568,66.41657364725987,-0.7719571532722163,0.8718977744263798,64,0.012482400052249432,0.015070597641170025,0.9963802695274353,-0.19285205006599426,0.04641848802566528,0.0832972303032875,1.904389768753867e-07,285.85183670687655,0.0
1.618,66.41671681791854,-0.7835926228944915,0.8561092571895661,64,0.014575900509953499,0.012740486301481724,0.9979612231254578,-0.27657780051231384,-0.135029599070549,-0.03243638947606087,1.6780393611908613e-07,285.85183670687655,0.0
1.668,66.4161892649391,-0.7868585182133112,0.8571929910661739,64,0.012926412746310234,0.013586126267910004,0.9996550679206848,-0.03590581938624382,0.0306241475045681,-0.17062276601791382,1.5444064924372108e-07,285.85183670687655,0.0
1.719,66.41399895936668,-0.8028144592968153,0.888578094974805,64,0.014825393445789814,0.015816401690244675,0.9984204769134521,0.04070793464779854,-0.059400275349617004,-0.08138785511255264,1.3580877296862655e-07,285.85183670687655,0.0
1.769,66.4119573915662,-0.811148415471426,0.8868620772154308,64,0.015469847247004509,0.013380383141338825,0.9975767135620117,-0.14136260747909546,0.1924126148223877,0.07275047898292542,1.2466297697361353e-07,285.85183670687655,0.0
1.82,66.41237206736622,-0.8118860355866206,0.8791092841941696,64,0.01368969026952982,0.01513668429106474,0.9991748332977295,-0.20663854479789734,-0.013274088501930237,-0.1336527317762375,1.096497335134171e-07,285.85183670687655,0.0
1.871,66.41037025802638,-0.8066770720294378,0.8966183253000872,64,0.012927517294883728,0.015772411599755287,0.9986479878425598,-0.20268969237804413,0.024333445355296135,-0.21490149199962616,1.0079545954328445e-07,285.85183670687655,0.0
1.922,66.41168806222487,-0.7752291641004284,0.8945816030586635,64,0.025628656148910522,0.014301748014986515,1.0007039308547974,-0.5364907383918762,0.08375917375087738,0.031328555196523666,8.902644391585927e-08,285.85183670687655,0.0
1.973,66.41036220531878,-0.7394857295413926,0.8667869728650156,64,0.012321555987000465,0.017328279092907906,0.9991363883018494,-0.31472957134246826,0.014815909788012505,-0.2120431363582611,8.214613518694075e-08,285.85183670687655,0.0
2.023,66.40909536981428,-0.739689287017643,0.884271439044824,64,0.014137852936983109,0.016347035765647888,0.9959080219268799,-0.17809300124645233,-0.13982580602169037,0.037246208637952805,7.250038462714479e-08,285.85183670687655,0.0
2.073,66.41104724662814,-0.8012984290663212,0.8572765650220965,64,0.01386001706123352,0.015516805462539196,0.9986711740493774,-0.26037484407424927,-0.0639638602733612,-0.0712633728981018,6.680444379434087e-08,285.85183670687655,0.0
2.124,66.41023768946616,-0.8285721871309036,0.8577374450278212,64,0.01547213178128004,0.014578049071133137,0.9991929531097412,-0.08285891264677048,0.17685635387897491,0.014208477921783924,5.900487837249657e-08,285.46273735792556,0.0
2.176,66.40844100944128,-0.8102341811355002,0.8838162523659028,64,0.014235557056963444,0.014898805879056454,0.9982005953788757,0.009174825623631477,-0.05275648087263107,-0.17901502549648285,5.4121953483717754e-08,285.46273735792556,0.0
2.226,66.40797665456026,-0.8324670112705941,0.8977148613003879,64,0.015467578545212746,0.015337089076638222,0.9979351162910461,-0.447081595659256,0.1230679377913475,-0.15477390587329865,4.734101050425539e-08,285.46273735792556,0.0
2.276,66.40933560948528,-0.8013649487881603,0.8900531742625857,64,0.01328440010547638,0.01645921729505062,0.9959427118301392,-0.2594310939311981,-0.15750472247600555,0.04205022379755974,4.1084958950995124e-08,285.46273735792556,0.0
2.326,66.41161719794503,-0.8000844341738838,0.871434127936784,64,0.012800264172255993,0.014983856119215488,0.9954729676246643,0.057814788073301315,0.10988909751176834,-0.054495565593242645,3.7437083050312714e-08,285.46273735792556,0.0
2.377,66.41199628745484,-0.800549682315091,0.8849666321308554,64,0.013776051811873913,0.015161767601966858,0.9982254505157471,-0.12584908306598663,0.01810164749622345,0.13523046672344208,3.2647895251164246e-08,285.46273735792556,0.0
2.427,66.41100131869241,-0.837438699872899,0.8869235577298088,64,0.015403463505208492,0.015505393035709858,0.9987161159515381,-0.24469895660877228,-0.14978565275669098,-0.11780881136655807,2.988962963839977e-08,285.46273735792556,0.0
2.478,66.41146907273509,-0.8313232001863455,0.8840595851429653,64,0.016043901443481445,0.01450391486287117,0.9987494945526123,0.11271010339260101,0.09141001105308533,-0.06528887152671814,2.6271212133016815e-08,285.46273735792556,0.0
2.528,66.41120642332214,-0.8272410608021586,0.8798041947652955,64,0.013507857918739319,0.0160394087433815,0.9996404051780701,-0.2381879687309265,-0.0030303995590656996,0.09849652647972107,2.5011423209135185e-08,285.46273735792556,0.0
2.578,66.41213795762944,-0.8210376792562518,0.8804286150556547,64,0.011781577952206135,0.015319868922233582,0.9946621060371399,-0.1879197359085083,0.043484319001436234,0.09411413222551346,2.0362186648275115e-08,285.46273735792556,0.0
2.629,66.41239353136858,-0.8303520037506111,0.881947313187409,64,0.016648316755890846,0.014752672053873539,0.9968067407608032,-0.026039324700832367,-0.2558446526527405,-0.006155166309326887,1.833321059367871e-08,285.46273735792556,0.0
2.68,66.41326702936705,-0.8278839990709208,0.8959330109295653,64,0.013379271142184734,0.015315181575715542,0.9975845813751221,-0.11715828627347946,0.053193267434835434,0.124763123691082,1.567722684684456e-08,285.81287904599657,0.0
2.73,66.41446425421269,-0.8389418909735685,0.8811124384456205,64,0.013851159252226353,0.015731027349829674,0.9968543648719788,-0.14203007519245148,0.1513299196958542,0.17501820623874664,1.4073880398872736e-08,285.81287904599657,0.0
2.781,66.41390887045952,-0.8162818650344287,0.910232273014899,64,0.013808248564600945,0.017382709309458733,0.9957465529441833,-0.07733824849128723,-0.06207238882780075,-0.16050218045711517,1.1889915438734928e-08,285.81287904599657,0.0
2.831,66.4113672915374,-0.7931385520003942,0.9204272289769121,64,0.013762838207185268,0.01642369106411934,0.9980588555335999,-0.18745733797550201,-0.04802241921424866,-0.10582316666841507,1.0640519582115594e-08,285.81287904599657,0.0
2.881,66.41184817897879,-0.8018186945185671,0.8908597788787461,64,0.012772643007338047,0.01523745246231556,0.9995837807655334,0.0019034011056646705,-0.11944502592086792,0.17984256148338318,9.0917385044047e-09,285.81287904599657,0.0
2.932,66.41238334495786,-0.8117408307534377,0.8618462969180499,64,0.015115344896912575,0.01423669420182705,0.9989289045333862,0.03640029951930046,-0.11996383965015411,-0.24961364269256592,8.229069410761814e-09,285.81287904599657,0.0
2.983,66.41482857293572,-0.8298666364295909,0.8816681754896858,64,0.014125478453934193,0.015979783609509468,0.9979540109634399,-0.3029802441596985,-0.05803085118532181,-0.1476418673992157,7.124540698544054e-09,285.81287904599657,0.0
3.033,66.41359288934494,-0.8436739526356267,0.8555771269899497,64,0.015818970277905464,0.014014411717653275,0.9993835091590881,-0.18368175625801086,-0.10467050969600677,0.043958067893981934,6.490726691034799e-09,285.81287904599657,0.0
3.084,66.41298309677249,-0.8206223198862811,0.8738030619417727,64,0.012383676134049892,0.015112733468413353,0.9982597827911377,0.27651530504226685,-0.018279392272233963,0.04316665232181549,5.6315104698848295e-09,285.81287904599657,0.0
3.134,66.41399818309722,-0.8076886926139897,0.9127911733854563,64,0.012130393646657467,0.01567585952579975,0.9981743693351746,0.07051563262939453,-0.023893767967820168,0.2848461866378784,5.1300462799609915e-09,285.81287904599657,0.0
3.185,66.41779046140935,-0.8274270032597547,0.8889644161859918,64,0.013905754312872887,0.014009959995746613,0.997178316116333,0.023074552416801453,-0.09401310980319977,0.05147884786128998,4.464316609173107e-09,285.81287904599657,0.0
3.236,66.41573090930409,-0.824727109597739,0.8356958233082934,64,0.01393871195614338,0.012696894817054272,0.9954729080200195,0.06246505677700043,-0.0572514608502388,-0.11954227834939957,4.054366489552566e-09,282.21665993809717,0.0
3.286,66.41343549769638,-0.8048805686544718,0.8670754973109402,64,0.013097147457301617,0.015551342628896236,0.9997695088386536,-0.031792402267456055,0.15097695589065552,-0.1171097606420517,3.490501886945785e-09,282.21665993809717,0.0
3.337,66.41732901994953,-0.8067464044336933,0.9301905049928719,64,0.012698911130428314,0.016920266672968864,0.9966781735420227,-0.22376345098018646,0.2604342997074127,-0.07098820060491562,3.0271592022522716e-09,282.21665993809717,0.0
3.387,66.41659594106996,-0.8172533756290646,0.8748584879902731,64,0.014953648671507835,0.013938461430370808,0.9957867860794067,-0.05198907479643822,0.01505450252443552,-0.032099608331918716,2.7502703833621123e-09,282.21665993809717,0.0
3.438,66.41621964653028,-0.8331171777308927,0.8557229744236446,64,0.015319987200200558,0.014672143384814262,0.9992474913597107,-0.20614518225193024,-0.1954372078180313,-0.07018491625785828,2.5061301116664337e-09,282.21665993809717,0.0
3.489,66.41712824847939,-0.8078417833783968,0.8668878905010359,64,0.015306361019611359,0.015230675227940083,0.9978405237197876,0.10758817195892334,-0.1943676620721817,0.033775828778743744,2.1720159568450214e-09,282.21665993809717,0.0
3.539,66.41781828002793,-0.8469989675402743,0.9124191195339783,64,0.015447224490344524,0.01838245615363121,0.9962510466575623,-0.14797711372375488,-0.07900992035865784,0.025386789813637733,1.8730088743987584e-09,282.21665993809717,0.0
3.59,66.41697791725201,-0.8239186804968543,0.8955944829727636,64,0.013510351069271564,0.01550251618027687,0.9959526062011719,-0.15039482712745667,-0.0081673888489604,-0.28164464235305786,1.6948577798159502e-09,282.21665993809717,0.0
3.64,66.4115762073032,-0.8175733222794961,0.8612930009775381,64,0.014063895680010319,0.014778725802898407,0.9988629221916199,-0.08459581434726715,-0.20706431567668915,-0.0947718620300293,1.4565528420043107e-09,282.21665993809717,0.0
3.691,66.40970652846549,-0.8112574628593616,0.8953000117372149,64,0.0132302176207304,0.017504367977380753,1.0015755891799927,0.06631661206483841,0.15224862098693848,0.1560148298740387,1.3186285004068016e-09,282.21665993809717,0.0
3.741,66.4105711057612,-0.8112683559855017,0.8669124567373443,64,0.012905792333185673,0.01373698003590107,0.9995505809783936,0.028789062052965164,-0.08641298860311508,-0.12661635875701904,1.132781147989636e-09,282.21665993809717,0.0
3.792,66.41012178204845,-0.8175430598347991,0.9096250244986374,64,0.01108929980546236,0.01833554357290268,0.9947689175605774,-0.11488859355449677,0.056359853595495224,0.07622862607240677,1.0262608845873705e-09,284.43672860436726,0.0
3.842,66.4123737254176,-0.8105380800012149,0.9147768280900174,64,0.012937110848724842,0.01731816865503788,1.0005013942718506,-0.12472900003194809,-0.1632629930973053,0.21502278745174408,8.887393690795503e-10,284.43672860436726,0.0
3.892,66.41115678639859,-0.8235027803297484,0.86295910619518,64,0.013878975994884968,0.014877076260745525,0.9975174069404602,-0.22785168886184692,-0.024532528594136238,-0.14865423738956451,7.747992041545043e-10,284.43672860436726,0.0
3.942,66.41008325441847,-0.8500641735752702,0.9022129382755567,64,0.015063050203025341,0.016276158392429352,0.9972716569900513,0.04857748746871948,0.0001030742860166356,0.22914235293865204,7.075069196084527e-10,284.43672860436726,0.0
3.992,66.41216683300951,-0.8500917259531097,0.9013262893707712,64,0.014691317453980446,0.017313404008746147,0.999020516872406,-0.22017976641654968,0.04385271668434143,0.11121124774217606,6.47300183559347e-10,284.43672860436726,0.0
4.043,66.41392727804235,-0.840499835504715,0.8581345255638744,64,0.014490759000182152,0.013195492327213287,0.9997273683547974,-0.06746287643909454,-0.03400426357984543,-0.04094333574175835,5.65007231284727e-10,284.43672860436726,0.0
4.093,66.41519423937301,-0.8316614350370409,0.8558155563756116,64,0.020340802147984505,0.0159198809415102,0.9981386065483093,-0.06254582107067108,0.23376044631004333,0.10040909051895142,5.148750977697017e-10,284.43672860436726,0.0
4.143,66.4104407148057,-0.8558643833451159,0.8656423742003123,64,0.016325123608112335,0.01447749137878418,0.9993377923965454,-0.13860507309436798,-0.1570904403924942,-0.37271633744239807,4.487889637448396e-10,284.43672860436726,0.0
4.194,66.41239845537243,-0.8562597500361265,0.8569368883022122,64,0.015744676813483238,0.01436221320182085,0.9987446069717407,-0.03423767164349556,-0.06423380970954895,0.13043184578418732,4.1037048338715687e-10,284.43672860436726,0.0
4.244,66.41460936505501,-0.8421595649617006,0.8326377704113676,64,0.014305679127573967,0.013852990232408047,0.9978824853897095,0.007579076569527388,0.02714199759066105,0.12440196424722672,3.581840470290634e-10,284.43672860436726,0.0
4.295,66.4149063725976,-0.8471255959308241,0.849541114956204,64,0.01439147349447012,0.016039621084928513,0.9984022378921509,-0.04008039832115173,-0.11050089448690414,0.12163801491260529,3.124243061679941e-10,284.43672860436726,0.0
4.345,66.41669291713927,-0.8512727912064859,0.9017086653790656,64,0.013826205395162106,0.01792316883802414,0.9996580481529236,-0.10759979486465454,0.18676146864891052,0.039136406034231186,2.852967772407125e-10,285.8713195201745,0.0
4.395,66.41946995509144,-0.8403563892438503,0.8907011788946823,64,0.014329886063933372,0.015197491273283958,0.9983683228492737,0.13004833459854126,-0.16202367842197418,0.03241471201181412,2.473170406945121e-10,285.8713195201745,0.0
4.446,66.42241251549345,-0.8143222334809361,0.8704640015292487,64,0.01310393214225769,0.015340542420744896,0.9978851675987244,-0.028309980407357216,-0.04879319295287132,-0.01440469827502966,2.2426178811224288e-10,285.8713195201745,0.0
4.496,66.4240796503057,-0.8273132522687828,0.8738471181145482,64,0.015228348784148693,0.01599166914820671,0.9999498128890991,0.042047128081321716,0.15603391826152802,0.22733797132968903,1.9436554455483872e-10,285.8713195201745,0.0
4.548,66.42200555255137,-0.83684638592545,0.9092677458823859,64,0.019926676526665688,0.018124694004654884,0.9964572191238403,-0.38967716693878174,0.11590269207954407,-0.18670646846294403,1.7631038019758992e-10,285.8713195201745,0.0
4.598,66.423349699558,-0.7925166558262268,0.8936338565708276,64,0.01487343106418848,0.017041975632309914,0.9956462383270264,-0.38464751839637756,-0.15972518920898438,0.10054455697536469,1.5183772981066036e-10,285.8713195201745,0.0
4.649,66.42097092096523,-0.8438673694695524,0.8784179801589507,64,0.01640075445175171,0.018699750304222107,0.9965434670448303,-0.0807124674320221,-0.07383304089307785,-0.1028125137090683,1.37694073676473e-10,285.8713195201745,0.0
4.699,66.42171799676346,-0.8381288341986429,0.8941994520357471,64,0.01448838971555233,0.016215240582823753,0.99672532081604,-0.14357368648052216,-0.024963047355413437,-0.14729294180870056,1.193676459371445e-10,285.8713195201745,0.0
4.75,66.41941300039718,-0.8408214076101401,0.8982611278690692,64,0.01377703994512558,0.01603136584162712,0.9972633719444275,-0.11090954393148422,0.011727912351489067,-0.024546463042497635,1.0838599052756685e-10,285.8713195201745,0.0
4.801,66.42377661475666,-0.8460703261217427,0.918217075443209,64,0.01410968229174614,0.017504684627056122,0.9986308217048645,-0.038531623780727386,-0.23278304934501648,0.10549083352088928,9.425924867560001e-11,285.8713195201745,0.0
4.851,66.42542923612012,-0.8588248177608387,0.8853603736487448,64,0.014711557887494564,0.014237248338758945,0.9984594583511353,-0.08033325523138046,-0.01436305046081543,0.19337023794651031,8.606958417382447e-11,285.8713195201745,0.0
4.902,66.42179490973389,-0.8489366963407564,0.9158665159265409,64,0.01589258760213852,0.015792574733495712,0.9974165558815002,-0.11851263791322708,-0.11389002203941345,-0.16340439021587372,7.546364678994262e-11,263.3951268525496,0.0
4.952,66.42176050126997,-0.8523899196293929,0.8606509629550148,64,0.01505462545901537,0.013732193037867546,0.9994494915008545,-0.38626518845558167,-0.061511557549238205,-0.06588432192802429,6.915815388275626e-11,263.3951268525496,0.0
5.002,66.421784002963,-0.8409291941468469,0.8914851630573439,64,0.015264596790075302,0.015404369682073593,0.9982434511184692,-0.257999449968338,0.10734091699123383,0.04021373763680458,6.066168508211795e-11,263.3951268525496,0.0
5.052,66.42396960024978,-0.8122638221933227,0.8036331933011583,64,0.003285392187535763,-0.00704785855486989,0.9703337550163269,-2.505558490753174,2.065294027328491,0.1325269192457199,5.571451205630303e-11,263.3951268525496,0.0
5.104,66.3887676274559,-0.854402015079458,1.4744168780522318,64,0.021572057157754898,0.054124873131513596,1.006105661392212,-3.6217458248138428,-1.5100088119506836,-3.3684945106506348,4.8891005492821017e-11,263.3951268525496,0.0
5.154,66.17310674787669,-2.6895272538243256,2.438530948372657,64,-0.011816485784947872,0.03276332840323448,1.1563221216201782,9.063182830810547,-12.717635154724121,-17.038007736206055,4.297552235034781e-11,263.3951268525496,0.0
5.205,65.74552719131715,0.7801132896175732,-1.7343977901595984,64,-0.0485871247947216,-0.12922799587249756,1.0273613929748535,7.172942638397217,-19.298065185546875,-1.1558144092559814,3.949339779873916e-11,263.3951268525496,0.0
5.255,65.3123793361731,1.1235071290423007,-0.7102071715296447,64,0.0006336087244562805,-0.027922431007027626,1.1710587739944458,65.8326187133789,17.48695945739746,-23.063735961914062,3.4884206913721616e-11,263.3951268525496,0.0
5.306,66.15151322403541,2.872419336089343,3.456762157769339,64,0.010481702163815498,0.08534281700849533,1.1820628643035889,52.40908432006836,136.37716674804688,17.666345596313477,3.2160731950167814e-11,263.3951268525496,0.0
5.356,67.03525582090313,5.532125139247532,9.799751521681351,64,-0.09146109223365784,0.232900932431221,1.1538978815078735,66.84764099121094,79.3261947631836,19.882036209106445,0.00038096353740417043,263.3951268525496,0.0
5.407,66.94684502259733,7.0181708970124115,11.976670907248963,64,-0.14587071537971497,0.2707193195819855,1.272861361503601,-14.386361122131348,-12.964051246643066,-25.707319259643555,0.0015434400222064622,263.3951268525496,0.0
5.457,66.20634232942402,8.894512135542325,11.599345199127919,64,-0.18630994856357574,0.16510890424251556,1.016432762145996,-11.065810203552246,-41.6308479309082,-6.0902228355407715,0.005278973508342733,281.85632685975406,0.0
5.507,66.057167290407,7.451664893453943,6.985458029761415,64,-0.11867280304431915,0.12624046206474304,1.007229208946228,-69.49340057373047,-189.11691284179688,0.9680755138397217,0.009216476717823498,281.85632685975406,0.0
5.558,67.6753988488976,6.001180914250281,0.8347105073349129,64,-0.04461444169282913,-0.08637788891792297,1.350088357925415,10.932707786560059,-27.439104080200195,59.726341247558594,0.017142278695761817,281.85632685975406,0.0
5.609,67.9816235246065,7.8576311761533235,0.36310456657774065,64,-0.14159193634986877,0.006742333061993122,0.9715982675552368,177.31317138671875,105.2596435546875,-3.0852713584899902,0.023830565325062107,281.85632685975406,0.0
5.659,69.45967271279125,15.19945080082226,4.310039775206132,64,-0.23297196626663208,0.08845294266939163,0.9942983388900757,24.351390838623047,-11.062273025512695,36.98370361328125,0.03624590192527653,281.85632685975406,0.0
5.71,70.34152847324803,14.15669179773465,3.0972774024563092,64,-0.27456235885620117,0.05831323191523552,1.096032977104187,-59.15746307373047,-79.928955078125,30.744548797607422,0.04658211984331309,281.85632685975406,0.0
5.76,72.1990167487009,13.471714378210024,3.3755384095484198,64,-0.24510855972766876,0.1103702262043953,0.9480336308479309,-3.876075267791748,16.603544235229492,65.59356689453125,0.06374779660846996,281.85632685975406,0.0
5.811,74.88066811025857,15.162952982477789,5.339034926066388,64,-0.3283674716949463,0.07602088153362274,1.0768202543258667,-31.631776809692383,51.88930892944336,90.09373474121094,0.07687881728363669,281.85632685975406,0.0
5.861,77.88187655583245,13.80150565598985,5.722607589221783,64,-0.2821699380874634,0.14203046262264252,0.8891788125038147,-51.485496520996094,-53.05105972290039,73.0109634399414,0.09993486782223125,281.85632685975406,0.0
5.911,80.92532091787763,11.671765342952748,4.4480826571532,64,-0.143223837018013,0.05315321683883667,0.9004761576652527,-50.974143981933594,-8.519332885742188,78.23973846435547,0.1358998724115661,281.85632685975406,0.0
5.962,82.93218903140843,6.160869930627218,4.082830570328295,64,0.0051308427937328815,0.08211835473775864,0.9220765233039856,-47.56978225708008,-4.139811038970947,44.57505416870117,0.16300878316243095,281.85632685975406,0.0
6.012,83.08727822370584,-1.635579653409624,1.3742139613861808,64,-0.03639622777700424,-0.04316883161664009,0.8557311296463013,-88.643310546875,-69.45968627929688,-60.97660446166992,0.20288770943899415,285.26858464258993,0.0
6.067,81.4407216221136,-1.6140855717748475,2.549827541172805,64,-0.039095934480428696,0.1284632533788681,0.9072270393371582,-41.46483612060547,-38.821231842041016,-54.702308654785156,0.2297054016679324,285.26858464258993,0.0
6.118,80.93061884657263,-0.6731420387203084,4.666798146047865,64,0.01227728184312582,0.06848493218421936,0.9115092158317566,-57.11674880981445,31.963008880615234,5.370483875274658,0.26765842470335977,285.26858464258993,0.0
6.169,81.8168759260394,-3.81422002709911,4.879128623512724,64,0.13408870995044708,0.06545910984277725,0.8610644936561584,-16.401866912841797,-42.80447006225586,31.82957649230957,0.29168507110161446,285.26858464258993,0.0
6.219,82.37625233961602,-5.428151657484626,2.135522720904387,64,0.06842191517353058,0.019053541123867035,0.9334638118743896,-34.37784194946289,-71.25284576416016,4.937884330749512,0.32660905699845605,285.26858464258993,0.0
6.269,82.81878741400624,-6.994173608968639,-1.1379826703230829,64,0.11097633838653564,-0.026643039658665657,0.8890198469161987,-83.09361267089844,-61.31684494018555,19.949668884277344,0.34898489790332676,285.26858464258993,0.0
6.32,83.68882298220753,-8.86489560002357,-3.883024883578538,64,0.18818461894989014,-0.11075445264577866,0.7980552315711975,9.517013549804688,-9.9353609085083,29.388580322265625,0.37967509196731297,285.26858464258993,0.0
6.37,84.61769480888712,-8.426734320272821,-6.038791904656301,64,0.17828790843486786,-0.1568177193403244,0.8826737999916077,48.43976974487305,-7.512567043304443,15.192187309265137,0.39922395064812405,285.26858464258993,0.0
6.42,84.69768025173832,-6.463297913779962,-7.4448273062209385,64,0.08828559517860413,-0.17680712044239044,1.0290390253067017,48.276798248291016,60.43513488769531,4.984152793884277,0.42742154852108943,285.26858464258993,0.0
6.471,84.5123675007081,-5.778799146231979,-7.030052973671415,64,0.09673754870891571,-0.14023923873901367,0.829072892665863,25.840604782104492,37.03329086303711,-16.00116539001465,0.44513364556900814,285.26858464258993,0.0
6.521,83.84873944739374,-4.2346355545627095,-7.297319747888211,64,0.03695196658372879,-0.10838583111763,0.8292403817176819,-3.831580400466919,-3.629716396331787,-21.86715316772461,0.4708327172888225,285.26858464258993,0.0
6.571,83.31304586708424,-2.3388217148802757,-6.092822813195095,64,0.011165794916450977,-0.04191318899393082,0.9141756892204285,0.5200609564781189,-22.55377960205078,-11.644509315490723,0.49395982563656693,283.93609531546167,0.0
6.621,83.27811884352417,-1.7828592219724546,-3.8914338882347295,64,0.026501750573515892,0.02257104218006134,0.9699693322181702,-3.8275539875030518,-7.698596477508545,4.275490760803223,0.5081875849860283,283.93609531546167,0.0
6.673,83.65803031200703,-2.8708573006825344,-3.1745123947554275,64,0.16019995510578156,-0.06730550527572632,0.7802498936653137,19.89487075805664,-3.0234601497650146,-2.2227587699890137,0.5283933096414893,283.93609531546167,0.0
6.723,82.7932620561576,-1.778559985334588,-2.098841055309812,64,-0.06743902713060379,0.050650887191295624,1.1759403944015503,36.48664093017578,12.058645248413086,-28.50360107421875,0.5416942916822689,283.93609531546167,0.0
6.773,83.38122146387562,-0.6575759175677468,-0.4241371623526176,64,0.07635368406772614,-0.05169142037630081,0.8072113394737244,0.209603413939476,30.165407180786133,23.206470489501953,0.5603636313659413,283.93609531546167,0.0
6.824,82.99154773847633,-2.647495868599895,-2.385943361920639,64,0.10604850202798843,-0.05930192768573761,0.9099068641662598,-5.691515922546387,-42.852134704589844,-31.777076721191406,0.5710799769141235,283.93609531546167,0.0
6.874,81.71739243889235,-2.5392657372291616,-3.930757902359151,64,0.0021097545977681875,-0.05307476595044136,0.9697256088256836,12.438786506652832,-25.50986099243164,-30.03964614868164,0.5849666230980871,283.93609531546167,0.0
6.926,81.86622713508675,-3.2488731843336933,-5.001099441637739,64,0.11916930228471756,-0.1590767651796341,0.9237792491912842,-1.0935866832733154,26.89365577697754,6.52338981628418,0.5935654116154723,283.93609531546167,0.0
6.976,81.28232184204809,-2.6908992699923475,-4.67961697814022,64,0.03674205020070076,-0.07551340013742447,0.9480980038642883,24.67285919189453,54.79966735839844,-29.93885612487793,0.6047870822742167,283.93609531546167,0.0
7.027,80.52727180682713,0.2569007992257416,-1.1613420742585778,64,-0.056595928966999054,-0.022425493225455284,1.1407428979873657,14.528635025024414,25.489852905273438,5.314971446990967,0.6110025909680485,283.93609531546167,0.0
7.077,80.1231521061653,0.2220669237214196,-1.8815858672520385,64,-0.021511629223823547,-0.034771811217069626,0.921967625617981,9.657499313354492,14.835796356201172,-20.567209243774414,0.6197684887693105,283.93609531546167,0.0
7.128,79.5592136580336,1.0953872339706396,-1.3524292532420423,64,-0.03993535414338112,-0.03203777223825455,1.1121318340301514,-33.20117950439453,5.277273178100586,-10.269698143005371,0.625052631048354,285.22978578714725,0.0
7.178,79.08835995049762,0.589440912391141,-0.16247891655908778,64,-0.020586591213941574,0.061278533190488815,0.9287722706794739,8.26920223236084,-1.7114264965057373,-12.96358585357666,0.6320985767961977,285.22978578714725,0.0
7.228,78.62558021314872,0.9951792769990038,1.8847494167300647,64,-0.024419182911515236,0.07319244742393494,1.0598853826522827,3.227649450302124,11.437118530273438,-12.049125671386719,0.6365660180759208,285.22978578714725,0.0
7.279,78.19454498600281,1.0176944332975157,3.358475418043773,64,-0.04200569540262222,0.09858888387680054,0.9796717762947083,6.413710117340088,2.501054286956787,-15.146839141845703,0.6429390808313705,285.22978578714725,0.0
7.329,77.83458741328592,2.1927065516837856,4.975682472043028,64,-0.05088121071457863,0.0996878519654274,1.009103536605835,0.7858434915542603,8.892383575439453,-4.097947120666504,0.6468871736901387,285.22978578714725,0.0
7.379,77.71078658341472,1.7814489895072063,4.301951496148678,64,-0.014267337508499622,0.05912915617227554,0.9707902669906616,8.471814155578613,-3.4570436477661133,-5.3746113777160645,0.6522788643132753,285.22978578714725,0.0
7.43,77.84354754128195,1.5411979958934234,2.8239220359680264,64,0.030288776382803917,-0.033873967826366425,1.0017842054367065,-8.609092712402344,7.839889049530029,5.4946112632751465,0.6553002803060783,285.22978578714725,0.0
7.48,77.7585957443909,0.13519588935587037,1.1533710762882825,64,0.008220665156841278,-0.00015787867596372962,1.0080596208572388,-2.9239158630371094,-17.585647583007812,-0.7273129224777222,0.6593600004124037,285.22978578714725,0.0
7.53,77.87476508402297,0.02866749911151707,1.1743197078831786,64,0.019168300554156303,0.007827690802514553,0.9601084589958191,-2.8454129695892334,3.2700963020324707,5.498680114746094,0.6630024695561094,285.22978578714725,0.0
7.581,77.69995683292719,-0.9602443428241654,0.15588998053128156,64,0.014258871786296368,0.01985946111381054,1.0089292526245117,3.347534418106079,-7.8954291343688965,-11.467555046081543,0.665228531229916,285.22978578714725,0.0
7.631,77.52768828361135,-0.3429129573854262,0.9714275986565043,64,0.009654955007135868,0.009199359454214573,0.9805085062980652,-0.7147390246391296,-3.189199209213257,-2.337477207183838,0.6682297188605927,285.22978578714725,0.0
7.682,77.31077209299504,0.2963499026923503,1.315058193359179,64,-0.02794053964316845,0.0380692332983017,1.031385064125061,-9.999940872192383,-10.042696952819824,-5.121991157531738,0.6698142258332589,289.96225371586587,0.0
7.733,77.20461128674637,0.3278304700951463,1.3174677442857223,64,-0.01184902898967266,0.03384662792086601,0.9825016856193542,-6.132516860961914,-2.96604585647583,-4.161462783813477,0.6721631103390331,289.96225371586587,0.0
7.783,77.14271902073203,-0.22077739932449017,0.857669927778739,64,0.01783151365816593,0.010843312367796898,1.0153110027313232,-6.785412788391113,-5.756778240203857,-3.2863285541534424,0.6731515365333555,289.96225371586587,0.0
7.833,77.15585102348822,-0.05501964861418766,0.9754406227136158,64,-0.0019084304803982377,-0.0006672489107586443,1.0089372396469116,4.9230451583862305,-4.956862926483154,2.750950336456299,0.674636342140228,289.96225371586587,0.0
7.884,77.12076558547967,-0.04101431962076834,-0.023426506847997443,64,0.0012718832585960627,-0.01733752340078354,1.010451316833496,-0.20728015899658203,4.578599452972412,-2.5074849128723145,0.6756571295209735,289.96225371586587,0.0
7.935,76.95199179974618,-0.6112839969439411,-0.018309718425345487,64,0.017460566014051437,0.019259849563241005,0.9544779658317566,-4.8019490242004395,-4.180501461029053,-5.536992073059082,0.677348366578318,289.96225371586587,0.0
7.986,76.81143349930227,-0.7938026805320966,0.4990953282457923,64,0.015056274831295013,0.010249074548482895,0.9942022562026978,0.09047865867614746,-4.287724018096924,-4.0715718269348145,0.6782971283738346,289.96225371586587,0.0
8.036,76.6466746957239,-0.36952895162554833,0.39855381766427295,64,0.003625383134931326,-0.007845981046557426,1.021951675415039,-0.43987515568733215,-5.108047008514404,-3.265683650970459,0.680353241065935,289.96225371586587,0.0
8.086,76.54298799582754,-0.46679976451887145,-0.3710681583018641,64,0.014812668785452843,-0.024469144642353058,0.9892655611038208,-0.180448979139328,-2.709782123565674,-2.688157320022583,0.682167422662961,289.96225371586587,0.0
8.137,76.4149892984913,-0.8089113865013343,-1.2069461823870171,64,0.029874777421355247,-0.0394134446978569,1.0052295923233032,-0.8520128130912781,0.9258370995521545,-5.2786865234375,0.6838802032750476,289.96225371586587,0.0
8.188,76.2372601758415,-0.7214293660946394,-0.4419428709438768,64,0.0044913762249052525,0.002423397032544017,0.9994780421257019,2.8520424365997314,-3.9111170768737793,-3.0429491996765137,0.6865335580837099,275.2348579303104,0.0
8.239,76.1458620144957,-0.42806930593551484,0.1963786715493274,64,-0.011381203308701515,0.035520777106285095,0.95696622133255,6.274224758148193,-3.905461549758911,-1.0244792699813843,0.6891363318003839,275.2348579303104,0.0
8.29,76.10544858319182,0.09294699336664898,0.38186767344869244,64,-0.01497903186827898,0.008906720206141472,1.011124849319458,0.7016499638557434,3.807785987854004,-0.5107302665710449,0.6911355167102101,275.2348579303104,0.0
8.34,76.12863120349944,-0.01838130438765014,-0.09905226728698142,64,0.005859141703695059,-0.003344665514305234,1.05845046043396,-3.802386999130249,0.5264480113983154,0.27616265416145325,0.6923502746190037,275.2348579303104,0.0
8.39,76.14360974134591,-0.5130257593526396,-0.18535023970119238,64,0.020446425303816795,-0.009210594929754734,0.985088050365448,-4.785279750823975,-3.0922911167144775,-1.448686957359314,0.6948208054107851,275.2348579303104,0.0
8.441,76.16079558247434,-0.4163852991159969,0.29915299423689656,64,0.004713139962404966,0.008966758847236633,0.9303894639015198,0.17606982588768005,-3.6094260215759277,3.195756196975708,0.696525769168678,275.2348579303104,0.0
8.492,76.24605802859583,-0.526816277611979,-0.6545720783193928,64,0.011277695186436176,-0.03429710492491722,1.0004925727844238,5.197516441345215,-6.678963661193848,1.3576996326446533,0.699595423997506,275.2348579303104,0.0
8.542,76.27400246339083,-0.45324937445676705,-1.6939906340863942,64,0.015874044969677925,-0.04820645973086357,1.019227147102356,1.9972918033599854,0.4624621272087097,-0.7507317066192627,0.701893520103642,275.2348579303104,0.0
8.593,76.25668883764476,-0.21347021558513923,-1.5391993830000177,64,0.0041205864399671555,-0.027760783210396767,1.0221314430236816,-0.14350108802318573,1.9988869428634644,0.0747007206082344,0.7050029175030031,275.2348579303104,0.0
8.643,76.20146015215158,-0.2396156303116967,-0.6900445476946162,64,0.0020316066220402718,0.013785979710519314,0.9636481404304504,-0.14182423055171967,0.1779707670211792,-1.7570403814315796,0.707017834873551,275.2348579303104,0.0
8.693,76.21478004149435,-0.08154075105966414,-0.16029820728894104,64,0.004969455301761627,-0.0014157285913825035,1.012194275856018,0.009770805947482586,2.1667373180389404,1.1954100131988525,0.7093517128536739,275.2348579303104,0.0
8.744,76.2071702327416,0.04427926956883793,0.09564582106709402,64,-0.01014168281108141,0.009927262552082539,0.9924692511558533,1.268173098564148,-0.9033614993095398,0.029056420549750328,0.711051843453245,298.187402246552,0.0
8.794,76.24886070182524,0.1208516857089349,-0.457884304574186,64,0.0004578605876304209,-0.024103499948978424,1.0115185976028442,-2.1185834407806396,2.382988214492798,-0.12547822296619415,0.7130215211656502,298.187402246552,0.0
8.844,76.26782055195447,-0.03988734871538775,-0.5364551535745505,64,0.00940276775509119,-0.016087718307971954,0.9816577434539795,0.29805514216423035,-3.019932508468628,0.85194993019104,0.7145345596924567,298.187402246552,0.0
8.894,76.25821903527209,-0.42732823403602355,-0.779065895649271,64,0.012582693248987198,-0.012269719503819942,0.9957063794136047,-1.3023228645324707,0.26210689544677734,-0.09644405543804169,0.7169064882466333,298.187402246552,0.0
8.945,76.2184768809756,-0.6031496830815387,-1.0972981147697074,64,0.010030397213995457,-0.017607850953936577,0.9970988631248474,0.9965744614601135,1.1375080347061157,-1.2677631378173828,0.7182051981375264,298.187402246552,0.0
8.995,76.18952457559132,-0.41350023235023625,-0.7404469870197865,64,0.007684007752686739,-0.006053142715245485,0.9852660894393921,3.423396587371826,-0.5892153978347778,-0.775493323802948,0.7190663991292239,298.187402246552,0.0
9.046,76.19057917842687,-0.26480113853946424,-0.5528843552359847,64,0.005575931165367365,-0.014949680306017399,0.9852548837661743,2.45916748046875,-0.9165733456611633,-0.6445570588111877,0.7194638997847254,298.187402246552,0.0
9.096,76.1629393504555,-0.04623439208469923,-0.5281877410294378,64,-0.00406212592497468,-0.0012735783820971847,0.9884410500526428,1.545234203338623,1.7223541736602783,0.3779119849205017,0.7203967908592659,298.187402246552,0.0
9.146,76.1617263838778,0.019439050493283875,-0.23553708932870412,64,-0.013182521797716618,0.008839762769639492,0.9977613687515259,3.133767604827881,0.5712856650352478,0.4819224178791046,0.7212976102717925,298.187402246552,0.0
9.197,76.20958268341799,-0.11547446011335893,-0.8833111824736639,64,0.014798504300415516,-0.03541147708892822,0.9969437122344971,-0.1364077776670456,-1.1293617486953735,-1.6935255527496338,0.721552536050738,298.187402246552,0.0
9.248,76.22103570336951,0.16328277392582227,-0.6056905834007974,64,-0.00020417057385202497,-0.018255097791552544,1.012378454208374,2.7524607181549072,0.49865853786468506,0.8822283148765564,0.7216035083839161,298.187402246552,0.0
9.299,76.21098229092354,0.43049675487886196,-0.3780551016320859,64,-0.017865143716335297,-0.0016072926810011268,1.0021041631698608,2.370380401611328,-1.260769248008728,0.7853307127952576,0.7211810214066688,285.9102931152011,0.0
9.349,76.23879763600833,0.3388081046176863,-0.6561788260808438,64,-0.0038076562341302633,-0.018155815079808235,0.9926833510398865,-0.6927026510238647,1.8609122037887573,0.3841593265533447,0.7215218883196135,285.9102931152011,0.0
9.4,76.26121333810909,0.3147129047654737,-0.7740629786611438,64,0.0005883246776647866,-0.0233987458050251,1.0047370195388794,1.4637086391448975,-1.9567408561706543,0.9897763133049011,0.7219896719731896,285.9102931152011,0.0
9.45,76.26012514788206,0.23605268774478072,-1.1622582554308305,64,-0.0050774565897881985,-0.018571646884083748,1.0061649084091187,-1.4188178777694702,2.0407521724700928,-0.5950161218643188,0.7221755086807782,285.9102931152011,0.0
9.501,76.26023599940484,0.16298020199408492,-0.9098362892154843,64,0.0023132222704589367,-0.010888409800827503,0.9951279759407043,2.9869306087493896,-1.707332730293274,-0.43931299448013306,0.7221035339936775,285.9102931152011,0.0
9.551,76.28666184812121,0.5486215980680029,-1.0796239098865021,64,-0.008072642609477043,-0.03910839930176735,1.0298415422439575,1.3809305429458618,-4.0807623863220215,0.923801600933075,0.7215865390549641,285.9102931152011,0.0
9.601,76.26909266385202,0.6200498434336109,-0.9785205901377316,64,-0.007964671589434147,-0.0036446480080485344,0.9807355403900146,0.5599184632301331,1.733222484588623,0.12596826255321503,0.7215466600124447,285.9102931152011,0.0
9.652,76.27616547239974,0.6694864538118722,-0.6250459522999596,64,-0.01466967724263668,-0.007711050100624561,1.0163177251815796,-1.4736723899841309,-3.114621877670288,0.1318507045507431,0.7215286377013709,285.9102931152011,0.0
9.702,76.31431668815453,0.5154708200475273,-0.6479754496906323,64,-0.008829912170767784,-0.011147499084472656,1.0207927227020264,-0.06765887141227722,-1.592763066291809,1.0424596071243286,0.7212613969315752,285.9102931152011,0.0
9.755,76.35223429050953,0.43035327037257626,-0.7290674617092734,64,-0.0033163547050207853,-0.013444412499666214,0.9690408706665039,-0.6663289070129395,3.066716194152832,0.7094836235046387,0.7205338839728209,285.9102931152011,0.0
9.806,76.3741773318249,0.5085410039554507,-0.6900616751315057,64,-0.013136502355337143,-0.015408072620630264,1.0014445781707764,-0.11430060118436813,1.509849190711975,1.5655176639556885,0.7209931671885598,285.9102931152011,0.0
9.859,76.40907189940019,0.7556926053811547,-0.971793683003688,64,-0.020391296595335007,-0.02769673801958561,1.0022443532943726,-0.45544692873954773,-2.38421893119812,1.3047785758972168,0.7221634963218516,271.47598705501616,0.0
9.909,76.44012012169713,0.8399855380631663,-1.3818906336445924,64,-0.013214628212153912,-0.03390232473611832,0.9847409129142761,0.3370799124240875,-1.0052151679992676,0.7007855772972107,0.7233916146161835,271.47598705501616,0.0
9.959,76.4207746547026,0.6708852536868383,-1.4946689067846681,64,-0.0064512803219258785,-0.015607347711920738,0.9761505722999573,0.6424587368965149,3.8300044536590576,-1.3590890169143677,0.7242073361732329,271.47598705501616,0.0
10.009,76.39320359682115,0.8157316014485827,-1.174636877613996,64,-0.015428268350660801,-0.01698370650410652,1.0161126852035522,1.1065634489059448,3.720954656600952,-0.4628782272338867,0.7249489573639055,271.47598705501616,0.0
10.062,76.3908592509621,0.9297916981696822,-0.7069634520494884,64,-0.01759267784655094,-0.009261593222618103,0.9843958020210266,2.481330394744873,-0.464503675699234,-0.7000312209129333,0.7260344696891963,271.47598705501616,0.0
10.112,76.40878485274521,1.1908820307795638,-0.3969503884163122,64,-0.02343454770743847,-0.0110339829698205,0.9861783981323242,0.9977583885192871,0.0796692967414856,1.8232173919677734,0.7260964702285823,271.47598705501616,0.0
10.163,76.40496381424475,1.1436139269024148,-0.6920758065370226,64,-0.022098852321505547,-0.012780421413481236,1.0094101428985596,3.4848525524139404,4.237680912017822,0.04016393795609474,0.7253037009438925,271.47598705501616,0.0
10.213,76.40393162210478,1.0295560725043322,-0.5948464993268463,64,-0.011655276641249657,-0.012884343042969704,0.9955947995185852,-0.426019549369812,2.9529619216918945,-0.5321261286735535,0.7240201566506804,271.47598705501616,0.0
10.263,76.3498856238093,0.7514790639835129,-0.14351224411502034,64,-0.012911783531308174,0.022722480818629265,0.993927001953125,0.614554762840271,-1.380908727645874,0.44856178760528564,0.7234289274465684,271.47598705501616,0.0
10.314,76.35572133587513,0.9209947072157212,0.004428228374488475,64,-0.024370020255446434,-0.0007084286771714687,1.0083234310150146,-1.4917157888412476,-0.4500810503959656,-0.21693086624145508,0.7233266239850619,271.47598705501616,0.0
10.364,76.37660786423962,1.0667519824896532,-0.10227811686287544,64,-0.01843487098813057,-0.004068133886903524,1.0108213424682617,-0.5121963620185852,1.6261171102523804,0.2879115045070648,0.7232017122293857,271.47598705501616,0.0
10.414,76.39540864244563,1.118828325814956,0.18055727557271753,64,-0.02972593531012535,0.016015782952308655,0.998744785785675,-1.8614132404327393,0.27001965045928955,2.001103162765503,0.7221258404287528,286.45704138778854,0.0
10.464,76.463429565807,0.99244685852727,0.33071687744403383,64,-0.009750639088451862,0.00989292562007904,1.0113738775253296,-1.942915916442871,1.611237645149231,2.0501365661621094,0.7213378527371351,286.45704138778854,0.0
10.515,76.55865172094512,0.648411412524904,0.5406008359778097,64,-0.007913882844150066,0.010170476511120796,0.9777471423149109,-3.878627061843872,1.4639925956726074,3.683260679244995,0.7203476615085096,286.45704138778854,0.0
10.565,76.61806418190952,0.35182925445586316,0.04768954180661413,64,-0.005787512753158808,-0.008161465637385845,1.0264191627502441,-2.7909202575683594,2.9388926029205322,2.4121336936950684,0.7198020268862875,286.45704138778854,0.0
10.616,76.66212249605327,0.46397117436796015,-0.25109644677214504,64,-0.017083685845136642,-0.010999627411365509,0.9708250164985657,1.1890507936477661,-2.189513683319092,0.20512814819812775,0.7197185962232001,286.45704138778854,0.0
10.666,76.66174250726235,0.9918260478759641,0.23019105770578005,64,-0.028934817761182785,0.022287998348474503,0.9687934517860413,-1.425466537475586,3.82295823097229,1.1573469638824463,0.7199690829481215,286.45704138778854,0.0
10.716,76.67219973966206,0.7962099932669939,0.33433969905787014,64,-0.003978492692112923,0.006302287802100182,0.9861611723899841,-0.8806857466697693,-0.029842885211110115,-0.5634474158287048,0.7205552729533349,286.45704138778854,0.0
10.767,76.67719436139585,0.7711641520449032,0.3271104062188888,64,-0.016236983239650726,0.0056902444921433926,1.0182323455810547,2.0014312267303467,-5.0212907791137695,0.7182337045669556,0.7213523655826053,286.45704138778854,0.0
10.817,76.70084068873285,0.5309655052948439,-0.5511527262247236,64,0.005435795523226261,-0.02965368889272213,1.0309087038040161,-1.4900907278060913,-3.032846689224243,-2.058554172515869,0.7219617802337737,286.45704138778854,0.0
10.868,76.6401159637881,0.5903654723906221,-0.23874031766312523,64,-0.016323139891028404,0.012062535621225834,1.0124866962432861,-1.166844367980957,3.5608677864074707,-0.7862104177474976,0.7226742342093164,286.45704138778854,0.0
10.918,76.61449051146803,0.8243449512941521,0.23061968511609235,64,-0.024334030225872993,0.003951136488467455,1.0300856828689575,-2.8375096321105957,0.0833500474691391,-0.04526863619685173,0.7241339190175244,286.45704138778854,0.0
10.968,76.59590698981063,0.5507010874351543,0.25509661548222334,64,-0.0020294799469411373,0.012834225781261921,0.9421722888946533,-0.9339009523391724,-0.6154460310935974,-1.5778502225875854,0.7266737507051788,287.084462696783,0.0
11.019,76.59538840311968,0.29822375126309286,-0.08437718769542264,64,0.006590161006897688,-0.012848182581365108,0.9822536706924438,-2.6792848110198975,3.5875401496887207,-0.37842828035354614,0.7282660211057216,287.084462696783,0.0
11.069,76.53029000154464,0.2492213374553061,-0.24316154008904042,64,-0.015463173389434814,-0.003989142365753651,1.0298782587051392,1.52582848072052,-4.9249162673950195,-2.111524820327759,0.7307404457039784,287.084462696783,0.0
11.119,76.536178752156,0.8578967435222318,0.015541250897384796,64,-0.024267544969916344,-0.00017752214625943452,1.0076128244400024,-0.29406440258026123,-1.8648208379745483,-0.3635006844997406,0.7320694969347643,287.084462696783,0.0
11.17,76.5376047921219,0.9512064527955908,-0.013475818829705197,64,-0.00850746687501669,-0.007548272609710693,0.9916012287139893,-3.1340713500976562,0.13109368085861206,0.5195885300636292,0.7341071506443831,287.084462696783,0.0
11.22,76.50343237087931,0.858954542848518,-0.10218504861563518,64,-0.023611102253198624,0.004741073586046696,1.012502908706665,-2.9043807983398438,3.324572801589966,0.07444646954536438,0.7356877233956792,287.084462696783,0.0
11.271,76.51945869002849,0.4145337155004311,-0.25182989219513063,64,0.003394178580492735,-0.00611070403829217,1.0010970830917358,0.20247907936573029,-2.0055577754974365,-1.5455743074417114,0.7378113328555209,287.084462696783,0.0
11.321,76.52142708821482,0.37899656316184105,-0.13249143326920967,64,-0.005015077069401741,-0.005720787215977907,1.0078353881835938,-0.5122982263565063,1.891007423400879,-0.9095969796180725,0.7385927608209912,287.084462696783,0.0
11.373,76.50069435939558,0.454893396510843,0.16937710879828183,64,-0.012028356082737446,0.01569453440606594,0.9683855772018433,1.7922887802124023,-1.1917582750320435,-0.13936831057071686,0.7399872912621624,287.084462696783,0.0
11.423,76.55271453758319,0.7831045530087439,0.16101841259212848,64,-0.01140030100941658,-0.017981993034482002,1.0084973573684692,-0.43987932801246643,-0.712885856628418,1.6999164819717407,0.7412078421000514,287.084462696783,0.0
11.473,76.54507024760002,0.5043737685981851,-0.22603758238438718,64,-0.004249312449246645,-0.000731112842913717,0.9823945760726929,-1.449779987335205,0.9489820599555969,-0.45154353976249695,0.743271532447943,287.084462696783,0.0
11.524,76.55358044357915,0.18163068644278085,-0.43720672143980766,64,0.0026160927955061197,-0.013671988621354103,0.9886866807937622,1.4251044988632202,-1.9238427877426147,-1.0647647380828857,0.744004577662281,285.5015996188142,0.0
11.574,76.51526095565525,0.42490812814330614,-0.4834734360102161,64,-0.01173726748675108,-0.0067457640543580055,0.9997289180755615,0.9697224497795105,-0.6900122761726379,-1.752102255821228,0.7445421882590734,285.5015996188142,0.0
11.625,76.48501567273019,0.5473278959845886,-0.16564420597072418,64,-0.012117580510675907,0.005208646412938833,0.9936239719390869,0.9003588557243347,-0.14936086535453796,-0.33555078506469727,0.7443502975402798,285.5015996188142,0.0
11.675,76.47934576778957,0.37922131068423576,-0.2365644719440339,64,0.000233739847317338,-0.011025000363588333,0.9895374178886414,1.6407722234725952,-2.9857382774353027,-1.1579524278640747,0.7442842491510834,285.5015996188142,0.0
11.725,76.46414688744584,0.28875342283642585,0.004839354218721061,64,0.00544041208922863,0.0012808763422071934,0.9843268394470215,0.07852287590503693,-0.7597510814666748,0.27677157521247864,0.7432092270242114,285.5015996188142,0.0
11.776,76.43869667215438,0.0997645759711842,-0.05203832450347132,64,-0.007030106149613857,0.007862831465899944,0.9702661037445068,0.1475624293088913,0.5628286600112915,-1.3652639389038086,0.7423933618674021,285.5015996188142,0.0
11.826,76.42254936813661,0.3179254692054092,-0.14376911061398182,64,-0.008936609141528606,-0.0008046187576837838,0.9986831545829773,-0.24922630190849304,2.573042869567871,-2.0632286071777344,0.7418593284416254,285.5015996188142,0.0
11.877,76.37978599230128,0.523089721046204,-0.016810213812061756,64,-0.01558761391788721,0.003703176509588957,1.0119043588638306,2.333256721496582,-0.7963735461235046,-1.4966681003570557,0.7419452223355477,285.5015996188142,0.0
11.928,76.38087544338876,0.5659655203970082,-0.04974323273449788,64,-0.00951584056019783,0.001632552593946457,1.0176256895065308,2.82000994682312,0.2594521939754486,-0.643245279788971,0.741545349291414,285.5015996188142,0.0
11.979,76.38668887307021,0.7007469215838105,-0.3227751530910118,64,-0.015189900062978268,-0.013544556684792042,1.025587558746338,0.4978747069835663,0.4423612654209137,-1.0857244729995728,0.7405583676564323,285.5015996188142,0.0
12.029,76.39270255973494,0.8698194841158143,-0.17872352986183784,64,-0.012719163671135902,-0.003472711890935898,0.9992291331291199,-1.865349531173706,3.4125287532806396,0.37450915575027466,0.7398662371289545,285.5015996188142,0.0
12.079,76.39997664138777,0.6030053183620808,-0.4766512210391671,64,-0.0007944558165036142,-0.0146605484187603,0.9917883276939392,-2.7265100479125977,2.2310142517089844,-0.4630310535430908,0.7399022723292012,267.17013822536467,0.0
12.13,76.38333223580302,0.001491448861450189,-0.5491584262019914,64,0.017127403989434242,-0.013512549921870232,0.9587242603302002,0.13211584091186523,-0.7009031772613525,-0.9859064817428589,0.7406169148659472,267.17013822536467,0.0
12.18,76.37772095156565,0.0035871643240967836,-0.6780616287902883,64,0.0039761802181601524,-0.024519693106412888,1.0046685934066772,-0.03173608332872391,1.309626817703247,-0.9421119689941406,0.7409750105305265,267.17013822536467,0.0
12.231,76.32132532520913,0.22943939860003412,-0.6562466366409212,64,-0.018016813322901726,0.0022366372868418694,1.0058029890060425,0.15931960940361023,1.1749179363250732,-0.1522597372531891,0.7420479987620066,267.17013822536467,0.0
12.281,76.29429970287022,0.34508124343797064,-0.34373870660945777,64,-0.008082946762442589,0.004923450760543346,0.9983106255531311,-1.0917203426361084,-0.19109247624874115,-1.3881901502609253,0.7429375127616173,267.17013822536467,0.0
12.331,76.25721537967426,0.4606113758538281,-0.09536635663751487,64,-0.012272492051124573,0.005295415408909321,1.0084840059280396,0.18919001519680023,2.6084628105163574,-0.6492382287979126,0.7433114096759039,267.17013822536467,0.0
12.382,76.24924534753079,0.6912146004557931,0.4113008442077291,64,-0.019164755940437317,0.01571781560778618,1.011205792427063,0.49193859100341797,-0.9280219674110413,-0.5093373656272888,0.7433506114998315,267.17013822536467,0.0
12.433,76.30427294150523,0.8087333171260771,0.3979128112303613,64,-0.0062494948506355286,-0.0036793856415897608,0.9868624210357666,1.121192216873169,-1.619990348815918,0.4508270025253296,0.7437544281334264,267.17013822536467,0.0
12.485,76.31580685616707,0.6981135332828325,0.20385079536207806,64,-0.008290309458971024,0.0027855855878442526,0.9885640740394592,-0.22827433049678802,0.9646949172019958,1.0280970335006714,0.7438000630650379,267.17013822536467,0.0
12.535,76.3454067824499,0.3174354137801921,-0.050410147989456,64,0.002005561487749219,-0.009676346555352211,0.9904746413230896,1.6362804174423218,-0.8722792863845825,0.09831187129020691,0.7444682718483112,267.17013822536467,0.0
12.585,76.3482378561308,0.45507558801122744,-0.15285305849461325,64,-0.016932854428887367,-0.003962299786508083,0.9994724988937378,2.3181071281433105,-1.9240379333496094,0.39789408445358276,0.7454456293979197,267.17013822536467,0.0
12.636,76.36644059294626,0.5689889711378383,-0.5479188338614555,64,-0.010348694398999214,-0.02751764841377735,1.0105332136154175,1.3092234134674072,-0.8337617516517639,-0.7696283459663391,0.7455778189111242,285.24918389553864,0.0
12.687,76.35691841589673,0.5574732595187308,-0.9547966496058774,64,-0.002023844514042139,-0.027858814224600792,1.0118918418884277,-1.5923258066177368,-1.0568785667419434,-0.7744107842445374,0.7455784153639807,285.24918389553864,0.0
12.738,76.31617387320583,0.45628408512581065,-0.7372111603178255,64,-0.004158633295446634,-0.0034138173796236515,1.0006166696548462,-2.8266477584838867,-0.07662507891654968,-0.490650475025177,0.7457103397451881,285.24918389553864,0.0
12.789,76.30426857065969,0.19890952137122234,-0.23500899764100944,64,0.0011710149701684713,-0.0019419899908825755,0.9940818548202515,-2.5046474933624268,-3.2566072940826416,0.8894535899162292,0.7461742630416393,285.24918389553864,0.0
12.839,76.29558941687742,0.10772694674532701,-0.43987105467894566,64,-0.006279120687395334,-0.0015784197021275759,1.0054975748062134,-1.7546824216842651,-0.40056857466697693,-0.29502034187316895,0.7461681832873505,285.24918389553864,0.0
12.89,76.2882763969323,0.14791275944385093,-0.2567490319933172,64,-0.0073687126860022545,0.0020211918745189905,0.9899031519889832,0.07098916172981262,-1.7767642736434937,-0.33164557814598083,0.7459488140737084,285.24918389553864,0.0
12.94,76.29866660832784,0.25957248205542505,-0.1535264731264191,64,-0.006862593814730644,-0.0038175631780177355,1.0066936016082764,-2.7646684646606445,0.4664674699306488,0.38758304715156555,0.7448513630683689,285.24918389553864,0.0
12.99,76.31442058056514,0.07473179040580401,-0.5447109182502741,64,0.0013433062704280019,-0.013700170442461967,1.0032284259796143,-0.30083248019218445,1.876659631729126,-0.2158919721841812,0.743955449087795,285.24918389553864,0.0
13.04,76.34776086209045,-0.11180488642557891,-0.5797452579564265,64,0.01777844876050949,-0.021747715771198273,0.9717575311660767,0.12754790484905243,-0.9092016220092773,-0.29295244812965393,0.743717210242128,285.24918389553864,0.0
13.09,76.33747391644225,-0.30212725669787144,-0.7379462514118986,64,0.0040964605286717415,-0.014565638266503811,0.9736734628677368,0.6519933938980103,-0.4772700369358063,0.12248536944389343,0.7426677265601227,285.24918389553864,0.0
13.141,76.30861119249693,-0.18009839544540748,-0.30312513915572514,64,-0.012546945363283157,0.01753537729382515,0.9774264693260193,1.598946213722229,-1.9848308563232422,1.7364271879196167,0.742320080209573,285.24918389553864,0.0
13.192,76.32771485803018,0.013439833642215801,-0.2828538030076674,64,-0.0035997703671455383,-0.0013897661119699478,1.004311203956604,0.016327867284417152,1.984333872795105,-0.6185566782951355,0.7425859853711058,285.3073940548262,0.0
13.243,76.35826256789977,-0.13856709802589323,-0.3524457871588885,64,0.009177411906421185,-0.013776862993836403,1.008108377456665,-0.7024281620979309,-1.4785255193710327,0.12080477923154831,0.7429851956111689,285.3073940548262,0.0
13.293,76.37880904574673,-0.2526455389916258,-0.9616650500554097,64,0.013515583239495754,-0.03303854539990425,1.0072792768478394,-2.455158233642578,2.195985794067383,-0.4545818865299225,0.7433076992840125,285.3073940548262,0.0
13.343,76.34569565955329,-0.44176856576058393,-0.966479139999014,64,0.010343392379581928,-0.015024622902274132,0.9846113920211792,-0.2568318247795105,0.9464507102966309,-1.0293675661087036,0.7436303056347797,285.3073940548262,0.0
13.394,76.3031128263649,-0.36617809960617176,-0.7287005626229613,64,-0.002083105966448784,-0.0035963684786111116,0.9839678406715393,1.0762577056884766,0.5498497486114502,-0.8475293517112732,0.7440254150270743,285.3073940548262,0.0
13.444,76.25553892354122,-0.07459228845797602,-0.5437366378168603,64,-0.0057502021081745625,-0.0012225708924233913,1.0098230838775635,1.0235044956207275,1.8493801355361938,-1.585597038269043,0.7443963654720605,285.3073940548262,0.0
13.495,76.24363795212702,-0.12782498947706747,-0.29131360355843616,64,0.009770259261131287,-0.0012088310904800892,0.9836291670799255,1.0727814435958862,-0.8568026423454285,-1.1752279996871948,0.7459233297007045,285.3073940548262,0.0
13.546,76.222169503888,0.024590908315869926,-0.30591051309813155,64,-0.003954227548092604,-0.011508244089782238,1.0180866718292236,0.465750515460968,1.6286120414733887,-0.658935010433197,0.7472947359158065,285.3073940548262,0.0
13.596,76.19615667235585,-0.04494883284621558,-0.14495721976263734,64,0.005503570195287466,0.004952349700033665,0.9855347871780396,1.2784347534179688,0.6494225263595581,-1.4812527894973755,0.7477692917867615,285.3073940548262,0.0
13.647,76.21624545485193,-0.06616748836595551,-0.019201517744572304,64,0.004960926715284586,-0.009196564555168152,0.9965366125106812,1.6281557083129883,-1.5418518781661987,1.4707300662994385,0.7489940139745448,285.3073940548262,0.0
13.697,76.20174473259681,0.03225989794597365,-0.059010876918784476,64,-0.016544483602046967,0.007956103421747684,1.0137945413589478,1.0144150257110596,-0.07768094539642334,0.39936110377311707,0.7498534676705014,285.3073940548262,0.0
13.747,76.2180708969159,0.20396221649141338,-0.006752797257815135,64,-0.0038797063753008842,0.0025990635622292757,0.9980539679527283,-0.26205477118492126,-0.6679201722145081,-0.25417402386665344,0.7510439503703676,277.8052722214863,0.0
13.798,76.26748019628653,0.11623125369610042,-0.15941824669228674,64,0.012006975710391998,-0.01553951296955347,0.9897197484970093,-2.7339119911193848,2.3426549434661865,0.769167959690094,0.7515012463509115,277.8052722214863,0.0
13.848,76.29693348164163,-0.07111310043515384,-0.3114246707875784,64,0.0015684157842770219,-0.010988547466695309,1.019405484199524,-1.0234148502349854,0.8212339878082275,0.9343595504760742,0.7519720585941322,277.8052722214863,0.0
13.899,76.32078956773367,-0.20474250671610736,-0.5427120952257043,64,0.007030379492789507,-0.015520922839641571,0.9807294011116028,0.11903303861618042,-4.026694297790527,0.7823256850242615,0.751654463195551,277.8052722214863,0.0
13.949,76.32349486995216,-0.32299022669561944,-0.5629025588846525,64,-0.004455012734979391,-0.00020642245362978429,0.9783377051353455,0.5922923684120178,-1.0176349878311157,0.6793824434280396,0.7517209002169137,277.8052722214863,0.0
14.0,76.33161494506565,0.03718499718736922,-0.6282749558336386,64,-0.007646963931620121,-0.01094730757176876,1.0141456127166748,0.3353192210197449,2.6633312702178955,-0.24438293278217316,0.7519594440854724,277.8052722214863,0.0
14.05,76.33217120744835,0.1361036819961835,-0.332916180932658,64,-0.0009816150413826108,0.0027600666508078575,0.9801692962646484,1.108438491821289,0.8850395083427429,-0.011260995641350746,0.7515252507407263,277.8052722214863,0.0
14.101,76.37508733761516,0.17983728860984452,-0.02804040904462738,64,-0.0008089502225629985,-0.005468966905027628,0.9942861199378967,-0.6556274890899658,0.0809583067893982,1.060424566268921,0.7510069987304251,277.8052722214863,0.0
14.151,76.40884946161067,0.23356690709799244,-0.22485802258355622,64,-0.007919766940176487,-0.004836013540625572,1.0324370861053467,-1.1227402687072754,1.757096767425537,0.9021428823471069,0.7510410298616033,277.8052722214863,0.0
14.201,76.45259440816235,0.20439969903049107,-0.39660834000808454,64,0.00755316810682416,-0.015877485275268555,1.0162533521652222,-2.569465398788452,0.5716486573219299,-0.03579104319214821,0.7522302648788793,277.8052722214863,0.0
14.254,76.48355792012198,-0.06421626503948481,-0.13889104525350762,64,0.010833673179149628,0.0008215827983804047,0.9797856211662292,-1.679519534111023,0.699237048625946,1.5607823133468628,0.7535411789918501,277.8052722214863,0.0
14.305,76.49971675853189,-0.4162354717757986,-0.2710590936705197,64,0.004401918035000563,-0.0010686359601095319,1.003394365310669,-2.27002215385437,1.779556155204773,0.30175572633743286,0.7540664541989982,285.9102931152011,0.0
14.355,76.50745554669614,-0.08975460793813465,-0.1077198940770021,64,-0.012834715656936169,0.00026089517632499337,0.9974429607391357,-1.188813328742981,-1.260347843170166,0.6113476753234863,0.7547941140362353,285.9102931152011,0.0
14.406,76.53969085068042,-0.07910403605065323,-0.23270897168751456,64,0.002588460221886635,-0.001472908421419561,0.9947526454925537,-1.4078699350357056,3.0856337547302246,0.33729827404022217,0.7559867318456173,285.9102931152011,0.0
14.456,76.57924636477307,-0.053959056950758866,-0.6622150631583323,64,0.00983927957713604,-0.034660618752241135,1.0365526676177979,0.06772121787071228,-3.7988150119781494,0.5729590058326721,0.757233990351249,285.9102931152011,0.0
14.506,76.53101931011774,-0.2939782006515067,-0.8294965215849137,64,0.00353581877425313,-0.008181257173418999,0.9765627980232239,0.6431977152824402,-3.6773104667663574,-0.8744372725486755,0.758651966433,285.9102931152011,0.0
14.557,76.51780373882562,0.09918031737347566,-0.5339106132286756,64,-0.01895100437104702,-0.00017924119310919195,1.0260051488876343,-2.752830743789673,0.5913051962852478,1.6620798110961914,0.7599560303995723,285.9102931152011,0.0
14.607,76.49689640239083,0.11672631415726593,-0.8611908259637535,64,-0.009858151897788048,-0.006653740536421537,1.0124484300613403,-3.5096435546875,2.293003559112549,-1.8478281497955322,0.7611690772532037,285.9102931152011,0.0
14.658,76.4874273252659,-0.0060759624870050655,-0.18685603315321325,64,0.010316520929336548,-0.00181017245631665,0.9843719601631165,-2.546753406524658,-1.4650598764419556,-0.4085739254951477,0.762214237957195,285.9102931152011,0.0
14.708,76.45692649743674,-0.28200767453801734,-0.4777017624571049,64,-0.004946513567119837,-0.007549927104264498,0.9952702522277832,0.18784812092781067,-0.46820151805877686,-0.266231894493103,0.7646957311434053,285.9102931152011,0.0
14.759,76.43243657310477,-0.5477990667320322,-0.45306157596334967,64,0.025658195838332176,-0.006161930505186319,0.9694004058837891,-3.946706771850586,2.682851791381836,-2.3698177337646484,0.766503736928306,285.9102931152011,0.0
14.81,76.36014291188175,-0.7404279485491058,0.3228700510774539,64,0.006475570611655712,0.02599404752254486,0.9603016972541809,2.3029987812042236,-5.1149983406066895,-1.222212314605713,0.7661261271364812,285.9102931152011,0.0
14.86,76.36208883854518,-0.5702381584399622,0.22755474609295123,64,0.015247192233800888,-0.004710528068244457,0.9671759009361267,-0.12519866228103638,-4.17665958404541,0.7860361337661743,0.7655527426311126,286.2029341521665,0.0
14.911,76.32664129263611,-0.9160185224564925,-0.6600447141304636,64,0.009084486402571201,-0.006038369610905647,1.011426568031311,2.971799850463867,1.7177420854568481,-2.177263021469116,0.7633385718636537,286.2029341521665,0.0
14.961,76.32928426146425,-0.15408638805661293,-0.10939652453169692,64,-0.008844480849802494,0.0010078808991238475,1.0250662565231323,0.8301911950111389,2.109659433364868,-0.22756604850292206,0.7611220919504678,286.2029341521665,0.0
15.012,76.38251982083625,0.030796564874448627,0.5674239635058413,64,0.01392064057290554,0.005976098123937845,0.9780994653701782,-3.326233386993408,1.56766939163208,3.710299491882324,0.757539759267321,286.2029341521665,0.0
15.063,76.44308235815208,-0.47022208074543737,-0.2654988306128415,64,0.015269951894879341,-0.026730014011263847,1.0108064413070679,-0.7754490375518799,-0.47276079654693604,2.256410837173462,0.7547173856268184,286.2029341521665,0.0
15.113,76.42430676602014,-0.792898257007651,-1.2998671215547384,64,0.011841855011880398,-0.020564967766404152,0.9840935468673706,-0.5980857014656067,1.5310261249542236,-2.2001771926879883,0.7519963256569127,286.2029341521665,0.0
15.164,76.3817175285329,-0.14834390497974392,-0.45421585405521764,64,-0.01724356971681118,0.010365390218794346,1.0102362632751465,0.9357833862304688,-1.3702659606933594,-0.3457624614238739,0.7490216114413889,286.2029341521665,0.0
15.214,76.37780871511133,0.13512634870422546,0.007751197063522679,64,-0.007352645508944988,0.016391204670071602,1.0063064098358154,0.3977377712726593,-0.5348211526870728,0.5763166546821594,0.7455885981968403,286.2029341521665,0.0
15.264,76.42835653135135,-0.20621108101470997,-0.020490125937239444,64,0.02221020497381687,-0.010798295959830284,0.9867457747459412,-0.49661383032798767,-2.952143907546997,1.1401351690292358,0.7411334000530784,286.2029341521665,0.0
15.315,76.4280714313558,-0.9176936851641202,-0.6378409499586809,64,0.02610675059258938,-0.021572381258010864,0.9642165899276733,3.2835004329681396,-3.8919870853424072,0.333802193403244,0.7389461704605015,286.2029341521665,0.0
15.365,76.37855185480794,-0.7814328695998636,-0.8789124183185716,64,0.000676716270390898,-0.007891488261520863,1.0040525197982788,1.8290215730667114,1.3724932670593262,-1.2611254453659058,0.7363951370232606,286.2029341521665,0.0
15.416,76.33153600556159,-0.04729919968827474,-0.22300199408880228,64,-0.02765810117125511,0.022575195878744125,1.0270291566848755,0.1724971979856491,2.190136194229126,-0.6140152215957642,0.7344395535460849,285.5210347174949,0.0
15.466,76.34407360455108,-0.033302008815969016,0.10847689026660479,64,0.0034549259580671787,0.007830091752111912,0.999803364276886,-0.47387051582336426,-2.4365532398223877,-0.5649120211601257,0.7315022297111459,285.5210347174949,0.0
15.517,76.37641779726349,-0.2645358148227055,-0.43532077804457575,64,0.013854420743882656,-0.026776647195219994,1.001940369606018,-0.9377809166908264,-1.6574289798736572,-0.30772528052330017,0.7290659368511561,285.5210347174949,0.0
15.567,76.36591739655437,-0.5593731539963899,-0.9166862073090173,64,0.013645056635141373,-0.019908282905817032,0.9875430464744568,-0.8902368545532227,1.8480099439620972,-0.21137051284313202,0.7263236512200043,285.5210347174949,0.0
15.617,76.34048067197327,-0.6627375543481717,-0.957451454026368,64,0.012514750473201275,-0.015841573476791382,0.989873468875885,0.9210108518600464,0.3011299967765808,-1.4685245752334595,0.7239087498288855,285.5210347174949,0.0
15.668,76.33132052487161,-0.0016344106807141476,-0.6152985809226739,64,-0.012002058327198029,-0.009435013867914677,0.9863883852958679,0.042459819465875626,1.067986249923706,-0.2577136158943176,0.7205863060222558,285.5210347174949,0.0
15.718,76.33626037648297,0.10455448342879888,-0.738919154932901,64,0.00021951876988168806,-0.023130711168050766,1.003623366355896,0.8302631378173828,-2.435448169708252,0.4571233093738556,0.7190189712703821,285.5210347174949,0.0
15.768,76.31886777285582,-0.02771264449314592,-1.017756878746294,64,0.006454172544181347,-0.022959155961871147,0.9971648454666138,-0.14553141593933105,-1.8546308279037476,-0.3151297867298126,0.7163661988801832,285.5210347174949,0.0
15.819,76.30312386050171,-0.1079204417404758,-1.0217915875286019,64,0.0040998938493430614,-0.01272315252572298,1.0063754320144653,-0.47290119528770447,1.4597736597061157,-0.3025912642478943,0.7153186124158846,285.5210347174949,0.0
15.869,76.28401252017544,-0.4006563541101529,-1.0570955153059063,64,0.014503838494420052,-0.024199573323130608,1.0173430442810059,-0.6594647765159607,-0.24823057651519775,-0.9963164925575256,0.7134687795327687,285.5210347174949,0.0
15.92,76.25964511848743,-0.5307667110069793,-0.8063008438327289,64,0.012849021703004837,-0.01324127335101366,0.9823445081710815,1.6146622896194458,-0.8931008577346802,-1.030067801475525,0.7115819883146826,285.5210347174949,0.0
15.97,76.24690901474159,-0.19704662502752915,-0.3037027777539887,64,-0.0004070666036568582,-0.004269956145435572,0.9867390394210815,-0.07261917740106583,-0.2986459732055664,1.3565312623977661,0.7096911616787827,196.29821687649178,0.0
16.021,76.23181353210751,0.05602412430194397,-0.22472776523931712,64,-0.008542146533727646,-0.0002761197101790458,1.0084339380264282,-1.5600409507751465,0.21376214921474457,0.9464812278747559,0.7065284192700285,196.29821687649178,0.0
16.071,76.24077529072825,-0.24900405496173544,-0.9235344774443714,64,0.006556820124387741,-0.024541610851883888,1.006386399269104,-0.4859970808029175,-0.39644095301628113,-1.4358676671981812,0.7047520351636118,196.29821687649178,0.0
16.122,76.22175797186358,-0.2703656446309951,-0.9772060385479825,64,0.013682747259736061,-0.023249730467796326,0.9984155297279358,-1.3142673969268799,1.7174270153045654,-0.6385757923126221,0.7017872663068919,196.29821687649178,0.0
16.172,76.17243162025285,-0.4722000326857164,-0.4803290349385466,64,0.0021742545068264008,0.009349200874567032,0.9784755110740662,2.054114580154419,-0.7844734191894531,0.12586674094200134,0.7000722226299858,196.29821687649178,0.0
16.223,76.1871062825007,-0.24123258444879936,-0.5156431657982252,64,-0.009755794890224934,-0.009628470055758953,1.0108370780944824,0.26748600602149963,-2.2315170764923096,-0.1729995757341385,0.6976796219813132,196.29821687649178,0.0
16.273,76.2028562019304,-0.047352012254300864,-0.7523127733007848,64,0.002414667047560215,-0.013209682889282703,1.011316180229187,-0.8894863128662109,1.9060806035995483,0.16282065212726593,0.6960722884073395,196.29821687649178,0.0
16.324,76.20635788961185,-0.32374581393069146,-0.9750155015270779,64,0.00941811315715313,-0.02314288169145584,1.00703763961792,-1.9426164627075195,-0.02366642653942108,-0.6672483682632446,0.6942090930014472,196.29821687649178,0.0
16.375,76.20877704327914,-0.5377732853522417,-1.1134477133219844,64,0.018576161935925484,-0.03151283413171768,0.9862048625946045,-0.5013324618339539,-1.8844231367111206,-0.4846286475658417,0.6929387266082855,196.29821687649178,0.0
16.425,76.15053720503666,-0.5443230944274903,-1.065270287420107,64,0.009405557066202164,-0.007866880856454372,0.9720641374588013,-0.3536507189273834,1.015478253364563,-1.3705190420150757,0.6893244654071484,196.29821687649178,0.0
16.475,76.10158220187216,-0.3938546533494597,-0.4603734772113578,64,0.0008134995587170124,0.0036562150344252586,1.001852035522461,0.8927882313728333,-0.3426196277141571,-0.25174233317375183,0.6875987336914613,196.29821687649178,0.0
16.526,76.09784379302107,-0.4149202371780366,-0.3081542732650826,64,0.004520262125879526,0.0010472721187397838,0.9877212643623352,1.340570330619812,-2.522895336151123,0.47604283690452576,0.6862768787868809,284.2247069187504,0.0
16.576,76.11486555565287,-0.32352236849509197,-0.14222069372719334,64,0.0030501089058816433,0.006778201553970575,0.9905277490615845,-0.26623937487602234,0.6922162771224976,0.5350528359413147,0.6865752468809071,284.2247069187504,0.0
16.627,76.1469086522767,-0.2322576321301388,-0.43075642994849855,64,-0.0005702588241547346,-0.019331559538841248,1.0161150693893433,-1.4084786176681519,0.688887357711792,0.9470537900924683,0.686679931361702,284.2247069187504,0.0
16.677,76.1639674109426,-0.492251281608502,-0.6142326151460418,64,0.011513142846524715,-0.012276182882487774,0.9790507555007935,-0.5011982917785645,-0.02599414624273777,0.7945038080215454,0.6873311516191494,284.2247069187504,0.0
16.728,76.1608329999132,-0.6505286439954113,-0.9071502946786392,64,0.008974305354058743,-0.017317641526460648,0.9872252345085144,-0.03778911381959915,-0.7839540839195251,-1.3639427423477173,0.6888363465642646,284.2247069187504,0.0
16.778,76.14897437685977,-0.507768658606434,-0.7852159918316477,64,0.016338227316737175,-0.018629897385835648,0.9936402440071106,-0.36258286237716675,0.145906001329422,-0.5340049862861633,0.6904434650250094,284.2247069187504,0.0
16.829,76.13743227511337,-0.5786431433825125,-0.8968120479405264,64,0.014123978093266487,-0.026400519534945488,0.9971129894256592,-0.5519705414772034,2.7832579612731934,0.3574841022491455,0.6938091722668674,284.2247069187504,0.0
16.88,76.08822582472979,-0.7156193653814936,-0.888163083571143,64,0.0068557411432266235,-0.005725461058318615,0.9960468411445618,-0.3409016728401184,-1.7135244607925415,-1.374009132385254,0.6963165577069041,284.2247069187504,0.0
16.93,76.05758506306354,-0.7679753147484619,-0.9362689467111696,64,0.012121059000492096,-0.006203076336532831,0.9896343946456909,-1.6561110019683838,1.378633737564087,-1.5604071617126465,0.700011507668365,284.2247069187504,0.0
16.982,76.01477538749178,-0.8242233652131533,-0.5972427509431625,64,0.0121779665350914,-0.0025958530604839325,1.0021345615386963,0.018826637417078018,-0.3778517246246338,-1.1884543895721436,0.7040812371725939,284.2247069187504,0.0
17.032,75.97477913501147,-0.907911328611662,-0.4745994754376419,64,0.018527910113334656,0.002224092138931155,0.9878890514373779,0.5230791568756104,2.250941276550293,-2.052417755126953,0.706839075418406,284.2247069187504,0.0
17.083,75.95133557494465,-0.7575406184158107,-0.3625142990796213,64,0.0111031299456954,-0.00964360125362873,1.019363284111023,-0.8969824314117432,-0.013188503682613373,-1.1312274932861328,0.7111717764826437,283.72481904890753,0.0
17.133,75.93894428256492,-0.5058527371993436,-0.06442507132845636,64,0.0004290766955818981,-0.00037824438186362386,0.9943501949310303,0.5429167151451111,-2.122729778289795,0.4489688277244568,0.7135764967328655,283.72481904890753,0.0
17.184,75.93145731405156,-0.4963691654828395,-0.11482658640024708,64,0.006162283010780811,7.66542216297239e-05,0.9882827997207642,-1.6761095523834229,2.5649869441986084,0.45016664266586304,0.7157244996911944,283.72481904890753,0.0
17.236,75.93566953006602,-0.6440737007912963,-0.4224925644626894,64,0.013739517889916897,-0.014412674121558666,1.0030837059020996,0.10429371148347855,-0.955778956413269,-0.4457789361476898,0.7201649832730219,283.72481904890753,0.0
17.286,75.93515930439752,-0.6921100015660925,-0.6227433759666688,64,0.014988074079155922,-0.012225715443491936,0.991178572177887,-1.4569225311279297,-0.7035201191902161,-0.4924423098564148,0.7238922543016391,283.72481904890753,0.0
17.337,75.91395269845556,-0.8453084309069728,-0.22844702809012082,64,0.013657706789672375,0.0053591071628034115,0.9840666055679321,0.5137795805931091,-1.2166049480438232,0.3431810438632965,0.7256302747987772,283.72481904890753,0.0
17.387,75.92889235852658,-0.6938307817435141,-0.3464537649596793,64,0.008209694176912308,-0.01739262416958809,1.0177971124649048,-0.4801003634929657,1.0767813920974731,0.34732571244239807,0.7276809681104802,283.72481904890753,0.0
17.438,75.92998438053128,-0.7718202547059156,-0.564993556773371,64,0.01732979156076908,-0.0063385735265910625,0.9944760203361511,-0.3891051411628723,0.9085546731948853,-0.38402268290519714,0.7292939821589295,283.72481904890753,0.0
17.488,75.93193061156585,-0.88863587774087,-0.2850044218196146,64,0.021716628223657608,-0.0026126487646251917,0.9798647165298462,1.9843045473098755,-1.6598231792449951,-0.6779768466949463,0.7318251468375583,283.72481904890753,0.0
17.539,75.93867191784966,-0.6729632791210896,-0.13181951133688333,64,0.004132267087697983,-0.001929708756506443,1.007351279258728,1.9406025409698486,-1.5786292552947998,0.4621628224849701,0.7335143659639755,283.72481904890753,0.0
17.589,75.97450209626427,-0.4180932094318344,-0.20398484764126618,64,0.010470632463693619,-0.007610431406646967,1.0037809610366821,-0.12500889599323273,0.09422106295824051,0.9851697087287903,0.7363218149950934,285.2879880288396,0.0
17.64,76.02213444145868,-0.6217079351690791,-0.796567109657186,64,0.01930585317313671,-0.03739184886217117,1.0064769983291626,-1.547079086303711,1.5776739120483398,1.3460944890975952,0.7392517669944261,285.2879880288396,0.0
17.69,76.02054199024822,-0.7352072914287076,-1.1629698968515014,64,0.012130449526011944,-0.02708911895751953,1.0085023641586304,-2.2805042266845703,0.04538355767726898,0.1041150912642479,0.7409968890766614,285.2879880288396,0.0
17.741,75.98559140007575,-0.9004666550624154,-1.0373594061156266,64,0.015437494032084942,-0.008825683034956455,0.9864338040351868,-1.5533380508422852,-1.2665729522705078,-1.4609301090240479,0.7422405394365118,285.2879880288396,0.0
17.791,75.97521644182783,-1.0323198558427753,-0.5778843079111652,64,0.026817990466952324,-0.004853460006415844,0.9638267159461975,0.2388923019170761,-1.0711936950683594,-0.1158837229013443,0.7441168642761781,285.2879880288396,0.0
17.842,75.94219351524647,-0.9567005264643771,-0.5620884354934381,64,0.013836903497576714,-0.011360534466803074,1.007377028465271,1.0908377170562744,0.5311210751533508,-0.49167385697364807,0.7455240189701383,285.2879880288396,0.0
17.892,75.92220677157795,-0.6686134369841279,-0.5721508341756142,64,0.00639103539288044,-0.009433227591216564,1.0074529647827148,2.303945779800415,-0.3849455714225769,0.14267629384994507,0.7464936551233476,285.2879880288396,0.0
17.943,75.9108970599621,-0.6768617094771749,-0.6909892827075571,64,0.015217113308608532,-0.014605561271309853,0.9843204617500305,0.10175533592700958,1.107520580291748,-0.3216171860694885,0.7472938490567338,285.2879880288396,0.0
17.993,75.90818452542183,-0.7914393659698232,-0.5297809305474389,64,0.01647881418466568,-0.008333337493240833,0.9686012864112854,2.3717167377471924,-0.8810451030731201,0.13514791429042816,0.748322331855088,285.2879880288396,0.0
18.044,75.93555996999156,-0.439553909586839,-0.3475568886290165,64,0.0025674880016595125,-0.007629695814102888,1.0062671899795532,2.650599479675293,1.3611496686935425,1.766455888748169,0.7496798427177298,285.2879880288396,0.0
18.094,75.93441348565017,-0.06224836577999626,-0.24976024732675328,64,-0.013973942026495934,0.005267128348350525,1.0273263454437256,-0.7622219324111938,1.9838762283325195,1.220605731010437,0.7502280207131587,285.2879880288396,0.0
18.144,75.98014706131212,-0.31049241978011266,-0.4464984032302868,64,0.01645841635763645,-0.014569477178156376,1.0017870664596558,-0.3873637020587921,2.9155433177948,0.9446383118629456,0.7510339218771666,279.6762019070481,0.0
18.195,76.00498077884411,-0.5045966794191579,-0.68395147990586,64,0.014889521524310112,-0.02193111553788185,1.010076642036438,-0.4993238151073456,1.6905163526535034,-0.5405128598213196,0.7514683159239184,279.6762019070481,0.0
18.245,75.99807434146902,-0.5767821164444978,-0.6095167480853424,64,0.01300099492073059,-0.009183450601994991,0.9853444695472717,1.4967478513717651,-0.7045846581459045,0.10859964042901993,0.751323194653578,279.6762019070481,0.0
18.306,75.99103899730889,-0.35949755749745055,-0.7801384183000979,64,-0.002741267904639244,-0.01590074598789215,1.028753638267517,-0.9007386565208435,1.1490492820739746,0.4696792960166931,0.750949210493543,279.6762019070481,0.0
18.357,75.95630680630444,-0.532490709124867,-0.4529545413712388,64,0.00879825558513403,0.01717848889529705,0.9760074615478516,0.789653480052948,-2.5254623889923096,-1.0721710920333862,0.7511774469136282,279.6762019070481,0.0
18.407,75.96640929689039,-0.23752706349393138,0.41165787646878715,64,-0.006305953022092581,0.015209547244012356,0.9977930188179016,0.062223829329013824,-1.7927324771881104,1.8465319871902466,0.7517657949205147,279.6762019070481,0.0
18.458,75.99903123077782,-0.3296445299663733,0.31137655532595804,64,0.012433809228241444,0.00969826988875866,0.9753907918930054,-1.0422636270523071,1.09769868850708,0.8505110740661621,0.752284238599176,279.6762019070481,0.0
18.508,76.04948594714021,-0.5843464447939725,0.347236459208762,64,0.012860208749771118,0.012792878784239292,0.9757174253463745,3.141090154647827,0.3226648271083832,1.4634500741958618,0.7534377502490087,279.6762019070481,0.0
18.559,76.1533702694278,-0.10157643224940463,0.08430369424858235,64,-0.008452740497887135,-0.021050797775387764,1.038562297821045,2.891975164413452,-3.3211185932159424,3.929091215133667,0.7545187603643785,279.6762019070481,0.0
18.609,76.20016309180616,-0.359682554235527,-1.0485110019024828,64,0.0172590184956789,-0.021917492151260376,0.9867972135543823,0.2945851981639862,0.02697785757482052,-0.09547757357358932,0.7557723173667587,279.6762019070481,0.0
18.659,76.20072146698661,-0.2761287788389775,-0.7676376121117007,64,-0.006565100513398647,-0.013164038769900799,1.0175402164459229,1.1582270860671997,-4.210026264190674,0.4275393784046173,0.7572524654800556,279.6762019070481,0.0
18.709,76.19182547055937,0.20445496201361493,-1.0712936743410575,64,-0.014629256911575794,-0.022644979879260063,1.0068700313568115,-3.124298572540283,0.4683634638786316,-0.3373104929924011,0.7583127739470832,285.22978578714725,0.0
18.76,76.18051933487844,0.04061013356940815,-1.1960731952447854,64,0.01388770341873169,-0.01914910599589348,1.006822943687439,-2.238020181655884,1.3940807580947876,-0.8932969570159912,0.7601537834245072,285.22978578714725,0.0
18.81,76.15547820254139,-0.33136831806350436,-0.5413575275489674,64,0.007813294418156147,0.01232446450740099,0.9721195697784424,-0.5012286901473999,-2.248366117477417,-0.4133497178554535,0.7612859928238463,285.22978578714725,0.0
18.861,76.16977448058897,-0.26814202358243405,-0.1761786911312305,64,0.0006738173542544246,0.006081092171370983,0.9952386021614075,-0.7671846747398376,-1.6734328269958496,0.5405804514884949,0.7624122546580411,285.22978578714725,0.0
18.912,76.19810574829275,-0.5074639981543169,-0.23091221012293142,64,0.025193020701408386,-0.01532397884875536,0.9659775495529175,1.6331180334091187,-0.8754305839538574,0.3443700075149536,0.7625588205853262,285.22978578714725,0.0
18.962,76.2133430265162,-0.4727903123875215,-0.6082321093229535,64,0.00708508025854826,-0.028560824692249298,1.0101215839385986,-1.0592520236968994,0.4444359540939331,1.3966689109802246,0.7628278351220434,285.22978578714725,0.0
19.012,76.18448405298398,-0.1678659230923306,-1.0899649830927698,64,-0.009079123847186565,-0.016788145527243614,1.006467580795288,2.0912864208221436,0.23408696055412292,-2.39976167678833,0.7625665611399813,285.22978578714725,0.0
19.063,76.1750460638076,-0.146591372486988,-0.5694856453276252,64,0.015458092093467712,-0.0056100101210176945,0.9455907344818115,-0.3473294973373413,1.2101507186889648,0.06322240084409714,0.7623086127625596,285.22978578714725,0.0
19.113,76.1588748742735,-0.3738711316351874,-0.40340804754430365,64,0.009549455717206001,-0.005655699875205755,0.9913229942321777,2.059103488922119,-0.6641421318054199,0.2005818635225296,0.7628342024891396,285.22978578714725,0.0
19.163,76.13790050650877,0.23026997611245706,-0.13217093661103316,64,-0.020008821040391922,0.008593795821070671,1.0404542684555054,0.9764227271080017,-0.1707032471895218,1.6247199773788452,0.7645399153571238,285.22978578714725,0.0
19.214,76.16934111590267,0.22179283761447197,-0.6798411288841331,64,0.003131889970973134,-0.0273366030305624,1.023810625076294,-0.9441196918487549,-1.7096465826034546,-0.926163375377655,0.7664023894299444,285.22978578714725,0.0
19.264,76.17026176244755,0.237409972320719,-0.999484440149971,64,-0.004448659718036652,-0.02633385732769966,1.0017094612121582,-1.9028137922286987,2.418113946914673,-1.0558332204818726,0.769853868067327,262.30794246404,0.0
19.314,76.14179676948196,0.277013114419729,-0.7288357370525732,64,-0.008898171596229076,-0.002392989583313465,0.9817206263542175,-0.10138852894306183,4.3878936767578125,-0.2709663212299347,0.7727537535889598,262.30794246404,0.0
19.365,76.13605381908468,0.17952710001100286,-0.3572776107939145,64,-0.0050294785760343075,0.005284308455884457,0.9732601046562195,0.5947390198707581,-0.5166407227516174,0.874695897102356,0.7779123229615225,262.30794246404,0.0
19.415,76.17709643477457,0.11202786266967328,-0.9429458830217762,64,0.00805419497191906,-0.038931962102651596,1.0196900367736816,-1.290408730506897,0.2903878688812256,0.35183006525039673,0.7818107537065684,262.30794246404,0.0
19.466,76.1581186384337,-0.08427007420847234,-1.0324684795531964,64,0.0033372375182807446,-0.016378113999962807,0.9947825074195862,-0.8375700116157532,0.8812086582183838,-0.45641258358955383,0.7881407057288611,262.30794246404,0.0
19.516,76.12815024662486,-0.18571823001438334,-1.1222861655063419,64,0.003201186889782548,-0.01710144802927971,1.0069959163665771,-0.5084324479103088,1.2669235467910767,-1.6310920715332031,0.7923316908921061,262.30794246404,0.0
19.566,76.08198329225802,-0.05489751546255375,-0.7008293426064617,64,-0.0007173296180553734,-0.0020248396322131157,1.006428837776184,-1.095341444015503,0.5643081665039062,-1.1565039157867432,0.7987711769363364,262.30794246404,0.0
19.617,76.06721629536264,-0.017551507331726272,-0.5882332499915092,64,0.0040164850652217865,-0.021251417696475983,1.0043009519577026,-1.190637469291687,-2.4078454971313477,-0.9501547813415527,0.8019548312413355,262.30794246404,0.0
19.669,76.04143743176172,-0.007097129427441996,-0.2936410873978065,64,0.0009609379339963198,0.003431749762967229,0.9699631929397583,-1.925773024559021,1.6399505138397217,0.5266110301017761,0.8047037605067544,262.30794246404,0.0
19.72,76.03369504947179,-0.3476111200191429,-0.14357930005523745,64,0.014549817889928818,0.006014860235154629,0.9715542793273926,-0.9738417267799377,1.7617710828781128,-0.06343018263578415,0.805082369076427,262.30794246404,0.0
19.77,76.02038771633158,-0.3294134164524495,-0.1311896538968188,64,-0.004650707822293043,-0.0012346012517809868,0.9990672469139099,2.4413444995880127,-1.2200928926467896,-0.13698981702327728,0.8042029304640625,262.30794246404,0.0
19.82,76.03384812921401,0.093031055662314,-0.14905750534397358,64,-0.011671345680952072,-0.005105881951749325,1.0049554109573364,1.9077370166778564,0.7896553874015808,0.5581608414649963,0.8007962490766265,194.74875795143242,0.0
19.871,76.04992145913626,0.20283394160462812,-0.14593583074647323,64,-0.006444653030484915,-0.004437052644789219,1.0160307884216309,0.355116069316864,0.36873117089271545,0.7582342028617859,0.7984318604773746,194.74875795143242,0.0
19.921,76.0645996924087,0.02985382033095356,-0.36716784983197137,64,0.005604334641247988,-0.004095857962965965,0.9912770986557007,-0.9132900834083557,2.9781744480133057,0.07893246412277222,0.7937164265251506,194.74875795143242,0.0
19.971,76.07573704021694,-0.22365654031926133,-0.5198184018590465,64,0.013920608907938004,-0.01196230947971344,0.9975069761276245,0.05603867396712303,2.2053444385528564,-0.39419737458229065,0.7895409930866749,194.74875795143242,0.0
20.022,76.06745422796983,-0.273406215496192,-0.17985220450942574,64,-0.004855137784034014,0.004368051420897245,0.9939228892326355,3.113971710205078,-1.0919032096862793,-0.5441550612449646,0.7828257690127243,194.74875795143242,0.0
20.072,76.0847833076193,0.2953395463505892,-0.39151185005953487,64,-0.020115653052926064,-0.01823301613330841,1.0191339254379272,-0.35173243284225464,2.6993982791900635,0.8319655060768127,0.7777700892782675,194.74875795143242,0.0
20.122,76.07100990033064,0.22967056296804605,-0.3072479195918826,64,-0.0021791402250528336,0.008318044245243073,0.9818972945213318,-0.20537631213665009,1.704566240310669,-1.0815165042877197,0.7704751189881301,194.74875795143242,0.0
20.173,76.08031984081373,0.18227564528347462,-0.08052697593815107,64,-0.003743505571037531,-0.008901352994143963,0.995703399181366,0.8782838582992554,-0.5266415476799011,0.0255987960845232,0.7649980527843537,194.74875795143242,0.0
20.223,76.08108527506351,0.1221352058743284,-0.44107845484293284,64,0.004204495809972286,-0.01611451618373394,0.9979971647262573,0.17212681472301483,-1.409409999847412,-0.5902546048164368,0.7558118564873576,194.74875795143242,0.0
20.274,76.06610851164093,-0.015778930940288864,-0.42839692553796843,64,-0.0007457833271473646,-0.009180927649140358,0.9960145354270935,0.9159801602363586,-2.2516427040100098,0.3651956021785736,0.7504520935772003,194.74875795143242,0.0
20.324,76.03982339982318,0.11176616784309913,-0.6471746486134664,64,-0.005320161581039429,-0.009957287460565567,1.0103402137756348,-0.3040412962436676,0.7293195724487305,-1.1844837665557861,0.7412459188776087,194.74875795143242,0.0
20.375,76.0024470838102,0.17910201614555776,-0.45779205977956466,64,-0.007456726860255003,0.0021010746713727713,0.999591588973999,0.8129671812057495,-0.29579412937164307,-1.2834571599960327,0.7351747957092093,284.30176913170203,0.0
20.426,75.99064345622118,0.4948075734253429,0.12618017908764345,64,-0.014536740258336067,0.011403066106140614,0.9858047962188721,0.5726340413093567,0.28231891989707947,-0.09366975724697113,0.7279677349808663,284.30176913170203,0.0
20.477,76.0170617363556,0.3622878020463472,0.06580263177231206,64,0.0038282957393676043,-0.010857000015676022,0.983167827129364,0.07635150104761124,-1.7587813138961792,0.9437515139579773,0.7210069665601052,284.30176913170203,0.0
20.527,76.01837282389224,-0.12710858121463517,-0.4677890606982904,64,0.008632488548755646,-0.020026467740535736,0.9741591215133667,1.1455637216567993,-1.6117836236953735,-0.3690875470638275,0.7171951199956157,284.30176913170203,0.0
20.578,75.98467854733809,0.13051624878249676,-0.6217822116171422,64,-0.008380221202969551,-0.008665861561894417,1.002143144607544,-0.8323846459388733,3.439387559890747,-0.19540973007678986,0.7123286944866638,284.30176913170203,0.0
20.628,75.93246348779364,0.01514361785737975,-0.37090772233865243,64,-0.001371774123981595,0.008192318491637707,0.9945974349975586,0.7096854448318481,-1.0979398488998413,-1.3096132278442383,0.7096052832102323,284.30176913170203,0.0
20.679,75.92060244705198,0.2636416384986877,-0.5925832082142621,64,-0.013460196554660797,-0.018829843029379845,1.0206650495529175,0.7945720553398132,-3.555250883102417,-1.1676018238067627,0.7037281691225159,284.30176913170203,0.0
20.729,75.88329474210268,0.4004706651110432,-0.8889332318621163,64,-0.005510158836841583,-0.02347501739859581,1.0098363161087036,-1.1804540157318115,0.7008467316627502,-1.5203418731689453,0.6996155112131806,284.30176913170203,0.0
20.78,75.82140293609929,0.3824647888901293,-0.5746696577528356,64,-0.004094862379133701,-2.6338742827647366e-05,0.9788066744804382,-1.33603036403656,1.6511626243591309,-0.9438380599021912,0.6932187297002034,284.30176913170203,0.0
20.83,75.76977989321028,0.3356930159555988,-0.5039032579296908,64,-0.008366672322154045,-0.003483382984995842,1.0139132738113403,-0.3211357295513153,-0.02953490801155567,-1.2820963859558105,0.6899051213397511,284.30176913170203,0.0
20.88,75.70603417277435,0.035465731042182744,-0.5822844653398478,64,0.0065133352763950825,-0.009539982303977013,0.9813946485519409,0.7203812599182129,-3.2858166694641113,-2.5418148040771484,0.6852201457374859,284.30176913170203,0.0
20.93,75.67072387517834,0.11402642133833697,-0.36105353269236695,64,-0.0026440927758812904,-0.0105112474411726,0.993323028087616,-0.7717768549919128,-0.888181746006012,-0.4011569321155548,0.6827403687245992,285.793404197329,0.0
20.982,75.6191067361691,0.27061071999111047,-0.17719856610443646,64,-0.015048275701701641,0.016266094520688057,1.0009022951126099,-2.4180896282196045,1.553991675376892,-0.5784699320793152,0.6794672091418351,285.793404197329,0.0
21.032,75.60811750619243,0.18373789293906462,-0.10241737427188045,64,-0.0014458905206993222,-0.0008492509950883687,1.0020332336425781,-0.8234710097312927,-2.2315475940704346,0.27562081813812256,0.6777379847228215,285.793404197329,0.0
21.082,75.62606067414201,0.06494122915633214,-0.3901732063289248,64,0.003972318489104509,-0.018534591421484947,0.9906716346740723,-0.510871171951294,-1.794869303703308,-0.48532262444496155,0.6757612076517381,285.793404197329,0.0
21.132,75.60871529178597,0.09589801720384046,-0.5978268286987045,64,-0.006220053415745497,-0.008310336619615555,1.0019928216934204,-1.0213664770126343,0.3707531690597534,-0.9980381727218628,0.6752921261053083,285.793404197329,0.0
21.183,75.62284467030888,0.07183107853747316,-0.8790921030800136,64,0.005759835708886385,-0.028180668130517006,1.0003666877746582,-0.7218874096870422,-1.5362591743469238,-0.4949933588504791,0.6761813562835332,285.793404197329,0.0
21.234,75.61928057179777,-0.12156036353677452,-1.3225231583775985,64,0.007334053050726652,-0.03946523368358612,1.012797236442566,0.08893546462059021,-2.948293447494507,-0.5073808431625366,0.6766978435710148,285.793404197329,0.0
21.284,75.59293960980055,-0.20960826724831577,-1.4634234999815117,64,0.005855218973010778,-0.027330974116921425,0.9902898669242859,-0.6893448829650879,0.8390977382659912,-0.739349901676178,0.6776050179079509,285.793404197329,0.0
21.334,75.54652226749562,0.08682931154860474,-1.1037401561437896,64,-0.014127722010016441,-0.006262891460210085,1.0058212280273438,-0.7396215200424194,2.7676000595092773,-0.516245424747467,0.6786143111544214,285.793404197329,0.0
21.386,75.52854760694295,0.26529175740611094,-0.8055559448606563,64,-0.008703040890395641,-0.00832508783787489,0.9996543526649475,-1.8994994163513184,1.6546415090560913,-0.1439380794763565,0.6805692993596726,285.793404197329,0.0
21.437,75.51776132480984,-0.044729178245324734,-0.6627998183005093,64,0.0003754056233447045,-0.010079124942421913,0.9839959144592285,0.40220123529434204,0.5139264464378357,-0.852009117603302,0.6830240167223476,285.793404197329,0.0
21.489,75.51793703934858,-0.190598106965355,-0.6516132840083676,64,0.011431637220084667,-0.009100901894271374,0.9830460548400879,-0.8555232286453247,1.3788338899612427,-0.34714603424072266,0.6851592844722448,285.3073940548262,0.0
21.54,75.53764380027076,-0.1192798440206751,-0.14445488808996337,64,-0.001995198428630829,0.004776657558977604,1.008424997329712,1.3623064756393433,-2.961064577102661,2.1299381256103516,0.6884437920572831,285.3073940548262,0.0
21.59,75.56901811090572,0.14482828748838067,-0.4967682401653908,64,-0.021700451150536537,-0.011503803543746471,1.0123295783996582,1.1799957752227783,-2.329716444015503,0.6923478841781616,0.6909512370392404,285.3073940548262,0.0
21.64,75.5979272387184,0.1844134061499583,-0.9144389373648631,64,0.0032072761096060276,-0.012227380648255348,0.9934390187263489,-1.6004480123519897,0.9128429889678955,0.5508885383605957,0.6945816473388267,285.3073940548262,0.0
21.691,75.61661230084965,-0.06564987309937403,-0.9534669292053567,64,0.006217059679329395,-0.01884603686630726,1.0073775053024292,1.7187325954437256,-0.48200011253356934,-0.4657112658023834,0.6975286371168493,285.3073940548262,0.0
21.741,75.62097864863904,-0.17020752556900268,-0.9543229978980332,64,0.011962023563683033,-0.018936332315206528,0.9990392327308655,1.3018110990524292,-2.637971878051758,-0.25032323598861694,0.7006409159088357,285.3073940548262,0.0
21.792,75.61313346377429,-0.08979524875267457,-0.7010109428344304,64,0.0004779657756444067,-0.00930050015449524,1.0087873935699463,-1.6668576002120972,0.6376878023147583,1.0249632596969604,0.7029819088949077,285.3073940548262,0.0
21.842,75.62169964809046,-0.3411814789628692,-0.8894250642322683,64,0.01001579686999321,-0.021000169217586517,0.9995443820953369,-0.4164590835571289,0.5548691153526306,-0.3844537138938904,0.7067532887133847,285.3073940548262,0.0
21.893,75.62087549210406,-0.29092977446538754,-0.6218172685595631,64,0.004437184892594814,-0.007215484511107206,0.9957984685897827,-1.7863051891326904,1.3459196090698242,0.6410016417503357,0.7097632856052768,285.3073940548262,0.0
21.944,75.6118817270836,-0.522700321697439,-0.6465618026416826,64,0.007519361563026905,-0.0030879038386046886,0.9787386655807495,0.8305341601371765,0.7110109329223633,0.09416086971759796,0.7138409383376051,285.3073940548262,0.0
21.996,75.62160175279766,-0.35720349164534965,-0.5463848723036091,64,0.006798460613936186,-0.007810786832123995,0.982719898223877,-0.48290038108825684,-0.2838450074195862,0.06553608924150467,0.7165238465842265,285.3073940548262,0.0
22.048,75.63319145447527,-0.39478494708850564,-0.720902403766766,64,0.005329742096364498,-0.017805831506848335,0.985159695148468,1.0794148445129395,-1.5100314617156982,0.08495352417230606,0.7202375756354994,238.35335568562823,0.0
22.098,75.62646983726913,-0.1761888897219649,-1.1244263187457981,64,-0.008974673226475716,-0.024170050397515297,1.0210132598876953,-0.48469024896621704,2.1361727714538574,-0.37073326110839844,0.7235268632152008,238.35335568562823,0.0
22.149,75.61465600630262,-0.13450056243839337,-1.0610037202786162,64,0.0008487123413942754,-0.00863830465823412,1.0081843137741089,-1.8021832704544067,1.849758267402649,-0.5756232142448425,0.7257999265070878,238.35335568562823,0.0
22.199,75.61096061577467,-0.24606503484245287,-0.8140983793292134,64,0.006283238064497709,-0.012222983874380589,0.9887070655822754,-1.96671724319458,-1.0552449226379395,-0.8476347923278809,0.7287660327672282,238.35335568562823,0.0
22.25,75.6265181472335,-0.3071454550764623,-0.9158795634934714,64,0.01541737001389265,-0.027467209845781326,0.984388530254364,-1.8335621356964111,0.018124664202332497,0.3468712866306305,0.730775113786539,238.35335568562823,0.0
22.301,75.62546684960448,-0.39918759666999315,-0.9252532483325284,64,0.009562845341861248,-0.020058441907167435,0.9878726601600647,0.13166911900043488,-3.4599831104278564,1.0804612636566162,0.7334202195288554,238.35335568562823,0.0
22.351,75.60640927374853,-0.5919588005040138,-1.1449503725780803,64,0.008571167476475239,-0.010273286141455173,0.9667103290557861,1.8004862070083618,-1.2026541233062744,-0.30721744894981384,0.734922778716012,238.35335568562823,0.0
22.401,75.57325357054785,-0.4102907243488199,-1.2249934663602375,64,0.0025583591777831316,-0.015946192666888237,0.9962700009346008,-0.19865600764751434,1.5666251182556152,-1.338107705116272,0.7373842118933096,238.35335568562823,0.0
22.452,75.54890192795696,-0.4638400127461261,-0.6775909292107354,64,0.006601986475288868,-0.0006121660699136555,0.9760625958442688,1.5547990798950195,-3.4467411041259766,-0.908732533454895,0.7388195470268009,238.35335568562823,0.0
22.504,75.56503735180873,-0.2708290943963418,-0.9440459763745578,64,0.010246878489851952,-0.0300398338586092,1.014789342880249,0.1355838030576706,0.0468640960752964,0.15120184421539307,0.740575711005397,238.35335568562823,0.0
22.556,75.54527644094608,-0.35204981967605015,-1.0444814737633557,64,0.008314492180943489,-0.020911075174808502,1.0155043601989746,0.946658730506897,-1.5486382246017456,-0.580511748790741,0.7422860883838637,285.3850445669184,0.0
22.606,75.52264728905,-0.2028832543525728,-0.9632896768266566,64,-0.006495296955108643,-0.008290324360132217,1.0192382335662842,0.8067560791969299,-1.411417007446289,-0.41558030247688293,0.7432151755152535,285.3850445669184,0.0
22.657,75.51609195274838,-0.05925107002268187,-0.6123445651003548,64,0.0014619395369663835,-0.0015754438936710358,1.0048102140426636,-2.242258071899414,1.2936460971832275,0.5264155864715576,0.7443530065889707,285.3850445669184,0.0
22.707,75.52508488820574,-0.39588132418986316,-0.5044075578740255,64,0.016116123646497726,-0.004721268080174923,0.9851347804069519,-1.8538111448287964,0.8805722594261169,0.42528703808784485,0.7454228644817057,285.3850445669184,0.0
22.757,75.54168761286745,-0.8096640738846577,-0.736818185088727,64,0.020571421831846237,-0.014721346087753773,0.9718360900878906,-0.2223944365978241,0.9761842489242554,-0.8392392992973328,0.7466038265578211,285.3850445669184,0.0
22.807,75.55965849467749,-0.6175953147124441,-0.8400741792923003,64,0.009597079828381538,-0.03312951698899269,0.992450475692749,1.6432690620422363,-0.6531737446784973,0.43805938959121704,0.7476605005602376,285.3850445669184,0.0
22.859,75.55739541026203,-0.440154607365002,-0.8950086729842724,64,0.009095309302210808,-0.016344457864761353,1.000038504600525,-0.31132006645202637,1.6359660625457764,0.846589982509613,0.7489297484836948,285.3850445669184,0.0
22.909,75.55118428223287,-0.3802505290144026,-0.8433150788382268,64,-0.001543303718790412,-0.008830484934151173,1.0153424739837646,0.3627399802207947,1.6045397520065308,0.6397750973701477,0.7495787482522672,285.3850445669184,0.0
22.959,75.59198345215219,-0.02484407078233485,-0.8257606388317427,64,-0.013803377747535706,-0.014710436575114727,1.045275092124939,-2.738243818283081,1.3478150367736816,2.3729941844940186,0.7499659491977244,285.3850445669184,0.0
23.01,75.66696482616996,-0.16965650035639598,-1.3564796568736293,64,0.021730300039052963,-0.03272297978401184,0.9927383065223694,-2.033069372177124,3.549820899963379,0.9047154784202576,0.7500952577029993,285.3850445669184,0.0
23.062,75.6972624573316,-0.6406745178726106,-0.9770605723837584,64,0.016104236245155334,-0.006329159718006849,0.9762016534805298,1.5034197568893433,-3.2601962089538574,0.3259872496128082,0.750050703095363,285.3850445669184,0.0
23.114,75.80471383606756,-0.2728228170473299,-0.5292571985803217,64,0.009829070419073105,-0.02846408821642399,1.0044701099395752,-1.7631882429122925,-7.983760356903076,4.2697272300720215,0.7495767886734579,285.3268027210884,0.0
23.164,75.84222676657656,-0.42866544132743784,-1.800379683471875,64,-0.0018531203968450427,-0.030252637341618538,1.027938723564148,-2.755882978439331,3.343501091003418,0.017580950632691383,0.7494231314899641,285.3268027210884,0.0
23.214,75.87079929791284,-0.2215784662655236,-1.0136913516448278,64,0.006120019126683474,0.0017458085203543305,0.9872611165046692,-3.75504469871521,1.4926846027374268,0.10584044456481934,0.7480931070034558,285.3268027210884,0.0
23.265,75.92631364024972,-0.24274933824399797,0.02691145631482637,64,0.002476706635206938,0.014246342703700066,0.9639967679977417,0.2898463308811188,-1.8203459978103638,2.850771903991699,0.7471870865306067,285.3268027210884,0.0
23.315,76.02046457464577,-0.2315856878083697,-0.005615028809975645,64,0.002472041407600045,-0.020339813083410263,0.9890061020851135,0.5656918883323669,-4.293385982513428,3.3776073455810547,0.746509042293517,285.3268027210884,0.0
23.366,76.13244141347316,-0.7023137960048216,-1.2646335371052175,64,0.025616446509957314,-0.0341794453561306,0.9683408141136169,1.3853052854537964,-0.35120564699172974,1.412199854850769,0.7451708344021724,285.3268027210884,0.0
23.416,76.16619876118301,-0.6931904056104677,-1.3862989836377853,64,0.005713324528187513,-0.021830828860402107,1.011884331703186,-0.5163723230361938,1.4705686569213867,0.6133983135223389,0.7431020245383124,285.3268027210884,0.0
23.466,76.20676296273274,-0.16825222519702324,-1.1446906723217758,64,-0.0058077797293663025,-0.0212163794785738,1.0251418352127075,-0.3510484993457794,0.38176441192626953,1.847406268119812,0.7416122019995652,285.3268027210884,0.0
23.516,76.2551203337095,-0.3004482730753109,-1.1383508909184588,64,0.01572391577064991,-0.028337206691503525,0.9790659546852112,-0.05819495767354965,-0.45627227425575256,2.2206778526306152,0.7386116822782234,285.3268027210884,0.0
23.567,76.26156261782248,-0.4807190136829952,-1.8014024230828427,64,0.00920644961297512,-0.03788403049111366,1.0008935928344727,0.5494408011436462,1.1937098503112793,-0.24391496181488037,0.737491457496934,285.3268027210884,0.0
23.617,76.21784036756564,-0.5567815437758921,-1.963749406583133,64,0.014795729890465736,-0.037930119782686234,1.001106858253479,0.641856849193573,-0.530583381652832,-1.6878234148025513,0.7378856450432958,285.3268027210884,0.0
23.667,76.17072786696116,-0.6897154109403719,-1.9018891668211644,64,0.01399296149611473,-0.037559181451797485,0.9949467182159424,0.5714467167854309,-1.9386259317398071,-1.8149559497833252,0.7390621785394167,285.6377008989376,0.0
23.718,76.08367929350884,-0.8176958155952582,-1.7722990515821548,64,0.017186123877763748,-0.017751159146428108,0.9930750727653503,0.7091184854507446,0.679569661617279,-2.2378525733947754,0.7400412146546633,285.6377008989376,0.0
23.768,76.00445964615022,-0.8010466125470851,-1.3321589102776796,64,0.01397954672574997,-0.009241693653166294,1.0141260623931885,-0.011483202688395977,1.0914924144744873,-3.0801992416381836,0.741095231375107,285.6377008989376,0.0
23.818,75.92950147163714,-0.5948641593161026,-0.8891158097598896,64,0.008589326404035091,-0.014874089509248734,1.0281782150268555,-0.2629328966140747,2.1224734783172607,-1.7180578708648682,0.741426505057783,285.6377008989376,0.0
23.869,75.8807986319354,-0.6620493176212753,-0.7619138855179257,64,0.01901181787252426,-0.005942938849329948,0.9927877187728882,0.6367677450180054,0.6938058733940125,-2.86893367767334,0.7417073714070943,285.6377008989376,0.0
23.919,75.86024301161265,-0.460772719166966,0.16780893576369907,64,0.0027135214768350124,0.00998090673238039,0.9792805314064026,0.20712895691394806,-3.917600393295288,0.9452256560325623,0.7423620611837595,285.6377008989376,0.0
23.969,75.89204692876946,-0.28190984784117107,0.05770677891076143,64,-0.004338815342634916,0.0032809649128466845,0.9972239136695862,-2.5990755558013916,-0.9454567432403564,3.658207654953003,0.7426327698000057,285.6377008989376,0.0
24.02,75.97850156763135,-0.6516560257816363,-1.1191080991559936,64,0.012912699021399021,-0.03007493168115616,0.9972413778305054,-2.0511906147003174,2.3601272106170654,1.6720882654190063,0.742535390584162,285.6377008989376,0.0
24.07,76.01346648098813,-0.7424284621764008,-1.3971358705178605,64,0.006013516802340746,-0.010419508442282677,0.9830173254013062,0.7294880747795105,0.8412468433380127,-0.6960792541503906,0.7415731092749712,285.6377008989376,0.0
24.12,76.07330948448465,-0.39773122536829064,-0.7757698191723122,64,0.0035308280494064093,-0.0068334792740643024,0.9836008548736572,0.41113415360450745,-0.6715932488441467,2.6129612922668457,0.7392077284645865,285.6377008989376,0.0
24.17,76.16606151703924,-0.1849138742863154,-0.7890775327275196,64,-0.002668058266863227,-0.018234938383102417,1.0027190446853638,-0.13653187453746796,-1.3530818223953247,2.4988889694213867,0.737670680648472,285.6377008989376,0.0
24.221,76.23565019610756,-0.23295217501809953,-1.1454397291314908,64,0.014633146114647388,-0.02474488876760006,0.9712202548980713,-1.4300858974456787,2.0463979244232178,1.5367639064788818,0.7336335868667887,285.3656279765955,0.0
24.271,76.29251269068101,-0.27142840367500265,-1.2600286567205725,64,0.005615416448563337,-0.02905283309519291,1.0095700025558472,-0.3687082529067993,0.7804087400436401,1.7225565910339355,0.7308567809559213,285.3656279765955,0.0
24.321,76.3251975811921,-0.1274454755835948,-1.2720363747330106,64,-0.0030669362749904394,-0.02082870714366436,1.0069819688796997,0.9734171628952026,-2.151841163635254,1.1693382263183594,0.7274274221981823,285.3656279765955,0.0
24.372,76.36027210998004,-0.31771405772691985,-1.3916793760264616,64,0.014324162155389786,-0.02314877323806286,0.9905608892440796,0.1296159029006958,-2.006201982498169,0.8657681941986084,0.7258971863378806,285.3656279765955,0.0
24.423,76.37585508008023,-0.3681608198151701,-1.7962101257161067,64,0.001105314353480935,-0.044747523963451385,1.0217074155807495,-0.05006843060255051,-3.108807325363159,-0.13716287910938263,0.7257504775076651,285.3656279765955,0.0
24.473,76.3617409745683,-0.3146245380889057,-2.0297205299530994,64,0.010336603038012981,-0.03849557042121887,0.9988613128662109,-0.7515907883644104,-2.0333364009857178,-1.2235661745071411,0.7276584799604654,285.3656279765955,0.0
24.523,76.335379351258,-0.24021516252981995,-1.6485873681749712,64,0.008084411732852459,-0.034325648099184036,0.9926832318305969,-0.62186199426651,-2.653498888015747,0.36010193824768066,0.7301660945599282,285.3656279765955,0.0
24.574,76.28312928462202,-0.28670131491392764,-1.6427427201637788,64,0.000849133706651628,-0.021572241559624672,0.9843231439590454,-1.7110276222229004,-0.24595436453819275,0.11572957783937454,0.7348763021558267,285.3656279765955,0.0
24.624,76.22031822188137,-0.31538930057381365,-2.032498110083968,64,0.009676313027739525,-0.040966734290122986,0.9854939579963684,-1.801418423652649,-0.12185178697109222,-3.120713949203491,0.7385047053764704,285.3656279765955,0.0
24.675,76.13069405266477,-0.34030305355968915,-1.8283865730171212,64,0.010523227043449879,-0.03974338620901108,0.993736982345581,0.7990583777427673,-2.1390011310577393,-1.4975074529647827,0.7425287723731969,285.3656279765955,0.0
24.725,76.04440260807219,-0.12719520993986322,-1.7294152035477146,64,-0.012778465636074543,-0.020859187468886375,1.0040327310562134,-0.221442312002182,-0.34163013100624084,-1.7713754177093506,0.7506107644105685,285.3656279765955,0.0
24.775,75.97075215738788,0.04564519634044753,-1.890164207815334,64,0.0009085049969144166,-0.03208140656352043,1.0082650184631348,-2.5282535552978516,1.247589349746704,-1.8034400939941406,0.7584245309245795,279.80680453635756,0.0
24.826,75.89660342722009,-0.22750785177731492,-2.1009337628314753,64,0.015622138045728207,-0.045599233359098434,1.0109775066375732,-1.6605275869369507,-0.2724660038948059,-3.2387564182281494,0.76282812594841,279.80680453635756,0.0
24.876,75.79135358171204,-0.4007152680475795,-1.6132952375514245,64,0.014551226980984211,-0.022718992084264755,1.0012823343276978,-1.8618770837783813,0.7604053616523743,-1.9284131526947021,0.7678959706168533,279.80680453635756,0.0
24.926,75.73012429619628,-0.47190746334451555,-0.8823985024755489,64,0.004806675482541323,0.0019799568690359592,0.9621323347091675,0.9326717257499695,-1.895768404006958,-0.36037513613700867,0.77055528490342,279.80680453635756,0.0
24.977,75.7148263467129,-0.3749659649586111,-1.2084890511762638,64,0.005181275773793459,-0.03546479716897011,1.0041154623031616,-0.8741828203201294,1.5225404500961304,0.15790732204914093,0.7746242528371958,279.80680453635756,0.0
25.027,75.68443182457929,-0.46601934028279457,-1.6615480742738726,64,0.011062992736697197,-0.028171764686703682,1.0064761638641357,-0.8813443779945374,5.033501148223877,-1.080112099647522,0.7769884918937934,279.80680453635756,0.0
25.077,75.65968349849396,-0.35864217135568566,-1.4900049936934419,64,-0.005040910094976425,-0.02683788724243641,1.0019347667694092,0.21755735576152802,-0.21377597749233246,-1.4050973653793335,0.7798085834501938,279.80680453635756,0.0
25.129,75.65401158351396,-0.4961080019195917,-2.092903173226603,64,0.026927392929792404,-0.06827117502689362,0.9805395603179932,-0.9003843665122986,3.907827377319336,-0.7036409974098206,0.7813536560412496,279.80680453635756,0.0
25.18,75.55532386279656,-0.6649582078609888,-1.8706684369212179,64,0.004551823250949383,-0.008587335236370564,0.9878681898117065,1.7029873132705688,2.526413679122925,-2.5752885341644287,0.7834609342210728,279.80680453635756,0.0
25.23,75.50152223405512,-0.23396087668774132,-0.39903052998631555,64,-0.0036326462868601084,0.018727155402302742,1.0079669952392578,2.222754955291748,-0.5825115442276001,0.14309445023536682,0.7842200253916487,279.80680453635756,0.0
25.28,75.53400066584669,-0.05247403605779015,-0.2857870731185453,64,-0.0018254347378388047,-0.00795756932348013,1.0098631381988525,0.8824282884597778,-0.8923723101615906,1.0851362943649292,0.7852698341551619,279.80680453635756,0.0
25.33,75.60166477382091,-0.01882087803053785,-0.736558060321435,64,-0.0012379036052152514,-0.022552039474248886,1.0142902135849,0.02964908629655838,3.32554030418396,1.5062123537063599,0.786017718413354,192.0293013460306,0.0
25.381,75.65349280977921,-0.03316935954946935,-0.7724787651498539,64,0.0004409664834383875,-0.013416181318461895,1.0101853609085083,-2.5009384155273438,6.20797872543335,1.909972906112671,0.7859837202906077,192.0293013460306,0.0
25.435,75.70651360439487,-0.4633843547819417,-0.7363218144566422,64,0.015388169325888157,-0.009117634035646915,0.9949089884757996,-1.0504281520843506,2.199636697769165,0.5956728458404541,0.785432653444238,192.0293013460306,0.0
25.486,75.761877030445,-0.6165572008650251,-0.9500428403819725,64,0.023364147171378136,-0.04040484130382538,0.9862956404685974,0.7078572511672974,-2.0825414657592773,0.7558793425559998,0.784200855697885,192.0293013460306,0.0
25.538,75.77237805160189,-0.29535571733956717,-1.0113815785170217,64,0.010537504218518734,-0.03352035954594612,0.9970467686653137,0.7555399537086487,-1.364869236946106,0.9624703526496887,0.7820922333379892,192.0293013460306,0.0
25.589,75.76999035955576,0.002710651131430719,-0.5799055262685674,64,-0.00641494570299983,-0.004511476028710604,1.0021971464157104,0.8101377487182617,-0.910146951675415,2.336500883102417,0.780672970222078,192.0293013460306,0.0
25.639,75.78673643872735,-0.20455452685318196,-0.735073830731807,64,0.006790402345359325,-0.0066891321912407875,1.0033156871795654,-0.8966620564460754,0.06204741448163986,1.0570132732391357,0.778540904155727,192.0293013460306,0.0
25.689,75.80980679160004,-0.5259471507059902,-0.9620666059032534,64,0.019054628908634186,-0.021452490240335464,0.9798359870910645,-0.8767643570899963,-2.8623721599578857,-0.546474039554596,0.7770693615173077,192.0293013460306,0.0
25.739,75.81102731686728,-0.6895798761383087,-1.0409614512458834,64,0.01940181665122509,-0.023139476776123047,1.000099539756775,-1.3104641437530518,0.0833018347620964,-0.2222503274679184,0.7742914782924506,192.0293013460306,0.0
25.79,75.78442103755037,-0.8989925589985458,-1.14737019256969,64,0.017363298684358597,-0.019516924396157265,0.9971556067466736,-0.5459871888160706,2.05612850189209,-1.3504225015640259,0.7714361118564118,192.0293013460306,0.0
25.841,75.75087805109139,-0.7545523758902303,-0.6646751983871304,64,0.008572851307690144,-0.0020624082535505295,0.9827389717102051,0.07636596262454987,1.5754281282424927,-0.4197983145713806,0.7696068386247634,192.0293013460306,0.0
25.891,75.74518076545269,-0.511662270490624,-0.2578497976698795,64,0.0058676498010754585,-0.011381658725440502,0.9954809546470642,1.7590150833129883,-3.335696220397949,1.3950645923614502,0.7666852787706053,284.12843788104595,0.0
25.941,75.74495613043823,-0.6542587698059743,-0.8170955461109917,64,0.019020825624465942,-0.027167698368430138,1.0035438537597656,-0.4409111738204956,-0.22178606688976288,0.5139867067337036,0.7655604401460777,284.12843788104595,0.0
25.991,75.69590116412495,-0.5014254308578141,-1.1530451548635903,64,-0.00748896598815918,-0.014208611100912094,1.0314275026321411,-0.42738521099090576,0.057008977979421616,-1.6531076431274414,0.7642488359700201,284.12843788104595,0.0
26.042,75.67042405141807,-0.3133712668602255,-0.9647137620062163,64,0.0013714354718104005,-0.004299543332308531,0.9727098941802979,-2.1385498046875,2.2568047046661377,-1.6226516962051392,0.7621453464498626,284.12843788104595,0.0
26.092,75.67213586056322,-0.3227714289958721,-0.5671026585426191,64,0.008880582638084888,-0.014999926090240479,0.9964052438735962,-1.3292837142944336,-2.602951765060425,0.2790788412094116,0.7598420604050666,284.12843788104595,0.0
26.143,75.68037673056261,-0.34811599685645006,-1.17549572792556,64,0.01309678703546524,-0.04701528698205948,1.0069470405578613,-0.9703481793403625,0.24264411628246307,0.35476306080818176,0.75900043312497,284.12843788104595,0.0
26.193,75.59702922024151,-0.5304698278184287,-1.1630186311514996,64,0.00304089835844934,0.0013338152784854174,0.9793349504470825,-1.0208451747894287,1.105626106262207,-2.241201877593994,0.7574647252768523,284.12843788104595,0.0
26.244,75.55679333494984,-0.28497143191229274,-0.4568480139345309,64,-0.0038631372153759003,0.007709953933954239,1.0023996829986572,0.7084383964538574,-0.7564185261726379,-1.340588927268982,0.7560482022528924,284.12843788104595,0.0
26.297,75.58621853170233,-0.20869780299758198,-0.20292359039838312,64,0.016868634149432182,-0.013753061182796955,1.01737642288208,-0.3024676740169525,-2.1645381450653076,0.4491240084171295,0.7541052560432104,284.12843788104595,0.0
26.347,75.61667436653495,-0.4508467183232558,-0.08363140388176418,64,0.013497624546289444,-3.852711233776063e-05,0.9994422793388367,-0.09216689318418503,-2.672018051147461,0.6021518707275391,0.7530541676856102,284.12843788104595,0.0
26.398,75.67595178902612,-0.5496571356332071,-0.15874209476099582,64,0.015390134416520596,-0.008070215582847595,1.0030899047851562,-0.3446822166442871,1.8109365701675415,1.4781609773635864,0.7505443334077465,285.13283480625427,0.0
26.448,75.73483237954459,-0.4726518757615248,-0.029198670524121707,64,0.015316293574869633,-0.0012518493458628654,0.9977105259895325,-0.7345863580703735,1.261642336845398,1.8371368646621704,0.7478937243163287,285.13283480625427,0.0
26.499,75.80079834912804,-0.5362831625196294,0.24823370411371157,64,0.007619878742843866,0.005024447571486235,0.9745755791664124,1.4493147134780884,-2.6749813556671143,2.8421547412872314,0.7467014786299411,285.13283480625427,0.0
26.552,75.9213243540954,-0.40285331434537264,-1.030823647694772,64,0.00614610780030489,-0.050713855773210526,1.0185582637786865,-0.10489392280578613,-1.4020330905914307,3.2329354286193848,0.7448236771556536,285.13283480625427,0.0
26.602,75.94857917957083,-0.6544985666669875,-2.282386837689021,64,0.020311182364821434,-0.05811350792646408,1.0047779083251953,-1.5326815843582153,0.0733867883682251,0.7053841948509216,0.7437330571276853,285.13283480625427,0.0
26.652,75.8933993565069,-0.8497989354054158,-2.3791139312767684,64,0.010992824099957943,-0.029264764860272408,0.9817200303077698,0.43327856063842773,1.3201384544372559,-1.593662977218628,0.7425029387540616,285.13283480625427,0.0
26.703,75.81249825571146,-0.6031038348577507,-1.7894000412700322,64,0.004320274107158184,-0.012039108201861382,0.9923681020736694,-0.37537622451782227,1.3579524755477905,-2.5618674755096436,0.7417102322707194,285.13283480625427,0.0
26.753,75.73488171510114,-0.6782780894298545,-1.112252930598128,64,0.011850048787891865,-5.6593900808366016e-05,0.9836855530738831,2.8112571239471436,-3.2757861614227295,-2.049778461456299,0.740602742792714,285.13283480625427,0.0
26.803,75.68855771981043,-0.5896531934511116,-0.801208347666942,64,0.006059485487639904,-0.004448645282536745,0.9941273331642151,2.3103928565979004,-0.32025182247161865,-2.0866923332214355,0.7394193047602605,285.13283480625427,0.0
26.854,75.66305905203963,-0.10767415704889496,-0.32275657405984154,64,-0.00847349688410759,0.004232620354741812,1.0092452764511108,2.383568048477173,0.8739376068115234,-0.34921321272850037,0.7382010781888327,285.13283480625427,0.0
26.904,75.67899060847418,-0.37188948516383136,0.23982800145459848,64,0.012082068249583244,0.012289620004594326,0.9672157168388367,3.2547099590301514,0.5349101424217224,1.4742742776870728,0.7378500783770734,285.13283480625427,0.0
26.954,75.70811130513997,-0.1906760718166749,0.06757243700496174,64,-0.006067876238375902,0.0032756468281149864,1.0063596963882446,1.4272277355194092,2.332890033721924,1.0768879652023315,0.7380171333612825,282.1217461491895,0.0
27.004,75.77556598718822,-0.0959301541253441,-0.21781552172723234,64,0.006472740788012743,-0.011301219463348389,1.0104434490203857,0.3108254671096802,1.7189608812332153,1.8401190042495728,0.7380758138196116,282.1217461491895,0.0
27.055,75.84022131563339,-0.26051778815448556,-0.6881832048200127,64,0.003570171305909753,-0.027816135436296463,1.0333166122436523,0.285796582698822,-0.7043637633323669,1.215125322341919,0.7379331107671726,282.1217461491895,0.0
27.105,75.88210943658794,0.148831237090582,-1.1258710106660246,64,-0.009709615260362625,-0.030297255143523216,1.0114630460739136,-2.0904347896575928,-1.2176222801208496,0.3463793396949768,0.7373747504289205,282.1217461491895,0.0
27.156,75.8943071353338,-0.04578423565374313,-1.1542647541108897,64,0.010335797443985939,-0.019024040549993515,0.9605883955955505,-1.2561569213867188,0.5164181590080261,-0.045744288712739944,0.7368489640914945,282.1217461491895,0.0
27.206,75.88704820935861,-0.15484451704020394,-0.9946035921463641,64,-0.0007767205825075507,-0.00825109425932169,0.9829918146133423,4.405236721038818,-4.351700782775879,-0.3771974742412567,0.7371253117543684,282.1217461491895,0.0
27.256,75.93927112886183,0.4587770496030764,-0.6513419650740904,64,-0.015303127467632294,-0.00715117109939456,1.0206838846206665,-1.0560636520385742,-7.30247163772583,2.261049509048462,0.7377715362154011,282.1217461491895,0.0
27.307,76.0338135236415,0.24820281989796544,-0.9759490843283691,64,0.0015648325206711888,-0.022690825164318085,1.0078829526901245,-1.556349754333496,-5.293440341949463,2.7461612224578857,0.7385115140140122,282.1217461491895,0.0
27.358,76.08180039928908,-0.33847270946401065,-2.1049200923288933,64,0.01279902458190918,-0.04846053197979927,0.9962493181228638,-4.5100507736206055,2.4713001251220703,0.8172716498374939,0.7393916471066787,282.1217461491895,0.0
27.41,76.09148329336924,-1.1938654568728986,-2.502683988821796,64,0.04004666581749916,-0.05789465457201004,0.9583872556686401,-4.3868207931518555,-0.5221678018569946,-0.6769763231277466,0.7399884842225619,282.1217461491895,0.0
27.461,76.03095592495555,-0.6841962688031278,-2.831483626087197,64,-0.01523472648113966,-0.051088929176330566,1.0236494541168213,0.8884025812149048,-2.221580982208252,-1.4057663679122925,0.7401038006883776,282.1217461491895,0.0
27.511,75.95104180694032,-0.27151764462155,-2.7018125621881803,64,0.0021693925373256207,-0.024588502943515778,0.9867472648620605,-0.751665472984314,1.773911476135254,-3.100903034210205,0.7402662990497931,274.85609436435124,0.0
27.562,75.90220856251344,-0.3084524564100118,-1.5875471799179357,64,0.011710435152053833,-0.01673778146505356,0.9910411834716797,-0.2676531970500946,-2.670546531677246,-1.1032893657684326,0.7406838072805929,274.85609436435124,0.0
27.612,75.86442795978299,-0.6679622755121527,-0.7833114926763237,64,0.0178879052400589,0.0063186828047037125,0.9507115483283997,0.08696264773607254,-2.294199228286743,-0.10340709984302521,0.7412470356650472,274.85609436435124,0.0
27.663,75.86722351322668,-0.448438955135724,-0.40720555369133304,64,-0.010743964463472366,0.005533909425139427,0.9899204969406128,0.2066725790500641,-0.16032977402210236,1.7117180824279785,0.7414119086294559,274.85609436435124,0.0
27.714,75.93663045307218,-0.15051893387739043,-0.9550454077249052,64,-0.004187213256955147,-0.02793732099235058,1.0144879817962646,-0.595473051071167,2.722999334335327,1.3964908123016357,0.7412781563104739,274.85609436435124,0.0
27.764,76.03718495220922,-0.3630261529374631,-1.3472986877047304,64,0.022444220259785652,-0.04535778984427452,1.000382423400879,-0.556445837020874,0.3843519687652588,1.37431800365448,0.7406957654172253,274.85609436435124,0.0
27.814,76.09877815937324,-0.7506698374300151,-1.9496840549980634,64,0.020643308758735657,-0.047844741493463516,0.9867019653320312,1.1089516878128052,-0.9995856881141663,1.6653320789337158,0.7392944829386106,274.85609436435124,0.0
27.866,76.10185966509259,-1.0889221113079726,-2.7042213706366707,64,0.028356477618217468,-0.05337309464812279,1.0014923810958862,0.08381608873605728,1.5507538318634033,-1.0218098163604736,0.7380892802008027,274.85609436435124,0.0
27.916,76.06402278940072,-1.0676143966880982,-2.588554553690766,64,0.022124217823147774,-0.04105663672089577,1.0136653184890747,-0.5007132887840271,1.0759855508804321,-1.0930814743041992,0.7378426374841929,274.85609436435124,0.0
27.967,75.99760102940127,-1.1714045707202665,-2.444291749562854,64,0.0186409130692482,-0.03419996798038483,0.9996054768562317,2.0211358070373535,0.4478755593299866,-3.5052759647369385,0.737826683088258,274.85609436435124,0.0
28.017,75.92829307737107,-0.5674199939020651,-1.2730688040424007,64,-0.005996494088321924,0.001963139744475484,0.9865853786468506,1.720620036125183,-0.08110582828521729,-0.521465003490448,0.7376315635111831,274.85609436435124,0.0
28.068,75.93627130025081,-0.519140706717608,-1.2336393703035637,64,0.015680138021707535,-0.02933681756258011,1.0089744329452515,-0.9421209692955017,2.6914331912994385,0.3933166563510895,0.7377370520080653,284.61043631675375,0.0
28.118,75.93337334696243,-0.5584068639918567,-1.5911665764291585,64,0.007646586745977402,-0.03603510186076164,1.018012285232544,-0.43665894865989685,2.2716193199157715,-0.4019398093223572,0.7377257049207108,284.61043631675375,0.0
28.169,75.92521964838215,-0.435434046916239,-1.9173195216096108,64,0.008088170550763607,-0.044863276183605194,0.9953952431678772,-0.7449225783348083,2.261909246444702,-1.1092748641967773,0.7372551778319797,284.61043631675375,0.0
28.219,75.9182425553992,-0.4321044352355376,-1.6368831027325195,64,0.01047741249203682,-0.024097973480820656,0.96925288438797,-0.3493221402168274,-0.11261418461799622,0.18619684875011444,0.7366690818181378,284.61043631675375,0.0
28.269,75.91495645157623,-0.3471652217456747,-1.3527498009280512,64,0.004304771777242422,-0.01568256877362728,0.9784460067749023,-1.3296959400177002,3.5210421085357666,0.17472533881664276,0.7357952540330203,284.61043631675375,0.0
28.32,75.93449723484906,-0.40098585596793906,-1.1418769140896843,64,0.014128687791526318,-0.0250156968832016,0.995140016078949,2.7211482524871826,-0.6803144812583923,0.7965444326400757,0.7354796804313856,284.61043631675375,0.0
28.37,75.94463903239505,-0.24914786119197607,-1.4495847894696008,64,0.002736463909968734,-0.032104525715112686,1.01288902759552,3.2880547046661377,0.0769396424293518,0.03616245836019516,0.7348536480030821,284.61043631675375,0.0
28.421,75.94146741656466,-0.45230950780481766,-0.8601796828004274,64,0.017449555918574333,-0.0005487460875883698,0.98993319272995,0.9621446132659912,-0.6763479113578796,0.9735229015350342,0.7334411983332507,284.61043631675375,0.0
28.471,75.93858085975977,-0.45068353732344685,-0.9330281863939442,64,0.006692471913993359,-0.01476559042930603,1.0338908433914185,-0.35406428575515747,1.9923853874206543,-0.2000071108341217,0.731946391757391,284.61043631675375,0.0
28.522,75.9626102284817,-0.10110658873306942,-0.9780380933840684,64,-0.0050359503366053104,-0.029253728687763214,1.0485960245132446,-1.6543644666671753,0.4890504479408264,0.5566452741622925,0.7310151398305951,284.61043631675375,0.0
28.572,75.97166353152245,-0.04972110176376643,-1.2544463046073322,64,-0.00014647198258899152,-0.03206367790699005,1.0207399129867554,-2.28016996383667,-1.1382312774658203,0.1869199126958847,0.7295494869042047,284.61043631675375,0.0
28.624,75.95129737760944,-0.18724828795694398,-1.1801057895659068,64,0.006670721806585789,-0.011305560357868671,0.9693341851234436,-1.6638649702072144,-0.2365565150976181,-0.5229881405830383,0.7285787485924136,282.21665993809717,0.0
28.674,75.93288521562923,-0.05473554645535835,-1.3369226803328573,64,-0.00986373983323574,-0.030056435614824295,1.011237621307373,-2.7864835262298584,-1.7836360931396484,-0.46735841035842896,0.7271683912225019,282.21665993809717,0.0
28.725,75.90036722038244,-0.42763383868902527,-1.5527307743722787,64,0.018787097185850143,-0.025198237970471382,0.9512585401535034,-1.922584891319275,0.4509887397289276,-1.0263066291809082,0.7262309316363511,282.21665993809717,0.0
28.775,75.84261028232879,-0.7651949624067104,-1.7404957846707296,64,0.013798661530017853,-0.029984714463353157,0.9669939279556274,0.8261663317680359,0.7350025773048401,-2.4289186000823975,0.7252136019887346,282.21665993809717,0.0
28.826,75.75596442921729,-0.6300172993520688,-1.3763276129424904,64,0.007266309577971697,-0.008280932903289795,0.958683967590332,4.574985027313232,-0.6336143612861633,-3.3035497665405273,0.7246064868587138,282.21665993809717,0.0
28.876,75.70137018782651,-0.11033242362993409,-0.9149059379101673,64,-0.00934574194252491,-0.009409514255821705,0.988459587097168,5.414091110229492,-0.5049208402633667,-0.7113224267959595,0.7231186113494983,282.21665993809717,0.0
28.927,75.69173364166252,0.5603552292642838,-1.4107059448605723,64,-0.02035423368215561,-0.03853420913219452,1.046713948249817,0.5052854418754578,-2.5585672855377197,0.3248803913593292,0.7225250196009871,282.21665993809717,0.0
28.978,75.69126427105317,0.08552080799156236,-2.4593564625564865,64,0.02529706247150898,-0.07754416763782501,1.0398378372192383,-4.439063549041748,-0.7660648226737976,-0.42462408542633057,0.7218898132844742,282.21665993809717,0.0
29.028,75.56527566779957,-0.7914613416338117,-2.467247460635754,64,0.01524820551276207,-0.011473814025521278,0.983197033405304,-2.2868540287017822,1.0005301237106323,-3.349748373031616,0.7216427709688001,282.21665993809717,0.0
29.078,75.4789235792633,-0.9298894442151482,-1.4831391158080305,64,0.01499264594167471,-0.007090945728123188,0.9752195477485657,-1.3880597352981567,0.30999070405960083,-3.1601250171661377,0.7216476139263349,282.21665993809717,0.0
29.129,75.44162770736908,-0.6273296927197786,-0.9951640315868748,64,0.00557961268350482,-0.01465690415352583,1.0016522407531738,0.739578902721405,-0.8391519784927368,-1.7671020030975342,0.7217871281720125,282.21665993809717,0.0
29.18,75.42512577944733,-0.41902201253718196,-0.9756306339418288,64,0.006680401973426342,-0.02550046145915985,0.998066782951355,1.1590628623962402,0.07713733613491058,0.0652107298374176,0.7223195049033565,284.78435632808254,0.0
29.23,75.43729264918352,-0.3010170093906865,-0.9250019184715323,64,-0.002348332665860653,-0.015389111824333668,0.9805585741996765,0.14137522876262665,1.0669136047363281,1.2500659227371216,0.7237417011780386,284.78435632808254,0.0
29.28,75.47175807966607,-0.18076027007277418,-1.1193923450997316,64,0.002993031172081828,-0.01526141632348299,0.9796692728996277,-1.8303234577178955,4.647734642028809,1.3782788515090942,0.7243948502233749,284.78435632808254,0.0
29.331,75.52749291996184,-0.5490608683292139,-0.9836537458403065,64,0.02255082130432129,-0.00888135563582182,0.9522843956947327,4.914479732513428,0.4665426015853882,0.23072046041488647,0.7256963751640035,284.78435632808254,0.0
29.382,75.64560581628201,0.1291529562326737,-1.2782796068439153,64,-0.01565055176615715,-0.06929025799036026,1.0633080005645752,1.5526961088180542,-4.533459663391113,3.319506883621216,0.7263646097781579,284.78435632808254,0.0
29.432,75.66026669343728,0.02556297745368395,-2.4982903091768933,64,0.01578276976943016,-0.04720643162727356,0.9849932789802551,-1.9723604917526245,4.325054168701172,-0.11535675078630447,0.7273549232298931,284.78435632808254,0.0
29.483,75.60830966930745,-0.40457147835751117,-2.468856837970724,64,0.0088362917304039,-0.037355028092861176,1.0127582550048828,2.6026816368103027,-4.215814590454102,-1.9919679164886475,0.7279832157831423,284.78435632808254,0.0
29.533,75.55600820344945,0.04183918950225238,-2.4304018873289692,64,-0.01686517894268036,-0.0437849685549736,1.048471450805664,-3.2395379543304443,-3.0473546981811523,-1.8293097019195557,0.7279958116307832,284.78435632808254,0.0
29.584,75.48334526661955,-0.40619659494699917,-2.037054735479449,64,0.026343677192926407,-0.002044250490143895,0.9567368030548096,-2.2132017612457275,1.5349217653274536,-2.0832858085632324,0.7278615021144565,284.78435632808254,0.0
29.634,75.43735379836329,-0.8255734282129531,-0.931324368816823,64,0.013008019886910915,0.002085156040266156,0.9967827796936035,0.5511486530303955,0.18324197828769684,-0.8597962856292725,0.7281365659630792,284.78435632808254,0.0
29.685,75.4681056814747,0.05397492105614383,-0.8866146178544971,64,-0.020977750420570374,-0.033367082476615906,1.0108946561813354,0.0795234814286232,-0.5143507122993469,0.1986943483352661,0.7286831006618061,279.7508170479557,0.0
29.735,75.52025734928985,0.1532701805851163,-1.048604507105759,64,0.003344804048538208,-0.027385123074054718,0.9548228979110718,-0.3710656464099884,-1.7988495826721191,3.2865302562713623,0.730012605163971,279.7508170479557,0.0
29.786,75.54336292038039,-0.5370488065575798,-2.1008530768863904,64,0.00771851884201169,-0.02826804108917713,0.9766859412193298,1.6210386753082275,0.9858076572418213,-0.558015763759613,0.7310997231233616,279.7508170479557,0.0
29.836,75.54239041053758,-0.12455001370858532,-2.1279024124401165,64,-0.008172213099896908,-0.04031597077846527,0.9972497820854187,1.1353908777236938,-0.11976183950901031,-0.7509874105453491,0.7325560511637293,279.7508170479557,0.0
29.886,75.54173014107666,0.0648100798866305,-1.8706495939803802,64,-0.0004807816294487566,-0.032750532031059265,0.9951784610748291,-0.9669758081436157,3.0054290294647217,0.5992554426193237,0.7336924435635604,279.7508170479557,0.0
29.938,75.54559492369702,-0.0480580877553505,-1.6565489349165492,64,0.004411173053085804,-0.01644090749323368,0.9787279963493347,1.0934313535690308,2.841975688934326,1.0835926532745361,0.7350917913211897,279.7508170479557,0.0
29.988,75.60374344651719,-0.19669858565038453,-1.112985602385826,64,0.00891584251075983,-0.022226478904485703,0.9983900189399719,2.373741626739502,-2.3069987297058105,0.7346698641777039,0.735636420451739,279.7508170479557,0.0
30.038,75.67822316915044,0.3869386679539955,-1.3799462477609232,64,-0.020508000627160072,-0.04697122052311897,1.0536450147628784,0.3079860508441925,-2.8093905448913574,2.9710898399353027,0.7363245342863354,279.7508170479557,0.0
30.089,75.7237516167035,0.3269625936818365,-2.2699338330561636,64,0.002257728483527899,-0.05383981764316559,1.0280221700668335,-2.8089916706085205,3.15524959564209,1.2026113271713257,0.7366204169166723,279.7508170479557,0.0
30.139,75.71760793035924,0.20052152439435336,-2.60588318248716,64,-0.006466286722570658,-0.05144985020160675,1.0265746116638184,-3.5171401500701904,3.3547213077545166,-0.8249257206916809,0.7369363516508719,279.7508170479557,0.0
30.189,75.6694134318646,0.026781090168756717,-1.8126319843835952,64,0.001315642730332911,-0.01341778039932251,0.9723221063613892,-3.5073208808898926,2.288905382156372,-0.3861371576786041,0.7378078903217368,279.7508170479557,0.0
30.24,75.65020225991009,0.09040958417661939,-0.9066863062671948,64,-0.00726362643763423,0.010602688416838646,0.9781678318977356,-1.2819737195968628,-1.9261783361434937,-0.14717046916484833,0.7399811504862951,284.359593220339,0.0
30.29,75.70370095605882,0.05665405253129417,-0.6487596082406855,64,0.009706185199320316,-0.022192105650901794,0.9726468324661255,-0.2075127214193344,-1.8888576030731201,1.65755033493042,0.7426496675761834,284.359593220339,0.0
30.34,75.7454762903834,-0.26771583129426824,-1.046225946436874,64,0.014741132035851479,-0.02758163958787918,0.9835492968559265,-0.7723404765129089,-0.3108137845993042,1.9180525541305542,0.7440385127488307,284.359593220339,0.0
30.391,75.76495724973259,-0.33869996502760763,-1.5589509197492515,64,-0.005248631816357374,-0.036969829350709915,1.0044094324111938,0.5140691995620728,1.66444993019104,0.23598670959472656,0.7457937174188753,284.359593220339,0.0
30.441,75.75780222544353,-0.3117724750984307,-1.6186004119329014,64,0.008228381164371967,-0.021028226241469383,0.9764283895492554,-0.5710298418998718,2.970897912979126,-0.657121479511261,0.7466871277515265,284.359593220339,0.0
30.492,75.76223290096092,-0.5249052216401835,-1.1011510783028862,64,0.014609494246542454,-0.016888799145817757,0.9893759489059448,0.44224050641059875,-1.7050254344940186,0.2892942428588867,0.7474219366582049,284.359593220339,0.0
30.542,75.76924831106737,-0.4716157580743468,-1.2573798465759636,64,0.008058701641857624,-0.027940554544329643,1.018631100654602,-0.48721933364868164,-0.457927942276001,0.5070700645446777,0.7484947368323097,284.359593220339,0.0
30.593,75.7616249169034,-0.4846096829401119,-1.6527773198825573,64,0.0067934514954686165,-0.03418524190783501,1.004825472831726,-0.32372990250587463,-0.2021448314189911,-0.9185224175453186,0.749784402042136,284.359593220339,0.0
30.643,75.75420985965278,-0.6491384874889298,-1.459255057596876,64,0.015160500071942806,-0.023318717256188393,0.9870573878288269,1.2895402908325195,-2.633085012435913,-0.8619093894958496,0.750558331857491,284.359593220339,0.0
30.693,75.73616555682673,-0.6028818807167233,-1.48221410282873,64,0.013503177091479301,-0.026778437197208405,1.0042930841445923,-2.583420515060425,1.5127143859863281,-0.4009760916233063,0.7511581871290098,284.359593220339,0.0
30.744,75.7321316351364,-0.7182125027638867,-1.5516432364584132,64,0.0228247232735157,-0.04445960745215416,0.9769495129585266,0.012674219906330109,1.2642322778701782,-1.5860954523086548,0.7514448235420632,284.359593220339,0.0
30.796,75.70050553390799,-0.7792311828445515,-1.5448032924490278,64,0.020491939038038254,-0.03460527956485748,0.9708603620529175,1.110265851020813,2.200316905975342,-1.7253334522247314,0.7512299500760474,286.2029341521665,0.0
30.846,75.6483330098943,-0.5233996217640452,-0.8259164711217261,64,0.008036380633711815,-0.0036643280182033777,0.9590247273445129,2.870203733444214,0.8083070516586304,-0.5220987200737,0.7504867341064838,286.2029341521665,0.0
30.896,75.61955121573946,-0.05385664187820107,-0.08449474203540562,64,-0.012846466153860092,0.0110438521951437,1.0305964946746826,2.3325135707855225,0.053993433713912964,1.8042309284210205,0.7502097608257646,286.2029341521665,0.0
30.947,75.66590307719171,0.2933473048017898,-0.5030974687093059,64,-0.0158954169601202,-0.014088082127273083,1.0682992935180664,-0.42948341369628906,-0.9030656814575195,0.7640732526779175,0.7485162644380188,286.2029341521665,0.0
30.998,75.74605124538571,0.09356154050005533,-1.3384387527781496,64,0.013043287210166454,-0.05369001254439354,1.0313788652420044,-2.542930841445923,-1.8576140403747559,0.812667965888977,0.7477076789303762,286.2029341521665,0.0
31.049,75.7683593519795,-0.3359647633340474,-1.5549757624636,64,0.02214224450290203,-0.030692869797348976,0.9736546277999878,-2.6540725231170654,0.9029749631881714,0.542535662651062,0.7468404038618014,286.2029341521665,0.0
31.1,75.74650656001346,-0.4369669154898308,-1.5477103508950558,64,-8.7959851953201e-05,-0.031134558841586113,0.9816400408744812,0.9114525318145752,-1.487311601638794,-0.34048646688461304,0.7459984520222754,286.2029341521665,0.0
31.15,75.68570823381556,-0.05851858701487512,-1.0909494267025723,64,-0.008394449017941952,0.007647019810974598,0.9953271746635437,-1.5605063438415527,1.5422093868255615,-0.8552377820014954,0.7446327403096292,286.2029341521665,0.0
31.2,75.68824896612095,-0.15661533402104233,-0.4724363464795855,64,0.01122660469263792,-0.004753630608320236,1.0190411806106567,-0.8404822945594788,-3.3876187801361084,0.13801583647727966,0.7444071645678991,286.2029341521665,0.0
31.25,75.73118690276645,-0.28406930063304503,-0.5405630136308213,64,0.003922463860362768,-0.016477707773447037,1.0194951295852661,-2.5508241653442383,-2.8310911655426025,1.3154805898666382,0.7436918488692773,286.2029341521665,0.0
31.301,75.77744751470752,-0.4461995225210386,-0.720009890047002,64,0.01214510016143322,-0.012729552574455738,0.9724752902984619,-4.503509044647217,1.7359092235565186,1.9621402025222778,0.743564299381077,286.2029341521665,0.0
31.352,75.82962084284976,-0.7172352465920019,-0.9616154778700077,64,0.02031039260327816,-0.02218390442430973,0.9602218270301819,-2.0366833209991455,3.651658296585083,1.5940557718276978,0.7431122634284305,286.14435802974486,0.0
31.402,75.87807532041589,-0.6739266381590281,-1.1193538631420408,64,0.005067343823611736,-0.028999222442507744,0.9784266352653503,3.739370822906494,2.5820460319519043,0.7432001233100891,0.7426166512699423,286.14435802974486,0.0
31.453,75.89434459741882,0.09137232285775755,-1.1271912558943777,64,-0.02362988516688347,-0.020433569326996803,1.0208077430725098,0.369017630815506,-0.42123425006866455,2.408552885055542,0.7420904646227097,286.14435802974486,0.0
31.503,75.92761252167969,0.03672190476368983,-2.077685983885262,64,0.0041631972417235374,-0.051281481981277466,1.034253478050232,-2.327627658843994,-0.3607032895088196,-0.6220372319221497,0.741351760850261,286.14435802974486,0.0
31.554,75.92919300486727,-0.302748932738685,-2.496963548620345,64,0.02232137881219387,-0.06522451341152191,0.9905864000320435,-4.7816314697265625,2.1308462619781494,-2.551931142807007,0.7402752219871533,286.14435802974486,0.0
31.604,75.83083203002911,-0.5376530999365089,-2.1183760386962542,64,0.006778185721486807,-0.011824649758636951,0.9635137319564819,-0.3075065314769745,3.6919829845428467,-1.2349392175674438,0.7396447556283511,286.14435802974486,0.0
31.654,75.7383006439819,-0.745037880027926,-0.7400618180171129,64,0.012037252075970173,0.027889499440789223,0.9836001992225647,2.7414355278015137,-0.9441169500350952,-1.7836154699325562,0.7381407751630125,286.14435802974486,0.0
31.705,75.72804062478309,-0.7225949065444391,-0.23554134616487377,64,0.01471714023500681,-0.0014445468550547957,1.0561326742172241,2.106769561767578,-8.395618438720703,-0.40889298915863037,0.7371654683978776,286.14435802974486,0.0
31.755,75.74366658634092,-0.5423279515888985,-0.49336864164750754,64,-0.0001672137004788965,-0.019588187336921692,1.0614298582077026,-0.33231526613235474,-3.969846248626709,0.9645996689796448,0.7368218561463606,286.14435802974486,0.0
31.806,75.74426642603109,-0.5274323917972132,-1.6060002490225207,64,0.005583985708653927,-0.03330844268202782,1.0027728080749512,-8.151616096496582,7.439087867736816,-0.6141630411148071,0.7364630229177975,286.14435802974486,0.0
31.858,75.73083143465331,-0.8619646092487652,-0.9837764617903484,64,0.02258463017642498,-0.009279117919504642,0.9411677718162537,-4.882640838623047,3.178213357925415,0.18814152479171753,0.7365133009054147,286.14435802974486,0.0
31.908,75.70153602369686,-1.231087457254005,-0.3624161526101885,64,0.02160220593214035,0.011145919561386108,0.9179708957672119,0.9410402774810791,0.07903283834457397,-0.7969649434089661,0.7376422935671754,287.8726149622512,0.0
31.958,75.7112267194541,-1.221932769047529,-0.39766242161240817,64,0.028399690985679626,-0.02135320194065571,0.9918388724327087,0.9794007539749146,0.8353431224822998,1.3982874155044556,0.7379845683164089,287.8726149622512,0.0
32.009,75.70719707490511,-0.9081379218122045,-0.6455152089351626,64,-0.0026943793054670095,-0.017218388617038727,1.035459280014038,2.435983419418335,-2.329232692718506,1.3684065341949463,0.7382718096093394,287.8726149622512,0.0
32.059,75.71006270887597,-1.0772744448034843,-1.5995842548484545,64,0.01934942416846752,-0.04288369044661522,1.0333362817764282,-1.5978889465332031,-0.8967670798301697,-0.7469207048416138,0.7381180439365582,287.8726149622512,0.0
32.109,75.64752112397039,-1.1600450493160794,-2.1630784930232476,64,0.016875794157385826,-0.03346571698784828,0.9986633658409119,-2.6419031620025635,0.02378365397453308,-2.758488893508911,0.7376639651775786,287.8726149622512,0.0
32.16,75.57964420060188,-1.0904189612758406,-2.1284382794550383,64,0.014992259442806244,-0.0351032018661499,0.9963909983634949,0.22653502225875854,-0.46129336953163147,-3.2413127422332764,0.7378742389035576,287.8726149622512,0.0
32.21,75.51095599953142,-0.8779893279355463,-1.5908459043109462,64,0.013578810729086399,-0.01213749498128891,0.9645062685012817,-0.5196315050125122,-2.2745137214660645,-1.1814112663269043,0.738457739461104,287.8726149622512,0.0
32.26,75.45411807355822,-1.1242894337692766,-1.4399783585810564,64,0.027578912675380707,-0.0238345917314291,0.9684720039367676,0.571366012096405,-1.3819855451583862,-1.7725675106048584,0.7387041470749561,287.8726149622512,0.0
32.311,75.39022958530711,-0.9535817712293128,-1.3389075526248473,64,0.01207758765667677,-0.025880252942442894,1.0081137418746948,3.4311158657073975,-0.7327040433883667,-2.0545589923858643,0.7385678173075375,287.8726149622512,0.0
32.362,75.3520695900333,-0.5067174484426074,-1.1729192198675997,64,0.004134205169975758,-0.02191816084086895,0.979326605796814,1.7041239738464355,0.8741457462310791,-0.7505655288696289,0.7381443942094353,287.8726149622512,0.0
32.412,75.31989512920795,-0.4137872834681941,-1.015820417558961,64,0.010067085735499859,-0.009310998022556305,0.9869183301925659,2.0993127822875977,2.011942148208618,0.6383705735206604,0.737569267798701,287.8726149622512,0.0
32.463,75.30585808582148,-0.7622034254383858,-1.2855461950376936,64,0.020220648497343063,-0.029081646353006363,0.9944806694984436,1.0550085306167603,1.4013867378234863,-0.3962079882621765,0.7373733792916494,285.55991285403053,0.0
32.513,75.27730794325961,-0.775752280022291,-1.5646866084082067,64,0.00704393582418561,-0.02394735999405384,1.015662431716919,2.0150907039642334,0.9442664384841919,-0.9364175200462341,0.7368553028696985,285.55991285403053,0.0
32.563,75.24814265282828,-0.4842747241716869,-1.172980430861773,64,-0.006340984255075455,-0.00967768020927906,1.0148338079452515,1.9303737878799438,1.0405954122543335,-0.2978063225746155,0.7364462513214074,285.55991285403053,0.0
32.613,75.25878785226185,-0.17786702578922944,-1.081249040042569,64,0.0007942271768115461,-0.01866314932703972,1.0313835144042969,-1.2095203399658203,0.35279330611228943,0.8896245956420898,0.7357568090168045,285.55991285403053,0.0
32.664,75.26548640553817,-0.49872323673798546,-1.4617853866951465,64,0.004493162967264652,-0.031329549849033356,1.010085105895996,0.35832908749580383,-0.5030064582824707,-0.21024806797504425,0.7356802106135196,285.55991285403053,0.0
32.714,75.2521286172648,-0.16663275107342737,-1.228477973310803,64,-0.004046281799674034,-0.01288476213812828,0.9763324856758118,-2.4768946170806885,3.013476610183716,0.1268163025379181,0.7357784458314969,285.55991285403053,0.0
32.765,75.26420703886993,-0.4587031588356446,-0.5968273835591392,64,0.01206035166978836,0.0034303010907024145,0.9524266123771667,0.6126073002815247,-1.154407024383545,1.4554553031921387,0.7359832885291785,285.55991285403053,0.0
32.815,75.31029929523474,-0.7181947450217644,-0.9433831517593148,64,0.015398182906210423,-0.02352137304842472,0.9925603270530701,2.0936403274536133,-0.4636741876602173,0.22576798498630524,0.7363157111808843,285.55991285403053,0.0
32.868,75.3473108044819,-0.479536569213653,-0.9518161543005564,64,0.004841563291847706,-0.020436611026525497,1.0199726819992065,-0.08687268942594528,1.5284920930862427,0.8532338738441467,0.7365434421011997,285.55991285403053,0.0
32.919,75.37254039947663,-0.21804904849832263,-0.5462652676033908,64,-0.0067924149334430695,0.002117931842803955,1.0207949876785278,-0.45173507928848267,0.5635501742362976,1.9410511255264282,0.7365218435545141,285.55991285403053,0.0
32.97,75.43981216119647,-0.3029981410489185,-0.8727944405770772,64,0.015637390315532684,-0.03643106296658516,1.0164821147918701,-0.43871715664863586,-0.03895412012934685,1.9565616846084595,0.7361414657306475,285.55991285403053,0.0
33.02,75.45314859012481,-0.6620152831535328,-1.6993368381085103,64,0.009063594043254852,-0.030136210843920708,1.0036866664886475,-1.7000283002853394,2.5542449951171875,-0.9997705817222595,0.7357485903207316,274.730071395821,0.0
33.07,75.42056867077298,-0.2825568540946917,-1.1130406432786477,64,-0.015564283356070518,-0.001144544337876141,0.9877853989601135,-1.3082125186920166,-1.2967101335525513,0.40083879232406616,0.7348089456822247,274.730071395821,0.0
33.121,75.42597522477512,-0.1000780323690449,-0.7164208808844312,64,0.004744581878185272,0.0014019624795764685,0.9656190872192383,-1.2260545492172241,-2.9157485961914062,0.6150915622711182,0.7340477065980697,274.730071395821,0.0
33.171,75.45804898191174,-0.5296440171857167,-0.916675873679025,64,0.021402882412075996,-0.02257596328854561,0.9945409297943115,-1.9679193496704102,0.09567944705486298,-0.6292958855628967,0.7329724930301297,274.730071395821,0.0
33.222,75.45286464531534,-0.44340165648239566,-0.7976834288980017,64,0.00311125791631639,-0.014663727954030037,1.01487398147583,-0.29352957010269165,-0.66091388463974,0.2811013460159302,0.7322167551009641,274.730071395821,0.0
33.272,75.47049026566714,-0.3834567858781921,-0.8833457224439947,64,0.006550800055265427,-0.025377929210662842,0.9904897212982178,0.08309457451105118,-1.9688801765441895,0.6506143808364868,0.7313080531871704,274.730071395821,0.0
33.322,75.48309029629911,-0.5818099625106533,-1.1779948243132141,64,0.02088228426873684,-0.029585957527160645,0.9685569405555725,-0.41180235147476196,0.28664758801460266,0.4649393558502197,0.7303641417569251,274.730071395821,0.0
33.373,75.45178679994821,-0.7194716381073463,-1.0442467418339025,64,0.009874474257230759,-0.001405148534104228,0.9732753038406372,0.20887845754623413,1.9793814420700073,-0.9407696723937988,0.7299703210971272,274.730071395821,0.0
33.423,75.44406608421255,-0.4850913812989842,-0.8099330921664435,64,0.0022630265448242426,-0.010394935496151447,1.0026177167892456,1.8940417766571045,-1.1730918884277344,-0.33031758666038513,0.7294918061236699,274.730071395821,0.0
33.474,75.44523751538125,-0.2149554569951185,-0.8246815644273371,64,-0.007762289606034756,-0.013742524199187756,1.0106637477874756,2.0143749713897705,-1.482429027557373,-0.3279430866241455,0.7286670100236468,274.730071395821,0.0
33.525,75.46862244155113,-0.2526629816418938,-1.2364833475974433,64,0.016560565680265427,-0.027641141787171364,1.0017560720443726,0.9041616916656494,1.8890483379364014,-0.5585149526596069,0.7284468568110093,274.730071395821,0.0
33.575,75.46751920356489,-0.5188139529229143,-1.262140239530259,64,0.01409107819199562,-0.030324678868055344,1.015749454498291,3.9079487323760986,-2.8409247398376465,-0.4393841624259949,0.728556752899096,295.8109880809648,0.0
33.625,75.45366862352219,-0.266044855007706,-0.9027607552197285,64,-0.002382057486101985,-0.005797316785901785,0.9961345195770264,0.2545367479324341,-0.8962693214416504,0.7551299929618835,0.7286198700660032,295.8109880809648,0.0
33.676,75.451015135387,-0.1058579659586784,-1.0244749404238596,64,-0.00789963360875845,-0.011015061289072037,1.025916337966919,1.0321629047393799,-2.4762144088745117,-0.40901488065719604,0.7282959215028738,295.8109880809648,0.0
33.726,75.46269275973766,-0.46261912649440584,-1.4303177856335572,64,0.026860373094677925,-0.034290898591279984,0.9839457869529724,0.6052958369255066,0.12696513533592224,-1.4984562397003174,0.7284401784065447,295.8109880809648,0.0
33.776,75.44255916484073,-0.3548912955251926,-0.8728837772714354,64,-0.0010761055164039135,-0.010092664510011673,0.9971155524253845,0.12539947032928467,-0.37636253237724304,0.6489560008049011,0.7285472592806942,295.8109880809648,0.0
33.827,75.45349845718293,-0.15385129845307688,-0.8499926112687486,64,-0.003292662324383855,-0.015577604062855244,0.9911080002784729,-1.0583512783050537,1.332667350769043,0.5906221270561218,0.7282486929159022,295.8109880809648,0.0
33.877,75.46154070719975,-0.25047286683235775,-0.735421763827261,64,0.0039149015210568905,-0.008193859830498695,0.9918133616447449,-0.39088308811187744,0.08284641057252884,1.1520819664001465,0.7279306518338465,295.8109880809648,0.0
33.928,75.47245354637234,-0.48971747054755693,-0.9665639206678045,64,0.006395867094397545,-0.016066303476691246,0.9906060695648193,0.6576365828514099,-0.488559752702713,-0.23015275597572327,0.7278343070452479,295.8109880809648,0.0
33.979,75.48590705944947,-0.07575003971227075,-1.1033510534013735,64,-0.005365577060729265,-0.0270619448274374,1.0000280141830444,0.385191410779953,-0.22059370577335358,0.16455934941768646,0.7274434224169282,295.8109880809648,0.0
34.03,75.5117394545965,-0.4954137317335453,-0.9612917002127921,64,0.022707272320985794,-0.018305322155356407,0.9462146759033203,2.783304452896118,-4.53926420211792,1.1895371675491333,0.7269025649537282,295.8109880809648,0.0
34.08,75.52572197345411,-0.22474840603771679,-1.4141785445440505,64,-0.014944720081984997,-0.030094871297478676,1.0213419198989868,4.0117573738098145,-0.9363495707511902,-0.3850354552268982,0.7268881669546969,295.8109880809648,0.0
34.13,75.52522694347482,0.2670139114616967,-1.6718349701079858,64,-0.013406254351139069,-0.030138276517391205,1.0339778661727905,2.655095338821411,3.2914235591888428,-1.0166136026382446,0.7262829819157689,282.0837985069608,0.0
34.181,75.55840238529228,0.5213283472128049,-1.2524329753312065,64,-0.005004980601370335,-0.02636873535811901,1.031976342201233,0.18068474531173706,-0.7110453248023987,1.7676928043365479,0.7258701762270015,282.0837985069608,0.0
34.231,75.62366897871355,-0.0803766080455504,-1.9059247551467795,64,0.01944100484251976,-0.056820474565029144,1.0095055103302002,-3.0768203735351562,-0.8651344180107117,1.2732349634170532,0.7257452073591781,282.0837985069608,0.0
34.281,75.61003045165494,-0.5638412285533194,-1.9745482996285837,64,0.01735040172934532,-0.016841690987348557,0.9701393842697144,-2.167623996734619,0.12298279255628586,-0.7919107675552368,0.7259416552137564,282.0837985069608,0.0
34.332,75.58095481587948,-0.3420150675299681,-1.6386768977141264,64,-0.01934591867029667,-0.02049586921930313,1.0165516138076782,0.13799694180488586,-0.9325792193412781,-0.19705773890018463,0.7268963467107852,282.0837985069608,0.0
34.382,75.58182116719964,-0.03871602672509481,-1.7196558443382164,64,-0.001176404650323093,-0.030597304925322533,0.9977542161941528,-2.6722378730773926,1.6996948719024658,-1.0492444038391113,0.7278418133643143,282.0837985069608,0.0
34.433,75.5770377074778,-0.25665662991731036,-1.6064015731080334,64,0.01433111447840929,-0.035622190684080124,0.9955107569694519,-1.7654945850372314,-0.4082784652709961,-0.5492858290672302,0.7297174902680942,282.0837985069608,0.0
34.484,75.56431760027927,-0.5324641042642876,-1.170331463211949,64,0.020207619294524193,-0.00718167657032609,0.9653776288032532,-0.43492984771728516,3.1421456336975098,0.6160610318183899,0.7318618716824438,282.0837985069608,0.0
34.534,75.58793809186282,-0.6266494159646804,-0.4982810347643567,64,0.005021961405873299,-0.0032319589518010616,0.9844508767127991,0.7237621545791626,-2.1656746864318848,1.7830469608306885,0.7331233791284393,282.0837985069608,0.0
34.584,75.63450415941475,-0.21551241556617556,-0.6200830922897477,64,-0.010249324142932892,-0.01084293331950903,0.9982361793518066,0.47967350482940674,-2.291900396347046,1.731357455253601,0.7346937811939525,282.0837985069608,0.0
34.635,75.68122023369725,0.06608281656395792,-0.8742126412401178,64,-0.00724755646660924,-0.016348449513316154,1.0095856189727783,-1.8833069801330566,0.5688673257827759,1.7164406776428223,0.7356079768949749,282.0837985069608,0.0
34.686,75.73782433214055,-0.3241319716872692,-1.2777511473710124,64,0.016541002318263054,-0.023713039234280586,0.9965958595275879,-2.244572639465332,5.976766109466553,0.44923698902130127,0.7363546467750091,284.6297502714441,0.0
34.737,75.78922856706961,-0.5067427483444965,-1.1615843034688538,64,0.01321824174374342,-0.02428048849105835,0.989071786403656,-0.09116336703300476,0.9009137749671936,1.0249345302581787,0.7371562939831144,284.6297502714441,0.0
34.787,75.8336281414507,-0.5461335561970676,-1.0809618843399853,64,0.004454154521226883,-0.01851964183151722,0.9845514297485352,1.0395643711090088,-3.7787623405456543,1.6515628099441528,0.7385286629299805,284.6297502714441,0.0
34.837,75.88788152175454,-0.16094474512560294,-1.4764347509501348,64,0.0029415187891572714,-0.03461654484272003,0.992430567741394,-1.3915083408355713,1.6151031255722046,2.1081416606903076,0.7394016003778973,284.6297502714441,0.0
34.888,75.90796204292273,-0.5761694064817364,-1.6281612081997014,64,0.010576119646430016,-0.018666133284568787,0.9974763989448547,0.3691290616989136,0.22669754922389984,0.6940380334854126,0.7400529940906146,284.6297502714441,0.0
34.941,75.89284068429436,-0.6772440495667802,-1.6334787010000975,64,0.009419072419404984,-0.024865588173270226,1.0005204677581787,1.9193538427352905,-1.2034980058670044,-1.8180382251739502,0.7404625565795977,284.6297502714441,0.0
34.992,75.84417235047717,-0.10327237538673033,-1.436616795318414,64,-0.006066099740564823,-0.024250537157058716,1.0158252716064453,-1.207227110862732,0.64413982629776,-1.3072810173034668,0.7410329205833177,284.6297502714441,0.0
35.043,75.82740685110312,-0.14176225922034927,-0.7182890007409511,64,0.00546331936493516,-0.0045359814539551735,0.9864553213119507,-2.053661823272705,0.8172445297241211,0.8595719933509827,0.7417114214841344,284.6297502714441,0.0
35.093,75.82815761140003,0.07354936588460599,-1.067693924550972,64,-0.012064305134117603,-0.0182352252304554,1.0233850479125977,-0.4742719829082489,2.4894521236419678,-0.510192334651947,0.741792159952547,284.6297502714441,0.0
35.144,75.81006915446025,-0.18470013740009333,-1.0376364729150487,64,0.011138823814690113,-0.012491211295127869,0.996046245098114,0.8370003700256348,-1.7220100164413452,-1.819349765777588,0.7417920344741316,284.6297502714441,0.0
35.194,75.80975629873222,-0.004385421501909914,-0.6659154413285491,64,-0.008028248324990273,-0.008498474955558777,1.0029677152633667,-0.9081093072891235,-7.065401554107666,1.146506428718567,0.7418174956006024,284.6297502714441,0.0
35.244,75.83181374200363,-0.2525876991437499,-1.2875388081947108,64,0.018407415598630905,-0.03411756455898285,1.009472131729126,-4.178284168243408,0.22059233486652374,0.8000429272651672,0.7417857687361026,287.1237677984666,0.0
35.296,75.81953769977986,-0.5121557076935485,-1.2021910161782756,64,0.006749251391738653,-0.012943084351718426,0.97480708360672,-0.3501645624637604,-3.8053700923919678,0.4926038086414337,0.7417824128496672,287.1237677984666,0.0
35.346,75.81477554435423,-0.6806461474245599,-1.4009902999428612,64,0.019172726199030876,-0.032624680548906326,0.951562762260437,1.666264295578003,-2.3124642372131348,-0.6357858777046204,0.7424440630306771,287.1237677984666,0.0
35.397,75.78926312404003,-0.9637481154105115,-1.710775063928354,64,0.026856297627091408,-0.035656802356243134,0.992845892906189,0.6003628969192505,-0.09163574129343033,-0.3536093831062317,0.7428131248037649,287.1237677984666,0.0
35.447,75.71552113527673,-0.9869143775584162,-2.3349227235535075,64,0.003339997259899974,-0.04984298348426819,1.0379688739776611,0.9022223353385925,1.4379767179489136,-2.8804337978363037,0.7437013260529417,287.1237677984666,0.0
35.5,75.62227385562653,-0.37096064594290906,-1.9142947237542443,64,-0.003929088823497295,-0.01681179367005825,1.011861801147461,-1.253494381904602,1.8418596982955933,-2.3799774646759033,0.7442425123608055,287.1237677984666,0.0
35.55,75.57302654249067,-0.4537773785247494,-0.8656867726584258,64,0.012908458709716797,-0.014949838630855083,0.9987030029296875,0.33811458945274353,-1.357918620109558,-0.6238365173339844,0.7451889096018693,287.1237677984666,0.0
35.6,75.5710952036162,-0.38420163693629317,-0.7620450032771102,64,0.006562790833413601,-0.012762955389916897,0.9777064323425293,-1.761724591255188,1.9815752506256104,1.1407086849212646,0.7458741190726069,287.1237677984666,0.0
35.651,75.58104429870204,-0.3724378562369067,-1.5275328621540183,64,0.0033975618425756693,-0.04312402009963989,1.032862901687622,-2.7776448726654053,1.1886733770370483,0.2128225564956665,0.7467936456343006,287.1237677984666,0.0
35.701,75.57076577869383,-0.873644713428428,-2.1117441238534767,64,0.028875863179564476,-0.04719848185777664,0.9812208414077759,0.7536852359771729,-1.796154260635376,-2.2164504528045654,0.7477887829117126,287.1237677984666,0.0
35.752,75.54423402849751,-0.9141858679337855,-1.4125366394017689,64,0.016831835731863976,-0.011602779850363731,0.9450560808181763,0.4931488335132599,-0.7855031490325928,-0.06085683032870293,0.7479364631476152,287.1237677984666,0.0
35.805,75.52431383212082,-0.6161001566900063,-1.1945958710629991,64,0.0027419552206993103,-0.013706361874938011,1.001449704170227,0.5964699983596802,0.658823549747467,0.27660080790519714,0.7482667060682916,291.45326940448894,0.0
35.855,75.54835915279267,-0.5773371777201058,-0.8245216590630005,64,0.013586262241005898,-0.010022702626883984,1.0065171718597412,1.7858128547668457,-1.5701709985733032,2.113529920578003,0.747987467800528,291.45326940448894,0.0
35.905,75.58363225004747,-0.7690228680715154,-0.9623376066965272,64,0.01301831565797329,-0.019884129986166954,0.990733802318573,1.5568602085113525,-0.6468112468719482,1.4520549774169922,0.7474859997114927,291.45326940448894,0.0
35.955,75.63898245237837,-0.8584596273391328,-1.4836333743056154,64,0.020344708114862442,-0.03716964274644852,0.996475875377655,0.1303471028804779,2.0715384483337402,0.3670658767223358,0.7472987154165426,291.45326940448894,0.0
36.006,75.66507731595668,-0.7767193956868408,-1.2537726257752206,64,0.007309980224817991,-0.012394249439239502,0.9829807281494141,1.4604077339172363,1.3950060606002808,1.864084243774414,0.7472172527791108,291.45326940448894,0.0
36.058,75.71594498710103,-0.5495555567835799,-1.3230503128628954,64,0.0049223517999053,-0.022741110995411873,0.9970847368240356,1.296560287475586,-0.02304474078118801,1.6205101013183594,0.7473461943180464,291.45326940448894,0.0
36.111,75.77790412014954,-0.46560354267688064,-1.5603670662688514,64,0.006550007965415716,-0.04137635976076126,1.0230138301849365,1.1926859617233276,-2.5246238708496094,1.2959847450256348,0.7477748875735719,291.45326940448894,0.0
36.161,75.79901054386646,-0.3967588623828654,-1.6630282684374118,64,0.009314246475696564,-0.026660749688744545,0.985971987247467,-0.3937108814716339,-0.24229201674461365,1.1846851110458374,0.7475988091020702,291.45326940448894,0.0
36.211,75.79170895838084,-0.6444771769501104,-2.0923594094422,64,0.00916260201483965,-0.030013082548975945,1.0099077224731445,-0.2642907202243805,2.4350597858428955,-1.2950166463851929,0.7472485625774867,291.45326940448894,0.0
36.262,75.76652525426391,-0.5790061557482403,-1.633873068030825,64,0.012070782482624054,-0.022994060069322586,1.0003478527069092,-1.3513306379318237,-0.6700141429901123,-0.8947539329528809,0.7461813549386519,291.45326940448894,0.0
36.312,75.74832489733714,-0.4772982118128948,-1.6217511955667048,64,0.005249847657978535,-0.029528368264436722,0.9987024664878845,-0.9519906640052795,0.28200671076774597,-1.0573055744171143,0.7460011404043341,281.15725968628504,0.0
36.363,75.71363016674499,-0.24154642344497299,-1.6414040249752941,64,0.003961443435400724,-0.023457590490579605,1.0046039819717407,-1.7171787023544312,4.704047679901123,-1.3897825479507446,0.7458286872513912,281.15725968628504,0.0
36.413,75.6977550552879,-0.4702038238823057,-0.5269953811545518,64,0.016014674678444862,0.012369140982627869,0.985042929649353,-0.22053241729736328,-2.768826723098755,-0.04326372593641281,0.7458004881133085,281.15725968628504,0.0
36.463,75.76146515401011,-0.4742074554641762,-0.4159922641339926,64,0.013166725635528564,-0.031385067850351334,1.0073870420455933,-1.991722583770752,-5.021176815032959,2.5816702842712402,0.7450056182874211,281.15725968628504,0.0
36.514,75.7972646064028,-0.7897637367514099,-1.1374484331824497,64,0.01711987890303135,-0.02093164250254631,0.9642302989959717,-1.5820555686950684,4.794472694396973,2.043790102005005,0.7445172296061048,281.15725968628504,0.0
36.564,75.79652181111817,-0.5929024242827136,-1.0858509970415824,64,-0.013518102467060089,0.004023861140012741,1.028565526008606,0.5700287818908691,3.5666940212249756,0.24372683465480804,0.7435960728048827,281.15725968628504,0.0
36.615,75.84322161820627,-0.4158936207648497,-0.7820810183751097,64,0.009007242508232594,-0.01726382039487362,0.9996374845504761,0.9569171071052551,-2.484002113342285,-0.08143414556980133,0.7429322924250563,281.15725968628504,0.0
36.665,75.89204858622442,-0.1330270104674706,-0.5730427140797538,64,0.0001990056480281055,-0.011338800191879272,0.9819194674491882,-1.7623670101165771,-1.4953910112380981,2.503652572631836,0.7424130129452506,281.15725968628504,0.0
36.716,75.97233298463578,-0.4885797336434577,-1.213857662739283,64,0.020329080522060394,-0.041627805680036545,0.9942575097084045,-0.08660617470741272,-1.426493525505066,0.7878096103668213,0.7420566395514526,281.15725968628504,0.0
36.766,76.00725086770548,-0.6610398511724048,-1.8293489743141715,64,0.01930137723684311,-0.04378397390246391,0.9906713962554932,-0.6309276223182678,0.03861679881811142,-0.43080589175224304,0.7414421981164431,281.15725968628504,0.0
36.817,75.99106160976001,-0.9349615618462854,-1.8692194763331502,64,0.02028265967965126,-0.03929558023810387,0.9938281178474426,0.09455734491348267,-1.6686257123947144,-0.48882365226745605,0.7410303190245451,281.15725968628504,0.0
36.868,75.93905695916288,-0.7016442589214986,-1.8596944538459654,64,-0.0028853456024080515,-0.02504088543355465,1.015853762626648,-0.9148513674736023,-0.8634850382804871,-1.8221434354782104,0.7401255128059632,287.6751714677641,0.0
36.919,75.92160454800216,-0.4725254571367834,-1.5963970541404586,64,0.011198075488209724,-0.030994046479463577,0.9800814986228943,0.03781725838780403,-1.1121039390563965,-0.9623587131500244,0.739373861483077,287.6751714677641,0.0
36.969,75.88179033481528,-0.7584167783029928,-1.3217003659571098,64,0.021021295338869095,-0.01470986008644104,0.951541543006897,1.4495465755462646,-0.4042268395423889,-1.223181128501892,0.7387164933413447,287.6751714677641,0.0
37.02,75.84437729930794,-0.6317066269445516,-1.1228301198125161,64,0.0015748434234410524,-0.015562213025987148,1.0100901126861572,3.2065701484680176,-0.4685221016407013,-0.459086537361145,0.7385160318457216,287.6751714677641,0.0
37.07,75.8286345713639,-0.4394664486676856,-1.1385269305323846,64,0.012407452799379826,-0.023653116077184677,1.0211200714111328,-0.08343148976564407,-0.24854888021945953,0.01691262237727642,0.7386016377722608,287.6751714677641,0.0
37.12,75.79709076071586,-0.5290176551858579,-1.357884646004446,64,0.010902872309088707,-0.02274254709482193,1.037839651107788,-1.49045991897583,0.6894542574882507,-1.165016531944275,0.7388720121616685,287.6751714677641,0.0
37.171,75.7735105067848,-0.5703733093228833,-1.1888678577569916,64,0.0077161421068012714,-0.01910320110619068,1.0006775856018066,-2.0727784633636475,-0.8493876457214355,-1.2247496843338013,0.7391865664352164,287.6751714677641,0.0
37.221,75.74878980359948,-0.5915425353704542,-0.8954471786162858,64,0.014401833526790142,-0.010412349365651608,0.9755941033363342,-3.93866229057312,1.9491260051727295,-0.11556409299373627,0.7393930516847195,287.6751714677641,0.0
37.272,75.73054016896873,-0.5981721376058322,-0.8197110728302459,64,0.002755665685981512,-0.013361738063395023,0.9957016110420227,-1.5386130809783936,-0.12936356663703918,-0.49727770686149597,0.7391097988786132,287.6751714677641,0.0
37.322,75.72722173310753,-0.5728652556469354,-0.8961797029924874,64,0.01296870969235897,-0.011409296654164791,0.9905741214752197,-0.5131801962852478,-1.560838222503662,-0.952630341053009,0.7379651313045764,287.6751714677641,0.0
37.373,75.75102315562955,-0.737703788571241,-0.7421468582866806,64,0.02176198549568653,-0.022696655243635178,0.9868037104606628,-1.3057841062545776,-4.153799533843994,1.4554105997085571,0.7374587798759328,287.6751714677641,0.0
37.424,75.76597854035874,-0.8753166206813181,-1.7413194286156939,64,0.01350957341492176,-0.05124321207404137,1.0170241594314575,-1.0532140731811523,-0.842186689376831,-0.03764701634645462,0.7365518108388854,286.55489512878324,0.0
37.474,75.73202760723905,-1.0107170572515485,-2.258797571555261,64,0.020968886092305183,-0.03817613050341606,0.9965993762016296,-1.1504583358764648,3.2732093334198,-2.3946871757507324,0.7352350587623355,286.55489512878324,0.0
37.525,75.68305628489837,-0.9533628741583889,-1.4880391147858771,64,0.016391916200518608,-0.016365375369787216,0.9866756200790405,-0.684359073638916,-0.4228610098361969,-1.0790023803710938,0.7332272447604712,286.55489512878324,0.0
37.575,75.6559365853756,-0.8880520902372381,-1.132558412662916,64,0.011908557265996933,-0.01498065609484911,0.9953981637954712,-1.1992838382720947,-0.8025707006454468,-0.07281296700239182,0.7319966380341543,286.55489512878324,0.0
37.626,75.61450126105242,-0.9255459265888528,-1.0362262747563147,64,0.009042183868587017,-0.0046148402616381645,0.992422878742218,-0.1727883517742157,0.15645535290241241,-1.0920863151550293,0.7311172951061152,286.55489512878324,0.0
37.676,75.61203440248278,-0.73375067825903,-1.1299696596791025,64,0.009423501789569855,-0.024192288517951965,1.0190565586090088,-1.4171415567398071,-0.23261022567749023,-0.274631142616272,0.7305909467111872,286.55489512878324,0.0
37.727,75.60591111371511,-0.7953305832191859,-1.4840054217051126,64,0.01769258640706539,-0.033583108335733414,1.0035241842269897,0.2980929911136627,-1.7581775188446045,-0.8778891563415527,0.7298270462256475,286.55489512878324,0.0
37.777,75.58016235477534,-1.058553460801358,-1.5257980933636983,64,0.02826210856437683,-0.02871670201420784,0.9823314547538757,0.9828141927719116,-4.159076690673828,-1.2322216033935547,0.7281108617577385,286.55489512878324,0.0
37.827,75.55915639333374,-1.038368524941067,-1.2221379474772633,64,0.01797311194241047,-0.011307529173791409,0.97663414478302,-0.3368164598941803,-0.14894737303256989,0.08256769180297852,0.7269016033068822,286.55489512878324,0.0
37.877,75.55542623450697,-1.0259978346073346,-1.0964446214046197,64,0.01783929020166397,-0.01616767607629299,0.9932615160942078,-0.3294183611869812,1.3212697505950928,0.15950345993041992,0.7259254278460164,286.55489512878324,0.0
37.929,75.5839777558901,-0.9217346572712892,-0.9651061802217988,64,0.012171641923487186,-0.016348259523510933,0.9894097447395325,1.4258110523223877,-1.49855375289917,1.3271194696426392,0.7248814730085862,286.55489512878324,0.0
37.979,75.62608143930626,-0.957128981448534,-1.2298732392413265,64,0.02260727621614933,-0.03187960758805275,0.9651259183883667,0.7222326993942261,-1.361533284187317,1.050318956375122,0.7241315773395419,282.88284885681526,0.0
38.03,75.62896305735526,-0.7552984618212739,-2.0474171112210766,64,0.004389531444758177,-0.04951395466923714,1.0253227949142456,1.2239679098129272,-0.798535943031311,0.18836329877376556,0.7235603976672552,282.88284885681526,0.0
38.08,75.60788124934896,-0.45336209579399234,-2.5385364849954137,64,0.005793159827589989,-0.05615884065628052,1.037309169769287,-1.4011491537094116,0.25483888387680054,-0.8213313817977905,0.7225736484400498,282.88284885681526,0.0
38.132,75.57385636522699,-0.7536964576503375,-2.3339592306366934,64,0.029215402901172638,-0.03054915927350521,0.9697261452674866,-1.8446919918060303,0.19058366119861603,-1.157334804534912,0.7219773911596651,282.88284885681526,0.0
38.183,75.50941099870866,-1.1187416588520676,-2.199752664112773,64,0.011703775264322758,-0.028272802010178566,0.9963979125022888,1.0212796926498413,-1.0423473119735718,-2.2446091175079346,0.7212391234306115,282.88284885681526,0.0
38.234,75.46913191755259,-0.9346621305669721,-1.7726484681819898,64,0.012529079802334309,-0.018432006239891052,0.9912629127502441,-0.277387410402298,-1.2685972452163696,-1.425963044166565,0.7205013730430989,282.88284885681526,0.0
38.284,75.4194813292229,-0.7785662749574455,-1.484798984322726,64,0.00784627627581358,-0.020826518535614014,1.0146808624267578,0.03633726015686989,0.6427866816520691,-1.349773645401001,0.7202113300754653,282.88284885681526,0.0
38.334,75.40214451681828,-0.5961347754162515,-1.276746832471269,64,0.012164827436208725,-0.02240144833922386,0.9938193559646606,-1.326863408088684,0.17236362397670746,0.3095632493495941,0.720575526765298,282.88284885681526,0.0
38.384,75.39693308830951,-1.0075735970465112,-1.5525289723563789,64,0.028497321531176567,-0.0327894389629364,0.9860399961471558,-0.5691239237785339,-1.8406672477722168,-0.3295031189918518,0.7209524781353538,282.88284885681526,0.0
38.435,75.38531278278725,-1.2146053521527904,-1.655099099987309,64,0.022806385532021523,-0.029491053894162178,0.9989655613899231,-0.39445897936820984,0.8185206055641174,-0.7021745443344116,0.7211973815166701,282.88284885681526,0.0
38.486,75.3847235108489,-1.1039722022998164,-1.3714746215668066,64,0.01514213066548109,-0.016572438180446625,0.9908620119094849,-0.13188332319259644,-0.94016432762146,1.218508005142212,0.7220720343566466,282.88284885681526,0.0
38.539,75.42436874977727,-0.9861706306377396,-1.2052869795871795,64,0.01482267677783966,-0.015324664302170277,0.9828706383705139,0.04458257555961609,-1.3601481914520264,1.551351547241211,0.723120567211652,279.0250133049494,0.0
38.589,75.47362098410369,-1.0243038942749327,-1.7223054560639917,64,0.020986950024962425,-0.043155744671821594,1.0027878284454346,-0.8211257457733154,0.6237260103225708,0.32534900307655334,0.7237159291562173,279.0250133049494,0.0
38.64,75.49958024515676,-1.144787622623646,-2.065550961619423,64,0.026322221383452415,-0.04451761394739151,1.005977988243103,0.5683416128158569,2.8968734741210938,-0.41008350253105164,0.7242005537217555,279.0250133049494,0.0
38.69,75.50959258597884,-1.0522661496971308,-2.1147701380410564,64,0.016688931733369827,-0.040556665509939194,1.007220983505249,0.4922187030315399,0.9296771287918091,0.30581727623939514,0.7242597499054308,279.0250133049494,0.0
38.741,75.51477082538008,-1.058067446309204,-2.225780874998787,64,0.018880704417824745,-0.04383647441864014,1.0049479007720947,-0.141468346118927,-1.1855343580245972,0.4783080220222473,0.7245547612829613,279.0250133049494,0.0
38.791,75.49245182999643,-1.1805390701712042,-2.790110997747531,64,0.017384322360157967,-0.0552983321249485,1.0085840225219727,-0.5026543736457825,0.5364148616790771,-1.2960783243179321,0.7246295438499399,279.0250133049494,0.0
38.841,75.4288777855863,-1.2947785990636465,-3.01214163487378,64,0.025331996381282806,-0.049139559268951416,0.9975572824478149,-0.5606582164764404,1.9754191637039185,-3.4591825008392334,0.7246163385247506,279.0250133049494,0.0
38.892,75.36558174271705,-1.1741061134139983,-2.3321520769176023,64,0.022768134251236916,-0.03722638636827469,0.9930248856544495,-0.7602382898330688,0.33882051706314087,-2.984937906265259,0.724565343160834,279.0250133049494,0.0
38.942,75.30662678048803,-1.1008893276444944,-2.067985189740169,64,0.021442286670207977,-0.033773213624954224,0.995983362197876,-0.7715620398521423,0.6403250694274902,-1.7129371166229248,0.7245568091301667,279.0250133049494,0.0
38.993,75.25311179483467,-1.099970614536634,-1.9935573584691575,64,0.01836341805756092,-0.032697420567274094,0.9974680542945862,-0.47468480467796326,1.4126193523406982,-1.7727855443954468,0.7250983821964081,279.0250133049494,0.0
39.043,75.20527372455929,-1.265057829229726,-1.6583213105015147,64,0.026598837226629257,-0.025464946404099464,0.9789436459541321,0.7474319338798523,0.076164610683918,-1.1149619817733765,0.7252832108737667,279.0250133049494,0.0
39.093,75.17882217934945,-1.0790540963747952,-1.529925100823852,64,0.0075761559419333935,-0.023196842521429062,1.013855218887329,-1.8400379419326782,0.532741904258728,0.6817259192466736,0.7256150520596683,286.08580587954435,0.0
39.143,75.17561067572515,-1.0455145488284425,-1.8251566067282345,64,0.013958681374788284,-0.03698234632611275,1.0110450983047485,-1.8317151069641113,1.341988205909729,-0.29896795749664307,0.7263754243556767,286.08580587954435,0.0
39.194,75.1635717523238,-1.3317950143730206,-1.9905010956377938,64,0.037304241210222244,-0.041286371648311615,0.9802263379096985,-0.8524431586265564,0.8203230500221252,-1.2437413930892944,0.7269644043753848,286.08580587954435,0.0
39.244,75.13108559043742,-1.4909179482502775,-1.7034327128539415,64,0.02522388845682144,-0.026496045291423798,0.973613440990448,0.5390731692314148,-2.8078453540802,-1.4098787307739258,0.7278681307314148,286.08580587954435,0.0
39.296,75.12413473445581,-1.4611027032403023,-1.5391597582395735,64,0.02702908404171467,-0.026485878974199295,0.9930967688560486,-0.24159163236618042,1.4162431955337524,-0.05267087370157242,0.728503784864871,286.08580587954435,0.0
39.346,75.12613699054796,-1.1221547551021938,-1.6317598640601398,64,0.005353420507162809,-0.03212105855345726,0.9905085563659668,-0.19584450125694275,5.770688056945801,0.37569501996040344,0.7287832729230613,286.08580587954435,0.0
39.397,75.13723340160517,0.0996695865434968,-1.1650402394050299,64,-0.04372921213507652,-0.014356719329953194,0.9957437515258789,-12.972298622131348,18.11534881591797,2.4746763706207275,0.729064942004077,286.08580587954435,0.0
39.447,75.16251150862715,1.5056165806460937,-1.9869368556317522,64,-0.11306650936603546,-0.07924239337444305,0.9649472236633301,-17.654327392578125,15.488198280334473,2.038754463195801,0.7293649740867473,286.08580587954435,0.0
39.498,75.41220448391003,3.0465436955287895,-3.1674711852690316,64,-0.11894135922193527,-0.10992355644702911,0.6638288497924805,-71.07684326171875,44.97416687011719,6.450003623962402,0.729306241872759,286.08580587954435,0.0
39.548,75.64947003609954,4.442869021580601,-2.11947219259402,64,-0.18663723766803741,-0.06955375522375107,0.6304977536201477,-107.34624481201172,17.556354522705078,16.34004020690918,0.7285600132896017,286.08580587954435,0.0
39.598,76.03542917701274,2.0278786645124574,-3.3387673124751216,64,-0.029260361567139626,-0.07669898122549057,0.0731576457619667,-111.63748931884766,21.13786506652832,12.67879581451416,0.7258127734537635,286.08580587954435,0.0
39.649,75.96629736788512,-1.0266010015319533,-2.330269403411201,64,0.021126940846443176,-0.00016656149819027632,0.009902446530759335,35.371726989746094,39.80009460449219,-15.490768432617188,0.7217789769019537,285.22978578714725,0.0
39.699,74.96561097045155,3.250186876672961,1.4963743778610257,64,-0.10176146775484085,0.15717095136642456,0.07488812506198883,107.41033935546875,26.26382827758789,-65.09402465820312,0.7110053623307729,285.22978578714725,0.0
39.75,71.6864583648126,9.303713737688936,15.270224458746311,64,-0.30343323945999146,0.6814916133880615,0.12425389885902405,109.26493072509766,-41.548011779785156,-86.10133361816406,0.6987109639844109,285.22978578714725,0.0
39.802,73.85173741912155,14.491721561465278,15.496975297007404,64,0.2284320741891861,0.0653311237692833,0.8893738389015198,194.0091552734375,-109.71170043945312,146.09869384765625,0.6754083414976756,285.22978578714725,0.0
39.852,72.45535290787352,19.54512107745268,-2.297237082507694,64,-0.397649347782135,-0.24705441296100616,1.9832501411437988,209.81224060058594,-39.97880554199219,-136.6675262451172,0.654896781668057,285.22978578714725,0.0
39.903,69.63795074907061,27.948033063321823,-1.7617284019038681,64,-0.42285871505737305,-0.00396864116191864,2.302828311920166,100.49833679199219,-64.02162170410156,-27.56749725341797,0.6161517363770179,285.22978578714725,0.0
39.953,68.6395560841443,24.004195501578096,-7.917774210886789,64,-0.3011774718761444,-0.25932881236076355,2.623178243637085,-75.12371826171875,31.948280334472656,-26.797405242919922,0.5871384452837983,285.22978578714725,0.0
40.003,66.95941131579053,18.889570623886417,-10.24821424989673,64,-0.4262889325618744,-0.2892741858959198,1.3128232955932617,-57.528724670410156,20.887765884399414,-55.58745193481445,0.5437161322276843,285.22978578714725,0.0
40.054,64.80700139824198,20.904755080632924,-7.120469225995597,64,-0.38942891359329224,0.04494586959481239,0.29165706038475037,-211.83624267578125,218.73556518554688,-78.75425720214844,0.5157842931157118,285.22978578714725,0.0
40.105,59.11852625932129,14.381501753828108,-2.2163816749930647,64,-1.1158429384231567,0.11416266858577728,6.4570183753967285,-988.3438720703125,-500.6351623535156,-137.69479370117188,0.472023342934168,285.22978578714725,0.0
40.155,59.81978790089186,6.3125327650765914,-5.50439145256436,64,-0.031148172914981842,-0.005835563875734806,0.05099182575941086,90.92144775390625,73.73755645751953,4.079108238220215,0.4424733200897356,285.22978578714725,0.0
40.205,60.54847158192916,1.6451024112526282,0.23696647112823457,64,0.18147605657577515,0.294395387172699,4.177149772644043,211.88438415527344,43.80772018432617,-10.821636199951172,0.3975611183384554,256.15634542567483,0.0
40.256,60.73458881970223,1.0153813513311438,1.2420069777578262,64,-0.05082419514656067,0.028668230399489403,1.4958852529525757,30.020967483520508,18.358064651489258,3.6436142921447754,0.3692922644166855,256.15634542567483,0.0
40.306,60.78142023103117,0.5472778235336705,1.1327383766323935,64,0.005328503903001547,0.025073109194636345,1.0159814357757568,-3.931617021560669,-4.8013081550598145,0.4455314874649048,0.3281196803458407,256.15634542567483,0.0
40.356,60.7817044709417,-0.036058962640109035,0.8844203860196461,64,0.014210757799446583,0.00754596758633852,0.9891781210899353,-0.2592446506023407,-0.10129818320274353,-0.036396969109773636,0.2889477687997184,256.15634542567483,0.0
40.406,60.78024676968798,-0.3169285830674789,0.7788346656590928,64,0.012085814028978348,0.01362672634422779,0.9948046803474426,-0.14480730891227722,-0.12084347754716873,0.06737445294857025,0.2652633388022512,256.15634542567483,0.0
40.457,60.78177768339077,-0.49399482415443385,0.7214448346320907,64,0.01157631166279316,0.009296007454395294,0.9968819618225098,-0.18701176345348358,0.0440911129117012,-0.02222486026585102,0.2334745504090266,256.15634542567483,0.0
40.507,60.78196509926092,-0.6256863878995534,0.6860340749810998,64,0.012912116013467312,0.01166834868490696,0.9962038993835449,0.019403653219342232,-0.2088766247034073,0.004314185585826635,0.2140727977864128,256.15634542567483,0.0
40.558,60.78346225080069,-0.6793720458286279,0.7046068540029047,64,0.012865968979895115,0.014002472162246704,0.9993255138397217,-0.005953339394181967,-0.12532956898212433,0.036653995513916016,0.18752758342389803,256.15634542567483,0.0
40.61,60.78442567934805,-0.6645204423289525,0.7093429717360866,64,0.009848589077591896,0.01379377394914627,0.9969288110733032,-0.03633677959442139,-0.08238191157579422,0.08591745048761368,0.1720051598409852,256.15634542567483,0.0
40.66,60.786520150476825,-0.646750083245928,0.7245750424571838,64,0.011578698642551899,0.013912969268858433,0.9969148635864258,0.04543505236506462,-0.03945387899875641,0.1679612696170807,0.1515691674672265,256.15634542567483,0.0
40.71,60.78860928084704,-0.6431481458399589,0.7457086386462043,64,0.012278714217245579,0.01409162487834692,0.9990251064300537,-0.04903270676732063,0.062303926795721054,-0.13203833997249603,0.1391894713366059,256.15634542567483,0.0
40.76,60.79482615814636,-0.6367699900604743,0.70085321511939,64,0.01013181172311306,0.011469476856291294,0.9993590712547302,0.04726945236325264,-0.1828405112028122,0.28230002522468567,0.1227396917271115,284.03223403534906,0.0
40.81,60.794121936699604,-0.6806890577834183,0.7468275960266278,64,0.012700176797807217,0.012728775851428509,0.9985901117324829,-0.02725321240723133,-0.061586469411849976,0.19248530268669128,0.1130531594498894,284.03223403534906,0.0
40.861,60.79479536450725,-0.6901081376328977,0.6683183698497572,64,0.013501107692718506,0.00876537337899208,0.9985218048095703,-0.1908917874097824,-0.021823758259415627,0.08798778802156448,0.10001653731178868,284.03223403534906,0.0
40.911,60.79650920806008,-0.6944952268931559,0.6893533180395346,64,0.011596199125051498,0.011229075491428375,1.0011976957321167,0.15240919589996338,-0.14413146674633026,-0.12644073367118835,0.09159104225346162,284.03223403534906,0.0
40.962,60.79494306896273,-0.670168480509628,0.6624214705785633,64,0.012925026006996632,0.010580824688076973,0.9965741634368896,-0.15865004062652588,-0.05937089025974274,0.053779590874910355,0.08054922112686139,284.03223403534906,0.0
41.012,60.79192116979988,-0.7016239341226523,0.6964060121662623,64,0.01155578438192606,0.012603274546563625,0.9971237778663635,-0.3040964603424072,-0.15293267369270325,-0.21362632513046265,0.07407012913170387,284.03223403534906,0.0
41.063,60.79100904162044,-0.6779741998537525,0.7216177232410274,64,0.009582821279764175,0.014455028809607029,0.9974873661994934,-0.201179638504982,-0.0686754509806633,-0.025528425350785255,0.0647650524163545,284.03223403534906,0.0
41.113,60.78904116701048,-0.6970438976919444,0.6995468389685149,64,0.012447265908122063,0.011449173092842102,0.997170627117157,0.06867022067308426,-0.24131210148334503,-0.04608989879488945,0.058976117173526195,284.03223403534906,0.0
41.163,60.78811111908439,-0.6946299445906179,0.6718148087830372,64,0.011747729033231735,0.012417266145348549,0.9981303215026855,-0.03954186663031578,-0.1516762375831604,0.029397027567029,0.051221485256443176,284.03223403534906,0.0
41.214,60.786570014809,-0.7108892564680903,0.6838732574135066,64,0.011662674136459827,0.012118914164602757,0.9975751638412476,-0.12811504304409027,0.28207504749298096,-0.08549485355615616,0.0438789230784559,284.03223403534906,0.0
41.264,60.78649172192945,-0.6969172292766729,0.6749425635882621,64,0.011024145409464836,0.012161903083324432,0.9947390556335449,-0.23345933854579926,-0.12427753955125809,-0.06584326177835464,0.03952541163566034,284.03223403534906,0.0
41.315,60.78716244985154,-0.6898004450076864,0.6828365816561516,64,0.012376413680613041,0.0127487163990736,0.9985021948814392,-0.02265663631260395,0.038003914058208466,0.07809463888406754,0.035910098243246966,285.3073940548262,0.0
41.365,60.78754603464798,-0.7154768421006212,0.6781854373502348,64,0.01267210766673088,0.01143342163413763,0.9974061250686646,-0.18637298047542572,0.02199171669781208,-0.2010134607553482,0.03137996230956219,285.3073940548262,0.0
41.416,60.789847349152176,-0.7027787957949259,0.68371860884344,64,0.011005645617842674,0.012143678031861782,0.9966395497322083,-0.10242199152708054,0.09977883845567703,0.051595792174339294,0.027507148342939765,285.3073940548262,0.0
41.466,60.790507979553595,-0.6866994681359745,0.6855405589774723,64,0.012402431108057499,0.01333102397620678,0.9988174438476562,-0.04747222736477852,-0.05509316921234131,0.03476144000887871,0.02497354581876095,285.3073940548262,0.0
41.516,60.78797188274351,-0.6944259759033611,0.6777184797083894,64,0.013002685271203518,0.013258300721645355,0.9995701313018799,-0.25843191146850586,0.12558239698410034,-0.1345897763967514,0.02148011397616325,285.3073940548262,0.0
41.566,60.7823433271314,-0.6863643766526261,0.684303491801284,64,0.013363328762352467,0.013541184365749359,1.0002880096435547,-0.07380841672420502,-0.16505412757396698,-0.1754254847764969,0.01940881160807378,285.3073940548262,0.0
41.617,60.78444344050355,-0.6707341640308865,0.698603002693082,64,0.010914569720625877,0.012205371633172035,0.9983578324317932,-0.36946600675582886,-0.04886177182197571,0.23566807806491852,0.016398721446755325,285.3073940548262,0.0
41.667,60.78697875649232,-0.6619850914550146,0.6865101550556469,64,0.009012444876134396,0.010313606821000576,0.9972164034843445,-0.11485153436660767,0.0024795483332127333,0.08038099110126495,0.014579122350747042,285.3073940548262,0.0
41.718,60.78996602906272,-0.6900211231908303,0.7084849854282754,64,0.01175361406058073,0.013588502071797848,0.9987615346908569,-0.3029095232486725,-0.04667777195572853,-0.08245211094617844,0.012207828313395829,285.3073940548262,0.0
41.768,60.790559148806466,-0.6866128818516363,0.7141920192232232,64,0.012832241132855415,0.010274055413901806,0.9984123706817627,-0.14023271203041077,0.14983591437339783,-0.0803077220916748,0.011457877181020237,285.3073940548262,0.0
41.818,60.788345783908646,-0.7014655159268982,0.7292652209200527,64,0.010903592221438885,0.012211605906486511,0.997334361076355,-0.027106167748570442,-0.0829547569155693,-0.05433700606226921,0.010319417176373533,285.3073940548262,0.0
41.869,60.790442343108445,-0.6415000106186309,0.7150023607371727,64,0.01026164460927248,0.011958761140704155,0.9975807070732117,-0.3597447872161865,-0.043267298489809036,-0.04967218637466431,0.00983668443214878,288.03076500480705,0.0
41.919,60.793301939843865,-0.6366245613062359,0.6911703478387439,64,0.012290207669138908,0.010579095222055912,0.9985607266426086,-0.3120364844799042,0.07127311825752258,0.0383727066218853,0.009439416756455774,288.03076500480705,0.0
41.969,60.793171319902356,-0.6594024840516491,0.7123307767791425,64,0.011137021705508232,0.011220074258744717,0.998722493648529,-0.1976165473461151,0.013916632160544395,-0.13755320012569427,0.009563873826997665,288.03076500480705,0.0
42.02,60.79239021780976,-0.6632707423454457,0.7076960118866176,64,0.012671466916799545,0.013777210377156734,1.000132441520691,-0.10050886869430542,-0.22687113285064697,0.030307592824101448,0.009396720311722057,288.03076500480705,0.0
42.07,60.79347523259604,-0.6990573938990665,0.6973553860968842,64,0.012108939699828625,0.012165696360170841,0.9974266290664673,0.16253939270973206,-0.13062267005443573,-0.11317045986652374,0.009610833362800516,288.03076500480705,0.0
42.121,60.79565885850137,-0.6911860051785212,0.6608819070784423,64,0.012497189454734325,0.010082874447107315,0.9976297616958618,-0.15893173217773438,-0.1069202870130539,0.010143870487809181,0.009919417398695113,288.03076500480705,0.0
42.171,60.79719076098034,-0.6525647838522868,0.7202112177378904,64,0.009167136624455452,0.014468432404100895,0.9973013401031494,0.10850884020328522,-0.15525704622268677,0.10460595041513443,0.010023888668657633,288.03076500480705,0.0
42.222,60.79791978135086,-0.6417560619671574,0.7024684991980207,64,0.00989339780062437,0.01201675832271576,0.9981720447540283,-0.0844908133149147,0.2117670327425003,0.03630848228931427,0.010567739319007919,288.03076500480705,0.0
42.272,60.7925274037646,-0.6425026783357132,0.6980271548176444,64,0.008604633621871471,0.012314967811107635,0.9986397624015808,0.14811113476753235,-0.0783015564084053,-0.1310763657093048,0.011089388736709688,288.03076500480705,0.0
42.322,60.790488265584194,-0.6682917149552272,0.6985582428112351,64,0.011685402132570744,0.013832345604896545,0.9984651803970337,-0.24336637556552887,-0.006315514445304871,-0.13082103431224823,0.011017242960308057,288.03076500480705,0.0
42.373,60.79127520337805,-0.6708745819801875,0.7210474713029922,64,0.011996840126812458,0.013768844306468964,0.9976701736450195,-0.015442528761923313,0.0265875943005085,0.08671097457408905,0.011016895119843488,272.8890045543266,0.0
42.426,60.7902551036055,-0.6839711687774578,0.7332867395754672,64,0.012196783907711506,0.013806282542645931,0.9976041316986084,-0.23911909759044647,-0.08644194155931473,0.12032940983772278,0.011329337901472142,272.8890045543266,0.0
42.476,60.7904319312472,-0.6964493545869597,0.6800592966041369,64,0.012311642989516258,0.011097320355474949,1.00090491771698,-0.03164825215935707,0.1566464900970459,-0.127594456076622,0.011942776032000025,272.8890045543266,0.0
42.527,60.792440524901764,-0.7025429365545628,0.7046361917567987,64,0.013864546082913876,0.014008501544594765,0.9999600648880005,-0.05633530020713806,-0.02096540667116642,0.1866011768579483,0.012311579158974146,272.8890045543266,0.0
42.577,60.79119906988789,-0.7022776712841241,0.7472881862331556,64,0.012935560196638107,0.013641893863677979,0.9974449276924133,-0.12744997441768646,-0.11779593676328659,0.13498114049434662,0.013202727836324996,272.8890045543266,0.0
42.628,60.78820856922363,-0.6825983263418401,0.7471512339311926,64,0.012027794495224953,0.015299997292459011,0.9979878664016724,-0.277881920337677,-0.1966746598482132,-0.12099297344684601,0.01342879715972528,272.8890045543266,0.0
42.679,60.791248720278254,-0.6875325416094419,0.7128204705016348,64,0.011301145888864994,0.010440918616950512,1.0015865564346313,0.046015143394470215,-0.188133105635643,0.20110660791397095,0.013760916082377131,272.8890045543266,0.0
42.729,60.790036823485124,-0.6670836048404174,0.7195230654285779,64,0.008977768011391163,0.013122097589075565,0.9994503259658813,-0.1804601401090622,-0.10163572430610657,-0.07915682345628738,0.014086076552326987,272.8890045543266,0.0
42.78,60.78858721678406,-0.6706622538084219,0.6778519465373715,64,0.01146963331848383,0.010992923751473427,0.9976383447647095,-0.19181878864765167,-0.1114012598991394,-0.17651423811912537,0.013948777522388751,272.8890045543266,0.0
42.83,60.78552590293987,-0.687367881841339,0.6988764513117556,64,0.013412607833743095,0.013247971422970295,0.9967514872550964,-0.13316193222999573,-0.17584508657455444,-0.05150240659713745,0.014054564065636165,272.8890045543266,0.0
42.88,60.78347037882031,-0.7067210100831377,0.7172876310221591,64,0.012312395498156548,0.011261065490543842,0.9974497556686401,-0.20671652257442474,-0.23274445533752441,0.0017126681050285697,0.014419516030804425,272.8890045543266,0.0
42.93,60.783356376241294,-0.7076852812634885,0.721693970204812,64,0.01235916092991829,0.013576311059296131,0.9961742162704468,-0.22297832369804382,0.128029927611351,0.008210078813135624,0.01478653953150992,284.9584890277872,0.0
42.98,60.78124670419067,-0.7039315577894204,0.7172176655792235,64,0.013435091823339462,0.011349785141646862,0.9980071187019348,-0.00828695297241211,-0.0891956090927124,0.04541684687137604,0.014769679026229254,284.9584890277872,0.0
43.031,60.78149083868733,-0.679651567193892,0.696854662831729,64,0.01049648318439722,0.012623392976820469,1.0013254880905151,-0.14440494775772095,0.09811127930879593,0.14045128226280212,0.014311232946482288,284.9584890277872,0.0
43.081,60.778190976148636,-0.6548251631936847,0.7236212138959454,64,0.010664153844118118,0.013414323329925537,0.998258113861084,-0.22428233921527863,-0.01555653940886259,0.12144681066274643,0.0134565582013222,284.9584890277872,0.0
43.132,60.776864667903865,-0.6781615774588131,0.672986723239365,64,0.013004920445382595,0.010618073865771294,0.9988709688186646,-0.22399663925170898,0.11219432950019836,-0.14443549513816833,0.013058599015774957,284.9584890277872,0.0
43.182,60.775470403402494,-0.689800843258308,0.6750322893105432,64,0.012235017493367195,0.012375452555716038,0.9990450739860535,-0.1803668737411499,-0.1560983806848526,-0.18572019040584564,0.012218818813657256,284.9584890277872,0.0
43.233,60.77445550356846,-0.6972815694902298,0.6829366476986246,64,0.013459909707307816,0.013166938908398151,0.9988701939582825,-0.31676095724105835,-0.09971035271883011,-0.23133866488933563,0.011256463241449367,284.9584890277872,0.0
43.283,60.775658742862404,-0.6739264152836233,0.7324388666906739,64,0.011749595403671265,0.01485833153128624,0.9981784224510193,-0.410929411649704,-0.1210780143737793,-0.02201784960925579,0.010788106378173871,284.9584890277872,0.0
43.334,60.77561537524941,-0.6860224865525462,0.7254125074027654,64,0.012784902937710285,0.013296781107783318,0.9974770545959473,-0.18892644345760345,-0.007213451899588108,0.019796639680862427,0.01033474025087599,284.9584890277872,0.0
43.386,60.774324849063,-0.7101184548848735,0.6974466484962254,64,0.014519813470542431,0.011077658273279667,0.9986228942871094,0.02471890114247799,-0.1709628701210022,-0.029789049178361893,0.009522310854059253,284.9584890277872,0.0
43.436,60.776774316246794,-0.6918722936664436,0.6783503260252182,64,0.009655231609940529,0.010325943119823933,0.9958948493003845,0.2123437076807022,0.04188559949398041,0.15108461678028107,0.008278562197876005,284.9584890277872,0.0
43.488,60.77631761590299,-0.6999524456706696,0.7058646581901641,64,0.013701951131224632,0.013619977980852127,0.9966708421707153,0.07828046381473541,0.145486518740654,0.03887322545051575,0.0075127529884329745,273.94056560642673,0.0
43.538,60.77737580188671,-0.6779498439656151,0.69018900243035,64,0.010735313408076763,0.01368637103587389,0.9961446523666382,-0.2742592394351959,-0.1984950751066208,-0.11485936492681503,0.006523641221432664,273.94056560642673,0.0
43.589,60.777686373023144,-0.6940049773757401,0.7230429539843655,64,0.012567557394504547,0.012117210775613785,0.9973049759864807,-0.07889196276664734,-0.10461794584989548,-0.049748439341783524,0.005903151488713614,273.94056560642673,0.0
43.639,60.77602346353272,-0.6831567644343509,0.7085603386261583,64,0.011526355519890785,0.012671871110796928,0.9958429336547852,-0.3181229829788208,0.06516842544078827,-0.10859221965074539,0.005396784001873715,273.94056560642673,0.0
43.691,60.772699723859624,-0.695166800894212,0.6970956645490591,64,0.013292276300489902,0.012411114759743214,0.9994702935218811,-0.16832439601421356,-0.12705709040164948,0.017429132014513016,0.0052672873258587565,273.94056560642673,0.0
43.742,60.77178500544029,-0.6815314574600364,0.7340922318243553,64,0.010903572663664818,0.011498581618070602,0.9973006248474121,-0.2783074676990509,-0.15394656360149384,-0.059280503541231155,0.005515660356716351,273.94056560642673,0.0
43.792,60.771405195375046,-0.6897042259223526,0.7720106774721156,64,0.012213782407343388,0.015168504789471626,0.9972702264785767,0.11198748648166656,-0.20631703734397888,0.06748230755329132,0.006509662154621053,273.94056560642673,0.0
43.843,60.773213270739674,-0.6962893385071608,0.7058390965643005,64,0.011562270112335682,0.010657897219061852,0.9964067339897156,-0.08933739364147186,-0.019746359437704086,-0.06212955340743065,0.0070238225052243084,273.94056560642673,0.0
43.893,60.77158855526774,-0.698187465233537,0.682815068728425,64,0.012607790529727936,0.010439702309668064,0.9974745512008667,-0.14725613594055176,-0.009311888366937637,-0.0706084743142128,0.0075451118685719324,273.94056560642673,0.0
43.944,60.770495579536394,-0.7098925425444977,0.6838069074809322,64,0.013050279580056667,0.011307221837341785,0.99891197681427,-0.1214330643415451,-0.021048976108431816,0.0031260207761079073,0.007637494094631038,273.94056560642673,0.0
43.994,60.77011576481787,-0.7207588860148295,0.7182502145329565,64,0.012673004530370235,0.013501962646842003,0.9996377825737,-0.4131971597671509,0.006685294676572084,0.020432937890291214,0.0076746452783392075,273.94056560642673,0.0
44.046,60.7685333657295,-0.686544973176471,0.6988219210884566,64,0.011460497975349426,0.012209994718432426,0.9976676106452942,-0.10936857759952545,-0.12603366374969482,-0.0892253890633583,0.007287243812182717,285.83235654899823,0.0
44.096,60.76786631428799,-0.6787121200450399,0.7016000689352331,64,0.011537767015397549,0.011552621610462666,0.9993258714675903,-0.21352876722812653,-0.008424635045230389,-0.03728670999407768,0.006726605890069339,285.83235654899823,0.0
44.147,60.764539820298175,-0.7199343708449915,0.7059628843960043,64,0.014675821177661419,0.011531812138855457,0.9960042238235474,-0.23027582466602325,0.0214599147439003,-0.1670238971710205,0.006400114068034585,285.83235654899823,0.0
44.197,60.7618494015029,-0.7072793340723748,0.7214554102248998,64,0.01254125963896513,0.01250208169221878,0.9985648989677429,-0.09636286646127701,-0.08767308294773102,0.17448335886001587,0.006230451182920951,285.83235654899823,0.0
44.248,60.76236691547888,-0.7387958411070304,0.7177191423347439,64,0.013307208195328712,0.01292689610272646,0.9989778399467468,-0.15683861076831818,-0.10373236984014511,0.11261850595474243,0.006061146444761271,285.83235654899823,0.0
44.298,60.7603064461075,-0.6999902957816891,0.7363364497885243,64,0.010973881930112839,0.011466954834759235,0.996629536151886,-0.057392146438360214,0.07697213441133499,-0.0010313380043953657,0.0057594320700646035,285.83235654899823,0.0
44.349,60.759663608017775,-0.6706978032985565,0.7046162154357724,64,0.010689795017242432,0.01113090943545103,0.9982942938804626,-0.1561017632484436,0.06320121884346008,-0.029997505247592926,0.005485387541840021,285.83235654899823,0.0
44.399,60.758805698902,-0.7053983046282454,0.6921360922139363,64,0.012582320719957352,0.012214415706694126,0.9978041052818298,-0.052632249891757965,0.06379830837249756,-0.03409026563167572,0.00513583166653379,285.83235654899823,0.0
44.449,60.760721048620645,-0.671569436287712,0.7117646448861851,64,0.011610349640250206,0.013378665782511234,0.9999362230300903,-0.09578095376491547,0.004103547893464565,-0.048188067972660065,0.004904711667752836,285.83235654899823,0.0
44.5,60.76058421188067,-0.688361643189837,0.7244614404367449,64,0.011653795838356018,0.015033664181828499,0.998809278011322,-0.18541617691516876,-0.13230684399604797,0.09255408495664597,0.004845423389426768,285.83235654899823,0.0
44.551,60.75946379851071,-0.678400123905469,0.7433587100274315,64,0.01123479101806879,0.013631611131131649,0.9977195858955383,-0.22840960323810577,-0.09610912948846817,0.009916791692376137,0.005322147641164561,285.83235654899823,0.0
44.601,60.76050622762066,-0.6883977081995358,0.7139112298655209,64,0.011165586300194263,0.01197165809571743,0.999231219291687,-0.12993772327899933,0.2258606106042862,-0.21606029570102692,0.0063405396973680635,277.95255135851556,0.0
44.651,60.761766394075785,-0.684785133310673,0.7050913484102524,64,0.013424745760858059,0.01348813809454441,0.9977717995643616,-0.11682023853063583,-0.260856956243515,0.11149091273546219,0.0070387128986989815,277.95255135851556,0.0
44.701,60.76033422197836,-0.6469777381165407,0.7332589614123806,64,0.012941054999828339,0.01314331591129303,0.9961286783218384,-0.16162803769111633,-0.06128774955868721,-0.10581423342227936,0.00767020513935913,277.95255135851556,0.0
44.754,60.759036491355324,-0.6471319204449352,0.7321400270064935,64,0.013439621776342392,0.011857321485877037,0.9986253976821899,-0.13524311780929565,-0.03583664819598198,0.03111620806157589,0.007833199112084781,277.95255135851556,0.0
44.805,60.75960210948668,-0.653935400145034,0.7483223248653523,64,0.010800645686686039,0.014103866182267666,0.9979062080383301,-0.17395104467868805,-0.023192884400486946,0.08192229270935059,0.008065301302920304,277.95255135851556,0.0
44.857,60.76143772797921,-0.6504919713433198,0.7281891309396926,64,0.011885914020240307,0.013725236058235168,1.000783920288086,-0.07842352986335754,-0.053564269095659256,0.3541947901248932,0.008650567793532488,277.95255135851556,0.0
44.907,60.76326641093564,-0.6641466105734738,0.7720456021116717,64,0.01309964805841446,0.013113015331327915,1.0003290176391602,-0.24370411038398743,-0.07599057257175446,0.021457461640238762,0.00898848686962629,277.95255135851556,0.0
44.958,60.76516394007303,-0.6864844898210906,0.7171536708160798,64,0.013953913934528828,0.01486252062022686,0.9965194463729858,-0.3396869897842407,0.08510776609182358,-0.024298157542943954,0.009462460960151005,277.95255135851556,0.0
45.008,60.76307202227915,-0.6537453368879443,0.7177571662801276,64,0.010330583900213242,0.012322322465479374,0.9973667860031128,-0.057607851922512054,0.19178365170955658,-0.11978709697723389,0.00955763478498999,277.95255135851556,0.0
45.06,60.762458913512745,-0.6978420344288098,0.7036572868748749,64,0.011340546421706676,0.012640216387808323,0.9957844614982605,-0.00858764536678791,-0.0484774149954319,0.11901655048131943,0.009951505659012061,277.95255135851556,0.0
45.111,60.76349086246831,-0.6779186830350468,0.6885591760057636,64,0.011309925466775894,0.01338476873934269,0.9986374974250793,-0.024925334379076958,0.06541687250137329,-0.015155509114265442,0.010199083968769621,277.95255135851556,0.0
45.161,60.76195315691498,-0.6846633219815449,0.706897762539277,64,0.011884014122188091,0.011490033008158207,0.9960437417030334,-0.214453786611557,0.10443386435508728,-0.14398419857025146,0.010747928378367171,280.66809421841543,0.0
45.212,60.76364847778991,-0.6701204349158283,0.7222566868123821,64,0.012577002868056297,0.013345065526664257,0.9973952770233154,-0.2713148593902588,-0.10495567321777344,-0.2656612992286682,0.011558768738841329,280.66809421841543,0.0
45.262,60.76019927011463,-0.6751521969854665,0.7012027430661358,64,0.010674593970179558,0.011569717898964882,0.9958338141441345,-0.05636905878782272,-0.15266720950603485,-0.13543038070201874,0.01192746106298089,280.66809421841543,0.0
45.312,60.76098354920171,-0.679068700505141,0.6839621291638467,64,0.012529254890978336,0.012506771832704544,0.9972179532051086,-0.31736505031585693,-0.06129922345280647,0.12683165073394775,0.012323924884075604,280.66809421841543,0.0
45.363,60.76541215010675,-0.6869731876877582,0.7013494434307957,64,0.011305720545351505,0.013216058723628521,0.9973358511924744,0.047505397349596024,0.15494069457054138,0.19601403176784515,0.012694547511670942,280.66809421841543,0.0
45.413,60.764782704808795,-0.6773117764326431,0.7219847001266304,64,0.012103193439543247,0.013194108381867409,0.9968436360359192,-0.32256588339805603,-0.01623161882162094,0.0017534197540953755,0.013355164714522185,280.66809421841543,0.0
45.463,60.76433217111202,-0.7089012401092063,0.722531266282606,64,0.013031301088631153,0.010683057829737663,0.9965927004814148,-0.20617026090621948,-0.05429573357105255,0.0937744528055191,0.013686102044241914,280.66809421841543,0.0
45.514,60.76075685928744,-0.7168579102835044,0.7236228876528108,64,0.012838855385780334,0.01281615812331438,0.9968934655189514,-0.08155641704797745,-0.0007200654363259673,-0.05814075469970703,0.014031255293077154,280.66809421841543,0.0
45.564,60.75927147388335,-0.7147624216091446,0.6982601032571721,64,0.013381731696426868,0.01148475892841816,0.9975908994674683,-0.4292897582054138,0.020546920597553253,-0.1494951695203781,0.014051440041348971,280.66809421841543,0.0
45.615,60.75872391112512,-0.6758058737331749,0.7063921431015943,64,0.011892865411937237,0.012746360152959824,0.9995172619819641,-0.10604489594697952,-0.06326083093881607,-0.019158801063895226,0.014018113976593888,280.66809421841543,0.0
45.665,60.758425477769876,-0.6749764243187376,0.6778584122310257,64,0.013352764770388603,0.011285393498837948,0.9958521723747253,-0.10503938049077988,-0.16512081027030945,0.011280319653451443,0.01415503283986921,280.66809421841543,0.0
45.716,60.759158765373265,-0.6421841672727117,0.7305124874129516,64,0.011209745891392231,0.013466707430779934,0.9968995451927185,-0.09575754404067993,0.1054927259683609,0.09122905880212784,0.014039073285005076,284.9584890277872,0.0
45.766,60.75834752996686,-0.6395628886651289,0.7426290379524388,64,0.012121018953621387,0.011382326483726501,0.9961645007133484,0.07775338739156723,-0.09942303597927094,0.14698494970798492,0.014169799895900816,284.9584890277872,0.0
45.816,60.75748157744938,-0.6480874726673699,0.7093034728724749,64,0.01006823405623436,0.011608617380261421,0.9982814788818359,-0.02907615900039673,0.15329493582248688,0.1098930612206459,0.013740005794989596,284.9584890277872,0.0
45.867,60.758383191529774,-0.6556500485762992,0.7437573467218873,64,0.012391665019094944,0.014025027863681316,0.9961711168289185,-0.14302675426006317,-0.025008436292409897,0.02371290512382984,0.013432254336898621,284.9584890277872,0.0
45.917,60.75666347444705,-0.6429427686015509,0.7581836729730376,64,0.012603159062564373,0.012638541869819164,0.9987589716911316,-0.06706343591213226,0.009426381438970566,0.035376232117414474,0.013182703147216684,284.9584890277872,0.0
45.967,60.75404493106032,-0.6516828676811611,0.7038336772849112,64,0.011190236546099186,0.011517488397657871,0.9977320432662964,-0.17135684192180634,0.07524506747722626,-0.14637602865695953,0.01288718777046869,284.9584890277872,0.0
46.018,60.75085910319121,-0.6588438077699017,0.72317920759554,64,0.01162689458578825,0.013148490339517593,0.9977947473526001,-0.09553132206201553,0.08162307739257812,-0.03433888033032417,0.012157421561994836,284.9584890277872,0.0
