time (s),yaw,pitch,roll,battery
0.0,-17.522095011746245,0.3164043918122142,0.7084109268052156,59
0.021,-17.521936996106074,0.3566922045095595,0.6641795547183558,59
0.041,-17.52118966355305,0.37282223139765386,0.6692650059589943,59
0.061,-17.52354991465118,0.3739457105634041,0.6665965871334727,59
0.081,-17.525240535741005,0.39028312517947406,0.6327883221805949,59
0.102,-17.52465324361171,0.4044441352737926,0.6518408626668302,59
0.122,-17.523124708484037,0.3633220639806894,0.6367212578024364,59
0.143,-17.523280173330374,0.3758858272198711,0.6401328016100706,59
0.163,-17.522724283195572,0.36764984373562076,0.6693952180010673,59
0.184,-17.522122989893397,0.3699881604883756,0.657780435084112,59
0.204,-17.522345266597185,0.34722354275181594,0.6489933272800432,59
0.224,-17.521016441933384,0.3123783523791811,0.6640361020781439,59
0.244,-17.520058601219603,0.3179152160895929,0.6676222727601862,59
0.265,-17.517705602626652,0.35944919777735507,0.619635302007436,59
0.285,-17.514748225882578,0.3366472955137573,0.6270785763390073,59
0.306,-17.518177771037692,0.36201518781995057,0.6618141541971035,59
0.326,-17.517301992770033,0.38613158991133095,0.6399844808335537,59
0.347,-17.51939874460873,0.3592770800543773,0.6400496031164701,59
0.367,-17.521359236325512,0.30614527820141774,0.629113040377477,59
0.387,-17.51922917629326,0.3367073738714756,0.6727661403133699,59
0.408,-17.518776931668043,0.2913248400100535,0.6802794144473223,59
0.428,-17.52150404310125,0.3083248050416082,0.6862808368765103,59
0.448,-17.520619257422844,0.31876697035897456,0.6517896535031823,59
0.468,-17.523321596552407,0.3150479954948965,0.6897486537391636,59
0.489,-17.52442155332397,0.33232211045896537,0.6580534583288636,59
0.509,-17.526044854321274,0.31271510170701006,0.6390855411419211,59
0.529,-17.52517387178524,0.28070134404412583,0.6214507490691038,59
0.55,-17.5243203113226,0.3008951359941067,0.6106441001058824,59
0.57,-17.52415145707066,0.2739332569468399,0.5847828535973425,59
0.59,-17.52359119657107,0.29152820985921113,0.5509343753144337,59
0.611,-17.52607331498478,0.32668525925136876,0.6448889572226754,59
0.631,-17.528493144945315,0.40038273354408965,0.6836078384766116,59
0.652,-17.528119972234403,0.3841024344121447,0.6952765187511242,59
0.672,-17.527215931252535,0.34502272017137536,0.5816981561824031,59
0.692,-17.525332481337863,0.32352404170619425,0.6625984339863953,59
0.713,-17.52314841125089,0.3725205037937215,0.6855551575015598,59
0.733,-17.524393710635017,0.3830515933630771,0.6932454651324833,59
0.753,-17.526360632254985,0.3046064927977497,0.6329718483491469,59
0.773,-17.524736149906875,0.2709364684015284,0.6407208873413419,59
0.794,-17.526555499318626,0.33915981943217033,0.6605283870346655,59
0.814,-17.527162324429845,0.3030618171743994,0.6302362164153182,59
0.834,-17.526193103938418,0.3418274316159972,0.6055669238212796,59
0.855,-17.52553494119932,0.3513290905701361,0.6519361177333567,59
0.875,-17.526585931587515,0.32661714337188136,0.6993219944566272,59
0.895,-17.525791139836183,0.3414165506028852,0.6457771328060442,59
0.916,-17.527277793400906,0.34384337040820023,0.662239635175977,59
0.936,-17.52527546359715,0.3129967150762067,0.6962710456747572,59
0.956,-17.524504783738447,0.35478651724810717,0.6739356493391677,59
0.977,-17.522507880124923,0.36595818998843055,0.6933404779749709,59
0.997,-17.523829836982735,0.337397949834131,0.6977258233599246,59
1.017,-17.524662433987977,0.3655570979813536,0.6642271207300136,59
1.037,-17.52309002255439,0.3556818120579321,0.6463575662794503,59
1.058,-17.52110933721278,0.34627602496364634,0.612433852395521,59
1.078,-17.520393138093677,0.3165596528207761,0.660901872382889,59
1.099,-17.521037462863255,0.35632828629681096,0.6498970103003091,59
1.119,-17.521393671844116,0.37888066661043096,0.6350689702264442,59
1.139,-17.521262170441336,0.3797488325387141,0.6562928860977795,59
1.159,-17.52315948457111,0.37609173868507684,0.6840638760895876,59
1.18,-17.52365406827826,0.37926831987809767,0.7165337202405571,59
1.2,-17.526614668990593,0.38281496571059864,0.6470959485658745,59
1.22,-17.52495191151212,0.2719554414579734,0.5989308791204687,59
1.24,-17.524321162386833,0.3366707863548876,0.5818935602701351,59
1.26,-17.525540013892737,0.3586294857653971,0.5855035949160478,59
1.281,-17.526483803653697,0.30078163135455876,0.6110525853176191,59
1.301,-17.52489146229704,0.33736208649465965,0.5788858613022662,59
1.322,-17.52644014679042,0.3566900055706947,0.5816217040775484,59
1.342,-17.527315333687984,0.33652456157706984,0.6159211758894519,59
1.362,-17.527849202489076,0.33696039185831833,0.6288684072892861,59
1.382,-17.529405937314937,0.3289285583723877,0.5849500762787055,59
1.403,-17.528104768910694,0.31522736287759806,0.6139517499321923,59
1.423,-17.527026488615917,0.2886913762239246,0.6102866035805545,59
1.444,-17.525896394916458,0.3372309072539153,0.6565014756592703,59
1.464,-17.526596974180812,0.3092878127172965,0.5914998764429373,59
1.484,-17.52660011222587,0.3592772735702671,0.5842314252162738,59
1.505,-17.52433046480596,0.3915290500115948,0.5581847963099291,59
1.525,-17.52415079726864,0.3547178804733641,0.599284687550124,59
1.545,-17.526952430506054,0.4054509971404127,0.5783631269701613,59
1.566,-17.525835189415744,0.38378331869646864,0.6067846087348253,59
1.586,-17.52729292893353,0.34737777763331534,0.6405155088072221,59
1.606,-17.526620418015508,0.30760252821453715,0.6962948949882283,59
1.627,-17.525796758523384,0.32611340491681884,0.6063099765590315,59
1.647,-17.522650386750737,0.36258490758509393,0.6582510684948417,59
1.668,-17.522818682912423,0.335258017858319,0.6315984251988794,59
1.688,-17.522789700864443,0.3334143640380124,0.6624916549652327,59
1.708,-17.522256715926154,0.3294733404973409,0.637236494312715,59
1.729,-17.522722240246225,0.35407458007107084,0.6191054172230899,59
1.749,-17.520515206424246,0.3706530661247605,0.6388266412978042,59
1.77,-17.521991508299553,0.3575768271350864,0.6286411473761833,59
1.79,-17.52131940772156,0.32445096603303913,0.6599785024386389,59
1.81,-17.522234573780796,0.33781580697223906,0.6515411113787294,59
1.831,-17.519090415230604,0.3360124432283554,0.6691854375321331,59
1.851,-17.51776253136064,0.36048749492172905,0.6215168315423399,59
1.871,-17.51710110198164,0.3712486046011563,0.6102084544457906,59
1.892,-17.516976076167925,0.35363896312024595,0.6421953252886826,59
1.912,-17.5160921460052,0.3625924498762181,0.6142993014330821,59
1.933,-17.51583089668075,0.32288306617730705,0.6107343381810282,59
1.953,-17.518033517646053,0.31277061371438847,0.632975185899094,59
1.974,-17.518884936321673,0.337899155678132,0.6281868060884599,59
1.994,-17.51782754513661,0.37980407890789875,0.628713192573916,59
2.014,-17.51600590715292,0.3799985177877177,0.6477808667297498,59
2.034,-17.518448721552357,0.3550403696161063,0.6075497915955442,59
2.054,-17.51699208565243,0.3503441001612865,0.6370570580490414,59
2.075,-17.51964336478853,0.3641674080135113,0.6121993274280859,59
2.095,-17.52074357006219,0.29993611478662285,0.6251664074408064,59
2.115,-17.52026886135556,0.3184510828814721,0.6198171424715461,59
2.135,-17.522021852299634,0.3302604840318809,0.5850347939246276,59
2.156,-17.522462036666212,0.3198934245200743,0.617980569919844,59
2.176,-17.521043397802966,0.32000812274155505,0.6562793133973345,59
2.196,-17.519566737595955,0.3431325064714206,0.6366936000998922,59
2.217,-17.519258144313483,0.2975160488144374,0.6093412962604796,59
2.237,-17.517379725588704,0.24881775506420506,0.678905953673843,59
2.258,-17.516630827533813,0.29941196594187725,0.6587439579743699,59
2.278,-17.516072096848518,0.3389603235760549,0.6525033886060364,59
2.299,-17.518502639932912,0.3342331176847652,0.6414075843472452,59
2.319,-17.515695863836275,0.3269791090781914,0.653220783520918,59
2.339,-17.514395932147217,0.2992915079893542,0.6416425712223167,59
2.36,-17.512889514388963,0.32306984449786846,0.6405371863584085,59
2.38,-17.51384860406937,0.35599006012391804,0.6295720840585675,59
2.4,-17.50569274913325,0.2793213361929378,0.6757499296924168,59
2.421,-17.581121511291332,0.21984272594298132,0.7158677683410772,59
2.441,-17.574957730766773,0.4239527043829616,0.6609624551783891,59
2.461,-17.578009987564613,0.2637967741885451,0.6832719946872454,59
2.481,-17.660291347027183,0.23213923407923168,0.4599641023266914,59
2.502,-17.647808920833327,0.2180945377167726,0.3504238552061446,59
2.522,-17.678420083656434,0.27343517147843904,0.27811539149771325,59
2.542,-17.655524219300418,0.5756069557390352,0.5466546360171455,59
2.563,-17.600798710217102,0.6772291027224698,1.0219008699176213,59
2.583,-17.675502167703222,0.25023682776107453,0.3072346478255921,59
2.603,-17.574635519297168,0.39477448024170003,0.9494149541657906,59
2.624,-17.684102042083417,0.2220763151699781,0.28928593360631344,59
2.644,-17.529048977915085,0.0735391810686804,0.8985734939052266,59
2.664,-17.59568639405713,0.1498819395883021,1.482261122648173,59
2.684,-17.62378229864,0.25510612113783276,1.5098211375984043,59
2.705,-17.549875999547016,0.20477631856896358,1.5128439287341426,59
2.725,-17.486397206285275,-0.18675594169053986,1.4985233074640645,59
2.746,-17.42069868409924,-0.1145061220241089,0.7378077974810274,59
2.766,-17.541482193096883,0.09769352008592483,0.8861392311905494,59
2.786,-17.5267954657117,0.261958882393632,0.8298449219551011,59
2.807,-17.53737933879295,0.7377930715769027,0.8682543113521073,59
2.827,-17.54850568605416,0.37732217904607385,1.0806011145467285,59
2.848,-17.590933846142367,0.2648055093936956,0.9222471163123594,59
2.868,-17.56715953104747,0.2321018909006225,0.7578025470385061,59
2.888,-17.578720716034486,0.20256732146832737,0.6243330372895622,59
2.909,-17.580315607897095,0.29951107000050214,0.7163623722076149,59
2.929,-17.580403925671078,0.30237940833573446,0.9685082467886439,59
2.949,-17.600585410658937,0.5807577717629809,0.7653824618853885,59
2.97,-17.551768752677333,0.5615468729680716,0.845397558479499,59
2.99,-17.545158953690134,0.43573571106878645,0.8043701094495626,59
3.01,-17.558819175155378,0.4059536995860271,0.9396143458181896,59
3.031,-17.55926155045657,0.4995329181051196,1.1973966443777122,59
3.051,-17.53535914714122,0.47818226592037016,1.169312730574204,59
3.071,-17.54098403570289,-0.10524050266073603,0.6254572550595796,59
3.091,-17.519680170576194,-0.21707679648768394,0.4879098979994986,59
3.112,-17.50687515525011,-0.07378604132501262,0.7757945233384402,59
3.132,-17.559583272883184,-0.21054614145777364,1.2917668143637233,59
3.153,-17.578554361944267,0.04547013875870119,1.2317072418544541,59
3.173,-17.572046842673668,0.23093627412780124,0.9789545210727096,59
3.193,-17.543400213592573,0.4130117841577184,0.7023264434261891,59
3.214,-17.54285218064437,0.31278257341287613,0.7599336244167963,59
3.234,-17.5689029070392,0.36455983494624306,0.5581493174495786,59
3.254,-17.554527449937986,0.3483978550918099,1.205377741392512,59
3.275,-17.58391140414231,0.4419211697808758,1.100380693092542,59
3.295,-17.587275630374545,0.25292031591270053,0.8066953892318915,59
3.315,-17.617323132389043,0.0009501119365289074,0.5626721541691316,59
3.335,-17.59361120403235,-0.0722964285458824,0.627661525233053,59
3.356,-17.614391285816076,0.2702638850190195,1.03025596665704,59
3.376,-17.61853036048256,0.6405353384053384,1.2152209916888612,59
3.396,-17.583644293042024,0.6412430888822586,1.3077049740965123,59
3.416,-17.61925476350279,0.667395633437442,1.2306343061919296,59
3.437,-17.597998008812294,0.24873591546141677,0.6103503664478989,59
3.457,-17.623755333218018,0.1124742538575956,0.5296030469664342,59
3.477,-17.636101475186365,0.33269745297262315,0.7624493292365612,59
3.498,-17.656510241947743,0.42527806788593675,0.9991779000731934,59
3.518,-17.64093809902767,0.18207026819763564,1.293744663492258,59
3.538,-17.6478087774072,0.3482439741622915,0.7986042066148669,59
3.558,-17.640520790766633,0.5902698118733485,1.0896629927580037,59
3.579,-17.65392422028129,0.7014479303438762,1.1637938723782681,59
3.599,-17.657007987831214,0.765670599606072,1.3881496466561751,59
3.619,-17.640454303189536,0.6375251491095839,1.0471395702852289,59
3.64,-17.607535286325636,0.6223253844113131,0.5065044990833312,59
3.66,-17.60569501067679,0.07862879681670253,0.3857583623963059,59
3.68,-17.585284738603587,0.2516909524119448,0.5931449134379282,59
3.701,-17.588768020569642,0.42147040355769627,0.46279445773192945,59
3.721,-17.60174976371557,0.3685322062658662,0.4112606813928391,59
3.741,-17.59413062135568,0.38368789552203825,0.46841711770841543,59
3.762,-17.56161458248094,0.5050314228337425,0.7882228539471866,59
3.782,-17.592047719387306,0.6407440540575174,1.1327670767521778,59
3.802,-17.62881674785252,0.4164404061149599,1.3487995309506076,59
3.823,-17.610377365464256,0.4395111312938696,1.4007729092520698,59
3.843,-17.59583011450841,0.130833477317173,0.6558822836636912,59
3.864,-17.637910053259453,0.17282994987654904,0.605223468353291,59
3.884,-17.657325233480698,0.5683154727566979,0.5923551610563506,59
3.904,-17.646519989238733,0.8420817980255065,1.103387432925283,59
3.924,-17.60732047682749,0.7010733960503833,0.9982051230296719,59
3.945,-17.610960479917406,0.5124804864600133,1.3097704162048909,59
3.965,-17.62202369151084,0.2766394936351409,1.0150144830153125,59
3.986,-17.575830736311637,0.10098052586705504,0.47797495340943846,59
4.006,-17.564692843217323,0.14774161006198336,0.40800192985776457,59
4.026,-17.620726979717258,0.3099131482276809,0.6598807145443926,59
4.046,-17.58983776698083,0.4324068086636148,0.7595815526181835,59
4.067,-17.605471315725577,0.5790275592431625,1.4148118152065763,59
4.087,-17.604865595202124,-0.209392450562433,0.7487383525829938,59
4.108,-17.587281613494053,0.07109744639883424,0.6893684675934809,59
4.128,-17.609115045702605,0.23106553840025193,0.7069710162887137,59
4.148,-17.61347259222948,0.3595312426299006,0.9121593832519317,59
4.168,-17.626509114916544,0.14463802992391434,1.1671817796309973,59
4.188,-17.589607877344502,0.0424915118638552,1.03947903816678,59
4.209,-17.57686545032935,0.2726812380294684,0.47375123328069574,59
4.229,-17.54773795249052,0.26621573595142856,0.8896994512096711,59
4.25,-17.59940770023419,0.44546747103890705,0.9073117347959936,59
4.27,-17.60494069112789,0.17076341929032174,0.18314632733453923,59
4.291,-17.59584445153652,0.13210588547313612,0.7831223400692718,59
4.311,-17.637789714687838,0.6538442584080444,1.0254772794230793,59
4.331,-17.653672320427486,0.38960434275200123,0.8625452372765147,59
4.351,-17.6362249505423,0.5280643211014705,1.0849838251756783,59
4.372,-17.613984144385512,0.6387447977895647,0.6992751394853743,59
4.392,-17.640240963397275,0.40092023412570293,0.8469026743629957,59
4.412,-17.652215824412966,0.3749388352899,1.004442549980683,59
4.433,-17.582019739071228,0.21562961885136855,0.3119815291425775,59
4.453,-17.562592807480968,0.2371537003006095,1.0851009668551903,59
4.473,-17.598359223600625,0.5628384945899202,0.9940712459960238,59
4.493,-17.558663476316294,0.357236371550522,0.26596727380862867,59
4.513,-17.542480273264207,0.1337553177192096,0.9116039311546773,59
4.533,-17.52918070604423,0.25554069453287315,1.0158107222418287,59
4.553,-17.598152469702512,-0.13381685037797564,0.5937892503216409,59
4.574,-17.618832968754848,-0.10583110537120506,0.3111022619206736,59
4.594,-17.623489471787,0.6399247515627152,1.0633307170288866,59
4.615,-17.5587276289908,0.4809594483204282,1.052293801064207,59
4.635,-17.580161874803114,0.43510527328769283,1.4245146263683994,59
4.655,-17.600835227516345,0.019072661910518852,1.3103476721785081,59
4.676,-17.539680019495936,0.2209111046953555,0.7951130096627415,59
4.696,-17.578900254285315,0.26320269780178823,0.9688072549138229,59
4.716,-17.54656791320352,0.3829625425079956,1.494785949258292,59
4.736,-17.556829607616724,-0.478558174875356,0.7248991603669127,59
4.757,-17.56981266358892,0.19877829241389622,0.7995799794882631,59
4.777,-17.601620818806882,0.12104930873609131,1.301129568042912,59
4.797,-17.563188804932253,0.43567274642098264,0.8980769711304191,59
4.818,-17.599679516188843,0.3790265408992806,0.7170619602628853,59
4.838,-17.596345313780347,0.4710292577050294,0.31328963467225807,59
4.859,-17.618571595331645,0.7578153283013336,1.0856439476710347,59
4.879,-17.644814047997244,0.4204543808553598,0.8173691679805253,59
4.9,-17.634407992963844,0.9473290031034856,1.2100571472266413,59
4.92,-17.629084612941625,0.4063874655547742,0.32523536883214643,59
4.94,-17.608022753486225,0.5834016454810442,-0.09820410586834419,59
4.961,-17.606095127269427,0.7848311966482376,1.188367083826538,59
4.981,-17.614709383794423,0.5875618467055216,1.3355409475397475,59
5.001,-17.620833586098215,0.7140960750438384,1.456684023669239,59
5.022,-17.59519756477827,0.20750574851202286,0.7207306230647397,59
5.042,-17.591106416295517,0.41637159635635806,0.7714096928362076,59
5.062,-17.616549149916516,0.5951718912725548,1.3961433679398345,59
5.082,-17.62333914862278,-0.40789382707183625,0.6931442266076467,59
5.103,-17.580370157380276,0.12291005300413811,1.3515319576798368,59
5.123,-17.572937572473442,0.6498899913171522,1.1272907782371417,59
5.143,-17.582330487263157,0.4548763894639858,0.6703568867292201,59
5.164,-17.58840574861022,0.6414776894188008,0.8371308315524787,59
5.184,-17.573595636355826,0.35172347097795703,1.3547577185210316,59
5.204,-17.605619047740834,-0.002612239634546445,0.8863085590894403,59
5.224,-17.596348518200205,0.32249252850923377,1.1697254892054392,59
5.244,-17.64496744556663,0.23911031113580797,1.5675881688580318,59
5.265,-17.66486663141044,0.5029978407602866,1.6711727169831327,59
5.285,-17.610988916617693,-0.22662529477696627,0.2974592131514657,59
5.306,-17.589640537519053,0.3863468963203259,1.6623538664010629,59
5.326,-17.60030973463953,0.003087570709562002,1.004520568406465,59
5.346,-17.62210222440277,-0.2256202761175764,0.5345954816738461,59
5.366,-17.58260587161502,0.07032642143523865,0.9520783072278144,59
5.387,-17.60436365008022,0.15559760964853245,0.2288718958236972,59
5.407,-17.642081693384206,0.7333745076758942,1.171657707930394,59
5.428,-17.610904080163188,0.436286147363851,1.2163982243200975,59
5.448,-17.645583009834702,1.5935934309606716,1.9321136011739921,59
5.468,-17.634937827463954,0.9310124497414416,1.36557763424535,59
5.488,-17.63600702871601,0.7250162476909907,1.6910903454111972,59
5.509,-17.603957408987995,0.7449538040754372,1.0615063009942611,59
5.529,-17.645767558056335,0.3111887610715135,0.6370220745266277,59
5.55,-17.60048264153592,0.05161180334259352,0.7997339113265761,59
5.57,-17.624062192131873,-0.1674406511756018,1.5511808516568508,59
5.591,-17.59239258470558,-0.16421861850885675,-0.11944605541610116,59
5.611,-17.599646167882838,0.09001425687971247,0.7709023360304058,59
5.631,-17.590489889370815,-0.8009107949921046,0.592731679320815,59
5.651,-17.58566212308068,-0.3426006106354303,1.6198928520093339,59
5.672,-17.576399694681644,0.23091785034463364,-0.09283499767622781,59
5.692,-17.568305775126625,0.0758158210209704,0.5828453238928756,59
5.713,-17.590070193869515,-0.06274247887281166,1.036250346712662,59
5.733,-17.589674594497247,0.09250019915258492,0.8354114784585267,59
5.753,-17.57577937275159,0.021307268721167356,-0.5015451062960893,59
5.774,-17.548167846744157,0.5765516960031902,0.6395485304193445,59
5.794,-17.585276320671376,-0.14144520572255703,-0.16486613356601343,59
5.814,-17.603359120523812,-0.14615324765063603,-0.42410475629305044,59
5.835,-17.591697111880887,0.5933300400719131,0.2512376058438934,59
5.855,-17.591388844278764,1.0203574805305682,0.8289197630317651,59
5.875,-17.61258611063318,0.4645903291046591,0.754563130481155,59
5.896,-17.628321453757856,0.7065693560816411,0.6390254362370869,59
5.916,-17.565772227300734,0.6331933339892293,0.9117753139863153,59
5.936,-17.611039304914705,0.3103337322507587,1.0113327307210689,59
5.957,-17.54178019456607,0.2740179769692602,0.461209446888525,59
5.977,-17.555553729739852,0.6036695521737054,0.8134802152075115,59
5.997,-17.520652189786443,-0.5627893326977195,-0.02242649583140799,59
6.018,-17.543722648257226,-0.24553334680987385,0.3597863674358922,59
6.038,-17.59825845527679,-0.28495980930834164,0.5286713042624723,59
6.058,-17.648556573108532,0.01860315250081562,1.292776305484561,59
6.078,-17.57882241682513,-0.3256858426518458,-0.7552109832232713,59
6.099,-17.628190439091902,-0.2485472515277711,-0.2971902287216029,59
6.119,-17.6776841689482,0.3065905236429928,0.7931200950953341,59
6.139,-17.614432931442323,0.16896612120809737,0.7803469752184544,59
6.16,-17.68987002727455,-0.17062304180970436,1.015207321366951,59
6.18,-17.66212769662002,0.4421957624186819,2.844722611551679,59
6.2,-17.711013262259115,0.5502928754856274,2.6497840923165725,59
6.22,-17.69136372273462,-0.2729800192678098,0.9979285945943321,59
6.241,-17.72508597275207,0.03551110835824321,1.3518883850163976,59
6.261,-17.736870306489877,-0.1914748022062441,-0.24966839381194836,59
6.282,-17.736877395206193,-0.32803065448027374,-0.7820229061311843,59
6.302,-17.7164118599344,0.319036953389867,0.14601026906304035,59
6.322,-17.713015441454054,-0.16109168702268264,0.7630860145589456,59
6.343,-17.743713839607985,-0.3379313923440583,0.8373096699547872,59
6.363,-17.68826016613847,-0.4718719511823499,-1.0667909643556854,59
6.384,-17.659787294159408,0.5335922967879754,0.17016778670473162,59
6.404,-17.690350201499776,-0.11544610290043206,0.9420205666060449,59
6.424,-17.72522919946255,0.30361340870188175,0.8757617044173863,59
6.444,-17.667455499737375,-0.1829066208962903,-1.2613141827511412,59
6.465,-17.662303478136014,-0.47141727517199505,-1.0871098206620617,59
6.485,-17.667211974570794,0.2942925460155784,-1.085516044143885,59
6.505,-17.60935263478493,0.19930664379413932,0.06202451790656507,59
6.526,-17.638279951267894,0.008834250574479056,0.7863295588321437,59
6.546,-17.603323398650208,-0.8218724544986351,-0.6296485906995364,59
6.566,-17.58630939673247,-0.33580552263443775,-0.179001284148501,59
6.587,-17.585830475682144,0.17647140268267686,-0.6804231538871603,59
6.607,-17.588743815412325,0.2444125365809394,0.6596654203167138,59
6.627,-17.574941470325538,-0.006062843560454415,0.6348704383504329,59
6.648,-17.51646072797865,-0.05442960677567523,-0.3707702071081428,59
6.668,-17.52091627637475,0.1554074015287398,-0.11303144298326838,59
6.689,-17.466189956192522,0.38261281123372404,-0.5503247587175512,59
6.709,-17.53322194205765,0.436902000932861,0.8983500434951166,59
6.729,-17.50632277094624,-0.16551886855536913,0.5596720631514882,59
6.75,-17.451995298734033,-0.39456160965902376,1.7407102372334067,59
6.77,-17.507953695542852,0.45533665589152594,2.57343007791645,59
6.79,-17.50266714290939,-0.09169770544966695,1.508599143936919,59
6.811,-17.526665651878265,0.09623120070571309,2.215138954829042,59
6.831,-17.472286812008576,0.10681652591449199,1.83986562675881,59
6.852,-17.498965341274644,-0.6207886268396461,1.2353531994057487,59
6.872,-17.47339545692279,0.4154339022187184,3.424782973056732,59
6.893,-17.475076565153817,0.4438142754659234,2.8474617600054097,59
6.913,-17.39716687034593,0.042294672143854295,1.0012945601863068,59
6.933,-17.416306792421953,0.3112618696576823,1.219737776298457,59
6.953,-17.44358974938163,0.4192909677627282,0.4260124443350161,59
6.974,-17.375449721022818,-0.30208899417160895,-0.4588718670983268,59
6.994,-17.468746477310304,0.3553606372676535,1.3408601517847993,59
7.014,-17.39319124670257,0.8990192769841361,1.5679566230555724,59
7.035,-17.40125825220892,-0.7246753286132327,-1.075796508080627,59
7.055,-17.35913217821169,-0.43273183616776084,-0.03734751887191809,59
7.075,-17.38095602408455,0.09928026871433004,1.0062401274040345,59
7.096,-17.37999390420705,0.6926901940224172,2.291043418168429,59
7.116,-17.402130487310448,-0.027508141196371603,0.6669396809667603,59
7.136,-17.360258265592453,-0.11514039517048728,0.207523478571184,59
7.157,-17.31219933300872,-0.5788352800493244,-0.8079979268065163,59
7.177,-17.373115070297104,0.5825021439107511,1.929727239783965,59
7.197,-17.347522729145965,0.2951688523015081,1.863665605111755,59
7.218,-17.336918753105618,0.8027632194935707,1.3940704049200476,59
7.238,-17.29675864697081,0.5748653821649531,1.3248785552221278,59
7.259,-17.35477771276656,-0.297628723301857,0.16011918602126415,59
7.279,-17.373318021549586,-0.2484213765515557,0.515676256463863,59
7.299,-17.367651327007515,-0.06567080903795997,0.9718383464150555,59
7.319,-17.374999013673495,0.7871947389419098,1.8815756493499378,59
7.34,-17.42663105757942,0.4992037593115581,2.4759628742708064,59
7.36,-17.362000852223964,0.7932873685443994,2.1715252095344035,59
7.38,-17.390020754159032,0.23108379198987525,2.5242404230011797,59
7.4,-17.399762915399897,0.10317790234792316,2.367575343695982,59
7.421,-17.437568649245033,0.036139618034852654,2.3862762109976265,59
7.441,-17.494114734041503,-0.17697403673396353,2.091455809400585,59
7.462,-17.465900344729743,0.43595770370617426,2.336210466939523,59
7.482,-17.500984303723683,0.5420201079667457,3.438382116437692,59
7.502,-17.437974515278043,0.4169067976868171,3.349637365819475,59
7.522,-17.502830692419376,0.4876380956189091,3.2090920267177614,59
7.543,-17.453127278072667,0.6996737514336256,2.8768396977855404,59
7.563,-17.477649081348613,1.1092924761731906,2.907079521815541,59
7.583,-17.427974778778047,0.746909348577024,3.1464831661723056,59
7.604,-17.38494870263123,0.7571315879310038,2.979534240377075,59
7.624,-17.407122508405063,0.017024618840325183,2.243619014536919,59
7.644,-17.431066736498742,-0.0036579440249514127,2.177828766358076,59
7.665,-17.370411551202164,0.46378481276328987,1.715893103706257,59
7.685,-17.371417500622623,0.23543770728663851,1.7435161146500575,59
7.705,-17.395560536015704,-0.23652355855646637,1.2904830448058324,59
7.725,-17.40577536249482,-0.5971371910065608,-0.27755876626511317,59
7.746,-17.343547729950853,-0.26103349712410084,-1.0447794907688492,59
7.766,-17.39645578591522,-0.11017490582203174,0.02915038851534297,59
7.786,-17.37440478047493,-0.2839778519829386,0.028420373717060497,59
7.807,-17.340241492586625,-0.38319976986391124,-0.47541144950977027,59
7.827,-17.359371933496714,-0.3054941480154529,-0.9234692821807309,59
7.847,-17.246014231510667,-0.3014830095316112,-1.5489756193742352,59
7.868,-17.204967852868464,-0.18105750943594245,-1.6807572422175454,59
7.888,-17.0575404615918,0.08852076614284515,-1.556927584111728,59
7.908,-16.94520588467074,0.5588548196974622,-0.9082374321692439,59
7.928,-16.907015998395224,0.014074444288490294,-1.4966437214843549,59
7.948,-16.875271056565882,-0.7398297800313193,-1.5264958533796367,59
7.969,-16.934502247307623,-0.8590908216657324,-0.6544756192716087,59
7.99,-16.933528981448976,-1.435831750878733,-0.4551578827034829,59
8.01,-16.913076136785893,-0.08810688917700323,-0.5840162881943993,59
8.03,-16.856574218021482,-0.34560685828966964,0.3467674362814556,59
8.05,-16.88320039442033,0.7321135805940359,1.4719234373717769,59
8.071,-16.893431181766775,0.4692964774202736,1.2439886348141436,59
8.091,-16.878406716324903,0.6376424668893789,0.47504042528022933,59
8.111,-16.821131703341067,0.23622989864665261,-0.6029008274802189,59
8.132,-16.77103109110068,0.4751371923173433,-0.4535092838776042,59
8.152,-16.78069400855147,0.8700411357948339,-0.23901860219330082,59
8.172,-16.708924419162393,0.5578975235902701,-0.32094421451187677,59
8.192,-16.608696647884937,0.40751590890082445,0.4446720684325139,59
8.213,-16.548253023836093,1.0062654035587169,2.0549503750568348,59
8.233,-16.466221108081477,1.357729386215438,1.4747105575836454,59
8.253,-16.35766578390139,1.2850289240402708,0.6692878736600443,59
8.274,-16.318371563692086,1.7457601757660757,-0.7636743670626636,59
8.294,-16.170108592083057,1.2367654428079013,-0.42378536046528714,59
8.314,-15.891550604125475,0.9520472256143927,-0.3159477898706874,59
8.335,-15.588567365563613,0.5657270394007616,0.38766870882985444,59
8.355,-15.48496720601343,0.22326469400189497,-0.22416868135309767,59
8.375,-15.345852262367366,0.4012958369382037,0.7666702318398355,59
8.396,-15.320779727158715,0.7187639178920189,0.3423989906463089,59
8.416,-15.26635419995325,-0.0838221968229919,0.5338131272174386,59
8.437,-15.332984364765775,0.9326475570332784,-0.7593450330200641,59
8.457,-15.246910780235092,0.6365410734154585,0.31674734039100316,59
8.478,-15.012369968841291,-0.2714743392245278,-0.5463089478605537,59
8.498,-14.684177386082618,-0.9079109311844044,-0.8067803834256944,59
8.518,-14.42129646835995,-0.1440614983064575,0.21929060774789963,59
8.539,-14.277236443331564,0.15856316148132502,0.3801502142644282,59
8.559,-14.221770077746955,0.26308489642604804,0.41717572083302606,59
8.579,-14.143201088792583,1.0889696425313375,1.2233427487941473,59
8.599,-14.134445115316328,1.6482194873061633,1.1963086723169916,59
8.62,-14.120036470395906,1.106446073121348,0.9689694512970595,59
8.64,-14.110230518302604,1.3437543138431558,0.741203644800653,59
8.661,-14.017027741120888,1.6816005540402996,0.8018105457948601,59
8.681,-13.983834703725666,2.394502721251951,0.8497337048167785,59
8.701,-14.189600705699537,1.111240503566894,-0.4611153082640853,59
8.721,-14.086756801182378,0.6607417625070147,0.5763792809148274,59
8.742,-13.950456759267741,0.667193428433094,0.4952299430566461,59
8.762,-13.808673937765253,0.006637783908798225,-0.0006897357054276987,59
8.782,-13.783879657482931,1.042479839411303,0.5312857528455365,59
8.802,-13.840493320150175,1.7083053518531306,-0.7910808319295773,59
8.823,-13.899408640828755,0.5368779576077798,-0.9867538035425439,59
8.843,-14.14427170287006,0.948029721780614,0.3457991033727436,59
8.864,-14.373457661748194,1.9972470597502594,-0.7584029415886081,59
8.884,-14.525606412417734,1.7817685523366478,-1.7983429418782044,59
8.904,-14.505864761366883,0.1652052915148754,-1.5417553685616434,59
8.924,-14.69297998909055,-0.5503228228102136,-2.587362737759944,59
8.945,-14.91910222086712,-0.13058753683859017,-1.757424171994742,59
8.965,-15.148920127737387,0.13324632499693717,-1.749939219164561,59
8.986,-15.270680895713,-1.2929758417048283,-0.6712400459317849,59
9.006,-15.169284381224557,-3.0466047995622034,0.05767410310293776,59
9.026,-15.184428661897373,-1.4771481173209005,-0.891685558726402,59
9.046,-15.114971093498369,-2.3331684367271563,-2.029583205883868,59
9.066,-15.094486769975944,-2.4728111572683793,-2.014344354626151,59
9.086,-15.217195425564332,-0.8384205640457199,-1.77794619075501,59
9.106,-15.08320920851826,-7.6794343494699,-6.443915079751118,59
9.127,-14.862033619741956,-4.3806550778950815,-3.9064694906002946,59
9.147,-14.92635422349894,-1.1334673368240988,-1.6364046678853208,59
9.167,-15.09802898298812,-0.7260988208426185,-2.7444058346733695,59
9.187,-15.414551837015775,-14.878676467151875,-16.656418078511756,59
9.207,-15.694505209869247,-16.409409584443466,-16.933215535069426,59
9.228,-15.866077672902291,-7.570159671299816,-8.06548076604038,59
9.248,-16.168902693310653,-3.5957656653972467,-3.809957152449372,59
9.268,-16.678478364913413,-1.1418482839535806,-1.602221285221034,59
9.289,-16.99614940604783,0.0678072253973,-0.5939514990359225,59
9.309,-17.528747397977664,0.9289019047417864,-0.022878595991031557,59
9.33,-18.260356513009583,2.04529870659194,0.5215937773307519,59
9.35,-18.72263217466184,1.746962719215797,0.16741400600221748,59
9.37,-19.180253041677815,1.628962004036463,1.3024740988229861,59
9.391,-19.557956977523872,1.133881597802638,1.9298106768404943,59
9.411,-19.870274128554,-0.6058896848891656,0.761875458692234,59
9.432,-20.26697389841615,-1.9867989138229183,-0.6337157172847544,59
9.452,-20.703413935526665,-1.0961744299734577,0.39912380917549384,59
9.472,-21.15923701546148,-1.0194376437821449,0.8667347468034166,59
9.492,-21.607628621622318,-3.233200342052106,-2.491781617615923,59
9.513,-22.059666106528077,-1.8893380111129983,-0.4846236885725751,59
9.533,-22.401995293874958,-1.4077046926323475,-0.6762689844550808,59
9.554,-22.650499774900023,-0.95681947777621,-0.9749236184272553,59
9.574,-22.729885614904784,0.3323148876412012,-0.38288879053599983,59
9.594,-22.7074041362151,1.684568146852999,0.5293998198099035,59
9.614,-22.69886704857299,2.495743398188789,1.3845196975306344,59
9.635,-22.669728227753268,2.3343858819344594,1.9230609927466311,59
9.655,-22.59798584202113,2.13469105910695,3.3739405192615632,59
9.675,-22.536820465323473,2.1374013346285783,3.8803315492649717,59
9.695,-22.461555291462474,0.9302342498656447,3.4318287621510195,59
9.715,-22.469516304816494,1.1001761589605799,2.7789968103012024,59
9.735,-22.393773241371463,0.779673589915919,2.558845161233596,59
9.756,-22.329786404182897,0.5174688730799928,0.4392924286719511,59
9.776,-22.173717888551923,-0.15045318958228274,-0.26515613485255884,59
9.796,-22.015212482189586,-0.42797545573983053,-0.16685005032587225,59
9.816,-21.92413189144472,-0.8501735654737518,-0.1686210542438641,59
9.836,-21.748099002188244,-1.1004963418654157,0.9747827705036508,59
9.856,-21.624647315102806,-1.510440571467221,2.2066522626196376,59
9.876,-21.542903113966847,-1.5077994471622116,1.347190809329872,59
9.897,-21.36864499000066,-0.9900494254434492,0.9342395773849969,59
9.917,-21.217227175707052,-0.6012113399769122,-0.3475794553860164,59
9.937,-20.983839645458232,0.3582872363374835,0.8173617064538623,59
9.957,-20.84390485121284,-0.43443317436604034,-1.0562167370311308,59
9.978,-20.66120287223234,0.6430319396060326,-0.34663248086087395,59
9.998,-20.374529984783152,0.4499425075506533,0.45572042093980547,59
10.019,-19.95758520845934,-103.03440123181144,-92.00946363202742,59
10.039,-19.427174944721035,-52.752622813360915,-30.429313939404874,59
10.059,-18.268922575892564,-24.756569485836867,-12.142362156840598,59
10.079,-17.040652623726917,-6.619870432497196,1.1841986514119838,59
10.099,-16.708435531236862,3.006595061177343,13.113299117964308,59
10.12,-17.115046545318908,6.633985019505174,15.410311800994439,59
10.14,-17.844558851012696,3.974153166002568,9.449342421604333,59
10.16,-18.093136540502854,-4.960057665835635,-8.023548412800029,59
10.181,-18.175827051245363,-2.3431581164727517,-6.2538051027071635,59
10.201,-18.15707897454874,-1.0681747362409022,1.622170573636308,59
10.221,-18.201843118340975,-0.3156979747916751,0.3207805136026896,59
10.241,-18.207593864610676,-0.46013217121944067,-0.4812236089696994,59
10.262,-18.24399379454785,-0.5652307262532357,0.8965905538878883,59
10.282,-18.25437884328851,-0.6036459187111934,-0.031886159378319325,59
10.302,-18.238109666236927,-0.771006112325408,0.5746381163124287,59
10.322,-18.268085017289128,-0.6927488692254952,0.4985602177146592,59
10.343,-18.296999023514747,-0.4257181651654909,1.0842647564383083,59
10.363,-18.27098397406343,-0.1012722241582524,0.7290141724284006,59
10.383,-18.260924221460517,-0.45948139437889157,0.49048691409034584,59
10.404,-18.268233196553425,-0.3944763162344613,0.8807541004621746,59
10.424,-18.27482360702352,-0.22269143629988314,1.47437734548781,59
10.444,-18.27424851816984,-0.22830777540838293,1.3555909684242655,59
10.465,-18.279663318557326,-0.4350727508462749,1.0020130728280359,59
10.485,-18.278053937652775,-0.5190395820931086,0.9365579854111276,59
10.506,-18.267609288062054,-0.5834172187605149,0.8318562981106146,59
10.526,-18.302029278358297,-0.4903718379004002,0.9876732332956311,59
10.546,-18.267984771428868,-0.5970390781916748,0.7229481689455312,59
10.567,-18.302629421180026,-0.39970315804709633,0.7889946240118856,59
10.587,-18.285883759130336,-0.3243117017803381,1.2173863048532063,59
10.608,-18.19968267311196,-0.46127903859284825,1.099321587461847,59
10.628,-18.09466683004916,-0.6343142424511156,0.7239457679258863,59
10.649,-17.992192894251954,-0.7953673816525659,0.32977571581521,59
10.669,-17.87098808368932,-0.8985244431268358,0.14457250776452416,59
10.689,-17.7524711931702,-0.7139907424946316,0.6345643944050852,55
10.71,-17.77608602749489,-0.42223930383575886,1.1269082361972047,55
10.73,-17.953334294292397,-0.39005952648972037,0.724305057580301,55
10.75,-17.892517846956476,-0.5922649000542282,0.507619157938948,55
10.77,-17.811144584215494,-0.43135503067744485,1.0334422749895793,55
10.791,-17.923230142165576,-0.4058950026000294,0.40487132122523395,55
10.811,-17.808460809386442,-0.4111874076326625,1.0591028795181503,55
10.832,-17.88679124507959,-0.5295697626441049,0.37494564962524024,55
10.852,-17.84671702227294,-0.49265297201919833,0.857157485964037,55
10.872,-17.823478076877077,-0.29370553034739155,0.7421829499903843,55
10.892,-17.921989648272042,-0.8156333209875453,0.6255558286980407,55
10.913,-17.856413285011712,-0.5003061199512728,0.6067944961063659,55
10.933,-17.84632718454631,-0.12398987961082142,0.6116438308156948,55
10.954,-17.861891907010744,-0.5283642470234293,0.9310970572694831,55
10.974,-17.870937623935045,-0.7171965159640412,0.9128700222853487,55
10.994,-17.8843821910508,-0.6247682887481062,0.6831099163642224,55
11.014,-17.89683838800141,-0.6683535316975165,0.5653690728972237,55
11.035,-17.89760071471977,-0.8436245584696045,0.4856941147762938,55
11.055,-17.901241385595593,-0.9848057313980598,0.5938876605879808,55
11.076,-17.902486461292305,-1.0594703303981636,0.6562071216213792,55
11.096,-17.88542295922985,-0.9790280083215567,0.767798127191674,55
11.116,-17.902830431679995,-0.7254063989770225,0.8936147339151113,55
11.137,-17.897097228566576,-0.5220195098670947,0.9836263579489072,55
11.157,-17.893224414058135,-0.27294525642743594,0.9465336640374655,55
11.178,-17.889924804428357,-0.22324651578733337,0.7127296440964979,55
11.198,-17.87958102824271,-0.4948103587793807,0.4930637696133454,55
11.218,-17.88626060027876,-0.2924743969883449,0.6448948201969235,55
11.238,-17.886781706322676,-0.44936505847633496,0.7102460102675527,55
11.259,-17.883993795031174,-0.41314819511535,0.8703022430813407,55
11.279,-17.885987041064986,-0.40541373948400733,0.7743344242244301,55
11.299,-17.88716899365527,-0.5378714838578227,0.6791643706207035,55
11.32,-17.884764102009353,-0.44750891913451,0.6460065308396334,55
11.34,-17.887505143455222,-0.48824004818807165,0.5960555228100147,55
11.36,-17.88667893272977,-0.49376893380071496,0.6984325500376748,55
11.38,-17.888975347852845,-0.5054973833827383,0.6620838064826131,55
11.401,-17.88528476033255,-0.5139321456897881,0.654793556438098,55
11.421,-17.88884994920929,-0.456826819253944,0.600737052708878,55
11.441,-17.88622784045674,-0.4544834212753182,0.7020689234707772,55
11.462,-17.885872084788428,-0.46192676358330803,0.6515807428611975,55
11.482,-17.887528858058737,-0.4542240253982815,0.695979859058466,55
11.502,-17.886107305537667,-0.5271845828988975,0.6805316379651895,55
11.523,-17.88725931273645,-0.48462823182816833,0.6390874103690972,55
11.543,-17.886281243564092,-0.49045991628976876,0.6395894859492752,55
11.563,-17.88661157599916,-0.4904164312796754,0.7068645685315489,55
11.584,-17.88857249940572,-0.5167800322890295,0.6779706742899678,55
11.604,-17.888395785642693,-0.5363063445001247,0.6661601845109086,55
11.624,-17.8887184635741,-0.4890546022028189,0.7369262278531371,55
11.644,-17.88865246982597,-0.4861558512754692,0.6850124143893435,55
11.665,-17.88955811151687,-0.4809795428784252,0.6605017692824361,55
11.685,-17.884937358244176,-0.516502293781653,0.6388010510849965,56
11.705,-17.885011759475493,-0.5450745887960385,0.6253408961758041,56
11.726,-17.88417443570184,-0.4849388933886008,0.6965742754957361,56
11.746,-17.884406588965238,-0.457823655150899,0.6729766652818712,56
11.766,-17.882793703296972,-0.4277457679337383,0.6811857478905322,56
11.787,-17.883866262041415,-0.46453907217853746,0.6774390834668258,56
11.807,-17.88304203791284,-0.4734034509661722,0.6848216640792263,56
11.827,-17.884600721448336,-0.45542013191375463,0.7013984744936885,56
11.847,-17.88820874725839,-0.47339287259436913,0.7386295637774133,56
11.867,-17.890469308455383,-0.5061069992792802,0.753787708750092,56
11.888,-17.89146831127592,-0.49354938091330025,0.7149247058447702,56
11.908,-17.891941232763763,-0.49154718649329404,0.7053850342193437,56
11.928,-17.890244591982903,-0.4938070898174197,0.6891156826677012,56
11.948,-17.89064079507672,-0.5067838507356623,0.6847116319954268,56
11.969,-17.892433078192763,-0.487797920804992,0.6722790923000526,56
11.989,-17.892070605422635,-0.5007636559010532,0.6510927017336494,56
12.009,-17.894942791845867,-0.4490262621334372,0.6611343082248984,56
12.03,-17.894682681481257,-0.40545091148329426,0.7162437107917268,56
12.05,-17.892450697783765,-0.4524102033882689,0.6742066894041938,56
12.07,-17.891752633592066,-0.47754426716616305,0.6929262579888689,56
12.091,-17.89268827816828,-0.47408125452260097,0.6842616578683798,56
12.111,-17.895025048443767,-0.5102828806574063,0.6538414083317581,56
12.131,-17.89745968732014,-0.5123897465700687,0.7042066887574849,56
12.152,-17.896707428717704,-0.5277803154714371,0.6293813269063152,56
12.172,-17.89575264949589,-0.5396153381594411,0.6025529891558851,56
12.192,-17.89653032042169,-0.512725313032479,0.6313026361798947,56
12.213,-17.89294707424214,-0.47481829227981165,0.6590595091374702,56
12.233,-17.894190960909953,-0.47234205242091953,0.7113475084304309,56
12.253,-17.892641733470366,-0.5095896808376709,0.6942452681442786,56
12.274,-17.892799178290474,-0.5293350008291728,0.6745304695476059,56
12.294,-17.893489563928636,-0.5028058369204652,0.707962087084283,56
12.314,-17.89865554685479,-0.49606454471010286,0.7234400253905272,56
12.334,-17.896845594529076,-0.5077938174385134,0.6903575202814036,56
12.354,-17.899192388207407,-0.5090573939593931,0.7212764435719864,56
12.375,-17.90161356511995,-0.4820714725133796,0.7379183119530296,56
12.395,-17.90152105225058,-0.48184239067267204,0.6871822542669599,56
12.415,-17.901667360813573,-0.4481552030306593,0.639248250393008,56
12.436,-17.899809388010617,-0.40685452779344583,0.6666844179270522,56
12.456,-17.899681022544186,-0.4733027908839425,0.6936537520465463,56
12.476,-17.899888737208787,-0.47722369587733066,0.6707943613382972,56
12.497,-17.900449873482973,-0.5026012310283193,0.6951809781200132,56
12.517,-17.899857504183974,-0.4933199538315319,0.6977387360376247,56
12.537,-17.90173090468121,-0.4932005010642272,0.6995015069794156,56
12.557,-17.901262958015348,-0.5120740489893142,0.6649604215255412,56
12.578,-17.90156881347395,-0.5192698518451198,0.766527030905105,56
12.598,-17.90191874183636,-0.553341542074836,0.6581501399519419,56
12.618,-17.900558212219842,-0.5399538928672,0.642528024267791,56
12.638,-17.902293907724033,-0.4465435229649047,0.7650366101647932,56
12.658,-17.902072930113928,-0.49092888322890615,0.7351154643323002,56
12.679,-17.902253817097517,-0.4614639878482398,0.7025737383932801,56
12.699,-17.901612961163078,-0.482992172127996,0.6911877442918545,56
12.719,-17.902358403266103,-0.5000362098054753,0.6526849511919631,56
12.739,-17.90011193427118,-0.4773589681130732,0.6843989988742565,56
12.76,-17.89952189790785,-0.480638556402952,0.7273739971337881,56
12.78,-17.899888412017198,-0.5350860679233642,0.6890422010350843,56
12.8,-17.899168324210223,-0.5137041695854218,0.6299446559459019,56
12.821,-17.901216179924184,-0.5436902948203403,0.6774948000916099,56
12.841,-17.900248112037993,-0.548903513942481,0.6665880582163475,56
12.861,-17.898835869565183,-0.5276586542237893,0.6693098147492367,56
12.882,-17.897816031935186,-0.48440475387355025,0.7001885500890244,56
12.902,-17.89867097630657,-0.4434965530063814,0.6701035334817119,56
12.923,-17.90022040724917,-0.4472488625908987,0.6828400686587424,56
12.943,-17.89847230825889,-0.4763361571724636,0.714525142746603,56
12.963,-17.89567785255064,-0.4877614450129587,0.702181556838475,56
12.984,-17.895799242063884,-0.5001889040560424,0.7050464902791258,56
13.004,-17.894314993391628,-0.4504095153942184,0.6617548844780373,56
13.025,-17.893745163550086,-0.46487727547602936,0.6875790086786369,56
13.045,-17.949796204533193,-2.3005316776516485,2.1283509672454364,56
13.065,-18.390221448651353,-2.5723443047015215,-0.7005796197166078,56
13.085,-18.652434947735404,0.8116970536362386,-0.6186729647731227,56
13.106,-18.630021403948042,0.9961667764610318,2.470995424006156,56
13.126,-18.15752243192913,5.49728792163418,-3.728122616365887,56
13.146,-17.085321723994305,9.39787085529513,-4.235167772463473,56
13.167,-16.584481298455223,-0.736470530989122,1.199835628275229,56
13.187,-15.813006605806674,-4.992801888081626,-1.296341783429765,56
13.208,-13.818821479261837,2.614883856852983,-7.917357819236882,56
13.228,-11.625795721124755,-14.5094393285336,-11.75598374703635,56
13.248,-8.229028295926705,-23.584590129974718,-13.149575157206195,56
13.269,-3.722598937628513,-27.702390403675654,-17.0837024509448,56
13.289,0.40032675256485656,-26.047423833824762,-18.60000825665876,56
13.31,3.794333501059432,-23.17935826089057,-22.39862609996983,56
13.33,5.209903229154284,-21.134521759442833,-25.473127166959664,56
13.35,4.928960648523107,-20.156204470065674,-24.781786927227934,56
13.37,3.6673260374168333,-19.937871042367277,-18.74230347011611,56
13.391,2.2337948105264247,-23.090733581372607,-12.260265627374212,56
13.411,0.7268791270939714,-28.836880098084603,-8.48696914079704,56
13.431,-0.3202355184598759,-30.86916366634871,-1.3112505766978682,57
13.452,-0.9384486931667283,-32.24098409151892,8.731704520918127,57
13.472,-0.25139810077417624,-34.12443952252831,15.133324773698806,57
13.492,1.8646695368351998,-32.510410139422945,14.92751371281734,57
13.512,3.850059623176995,-26.434633776288127,13.145948739258952,57
13.533,5.513057640060643,-20.443908280703806,14.199588828047002,57
13.553,6.739915750158607,-19.364212605758595,13.714903439246344,57
13.573,7.924725545666651,-19.203779245858176,11.848138568045123,57
13.594,9.375884357788882,-16.315431556654726,11.01742304775136,57
13.614,10.511122338673877,-13.50735622532091,11.95694524442774,57
13.634,11.773316549893014,-13.575660127440377,13.910707377716868,57
13.655,12.793395470630447,-14.362593867494988,16.891463445019284,57
13.675,14.130566935903504,-14.408222300997915,20.989916326348446,57
13.696,16.034280399952866,-13.625396957412814,24.019843273704883,56
13.716,18.67740644398963,-11.695557035236218,25.16242266908181,56
13.736,21.19322124420158,-6.664292180281401,24.177984283623545,56
13.756,24.097030326022818,-3.6154822147975727,21.75626348411817,56
13.777,27.337526778003838,-2.206454656835128,17.721932964110685,56
13.797,30.801135486993175,-1.7725917700763585,11.892419225314072,56
13.818,34.042639274554844,-1.3894380534860733,5.394770079413201,56
13.838,36.991274499688174,-1.0535372847014095,0.5935954753678517,56
13.858,40.134909233221144,-1.8862299340552484,-4.073325058777582,56
13.879,42.730998260049994,-3.3971961801089474,-7.101540082856999,56
13.899,44.84878270939679,-4.630752903399091,-8.75808020186442,56
13.919,46.65870318214274,-7.168287077401173,-11.228939592525043,56
13.94,47.16478548223221,-9.104511334660154,-12.412388477298878,57
13.96,50.11222396468382,-14.9315139667841,-15.630580688808825,57
13.981,52.552786065633875,-15.770032494462969,-19.395458867462903,57
14.001,54.95736437519826,-13.88438857683093,-23.320960426962888,57
14.021,57.037510159913836,-12.520626533819227,-27.406764103407493,57
14.042,58.95884390524133,-11.381371914410764,-29.595371215749047,57
14.062,60.79900293038645,-11.166662131797745,-34.398392008162624,57
14.082,62.63094812465442,-9.193713256431094,-38.31295432537374,57
14.102,64.32659653255632,-7.398735180436279,-41.08231704265105,57
14.123,65.58583558056033,-6.262430670666149,-41.03196265306472,57
14.143,66.44824398887793,-6.398460771987071,-39.777133086007815,57
14.163,67.28592522774943,-7.297804165574304,-38.928178892872346,57
14.183,67.97544037381975,-7.209678369654318,-35.02160681828877,57
14.204,68.26264720151106,-7.317507748629332,-28.325659076196935,57
14.224,68.5066666726717,-9.936376230245708,-22.235411190204257,57
14.244,69.1636027498108,-10.756209958822817,-18.967435611929414,57
14.264,69.74819086113312,-8.492090333347399,-18.795480542249532,57
14.285,69.64323390939717,-5.638857158653195,-17.931266568020956,57
14.305,68.99561889516006,-6.622895079965088,-15.515757526004528,57
14.325,68.28863847074898,-13.70081898831436,-10.987939639323422,57
14.346,67.64187764873529,-16.932950902505937,-9.66711156394615,57
14.366,66.83854569978209,-17.341565602833867,-9.17924969636349,57
14.386,65.95764374613644,-17.228950839687872,-9.04148607079309,57
14.407,64.88405956555833,-19.0546424728242,-8.80479568558691,57
14.427,64.19814905163365,-27.41024287202552,-7.554893521682151,57
14.447,64.54610426347514,-26.284000160011928,-7.186845319113932,57
14.467,64.70873103318146,-21.328143017970564,-10.137262297664666,57
14.488,65.18315655613398,-15.29988384141906,-12.045360816312446,57
14.508,65.60433355942016,-8.183612696951462,-10.3736112368137,57
14.528,65.30630911587716,-5.234795924965942,-4.348577554415993,57
14.548,65.27925696176791,2.1794532866162175,0.20940826590841577,57
14.569,66.17653550377801,3.168931097728647,-2.3831763156599295,57
14.589,67.45697193362523,-4.605302211446471,-5.151242824863215,57
14.61,67.12293562644433,-5.608652963836179,8.111755362665546,57
14.63,67.06206202988702,0.30211548317438575,2.653285723364989,57
14.65,67.09685945226072,-0.6369546774007308,1.3839054802150772,57
14.67,67.0899626095052,-0.24936967845865715,0.9992504926878857,57
14.691,67.08885631498778,-0.03093050644058203,0.7172817152584863,57
14.711,67.08744506474766,0.09345818436335461,0.6177481623182614,57
14.732,67.08457497308069,0.12064860103060754,0.5207344204098784,57
14.752,67.08590149033034,0.15975706353227823,0.4404184983687534,57
14.772,67.08330228367537,0.19290341736347377,0.4694733455332664,57
14.793,67.08417869880242,0.15952122095029805,0.3992005738429117,57
14.813,67.08393926806887,0.18749653975674244,0.4204793557982294,57
14.833,67.08179192281237,0.16009193231937602,0.3865011319208793,57
14.854,67.08132768574788,0.1893458719259542,0.3881883485742951,57
14.874,67.08313189562101,0.19580117086485962,0.4524683613933807,57
14.894,67.08232881459949,0.2563067280937091,0.43936613281732956,57
14.915,67.08405647912515,0.25294256950049826,0.41481176834410055,57
14.935,67.08823996563736,0.23981635744545138,0.41838843290842875,57
14.955,67.08850530861746,0.21916020639296505,0.43257084899881043,57
14.976,67.08971957071988,0.2011454954084009,0.372325976386116,57
14.996,67.09000267755498,0.209228356845669,0.4112506198194813,57
15.016,67.09020528323377,0.177926845425642,0.47665460082018596,57
15.037,67.08990290710024,0.13796769309659987,0.4573154740868638,57
15.057,67.08920676826953,0.18937052112425407,0.42915021483529064,57
15.077,67.08933247131124,0.23124650193590635,0.4833210830193316,57
15.097,67.08935966557947,0.21404317224399133,0.43811176017678355,57
15.117,67.08756430364997,0.1728998521740751,0.3705741845070205,57
15.138,67.08853278738933,0.2090626954821325,0.3289709853912872,57
15.158,67.08735982713881,0.1825699619584775,0.3703456339057138,57
15.178,67.08668687227747,0.17812523514281,0.4300643961949351,57
15.199,67.08684414970224,0.1564031881402684,0.37568014570133595,57
15.219,67.08643267893109,0.1429744545839003,0.39381322985421446,57
15.239,67.08534095035363,0.13277346273605992,0.3737749031892242,57
15.26,67.08498817178852,0.1746369356662483,0.37178593856421627,57
15.28,67.08553936075594,0.17243526698300787,0.40527108680269536,57
15.3,67.08707288948278,0.19880471399920133,0.4104433763027232,57
15.321,67.08606107183029,0.21047086260272022,0.40832379450019174,57
15.341,67.06411969128409,0.13502447669462403,0.5016856982549561,57
15.361,67.08616508930722,0.13561212300336078,0.5738912109839505,57
15.382,66.96007373494011,0.6647690129402489,0.7315846434425791,57
15.402,66.96961094280066,0.26341439299277714,0.441399049744866,57
15.422,66.96663201076505,-0.044020495998109484,0.7151702673771051,57
15.443,66.90794155364614,-0.017338607216272846,0.48593182783151484,57
15.463,66.80026914982948,-0.597651865845778,-0.45467871965082374,57
15.483,66.80429284731542,-0.7340381183854796,-0.02998694314012777,57
15.504,66.81666955458411,0.21176502938013247,0.23588555872834974,57
15.524,66.77528905742899,0.41284662609582096,1.5362353158721254,57
15.545,66.68381859280855,0.3106392861944226,2.483368448531957,57
15.566,66.67040700267253,-0.0811261889166149,2.387201860728505,57
15.586,66.62868040054194,-0.23939252110974096,2.00890625019599,57
15.606,66.671367049992,-0.3451207344512813,1.6897547901095895,57
15.627,66.5381384221505,0.5368070832443038,1.7134967597687096,57
15.647,66.44207006467377,1.0097650615496487,4.4885333881665295,57
15.668,66.36241550727232,1.257232090806047,3.99569263875111,57
15.688,66.30808151686028,1.616994035888416,4.367916632512859,57
15.708,66.26511059920148,1.1906655392891257,3.6387014088391805,57
15.728,66.17025093301544,0.18846204990190626,3.7932844661049705,57
15.749,65.82150689192775,2.419134797160725,3.333977924192241,57
15.769,65.68223450749058,1.2767372384381432,5.018579468953199,57
15.789,65.43047613125889,1.2897414560403406,5.370791429583459,57
15.81,65.4056805456013,-0.7230904267908922,6.13096590475901,57
15.83,65.23019902291902,-1.9402380486243471,6.17369749302304,57
15.851,65.05084519735841,-1.5895987286532562,7.1527868142991995,57
15.871,64.76670537765234,0.3717828728798544,8.375595263693166,57
15.891,64.6496531776403,1.9315701675331534,7.960076827481362,57
15.912,64.24961113795791,2.5480026279514285,6.926507987694454,57
15.932,63.78904106749872,3.458749195366787,5.349928765609864,57
15.952,63.37976085620142,1.529131184475805,5.544434349381093,57
15.973,63.07163313491004,-1.0371868123299317,5.362618868248256,57
15.993,62.602095107039204,-1.4036390646080197,5.656120428462337,57
16.013,62.07090944933784,0.22967592062944042,6.683279585369684,57
16.033,61.517064696063386,0.9839199308623242,5.266616316475502,57
16.054,60.99532171579554,0.4941344624747616,5.077835363912084,57
16.074,60.129500493346455,-0.05361854999052227,6.071771826399695,57
16.094,59.70748957563789,-0.9526375259088347,5.998746735155621,57
16.115,59.230171147229306,-1.430181799156493,7.839740568320661,57
16.135,58.58173519114841,-1.4749242240827216,7.891029945868132,57
16.155,57.97180021056663,-1.2816485744188402,9.39481842402255,57
16.176,57.075677859364234,-1.0738512697212361,7.978310813890985,57
16.196,56.08773425456654,-1.6750512592897264,5.410058056273101,57
16.217,55.96156304873419,-2.3294427488162617,5.300606253193613,57
16.237,55.77164529306479,-3.3098105502686397,5.416048000524233,57
16.257,55.40923874920041,-2.4447478864850374,6.414942165016043,57
16.278,54.92277183683688,-0.6380786449109327,6.210269519294287,57
16.298,54.729168540463675,0.17312220117845126,3.1484808133311195,57
16.319,54.85493404297456,-1.61417013418528,3.238270170642088,57
16.339,54.79968418576813,-1.9950522948663325,6.982389704866694,57
16.359,54.773355511549184,-1.8537716443585022,8.015985102383974,57
16.38,54.8016770228581,-1.028936485217953,7.235930538481742,57
16.4,55.00308100705145,-0.9533900570863038,8.30119171280811,57
16.42,54.94686523275326,-0.76542631657231,8.905508887267645,57
16.44,55.08434392106805,-0.7918606908001131,10.195417852558666,57
16.461,55.0367936828034,2.5498706661645962,10.911770556729946,57
16.481,55.22248219869747,0.7969467473602111,11.631332152733476,57
16.502,55.28508287266325,-0.5606094945817337,12.314337331321349,57
16.522,55.607064958964685,-1.354005630036994,13.405921705222239,57
16.542,55.77498484158108,-2.2733306211922324,13.78727557194066,57
16.563,56.54733643133298,-2.01531386103029,13.815418612725615,57
16.583,57.25164391284946,-1.7432296003755425,14.659667162617916,57
16.604,58.09096237533507,-3.3790739485508623,14.543631749856228,57
16.624,59.05150163694092,-3.1925551415085507,15.06462111693127,57
16.644,60.01528238581889,-4.708419460979295,14.600890294977605,57
16.665,60.995072292526885,-6.1627529607620835,16.255390000923533,57
16.685,61.789476384288754,-7.1960153478069016,15.606534920139364,57
16.705,62.54065235927922,-7.055994971779652,14.552841968280413,57
16.725,63.04621236155256,-6.387199795807723,16.275600891575856,57
16.745,63.428533744450334,-7.289363792100431,15.405262200792805,57
16.766,63.48437303377335,-8.45711848241961,16.41639966762651,57
16.786,63.373757858133104,-8.903450224185994,18.325029670306254,57
16.806,62.8776562795265,-10.195050612638347,18.747369938650856,57
16.827,62.19167255240882,-10.242790028123805,19.318265476893735,57
16.847,61.22225301123036,-10.811984074350033,18.884654495082795,57
16.868,59.92955073063059,-10.839281488106801,18.770430999048003,57
16.888,59.35344571780661,-10.765763754299082,18.68810855920517,57
16.909,56.980900059630585,-11.622432254560524,19.268180650526016,57
16.929,54.77589115831506,-13.71431458929544,21.132372448651353,57
16.949,52.366553509418736,-15.531382318009374,24.582098879307434,57
16.97,49.6427407973897,-16.68367064975033,26.81141614350596,57
16.99,46.81723620651973,-16.56973645887548,29.41917779886605,57
17.01,43.75834601121824,-16.36366353304957,27.00966652596947,57
17.03,38.061657023794396,-24.53574951354385,24.176443335413794,57
17.051,31.187673413009176,-25.99461629870146,14.94119728386511,57
17.071,19.082921570090548,-21.029393320908746,14.593089217592718,57
17.091,14.664058836217011,-18.392850371588793,7.758235939477264,57
17.112,-0.5131206443948031,-29.54001248301003,8.605152775226427,57
17.132,-15.198221429182013,-65.49991396531186,17.76579445018318,57
17.152,-33.65513688941792,-56.02287619632626,18.605981362331427,57
17.173,-49.048424560041894,-54.97208467145471,-3.516429084598056,57
17.193,-59.69865417780602,-107.57228985404174,-51.22846572147035,57
17.214,-71.63319952725215,-75.67578695771797,-34.86185567516333,57
17.234,-80.3423994254881,-27.25284873074794,-10.204792236450688,57
17.255,-89.65745490603513,-14.48343813641742,-2.5351608845441724,57
17.275,-98.49171853921507,-8.26046411671106,1.236700522472805,57
17.296,-106.02880033160545,-7.391441305678689,0.888998988219923,57
17.316,-113.46641778108096,-7.351183498303068,0.6769784316155293,57
17.336,-120.79187935231676,-7.764846321131548,-0.8009264003668843,57
17.356,-127.7741731920796,-6.235121350437887,-2.5184798331903404,57
17.377,-135.44788240191338,-4.477139337442478,-3.4712007151560926,57
17.397,-144.23165729210814,0.2374001734669857,-13.372726109668694,57
17.417,-149.99689042306636,76.66304583214568,-101.0829800455379,57
17.437,-155.82212234668623,37.48646469054857,-49.227405070597385,57
17.458,-162.76115473626487,20.863255137057884,-25.933039720651717,57
17.478,-169.97952022615573,12.198913422448042,-13.838904292302722,57
17.498,-177.83573390541642,7.578072081509722,-5.255894612203021,57
17.518,-185.57545591579037,5.625373272578292,0.32231914421227204,57
17.539,-193.37550437561364,4.373333623790697,0.74625142439276,57
17.559,-201.14155719858897,2.769234903455711,0.2953583357364107,57
17.58,-206.06279903667382,71.86263105950877,63.89809492631134,57
17.6,-209.29923383771893,44.49350544661152,32.41662127466391,57
17.621,-213.06009116442874,22.532258091684003,13.582562458650866,57
17.641,-214.91257605402458,14.061916956577283,9.339257331463582,57
17.662,-215.9731004925834,10.95285012524944,4.11586579857837,57
17.682,-218.80392411739558,-10.862574611212688,1.6705489820923995,57
17.702,-220.23880844542688,-12.131524925878889,-4.538974441769234,57
17.723,-221.76576465907053,-5.379830639795822,0.8782703639692233,57
17.743,-223.41540838426587,-2.804486271995143,0.42594704059666094,57
17.763,-224.90400435787882,-4.772061205146162,-3.2964949945745134,57
17.784,-224.50165150686686,1.7416823492084073,-1.9912095180970761,57
17.804,-224.43087896689272,-0.7304987476050686,0.3484947419550191,57
17.824,-224.25382708319592,-0.44054227834845766,1.904093254275847,57
17.845,-224.16570039709757,-0.31958214946962804,3.046668594638592,57
17.865,-224.14889302477613,0.9859777441942899,-0.077098118713714,57
17.885,-224.16797655190427,0.17991478232984237,0.5920408739135729,57
17.906,-224.15908627546352,0.5980823912929351,0.9508103397220087,57
17.926,-224.1644183155234,0.15286263764938937,0.710090111900862,54
17.946,-224.15657393611082,-0.0007610423066701468,0.28769814566333185,54
17.967,-224.1333985328647,0.0369729405941848,0.5148493110070135,54
17.987,-224.11491233020055,0.1687146681479649,0.750243727800051,54
18.007,-224.08569641436475,0.25027201722613457,1.0998167329992286,54
18.028,-224.0223816510747,-0.0351722594040849,0.6134512503678347,54
18.048,-224.032356437016,0.209614125875087,1.1832748748159052,54
18.068,-224.00435264237092,0.13276296233535684,0.7720891599950471,54
18.088,-224.0678750416928,0.4909000748291058,0.8286066201589135,54
18.109,-224.10713470020664,0.6165545926789993,1.5665620352847622,54
18.129,-224.09349423584118,0.4042655143049488,1.5884050881712337,54
18.149,-224.04926420600395,0.3605836653009491,1.6567596353987428,54
18.17,-224.04703142352722,0.012978510312760478,1.274080505238047,54
18.19,-224.05851089782468,0.36375737834016675,0.8186751912313069,54
18.211,-224.04868824923426,0.2100189217333128,0.5773602272218031,54
18.231,-224.05371448647495,0.062011413414021,0.2703806996003653,54
18.251,-224.05794561374415,0.3616637580012139,1.341094233360014,54
18.272,-224.1529142780808,0.4584650112427049,1.181466479986697,54
18.292,-224.1808403346589,0.8410887765422527,1.4065379732315562,54
18.313,-224.2611434399311,0.6999623649601208,1.8455641745064006,54
18.333,-224.54412369293613,1.0547177065062605,3.271343022276128,54
18.353,-224.77870689571472,1.5704927052588777,2.4639442705353773,54
18.373,-225.24552991064792,0.6591520215357926,2.379207412888558,54
18.393,-225.79223817489782,-0.43607568499192967,4.331283791739521,54
18.414,-226.5711430588746,0.7669837527125003,4.145008182500673,54
18.434,-227.49702721695047,-0.23323986066488553,3.239322598830458,54
18.455,-228.25017918529753,-0.8411851867470163,5.9706971466157475,54
18.475,-229.32004791148498,1.1274647860164353,6.009428307159071,54
18.495,-230.47866029591313,1.4488911835971485,7.311567467055092,54
18.516,-231.69424152397292,0.6119411041106183,4.793578470072974,54
18.536,-232.8059553992654,1.813987928662119,2.8330941508787233,54
18.556,-233.9565511905777,-0.27797149237191804,3.8525793624639353,54
18.576,-235.27928806396372,-0.9254060814617083,4.18458218701712,54
18.597,-236.60258644484128,-1.031823690104092,5.538862185883432,54
18.617,-237.85872639563343,-0.49413453333373736,7.660851888653518,54
18.638,-239.38026403861764,0.38915419557163017,7.043002009161311,54
18.658,-240.94077485435733,1.6229489475938426,5.0207921814005445,54
18.678,-242.28488405289605,1.3925703502172118,4.611204689603183,54
18.698,-243.77231849853084,-0.032320894499067214,3.632650520370118,54
18.719,-245.06526400664657,-0.05074830154565104,4.433299542092438,54
18.739,-246.70392681196168,-0.09512778848828705,2.3981005857172075,54
18.759,-248.2979229262648,-1.313188788665766,0.9171737148821151,54
18.78,-250.551473637902,-1.9614060723759257,0.8071520294570679,54
18.8,-252.04858026556138,-0.4095980602427882,9.764546516645513,54
18.82,-257.7473199565149,3.4224524621031844,17.419092650474926,54
18.84,-263.58004692132556,0.48582794526051737,22.156974939170283,54
18.86,-264.1395678645828,-6.077911959968787,14.128886849590966,54
18.881,-264.91053947811554,-7.613654176124616,4.646920675156965,54
18.901,-264.32571615076824,-8.116639074747813,3.0612114364680267,54
18.921,-264.84215288748334,-7.979575109700286,-3.7060897115380755,54
18.941,-265.8609213759201,-6.097419536881085,-1.7455836026075175,54
18.962,-266.36459288828706,-5.250469859512926,-0.6170224744008995,54
18.982,-266.11863484989414,-5.439867844982309,-0.5460957994575449,54
19.002,-266.008876164247,-1.7890292492952222,1.0083000134703377,54
19.022,-265.96725029060156,0.6936634804883409,1.5852772074361883,54
19.043,-266.02974485872227,0.6622031267174925,0.07229337728843252,54
19.063,-266.0071129023818,0.45559895941395534,1.217633180453375,54
19.084,-266.00799813668914,0.6989920821216898,0.28598009093506893,54
19.104,-266.00334187543586,-0.039014168286088134,-0.2101998372110367,54
19.124,-266.0189237002323,0.13130451772403742,0.00040136604852439447,54
19.145,-266.03300653063684,0.4761110665489774,0.6675221089779101,54
19.165,-265.9878590907157,0.06419762810830355,-0.2783628594669103,54
19.185,-266.02513978750494,0.10281437604757415,0.40098781372143555,54
19.206,-266.04664382768533,0.7632649864509196,0.7846890575166349,54
19.226,-266.04741134512835,0.4158064859797174,0.4973281386792832,54
19.246,-266.07231395653434,0.38326142288343734,0.12544024309807322,54
19.266,-266.09362401179305,0.51942058931932,-0.0795454023209693,54
19.286,-266.0890276499514,0.8539824184584658,0.8441828303131941,54
19.307,-266.0988184865087,0.8339023479935485,0.9424342183624215,54
19.327,-266.0945242695091,0.8553253091122761,0.9479267598747758,54
19.348,-266.0495478191112,0.9284206071139481,0.9592430824885823,54
19.368,-266.0588891675462,0.6795886106190421,0.8057901972235098,54
19.389,-266.05404700022194,0.5465053303762228,0.5746788015195153,54
19.409,-266.05441826325995,0.46237444863423977,0.232548229934667,54
19.43,-266.06428292349165,0.2388323123789512,0.2257284814503382,54
19.45,-266.07596229259,0.6872319960135238,0.4356103311969973,54
19.47,-266.12319790207243,0.7267861978989447,0.38197943859778655,54
19.491,-266.115801634068,0.4834898221564302,-0.01583352031636202,54
19.511,-266.1831236048423,0.8169247530449734,0.5687249604147946,54
19.531,-266.15285656245993,0.4212831924435702,0.5728336239961662,54
19.552,-266.1498986101321,0.4970022309802429,0.10666887257201327,54
19.572,-266.1839479391274,0.6545016514039627,-0.014389893683323145,54
19.593,-266.28243430438533,0.9261636030188533,0.25613818397088484,54
19.613,-266.42167745659026,1.1566173683679466,0.6207060727240066,54
19.633,-266.4859657241078,1.3119253805471252,0.2478903899295815,54
19.653,-266.58612708774666,1.1772485032919076,-0.057767827534946796,54
19.674,-266.46314288096494,0.6846220972434897,-0.4889445120900136,54
19.694,-266.3493683609529,0.4538983388848627,0.39593306777626996,54
19.715,-266.3873566283202,0.7865572668328704,0.36686104023976535,54
19.735,-266.45457733943437,0.21123357319927333,-0.11531306852603343,54
19.755,-266.3644302431948,0.38196063511201234,0.6536107228392223,54
19.776,-266.4903113310873,0.4311539064958895,-0.08059159179527638,54
19.796,-266.3799748243412,0.4653632419592528,0.3005593319622826,54
19.816,-266.4711236028644,-0.006995709622494527,0.295598157091206,54
19.836,-266.4302257327255,0.43061383536908554,0.01135638619602253,54
19.857,-266.37595555195,0.6523165305182367,0.3392831022943111,54
19.877,-266.41857697992083,0.263411487566922,0.20352479515881836,54
19.897,-266.4140978487573,0.06326047852205137,-0.03562160390119945,54
19.917,-266.4060561193602,0.2960643691355076,-0.29976216904976616,54
19.938,-266.39139119144426,0.5428367508114205,-0.28027006823415684,54
19.958,-266.40608773249386,0.5100740734335906,-0.013736942307418105,54
19.979,-266.39938500256596,0.47808733337757114,0.09929711153095176,54
19.999,-266.3944078946959,0.4280339590153548,0.09939766836686013,54
20.019,-266.4043554874,0.3851263139397544,0.1328187717221231,54
20.04,-266.4422083573693,0.3280372715371957,0.09395199405586344,54
20.06,-266.41846757083516,0.620206122980011,0.16844188922129033,54
20.08,-266.34570925110717,0.42850070895353676,0.2987473130747823,54
20.101,-266.3488914281159,0.13717917393294943,-0.10734963931429008,54
20.121,-266.4121832413528,0.4587420133513383,0.555766501360493,54
20.141,-266.5159763319813,0.5124695218028955,-0.1469761182067377,54
20.161,-266.3797890177959,-0.0043529796424537,0.3140608684388237,54
20.182,-266.3294239339947,-0.03500396597678815,0.213565766421997,54
20.202,-266.24789070872714,-0.18265243124056907,-0.16363045103347176,54
20.222,-266.2418408515515,0.3145449604976493,0.18979043053928304,54
20.242,-266.24353771992367,0.1463005572423041,0.41228306843321005,54
20.262,-266.28102626978955,0.3837472977839743,0.6525590515096825,54
20.283,-266.2287073347478,0.2656336907922379,0.32783380311512295,54
20.303,-266.2243698034141,0.18912912652718758,0.493027386754505,54
20.323,-266.2538006296584,0.5007415687251129,0.5040447131366659,54
20.344,-266.2503176512372,0.3399855361815848,0.46516389432806615,54
20.364,-266.2534930319733,0.4241832415370373,0.5057577324500434,54
20.385,-266.2719074495171,0.6123852601220423,0.36283179552490535,54
20.405,-266.31207246028833,0.5076022445323597,-0.09771517941007316,54
20.425,-266.25928428637155,0.3363733917064378,-0.276359321782997,54
20.446,-266.2715950414225,0.5283144786186655,-0.06715495888501119,54
20.466,-266.26624851962805,0.3845708197578186,-0.5303790842968142,54
20.486,-266.2647278204183,0.5028598644642303,-0.41150204688614966,54
20.507,-266.26100849744114,0.3497976634320553,-0.4538739671508467,54
20.527,-266.28571901407497,0.4838599932779261,-0.06023259498000515,54
20.548,-266.24773152891817,0.19483881888892304,0.5379952119508934,54
20.568,-266.27219888861157,0.29675633385570604,0.8111172927234527,54
20.589,-266.22633914920675,-0.05979107386210723,-0.18102276686888846,54
20.609,-266.29214574121335,0.43531113027065327,0.13816868618949776,54
20.629,-266.2465155225436,0.7151909961087914,0.543644771512452,54
20.649,-266.18574976643896,0.40580368128338024,0.1604701382171824,54
20.669,-266.2630133894044,0.4099370155515714,0.6116842976210417,54
20.69,-266.28301421197506,0.5033416724482895,0.14547930023112204,54
20.71,-266.1961783454107,0.35616411010629406,0.4241679870121758,54
20.73,-266.21263220637985,-0.025357944860465866,-0.6661280936907026,54
20.751,-266.19107570588966,0.23542719233175796,0.05699354297509252,54
20.771,-266.2206396406595,0.17434479061240948,0.3121912835675052,54
20.791,-266.24105333967907,-0.20369665947313262,-0.3562442071358987,54
20.812,-266.2153489789321,0.8486584284374797,0.8755435428668107,54
20.832,-266.23756099726114,0.11651668599844905,0.3273547353411091,54
20.852,-266.22493357923946,0.7464728113187823,1.108308519183288,54
20.873,-266.2479065775911,0.5306312295313185,0.9427560344556607,54
20.893,-266.2379410369064,-0.05261021165199867,0.3185459871236682,54
20.914,-266.2263904427712,0.8208212606283021,0.47335144506520116,54
20.934,-266.2204917685777,0.44201247135087535,0.14324926401794771,54
20.954,-266.1560777616302,-0.04651273866708232,0.354491205695519,54
20.975,-266.1948945867637,0.3328401463300867,0.12116286363065387,54
20.995,-266.15804541550744,0.36191662368063293,1.1259344006622136,54
21.015,-266.19503869010737,-0.28458100608295667,0.12297702417046391,54
21.035,-266.1458525308335,-0.5816730862232243,-0.18297899095251247,54
21.055,-266.12035709360305,0.10030542177252881,-0.12872929896390362,54
21.076,-266.13728252862654,0.026426961210549636,0.8123922388719519,54
21.096,-266.1877027745836,-0.29897707248775435,0.3008472820708683,54
21.116,-266.1425535630365,0.28156110406915646,1.1618683358715176,54
21.137,-266.19961812509644,0.07393131583221524,0.1580602965416396,54
21.157,-266.2170589064373,0.3840179611939486,0.17123114718880764,54
21.178,-266.1557121156305,0.7054456816471623,0.04498483974862332,54
21.198,-266.22679348175376,1.316309978827886,1.4924049558005155,54
21.218,-266.19694683327975,1.50742358791875,1.5527620399819895,54
21.238,-266.2155603825988,0.95988866639968,0.9191640270813474,54
21.259,-266.2203068497845,2.0456121087227452,1.482252353987264,54
21.279,-266.18937594929594,0.9768750924838873,0.5076558720879636,54
21.3,-266.2149585560486,0.45568902993820193,0.12276536863178368,54
21.32,-266.22849456315845,0.9787481635382115,-0.08316695145182855,54
21.34,-266.12953066395636,-0.0009580780640290697,-0.03281031035115205,54
21.361,-266.2013549249389,0.2098748657817738,1.6656079184061416,54
21.381,-266.19241899625206,-0.023288683252851976,2.159139577757167,54
21.402,-266.13130681816006,-0.4146580718464168,-0.34355081729815345,54
21.422,-266.12572570821806,-0.08455197341490099,1.263170403391027,54
21.442,-266.190182762256,0.12298590060017056,2.4503817861527017,54
21.463,-266.2933902124933,0.8389002349341673,3.210002693573185,54
21.483,-266.2211014805941,0.4819346967920602,2.3430785283598934,54
21.503,-266.14542558690806,0.9757658271311533,0.6198048751500923,54
21.524,-266.19302583038393,0.1473469990837523,-0.32543832054865973,54
21.544,-266.1509578963892,-0.040292918662755854,-0.6213580464557911,54
21.564,-266.22261141506306,0.9177179281403114,0.9953789917202996,54
21.585,-266.2742136496788,1.000536276091088,2.6953674122656888,54
21.605,-266.3328123666747,0.048589142310013364,2.0011087790350377,54
21.625,-266.2642755422951,-0.5659430708908644,1.5860225275509676,54
21.646,-266.24390009912025,-0.7922030225664801,2.141719285504799,54
21.666,-266.3667671597149,-0.05780069767875796,2.6375089690637386,54
21.686,-266.51354599424275,-0.12338375089663002,3.9096216273815116,54
21.707,-266.7422008027244,0.9701627578102269,3.751233335115973,54
21.727,-267.22022530547673,1.3866635740082918,3.57747713487355,54
21.748,-267.5720431251122,2.6068845315091855,4.032958202665095,54
21.768,-267.8296312061281,2.2802047283334232,4.684933599391778,54
21.788,-268.16442329463706,2.2408307943858086,4.881705239256203,54
21.809,-268.5734269433371,2.6167062758837023,5.845713826609189,54
21.829,-268.99524117074645,3.866679775520969,6.033774794489669,54
21.849,-269.41463464681846,4.0384061770107404,5.627689894694303,54
21.87,-269.7847812278207,3.7801633401967716,4.201296987007015,54
21.89,-270.0984440056879,3.46763557801292,5.295822021303917,54
21.91,-270.48932349476644,3.8321685832553376,5.805878536290468,54
21.931,-270.83521626105556,3.1710556728449255,7.00112913677347,54
21.951,-271.3284140304183,3.0267279923153847,5.473051876610609,54
21.971,-271.9483522196612,2.4000688507688346,5.981421369207051,54
21.992,-272.6193477983658,2.2463529013780192,6.681266950473466,54
22.012,-273.4479201675028,0.9812142837993467,5.8141889206407935,54
22.032,-274.2549765623232,-0.8291185625255748,3.813161655211308,54
22.052,-274.8419592672614,-1.8585328390710643,3.3949345141995573,54
22.073,-275.2107682712946,-2.107685470065613,4.134300181369866,54
22.093,-275.65177697004145,-0.8195522882717938,4.017441917000415,54
22.114,-275.8927890099364,0.1142497240373298,3.9312930086076174,54
22.134,-276.2146048727297,0.6371626498312009,5.5227818596145495,54
22.154,-276.6243512301601,0.7323552495186972,5.576446444250893,54
22.174,-276.9617444852763,0.893813669916208,4.189404061564674,54
22.195,-277.0559953492261,0.7890167931565379,1.7588583668404716,54
22.215,-276.7861915156727,1.1445160931587104,0.9424569077085807,54
22.236,-276.38226829891204,1.4200486995635786,0.5448010066996838,54
22.256,-275.7611130086288,1.258894553502816,0.6642297129249942,54
22.276,-274.8059412020811,1.9878626980992256,1.3857397921652066,54
22.296,-274.03498862443115,1.5029172661492494,1.6942766406440966,54
22.317,-273.2834845674287,2.0450310538743546,3.689852621788933,54
22.337,-272.99011687179785,2.054816805606652,3.2253229605624734,54
22.357,-272.0075728805613,1.6385304044513398,1.2663933399692464,54
22.378,-271.13625383816355,1.669250992251399,0.07629351186188019,54
22.398,-270.2981429554866,1.6403392917175006,-0.48719191556067304,54
22.418,-269.3729182185325,1.7338490243995832,-0.07444369308327163,54
22.438,-268.550123630288,1.8479862271807044,0.8454951585079769,54
22.458,-267.869427237074,1.8732528666962853,1.86488875709985,54
22.479,-267.32205306855303,1.7283385052068472,1.280893782227638,54
22.499,-266.68651738568406,1.6797736342122012,1.3150638061400604,54
22.519,-266.0819834884769,1.5966339072517657,0.6471556122326186,54
22.539,-265.52964767152304,1.491224375875692,0.7374295779777098,54
22.559,-265.01188009143976,2.179365197421492,1.027864018607496,54
22.58,-264.52865739927717,1.7438222414987563,1.0581840938280134,54
22.6,-264.0990596173028,1.4024963665433157,1.6362986907559125,54
22.621,-263.74454386812386,1.193071750355922,1.7815892284112378,54
22.641,-263.45659213033105,1.8031727536493667,1.8214534861192686,54
22.662,-263.2491879531635,1.4573238949614644,3.705285238390998,54
22.682,-263.0172002159918,0.9432804971944937,2.5047144283663716,54
22.702,-262.7670188488467,1.287883932116115,2.394216972969276,54
22.723,-262.48517612140387,0.9842506623935097,1.7234295802590374,54
22.743,-262.03307733032744,1.4840309156571907,2.1651333573862455,54
22.763,-261.69467900316096,1.5047719091308478,1.5253667711274714,54
22.784,-261.39303344821866,1.4054899416067272,1.3710368688946994,54
22.804,-261.1211797658605,1.6924983989076663,2.610769564098076,54
22.825,-260.9690751129072,2.272164894586676,2.338626427486239,54
22.845,-260.7531479080597,2.1523063686510273,2.7823865950181195,54
22.865,-260.56515197044564,1.7876189481369185,2.1163962369681113,54
22.886,-260.2977936527627,1.8002309565817176,1.787413719543397,54
22.906,-260.0717034782833,1.3516357797632053,3.138309148844526,54
22.926,-259.9405374375733,0.936030010659888,3.4540455387612043,54
22.947,-259.72627303459694,1.402955848564307,3.6674075955182706,54
22.967,-259.4519752677211,0.8266126428205285,3.162888482996573,54
22.987,-259.08011353118036,0.5023342326085667,3.8249865471854423,54
23.008,-258.7152350030637,0.4748090111719699,2.554658318360047,54
23.028,-258.4399422626597,0.8847355008528249,1.760917901946149,54
23.048,-258.172272179122,1.527341670468341,2.0235560046848575,54
23.069,-257.94790104794873,2.059891518930585,2.7110961226963703,54
23.089,-257.5805057809863,2.0744949384757376,1.9480804858080145,54
23.109,-257.2528647111455,2.007817497746224,2.1919111804199014,54
23.13,-257.053295329261,2.0428594490278678,2.2055166116525373,54
23.15,-256.81145372877234,2.383524555871414,3.2910781513013645,54
23.17,-256.59258546620765,2.806148260994235,3.086456692235828,54
23.19,-256.4648805615012,3.012710114617974,3.3043812887814434,54
23.21,-256.32036659458896,2.376660067065953,3.0126473188030487,54
23.231,-256.226939054737,2.348677424399759,3.1119686550387584,54
23.251,-256.14026937099044,3.1531450358222477,3.5113756159441465,54
23.271,-256.17735106384254,2.8964477981277277,3.459049616604345,54
23.291,-256.17767619924484,3.4156880550465263,3.499019099340278,54
23.312,-256.25712122874984,3.337282084408728,3.2423589746203048,54
23.332,-256.26394294032735,3.862662805257074,3.599921837318997,54
23.352,-256.30250798107477,3.4386222087605467,3.7551558631838335,54
23.373,-256.28100559619367,2.7666157872647945,2.6062265018781687,54
23.393,-256.09112896588846,2.8432823247632895,2.8283096044057916,54
23.413,-255.90351747747138,2.291083168724782,1.996680203015663,54
23.434,-255.71854593750518,2.2216533654055555,2.3043513940682376,54
23.454,-255.58928072712948,2.14297636340017,1.733411177725836,54
23.474,-255.45520035762405,2.604667539265508,3.876151582127931,54
23.494,-255.42166848746226,2.412031404564409,2.141436321861155,54
23.515,-255.3613012502647,1.5800802948355333,3.3657275180312767,54
23.535,-255.3371920527142,0.29747404202748023,3.6024992240929383,54
23.555,-255.37203353902632,0.3848039691675186,3.904929738384233,54
23.576,-255.36062936025488,0.11795180437843239,3.7980321861907407,54
23.596,-255.38034298937006,1.0600385850245113,3.7406181678004145,54
23.616,-255.5263377589573,1.9677023423853062,4.040199068863895,54
23.636,-255.74669603807902,1.3416543473184956,2.496297351387814,54
23.656,-255.86378085006746,1.9536903981842102,1.6850567724986918,54
23.677,-256.0069001598914,0.3161044274803774,3.307898117038985,54
23.697,-256.23417023067094,0.4347634010090965,2.9815662348324397,54
23.717,-256.5040285175561,1.875474822297995,4.069652975826742,54
23.738,-256.82170876565954,1.4750662029684363,4.270172307271129,54
23.758,-257.21659183011764,2.664818262908834,5.317883441165475,54
23.778,-257.60018826859107,1.9564548753078261,3.260212657521136,54
23.799,-258.0201923423343,1.932716055907795,3.345958871236024,54
23.819,-258.4018300818185,1.111242345776707,2.647691334584359,54
23.839,-258.6914605408047,1.2247910872004533,1.5472179708853193,54
23.86,-258.99009465294154,0.8364213363179016,1.3465936460174899,54
23.88,-259.2551646962316,0.4949252187143682,1.4072833499194866,54
23.9,-259.51455037841293,-0.3131781941692977,1.651202156921167,54
23.921,-259.7429146344221,-0.2088995875449929,2.6310991396235073,54
23.941,-259.92297707503883,-0.9431288588245665,2.557177762582956,54
23.962,-260.16394101393087,-0.9441172208022702,1.4565220806945414,54
23.982,-260.31217064086275,-0.6099910760960845,0.9347191125113148,54
24.002,-260.42918018468896,-0.20103113137849535,-0.8081931576271307,54
24.023,-260.4728771251218,-0.154812331561526,-2.0222684063248697,54
24.043,-260.4627036944514,0.4263688135001241,-1.550985000109452,54
24.063,-260.45724830588773,1.0272687460615677,-2.374556441567695,54
24.083,-260.3515998212892,1.5191800860024565,-0.4411799956299321,54
24.104,-260.2553081301446,1.9019540721546233,-0.4799704641196626,54
24.124,-260.20751183483515,2.471438085610105,-0.22611192667073815,54
24.144,-260.1549190286282,2.176001583587972,1.5261634238385406,54
24.165,-260.11785696096007,1.7323965258297043,0.8072720560479959,54
24.185,-260.02741415875,0.9972794912972235,1.8394997492602454,54
24.205,-259.98118282552525,-0.6309587873318792,0.8158780689090278,54
24.225,-259.8827497150129,-1.6706762997698656,1.8454981062665932,54
24.246,-259.93153702912025,-67.34265003835291,-29.284352391466893,54
24.266,-261.09740729749103,-26.29031085366454,-11.226941479654815,54
24.286,-262.0540843553878,-14.479247147448644,-11.545354204197922,54
24.306,-266.6359869348213,1.533181559536355,-7.764888730593233,54
24.327,-270.54381530167086,-1.7717806966230676,-5.9589817440365564,54
24.347,-274.3030788686788,7.78443061941305,-14.287018403508718,54
24.367,-278.3771651513285,8.498991266077697,-10.582981488393171,54
24.388,-281.6652527747407,6.075647584187317,-5.410357261092834,54
24.408,-285.97422023606265,27.804322055630216,-11.51515122268307,54
24.429,-290.9785196406279,17.512929778628898,-6.425246742160899,54
24.449,-295.69082531730015,7.39696577712616,-3.4865040639552993,54
24.47,-299.2679745785368,-1.9982255600978922,-4.945805042128328,54
24.49,-300.9755930218176,-0.6710912571434623,-6.362702572597388,54
24.51,-302.4485451983033,2.803911930921211,-7.585401573281099,54
24.531,-304.0128890089122,6.143219594930521,-8.763234376837486,54
24.551,-305.81767403475305,9.62049769500055,-10.138864535970738,54
24.571,-307.155020604479,10.055736863207153,-9.576462054621995,54
24.592,-308.5130418664735,8.226937335854956,-5.532339398033858,54
24.612,-307.2879145927832,-10.145119527977005,-2.430445177562362,54
24.632,-307.8353058287909,-9.702868094473986,-4.257354255362159,54
24.653,-308.83588978505276,-7.866053219811217,1.2056794213394497,54
24.673,-310.00471519540383,-7.043588465165334,2.7468637942395993,52
24.693,-310.8443983414151,-10.217141979258257,8.194280866085354,52
24.713,-307.25575883150003,-23.36485860974727,30.86787164869507,52
24.734,-303.85058346267095,0.8738807339649484,40.272152323593254,52
24.754,-304.7145807788008,11.329870988509672,19.059785078172375,52
24.774,-311.1172269829082,16.60937897412777,1.1813013935558165,52
24.795,-316.931046106915,12.066371766859264,14.623589856673522,52
24.815,-323.2717235183633,8.083496856041627,20.85131792354904,52
24.835,-329.01529870915385,3.396367534052187,13.98896249181525,52
24.856,-334.48160035188323,0.35546296762199725,13.273896626503118,52
24.876,-339.87530179949374,-2.818561155825107,12.42390476852589,52
24.897,-345.59739950075584,-6.048241996812404,11.911514845978516,52
24.917,-350.92717122860324,-8.927393342543075,10.789279762389555,53
24.937,-355.780656106476,-10.702161395368195,8.891802507864108,53
24.957,-360.73120937279293,-12.830436783179948,8.238553726900333,53
24.978,-365.8825483405568,-14.800635892478967,7.938639287537753,53
24.998,-370.2628219026562,-15.353406903526382,6.736437788666082,53
25.018,-377.41854868369836,174.75954540190807,-230.78834355473853,53
25.038,-381.52573200667825,103.27144193877655,-147.93634836769482,53
25.058,-384.91379870578083,41.78430991782948,-95.74601310339412,53
25.079,-385.57397094877575,14.26896599725011,-61.88538897372415,53
25.099,-385.6945681446427,13.899577059930175,-38.10923725866518,53
25.119,-386.15329459314916,8.560111532665463,-22.648488397220596,53
25.14,-388.29421485921443,-0.3603948127878554,-9.978515787180463,53
25.16,-390.3476614115632,-1.9135600031642432,-9.344212345547506,53
25.18,-391.63610113868776,5.970669150505681,-17.76518051959717,53
25.201,-387.43823767676145,83.51391666659079,-128.640583384816,53
25.221,-382.08086904262444,64.7916716096042,-60.42719303976431,53
25.242,-380.37384581741634,-86.95632119557214,-106.85113503874328,53
25.262,-380.38661948736694,-68.71340676085053,-65.3457920959956,53
25.282,-381.91981471289245,-33.56739948178783,-29.141223783239713,53
25.303,-383.97597523268695,-24.980278364392287,-15.62386416954095,53
25.323,-384.77833643138064,16.14496596168835,-84.20906346431117,53
25.343,-387.0483457929474,11.653664167068078,-43.808683894079415,53
25.363,-389.02959404314396,11.701937092162925,-16.548470558237987,53
25.384,-387.606460812394,9.929787542564378,-49.73283749680883,53
25.404,-386.49853542647327,0.5697189442283278,-22.893895001393187,53
25.424,-386.72864623396856,1.6569467765402772,-25.446887649732112,53
25.444,-385.52771625152,5.6471953107173665,-20.406786681052115,53
25.465,-384.52879543134407,8.544820760637995,5.198915284799983,53
25.485,-384.41183511349993,-17.373495035614283,30.118679797345017,53
25.506,-385.2844580194365,-3.6751154328413347,16.071189423758874,53
25.526,-385.71034827501495,14.546976568127938,5.6330052581645,53
25.547,-385.8014604454693,-5.229541192632336,14.169813632019546,53
25.567,-385.4093603969959,-1.939427315790937,5.823798720766435,53
25.587,-385.46574588390916,1.3598385848345356,1.9005738507075154,53
25.608,-385.5662746543198,0.6253471184476328,3.005285364940669,53
25.628,-385.6058969064166,1.4677586911517242,-0.09880674701397041,53
25.648,-385.58616495553656,0.7855733553593217,0.8995285119842908,53
25.669,-385.6074099280564,8.152925087990184,2.9273553970623336,53
25.689,-386.0040632956667,-1.2362358927030301,0.36468442291143593,53
25.709,-385.87306574587467,-0.7578004823806036,-0.44937326664212607,53
25.73,-385.9038655582251,1.6171408918809629,0.6020348144802655,53
25.75,-385.88600160289946,0.08431347859282375,-0.1706087815413646,53
25.77,-385.894274565639,0.39269012428894395,0.10584264272250098,53
25.791,-385.8876008928428,0.37849878193669234,0.44575896469283843,53
25.811,-385.88915679890493,0.23450970528168527,0.4331269906058372,53
25.831,-385.8872267403473,0.3988229268040667,0.3904188064811234,53
25.851,-385.88964677785174,0.37334662198360896,0.44781120104338484,53
25.872,-385.8817241748901,0.21620559567776745,0.45579854736196773,53
25.892,-385.88356319229945,0.3687885976132765,0.5374285905012619,53
25.913,-385.8816633031704,0.38518551902706644,0.4076938360024458,53
25.933,-385.8836851853037,0.47333394109110466,0.5004928948000613,53
25.954,-385.885536985443,0.4322177026947879,0.44147973332077406,53
25.974,-385.887728701188,0.5235387788789311,0.5004503253070833,53
25.994,-385.8904567057337,0.49375097971958753,0.41978223068169357,53
26.015,-385.8935267133595,0.521676242033693,0.36872871530849477,53
26.035,-385.8933517708119,0.5290075757840944,0.4004755505227466,53
26.055,-385.8969154957083,0.4837141466827493,0.4563828096839202,53
26.075,-385.89805763118864,0.46938176812121407,0.4380831664336541,53
26.095,-385.89767359979254,0.4333682300117248,0.39553035464567354,53
26.116,-385.89729441967563,0.44515683830615177,0.43021830198748146,53
26.136,-385.8941934336181,0.46069431013999773,0.44241387836483465,53
26.156,-385.8958799375762,0.4652746038300718,0.48011327065376425,53
26.177,-385.8950474117066,0.4353990840845462,0.4548680353892982,53
26.197,-385.8967296180222,0.43306641883796687,0.4682049528321224,53
26.217,-385.8997734377149,0.4828055324895494,0.4849729914593115,53
26.238,-385.89892000088014,0.48864025431913144,0.48680984308228104,53
26.258,-385.90019087025297,0.5083139146699762,0.4414994726278472,53
26.278,-385.94310920116345,4.693737788297117,1.4191588627246141,53
26.299,-386.0625298359844,1.313380237544309,0.21078088064261444,53
26.319,-386.0183641265327,-1.7133693309697633,0.20451215524526173,53
26.34,-385.99612998282646,-1.536839494547573,0.2976518574833521,53
26.36,-386.0034474951882,0.7864319153066824,0.28472952080942343,53
26.381,-386.01091906146667,1.0608235119977514,0.629474080032206,53
26.401,-386.0228719094058,0.7185662467140952,0.06266117685401985,53
26.421,-386.01281268875266,-1.3768718007058565,0.20671032069021156,53
26.441,-386.05721371582524,0.14970072407057045,-1.4038664530068838,53
26.462,-386.1613796334403,1.4401766268775744,-0.4484082834160596,53
26.482,-386.12938927484913,0.5461985014082755,1.694228209251677,53
26.502,-386.09953142388525,0.8138829021161749,1.1310601347418525,53
26.523,-386.2201324186064,-2.875108295680301,2.5709394742635054,53
26.543,-386.5772121936458,-2.4499190702277684,2.910296882323251,53
26.563,-386.84616736898863,-2.4575112538525237,2.0763160582751037,53
26.584,-387.74710865277274,-1.0467512392068836,-0.32465713078702824,53
26.604,-388.52620557044946,2.8178276813513907,1.1024705066327587,53
26.625,-388.80444693389035,3.7041469138795122,1.602945452262672,53
26.645,-389.4223077368153,-2.966543192001504,2.1954111860937497,53
26.666,-390.41037375304415,-0.3234538435186472,3.7654990577668084,53
26.686,-391.3142266696651,-1.1206325481349622,1.4440258977072666,54
26.707,-392.1997387406483,-0.42858921550367896,-2.3779938211800564,54
26.727,-392.72384605646783,1.2698915117163363,-1.3784932458050168,54
26.747,-393.02695233963067,4.668478049886888,-2.3661052074647753,54
26.768,-393.0724278140746,4.845943094303948,-1.0768051859546688,54
26.788,-393.13274746504294,1.8360460689708005,-1.583924459465419,54
26.808,-393.15689135963817,1.4772419196254867,-0.6923641519595127,54
26.829,-393.2117176802149,0.996642810869093,-0.355009070157109,54
26.849,-393.1984405669461,0.32856405859583554,-0.08567616805386416,54
26.869,-393.0587232163285,-0.7420409860694118,-0.6975389647030539,54
26.89,-392.69417102322683,0.4169685860886657,-0.6517947955513055,54
26.91,-392.2174587063737,-0.48171680854636334,-1.99666213771942,54
26.93,-391.173221852393,4.453073323644095,-3.9981606111562376,54
26.95,-390.2633809793542,-0.8839068812900526,0.34650451101124846,54
26.971,-389.6514590266308,-1.4319490387999805,4.75754806281226,54
26.992,-389.6326125609773,0.8230761841298947,5.2402653748137835,54
27.012,-389.88557425634707,4.694312571268089,4.585658356052372,54
27.032,-390.12321154905817,0.29036742928212583,5.836392435290999,54
27.053,-390.2083708603951,0.44681421050391856,3.5289627233828904,54
27.073,-390.41325402934274,0.914090345402739,4.447733008087859,54
27.093,-390.73838229005526,1.846738491003426,4.676766870109349,54
27.114,-390.90563819762576,0.6803188806998782,1.4463662401040123,54
27.134,-391.1382948810761,0.875195700400627,0.09875596204606336,54
27.154,-391.30653582974406,1.0388892499338052,2.065239681877577,54
27.174,-391.59958133436754,1.0570106580651604,2.363762996427755,54
27.195,-391.9228954222786,0.9939564421473212,1.6084720445289595,54
27.215,-392.1779409862352,0.6898786895487744,-0.2574887749776095,54
27.235,-392.3594933305365,-0.5316663594091907,1.75031307991129,54
27.255,-392.4768994743086,0.1176546316452589,3.337453104461246,54
27.275,-392.70574015904214,0.7969054318860045,3.614488795906921,54
27.296,-393.2754436985609,1.5610635290247001,4.499273407051814,54
27.316,-393.763748414571,0.7191108583327519,1.2118608248831828,54
27.336,-394.1209673330657,-0.20080744012116067,2.2444678876851047,54
27.357,-394.3619812952845,0.145555177673343,2.929119135882787,54
27.377,-394.64212428237926,1.1718619632517675,3.453396207904306,54
27.397,-394.9535192371302,0.38732514748761815,3.136870567041851,54
27.418,-395.1350564691122,-0.24424889864060947,2.9589867963422893,54
27.438,-395.3839866599226,0.6293113593236571,3.5683535618193014,54
27.458,-395.68412252761505,0.8267910133930267,4.178055396615654,54
27.478,-395.910649999282,-0.7630627040342108,2.503429098914376,54
27.499,-395.96002340569623,-1.5644732373311552,-0.08520354788508515,54
27.519,-395.9077850991555,0.12005150313168861,-0.3377361398619032,54
27.539,-395.8974584322319,0.380521448248296,0.625419139498507,54
27.559,-395.89042460238664,0.49255490058890466,1.333480125460478,54
27.58,-395.8000517657477,-0.2674290481342107,1.854018983206904,54
27.6,-395.6120572059658,0.2621566877497886,2.94311166288863,54
27.621,-395.6043212885775,2.1062736392536583,2.8758667917062763,54
27.641,-395.64260211937943,0.442459238812792,4.40173979163536,54
27.661,-395.4940812023903,-0.4623237005581628,2.8754126227271977,54
27.682,-395.29371654460004,-0.7017700568573474,3.0792675347688894,55
27.702,-395.05619622307216,-0.14419265346582386,2.7241717186156964,55
27.723,-394.60647426026753,-1.5896339882899597,2.006133595267242,55
27.743,-394.28242535486606,1.572408892666397,1.5972249649075168,55
27.764,-394.4048887063065,3.5383131412543065,1.9639089561127792,55
27.784,-394.47801451799097,-0.17129569691659333,1.8841603530869693,55
27.804,-394.4049506965745,-0.7407244617448819,0.47056483993335696,55
27.824,-394.3778358268802,2.3420278300050956,1.275544271978671,55
27.844,-394.37386835528844,2.2456648966120683,0.8197885917963477,55
27.864,-394.07428435968325,1.7094440079587598,-0.8963313030452374,55
27.885,-393.7426153590387,-1.1386326849376989,-0.8676759184401728,55
27.905,-393.66226650918617,-3.3217183362879688,1.529515301135499,55
27.925,-393.6708177986397,-3.308876837030505,0.32747343709118126,55
27.945,-393.5727026027992,-2.3898532824230094,0.262295919649155,55
27.966,-393.2237320645052,-0.7214650499378116,-1.212186028502333,55
27.986,-392.86419843583815,-0.4586430461203351,-0.2496403823839092,55
28.006,-392.5256096346455,-0.34594052691327015,0.08288505550303789,55
28.026,-392.4486634462708,2.235111573630367,2.9250799842703534,55
28.047,-392.4540080363735,0.9526590637700268,2.0912962710345444,55
28.067,-392.46291732517005,1.0228663813427912,1.14061786070306,55
28.087,-392.4592368085009,0.9478504025694506,1.1671322709782723,55
28.108,-392.42062900322065,2.7100152935974413,-0.10728202244607452,55
28.128,-392.43942850409456,-1.3159749905715887,0.942404786016689,55
28.149,-392.44548529472513,-0.5034228074252127,0.9050646530113411,55
28.169,-392.48633209896184,-0.020140654842725467,1.2563239175116223,55
28.189,-392.57434623703693,0.7037851337365731,1.0161792585999947,55
28.21,-392.64002962095805,0.8384264100043758,0.36876430068368166,55
28.23,-392.726753179471,0.1708393940669273,0.6712984123120461,55
28.25,-392.88420029422406,-0.21063332573641116,0.6346727627599206,55
28.271,-392.9010351599075,-0.26391354774011455,-0.3637822004371457,55
28.291,-392.86872357344197,-0.31757363982209763,-0.647301624146045,55
28.311,-392.8140611468028,0.26915679585193986,-0.2649395079120499,55
28.332,-392.79471353397287,0.4779696218500153,0.35710222082909665,55
28.352,-392.78323590949475,-0.5709748924952021,0.9445055185056629,55
28.372,-392.76490837987683,0.8175535841464561,0.8429632131313656,55
28.392,-392.71591208746645,1.6577680901539953,0.33193497238625375,55
28.413,-392.6080726694615,0.8733341973043272,-0.2906149854047343,55
28.433,-392.48483483282394,1.3446648506210346,0.7769515305624713,55
28.453,-392.41983301219057,1.6452079296406616,1.7765613193918885,55
28.474,-392.38078481231804,1.373457731877743,0.8479298660000888,55
28.494,-392.4013501557056,0.8910538042302847,1.661598698129373,55
28.514,-392.45967757345943,-1.2332894434765622,1.5297962125240339,55
28.535,-392.5427514764581,-2.277154630016595,0.20827367684524128,55
28.555,-392.4202641658368,-1.6549525286353794,-0.47842959646008804,55
28.576,-392.3283276711534,-0.27252258766388887,0.7247492908606188,55
28.596,-392.3141075093853,-2.1506409138087497,0.6490089280916478,55
28.616,-392.1590242266251,-0.8708058668898577,-0.15882506497839732,55
28.636,-392.2113303399691,-0.27236468089346916,3.0574087506961876,55
28.657,-392.59928144172943,1.5605906595344874,2.255480548051751,55
28.677,-392.6589675400967,-1.2227895792944923,-0.352625384906947,54
28.698,-392.6914340102063,-0.5479023334863178,0.09524870904868339,54
28.718,-392.71275200463316,-0.4895176908799533,0.40565017699033895,54
28.738,-392.72821553602796,-0.38321294310228315,0.30706842016644764,54
28.758,-392.7351378034773,-0.34853562826636086,0.4336162477806557,54
28.778,-392.748677084074,-0.09217180805415223,0.6216337832887289,54
28.799,-392.777584499606,-0.16656161592357635,0.6236528956793912,54
28.819,-392.8090833504176,-0.31542359609561593,0.6881243917267106,54
28.84,-392.8258301690425,-0.3728613139854266,0.3778937842176897,54
28.86,-392.83746242842824,0.0961586528404495,0.4933968410916098,54
28.88,-392.91715919415924,0.3443531941836528,0.8423610011792064,54
28.901,-392.9261206389829,-0.28061001090920634,0.2702980627039589,54
28.921,-393.0265010748255,0.5006885769607956,0.9939893883508241,54
28.942,-393.19004226790884,0.30416541928206114,0.9591763460944559,54
28.962,-393.3069020831619,-1.8962877527546584,0.12378729722629557,54
28.982,-393.2904976929978,-2.77256865480145,-0.37082765248606553,54
29.003,-393.25054804741166,-0.9620598437030059,-1.5707473381613855,54
29.023,-393.16300842190213,0.6615750859724977,0.17911967688563685,54
29.043,-393.14990580626693,0.7730460569739434,1.7904729004387139,54
29.063,-393.10421048517077,0.3940286822646227,1.1824596769997415,54
29.084,-393.06865773494707,-0.20430419097638697,1.1199036373859403,54
29.104,-393.0563845098614,-0.5908880468361533,1.331595621905296,54
29.125,-393.0730282028607,-0.9314258795499141,0.8930508276957873,54
29.145,-393.1237199606008,-1.4296625221538812,0.9752824016016007,54
29.165,-393.1679083807058,-1.5065118558878507,0.4659673565780289,55
29.186,-393.18720149132986,-0.7422610740535962,0.4260733953748231,55
29.206,-393.1900799767831,-0.246350265187768,1.0040993749673301,55
29.227,-393.2203972757656,-0.34296228979777427,1.11107256825727,55
29.247,-393.24569258880246,-0.8423206978679421,0.8445578660124003,55
29.267,-393.3030415819212,-0.8156218267782851,1.1654843732783344,55
29.287,-393.3791509136591,-3.0581180299623054,2.403410802702467,55
29.307,-393.4660722194187,-5.597476507373384,0.8798715966034574,55
29.328,-393.9546357945858,-7.154100766962183,-4.502892325571895,55
29.348,-395.49970170837173,-14.832376162006842,-2.691821823069038,55
29.368,-397.385933065187,-32.01672933250746,-0.3015605621012662,55
29.389,-400.1799552696978,-41.75630993473587,0.6873759186765119,55
29.409,-402.9434680635862,-42.77579714710759,4.886216512759723,55
29.43,-405.7140492217917,-43.53592072207935,9.237810600513656,54
29.45,-406.2226977564518,-41.9923329898292,8.089539080384304,54
29.47,-407.39566233053336,-41.498559680013855,7.473041953845036,54
29.49,-410.4891090935111,-38.52303642237401,9.081045113500227,54
29.51,-414.18146775513964,-34.85941563306785,10.421411922165271,54
29.531,-416.93893443898054,-23.995156290323614,12.002096255266471,54
29.551,-418.3353339000009,-14.571132475043475,5.922610894642903,54
29.571,-419.7710285881098,-11.381278652291485,3.3976533966635873,54
29.592,-422.32259577110966,-4.06863951275057,2.2577720601684113,54
29.612,-425.50670798708455,4.992462767452499,3.3600892485905027,54
29.632,-428.29600675187476,10.114147121135025,2.9449257490948852,54
29.652,-430.45487586910394,8.52100083946345,8.466025494603487,54
29.673,-432.8513831969053,15.549772801490716,15.65170802189511,55
29.693,-434.48188946405253,29.36516316663785,18.383270788093515,55
29.714,-435.76112427952694,38.59063207693592,18.43759117910997,55
29.734,-438.24007308935734,34.20984446016612,20.173325178057674,55
29.755,-441.1676025162965,31.537516060140153,24.63105428246151,55
29.775,-443.87329149367037,34.71855205914504,30.078324469612824,55
29.795,-444.3119523744716,41.189136119785594,31.707436755090068,55
29.816,-443.79978257487335,44.401229320533645,20.991532048774392,55
29.836,-443.1753391777437,36.72393210927124,15.909751892662712,55
29.856,-443.2686885563216,24.477004995488866,16.529223217592563,55
29.877,-443.1785225593721,3.200781210109703,25.71306401753722,55
29.897,-445.2149084045467,16.492767142549916,-7.219733146868559,55
29.917,-446.38492839793787,5.710062260521272,-11.319804337558708,55
29.938,-446.86421658388906,1.6968037359276147,-2.7881042732043677,55
29.958,-446.86656487359676,1.16573646821368,6.143237659063467,55
29.978,-446.85927426813424,1.6242716702318658,1.6699156810726226,55
29.999,-446.8605583911822,0.9141082844131313,1.2108560725165252,55
30.019,-446.85767197492794,0.6161393214438493,0.7234285768837269,55
30.039,-446.85753892711256,0.4540800418593919,0.52940724295683,55
30.059,-446.85768446416233,0.39248312134092217,0.4215110072218051,55
30.08,-446.8569101554311,0.31571120801624925,0.3513114111283028,55
30.1,-446.8564151769185,0.32091210427466543,0.3500147579749617,55
30.121,-446.8576209911877,0.354578516776531,0.33975832133141026,55
30.141,-446.8561264568303,0.3736053105465248,0.31787953281227976,55
30.161,-446.8575729236158,0.3687843254581552,0.2370756579463718,55
30.182,-446.85722331372585,0.34603282011913317,0.2670261120320277,55
30.202,-446.8577400687834,0.3337130493440965,0.31821023855697145,55
30.222,-446.85895639101074,0.279910635967391,0.3328767896874061,55
30.242,-446.8602543738845,0.27661649131875904,0.27788385911238866,55
30.263,-446.8610081173176,0.2522209971225815,0.3146860587455323,55
30.284,-446.8598822368542,0.27374059589441646,0.28545741922420337,55
30.304,-446.8617396133456,0.32213782257382073,0.31093714212065343,55
30.324,-446.85964251906347,0.32822950510271387,0.2608297951881959,55
30.345,-446.8592901894361,0.30535750424287306,0.22217482956635726,55
30.365,-446.85882523124343,0.2743830254946819,0.2506541380102737,55
30.385,-446.84723189275854,0.2901922626970357,0.3063260769289096,55
30.406,-446.855981148397,0.31331076654689294,0.17501630932491713,55
30.426,-446.8237271297322,0.3256381600428639,0.13789147885410627,55
30.446,-446.807627304542,0.3095829800560267,0.45993916706463334,55
30.466,-446.818382490987,0.31569059732882915,0.5455075649161957,55
30.486,-446.75964710660816,0.4754634619972721,0.5928675652952684,55
30.507,-446.70977149312563,0.5305469659352413,0.42677155502625763,55
30.528,-446.61488118814003,0.4422293600901155,0.09783387932734444,55
30.548,-446.5741092388577,0.40839688929744095,0.13958872557910143,55
30.568,-446.50839065741616,0.42941684145656167,0.42123021595280763,55
30.589,-446.46338076546397,0.24833380268024535,0.7418201688637487,55
30.609,-446.4737545332958,0.031447977800590374,1.3989074763212943,55
30.63,-446.4700158767853,0.5570798576512613,0.9430012768614424,55
30.65,-446.50398563134024,0.43435588996334196,1.1500882400740697,55
30.67,-446.4806653702261,0.63085708931411,0.9086591419585482,55
30.691,-446.4864996988031,0.5238538691881481,1.0234656097979054,55
30.711,-446.43443146055324,0.6490821849009835,0.6369985451191603,55
30.731,-446.52676148009516,0.460113576035226,0.5058145920477713,55
30.752,-446.5165155352739,0.4336459691297389,0.5724094522478282,55
30.772,-446.4661522519625,0.5051255619404055,0.7746908364853886,55
30.792,-446.50261182943876,0.6207529028369468,0.49140924837121747,55
30.813,-446.5495871218745,0.4349948368112415,0.589279011638439,55
30.833,-446.51298598792675,0.30160228393622807,0.9820651760955444,55
30.853,-446.475424252127,0.5232823184534044,0.8477218452797564,55
30.873,-446.5216554684102,0.561235953148805,0.4471006796042021,55
30.893,-446.53503928015965,0.45412962583190997,0.4721889771326255,55
30.914,-446.4894391609667,0.3415411917382974,0.5881342290546013,55
30.934,-446.4698785545871,0.5243923400680756,0.6014600520316287,55
30.955,-446.5082166972902,0.6144251472633427,0.22125749549119827,55
30.975,-446.48385685085185,0.45556066135449597,0.21367921056991326,55
30.996,-446.45521514390344,0.49462159799699135,0.7157951254705283,55
31.016,-446.4725891582293,0.6514095794476308,0.4849358336371306,55
31.036,-446.52168852871347,0.32642554739950075,0.25909453149400147,55
31.057,-446.4790954759695,0.5187137750159825,0.6799829077825893,55
31.077,-446.4620421024285,0.5890602797521646,0.33510816706588115,55
31.097,-446.4952993835639,0.32056611135919727,0.4026367183902122,55
31.118,-446.4987995664399,0.5478650418752089,0.5351863346173121,55
31.138,-446.4870533022554,0.441970347985376,0.5200503781512167,55
31.159,-446.49529256289605,0.3349781255370726,0.570927958628608,55
31.179,-446.49385086175187,0.3607700403309681,0.9013656432976747,55
31.199,-446.4917671074726,0.11241076866213823,0.6504015002665299,55
31.22,-446.48661713373957,0.38942573790022494,0.5903638109141951,55
31.24,-446.48975675640366,0.47895764454348866,0.4975333419405288,55
31.261,-446.49118589611015,0.4713689313685625,0.37591809423467537,55
31.281,-446.4909438787766,0.3492756330704516,0.24833572238890952,55
31.301,-446.4939578356714,0.40118634372469303,0.1823042473854391,55
31.321,-446.4944746786262,0.4639319356083982,0.3788066284978951,55
31.341,-446.4843996623813,0.4682368481366425,0.4229659195426101,55
31.362,-446.4909182586871,0.3472469383389536,0.4049353625382141,55
31.382,-446.48596646868015,0.4706559049197947,0.44058801808629294,55
31.402,-446.4967381507333,0.36343964470966855,0.3281812184466174,55
31.423,-446.47474981026625,0.41244820214676853,0.537519508249014,55
31.443,-446.48759953236726,0.5370975898967324,0.49940154556616106,55
31.463,-446.51853957398856,0.5441370681166662,0.26391445236557187,55
31.484,-446.5405606879345,0.5216743262702915,0.0069718544146140935,55
31.504,-446.55279327105416,0.5433022863406357,-0.043717633352558544,55
31.524,-446.56648816157656,0.5861772337060616,-0.19327212101597518,55
31.545,-446.59266165547757,0.7317639595937134,-0.25719893513420095,55
31.565,-446.6393911735562,0.8115493703583108,0.04224330844765848,55
31.585,-446.67600393702867,0.6036393894623446,0.46670631680452324,55
31.606,-446.629407241447,0.2935804011494954,0.39039183694005963,55
31.626,-446.585656504208,0.4911052840142877,0.12628448817473828,55
31.646,-446.66214468744835,0.4002376753143669,0.38248004110725403,55
31.667,-446.62295150825315,0.37757506538895463,0.229763804012592,55
31.687,-446.61789731476824,0.41887150538295526,0.35701667829387285,55
31.708,-446.6168647240473,0.3232613122652947,0.2760705288222586,55
31.728,-446.6668446888194,0.3327592940248366,0.3594784732602957,55
31.748,-446.633634221348,0.4372611445043628,0.2732102558424786,55
31.769,-446.6375663698335,0.3278208992141596,0.2745402020611035,55
31.789,-446.65674105559225,0.42021419710836333,0.3707812849476751,55
31.809,-446.64955007814575,0.45005667553386525,0.3264045831055586,55
31.83,-446.6424770006987,0.45290360291038345,0.3699790512030608,55
31.85,-446.6502461469692,0.4384883692711871,0.32082743081235116,55
31.87,-446.65668345848235,0.30388713697013153,0.27479809051755744,55
31.891,-446.65670299519695,0.3067419637235552,0.34702209131420747,55
31.911,-446.65779376247235,0.37038690465435214,0.41084813996934383,55
31.931,-446.65534399097413,0.4636051713854387,0.355024253081515,55
31.952,-446.6552945656475,0.4897249738751729,0.3829548979058417,55
31.972,-446.65675801732493,0.45595423964489895,0.351313007539185,55
31.993,-446.65748482522986,0.4524401611230675,0.29059364833433704,55
32.013,-446.65777659005033,0.3996244920570888,0.314713817844793,55
32.033,-446.6574529711962,0.40727467054019695,0.33352310198284235,55
32.054,-446.6579315775636,0.37681798458636145,0.3226955134652928,55
32.074,-446.6582087475108,0.3528075796265566,0.30396155306086914,55
32.094,-446.6583956815967,0.4102823342220372,0.2890733759358928,55
32.115,-446.65933817817546,0.41864743343633465,0.24768737611968503,55
32.135,-446.6607265132013,0.4549813042076451,0.27583860726759113,55
32.155,-446.662852579065,0.4560203561641332,0.3264745972689657,55
32.176,-446.66476119874824,0.44561812378938737,0.3263719161403729,55
32.196,-446.6614768867341,0.4744892273888799,0.2894331753760534,55
32.217,-446.6645942971007,0.44385447743858014,0.3344345433040112,55
32.237,-446.6646334414232,0.44647199709691754,0.3344146594504051,55
32.257,-446.66618151432374,0.43763209544076936,0.29186520892102663,55
32.278,-446.66408172861657,0.44839945174527884,0.34602919597108384,55
32.298,-446.66760672431855,0.4130605077850497,0.27579268993731865,55
32.318,-446.66620810302436,0.3943737977127274,0.2792221218908414,55
32.339,-446.66866241872356,0.3878074466306087,0.3002729625135664,55
32.359,-446.67383748428773,0.421048828167621,0.3171193991004175,55
32.379,-446.6723019290175,0.4169807094447491,0.3162950739776191,55
32.4,-446.673049236967,0.4000629342036906,0.36360923086905217,55
32.42,-446.6715239477252,0.39355498344429873,0.31736060157906554,55
32.441,-446.6697579191967,0.4283658939995157,0.316792466949658,55
32.461,-446.67045830803215,0.4186854918656524,0.3173901824719331,55
32.482,-446.6695217466955,0.4342939016155083,0.3334178062399554,55
32.502,-446.66780822962016,0.44959463355910717,0.3266133268057166,55
32.522,-446.6703096254365,0.4550258216530557,0.3024828238710439,55
