time (s),yaw,pitch,roll,battery,acc_x,acc_y,acc_z,gyro_roll,gyro_pitch,gyro_yaw,altitude (m),loop rate (Hz),target altitude (m)
0.0,-94.32116056610496,0.10198981098090795,0.4350730789089041,60,-0.0005779934581369162,0.008640313521027565,0.9990074634552002,-0.13527221977710724,-0.003286107210442424,-0.0021308413706719875,0.0043827915326253705,285.13283480625427,0.0
0.05,-94.31793079813376,0.07336056101045633,0.43958283325070174,60,-0.0007618658128194511,0.008134343661367893,0.9994226098060608,0.04320373386144638,0.12268135696649551,0.026497920975089073,0.0043717661285837634,285.13283480625427,0.0
0.101,-94.31502417855896,0.06758227435511427,0.4313559619086226,60,-0.002595596481114626,0.008002947084605694,0.9979858994483948,0.1709437221288681,-0.08870011568069458,0.057583440095186234,0.004770871304684566,285.13283480625427,0.0
0.151,-94.31284384893488,0.07332495851863431,0.41845790266402,60,-0.0013758130371570587,0.008327893912792206,0.9977543354034424,-0.0011044599814340472,0.08729778230190277,0.0003085546486545354,0.004481047227267427,285.13283480625427,0.0
0.202,-94.31240498941462,0.08322108236629581,0.43014460999153237,59,-0.004062284249812365,0.005377636291086674,1.0021615028381348,0.05958016216754913,0.10074659436941147,-0.09517382085323334,0.004040056314594715,285.13283480625427,0.0
0.252,-94.31185088710114,0.07870919014924406,0.44477250792715944,59,-0.0005093299550935626,0.010419435799121857,0.9978519082069397,-0.007798986043781042,0.0003041208256036043,-0.012151924893260002,0.003313745818988967,285.13283480625427,0.0
0.303,-94.31456577266408,0.1063325836697726,0.45589857940275336,59,-0.003747899318113923,0.007647433318197727,0.9956889748573303,0.28146371245384216,0.1066461056470871,-0.10712520033121109,0.0036434646720879386,239.26434683399887,0.0
0.353,-94.31182598418748,0.11808490790018951,0.4544929977899829,59,-0.0023906235583126545,0.00817358773201704,1.0002717971801758,0.1532030999660492,0.006930101662874222,0.006546752527356148,0.003925542771712425,239.26434683399887,0.0
0.403,-94.30895257470709,0.0932026024237383,0.468403134397049,59,-0.0005183267639949918,0.008848991245031357,1.0017452239990234,0.040088195353746414,-0.05968892574310303,-0.019434649497270584,0.003761753097709519,239.26434683399887,0.0
0.453,-94.30566999352624,0.11854143184837497,0.43706395173325124,59,-0.0027509783394634724,0.008773294277489185,0.9989359378814697,-0.10274239629507065,-0.03340843319892883,0.04412195086479187,0.003388708551054437,239.26434683399887,0.0
0.503,-94.30702442932727,0.11618140030642565,0.42407640381667167,59,-0.002104431390762329,0.007444741670042276,1.0005038976669312,0.014548499137163162,0.1657141000032425,0.03445422276854515,0.003091744137598344,239.26434683399887,0.0
0.554,-94.3079089204037,0.08747247226533947,0.41547496352965635,59,-0.0009905876358971,0.007056509610265493,0.9977222084999084,-0.09047506749629974,-0.11910223960876465,-0.0156539399176836,0.0028806048790615637,239.26434683399887,0.0
0.604,-94.30861448001278,0.07618196186184992,0.40062707959260896,59,-0.0005059228278696537,0.007895754650235176,0.9983103275299072,-0.11218422651290894,0.03875745087862015,-0.09696105122566223,0.0025752034202559944,239.26434683399887,0.0
0.654,-94.3088000383981,0.09883314124246506,0.4149589087848404,59,-0.0009169899276457727,0.008367392234504223,0.9990215301513672,0.11099696159362793,0.06501736491918564,0.0401846282184124,0.0023309295153766995,239.26434683399887,0.0
0.705,-94.3093637751443,0.09722867207162951,0.4420811317562249,60,-0.0018061839509755373,0.007491054479032755,0.9991407990455627,0.08052750676870346,0.13655351102352142,-0.07559213787317276,0.0026554312115860406,239.26434683399887,0.0
0.755,-94.3095965787807,0.09354843889499018,0.4529433098304738,60,-0.001982462825253606,0.007183991838246584,0.9980008602142334,-0.0815926343202591,0.02335774339735508,-0.06852500140666962,0.0027200031804161104,239.26434683399887,0.0
0.805,-94.31285505205375,0.06486197471363583,0.46701787078036594,60,0.0001983954425668344,0.008446232415735722,0.9998113512992859,-0.12365667521953583,-0.05928023159503937,-0.08481907844543457,0.003168689978411797,239.26434683399887,0.0
0.856,-94.31097530145888,0.07735501029896996,0.45079135338496684,60,-0.0016642332775518298,0.006937728729099035,0.9997219443321228,0.17060549557209015,-0.07913687825202942,0.22894860804080963,0.0037694824715559213,285.4821671658045,0.0
0.906,-94.30785011947762,0.0955429871655986,0.44582823165945656,60,-0.0027047765906900167,0.009325291961431503,0.9986636638641357,0.06437008082866669,0.008641031570732594,-0.09383885562419891,0.0045829284703687275,285.4821671658045,0.0
0.956,-94.30746090778727,0.11492179135060833,0.4437367758184207,59,-0.00196456303820014,0.010898260399699211,0.9969460964202881,-0.03480320796370506,0.1812422275543213,0.051782846450805664,0.005006799638385246,285.4821671658045,0.0
1.007,-94.30838389004845,0.11217600766593797,0.4234412237617648,59,-0.0021697538904845715,0.0056230719201266766,0.9982001781463623,-0.18206238746643066,-0.23648159205913544,-0.009654615074396133,0.005279671542839095,285.4821671658045,0.0
1.057,-94.31264486479965,0.09744953652827416,0.4241673970626762,59,-0.0016390973469242454,0.004974156618118286,0.9968577027320862,0.12129256874322891,0.05093447491526604,-0.3921121656894684,0.0053034039179011136,285.4821671658045,0.0
1.108,-94.31055170507535,0.10339820721880834,0.4629827088918392,59,-0.002427612664178014,0.009978880174458027,0.9994809031486511,-0.08380167186260223,-0.23780974745750427,0.010834356769919395,0.005782259759470619,285.4821671658045,0.0
1.158,-94.31059398650038,0.0875165240859269,0.45277006637338796,59,-0.0015367494197562337,0.007998797111213207,0.998505175113678,-0.1985260248184204,-0.042835209518671036,0.09925996512174606,0.006105162927361375,285.4821671658045,0.0
1.209,-94.31120863286202,0.09288605812028294,0.4331881191512821,59,-0.003121952060610056,0.006778491660952568,0.9971862435340881,0.07414441555738449,0.1135164424777031,-0.07968459278345108,0.005656877745519659,285.4821671658045,0.0
1.26,-94.31124958982538,0.09233485194761408,0.43426249474892176,59,-0.0023962289560586214,0.008271596394479275,0.9981862306594849,0.31733694672584534,-0.03220440447330475,0.028593961149454117,0.00474944625073903,285.4821671658045,0.0
1.31,-94.31127840558317,0.15357544825892647,0.4254381856351221,59,-0.004114624112844467,0.008886960335075855,0.9979876279830933,-0.09126671403646469,-0.1309584081172943,0.04546818882226944,0.004242131555492017,285.4821671658045,0.0
1.36,-94.31301987288704,0.15054074840079648,0.40283136214136855,59,-0.001385542913340032,0.0065508089028298855,0.9970557689666748,0.007275969721376896,0.16490484774112701,-0.008287039585411549,0.003535510446108738,290.6252771618625,0.0
1.411,-94.31132822606124,0.1321828879043527,0.4129470630695291,59,0.0004576962674036622,0.00780814653262496,0.9994038343429565,-0.18741215765476227,-0.11174272745847702,0.08155507594347,0.0031199410080081837,290.6252771618625,0.0
1.461,-94.30850812785621,0.12506531866233467,0.43130196350240674,59,-0.002323110355064273,0.008429482579231262,0.9992682933807373,-0.2066543996334076,-0.15330679714679718,0.040178824216127396,0.002939815984647605,290.6252771618625,0.0
1.511,-94.30862531950056,0.11455364288798904,0.4556556890035144,59,-0.0021885698661208153,0.007357676047831774,0.9996316432952881,-0.2186892181634903,-0.031124254688620567,-0.0881044939160347,0.0028137504248476383,290.6252771618625,0.0
1.561,-94.30785058249324,0.10253940627452562,0.429215000639045,59,-0.0021611691918224096,0.005258332937955856,0.9977546334266663,-0.22323553264141083,-0.04565124958753586,-0.14201019704341888,0.0023224677544927833,290.6252771618625,0.0
1.611,-94.3092410182076,0.11331078528991649,0.45095609538414,59,-0.0028475774452090263,0.007688678801059723,0.9974894523620605,-0.2351602017879486,-0.11123248934745789,-0.005861508194357157,0.002117508837415196,290.6252771618625,0.0
1.662,-94.30743224249073,0.11320340886354702,0.444387078361174,59,-6.696817581541836e-05,0.007467244286090136,0.9971461892127991,-0.15151347219944,-0.009783493354916573,0.1231364980340004,0.0019441735000684185,290.6252771618625,0.0
1.712,-94.30643188280558,0.09906946124526325,0.44289011771636144,60,-0.002457585884258151,0.007333995774388313,0.9957170486450195,-0.2927401065826416,0.03497527539730072,0.007989877834916115,0.0016989075525803991,290.6252771618625,0.0
1.762,-94.30686608788231,0.09172591664643626,0.4086767414359466,60,-0.0008897517691366374,0.004646678455173969,0.9992275834083557,0.046452365815639496,-0.008529025129973888,-0.07592792809009552,0.0013807094207658487,290.6252771618625,0.0
1.813,-94.30086842478879,0.10056310939449462,0.43845439860526697,60,-0.0016603997210040689,0.008620181120932102,0.9978070259094238,0.028996147215366364,0.10058913379907608,0.33204105496406555,0.001246373614766685,290.6252771618625,0.0
1.863,-94.29795534521242,0.11491373638850634,0.4539233546745215,60,-0.0031977728940546513,0.008421859703958035,0.9964343309402466,-0.054885584861040115,0.10236227512359619,0.11129000037908554,0.0010188235588764762,290.6252771618625,0.0
1.913,-94.29710852742777,0.10422068777737767,0.4614195135007757,60,-0.0006642372463829815,0.007410169113427401,0.9997302889823914,0.03178689256310463,-0.22140435874462128,-0.023399649187922478,0.0008925410584090705,283.0355624536069,0.0
1.965,-94.29725046715987,0.09987903855477855,0.46129248673223716,59,-0.0032231323421001434,0.0060868822038173676,1.0003373622894287,-0.17521588504314423,-0.05932643264532089,-0.1956121325492859,0.000730694103043444,283.0355624536069,0.0
2.015,-94.29779127208766,0.09432324726718573,0.4660147266484131,59,-0.002295837039127946,0.009486605413258076,0.9988539218902588,-0.1251644492149353,-0.2028912901878357,0.058329854160547256,0.0006399807013682255,283.0355624536069,0.0
2.066,-94.29817865643322,0.09027472782123167,0.46590867137390435,59,-0.0013860506005585194,0.008110585622489452,1.0003517866134644,-0.12318399548530579,-0.06828615069389343,0.1878168135881424,0.0005187591520949768,283.0355624536069,0.0
2.116,-94.29499752634223,0.08305984637794596,0.4503387605650664,59,-0.0019505026284605265,0.008621539920568466,0.9978353381156921,-0.2580445408821106,-0.17925335466861725,-0.19570495188236237,0.0004533519168840369,283.0355624536069,0.0
2.166,-94.29364463374662,0.12008907830646315,0.44745478471550654,59,-0.0015707970596849918,0.007397662848234177,0.9986776113510132,-0.020301612094044685,-0.11390232294797897,0.09590787440538406,0.000367666745212157,283.0355624536069,0.0
2.217,-94.295573589717,0.11402562538670627,0.4387001928937637,60,-0.0022558989003300667,0.008094539865851402,0.9994513392448425,0.03904620558023453,-0.03724746033549309,0.0737190991640091,0.00032042635407464895,283.0355624536069,0.0
2.267,-94.29472287839943,0.10097265043387074,0.43856186246896955,60,-0.002351999981328845,0.008210662752389908,0.9983574748039246,-0.004702376667410135,0.13586615025997162,-0.1510101705789566,0.00026199965064357565,283.0355624536069,0.0
2.317,-94.29456880668614,0.11115569537143949,0.44605345904888605,60,-0.004117641132324934,0.007363469805568457,1.0011541843414307,-0.2350284457206726,-0.04997362941503525,-0.145665243268013,0.00022869796826864466,283.0355624536069,0.0
2.368,-94.29594331288655,0.10278435279049453,0.40336861815987674,60,-0.0004552013415377587,0.005170912016183138,0.9975607991218567,-0.059773582965135574,-0.09457452595233917,0.12671077251434326,0.0001835538216933436,283.0355624536069,0.0
2.418,-94.29492026802245,0.0852861575987821,0.3890850499642146,59,-0.001788342371582985,0.007004033774137497,0.9997394680976868,-0.2367711216211319,-0.022345682606101036,0.11734287440776825,0.0001580770236612969,283.9168753807622,0.0
2.468,-94.29180455237287,0.10456985729006862,0.43353286413817205,59,-0.0026283764746040106,0.00897733774036169,0.9991646409034729,0.01954776793718338,-0.17690248787403107,0.0671674981713295,0.00037887931596663663,283.9168753807622,0.0
2.519,-94.28905921177552,0.09573125058466159,0.4338915487101292,59,-0.0023232614621520042,0.008200458250939846,0.9996122717857361,-0.06040196493268013,-0.19441808760166168,-0.04755750671029091,0.00032560975668502115,283.9168753807622,0.0
2.569,-94.2884560460449,0.08708908770171796,0.45118567915876756,59,-0.0008243061020039022,0.008168410509824753,0.9992058873176575,-0.16858187317848206,0.02735952101647854,-0.11327068507671356,0.0009792842891099079,283.9168753807622,0.0
2.619,-94.28676974661681,0.10191458963414461,0.39388204263023946,59,-0.0031420805025845766,0.005454841069877148,0.9978241324424744,0.1400982141494751,-0.006507081910967827,-0.04645556956529617,0.0015282696679644054,283.9168753807622,0.0
2.669,-94.28387669390544,0.08904599068317884,0.4247134624568522,59,-0.0003682164824567735,0.007259890902787447,0.9969847202301025,-0.03686308488249779,-0.08320901542901993,0.30818918347358704,0.001317957117955342,283.9168753807622,0.0
2.72,-94.28469876260829,0.09278669107219756,0.4138563479376149,59,-0.002289386233314872,0.006422196514904499,0.9982166886329651,0.1677718162536621,-0.20121806859970093,-0.03486635908484459,0.001361810673053705,283.9168753807622,0.0
2.77,-94.28367277104361,0.09927633949967414,0.4393674985606108,59,-0.0011290175607427955,0.007483392022550106,0.999378502368927,0.05711621046066284,0.041065704077482224,0.2081562727689743,0.0016061410351811017,283.9168753807622,0.0
2.821,-94.28352515477366,0.0840293515236915,0.438063181311832,59,0.0003177593753207475,0.007500252686440945,0.9976397156715393,0.08267494291067123,-0.19049888849258423,0.048764996230602264,0.0018035784572681733,283.9168753807622,0.0
2.871,-94.28412721655059,0.08383366773042535,0.41947712110667734,59,-0.0015390849439427257,0.008774902671575546,0.9980766177177429,0.024722851812839508,0.025018539279699326,-0.041033126413822174,0.0021616288514939175,283.9168753807622,0.0
2.922,-94.28160016982102,0.1038317153190636,0.4179703991061641,59,-0.0021383974235504866,0.006284800823777914,0.9949114918708801,-0.12296385318040848,0.010701254941523075,0.12220170348882675,0.002043907180984549,283.9168753807622,0.0
2.972,-94.27792026594696,0.08438745492214085,0.4082655408411824,59,-0.0011723649222403765,0.007045750040560961,0.9979554414749146,-0.12805698812007904,-0.190134197473526,0.263985276222229,0.002124548101848896,281.9131603710176,0.0
3.022,-94.27914301204284,0.08176636683415096,0.3855674454353391,59,-0.0008876148494891822,0.005849938839673996,0.9975794553756714,-0.19514138996601105,-0.06032063066959381,-0.09298466891050339,0.002384403372417185,281.9131603710176,0.0
3.072,-94.2773318126202,0.06759809330214671,0.4120145631604942,59,-0.0007922950899228454,0.005953263491392136,1.000239610671997,-0.10918405652046204,-0.012867300771176815,0.0009256473858840764,0.0033121405269171946,281.9131603710176,0.0
3.123,-94.27679979499624,0.07872877866359934,0.4177559489617667,59,-0.0034878626465797424,0.00695002032443881,0.9970161318778992,-0.08531215041875839,0.03157329186797142,0.048066385090351105,0.004323916581068624,281.9131603710176,0.0
3.173,-94.27266496226234,0.10033445376436381,0.42477983579784107,59,-0.00209261872805655,0.008559913374483585,0.9997401237487793,0.06187254190444946,-0.09382366389036179,0.1161283478140831,0.004957736355322176,281.9131603710176,0.0
3.224,-94.27029942213883,0.08890806953974416,0.436126191963477,59,-6.633991142734885e-05,0.006751543842256069,0.9999464750289917,-0.16860350966453552,-0.048393841832876205,-0.0277008768171072,0.005664611689266919,281.9131603710176,0.0
3.274,-94.27084304798063,0.09407626606034963,0.4141575609758806,59,-0.001486357068642974,0.007740913424640894,0.9979239106178284,-0.17427176237106323,0.18144983053207397,-0.2410145103931427,0.005354145822198324,281.9131603710176,0.0
3.324,-94.26995121872662,0.10031728777120813,0.44920095940045157,59,-0.0008461743127554655,0.008772633038461208,0.9977710247039795,-0.13042956590652466,-0.0897144228219986,-0.0987648069858551,0.004413670595673373,281.9131603710176,0.0
3.374,-94.27319985501757,0.0702446960099947,0.454426960987614,59,-0.0021048830822110176,0.009914625436067581,0.997723400592804,-0.46845051646232605,0.14869725704193115,-0.1557118445634842,0.004612436891405793,281.9131603710176,0.0
3.425,-94.26935162929769,0.07957155902341172,0.4397148787843435,60,-0.001356403692625463,0.0077483332715928555,0.9983843564987183,-0.12671953439712524,-0.09499672800302505,0.02716493047773838,0.004904091295729941,281.9131603710176,0.0
3.475,-94.27026758597846,0.06081876510840981,0.4672564185580625,60,-0.0006051700911484659,0.007318828720599413,0.9998146891593933,-0.06580768525600433,-0.014984247274696827,0.0806335061788559,0.0045813704638925,281.9131603710176,0.0
3.525,-94.26882107080834,0.06441449347022135,0.46085469755009095,60,8.662574691697955e-05,0.008193515241146088,0.9965294003486633,-0.25215354561805725,0.23977474868297577,-0.01814265176653862,0.0047376358206631195,284.0707077548256,0.0
3.576,-94.2669126351192,0.06329569986124264,0.45077549103663905,60,-0.0008501537377014756,0.007234795019030571,0.9981308579444885,-0.06442917138338089,-0.018216611817479134,0.04464346542954445,0.004861662487956826,284.0707077548256,0.0
3.626,-94.26323485396732,0.06752589866608415,0.42775337525559814,60,-0.001723465509712696,0.005424475762993097,0.9973084330558777,-0.08264298737049103,0.11179521679878235,0.13207072019577026,0.0038373071115350424,284.0707077548256,0.0
3.676,-94.26144608101933,0.07584261981595534,0.4174266100243501,59,-0.0011815192410722375,0.007310403045266867,0.9972999095916748,-0.27443528175354004,-0.016727687790989876,0.02515493705868721,0.0032910211839991426,284.0707077548256,0.0
3.727,-94.26061010711649,0.0906508098842078,0.41628222376770424,59,-0.0014762289356440306,0.006716784555464983,0.996609628200531,0.18347160518169403,-0.008889161981642246,0.10281941294670105,0.0026308613524820956,284.0707077548256,0.0
3.778,-94.26359923361844,0.09169587232903269,0.4197657411728791,59,-0.002333556767553091,0.007283036597073078,0.9986605048179626,0.045120418071746826,0.04677477851510048,-0.10856813937425613,0.0022580330882367187,284.0707077548256,0.0
3.829,-94.26420303068409,0.08266843134263413,0.42928477863113707,59,-0.0015718706417828798,0.005446083843708038,0.9991538524627686,-0.0036679424811154604,-0.09350661188364029,-0.031967490911483765,0.0018063709403277296,284.0707077548256,0.0
3.879,-94.26369405669287,0.09188758669782082,0.43139943938009373,59,-0.00028212484903633595,0.008886122144758701,0.9978326559066772,-0.2169492244720459,-0.060128528624773026,0.05391917750239372,0.0014604656624948793,284.0707077548256,0.0
3.93,-94.2618897107462,0.10793914904584954,0.40386460706123856,59,-0.0028786559123545885,0.00895786378532648,0.9988616704940796,0.015566940419375896,0.05683087185025215,0.0003489037335384637,0.0012689062369301374,284.0707077548256,0.0
3.98,-94.26165812015871,0.10317597866528408,0.42876170630600885,59,0.0008376421756111085,0.0074416412971913815,0.9985533952713013,-0.04600530490279198,0.12431291490793228,0.20956653356552124,0.0010022713418280042,284.0707077548256,0.0
4.031,-94.25827371767103,0.10537905349908104,0.44408548108459434,59,-0.00243607209995389,0.008000246249139309,1.0005677938461304,0.0035854389425367117,0.03750467672944069,0.11436919122934341,0.0008520760319079647,279.0250133049494,0.0
4.081,-94.25717655260293,0.06861977855305901,0.414869693064762,59,0.0006341757252812386,0.007619762327522039,0.9994567036628723,-0.1554425209760666,0.0885988175868988,-0.10072069615125656,0.0006620500090812729,279.0250133049494,0.0
4.131,-94.25725250702185,0.07047236150343415,0.4418757559714669,59,-0.001652486971579492,0.007292185910046101,0.9982292056083679,0.07824728637933731,0.07185211777687073,0.11926694959402084,0.0005618912912416165,279.0250133049494,0.0
4.181,-94.25703968994206,0.10393535323749722,0.4095139527445983,59,-0.002039786661043763,0.005576592870056629,0.9957254528999329,0.005968492012470961,-0.011435914784669876,-0.19101504981517792,0.0004409866952585181,279.0250133049494,0.0
4.231,-94.25939347532307,0.09397027552896826,0.39851989331703136,59,-0.0021346104331314564,0.008365686051547527,1.000888466835022,-0.24896802008152008,-0.19068993628025055,-0.12068036198616028,0.0003759032152635378,279.0250133049494,0.0
4.282,-94.25938095578998,0.09784389601210354,0.39967738817166587,59,-0.0008198458235710859,0.0062452321872115135,0.9980350136756897,0.002236445900052786,0.10134110599756241,-0.23155668377876282,0.00029871834120588246,279.0250133049494,0.0
4.332,-94.2603884008662,0.09229607433674965,0.4188179431796144,59,-0.0011277365265414119,0.008617573417723179,0.9987353682518005,-0.18444857001304626,0.14616051316261292,0.059110552072525024,0.00025542833205359684,279.0250133049494,0.0
4.383,-94.25969912274304,0.0909831754626227,0.4428235035496255,59,-0.0004286130133550614,0.00811512116342783,0.9983199834823608,0.10725254565477371,0.17932850122451782,0.11238449066877365,0.00019659132604199934,279.0250133049494,0.0
4.433,-94.25810909579214,0.10067003445299243,0.42740087587274395,59,-0.0016290146159008145,0.00825021043419838,1.0014184713363647,-0.02001304365694523,0.02876771055161953,0.21505321562290192,0.00016322572393133035,279.0250133049494,0.0
4.484,-94.25442711917857,0.1144141098431538,0.45722060848396373,59,-0.002405470237135887,0.007764984853565693,0.9998103380203247,-0.2058466225862503,-0.17917951941490173,0.21804480254650116,0.00012359038516517902,279.0250133049494,0.0
4.534,-94.25556006283564,0.07546416673769284,0.4376902180191796,59,0.00030099443392828107,0.008348916657269001,0.9993149042129517,-0.1316359043121338,0.07336613535881042,0.2162085473537445,0.0001046646642002133,279.0250133049494,0.0
4.584,-94.2510561854538,0.02767381585838354,0.43229392362966496,59,0.0026791661512106657,0.007719473913311958,1.0008527040481567,-0.04601414129137993,0.12759028375148773,-0.11020449548959732,8.229383286200959e-05,283.2840740240443,0.0
4.634,-94.24826177152529,0.01963358277878299,0.4300597117348113,59,-0.00010896959429373965,0.008610855787992477,1.0028879642486572,-0.023541951552033424,-0.018127385526895523,0.1532132774591446,7.020106363515648e-05,283.2840740240443,0.0
4.685,-94.24493844285095,0.033582922101628256,0.43952351460394984,59,-0.0018604876240715384,0.007055046036839485,1.0003025531768799,-0.02296280302107334,-0.07940540462732315,0.12054289132356644,5.5414829661036455e-05,283.2840740240443,0.0
4.735,-94.24594367214864,0.08527041818189321,0.3916780781278204,59,-0.0027707682456821203,0.006695824209600687,0.9998928904533386,0.2157689481973648,-0.1555536687374115,-0.0838632881641388,4.804213319304607e-05,283.2840740240443,0.0
4.785,-94.2455311735923,0.09125472479682956,0.3881352255225855,59,-0.003440593834966421,0.00774234626442194,1.0004045963287354,-0.08306506276130676,0.12245912104845047,0.018634062260389328,3.865164521399287e-05,283.2840740240443,0.0
4.836,-94.24182597456914,0.12069186228647201,0.38406056697475105,59,-0.0049233390018343925,0.00583267817273736,0.9963051080703735,-0.13319197297096252,-0.031994063407182693,-0.06317887455224991,3.3139715253563546e-05,283.2840740240443,0.0
4.886,-94.24351725466173,0.11624127346646708,0.43103104706792733,59,-0.0020341037306934595,0.008358142338693142,0.995818018913269,-0.04680534452199936,-0.037315212190151215,0.09822344034910202,2.6216185366650124e-05,283.2840740240443,0.0
4.936,-94.24217258683942,0.14551458893945596,0.41505744979759057,59,-0.003161198226734996,0.006654974073171616,0.9979668259620667,-0.07049520313739777,-0.04045368731021881,0.15637065470218658,2.082490216647827e-05,283.2840740240443,0.0
4.987,-94.24105746163555,0.1439720447432979,0.4172564633604257,59,-0.00262260134331882,0.006988552864640951,1.0009745359420776,-0.13089001178741455,-0.10842867195606232,0.13089866936206818,1.7993794336841914e-05,283.2840740240443,0.0
5.037,-94.24243476189747,0.13266651777233412,0.3755103069331635,59,-0.0027049134951084852,0.004474829416722059,0.9976506233215332,0.12372980266809464,-0.08153317123651505,-0.03556552156805992,1.4587741812891592e-05,283.2840740240443,0.0
5.088,-94.24419209378507,0.10236447612369842,0.3698093097301405,59,-0.002321426058188081,0.007668669335544109,0.9984821081161499,0.09426619857549667,-0.18088138103485107,-0.11389457434415817,1.2666857342529547e-05,289.46197377501727,0.0
5.138,-94.24303226538595,0.10305501600610334,0.42874010526259504,59,-0.0014138597762212157,0.007861500605940819,0.9986831545829773,0.2518419027328491,-0.053790654987096786,0.0836380124092102,1.0355555159305579e-05,289.46197377501727,0.0
5.189,-94.24208706083262,0.10404510365496715,0.442203966141573,59,-0.002147201681509614,0.0070134433917701244,0.9986394643783569,-0.03849669545888901,-0.1214132010936737,0.17693693935871124,9.102694627686502e-06,289.46197377501727,0.0
5.239,-94.24167802059962,0.08747033557601402,0.4553253806458734,59,-0.0007163404952734709,0.008677640929818153,0.9984222054481506,-0.173659086227417,0.0016810300294309855,0.09967729449272156,7.546932714531059e-06,289.46197377501727,0.0
5.289,-94.2386680926946,0.10225215293787562,0.42381780465531005,59,-0.001468832604587078,0.006337312515825033,0.9991772770881653,-0.09563865512609482,-0.07678276300430298,0.07809702306985855,6.655178574156854e-06,289.46197377501727,0.0
5.34,-94.23957073597363,0.09574170569149185,0.3870138709757959,59,-0.002002834575250745,0.00561660248786211,0.9965251088142395,0.15341578423976898,-0.06690008193254471,-0.1926334947347641,5.504428750026379e-06,289.46197377501727,0.0
5.39,-94.24025045087987,0.11374462835152338,0.36627418706572545,59,-0.0028268296737223864,0.005703714210540056,0.9977015852928162,0.09105441719293594,0.04060889780521393,0.197757750749588,4.789166647715795e-06,289.46197377501727,0.0
5.44,-94.23866462205373,0.11984759872698016,0.3884987736679187,59,-0.0018993811681866646,0.005484876222908497,0.9990135431289673,-0.19297313690185547,-0.049897000193595886,-0.02600439079105854,3.814007587570812e-06,289.46197377501727,0.0
5.491,-94.23884987312682,0.08188197702292595,0.3920433181876223,59,-0.0017164174932986498,0.007447168696671724,0.9992809295654297,0.07526151835918427,-0.15560582280158997,-0.09316185861825943,3.2613686274973308e-06,289.46197377501727,0.0
5.541,-94.23932707410663,0.08177931078419047,0.42057532521220636,59,-0.0011064549908041954,0.008097203448414803,0.9972401261329651,0.011524546891450882,-0.03082013502717018,0.11644147336483002,2.5695182940415192e-06,289.46197377501727,0.0
5.591,-94.23820171875647,0.08347031123828842,0.3995127424466146,59,-0.0011106771416962147,0.007784307934343815,0.9984579682350159,-0.06091657653450966,-0.13888897001743317,0.0008521847776137292,2.1979713885858253e-06,289.46197377501727,0.0
5.642,-94.2398067947262,0.1129953117414308,0.37332100739536683,59,-0.004759501200169325,0.005847778636962175,0.9989052414894104,0.0667438879609108,-0.16495288908481598,-0.09483595937490463,1.7654225155095883e-06,288.09011607940107,0.0
5.692,-94.24238393499367,0.10516965556180792,0.40557568060824284,59,-0.0029803018551319838,0.006629111710935831,0.9977620244026184,0.24142324924468994,0.07291524857282639,0.06648745387792587,1.5419238862823375e-06,288.09011607940107,0.0
5.742,-94.240636309837,0.10315630323044729,0.37145774096530193,59,-0.0016877108719199896,0.00609868299216032,1.0004702806472778,0.10858403891324997,-0.07207495719194412,0.06896466016769409,1.245226676213092e-06,288.09011607940107,0.0
5.793,-94.24211100769784,0.1368267506136756,0.4192181798289999,59,-0.003055126639083028,0.008172891102731228,0.9971523880958557,0.002971378853544593,-0.2658330202102661,0.0877244845032692,1.0765049641645054e-06,288.09011607940107,0.0
5.843,-94.2424092010949,0.11541988944568995,0.4377578195123327,59,0.00024207991373259574,0.00811897125095129,1.0015618801116943,0.025800907984375954,0.1656145453453064,0.03206344321370125,8.609276645797056e-07,288.09011607940107,0.0
5.894,-94.24399289742215,0.06609357656645966,0.46757637820109993,59,-0.0008712981943972409,0.009876232594251633,0.9986788630485535,-0.10109270364046097,-0.2021506279706955,-0.13683034479618073,7.364186749195696e-07,288.09011607940107,0.0
5.945,-94.2440191249712,0.08764744404039375,0.485971415500849,59,-0.001876220921985805,0.007915934547781944,0.9982894659042358,0.10658226162195206,-0.05155172571539879,-0.06797932833433151,5.757060513012068e-07,288.09011607940107,0.0
5.995,-94.24265858020587,0.0964698466134347,0.4415281586496406,59,-0.0019388938089832664,0.007700362708419561,0.9993277788162231,-0.35492533445358276,0.03857623040676117,-0.08789625018835068,4.895070446947183e-07,288.09011607940107,0.0
6.045,-94.24204242009743,0.10909175151490191,0.4112016709892619,59,-0.0008274925057776272,0.008071056567132473,0.9997711181640625,0.14324846863746643,-0.24010883271694183,0.10478691011667252,2.418184843789942e-05,288.09011607940107,0.0
6.096,-94.24112720008807,0.08802955960936244,0.4094274506027201,59,-0.0013616561191156507,0.006121164653450251,0.9989556074142456,0.04528597369790077,-0.050881527364254,0.03703189641237259,0.0003536717863177307,288.09011607940107,0.0
6.146,-94.24067816356025,0.07632678342192464,0.45120668651662144,59,-0.0011873471084982157,0.008957821875810623,0.9965234398841858,-0.03974784165620804,-0.25320613384246826,-0.03831014037132263,0.00034802293850087,288.09011607940107,0.0
6.197,-94.23946624794488,0.10025334115967992,0.42210625600624074,59,-0.00246074004098773,0.006419984623789787,0.9994115829467773,0.027621928602457047,0.10277285426855087,0.09104564785957336,0.00029234402626997626,296.7527946794963,0.0
6.247,-94.2390261090426,0.12647889990668124,0.42121950853997253,59,-0.002296727616339922,0.007297144737094641,1.0008686780929565,-0.13715168833732605,-0.2538136839866638,0.012300536036491394,0.0002554268400603616,296.7527946794963,0.0
6.298,-94.23618034922598,0.12101469791149419,0.43583258225481347,59,-0.002282644622027874,0.008459274657070637,0.9969300627708435,-0.09545614570379257,-0.005300273187458515,0.13616374135017395,0.00020755107331346852,296.7527946794963,0.0
6.348,-94.23411915559737,0.10773332951745668,0.4106800208616481,59,-0.0018906997283920646,0.005328827071934938,0.9974657893180847,-0.0843605324625969,-0.1263921856880188,0.310783714056015,0.00018012051269717348,296.7527946794963,0.0
6.398,-94.23342667972966,0.11314917549527442,0.4079930691114764,59,-0.0018986192299053073,0.008126619271934032,0.9976664185523987,0.2011364996433258,-0.1009468212723732,0.015103635378181934,0.00014440758753309497,296.7527946794963,0.0
6.449,-94.23458208711139,0.09480765332265732,0.43998461083067125,59,-0.0026427791453897953,0.00918535329401493,0.9985045194625854,0.12217382341623306,0.05825085937976837,0.09060890227556229,0.00012329536510202825,296.7527946794963,0.0
6.499,-94.23172949450957,0.07855801662489723,0.39781215020155264,59,-0.002361675025895238,0.005873681977391243,0.9998981952667236,0.05102767422795296,-0.08448702096939087,0.18254542350769043,9.727789770889492e-05,296.7527946794963,0.0
6.55,-94.23083236463002,0.09107816925531344,0.4076423034817869,59,-0.00237537594512105,0.007737328764051199,0.9988060593605042,-0.05824539437890053,-0.031280308961868286,0.2792922258377075,8.280235183095118e-05,296.7527946794963,0.0
6.6,-94.22927293213887,0.06453058661997163,0.43066005107004873,59,0.0004741752636618912,0.008345079608261585,0.9991779327392578,-0.22105881571769714,0.09684578329324722,0.009242301806807518,6.570605051308032e-05,296.7527946794963,0.0
6.65,-94.22888941234625,0.035717277412921376,0.42601042960080837,59,0.00021697160264011472,0.0065302071161568165,0.9968665838241577,-0.10781310498714447,-0.08684583753347397,-0.05613834038376808,5.631716133218395e-05,296.7527946794963,0.0
6.701,-94.22762931618357,0.0830273770757473,0.40610535567435974,59,-0.002547731390222907,0.00813932716846466,0.9989264607429504,-0.0027660417836159468,-0.007644705940037966,0.007966170087456703,4.527658521601263e-05,285.3850445669184,0.0
6.751,-94.22648581350181,0.07016211423017626,0.42721379056774245,59,-0.002135851886123419,0.004818940535187721,0.9981779456138611,0.07630538195371628,-0.050933077931404114,0.12909658253192902,3.936628162721653e-05,285.3850445669184,0.0
6.802,-94.22349053363952,0.08259069695033065,0.4291184391277253,59,-0.0013794651022180915,0.006552945356816053,0.9982055425643921,-0.005133982747793198,0.2921847403049469,0.1370466649532318,3.192310135094771e-05,285.3850445669184,0.0
6.852,-94.22314615251618,0.10079716702889632,0.4100805448319288,59,-0.0021113811526447535,0.0058529190719127655,0.998436689376831,-0.025187553837895393,-0.17857623100280762,-0.03432562202215195,2.7955859935147548e-05,285.3850445669184,0.0
6.902,-94.21899992072984,0.11066475677006807,0.43112866227011154,59,-0.002049056114628911,0.007921055890619755,0.9976975321769714,0.06466594338417053,-0.1684151440858841,0.11923094838857651,2.291248039474305e-05,285.3850445669184,0.0
6.952,-94.219639664545,0.0818510023545779,0.38353025101874266,59,0.0007086381665430963,0.005468824878334999,0.9983721375465393,-0.19359847903251648,0.031150948256254196,0.00038592255441471934,2.0043557996280862e-05,285.3850445669184,0.0
7.003,-94.22242917919773,0.05706021950864209,0.4100129879131584,59,7.716329855611548e-05,0.007604106795042753,0.9990570545196533,-0.14726315438747406,-0.1201094537973404,-0.05469775199890137,1.634875064950658e-05,285.3850445669184,0.0
7.053,-94.22064104204478,0.08130671887870085,0.44246010151708826,59,-0.0020513306371867657,0.009082483127713203,0.9989670515060425,-0.2107173055410385,0.04113033041357994,-0.08523263782262802,1.4380390962156937e-05,285.3850445669184,0.0
7.103,-94.22002733746478,0.0860818554924435,0.42363546770517646,59,-0.0021369471214711666,0.006047116592526436,0.9981812834739685,0.06571708619594574,-0.06077767163515091,-0.12493378669023514,1.1850343792321912e-05,285.3850445669184,0.0
7.153,-94.21763688202536,0.09048504547422652,0.39505523641905077,59,-0.0020321521442383528,0.005770503543317318,0.9991723299026489,0.037371452897787094,-0.041508644819259644,0.2136821299791336,1.0447537506803349e-05,285.3850445669184,0.0
7.204,-94.21850092436398,0.10849353887101355,0.41655736751519873,59,-0.0033238951582461596,0.009424645453691483,0.9981331825256348,0.08551869541406631,-0.2624126374721527,0.12833978235721588,6.225665594507493e-05,285.3850445669184,0.0
7.254,-94.22004422478109,0.07128554571954425,0.4327733626423742,59,-0.00033031150815077126,0.006396529730409384,0.9984474778175354,-0.06208297237753868,0.04718729853630066,-0.09395238757133484,0.0003982420120065185,286.88809849521203,0.0
7.304,-94.21999772250544,0.1113151150578792,0.40854947384973245,59,-0.0029730971436947584,0.006750541273504496,0.9985532164573669,-0.02425846830010414,-0.04276574030518532,-0.013493952341377735,0.0007377890966648069,286.88809849521203,0.0
7.354,-94.21889477173708,0.11434503672805944,0.44587884071385125,59,-0.001838546246290207,0.007950104773044586,0.9965379238128662,-0.0730053037405014,-0.08367742598056793,-0.2521357834339142,0.0018158624123034738,286.88809849521203,0.0
7.405,-94.2167583212188,0.09174273646902015,0.44123891969137435,59,-0.0006763197015970945,0.007444181013852358,1.0006693601608276,-0.0640578493475914,-0.05474637821316719,-0.03446368873119354,0.0030672953043111967,286.88809849521203,0.0
7.455,-94.21781237950508,0.07216471200230952,0.43831651487593615,59,-0.0009660583455115557,0.007646935060620308,0.998802900314331,-0.06859522312879562,-0.0777856707572937,-8.559347770642489e-05,0.004702716410006835,286.88809849521203,0.0
7.505,-94.21849568021149,0.054861394252540364,0.42760724673898753,59,-0.0010077065089717507,0.007949567399919033,0.9993233680725098,0.04495751112699509,-0.1021965965628624,0.02784951962530613,0.00502471936348859,286.88809849521203,0.0
7.555,-94.21659543417815,0.0669024771684657,0.44654603715604113,59,-0.0008798500639386475,0.007419652305543423,1.0011742115020752,-0.16650833189487457,-0.2058444321155548,0.13577815890312195,0.004873710404174938,286.88809849521203,0.0
7.606,-94.21642030294497,0.05509442104242453,0.4131561014588816,59,-0.0014755900483578444,0.0047132885083556175,0.9984273314476013,0.23226794600486755,0.0047761183232069016,0.18229730427265167,0.004814832970063953,286.88809849521203,0.0
7.656,-94.21216425772714,0.03710938640104991,0.44511370765737784,59,-0.001441576168872416,0.007485709153115749,0.9969414472579956,-0.26526573300361633,-0.08484695851802826,0.038799822330474854,0.004842139712857029,286.88809849521203,0.0
7.706,-94.2096239142259,0.07107835651308964,0.41814330214015083,59,-0.001054814551025629,0.006484529934823513,0.9990475177764893,-0.0317886583507061,0.03287513181567192,0.40790775418281555,0.005318583760786363,286.88809849521203,0.0
7.757,-94.21105279500652,0.08643301506367317,0.41887639455812964,59,-0.002416235627606511,0.0071688005700707436,0.9995238184928894,-0.08706570416688919,-0.21583649516105652,-0.014280556701123714,0.005652750019485479,285.46273735792556,0.0
7.807,-94.21179785318726,0.07179783380722542,0.40244195687860657,59,-0.0025150799192488194,0.007319211028516293,0.9968023896217346,0.006574911996722221,0.17905962467193604,0.032796427607536316,0.005397600626574907,285.46273735792556,0.0
7.858,-94.2100731238753,0.10018606724975615,0.41443730214657504,59,-0.0012178748147562146,0.009236443787813187,1.0009815692901611,-0.2233639806509018,-0.009754748083651066,-0.12401936948299408,0.005387367185955126,285.46273735792556,0.0
7.908,-94.21036801140615,0.10237640957656931,0.4186766836696501,59,-0.0004690317146014422,0.0064727868884801865,0.998859703540802,-0.11519091576337814,-0.05746372789144516,0.03126639500260353,0.005085579640841735,285.46273735792556,0.0
7.959,-94.2091769136857,0.11451176535340155,0.43982745041632393,59,-0.0030613732524216175,0.009724448435008526,0.9979937672615051,-0.26432546973228455,-0.07507400959730148,-0.0326322577893734,0.004819812041363576,285.46273735792556,0.0
8.009,-94.20662218859903,0.08582865088731037,0.40932948475218817,59,-0.0010413320269435644,0.006525551434606314,1.0003931522369385,0.07057927548885345,0.022480778396129608,-0.15033431351184845,0.004810873250029297,285.46273735792556,0.0
8.06,-94.2043847125045,-0.08118719407214667,0.4688191183678826,59,0.013458448462188244,0.01080974843353033,0.998087465763092,1.0465413331985474,0.49896737933158875,0.2688443660736084,0.005492384214297293,285.46273735792556,0.0
8.11,-94.2003318325123,0.10328611438663596,0.44700545049471774,59,-0.002054329961538315,0.00769111979752779,0.9985286593437195,0.04523830860853195,0.2716314196586609,0.18085817992687225,0.005912405201852041,285.46273735792556,0.0
8.16,-94.19793567391773,0.11993260976553989,0.45554895186512373,59,-0.006175840739160776,0.0069845886901021,0.9992035031318665,-0.11630244553089142,-0.0042630028910934925,0.10980059206485748,0.006762961599657742,285.46273735792556,0.0
8.211,-94.19549327963313,0.14829164790879742,0.4611847597344434,59,-0.006741480901837349,0.006727617233991623,0.9992560148239136,-0.15744026005268097,-0.17542500793933868,0.0068566142581403255,0.007546367568698607,285.46273735792556,0.0
8.262,-94.19368282425866,0.12946721126053837,0.45971135430160304,59,-0.0006949648959562182,0.00862304400652647,1.0005682706832886,0.04976480081677437,0.019472679123282433,0.18535196781158447,0.008330663559056258,285.46273735792556,0.0
8.312,-94.1888596343846,0.08984394133598622,0.46217669422769686,59,0.0020091738551855087,0.006283331196755171,0.9981819987297058,-0.0012580034090206027,-0.1593266874551773,0.2126847505569458,0.008882448822019218,285.9102931152011,0.0
8.362,-94.19051790813181,0.08488882440448185,0.4005435337953129,59,-0.0011773360893130302,0.005122690927237272,0.9982017874717712,-0.23237909376621246,-0.19358141720294952,-0.015467255376279354,0.01034267765889935,285.9102931152011,0.0
8.412,-94.19032596744128,0.04462558050196572,0.38634984644180287,59,0.00017475246568210423,0.00666617089882493,0.999500572681427,-0.1544508934020996,0.047885712236166,-0.12504899501800537,0.01066572001803475,285.9102931152011,0.0
8.463,-94.18909480278815,0.052760957748492564,0.4127385582223784,59,-0.0027697181794792414,0.007486788555979729,1.0007364749908447,-0.3082689344882965,-0.2690652310848236,0.05678192898631096,0.009909746258834168,285.9102931152011,0.0
8.513,-94.18678579476122,0.04965564182543619,0.44642603545001247,59,-0.001125719165429473,0.009029596112668514,1.0004589557647705,-0.2676043212413788,-0.14576415717601776,-0.08425264060497284,0.0083033853334507,285.9102931152011,0.0
8.563,-94.18391021783822,0.06315687650104242,0.4282695402972592,59,-0.00177635601721704,0.006373986601829529,0.9993360042572021,-0.176578551530838,-0.1470421403646469,0.10463803261518478,0.007242263301393178,285.9102931152011,0.0
8.614,-94.18696947196118,0.05068156508299281,0.45581618653893474,59,8.438521035714075e-05,0.01036767940968275,0.9977656006813049,-0.10463668406009674,-0.002941124839708209,-0.15341588854789734,0.005931767069914168,285.9102931152011,0.0
8.664,-94.18408362931262,0.06584861652454146,0.47926626699787267,60,-0.0023575290106236935,0.008096770383417606,1.0003736019134521,0.017235923558473587,0.05478262901306152,-0.11368788778781891,0.005190345885404811,285.9102931152011,0.0
8.715,-94.18372137337728,0.10558397854637003,0.4465413064280623,60,-0.0022168231662362814,0.0070841084234416485,0.9998438954353333,0.07336557656526566,0.13753443956375122,0.04976114630699158,0.004223532983136775,285.9102931152011,0.0
8.765,-94.18361353217846,0.10918069590866596,0.4760998809621369,60,-0.0011872373288497329,0.009678743779659271,1.001664400100708,0.255682110786438,-0.07968299835920334,-0.18831023573875427,0.0037016230797977867,285.9102931152011,0.0
8.816,-94.18106317507262,0.05274305712551809,0.47167914592863597,60,-0.0013767407508566976,0.008557910099625587,0.9999649524688721,0.16722875833511353,-0.18914268910884857,0.023260151967406273,0.00307174835161917,285.9102931152011,0.0
8.866,-94.18401551318057,0.08920345056091523,0.5157149679002377,60,-0.00035229334025643766,0.009644920006394386,0.9980820417404175,0.4697044789791107,-0.3389163911342621,-0.12819503247737885,0.002710106357282132,287.28109589041094,0.0
8.916,-94.19081598471925,0.11559693594363589,0.44812273997175295,59,-0.0008103947038762271,0.008693573996424675,0.9973381757736206,0.18239499628543854,-0.39404192566871643,-0.15578202903270721,0.002237621081711856,287.28109589041094,0.0
8.967,-94.19198269977242,0.06132721816631578,0.40635365591623335,59,0.0037614754401147366,0.007136129774153233,0.998762309551239,0.18996590375900269,-0.2897147834300995,0.03175930306315422,0.0019610808362622214,287.28109589041094,0.0
9.017,-94.19574357533718,0.09830002411651372,0.3491831902561091,59,-0.004748680163174868,0.00519245071336627,0.9991744756698608,0.25394853949546814,-0.15600189566612244,-0.07729831337928772,0.0016096914992719791,287.28109589041094,0.0
9.067,-94.19667502563206,0.10618188640125491,0.3509169150450073,59,-0.0007440095650963485,0.0063370899297297,0.9980635046958923,-0.1200636550784111,0.005735141225159168,-0.037158697843551636,0.0014060629175740905,287.28109589041094,0.0
9.118,-94.19516702493257,0.09728699122877309,0.38092401064611137,59,-0.0014505450380966067,0.005047495011240244,1.0001412630081177,-0.23756277561187744,0.08412303775548935,0.12791763246059418,0.0011532867411213166,287.28109589041094,0.0
9.168,-94.19420868901616,0.11837986341883083,0.3561150867174865,59,-0.0031480430625379086,0.0061908308416605,1.0002869367599487,-0.11135083436965942,-0.15599745512008667,0.13181526958942413,0.0010090370286310337,287.28109589041094,0.0
9.219,-94.19223153182459,0.15053245635349438,0.33317650058787013,59,-0.005109732039272785,0.005193318240344524,0.9959278702735901,0.07668111473321915,0.13704058527946472,0.10300607979297638,0.0008336407387646265,287.28109589041094,0.0
9.269,-94.18866238615948,0.17352887413774434,0.33649370465474715,59,-0.007334921509027481,0.0040735178627073765,1.0006295442581177,-0.9359766244888306,-0.001404495327733457,-0.07582323253154755,0.0007343990992890201,287.28109589041094,0.0
9.319,-94.18985487879984,0.1311612338038979,0.41206764963894776,59,-0.002453762572258711,0.008590429089963436,0.9972294569015503,-0.16958825290203094,-0.1571340262889862,-0.052026648074388504,0.0006073614040602454,287.28109589041094,0.0
9.37,-94.18744099327954,0.11305597933876578,0.4177578437213213,59,-0.002367277629673481,0.007567205931991339,0.9965729117393494,-0.14588159322738647,0.06038854271173477,0.07672923803329468,0.0005360681012676135,285.4044637996734,0.0
9.42,-94.18411070868251,0.10399842899131694,0.3835796149087285,59,-0.0016326135955750942,0.006003147456794977,0.9995098114013672,-0.07797164469957352,-0.056879978626966476,0.11074761301279068,0.0004423750710935556,285.4044637996734,0.0
9.47,-94.18223638953674,0.09356186075957308,0.36223264521700504,59,-0.004677607212215662,0.005023377947509289,1.0004380941390991,0.004179296549409628,0.04303818941116333,-0.013184186071157455,0.000386534032743748,285.4044637996734,0.0
9.521,-94.18436919441685,0.054146506111793564,0.3699165029764611,59,-0.0011091707274317741,0.005931814666837454,1.0012630224227905,0.06701742112636566,0.0421682707965374,-0.005850167479366064,0.0003152040818533922,285.4044637996734,0.0
9.571,-94.18565862854008,0.08251829056653003,0.42546633288579333,59,-0.0014544047880917788,0.007786416914314032,0.9986145496368408,-0.10317226499319077,-0.0775439515709877,-0.0005403890972957015,0.0002596301446448169,285.4044637996734,0.0
9.622,-94.18130157083716,0.08363720569932585,0.4130103125061715,59,-0.002247042953968048,0.005982823204249144,0.9988155961036682,0.13440077006816864,0.04810691997408867,0.27193382382392883,0.0002285038697449876,285.4044637996734,0.0
9.672,-94.18035700456223,0.09109153674020978,0.42721740318725226,59,-0.0011335632298141718,0.006141890771687031,0.9991000890731812,-0.2819588780403137,-0.013569334521889687,-0.0388016477227211,0.00018743018435354755,285.4044637996734,0.0
9.722,-94.17797459893406,0.06217987149685489,0.42348516459756985,59,-0.001129545271396637,0.008230690844357014,1.0014400482177734,0.0221174955368042,0.03406132757663727,0.1084790974855423,0.00016422109416985446,285.4044637996734,0.0
9.773,-94.17573324063414,0.04237768436248668,0.44568000207940817,59,-0.0017308288952335715,0.00876849889755249,1.0006787776947021,0.10716348141431808,-0.019124319776892662,0.1599472612142563,0.00013457613705765976,285.4044637996734,0.0
9.823,-94.1739024571938,0.05784258458810486,0.42302170213609525,59,-0.0027845825534313917,0.006339781451970339,0.9996905326843262,0.02948150597512722,-0.14981751143932343,0.10755946487188339,0.00011731748724663856,285.4044637996734,0.0
9.873,-94.1695225849402,0.05782588863333726,0.4150180813121325,59,-0.001594838686287403,0.007592156529426575,0.9991125464439392,-0.19831766188144684,-0.09788564592599869,0.14831417798995972,9.529359348222526e-05,285.4044637996734,0.0
9.923,-94.16764670487458,0.050433234951357105,0.45337932348562526,59,-0.001193421776406467,0.0023905050475150347,0.9976921081542969,-0.29863041639328003,0.5513834953308105,0.06447005271911621,8.315134790913912e-05,299.35793305260154,0.0
9.973,-94.16628821786502,0.035087461340366534,0.4760527841501956,59,0.0004692473157774657,0.007418242283165455,0.9980638027191162,-0.05566693842411041,-0.3081077039241791,0.07419206202030182,6.770600597457745e-05,299.35793305260154,0.0
10.023,-94.16708093713379,0.0471650419565842,0.4492446426895199,59,-0.0016819392330944538,0.005764611531049013,0.9975718259811401,0.4227253198623657,-0.29122394323349,-0.016411853954195976,5.928551933707446e-05,299.35793305260154,0.0
10.074,-94.16688506000803,0.03825384711325763,0.431968387870984,59,-0.0001904559467220679,0.005307584535330534,0.996742308139801,0.2660669684410095,-0.06111401692032814,-0.0209200382232666,4.840156094598177e-05,299.35793305260154,0.0
10.124,-94.16681736277074,0.03783591231187269,0.44154463879768685,59,7.576401549158618e-05,0.008167935535311699,0.9944289922714233,-0.0010316454572603106,-0.3706870675086975,0.09621617197990417,4.245252400394226e-05,299.35793305260154,0.0
10.174,-94.163920896784,0.07666867721917382,0.42859432808718106,59,-0.0017206337070092559,0.00799508672207594,0.9975071549415588,-0.0017171500949189067,0.11007706075906754,0.12734439969062805,3.480957425148396e-05,299.35793305260154,0.0
10.225,-94.16400265782416,0.09057456575864443,0.41295696744885696,59,-0.004661290906369686,0.0045591131784021854,0.9990293979644775,-0.4801090359687805,0.7384583353996277,0.033201366662979126,3.055442607569769e-05,299.35793305260154,0.0
10.275,-94.15609982200371,0.040380085196686656,0.47144389433913453,59,-3.4370044886600226e-05,0.013081458397209644,1.0028750896453857,-0.7996522784233093,0.3146578371524811,0.14174705743789673,0.0006056300385830855,299.35793305260154,0.0
10.327,-94.15415131144863,-0.0028650017554166553,0.4561673318158009,59,0.0011699586175382137,0.009123316034674644,1.0020720958709717,-0.28296542167663574,0.11902143806219101,-0.0565306730568409,0.0011791256924890883,299.35793305260154,0.0
10.378,-94.15049797044176,-0.015862018092920156,0.4669836042521328,59,-0.0009853409137576818,0.007547198329120874,0.9976227283477783,0.20118455588817596,-0.4409477710723877,-0.20647145807743073,0.0026310046377011273,299.35793305260154,0.0
10.428,-94.15366722547967,0.01919824960608805,0.4787741243310925,59,-0.00032100407406687737,0.006313800346106291,0.999297559261322,0.9776511788368225,-0.8528625965118408,-0.04690508916974068,0.004565889765643887,299.35793305260154,0.0
10.479,-94.15296857020404,0.03814594360004712,0.47656464693020323,59,0.000495317333843559,0.00834959838539362,0.9964165091514587,0.04903380200266838,0.07845663279294968,-0.002485863631591201,0.00663072316881184,285.8908049894349,0.0
10.529,-94.1493107135588,0.042418520368122936,0.44395845408421,59,-0.0015324762789532542,0.007028396241366863,0.9992656707763672,-0.11105222254991531,-0.06738597899675369,-0.018143225461244583,0.007540424042695071,285.8908049894349,0.0
10.579,-94.15004841656351,0.054943183217753246,0.4507811868398975,59,0.0012696972116827965,0.009181719273328781,0.9997577667236328,0.037756890058517456,-0.1010248064994812,-0.04017675295472145,0.00863222534095567,285.8908049894349,0.0
10.63,-94.14798467930156,0.02261575579581216,0.4131973501176155,59,0.0004990334855392575,0.0067739058285951614,0.997563362121582,-0.07465839385986328,0.09108371287584305,-0.043066393584012985,0.010207706308840932,285.8908049894349,0.0
10.68,-94.1501723810532,0.01765856874774521,0.4458724561261184,59,-4.998913027520757e-06,0.009138399735093117,1.0006147623062134,0.01892409473657608,0.01508368831127882,-0.12363474816083908,0.011193039363428674,285.8908049894349,0.0
10.731,-94.15412763764607,0.05994234408565179,0.461157880914861,59,-0.00319149368442595,0.009673160500824451,0.9993230104446411,0.001752700307406485,-0.005092618986964226,-0.11135204881429672,0.011900741970002043,285.8908049894349,0.0
10.781,-94.15170353859878,0.05821909795732969,0.4764672369488946,59,-0.0014214202528819442,0.008848716504871845,1.0000808238983154,0.08881991356611252,-0.0933380201458931,-0.03850925341248512,0.012443084040773876,285.8908049894349,0.0
10.832,-94.15199392559289,0.04923937012459846,0.4373127389014964,59,-0.00035448986454866827,0.0070312488824129105,0.9973968267440796,-0.030224397778511047,0.03259703144431114,0.14294786751270294,0.012770951719625235,285.8908049894349,0.0
10.882,-94.15636296815694,0.061858942677646564,0.43627283353081886,59,-0.0007802018662914634,0.007336589973419905,0.9984906911849976,-0.06505924463272095,-0.094192273914814,-0.09423071146011353,0.01285546891251392,285.8908049894349,0.0
10.933,-94.1559843125999,0.05687535328650189,0.4732669472014747,59,-0.0011172180529683828,0.01048372033983469,0.9968475103378296,-0.05991021916270256,-0.12535417079925537,0.09837400913238525,0.013277593986667974,285.8908049894349,0.0
10.983,-94.15466329319355,0.052360365766582595,0.48206900304534117,59,0.0004451165732461959,0.008104226551949978,0.9975937008857727,-0.2143925130367279,0.08137775957584381,0.10424138605594635,0.013988414277803968,259.51639648558347,0.0
11.034,-94.1538704506389,0.057450384316205666,0.47654326787287654,59,-0.0017714641289785504,0.006805408280342817,0.9984996318817139,-0.08377760648727417,-0.022928981110453606,-0.052733637392520905,0.015232991640577481,259.51639648558347,0.0
11.084,-94.15278032916879,0.05253714293183545,0.4842900245466473,59,-0.0024086793418973684,0.008878937922418118,1.001830816268921,-0.4055156707763672,0.058680202811956406,-0.06743089109659195,0.01618075179021136,259.51639648558347,0.0
11.135,-94.15229433784495,0.04108650455983075,0.489242121045032,59,-0.001182013307698071,0.008330179378390312,0.9975796341896057,0.03566153347492218,-0.12417735159397125,0.09770693629980087,0.01801740325363999,259.51639648558347,0.0
11.185,-94.15226703242523,0.06435470213491476,0.4511209357725435,59,-0.0012051189551129937,0.008761249482631683,0.9991830587387085,-0.007062718737870455,-0.2167552262544632,-0.09824822843074799,0.019147972176992958,259.51639648558347,0.0
11.236,-94.15480539913122,0.05532527463446366,0.44250093658562534,59,0.0016892093699425459,0.006121517159044743,1.0000501871109009,-0.06639974564313889,-0.024704573675990105,-0.3142412006855011,0.021175615862898324,259.51639648558347,0.0
11.286,-94.15511691910169,0.05840943909409723,0.4270239689592968,59,-0.001345757395029068,0.008393295109272003,0.998482346534729,0.015670109540224075,-0.14204144477844238,-0.17029313743114471,0.022647054200602285,259.51639648558347,0.0
11.337,-94.16254515492341,0.10574535199334721,0.45307118888313674,59,-0.006620148662477732,0.010288943536579609,0.9947890043258667,-0.407478392124176,0.0879625752568245,-0.9405235648155212,0.024064437942613755,259.51639648558347,0.0
11.387,-94.15352436530442,0.08079810145831247,0.41707501016905735,59,-0.004273795057088137,0.005136622115969658,0.9985432624816895,-0.8463459014892578,0.6214703321456909,-0.011810173280537128,0.025048121438313222,259.51639648558347,0.0
11.438,-94.15535671904428,0.07980716201565653,0.4148745116174912,59,0.00015853405056986958,0.006559014320373535,1.000582218170166,0.19278571009635925,-0.10450571030378342,-0.11686785519123077,0.02726635064787425,259.51639648558347,0.0
11.488,-94.15529950463063,0.05737699867989532,0.3942924027263932,59,-0.0018523064209148288,0.006300145294517279,0.9991435408592224,-0.36161839962005615,0.05561767518520355,-0.04243142157793045,0.029028752287161917,259.51639648558347,0.0
11.539,-94.15298681905679,0.02962969581072041,0.42727796389935085,59,-3.658679634099826e-05,0.007305617909878492,1.0010716915130615,0.12981610000133514,-0.10283863544464111,0.1302965134382248,0.03161190508415851,285.54047246238684,0.0
11.589,-94.15384026025586,0.02137581658038251,0.4270545521013976,59,-0.0008855585474520922,0.008249579928815365,0.9970584511756897,-0.10696093738079071,-0.09167598932981491,-0.0166106466203928,0.03363685240844064,285.54047246238684,0.0
11.639,-94.15163330351676,0.015706619391463974,0.4407831876705824,59,0.00023256101121660322,0.00880748126655817,1.0004431009292603,0.0177001953125,-0.04871971532702446,0.1531931310892105,0.036552935136986604,285.54047246238684,0.0
11.69,-94.15265350932063,0.059520535473344294,0.425635229514666,59,-0.0005391495069488883,0.005338137038052082,1.0005378723144531,0.15550661087036133,-0.048949096351861954,0.11749990284442902,0.03844481804760086,285.54047246238684,0.0
11.74,-94.15164142628755,0.059829417160670924,0.42646217462123787,59,-0.00276409019716084,0.007446245290338993,0.9987043738365173,0.13648107647895813,-0.04615902900695801,-0.03023678809404373,0.04186922239277367,285.54047246238684,0.0
11.791,-94.1518849109869,0.057976012794044844,0.3869784861501487,59,-0.0010226188460364938,0.006212484557181597,0.9954037666320801,0.037422776222229004,-0.1812743991613388,-0.026364963501691818,0.045961072402042405,285.54047246238684,0.0
11.841,-94.14974499932346,0.06782102697164928,0.4108664388987687,59,0.00014437468780670315,0.007072472479194403,0.9988131523132324,-0.1542491614818573,0.01854071021080017,0.1752643883228302,0.04905319700473383,285.54047246238684,0.0
11.892,-94.15331486057488,0.05052852949150805,0.4568537373448606,59,-0.0024409026373177767,0.009728648699820042,0.9956101775169373,0.1470765471458435,-0.092714823782444,0.0800589919090271,0.05352491850708557,285.54047246238684,0.0
11.942,-94.15473398692906,0.020590032773734588,0.4701900719285011,59,0.0006249947473406792,0.007802088279277086,0.9957851767539978,0.41645437479019165,-0.3039953112602234,0.07491078972816467,0.05652233229512165,285.54047246238684,0.0
11.992,-93.8810684123008,0.023174207555408347,0.42688764848232214,59,-0.0010948716662824154,0.007759498432278633,1.0009639263153076,-0.21690887212753296,0.07223788648843765,0.02187313511967659,0.06085658910963112,285.54047246238684,0.0
12.043,-93.74224195294971,0.0291839663279238,0.45502479447756744,59,-0.0019363797036930919,0.008618392050266266,1.0002061128616333,0.053524717688560486,-0.10567110776901245,0.2105245143175125,0.06377478621877271,282.34964658364186,0.0
12.093,-93.60819549635809,0.058722761366163154,0.4085477124306298,59,-0.001718263141810894,0.006855203304439783,0.9977385997772217,-0.05331399664282799,0.018552236258983612,-0.008113650605082512,0.06782315241390238,282.34964658364186,0.0
12.144,-93.18884465825197,0.09203871918958462,0.4439276767301977,59,-0.002736425958573818,0.009443482384085655,0.9968764185905457,0.0073707569390535355,-0.10749964416027069,0.11070691049098969,0.07010607641093963,282.34964658364186,0.0
12.194,-93.05175798446417,0.06228758485531389,0.4458903588295557,60,-0.0017931764014065266,0.00739293172955513,0.9954759478569031,-0.22910404205322266,0.0071807256899774075,0.09043575823307037,0.07354649972300356,282.34964658364186,0.0
12.245,-92.75659289254195,0.07108098740058667,0.46491793474158327,60,-0.0009858846897259355,0.00899195671081543,1.0011816024780273,-0.10198494046926498,0.10806677490472794,0.0688345655798912,0.0747195075513045,282.34964658364186,0.0
12.295,-92.28250999176925,0.06614659080997741,0.451410285119346,60,-0.0013655150542035699,0.007001781836152077,0.9972488880157471,-0.1237548440694809,-0.04108857363462448,0.020252317190170288,0.07534814003397639,282.34964658364186,0.0
12.345,-91.66043376350613,0.07482844307651684,0.45944131428603446,60,-6.7900577960244846e-06,0.00808094535022974,1.0005342960357666,-0.30351486802101135,-0.1643243432044983,0.09287935495376587,0.07490243831329776,282.34964658364186,0.0
12.396,-91.50701036368179,0.04378546913044924,0.4219947116481141,60,0.00034969623084180057,0.006589593831449747,0.9963546991348267,-0.13901406526565552,-0.0823746994137764,-0.16678781807422638,0.07253710723920515,282.34964658364186,0.0
12.446,-91.17735817041707,0.013625319750092941,0.415854932291938,59,-0.0016309281345456839,0.0080359922721982,0.9994701743125916,-0.22073352336883545,-0.08888456225395203,0.04872453957796097,0.0701051877920769,282.34964658364186,0.0
12.496,-91.19405429083398,0.05506274534876021,0.5192171547580018,59,-0.003595495130866766,0.01586274802684784,0.9939152598381042,-0.47246694564819336,0.2740544378757477,-1.3788461685180664,0.06569589511151219,282.34964658364186,0.0
12.546,-91.2695657260507,-0.07598518535841152,0.33369710713478506,59,0.008373384363949299,-0.014864500612020493,1.0008171796798706,0.06508620083332062,-0.017904572188854218,0.2624250650405884,0.06268331972093656,282.34964658364186,0.0
12.597,-90.8580209808035,-0.050040947457835876,0.4177632227250894,59,-0.0024110281374305487,0.014550509862601757,0.9989498257637024,-0.11935951560735703,0.061957333236932755,1.1136142015457153,0.058592717389309074,286.06629382076113,0.0
12.647,-90.85157773482078,-0.015571220273258605,0.49121099241672406,59,-0.0001981678797164932,0.00877220556139946,1.0000488758087158,-0.6006803512573242,0.20451782643795013,0.06859775632619858,0.05619249220882658,286.06629382076113,0.0
12.697,-90.84846542017993,-0.29647741715527104,0.7949725654100546,59,0.020910391584038734,0.027890855446457863,1.007630467414856,2.805117130279541,-1.9554948806762695,1.290152668952942,0.05228988112845874,286.06629382076113,0.0
12.748,-91.0424512512674,0.33197849993254674,0.035348093994303664,59,-0.04673231393098831,-0.0592004768550396,1.0017037391662598,0.1970585435628891,-0.5993133783340454,-1.1994717121124268,0.049272103949748194,286.06629382076113,0.0
12.798,-91.05888425623962,0.31121903555951524,-0.08208792474405632,59,-0.014555645175278187,-0.013195348903536797,0.9912102222442627,-0.4199826717376709,0.8235858082771301,0.6003654599189758,0.04289470456527553,286.06629382076113,0.0
12.848,-91.03195122150393,0.16012369910804908,0.29202735744214264,59,-0.02970549277961254,0.0016822430770844221,0.9759780168533325,-0.4794982373714447,0.847136914730072,0.0555964894592762,0.03551899360697485,286.06629382076113,0.0
12.899,-91.02442677772538,0.048956812075557465,0.3401751695207068,59,-0.0005066912272013724,0.005483145359903574,0.9991855025291443,0.3088431656360626,0.012998209334909916,0.22253002226352692,0.030701473734978578,286.06629382076113,0.0
12.949,-91.02314860421032,0.030958407669175222,0.36491764244670816,59,-0.0020846400875598192,0.006612942088395357,0.9975883364677429,-0.12000381946563721,-0.01616894081234932,0.1287854164838791,0.024510709877178315,286.06629382076113,0.0
12.999,-91.02194418434007,0.03155326318016312,0.33950783117012545,59,0.000564035726711154,0.0047640008851885796,0.9962648749351501,-0.020581206306815147,0.03681781515479088,0.11737386882305145,0.021144668315228966,286.06629382076113,0.0
13.05,-91.02057298375689,0.030273837401641905,0.4089310013864718,59,-0.0023400289937853813,0.00998090673238039,1.0017777681350708,-0.46316030621528625,0.051543429493904114,-0.2288571298122406,0.016885538122833974,286.06629382076113,0.0
13.1,-91.0137547178832,0.04181007347973973,0.31769099099548687,59,-0.011668981984257698,0.0018114938866347075,0.9965012073516846,-0.027828127145767212,0.2873519957065582,0.23394563794136047,0.0144375109827777,286.06629382076113,0.0
13.15,-91.03705264672686,0.060802432769140505,0.32775052781010744,59,0.006962021347135305,0.007197917904704809,1.0013467073440552,-0.6675612926483154,0.40383219718933105,-0.6784353256225586,0.011377959022676474,285.5210347174949,0.0
13.201,-91.04446703359645,-0.014910058184716073,0.3575064452320056,59,-0.0002515746164135635,0.0026752029079943895,0.998765766620636,0.10402978956699371,-0.7807906866073608,-0.31909435987472534,0.009653400911929691,285.5210347174949,0.0
13.251,-91.03969067153382,0.020741106803763704,0.32740103360010986,59,-0.0012944283662363887,0.005684450268745422,0.9997934103012085,-0.04321637004613876,0.3102557957172394,0.5246551632881165,0.007422143979552349,285.5210347174949,0.0
13.302,-91.02953141065586,0.0007375825171197992,0.2866810288913965,59,0.003273356705904007,0.0017315637087449431,0.9997026920318604,0.04875519126653671,0.4740602672100067,0.935282826423645,0.00620937212102908,285.5210347174949,0.0
13.352,-91.00575157353512,0.14599238699992517,0.3778415553195695,59,0.0005447225412353873,0.002117866650223732,0.9985762238502502,-3.5211994647979736,2.2863216400146484,0.032856833189725876,0.00472466448025532,285.5210347174949,0.0
13.402,-90.91493277894975,-0.26425786105554727,0.4147979935784807,59,0.0045629628002643585,0.006830238271504641,0.9945525527000427,-0.9407272338867188,2.7212891578674316,4.390344619750977,0.003977095240817051,285.5210347174949,0.0
13.452,-90.81760028493719,-0.026900073583638783,0.7415138554254452,59,-0.011624296195805073,0.016274554654955864,1.0014535188674927,-3.6469476222991943,2.423400640487671,0.5783215165138245,0.003109000604458891,285.5210347174949,0.0
13.503,-90.80897708080539,-0.20699737446655186,0.7837965921362764,59,0.0017577225808054209,0.014621705748140812,1.0009993314743042,-1.1299890279769897,1.3234597444534302,0.5022402405738831,0.00267686173255526,285.5210347174949,0.0
13.553,-90.81652188274582,-0.25010856959345906,0.8340090489127372,59,0.01451778318732977,0.018223263323307037,1.0040373802185059,-1.1928696632385254,0.48928338289260864,-0.4989423155784607,0.0021478356853279314,285.5210347174949,0.0
13.603,-90.812455600308,-0.23276859431934818,0.7755017044165287,59,0.002348612993955612,0.013579501770436764,0.9962506294250488,-1.3285795450210571,0.3589153587818146,0.12127850204706192,0.001856455430569783,285.5210347174949,0.0
13.654,-90.80155749360492,-0.40786793169597785,0.9075535580396444,59,0.004624057095497847,0.014809845015406609,0.995134174823761,-1.137704610824585,0.8241362571716309,-0.2394469529390335,0.0014927693864452284,273.0133437479659,0.0
13.704,-90.79458283632486,-0.574718804043312,0.9802942195199522,59,0.010646295733749866,0.01545680407434702,0.9985297918319702,0.19616305828094482,-0.10519151389598846,0.12780286371707916,0.0012725956139120656,273.0133437479659,0.0
13.754,-90.79233965342797,-0.4956897249430047,0.935572966909788,59,0.005917096510529518,0.016829796135425568,0.9998377561569214,-0.33310455083847046,0.5413583517074585,-0.28817203640937805,0.0010053343805962929,273.0133437479659,0.0
13.805,-90.79483266718911,-0.5522553351198113,0.9162631686892007,59,0.014897801913321018,0.016684282571077347,0.9988799095153809,-0.9133992791175842,1.1874079704284668,0.6401786208152771,0.0008638953807417557,273.0133437479659,0.0
13.855,-90.79312820565136,-0.5385950265014513,1.0716273991269032,59,0.0006987408269196749,0.012945549562573433,1.0001133680343628,-4.391298294067383,4.363285541534424,-0.8651799559593201,0.0006939078483495863,273.0133437479659,0.0
13.905,-90.80598295283006,-0.779675076412215,1.2291944742773553,59,0.018443578854203224,0.020109662786126137,1.0025759935379028,-2.092177629470825,1.9098914861679077,-0.14461775124073029,0.0005972484861432071,273.0133437479659,0.0
13.956,-90.81074444725074,-0.794889547143687,1.2438833997242589,59,0.011443376541137695,0.018796339631080627,0.9966143369674683,-2.228482723236084,2.275043487548828,-0.16235662996768951,0.00047395884587508874,273.0133437479659,0.0
14.006,-90.81598024440032,-1.0674427421050545,1.5128168445510186,59,0.02326185069978237,0.028564196079969406,0.9945809841156006,-1.9628393650054932,2.056020736694336,0.20426197350025177,0.0004090602883028067,273.0133437479659,0.0
14.056,-90.8260082501675,-1.1510849659115217,1.5832117029950983,59,0.02342562936246395,0.026760166510939598,0.9944068789482117,-3.560199499130249,3.3244335651397705,-0.3775781989097595,0.0003303853253149546,273.0133437479659,0.0
14.107,-90.8378175073348,-1.213630600327775,1.7179015505946773,59,0.020018398761749268,0.02828480862081051,0.9971629977226257,-0.9567610025405884,0.4197176992893219,-0.4697604179382324,0.0002622092241610453,273.0133437479659,0.0
14.157,-90.86322971094782,-1.3338291245934228,1.864554555652989,59,0.02790292724967003,0.04186553135514259,0.9999473094940186,-3.992053747177124,3.6155452728271484,-1.1713255643844604,0.000826644568094823,273.0133437479659,0.0
14.207,-90.85802467149341,-1.454714253530664,1.9058136129804766,59,0.024118801578879356,0.033958956599235535,0.9991046190261841,0.8927663564682007,-1.0000723600387573,0.5807392001152039,0.0022717478128990542,275.6690108445613,0.0
14.258,-90.87057301406769,-1.3943782794667756,2.004961512955433,59,0.024037150666117668,0.04017135128378868,1.0032163858413696,2.3653082847595215,-2.5985655784606934,-1.4539248943328857,0.003002176263948505,275.6690108445613,0.0
14.308,-90.9168907738715,-1.701574967880298,2.1535139844658113,59,0.06806432455778122,0.07201184332370758,0.9828311204910278,6.448578357696533,-7.137180328369141,-0.0056345900520682335,0.003920311630827209,275.6690108445613,0.0
14.359,-90.91700484983389,-1.056998815867443,1.5145979189030219,59,0.04970556125044823,0.060446251183748245,0.992722749710083,17.425037384033203,-17.627681732177734,0.2679575979709625,0.004453114290259409,275.6690108445613,0.0
14.409,-90.92430997258329,-0.3752284419794707,0.8097434309019901,59,-0.006603681482374668,0.01129231508821249,0.989520788192749,2.28756046295166,-2.881648063659668,0.04661550000309944,0.005250173233663442,275.6690108445613,0.0
14.459,-90.9131105701553,-0.302085304020281,0.5874992729008458,59,-0.0014459533849731088,0.010424869135022163,0.9914935827255249,0.2902299463748932,0.4536530673503876,1.262178897857666,0.005747533509818686,275.6690108445613,0.0
14.51,-90.90483858027994,-0.27528728066586616,0.708512969961091,59,0.004938348196446896,0.011325967498123646,0.998511016368866,0.0841323509812355,-0.10887113958597183,0.1132596954703331,0.005652987086790423,275.6690108445613,0.0
14.56,-90.89492270066326,-0.3098588585629313,0.6779462271668162,59,0.012735215947031975,0.012501578778028488,1.001874327659607,-0.9351280331611633,0.9874703884124756,0.24896563589572906,0.005445909148490188,275.6690108445613,0.0
14.611,-90.91792686199362,-0.35139138466914144,0.7505836987265333,59,0.005718935746699572,0.010437622666358948,0.9964807033538818,0.02015696093440056,-0.09874136745929718,-0.5530000925064087,0.0050367594440792205,275.6690108445613,0.0
14.661,-90.9325771681135,-0.37467692792093565,0.8179318505838152,59,0.007554784882813692,0.01746618188917637,0.995781421661377,0.2311311811208725,-0.47235721349716187,-0.9030060768127441,0.004955525072946186,275.6690108445613,0.0
14.712,-90.96393392774665,-0.4974765403621823,0.7777433316945968,59,0.023401401937007904,0.01335803885012865,1.000373125076294,0.765820324420929,-0.5522404909133911,0.335130900144577,0.004723241218307637,275.6690108445613,0.0
14.762,-90.96132747042886,-0.38054054136502213,0.7024472896715586,59,0.001898495014756918,0.011374606750905514,0.9994568824768066,-0.3386795222759247,0.10944210737943649,-0.5269121527671814,0.004842011064543699,287.7343760718941,0.0
14.812,-90.98624868185611,-0.3404313126910378,0.5975383203823397,59,0.01044522225856781,0.00671094935387373,0.9940958619117737,-2.029536008834839,2.39026141166687,1.5624563694000244,0.005169253441285082,287.7343760718941,0.0
14.863,-90.92317025527639,-0.59147642748392,0.9097701075275216,59,0.012921977788209915,0.016882872208952904,0.9959777593612671,-2.0195982456207275,3.414334297180176,1.08836829662323,0.005141474128592068,287.7343760718941,0.0
14.913,-90.89711232485902,-0.7354620448091578,1.20714206632729,59,0.016765423119068146,0.023536596447229385,0.9950308799743652,-4.681386470794678,5.594213485717773,0.961775004863739,0.005497844401324779,287.7343760718941,0.0
14.964,-90.86185355183477,-0.8031980845810047,1.2593779656390558,59,0.00643917266279459,0.02283320017158985,1.0026615858078003,-3.666840076446533,4.16642951965332,0.7025381922721863,0.005795919754027935,287.7343760718941,0.0
15.014,-90.84675476200441,-0.9352218325237113,1.4484118723556434,59,0.01755831204354763,0.024042543023824692,0.9944430589675903,-3.0827038288116455,2.80033278465271,0.553243100643158,0.006006861823827043,287.7343760718941,0.0
15.064,-90.82360855966748,-1.2309210965483222,1.9490475126606508,59,0.023070095106959343,0.04449144005775452,1.000360369682312,-0.2499152421951294,2.3057048320770264,0.30873024463653564,0.006066971307495739,287.7343760718941,0.0
15.115,-90.83976065250495,-0.9953803952737269,1.6850816558244517,59,0.010765536688268185,0.0138273686170578,1.0122356414794922,-0.22702431678771973,0.2644778788089752,-0.2763344943523407,0.006234249022220244,287.7343760718941,0.0
15.165,-90.8162280717096,-0.9640154132161196,1.6441078765356893,59,0.020345186814665794,0.033646371215581894,0.9993225932121277,-1.416459083557129,1.7865351438522339,0.6442532539367676,0.006286588192602879,287.7343760718941,0.0
15.216,-90.80119053472295,-1.2161038565879905,1.9238558424981684,59,0.022363200783729553,0.036417681723833084,0.9974361658096313,0.06517874449491501,-0.123018279671669,0.06492987275123596,0.006254495293239684,287.7343760718941,0.0
15.266,-90.80041136193739,-1.18701921110882,1.9246276740523647,59,0.020347101613879204,0.03298492729663849,0.9982910752296448,-0.11016248911619186,0.21730779111385345,-0.05808516964316368,0.006160444225428606,284.74568906992533,0.0
15.317,-90.79176278528843,-1.2225796669632187,1.9466408962990909,59,0.021414710208773613,0.03563631325960159,0.994301438331604,-0.3317493200302124,0.2299533635377884,0.15985621511936188,0.00612608826757769,284.74568906992533,0.0
15.367,-90.79164473844386,-1.257229018105208,1.964501651690164,59,0.023146972060203552,0.03553920239210129,0.9998396635055542,-0.3335869014263153,0.30320367217063904,-0.22349026799201965,0.005846477961129588,284.74568906992533,0.0
15.417,-90.79443152226365,-1.2624676880437402,1.9499573994506456,59,0.021695386618375778,0.034337595105171204,0.9982706308364868,-0.7647995948791504,1.0774022340774536,0.11533458530902863,0.005816121441415774,284.74568906992533,0.0
15.468,-90.80475497894525,-1.322049803879562,2.067028745796018,59,0.01990063302218914,0.033389218151569366,1.0015188455581665,-1.6448713541030884,1.3515658378601074,-0.36967480182647705,0.005941764611028162,284.74568906992533,0.0
15.518,-90.79221698276525,-1.477920916021081,2.161351612343546,59,0.035683196038007736,0.04298018664121628,1.009525179862976,3.9032516479492188,-3.3295106887817383,1.040285348892212,0.006079464084504218,284.74568906992533,0.0
15.569,-90.63408996507998,-1.2832336058006097,1.5717233812601659,59,0.06059354916214943,0.018910076469182968,1.1647484302520752,58.79677200317383,-12.279607772827148,7.372774600982666,0.006027504170059705,284.74568906992533,0.0
15.619,-90.93841953477083,-3.493712891163074,2.6516102378439608,59,0.26657533645629883,0.0567275770008564,1.108085036277771,102.42035675048828,29.96599578857422,-20.101642608642578,0.006546025477370254,284.74568906992533,0.0
15.669,-89.79988558655945,-11.260549112661867,3.0751052311841676,59,0.5131987929344177,-0.08302207291126251,1.028668761253357,-71.07264709472656,74.06685638427734,37.389556884765625,0.007636662550693828,284.74568906992533,0.0
15.719,-90.50221124244484,-19.54793647204441,1.2172293334177462,59,0.41520169377326965,-0.00016335556574631482,0.7639087438583374,6.013347625732422,-16.5853271484375,-50.78388595581055,0.009082859658198258,284.74568906992533,0.0
15.77,-92.05311386412262,-15.285874558200106,4.57946248474216,59,0.06867823749780655,0.19714878499507904,1.258319616317749,-38.90287780761719,-6.419150352478027,-22.04176902770996,0.011607403854084753,284.74568906992533,0.0
15.82,-92.00337197500231,-14.996633457474255,5.702783243100524,59,0.21355648338794708,0.10848618298768997,0.6130174398422241,-60.11001205444336,15.02346134185791,-5.2923455238342285,0.013426805014191396,286.16388073957836,0.0
15.87,-92.394442874359,-12.851834523698782,5.649895432709293,59,0.14798550307750702,0.12061040103435516,1.1796048879623413,-0.7861893773078918,-14.393902778625488,-22.892040252685547,0.01635415451000286,286.16388073957836,0.0
15.92,-92.65182977489854,-9.689644623019575,8.706451766153497,59,0.09703873097896576,0.18987210094928741,1.1979926824569702,-14.50202751159668,-42.990116119384766,14.45055103302002,0.018209818300281372,286.16388073957836,0.0
15.971,-92.10486753029573,-9.668179218532417,5.868686724171229,59,0.1447705626487732,0.0038242631126195192,0.8289884328842163,-35.6453742980957,19.458850860595703,12.3071870803833,0.022229975990174042,286.16388073957836,0.0
16.021,-92.2765564760409,-9.527044793063746,0.4888565939406488,59,0.19924694299697876,-0.09934315830469131,1.0186418294906616,4.87489128112793,-13.628403663635254,-39.166507720947266,0.025903241254743553,286.16388073957836,0.0
16.072,-92.87002542689892,-4.608128700841626,2.6183651482783534,59,0.05000622570514679,0.03268040716648102,0.5757946372032166,55.83489227294922,-40.19694900512695,34.2252197265625,0.03150262320453375,286.16388073957836,0.0
16.123,-93.48597709705075,-2.259265358631994,-5.296571613320326,59,-0.17055830359458923,-0.09033820033073425,1.1896852254867554,-53.42647171020508,-15.580639839172363,-60.069889068603516,0.03528750019910773,286.16388073957836,0.0
16.173,-94.10744495003405,4.3208199011348185,-3.7203249876128472,59,-0.09905631095170975,-0.13259293138980865,0.941270649433136,51.32510757446289,-28.168521881103516,-16.52560043334961,0.04019780383770897,286.16388073957836,0.0
16.223,-95.4345772869476,5.880566140457291,-3.7494586905155094,59,-0.1990429013967514,0.024712111800909042,1.0096089839935303,-13.465251922607422,16.320819854736328,-60.893253326416016,0.043418122811048426,286.16388073957836,0.0
16.274,-95.7582750433804,8.963707654059837,0.3148917614425747,59,-0.25404709577560425,0.09585128724575043,0.9815645217895508,27.693689346313477,-15.313767433166504,-64.35371398925781,0.04662355355931897,286.16388073957836,0.0
16.324,-95.13332071969477,13.34429858421124,2.758336504876105,59,-0.2872951924800873,0.05968226492404938,1.1076511144638062,-10.843426704406738,7.571126937866211,-7.472790241241455,0.04866548957376221,286.16388073957836,0.0
16.375,-94.24409516411828,12.328516849855571,2.5531341630370212,59,-0.2144232839345932,0.03840937465429306,1.1462392807006836,13.909444808959961,7.759368419647217,-41.02695846557617,0.05004403806629619,282.34964658364186,0.0
16.425,-93.74755565122763,12.712256056120676,4.269434304581571,59,-0.2241736650466919,0.12697859108448029,0.8831498026847839,6.684041500091553,30.682992935180664,-40.806087493896484,0.05179644059626075,282.34964658364186,0.0
16.476,-92.44556046680479,12.913639815991264,4.021858022095208,59,-0.16351018846035004,0.014584563672542572,1.0309113264083862,21.271514892578125,-17.973194122314453,10.412276268005371,0.05259607584350459,282.34964658364186,0.0
16.526,-90.32406497720307,9.480624792106909,1.9729870260932112,59,-0.17588061094284058,0.07149968296289444,0.7415880560874939,2.9276270866394043,10.112526893615723,-14.864971160888672,0.053783117106500154,282.34964658364186,0.0
16.577,-87.47368829851685,10.90424176102066,0.620278274206486,59,-0.15031938254833221,-0.0537288524210453,1.0952818393707275,10.35020637512207,-57.93699264526367,51.8518180847168,0.05415385807692566,282.34964658364186,0.0
16.627,-84.41451870246203,7.001570727196458,-3.507691898575244,59,-0.031689271330833435,-0.12355415523052216,0.9921708106994629,1.4969162940979004,16.127197265625,3.1048758029937744,0.05361839014356186,282.34964658364186,0.0
16.678,-82.65242052898992,6.629372134429445,-2.592795071438039,59,-0.1343204826116562,-0.009136644192039967,1.0031996965408325,-3.2712509632110596,-1.0442038774490356,2.8647878170013428,0.05313902834088627,282.34964658364186,0.0
16.728,-80.18515316203113,5.658214886535539,-1.7070386472321861,59,-0.050952743738889694,-0.006751787383109331,0.8209109902381897,9.953008651733398,-20.725234985351562,16.004453659057617,0.0518671978681407,282.34964658364186,0.0
16.779,-77.65910215037582,4.603969662669045,-1.6615312197303724,59,-0.03429822623729706,-0.012582303956151009,1.0162007808685303,10.353330612182617,-19.680763244628906,17.917306900024414,0.05049317117848754,282.34964658364186,0.0
16.829,-75.26972584525939,3.057053009894403,-1.7757975552794798,59,-0.019625574350357056,-0.01976371929049492,1.104060173034668,-1.9331262111663818,18.183847427368164,-9.91090202331543,0.04818219415602943,282.34964658364186,0.0
16.88,-73.41757173616402,3.287356877832979,0.3707511076375826,59,-0.06365317106246948,0.03870927169919014,0.9675794243812561,8.060182571411133,-3.4294981956481934,4.7195658683776855,0.046471967656482906,285.24918389553864,0.0
16.93,-71.2187232041272,3.1547504985124406,0.6749608911850041,59,-0.05076615512371063,0.020615989342331886,1.0280687808990479,-2.20139479637146,-3.60378360748291,5.100569248199463,0.04372445570735053,285.24918389553864,0.0
16.98,-68.16054836360676,2.2450522610776336,-0.9918856580602057,59,0.006374143995344639,-0.0988067016005516,1.0458656549453735,-2.0775110721588135,-2.5709052085876465,20.96457290649414,0.04169301899079664,285.24918389553864,0.0
17.031,-66.4557121972233,1.0164349835044313,-3.0872885873609492,59,0.005917007103562355,-0.0961049273610115,0.9655880928039551,-3.148191452026367,13.491189956665039,-9.370462417602539,0.03878107381269696,285.24918389553864,0.0
17.082,-64.19216845135062,1.7854781826835577,-2.459244895617059,59,-0.046341702342033386,-0.03268415108323097,1.068547010421753,9.197793960571289,-19.944063186645508,9.451746940612793,0.03682021867665073,285.24918389553864,0.0
17.132,-62.25259515324035,1.3789570867504957,-2.56294664292255,59,-0.01991703361272812,-0.029730280861258507,0.9497870206832886,-8.493288040161133,11.660689353942871,-11.711955070495605,0.03397720315147722,285.24918389553864,0.0
17.182,-60.72045298257009,2.8203713699668813,-0.41889947957687274,59,-0.0943383052945137,0.050427455455064774,1.004879355430603,-1.3543732166290283,-2.196239948272705,-4.750782012939453,0.03243524340525755,285.24918389553864,0.0
17.233,-58.527027174316224,2.7717852605768827,0.0634580789119588,59,-0.02148987352848053,-0.017164677381515503,1.0408639907836914,-7.938546657562256,-7.268432140350342,12.120039939880371,0.030167017795232492,285.24918389553864,0.0
17.283,-56.48139007925145,1.6943105953973727,-0.9176517379697581,59,-0.021359797567129135,-0.021086471155285835,0.9245921969413757,-3.4265129566192627,-2.26339054107666,1.621563196182251,0.028104717032489745,285.24918389553864,0.0
17.333,-54.488482175912345,1.5823245819615792,-1.2125901936578756,59,-0.020709427073597908,-0.031176360324025154,1.0515477657318115,-4.621695041656494,-3.4454920291900635,4.3010759353637695,0.026973373890023192,285.24918389553864,0.0
17.384,-52.44557893748124,0.8741264629253628,-1.8835647066180061,59,-0.005118653178215027,-0.05611654743552208,0.9294996857643127,-5.839621067047119,3.411400079727173,3.992130756378174,0.025806628202388996,285.24918389553864,0.0
17.434,-50.735493676337,1.351194529230898,-2.148823148881818,59,-0.04680696129798889,-0.028177719563245773,1.0044875144958496,4.0168938636779785,-11.115740776062012,-4.755431175231934,0.025383176117737136,295.7275611647747,0.0
17.485,-48.93036960380735,1.9908044450406754,-1.5189498406481916,59,-0.03577924892306328,-0.021217716857790947,0.9997155070304871,-0.7393234372138977,-4.0901198387146,2.596497058868408,0.025031337982918827,295.7275611647747,0.0
17.535,-47.15101836778772,2.111159104016804,-1.5695649967610992,59,-0.04540014639496803,-0.023957032710313797,0.9658106565475464,2.565894365310669,-5.392035961151123,-0.1335357278585434,0.024518818570166287,295.7275611647747,0.0
17.586,-45.27696826116911,2.161558644024686,-1.7233299910530557,59,-0.025212807580828667,-0.0422232411801815,1.0624936819076538,0.7675839066505432,-0.5800237655639648,4.6402692794799805,0.023733315201206997,295.7275611647747,0.0
17.637,-43.536772690130576,1.613510607511955,-1.9745314336091817,59,-0.025171028450131416,-0.026246199384331703,1.0099248886108398,-5.799325942993164,1.7575865983963013,-0.6737393736839294,0.023879637970257765,295.7275611647747,0.0
17.687,-41.801140040376865,2.0190842976983046,-1.6851222605828722,59,-0.045442935079336166,-0.03516814857721329,1.0151078701019287,-0.4928852319717407,-2.0720033645629883,5.262295722961426,0.023711885546230785,295.7275611647747,0.0
17.738,-39.961272191247,1.8704948942614512,-2.250009310887917,59,-0.026404183357954025,-0.058241210877895355,1.0149513483047485,-6.841557502746582,3.094254732131958,5.625247955322266,0.02367475016287776,295.7275611647747,0.0
17.788,-38.364776054588965,1.763949054336492,-2.505515611105454,59,-0.03931274637579918,-0.03519853949546814,0.9589582085609436,0.07443536072969437,-0.18052007257938385,-3.7541377544403076,0.02353950507647159,295.7275611647747,0.0
17.839,-36.796477360917144,1.9045968586350777,-1.6290503048744878,59,-0.03648886829614639,-0.00819326750934124,0.9741706848144531,-8.867721557617188,0.08097202330827713,2.55229115486145,0.02373763440053911,295.7275611647747,0.0
17.889,-34.709640377319204,1.388314044073099,-1.7004446394450357,59,-0.02267160639166832,-0.037421829998493195,1.0068092346191406,2.031200647354126,-6.04987096786499,4.116312503814697,0.025014495757216346,295.7275611647747,0.0
17.939,-33.34928025227175,1.159510629382756,-2.0195890983464353,59,-0.009277616627514362,-0.047891274094581604,1.02781343460083,-3.7553555965423584,2.814793586730957,4.544559478759766,0.025563143688173435,287.7343760718941,0.0
17.99,-31.876182075498626,0.618088875839926,-2.3072695260568734,59,-0.008460845798254013,-0.04255848377943039,0.955954372882843,-4.136106491088867,3.773244619369507,-7.551379203796387,0.0259797591175386,287.7343760718941,0.0
18.04,-30.139789199717494,1.4664405501012114,-1.4127958669682112,59,-0.04357790946960449,-0.021829230710864067,1.0186545848846436,-1.3787920475006104,-3.657785177230835,9.309800148010254,0.026410040074125306,287.7343760718941,0.0
18.091,-28.747961287959683,0.9352216104106911,-1.9043797368312314,59,0.01101947296410799,-0.058609552681446075,0.9750626087188721,-5.0508012771606445,2.8680171966552734,7.611774921417236,0.026743706469471655,287.7343760718941,0.0
18.141,-27.06456630164283,0.7549762534488069,-1.8450595431110917,59,-0.021427679806947708,-0.013137188740074635,1.0331199169158936,2.2784385681152344,-1.1927798986434937,0.7585466504096985,0.02710425506700822,287.7343760718941,0.0
18.192,-25.539525375029235,0.46898736605027913,-1.7654875370920844,59,0.003345467848703265,-0.032099273055791855,0.9592480063438416,-8.111917495727539,7.890495300292969,0.02171003445982933,0.027956159385942012,287.7343760718941,0.0
18.242,-24.216174025349723,0.9458411398096639,-1.3020728106263033,59,-0.03507491573691368,-0.01373221818357706,1.0273637771606445,3.006696939468384,-10.375593185424805,3.1165647506713867,0.028599141157403914,287.7343760718941,0.0
18.292,-22.668163246344697,0.5469480674291106,-1.260569903129584,59,0.011735034175217152,-0.034216903150081635,1.005808711051941,-3.646165609359741,7.889883041381836,2.521698474884033,0.029984005613584684,287.7343760718941,0.0
18.343,-21.37389983141917,0.49649337617598427,-1.5363737344599324,59,-0.019499672576785088,-0.029065165668725967,0.9570438265800476,2.5381622314453125,1.0119131803512573,-1.3102593421936035,0.031209473756258908,287.7343760718941,0.0
18.393,-20.018098849674548,0.6345825182933289,-1.7434214991861425,59,-0.015965834259986877,-0.04048992320895195,1.0199376344680786,-4.389615535736084,4.910384178161621,-1.8081516027450562,0.03177013791731133,287.7343760718941,0.0
18.443,-18.840186017202438,0.820285037829119,-0.920666980334113,59,-0.020009947940707207,0.012694516219198704,0.9770709276199341,4.119626522064209,1.9918574094772339,-5.134769916534424,0.03291135884128458,287.7343760718941,0.0
18.494,-17.450541393579737,1.2148820315761857,4.972143563151447e-05,59,-0.023880716413259506,-0.006549200974404812,1.0371451377868652,0.31243810057640076,-4.351897239685059,10.943415641784668,0.034632443065074014,202.7605143575365,0.0
18.544,-15.831915872221643,0.11980150540500994,-1.2695356803940565,59,0.03180183842778206,-0.055263813585042953,0.9769529700279236,-4.740751266479492,0.10642197728157043,0.40842515230178833,0.036839545437617006,202.7605143575365,0.0
18.594,-14.675474135612605,0.31861294548423574,-1.5518594829416807,59,-0.02744012139737606,-0.027377452701330185,1.023525357246399,1.7105937004089355,-4.798728942871094,0.814504861831665,0.03854384341125639,202.7605143575365,0.0
18.645,-13.507286150392256,0.14607856350664947,-1.6123811711797413,59,-0.0043119583278894424,-0.02148958295583725,0.9328368902206421,-5.389064788818359,3.0809755325317383,-6.6198320388793945,0.04097447518895881,202.7605143575365,0.0
18.695,-12.375001653786649,0.890125254705185,-1.2750206324699462,59,-0.025024401023983955,-0.015588664449751377,1.0429539680480957,7.035987377166748,-3.848508596420288,0.8303808569908142,0.04275567026168531,202.7605143575365,0.0
18.745,-11.197604686880943,0.5458703144036426,-0.8905240249742846,59,0.0020995307713747025,-0.005612076260149479,1.0128124952316284,-1.4721646308898926,4.202126979827881,-1.3156983852386475,0.0444362079934577,202.7605143575365,0.0
18.796,-10.093319238781215,0.8103656779278148,-0.4032089024261687,59,-0.023515045642852783,0.008260669186711311,0.9586582183837891,1.7411266565322876,-4.7959065437316895,0.16151323914527893,0.045420842076058766,202.7605143575365,0.0
18.846,-8.835445972728262,0.8701746829944284,-0.744056270065122,59,-0.012523546814918518,-0.03764110803604126,1.0675801038742065,-2.721602201461792,6.660818099975586,0.5259527564048767,0.04723343170836489,202.7605143575365,0.0
18.897,-7.825105034986453,0.6503879528986458,-0.22320361409550898,59,-0.01777801662683487,0.015355543233454227,0.9492543339729309,1.0584925413131714,-6.261048316955566,-0.6154091954231262,0.0484937039354974,202.7605143575365,0.0
18.947,-6.462962916597285,0.0023264143948142305,-1.2049682355472064,59,0.03158510848879814,-0.05828401446342468,0.9937767386436462,-4.725011825561523,2.918517827987671,-1.6053409576416016,0.05025691478914277,202.7605143575365,0.0
18.997,-5.520342618034406,-0.21187858137514332,-1.62732376991842,59,-0.013453147374093533,-0.019568772986531258,0.9995541572570801,3.7156686782836914,0.6383928060531616,-6.776511192321777,0.051236777964291214,202.7605143575365,0.0
19.048,-4.493874798193214,0.4590989074556902,-1.1358602119297116,59,-0.013079045340418816,-0.014021337032318115,0.9943228960037231,-2.8213095664978027,-4.678895473480225,0.8589597940444946,0.05216002473896607,283.78240866035185,0.0
19.098,-3.104544082537824,0.40172857394537537,-1.0649840769367116,59,-0.004363243002444506,-0.017073001712560654,1.0151418447494507,1.2401018142700195,-2.4406347274780273,-1.176404356956482,0.05291428707266918,283.78240866035185,0.0
19.149,-2.323237650120228,0.787321338581072,-0.5825148119965988,59,-0.032563164830207825,0.009978605434298515,0.9670174717903137,0.374369353055954,2.4689645767211914,0.03987833485007286,0.054042984077176955,283.78240866035185,0.0
19.2,-0.9207929095381554,1.3371018040936007,0.3326373986957858,59,-0.03164549171924591,0.018993519246578217,1.0046849250793457,3.573488235473633,-8.429121971130371,4.630084991455078,0.05461751780262112,283.78240866035185,0.0
19.25,0.4801951476159336,0.7882728821124819,-0.32603218481439245,59,0.019894273951649666,-0.03170464560389519,0.9980354309082031,-1.5845911502838135,0.040306881070137024,10.241232872009277,0.055253147349094534,283.78240866035185,0.0
19.3,1.4311848928061845,0.14998094452036223,-1.0995579050459448,59,-0.0066278716549277306,-0.016787314787507057,0.9964014887809753,3.647723913192749,1.0383448600769043,-6.791546821594238,0.05604984701059231,283.78240866035185,0.0
19.351,2.2058260931949283,0.6168669275219494,-0.6359692386125102,59,-0.01083063893020153,-0.01787581481039524,0.9976148009300232,0.6134295463562012,1.189797282218933,4.887133598327637,0.05717451037003484,283.78240866035185,0.0
19.402,3.2158008891438974,0.33040750624783144,-1.1531949684436864,59,0.001880400930531323,-0.03060922585427761,1.0036312341690063,0.2139621376991272,0.034135475754737854,-4.32678747177124,0.057998379335317096,283.78240866035185,0.0
19.452,4.41520933551788,0.9159189080395141,-0.8262056082504855,59,-0.01747433841228485,-0.023289203643798828,1.0546307563781738,2.6807680130004883,-7.114680290222168,10.477005004882812,0.05906439391704335,283.78240866035185,0.0
19.502,5.631133849358599,-0.11221033069408246,-2.1083884066670953,59,0.029874030500650406,-0.06810563802719116,0.9920935034751892,-4.267946720123291,3.5490520000457764,2.2577250003814697,0.05996275757771621,283.78240866035185,0.0
19.553,6.463159965523986,-0.12516471136547153,-2.5229451371971328,59,-0.017303230240941048,-0.04192661494016647,1.0169473886489868,1.1229838132858276,-2.62009334564209,-2.8952579498291016,0.06093700232875939,285.69606975001705,0.0
19.603,7.350315895103351,0.48405950625032107,-2.2525705157187343,59,-0.02388761006295681,-0.03439987078309059,0.9743085503578186,-0.9144716262817383,-1.4084182977676392,-0.4264478087425232,0.061977388151744785,285.69606975001705,0.0
19.653,8.277261454323543,0.6956110730738171,-2.5089533379782996,59,-0.012451600283384323,-0.0459221787750721,0.9681475758552551,-1.3044488430023193,-0.1833239495754242,0.3607752323150635,0.06245478624895693,285.69606975001705,0.0
19.704,9.125303191607781,0.4146078485877602,-2.8570009864660926,59,-0.0012859433190897107,-0.05692555382847786,0.9985219240188599,1.0099060535430908,-1.8402365446090698,-2.3314802646636963,0.0628668679522178,285.69606975001705,0.0
19.754,9.816823589214337,0.5441776586588104,-2.3912295989523975,59,-0.0194252859801054,-0.016872404143214226,0.9882580041885376,5.30717134475708,1.4838958978652954,-9.969376564025879,0.06239819427639464,285.69606975001705,0.0
19.804,10.499389332515733,1.3511519418739606,-0.8498872617844336,59,-0.03793879225850105,0.014517761766910553,1.0059603452682495,-0.25723686814308167,-1.554186224937439,1.3967509269714355,0.062097972775279196,285.69606975001705,0.0
19.855,11.527322850267913,1.0081588582939143,-1.0288562940197656,59,-0.004463959019631147,-0.03192943334579468,0.9627586603164673,-1.5725187063217163,-0.48200932145118713,1.2859300374984741,0.06218144897265335,285.69606975001705,0.0
19.905,12.387687575424184,0.9451152264430936,-1.4060377409333915,59,-0.019991932436823845,-0.02484702691435814,1.0188080072402954,0.4983043372631073,-3.5861966609954834,0.2368648648262024,0.06186220565214394,285.69606975001705,0.0
19.955,13.265074933830538,0.8336422539025073,-1.40348727935458,59,-0.011050950735807419,-0.023884937167167664,1.0279701948165894,1.1678558588027954,1.8017563819885254,-1.2522221803665161,0.06165812660116186,285.69606975001705,0.0
20.006,14.117569495528805,0.8471585551749249,-1.2411571093354237,59,-0.017817610874772072,-0.01954532228410244,0.972527801990509,0.9435114860534668,-0.52384352684021,3.866335153579712,0.060732829179718326,285.69606975001705,0.0
20.056,15.051787469519281,0.6764525387891049,-1.788876453378416,59,-0.0034798220731317997,-0.041343118995428085,1.0130430459976196,0.4871194362640381,-1.5791447162628174,0.1783405989408493,0.05968735492565954,285.69606975001705,0.0
20.106,15.880569369269278,0.4930784115661079,-1.907083494366018,59,-0.0064745680429041386,-0.03549764305353165,1.027571678161621,-2.7014811038970947,2.7930757999420166,0.0710618793964386,0.05833745722336968,285.5793558929666,0.0
20.156,16.667862074838997,0.5268174625594165,-1.854738100263345,59,-0.016170846298336983,-0.02865220233798027,0.9799709916114807,1.1158195734024048,-3.034679889678955,1.0455955266952515,0.057878213019623925,285.5793558929666,0.0
20.207,17.493829747438394,0.43719607499253615,-2.196740618677445,59,0.0026291455142199993,-0.05283031240105629,1.0224121809005737,-2.696718454360962,2.478189706802368,-2.4695377349853516,0.05690992384533462,285.5793558929666,0.0
20.257,18.080129902742435,0.44875482069915335,-1.8398511656759304,59,-0.02279043197631836,-0.008924586698412895,0.9825184941291809,0.2929476499557495,1.0105594396591187,-4.9223456382751465,0.05632375285284871,285.5793558929666,0.0
20.308,18.81076995491146,1.0772807420991883,-1.2680182369844337,59,-0.02951355092227459,-0.025539834052324295,0.9732047319412231,-3.9260244369506836,1.2774286270141602,3.064769983291626,0.05589218139287264,285.5793558929666,0.0
20.358,19.811890800348717,1.072385367202898,-1.8198494703112478,59,-0.016045348718762398,-0.044585201889276505,1.034704566001892,3.9209065437316895,-5.671707630157471,2.718203067779541,0.05551208842067204,285.5793558929666,0.0
20.408,20.604395454471625,0.6943123814116117,-2.2776785863578106,59,0.00011908960732398555,-0.047490667551755905,0.9566156268119812,0.17052288353443146,4.601721286773682,-2.7475810050964355,0.0550261023040417,285.5793558929666,0.0
20.459,21.24751169322274,0.7337786755041937,-1.968728139680486,59,-0.016110671684145927,-0.021681059151887894,1.0155060291290283,-0.4912111163139343,0.310654878616333,-1.1918891668319702,0.054643913201811126,285.5793558929666,0.0
20.509,21.96917763093267,0.6804788450043304,-1.7629174269752037,59,-0.014031914994120598,-0.03214198723435402,1.0139312744140625,2.705326557159424,0.7099494338035583,-3.042295455932617,0.054291796677809985,285.5793558929666,0.0
20.559,22.6558023156791,1.0030000889251067,-1.2777453716485925,59,-0.026626233011484146,-0.01339240837842226,0.9526637196540833,0.030244696885347366,1.037086009979248,1.0758416652679443,0.053508539196345906,285.5793558929666,0.0
20.609,23.51910074328205,0.7232938870114198,-1.963077852018671,59,0.006869750563055277,-0.06093599647283554,1.0154272317886353,-3.6884610652923584,1.1092227697372437,3.087698221206665,0.05266328456531222,285.5793558929666,0.0
20.66,24.11050976154325,0.42173722926391,-2.212472391167975,59,-0.015774784609675407,-0.03783930465579033,0.9849403500556946,3.2175397872924805,-1.5980556011199951,-5.914890289306641,0.051709249898264906,285.7544624608257,0.0
20.71,24.694480883229122,0.6833500538254949,-1.6864328923113099,59,-0.013198448345065117,-0.013579102233052254,0.9639472961425781,-1.9838926792144775,3.058265447616577,-2.826681137084961,0.05036777631635208,285.7544624608257,0.0
20.76,25.27208757955491,0.6730279665246304,-1.517290776701993,59,-0.008555742911994457,-0.025043586269021034,1.048658847808838,3.833327293395996,1.2914572954177856,-6.856575012207031,0.04861783519643611,285.7544624608257,0.0
20.811,25.902850962424704,0.8951092384106974,-0.9902308744755615,59,-0.022532550618052483,-0.012282225303351879,1.0215083360671997,-1.1874463558197021,-5.651371479034424,4.370087623596191,0.047366139596506415,285.7544624608257,0.0
20.861,26.668356380105074,0.6256402743759532,-1.4396352804615853,59,-0.00795244611799717,-0.03236238285899162,1.005773663520813,-3.6202850341796875,0.794529378414154,-0.37756529450416565,0.04526553457007033,285.7544624608257,0.0
20.911,27.33341861453357,0.641856563921586,-1.8853598078408849,59,-0.016094788908958435,-0.0355224572122097,0.9742676615715027,-2.288818120956421,2.807481050491333,-3.4409708976745605,0.04394539583937935,285.7544624608257,0.0
20.962,27.976787456400924,1.1037188905990831,-1.8679528261606646,59,-0.03001219965517521,-0.03749510645866394,1.0185221433639526,4.17772102355957,-3.4173452854156494,1.911841630935669,0.0422582456660815,285.7544624608257,0.0
21.012,28.67091102392997,0.8622589800819117,-1.8070865455000023,59,-0.014005480334162712,-0.02169731631875038,0.9456460475921631,-4.66556453704834,0.9663848876953125,-0.46151554584503174,0.04117935147757843,285.7544624608257,0.0
21.062,29.4137105419789,0.878679730449584,-2.049013921792024,59,-0.007363512180745602,-0.047626253217458725,0.9850567579269409,2.0638372898101807,-3.5092074871063232,2.2506442070007324,0.04051668567022791,285.7544624608257,0.0
21.113,29.992872162814418,0.41035832734424954,-2.2856759409850524,59,0.0007556178607046604,-0.035528428852558136,1.0334497690200806,2.686946153640747,-0.5483500361442566,-6.980172157287598,0.04033039054711258,285.7544624608257,0.0
21.163,30.336357520712085,0.9368811613290201,-1.0118668858106823,59,-0.03467998281121254,0.012431713752448559,0.9594973921775818,3.4910788536071777,7.37021017074585,-5.747766017913818,0.040496189072911054,241.31545940970025,0.0
21.214,30.975630557149376,1.5656449354234072,-0.4458359478421923,59,-0.03899393975734711,-0.0003781155974138528,1.0161365270614624,-1.3511651754379272,-4.889030456542969,3.8176157474517822,0.04018140953134812,241.31545940970025,0.0
21.264,31.7736590303975,0.971996909959076,-1.1585935026383138,59,0.012903424911201,-0.041732870042324066,1.003617525100708,0.5755634903907776,3.3740639686584473,-0.49270305037498474,0.039654721970642834,241.31545940970025,0.0
21.315,32.29056132874676,0.8151642613986073,-1.2760508629209815,59,-0.024767925962805748,-0.01399820577353239,1.0259851217269897,-3.155989408493042,3.8878209590911865,-1.7031692266464233,0.039200177128005755,241.31545940970025,0.0
21.365,32.96575755906458,0.7226936132440984,-1.3923744207146278,59,-0.008088457398116589,-0.035940591245889664,0.971163809299469,-0.010692022740840912,-3.4313435554504395,0.0859297439455986,0.03894041954686509,241.31545940970025,0.0
21.415,33.58727054167321,0.5078515274616722,-1.7023341778213201,59,-0.00791240856051445,-0.02754048816859722,0.984625518321991,0.24579617381095886,1.1678102016448975,-3.9242963790893555,0.03908742393704252,241.31545940970025,0.0
21.466,34.13305151696232,0.8676050597491469,-1.4411287668545152,59,-0.024988949298858643,-0.014946991577744484,1.0269577503204346,2.657236337661743,-3.287553310394287,-2.4878273010253906,0.03946469555363884,241.31545940970025,0.0
21.516,34.87670985251132,0.8369352756475056,-0.9707366428218944,59,-0.015117713250219822,-0.004735502414405346,1.0016319751739502,0.3491024672985077,-0.0506991408765316,-1.1297441720962524,0.03967414227538363,241.31545940970025,0.0
21.566,35.468622854830905,0.8972071687981253,-0.5767383350313484,59,-0.021668512374162674,-0.005992882419377565,1.042877197265625,-7.291383743286133,7.063802242279053,5.516402721405029,0.040251755956632,241.31545940970025,0.0
21.617,36.25588181461308,0.34504710733225163,-0.5703536604984798,59,-0.0012151157716289163,-0.010739232413470745,1.003912091255188,2.985386371612549,-0.8888475298881531,-5.907292366027832,0.04067080588809573,241.31545940970025,0.0
21.667,36.729190374568695,0.905832134400226,-0.05826688529080945,59,-0.030544299632310867,0.014769399538636208,0.9334181547164917,-2.24988055229187,4.368998050689697,0.5973501205444336,0.04135699216415104,241.31545940970025,0.0
21.719,37.46668467010804,0.8779294810503788,-0.38112978448509016,59,-0.006066507194191217,-0.023294195532798767,1.042417049407959,5.607446670532227,-7.581401824951172,5.403783798217773,0.042218628590704056,285.54047246238684,0.0
21.769,38.00398859072704,0.43984806441553964,-0.7949078890245667,59,-0.005263933911919594,-0.01102963462471962,0.9691802859306335,-1.7647773027420044,8.809521675109863,-5.591336250305176,0.04286806319266504,285.54047246238684,0.0
21.82,38.48173482741907,1.065910315210126,-0.25988807928418844,59,-0.03877651318907738,0.006558231543749571,1.010312795639038,1.294694423675537,-2.271664619445801,4.0227179527282715,0.04342176030541242,285.54047246238684,0.0
21.87,39.16770451363925,0.9222158656140408,-0.36286266324273586,59,-0.005569136701524258,-0.012507627718150616,0.9524164795875549,0.7622116804122925,-3.5901448726654053,4.4251909255981445,0.043632284298019526,285.54047246238684,0.0
21.92,39.60258506475973,0.7127084446210943,-1.1976350718284836,59,0.0010421407641842961,-0.04671988636255264,1.0168100595474243,0.36407235264778137,3.2879762649536133,3.8488354682922363,0.04355730700888584,285.54047246238684,0.0
21.971,40.02689358563551,0.1752479483045677,-1.823021972918489,59,0.00823662057518959,-0.0397830493748188,1.0212948322296143,6.342539310455322,-1.2930960655212402,-5.4372992515563965,0.043794451404788506,285.54047246238684,0.0
22.021,40.300433769277426,0.40681999045873113,-1.4460409207739036,59,-0.009551593102514744,-0.017369506880640984,0.9975829720497131,0.6664855480194092,10.050609588623047,-6.727250576019287,0.0438639925332853,285.54047246238684,0.0
22.072,40.58477109288057,0.9343907982068161,-0.9517458464787562,59,-0.030907291918992996,-0.010368078015744686,1.0048102140426636,3.010981321334839,-0.4420083463191986,-3.353858709335327,0.043528470339225175,285.54047246238684,0.0
22.122,41.17843088902811,0.9243234123411307,-1.0334832214388925,59,-0.0023994012735784054,-0.027597742155194283,1.031577706336975,-1.8679640293121338,0.167710080742836,4.530912399291992,0.0427205917498994,285.54047246238684,0.0
22.172,41.5547559258695,0.4841838266067921,-1.536505497512201,59,-0.01371950563043356,-0.03009684756398201,0.994961142539978,-3.952255964279175,4.090603351593018,-6.932264804840088,0.041936251169603284,285.54047246238684,0.0
22.223,41.88112645858057,1.016620007293607,-1.0193713072432173,59,-0.02868926338851452,-0.007178611122071743,1.0038703680038452,1.0966429710388184,-0.6800034642219543,-1.0446237325668335,0.04118118390224899,297.5105688750177,0.0
22.273,42.35015993855242,1.0703765414120239,-0.825902731307269,59,-0.019908063113689423,-0.013684501871466637,0.9793881177902222,-2.8125743865966797,2.868605852127075,1.0771358013153076,0.041115912825684435,297.5105688750177,0.0
22.323,42.48470028916754,0.9537694618882768,-1.1038002020195061,59,-0.010294497013092041,-0.027258995920419693,1.001892328262329,1.5872821807861328,-4.5776591300964355,2.0263538360595703,0.040948335797249366,297.5105688750177,0.0
22.373,42.749421041445004,0.775171907573111,-1.2229630247402488,59,-0.00825442373752594,-0.014500416815280914,0.9904080629348755,3.714632272720337,-2.087360382080078,-2.2377309799194336,0.04084750870385094,297.5105688750177,0.0
22.424,43.198779749042046,0.8742455557792967,-0.9276780244556087,59,-0.021030008792877197,-0.014685101807117462,1.0141805410385132,-5.7196478843688965,5.126021385192871,-0.32920369505882263,0.041566295267236805,297.5105688750177,0.0
22.474,43.68772896800281,0.7722519747341348,-0.9430751666514233,59,-0.00923582911491394,-0.013937135227024555,0.9693099856376648,6.204014301300049,-4.250793933868408,-2.0419812202453613,0.04202239306459573,297.5105688750177,0.0
22.525,44.08472904419294,0.9970365481735971,-0.6958559235154121,59,-0.026300517842173576,-0.004856813233345747,1.022990345954895,-2.5146777629852295,8.84874439239502,-2.3372464179992676,0.04239661804578029,297.5105688750177,0.0
22.575,44.001449358802105,1.0792094596965156,-0.42396958554632186,59,-0.02017185278236866,0.0034006210044026375,0.9837055802345276,5.9067792892456055,-2.4344677925109863,-3.438552141189575,0.04247000043174887,297.5105688750177,0.0
22.625,44.37100118760028,1.0888840756614109,-0.23429032141520315,59,-0.0065897791646420956,-0.009423787705600262,1.0212403535842896,-2.868853807449341,4.887181758880615,0.824371337890625,0.04246507785944762,297.5105688750177,0.0
22.675,44.78750811931394,0.8184275569923509,-0.3373632677152683,59,-0.027599981054663658,0.004188663326203823,0.9888015985488892,-0.39341989159584045,2.87101674079895,-6.509148597717285,0.04276854546703065,297.5105688750177,0.0
22.726,45.20365289521246,1.2372515703068105,-0.016886056899475733,59,-0.023081613704562187,-0.004758052062243223,0.9943923354148865,-2.3283743858337402,1.750889539718628,1.0327422618865967,0.04311810619449661,297.5105688750177,0.0
22.776,45.55448007691378,1.1388725514333127,-0.1890309944713129,59,-0.017809156328439713,-0.011424975469708443,0.9593737721443176,2.921780586242676,-1.4116688966751099,-0.5524764657020569,0.043170445754208656,280.5554515050167,0.0
22.827,46.02822068878574,1.233017826250762,-0.41123160164012207,59,-0.021736932918429375,-0.00279735354706645,1.0103018283843994,1.908687710762024,-0.9224618673324585,-1.9027141332626343,0.04332079514828253,280.5554515050167,0.0
22.877,46.36827623012529,1.3979647199098322,0.17378809853003097,59,-0.03528621420264244,0.02044559270143509,0.9767789244651794,0.5331203937530518,0.7956743240356445,-1.8491847515106201,0.04322775033458039,280.5554515050167,0.0
22.928,46.88459779503621,1.537781153637992,0.13441998341609343,59,-0.02059396542608738,-0.007792674005031586,1.0214004516601562,0.13989436626434326,-0.1563432365655899,3.575740098953247,0.04320188044934445,280.5554515050167,0.0
22.978,47.28832706680431,1.1734842742803675,-0.22107990595058644,59,-0.017581757158041,-0.007800975814461708,0.9900965094566345,2.4484145641326904,2.1748046875,-3.5425074100494385,0.04397565863408988,280.5554515050167,0.0
23.029,47.703622291990364,1.609082844217874,0.16315272438477568,59,-0.03728779777884483,0.007223090156912804,1.0001181364059448,-0.1951688677072525,-0.3737480640411377,3.6165480613708496,0.04429385309357952,280.5554515050167,0.0
23.079,48.32124998442212,1.189545738607627,-0.4829160796477554,59,0.0005647206562571228,-0.026531333103775978,1.011255145072937,1.0347816944122314,-1.8405109643936157,2.051520347595215,0.0447495735074723,280.5554515050167,0.0
23.13,48.787339939150854,0.9140093008038004,-0.9065218528247037,59,-0.013856805860996246,-0.02344171144068241,1.0068641901016235,-2.4903292655944824,1.9734097719192505,0.3899795711040497,0.04474407397342187,280.5554515050167,0.0
23.18,49.18734186158252,0.8642099720198901,-0.9220091918833626,59,-0.021307572722434998,-0.00892510637640953,0.974915087223053,0.5558111071586609,-3.584756851196289,-3.2702465057373047,0.04417278149668025,280.5554515050167,0.0
23.23,49.64157202873809,1.1014085787192918,-0.6475178952377225,59,-0.014708333648741245,-0.011130834929645061,1.0260859727859497,0.07108724862337112,0.7549224495887756,1.7204722166061401,0.04384938090502177,280.5554515050167,0.0
23.281,49.984422742082714,1.147324307180808,-0.2887559011763962,59,-0.03395575284957886,0.008770782500505447,1.0013139247894287,1.4187785387039185,-2.0264172554016113,-2.2020742893218994,0.043456958383168404,280.5554515050167,0.0
23.332,50.50585813370447,1.492562534925177,-0.03667562188165536,59,-0.02660924755036831,-0.010579789988696575,1.0097479820251465,-2.040095567703247,-0.7503622770309448,6.965205192565918,0.043298403367576004,278.7653861491426,0.0
23.382,50.98863354829291,0.9513389550841433,-0.7441450330134565,59,-0.006901098415255547,-0.023201700299978256,0.9817750453948975,-1.0145870447158813,-3.275484561920166,-2.2188336849212646,0.0434135664382586,278.7653861491426,0.0
23.433,51.38916579586563,1.140192356297018,-0.8423125914731291,59,-0.023526977747678757,-0.01946769282221794,0.9905534386634827,-0.8069314956665039,0.08570587635040283,0.390191912651062,0.04346413146640609,278.7653861491426,0.0
23.483,51.83589848225599,1.0819992707511794,-0.8969946174937912,59,-0.018861789256334305,-0.01725439727306366,0.99912428855896,0.5871270895004272,0.41775715351104736,2.950493335723877,0.04307565090707898,278.7653861491426,0.0
23.533,52.23026595255666,0.6425991312170491,-0.9895786913815234,59,-0.006592542864382267,-0.009094154462218285,0.9826135635375977,-2.011409044265747,0.7597329020500183,-4.148745536804199,0.04282510657310881,278.7653861491426,0.0
23.583,52.57766934053461,1.1141680641464704,-0.28566380756647847,59,-0.030782844871282578,0.009259441867470741,1.0154409408569336,-0.16245445609092712,-2.2367019653320312,4.710602283477783,0.04249509650288807,278.7653861491426,0.0
23.634,53.08774819299514,0.8595036498821841,-0.5308213851640581,59,-0.012188664637506008,-0.01635253056883812,0.977147102355957,-1.6514456272125244,1.560528039932251,-2.1287055015563965,0.0425293896987122,278.7653861491426,0.0
23.684,53.52897274816055,1.0637078779116196,-0.5172053881878573,59,-0.025778878480196,-0.004659088794142008,0.9838253259658813,0.4911998212337494,-3.6787455081939697,1.6397837400436401,0.04259039682778179,278.7653861491426,0.0
23.735,53.96281885299154,0.9662417064274792,-0.8437745356628956,59,-0.013139995746314526,-0.021985845640301704,1.0054304599761963,-1.8900039196014404,5.329723358154297,-2.8319103717803955,0.04245091936405815,278.7653861491426,0.0
23.785,54.13455793973025,1.3675338803697068,-0.25586028620173784,59,-0.041708361357450485,0.022179218009114265,0.9602855443954468,5.667299270629883,-7.7650837898254395,1.6973700523376465,0.04255605879483833,278.7653861491426,0.0
23.836,54.89949594836293,0.8628916137386559,-0.5006662120058771,59,0.023030973970890045,-0.041187845170497894,1.0280135869979858,-2.830254554748535,-0.6763787865638733,8.79383659362793,0.04233154341032576,278.8209798577411,0.0
23.888,55.29845526037188,0.04130405453701131,-1.458159650812863,59,0.003726076101884246,-0.0376405343413353,1.0119997262954712,-1.9847546815872192,4.9080328941345215,-5.233486652374268,0.04175077470905163,278.8209798577411,0.0
23.938,55.43169813317213,0.6849300539359999,-0.691952326624636,59,-0.04152167588472366,0.01632073149085045,0.9980489015579224,1.7730612754821777,-2.2309048175811768,0.13250377774238586,0.04158791257601405,278.8209798577411,0.0
23.988,55.867756951349605,1.1999061324662716,-0.3225112975037232,59,-0.025923527777194977,-0.010850625112652779,1.004920482635498,-5.9014105796813965,0.7007845044136047,9.385583877563477,0.04167062922397903,278.8209798577411,0.0
24.039,56.496790219747744,0.4633454483334157,-1.5410767865360577,59,0.023726802319288254,-0.06324721872806549,0.94740229845047,0.32398635149002075,1.8073054552078247,1.814557671546936,0.0426281436751284,278.8209798577411,0.0
24.089,56.672564820063386,0.5213261781084476,-1.6629867329591648,59,-0.027901042252779007,-0.009095392189919949,1.0230883359909058,6.169498920440674,-2.1176798343658447,-6.161467552185059,0.04364582715823576,278.8209798577411,0.0
24.14,57.026345387445915,0.9367072095509256,-0.6964229530057096,59,-0.017319967970252037,-0.003766738809645176,0.9938912987709045,-2.867868185043335,1.606358528137207,3.550008773803711,0.04490593943267144,278.8209798577411,0.0
24.19,57.39656082612921,0.9692589084315288,-0.6538952016357746,59,-0.024749206379055977,-0.00940107274800539,0.9676051735877991,2.9638309478759766,-4.422291278839111,0.8678662776947021,0.04567196900721053,278.8209798577411,0.0
24.241,57.849843139391986,0.8378463268678737,-1.4050487279110564,59,0.008886165916919708,-0.04788987711071968,1.0023125410079956,5.830328464508057,0.826521098613739,-2.8104610443115234,0.04687751045522888,278.8209798577411,0.0
24.291,57.851420015585475,0.5978826110415321,-1.4361283637568378,59,-0.016689321026206017,-0.008036293089389801,1.020957589149475,2.962618350982666,2.209588050842285,-4.50570821762085,0.04778516590361996,278.8209798577411,0.0
24.342,57.936495473439884,1.0017191628257804,-0.7171494570088595,59,-0.026161063462495804,0.0008355469326488674,0.9834771156311035,-0.25919896364212036,3.4448814392089844,-2.1448097229003906,0.04976847607152492,278.8209798577411,0.0
24.392,58.24902565402148,1.3282158693613908,-0.3209438253229332,59,-0.029661979526281357,0.00382993440143764,1.011801838874817,3.6941094398498535,-4.12996244430542,1.2234091758728027,0.05144062386544951,286.45704138778854,0.0
24.442,58.48642200739615,1.3011037736290567,-0.35090620299440023,59,-0.019638264551758766,-0.012125032022595406,1.011936902999878,-3.790562391281128,5.5371575355529785,1.6858389377593994,0.05349328954612451,286.45704138778854,0.0
24.493,58.980631735698985,0.8769976469256688,-1.0542123527795948,59,0.0009907789062708616,-0.044367339462041855,0.9961556792259216,1.9485430717468262,-2.105642318725586,5.949514865875244,0.05469269590674299,286.45704138778854,0.0
24.543,59.24866973722098,0.643493368894807,-1.842160408179492,59,-0.02843541093170643,-0.018744200468063354,0.9870516657829285,3.0227675437927246,1.5653060674667358,-9.09225845336914,0.05617643916290589,286.45704138778854,0.0
24.593,59.35779622058315,1.5085031708781897,-1.1218723442027485,59,-0.051731716841459274,-0.0026684431359171867,1.0031447410583496,-2.8930823802948,1.6974518299102783,4.046679973602295,0.05713234326363506,286.45704138778854,0.0
24.644,59.85157234548358,1.2957835363771475,-1.3151432173905624,59,-0.006286066956818104,-0.03255296126008034,1.014338493347168,3.4840128421783447,-6.9193315505981445,3.507960796356201,0.0580924448955505,286.45704138778854,0.0
24.694,60.16505301686282,0.46162096902143523,-2.019161738095328,59,0.01399185135960579,-0.04687662050127983,1.009740948677063,-2.943392753601074,1.7512553930282593,-0.7119081020355225,0.0589966805263023,286.45704138778854,0.0
24.744,60.20602013287125,0.545405411041494,-1.7379045053918731,59,-0.024400876834988594,-0.004206287674605846,0.9713200926780701,4.5713582038879395,-2.21044921875,-7.863275051116943,0.05917600212237891,286.45704138778854,0.0
24.795,60.31152916090425,1.0867044350358417,-1.1396846227493727,59,-0.028121160343289375,-0.015035485848784447,1.0274301767349243,-5.003056526184082,5.057082176208496,0.744658887386322,0.059104537446825325,286.45704138778854,0.0
24.845,60.23952899341428,1.1508445599226338,-0.8212696170237763,59,-0.03178512677550316,0.003366674529388547,0.9600815176963806,3.131643772125244,-6.179576396942139,-1.5933221578598022,0.05892169323114748,286.45704138778854,0.0
24.896,60.51342179323136,1.3071886700892286,-0.4706604369879416,59,-0.013113726861774921,-0.0014186084736138582,0.9875358939170837,-0.45963528752326965,-1.039250373840332,0.9413968920707703,0.058560913404514345,286.45704138778854,0.0
24.946,60.595978907412324,1.1828478409678576,-0.49664216675744316,59,-0.014258135110139847,-0.016814006492495537,1.0168392658233643,-5.16810417175293,4.516820430755615,1.2554805278778076,0.058245559701187534,273.7081701905508,0.0
24.997,60.79432643047771,1.2594549165206437,-0.10395645788704828,59,-0.03559337183833122,0.026210913434624672,0.9577370882034302,3.454172372817993,-6.706573009490967,-2.9448461532592773,0.05760913757969512,273.7081701905508,0.0
25.047,61.36285377803074,1.3152848515422897,-0.34227188474583037,59,0.000236152030993253,-0.04419780895113945,1.0427401065826416,-5.396145343780518,3.8928163051605225,11.168915748596191,0.056586820276085796,273.7081701905508,0.0
25.097,61.6714767113474,0.32786500852469685,-1.8520476595236923,59,0.003609046107158065,-0.057090189307928085,0.9826453924179077,-0.6557844281196594,-0.4363349974155426,-3.23746657371521,0.05535779467823196,273.7081701905508,0.0
25.147,61.844506677548644,0.5914038819873796,-2.1231584112245887,59,-0.013233437202870846,-0.03983160853385925,1.0026618242263794,2.31364107131958,-0.6598038077354431,-1.9404288530349731,0.0546591726214893,273.7081701905508,0.0
25.198,61.887591592018914,0.9044259793616185,-1.7257450227929974,59,-0.031175127252936363,-0.011268462054431438,0.950164794921875,-4.345194339752197,6.494846343994141,-6.87337064743042,0.053740010096555775,273.7081701905508,0.0
25.248,62.17703140209013,1.3723896948758028,-1.2581699157062147,59,-0.02119455300271511,-0.025973375886678696,1.0090333223342896,-0.2651185691356659,-4.910126209259033,5.592139720916748,0.053548059144736204,273.7081701905508,0.0
25.299,62.40423455152052,0.7577263567472596,-1.836468141074277,59,-0.0009319669916294515,-0.03995119035243988,0.9992074370384216,0.024814898148179054,1.1811119318008423,-5.76935338973999,0.05368953967592156,273.7081701905508,0.0
25.349,62.49125539688396,1.2231248963769141,-1.1594425411840195,59,-0.035567205399274826,0.0010577127104625106,0.988405168056488,-0.5468398928642273,-3.839998960494995,1.3979570865631104,0.05381810319307889,273.7081701905508,0.0
25.4,62.88001979295788,0.9056162671399721,-1.5786596626477332,59,0.0021451401989907026,-0.05076256021857262,1.0010408163070679,-1.5595378875732422,1.537773609161377,2.5441792011260986,0.05371628463669384,273.7081701905508,0.0
25.45,62.99860985377268,0.7142180208796135,-1.7574603468245271,59,-0.023254498839378357,-0.020941946655511856,0.9906225204467773,-0.6742176413536072,-1.888806939125061,-3.0361618995666504,0.053431402665495384,282.4637349316452,0.0
25.501,63.239079193288255,1.0510205158690007,-1.0669133865609535,59,-0.018966343253850937,-0.013189696706831455,1.0212109088897705,1.627708911895752,-4.759880542755127,5.939950466156006,0.05310541391859873,282.4637349316452,0.0
25.551,63.455995833928014,0.46386444930265947,-1.4868536080688872,59,0.008563606068491936,-0.0364617221057415,0.993935227394104,-3.034837245941162,3.6947405338287354,-4.735492706298828,0.05295142590512088,282.4637349316452,0.0
25.601,63.49014669610178,0.7040281309767918,-1.4210799814658046,59,-0.022340906783938408,-0.01891430653631687,1.0246261358261108,1.8077789545059204,1.8911750316619873,-0.37003928422927856,0.05277922066645559,282.4637349316452,0.0
25.652,63.60443188912402,0.8816029414441319,-1.2417442145237962,59,-0.026391828432679176,-0.016811825335025787,0.9531770944595337,-3.41689395904541,2.710514783859253,-2.126981735229492,0.0526801076181358,282.4637349316452,0.0
25.702,63.88296245919939,1.2097204982355385,-1.176268341926076,59,-0.023674247786402702,-0.0235741063952446,1.0304138660430908,-2.4089243412017822,1.4619888067245483,0.8584710955619812,0.051904737290541604,282.4637349316452,0.0
25.752,64.23581574441447,1.0557766339104542,-1.2736429781975478,59,-0.0173341017216444,-0.027151186019182205,0.962380051612854,3.2210943698883057,-3.676373243331909,0.7525306344032288,0.051310978186272546,282.4637349316452,0.0
25.802,64.34752874379909,0.9611400808902044,-1.39502649085202,59,-0.007860912010073662,-0.02028997242450714,1.0503716468811035,-0.9348227977752686,-1.8221083879470825,1.0065785646438599,0.05061262338420163,282.4637349316452,0.0
25.852,64.56160400344552,0.5682796935896208,-1.4553712592324515,59,0.00034285904257558286,-0.0205279141664505,1.0162372589111328,-1.1998695135116577,-2.0859909057617188,-0.43449902534484863,0.04999427175219541,282.4637349316452,0.0
25.903,64.8377892778595,0.39996528428313227,-1.167178061772172,59,-0.0015247766859829426,-0.007667827419936657,1.0556747913360596,-4.141488552093506,-0.8962129950523376,3.307595729827881,0.049593011841361445,282.4637349316452,0.0
25.953,65.23000320307769,-0.4384019624590544,-1.4686816882515068,59,0.02277480624616146,-0.04874703660607338,1.0172667503356934,-6.685380458831787,5.3623785972595215,3.6001315116882324,0.04960181998846104,282.4637349316452,0.0
26.003,65.39383284194668,-0.4915050629622542,-2.0524858119369522,59,-0.013060949742794037,-0.047082412987947464,1.0210312604904175,-3.656830310821533,0.96578049659729,-3.3671815395355225,0.04972210991332728,281.06305702606716,0.0
26.053,65.4936447685083,0.11148751052142065,-1.6473349696319863,59,-0.014367898926138878,-0.01774008385837078,0.9814597368240356,0.23146720230579376,-2.4206087589263916,-0.5175174474716187,0.05016093347334569,281.06305702606716,0.0
26.104,65.67579507296026,0.14850635058471573,-1.4343569431118095,59,0.0005505426088348031,-0.01380698848515749,0.9935035109519958,-4.298703193664551,4.714230060577393,-3.429598093032837,0.0511731516355678,281.06305702606716,0.0
26.154,65.88209723720655,0.06412327058821335,-1.0610732786435146,59,0.001149601535871625,-0.019460996612906456,1.0441546440124512,-3.7724430561065674,2.8652772903442383,4.616458415985107,0.05204523148609881,281.06305702606716,0.0
26.204,66.26989717674643,-0.6686993572229243,-1.6333792971428758,59,0.016882216557860374,-0.035120218992233276,1.0170704126358032,-2.9273765087127686,-0.6509262323379517,-2.2881791591644287,0.05364636070628516,281.06305702606716,0.0
26.255,66.5685100224323,-0.3300807202762675,-1.2325357565639408,59,-0.0072146933525800705,-0.0076522803865373135,1.04136061668396,-0.30133453011512756,-0.2954787015914917,7.8889479637146,0.05635214428281654,281.06305702606716,0.0
26.305,67.28008805258858,0.10463308846038838,-1.0757012259554568,59,0.00036798714427277446,-0.024386124685406685,1.043890118598938,0.4911353886127472,1.960424542427063,14.17284870147705,0.05832608796909913,281.06305702606716,0.0
26.355,68.12562500151512,0.27136433430190304,-0.9621549653766363,59,0.0006628356641158462,-0.024994082748889923,1.0070421695709229,1.2896596193313599,-0.8698391318321228,26.859399795532227,0.06129553308465907,281.06305702606716,0.0
26.405,69.06833867319182,-0.24026708139820405,-1.6049574297347884,59,0.023580538108944893,-0.04463985189795494,1.0259733200073242,-0.18562543392181396,-1.5799226760864258,22.106374740600586,0.06339247384989191,281.06305702606716,0.0
26.456,69.69727832175184,-0.780826740876903,-1.8909678860988104,59,0.012986790388822556,-0.024550212547183037,1.0000782012939453,-10.7461519241333,0.09087660908699036,14.79561710357666,0.0666846690295179,281.06305702606716,0.0
26.506,70.17171634502441,-0.7610008501811206,-1.6547229771904017,59,0.004555242136120796,-0.015949606895446777,0.9706416130065918,-9.64295768737793,-6.663561820983887,14.719903945922852,0.06922483879692526,281.06305702606716,0.0
26.556,70.76796459837827,-0.5038512163003581,-1.311394698840159,59,-0.010403655469417572,-0.007047281134873629,0.9456151127815247,-3.779390335083008,-9.99631404876709,14.43213939666748,0.07271099999843937,267.15312101910826,0.0
26.606,71.55738884234229,0.045212673210951064,-0.8848139352729713,59,-0.011093606241047382,-0.007392730563879013,0.9464951157569885,-3.1306376457214355,-9.760129928588867,20.085344314575195,0.07556687305271308,267.15312101910826,0.0
26.656,72.50317370499576,-0.055626398376806455,-1.6053489288008251,59,0.006444707978516817,-0.05470539629459381,0.9140269756317139,-3.0520710945129395,-8.928693771362305,22.812883377075195,0.0798229446314274,267.15312101910826,0.0
26.707,72.89220545106029,-0.37006663074833374,-2.5547282266404117,59,0.012754645198583603,-0.042246438562870026,0.954715371131897,4.661781311035156,-4.568429946899414,0.9447010159492493,0.0829802669085771,267.15312101910826,0.0
26.757,72.79941960476518,0.04565473662827932,-1.948987531117988,59,-0.012058383785188198,-0.015834100544452667,0.9483317732810974,1.8805654048919678,2.975656032562256,-1.1432808637619019,0.08851666777956146,267.15312101910826,0.0
26.807,72.81853380924846,-0.04673631801451767,-1.972854156926094,59,0.014951067976653576,-0.039514996111392975,1.0100350379943848,7.053020477294922,-0.5484122633934021,-4.410749912261963,0.09198058130011166,267.15312101910826,0.0
26.858,72.58262190370797,-0.2958398127693289,-2.2383542752056034,59,0.015955856069922447,-0.04816655069589615,0.9524638056755066,3.2165584564208984,12.106925010681152,-10.987080574035645,0.09681816433148352,267.15312101910826,0.0
26.908,72.42616786508266,0.32692957924422145,-1.9254114745532742,59,-0.020787954330444336,-0.02453017048537731,0.9899702668190002,13.72428035736084,0.5951420664787292,-7.5708394050598145,0.0997481110116791,267.15312101910826,0.0
26.959,72.29200534647865,0.3784501736689308,-2.021847792736772,59,-0.00013199691602494568,-0.0288256723433733,1.0211907625198364,5.0190205574035645,10.080888748168945,-11.580437660217285,0.10404490127872766,267.15312101910826,0.0
27.009,72.12241575942616,1.0385055950565591,-1.132441466553121,59,-0.03223858401179314,-0.008149858564138412,0.9903982281684875,7.125264644622803,5.680164337158203,2.2589058876037598,0.10674810233115181,267.15312101910826,0.0
27.059,72.20221304894538,1.152738342886111,-1.0926522367393514,59,-0.016763130202889442,-0.029504548758268356,1.0170602798461914,-1.843120813369751,11.970056533813477,0.8138688802719116,0.11059240216375368,285.7739320024528,0.0
27.109,72.32941611387558,1.098774474932247,-0.5606259671511052,59,-0.020620252937078476,-0.00470749894157052,1.012202501296997,0.4809845983982086,9.272722244262695,2.3823509216308594,0.1123133824139104,285.7739320024528,0.0
27.159,72.59586880557583,1.1812998403464114,0.04338573635253377,59,-0.024822941049933434,0.004318073391914368,0.9799039959907532,-8.423583030700684,13.79763126373291,3.785172462463379,0.11437465773212228,285.7739320024528,0.0
27.21,72.93190635046093,1.0788848118327998,0.1630934384395138,59,-0.010631179437041283,-0.011459221132099628,0.9507089257240295,3.7989981174468994,-2.6844770908355713,6.761603832244873,0.11546891327522649,285.7739320024528,0.0
27.261,73.13259065999327,0.8724034077343774,-0.49780537561512167,59,-0.011084395460784435,-0.016961896792054176,1.0055614709854126,0.36122146248817444,0.1595614105463028,0.20331062376499176,0.11642211558338797,285.7739320024528,0.0
27.311,73.05764843900923,0.7425049083798195,-0.07309239612493522,59,-0.01695314235985279,0.018630191683769226,0.9859110713005066,-0.6416103839874268,3.4308793544769287,-8.339092254638672,0.11716883551842129,285.7739320024528,0.0
27.361,72.96994067586226,1.1397772415179923,0.7979426985391403,59,-0.018494147807359695,0.024546606466174126,0.9704954624176025,1.6471856832504272,-1.9195144176483154,-1.2190537452697754,0.1185535104447701,285.7739320024528,0.0
27.412,73.00036049139091,1.2334634368768527,0.939102721550447,59,-0.024373792111873627,0.019982656463980675,1.0157289505004883,1.7031035423278809,-6.976624488830566,-1.2018247842788696,0.11964821353051208,285.7739320024528,0.0
27.462,72.98497459035134,1.120988709335927,0.8669475038879016,59,-0.015719223767518997,0.01455775834619999,1.0156751871109009,-0.34424078464508057,-2.7482175827026367,-4.731341361999512,0.121136321011635,285.7739320024528,0.0
27.513,72.93265117681902,1.2931926259609001,1.3085328333140287,59,-0.024326471611857414,0.02540631778538227,0.9926601648330688,-2.9970743656158447,3.239114761352539,-0.8328380584716797,0.12297685483186607,285.7739320024528,0.0
27.563,73.05782331018692,1.2529611052546488,1.4669917084043418,59,-0.02041344717144966,0.029836172237992287,0.9878175258636475,1.6082448959350586,-0.17703887820243835,1.2634766101837158,0.12417835481957258,285.7739320024528,0.0
27.613,73.29447460037096,1.532674457088133,1.423024692626109,59,-0.02914566919207573,0.012528561986982822,1.01595938205719,2.0860722064971924,-0.6914727687835693,4.466094970703125,0.12529215897707405,298.1450099516633,0.0
27.664,73.49240069656214,1.3477988911020573,0.9092431301949022,59,-0.019944528117775917,0.00527288019657135,1.002716302871704,-1.8077589273452759,4.441354274749756,1.5767267942428589,0.1251830852511152,298.1450099516633,0.0
27.715,73.63765738211801,1.4507807889350095,0.5971535077376351,59,-0.025410860776901245,0.0010270735947415233,1.012281894683838,2.9151904582977295,-4.0103864669799805,3.3113417625427246,0.12431720647889652,298.1450099516633,0.0
27.765,73.79717830602539,1.2556114936250433,-0.13336355179575668,59,-0.019747242331504822,-0.013828295283019543,0.9492267966270447,-0.8787693381309509,1.6459708213806152,0.570091724395752,0.12395945849193733,298.1450099516633,0.0
27.815,73.77517885032138,1.3196750765534442,-0.3754382446618944,59,-0.02078857272863388,-0.0031623002141714096,1.0346858501434326,2.8764398097991943,-4.790968894958496,-2.589108943939209,0.12366706590888028,298.1450099516633,0.0
27.866,73.68715965105758,1.2843069100418565,-0.027897995608765457,59,-0.02637929469347,0.01660844311118126,0.990825891494751,0.9680106043815613,0.018420550972223282,-4.710256099700928,0.1236586640583836,298.1450099516633,0.0
27.916,73.69202327040259,1.6329861352566486,0.563946486559237,59,-0.029364343732595444,0.014982079155743122,1.000727891921997,-0.7986595034599304,0.7919769287109375,0.8855568170547485,0.12390113879716633,298.1450099516633,0.0
27.967,73.790942648918,1.435203364067454,0.5176118462979706,59,-0.019526148214936256,0.0077887349762022495,1.023294448852539,2.753945827484131,-4.891606330871582,1.4510915279388428,0.12437263284622477,298.1450099516633,0.0
28.017,73.90420673374355,1.3599275957809973,0.3592521468650759,59,-0.018480822443962097,0.003802959807217121,0.9868340492248535,-2.9720425605773926,-0.33951517939567566,0.8185967206954956,0.12523270715256413,298.1450099516633,0.0
28.067,73.9847729905404,1.222758325791418,-0.03507459733111709,59,-0.020859358832240105,-0.010801983065903187,0.9952787160873413,-0.09985057264566422,-0.3668966591358185,-1.6996897459030151,0.12578053699511205,298.1450099516633,0.0
28.117,74.02814483704883,1.4961940354868661,0.06754098962344772,59,-0.0377095602452755,0.004339716397225857,1.0001925230026245,-2.6947388648986816,-1.232920527458191,0.5796940922737122,0.1266908860057979,298.1450099516633,0.0
28.168,74.15942286441538,1.4074218941992245,-0.11592910621403706,59,-0.020024387165904045,-0.009309142827987671,0.9960459470748901,1.4143085479736328,0.14276239275932312,0.4580240547657013,0.1275104151123226,287.1041139023889,0.0
28.218,74.1910201841868,1.1301801454199278,-0.5691106875475332,59,-0.00930548645555973,-0.01793793961405754,0.9963133931159973,-0.3283606767654419,0.8673438429832458,-1.9428993463516235,0.12907093788205848,287.1041139023889,0.0
28.269,74.1136332179332,0.949582429400943,-0.6641355906760102,59,-0.015309005975723267,-0.011888306587934494,0.9928085803985596,-6.194634914398193,2.727452516555786,-7.173883438110352,0.1299835789424805,287.1041139023889,0.0
28.319,73.93019390246506,1.2161693712542787,0.14523355401700952,59,-0.03499135747551918,0.029622752219438553,0.9581342339515686,3.2521088123321533,-7.152951240539551,-1.2197684049606323,0.1315497501967417,287.1041139023889,0.0
28.369,73.98457342255861,1.3395255113254358,0.2582297908180243,59,-0.009007099084556103,-0.003885045414790511,1.0311713218688965,0.00654946081340313,0.285788357257843,0.4265925884246826,0.13233081004057962,287.1041139023889,0.0
28.42,73.99486811180454,0.8988826588355757,-0.07579269722531494,59,-0.00844205915927887,-0.00683505879715085,1.0047131776809692,-0.8204749822616577,-0.6945194005966187,1.9872404336929321,0.13345827340254413,287.1041139023889,0.0
28.47,73.94498792961268,0.564857224444694,-0.34156006984123255,59,-0.013243027031421661,-0.011641483753919601,1.0154070854187012,-4.938425540924072,5.431659698486328,-3.7761521339416504,0.13401476458326275,287.1041139023889,0.0
28.521,73.88509277425834,0.8343140898555714,-0.21105217365079193,59,-0.01795206405222416,-0.0031276391819119453,0.9777824878692627,0.1255960911512375,-1.2815546989440918,-2.3283791542053223,0.135028844811838,287.1041139023889,0.0
28.571,73.82776660608539,1.0600598935831678,-0.17999653774312405,59,-0.020212318748235703,-0.005535392556339502,1.0140010118484497,-1.1030911207199097,2.5201539993286133,-1.0941157341003418,0.13602802237636663,287.1041139023889,0.0
28.621,73.78356522615196,1.0683905486130159,-0.07760958519896664,59,-0.023313913494348526,0.008251899853348732,0.9835481643676758,3.559654712677002,-0.4340251386165619,-2.8603134155273438,0.13739623097061732,287.1041139023889,0.0
28.672,73.8426694540436,1.2512057798279623,0.33842068656587454,59,-0.013954557478427887,0.002935203956440091,1.0059309005737305,-2.2405669689178467,-3.1654605865478516,6.45974063873291,0.1380782739491229,284.5525101763908,0.0
28.722,73.90343251886748,0.6913443640027883,-0.1575626125596052,59,0.0075438013300299644,-0.017447208985686302,0.9869838356971741,-0.4985239505767822,2.509896755218506,-2.5612385272979736,0.13821356881805288,284.5525101763908,0.0
28.772,73.86039555162728,0.6862031747309563,0.17435615468290802,59,-0.01114821620285511,0.011896157637238503,1.0619629621505737,0.15903787314891815,1.5916510820388794,0.8074656128883362,0.1382688197797707,284.5525101763908,0.0
28.822,73.89495077161729,0.39770803239050745,0.23082538419695373,59,-0.007056823465973139,-0.001254985691048205,0.9565092325210571,-1.50560462474823,-0.0678732693195343,-0.44904643297195435,0.13818039874464216,284.5525101763908,0.0
28.873,73.84855105346288,0.7115807595830685,0.2709996450547408,59,-0.027688942849636078,0.014159978367388248,0.996708333492279,-1.522368311882019,0.7813819050788879,-2.2180798053741455,0.13755219991726647,284.5525101763908,0.0
28.923,73.97786220820414,0.8355728360145374,0.12117463321059936,59,-0.010297746397554874,-0.012210280634462833,0.9918879270553589,0.9963624477386475,4.662967205047607,-1.3471388816833496,0.13724553108607765,284.5525101763908,0.0
28.974,73.97504079338677,1.1155154131462057,0.32851114720307284,59,-0.03435596823692322,0.01713682897388935,0.9483292698860168,4.204586029052734,1.3183969259262085,-1.181122064590454,0.13682265104016375,284.5525101763908,0.0
29.024,74.00410624315012,1.167703104186692,0.5564508505441553,59,-0.018269965425133705,0.016604136675596237,0.9911786317825317,3.305600643157959,1.7594935894012451,-3.7902798652648926,0.1362127018810187,284.5525101763908,0.0
29.075,74.13978422263932,1.2167746527503038,1.1119960466189158,59,-0.012959877029061317,0.023579325526952744,1.0038378238677979,2.716179609298706,-1.8190670013427734,3.9550840854644775,0.13538782884670938,284.5525101763908,0.0
29.125,74.24612142793194,0.632607992144678,0.7917326914751814,59,-0.0037018642760813236,0.010152599774301052,0.9889354705810547,-0.48883992433547974,1.5670150518417358,-2.4372763633728027,0.13468029726736405,284.5525101763908,0.0
29.176,74.35719702738187,0.5535183760645245,0.5800589949169681,59,-0.000787275901529938,-0.004203382879495621,1.0585376024246216,-0.48468127846717834,2.396824598312378,-0.7061873078346252,0.13245320515125505,284.5525101763908,0.0
29.226,74.2779908696187,0.538636914338746,0.7952956260916652,59,-0.026561439037322998,0.03113050013780594,0.9832381010055542,-1.516335129737854,6.724388599395752,-7.397220134735107,0.13122243371542833,276.19544317134205,0.0
29.276,74.34664352496482,1.3468051227024989,1.4467832925146031,59,-0.03310859203338623,0.027717800810933113,0.9834529757499695,-0.08115652203559875,0.3321613073348999,2.990419626235962,0.1305272872626011,276.19544317134205,0.0
29.327,74.47517101035545,1.3535809932077307,1.1260668874781319,59,-0.02269039861857891,0.01280444860458374,1.0104104280471802,2.688772439956665,-1.4736002683639526,1.1827760934829712,0.1296392019082751,276.19544317134205,0.0
29.377,74.60919614460552,1.0218448022437696,0.7979306311790022,59,-0.0015170081751421094,0.003590312320739031,0.9921663403511047,-1.1281509399414062,1.5813912153244019,-0.8664476275444031,0.12925825757321016,276.19544317134205,0.0
29.427,74.5790941527965,1.0410891398321955,0.8943296937024011,59,-0.02334119938313961,0.01985165663063526,1.0438659191131592,-0.15728001296520233,-0.9028741717338562,1.6877506971359253,0.1287128182257238,276.19544317134205,0.0
29.478,74.62824848463735,0.7288898209367222,0.7736976740799981,59,-0.0013208003947511315,0.00845799595117569,0.9989153146743774,-2.2240068912506104,1.87636137008667,-0.9529239535331726,0.12854295318814452,276.19544317134205,0.0
29.529,74.63338501576237,0.7644497125930352,0.6869960599122644,59,-0.02201511710882187,0.008921748027205467,1.0084013938903809,-3.0991406440734863,-1.4318534135818481,1.175917387008667,0.1283575301657396,276.19544317134205,0.0
29.58,74.75650207074679,0.7456496972539827,0.27272768370372213,59,-0.015562457963824272,-0.008373408578336239,0.976287305355072,-1.2281160354614258,1.302512288093567,-2.6700754165649414,0.1285611401066269,276.19544317134205,0.0
29.63,74.79123631495925,1.1981112483006404,0.515258286372001,59,-0.031568706035614014,0.016202226281166077,0.9662163257598877,-1.7631313800811768,0.20981904864311218,0.9984984993934631,0.1285397309624221,276.19544317134205,0.0
29.68,74.93516412499899,1.156302906033915,0.2683980695920253,59,-0.008058802224695683,-0.0032386980019509792,1.007565975189209,3.103027820587158,-1.7993086576461792,0.8001367449760437,0.1284804999875876,276.19544317134205,0.0
29.73,74.9832632585397,0.9284380743266164,0.31925862749358763,59,-0.011450527235865593,0.008882454596459866,1.0010935068130493,0.6416947841644287,-0.9982100129127502,-1.755672812461853,0.1286386635043022,276.19544317134205,0.0
29.781,75.02654543058269,0.9443636301343629,0.8680884758527511,59,-0.020126357674598694,0.029025698080658913,1.0041773319244385,0.23030942678451538,3.513241767883301,-3.049452304840088,0.12883752368361961,284.6490668476417,0.0
29.831,75.22130479079925,0.968006922693872,1.0611055257568969,59,-0.007583602797240019,0.0059591797180473804,1.0100730657577515,2.7813925743103027,-2.8970749378204346,5.221400737762451,0.12871300976120442,284.6490668476417,0.0
29.882,75.32935139063906,0.3445470168162458,0.38269660849301856,59,-0.0005189242656342685,-0.0007176314829848707,1.0017483234405518,-3.9893076419830322,7.618331432342529,-4.898730754852295,0.1290346150368183,284.6490668476417,0.0
29.932,75.30360341618069,0.5490292603006465,0.48910794153877346,59,-0.016807179898023605,-0.0006537999142892659,0.9915332198143005,1.7507156133651733,-1.8205922842025757,0.04558953270316124,0.12984521282125994,284.6490668476417,0.0
29.983,75.30563914896055,0.7711492295783602,0.24199734193133265,59,-0.026058871299028397,0.01172428485006094,0.9638287425041199,1.3113383054733276,1.3612868785858154,-6.2809906005859375,0.1301996326757009,284.6490668476417,0.0
30.033,75.2886689028482,1.3258793424483826,0.9107886994991333,59,-0.02437017858028412,0.02942405454814434,0.9847230911254883,0.10955479741096497,-1.1175479888916016,0.7096086144447327,0.13114143104287398,284.6490668476417,0.0
30.083,75.3629842612428,1.1883991489148926,1.1811480398453713,59,-0.01548115722835064,0.0288293045014143,1.002264142036438,2.4166553020477295,-5.524297714233398,-0.11388678848743439,0.1312292872856303,284.6490668476417,0.0
30.134,75.42291852256335,0.8995715611449916,1.4697266782888097,59,-0.01178732793778181,0.02941047213971615,1.027921199798584,-1.4050239324569702,0.116152822971344,-0.5388815999031067,0.13167713825075092,284.6490668476417,0.0
30.184,75.55839983000126,0.9026956512345412,1.4838208779587407,59,-0.016474081203341484,0.02710760571062565,0.9873485565185547,1.0158847570419312,-0.8028727173805237,-0.5089995861053467,0.13212054420249705,284.6490668476417,0.0
30.234,75.63941343473128,1.2815958260219953,1.492442044949775,59,-0.02731468714773655,0.022509515285491943,1.0215378999710083,-1.7379741668701172,-2.539874315261841,5.412505149841309,0.13295707989741373,284.6490668476417,0.0
30.285,75.76141593764982,0.7695636397465839,0.47375067778853636,59,0.001024317927658558,-0.01704440824687481,0.9953393936157227,-0.0370633527636528,-2.5809264183044434,-0.2645721733570099,0.13351685116047704,251.36665468057055,0.0
30.335,75.77770320984716,0.8429554871173436,-0.22576703329678793,59,-0.014835151843726635,-0.021831640973687172,0.9749917387962341,-3.6695311069488525,-0.48853227496147156,1.1117889881134033,0.13332623772473112,251.36665468057055,0.0
30.386,75.71703969203698,0.8535140755963847,-0.44520929490999017,59,-0.02948230504989624,-0.004671900067478418,1.0299123525619507,-2.398115634918213,-1.8178266286849976,-1.8854694366455078,0.13350732093949844,251.36665468057055,0.0
30.436,75.69169205025024,0.852945670227809,-0.24504479349618105,59,-0.005977041088044643,-0.0027713102754205465,0.9641594290733337,-2.168647050857544,-6.617326259613037,-2.339728832244873,0.1334493853951532,251.36665468057055,0.0
30.487,75.53518822084254,0.5785861366256623,-0.39183674362685617,59,-0.013121089898049831,0.0034711132757365704,1.0084024667739868,-2.684290885925293,1.2999509572982788,-7.721994876861572,0.1334578877602303,251.36665468057055,0.0
30.537,75.45887957847172,1.1255283401057725,0.3655576820656394,59,-0.024279635399580002,0.00971788540482521,0.9678579568862915,-4.186765670776367,-2.3864049911499023,3.4253594875335693,0.13301068737548197,251.36665468057055,0.0
30.587,75.53036174136906,0.8239101483160709,-0.16155597010227327,59,-0.0019921131897717714,-0.012189863249659538,1.0037574768066406,1.7866696119308472,-6.254188060760498,-1.3463282585144043,0.13331585511027896,251.36665468057055,0.0
30.638,75.50921385585166,0.6106921064240302,-0.39407814103104255,59,-0.002768963575363159,-0.004394382704049349,0.9749084711074829,-3.138678550720215,0.24357210099697113,-0.9737002849578857,0.13321794791801572,251.36665468057055,0.0
30.688,75.4801880918861,0.6133926329782855,-0.41860364124096,59,-0.01295947190374136,-0.006946133449673653,1.0127280950546265,-0.930591881275177,0.9035050272941589,-0.47761350870132446,0.13353055479624243,251.36665468057055,0.0
30.738,75.47837663882927,0.7001169153744615,-0.4699298013187568,59,-0.01726686768233776,-0.007062643300741911,0.9898191094398499,2.642393112182617,-6.927127838134766,1.3478751182556152,0.13365672771100415,251.36665468057055,0.0
30.789,75.53820641652588,0.5048172057461888,-1.2702939174478305,59,0.0022081828210502863,-0.043346524238586426,0.9986391067504883,-1.1635329723358154,5.270670413970947,-2.1408274173736572,0.13359726712272174,251.36665468057055,0.0
30.84,75.40514245478475,0.8676754503362137,-0.642614355096915,59,-0.039055947214365005,0.01674613542854786,0.9904293417930603,4.188788414001465,-2.679633140563965,-1.8484410047531128,0.1330025283181963,274.7840670859539,0.0
30.891,75.5082005842215,0.9642859191939972,-0.2824847406271362,59,-0.008860998786985874,-0.0035212140064686537,1.0133379697799683,-5.6617045402526855,3.804377317428589,1.1890997886657715,0.13110955464649376,274.7840670859539,0.0
30.941,75.60659046506507,0.8575148449620046,-0.11999733007762418,59,-0.012531210668385029,0.002965626074001193,0.9905006289482117,8.163496971130371,-10.192219734191895,3.635314702987671,0.12991909922381,274.7840670859539,0.0
30.991,75.72424603389481,0.5557266433890741,-0.6484046498763623,59,-0.0019125493708997965,-0.024323757737874985,1.0315191745758057,-6.623659133911133,6.238918781280518,1.0937623977661133,0.1280889391666311,274.7840670859539,0.0
31.042,75.67468095029844,0.4547419189828163,-0.669709984052212,59,-0.009651204571127892,-0.0019673181232064962,0.9562633633613586,3.5416476726531982,0.5106322169303894,-2.870039701461792,0.12761285727018853,274.7840670859539,0.0
31.092,75.6743096921721,0.9326931202886546,-0.262771490676141,59,-0.016402525827288628,0.00013048962864559144,0.9998922348022461,2.170999050140381,-3.374767780303955,3.576453447341919,0.1274780834737487,274.7840670859539,0.0
31.142,75.70019569067837,0.7186175833338088,-0.5033568015502898,59,-0.013727677054703236,-0.015062268823385239,1.0146958827972412,-1.5052672624588013,0.4862123131752014,0.37533122301101685,0.12788232787207035,274.7840670859539,0.0
31.192,75.80100798194913,0.7012763771479145,-1.1013003423009065,59,-0.0039878240786492825,-0.03739793598651886,0.964812695980072,0.800005316734314,-1.984117865562439,1.245980978012085,0.12869401373782197,274.7840670859539,0.0
31.243,75.72392321854672,0.8730581668165507,-0.9983697968251117,59,-0.021783029660582542,0.005659880116581917,1.0025999546051025,-0.8405694365501404,2.0342326164245605,-3.4164092540740967,0.12904104368733954,274.7840670859539,0.0
31.293,75.81939603492425,0.8894078975805729,-0.7359648364327995,59,-0.004307996481657028,-0.02553052268922329,1.0065888166427612,1.0863639116287231,-3.318190336227417,5.015559673309326,0.12926882991426814,274.7840670859539,0.0
31.343,75.90393768517843,0.3285555341415559,-1.5173985176606295,59,0.0032225537579506636,-0.03437979146838188,1.003924012184143,1.456459879875183,0.1733849048614502,-4.049683094024658,0.12886610577914298,274.7840670859539,0.0
31.394,75.80590528673146,0.4871738178356021,-0.9641777189513461,59,-0.011324780993163586,-0.0016400950262323022,1.0249874591827393,-0.7292858362197876,-0.4972734749317169,-0.586603045463562,0.12843192247143526,281.28924954731406,0.0
31.444,75.70263230826161,0.6841166117472645,-0.3439774260635047,59,-0.026279645040631294,0.005732050631195307,1.0190914869308472,-1.6134257316589355,10.115405082702637,-5.258203983306885,0.12881450521727364,281.28924954731406,0.0
31.495,75.52194963460919,1.1306660615991735,0.21725485331356162,59,-0.03427133336663246,0.024016128852963448,0.9224933981895447,9.482181549072266,-5.506112098693848,-1.1700680255889893,0.1286510632267671,281.28924954731406,0.0
31.545,75.63486573540125,1.1399524443700535,-0.4306393110988707,59,0.00041936946217902005,-0.033072423189878464,1.0226001739501953,-5.937863826751709,5.862205505371094,1.0457741022109985,0.12839793996501234,281.28924954731406,0.0
31.595,75.54276383536397,0.9982390172183304,-0.4592497194284694,59,-0.022052545100450516,0.0028677890077233315,0.9987053275108337,2.0413658618927,-5.042966365814209,-1.0847301483154297,0.1282273133284541,281.28924954731406,0.0
31.646,75.6063630801693,0.9510770031249837,-0.3217665941405176,59,-0.007100914139300585,-0.01619085483253002,1.0157959461212158,-6.878616809844971,4.494130611419678,2.450042963027954,0.12838169112137268,281.28924954731406,0.0
31.696,75.63325151408691,0.7358350407098233,-0.793955799042502,59,-0.016425538808107376,-0.018657593056559563,0.993067741394043,-1.0213121175765991,-2.2229106426239014,-0.22019584476947784,0.12787057587490072,281.28924954731406,0.0
31.746,75.56144988036554,0.9482453920178193,-0.4472473508427104,59,-0.023138446733355522,0.010609985329210758,0.9965776205062866,2.1832401752471924,-6.237565994262695,-1.7938483953475952,0.12768721214940706,281.28924954731406,0.0
31.797,75.61478314317776,0.9257884025415095,-0.502774930086438,59,-0.004368843510746956,-0.02180764079093933,0.9969128966331482,-5.3825883865356445,-0.4794008731842041,0.9079316854476929,0.12734727070874435,281.28924954731406,0.0
31.847,75.53175264644335,0.8292661825213887,-0.5111292410845447,59,-0.02658003941178322,0.0018109491793438792,1.0161254405975342,-1.246188759803772,-1.3828266859054565,-2.1931798458099365,0.1273875427655461,281.28924954731406,0.0
31.898,75.54169134527106,1.0981128601787344,-0.16714037000326243,59,-0.027137095108628273,0.004732971079647541,0.9514772891998291,-3.505770683288574,2.377978801727295,0.15801909565925598,0.12782828943518576,285.0165805925523,0.0
31.949,75.6863665525477,1.1438022034446989,-0.44426148603359217,59,-0.012248349376022816,-0.018149126321077347,0.9972941875457764,3.221203565597534,-7.126119136810303,4.167436122894287,0.1282353234347341,285.0165805925523,0.0
31.999,75.7502927103555,0.6060756450679067,-1.1708991259502903,59,0.001585298916324973,-0.03132674843072891,0.9849510192871094,-1.4552934169769287,0.8236032128334045,-1.4114128351211548,0.12845807378895902,285.0165805925523,0.0
32.049,75.64246883725487,0.49878593665413956,-1.1022384101977327,59,-0.009841271676123142,-0.012802635319530964,1.0346683263778687,2.393951177597046,-2.686009168624878,-3.033015251159668,0.1286171057061865,285.0165805925523,0.0
32.1,75.59091266806193,0.44423656409125606,-0.8493914296338093,59,-0.0077314856462180614,-0.004862106870859861,0.9962444305419922,-0.9913015365600586,-0.5713634490966797,-3.045839548110962,0.12879908822076114,285.0165805925523,0.0
32.151,75.60590847294824,0.5234912933691719,-0.6801754674386551,59,-0.008835580199956894,-0.019197313115000725,1.0407073497772217,-5.971312522888184,0.3443116843700409,2.7040953636169434,0.12984062730711904,285.0165805925523,0.0
32.201,75.62013179476904,0.08755372619252186,-1.2880981208339977,59,-0.000147545913932845,-0.03522006422281265,0.9521278142929077,-2.737811803817749,0.3384157419204712,-3.976419687271118,0.1309635659414035,285.0165805925523,0.0
32.251,75.54788001046039,0.8147898131260662,-0.9682735222235079,59,-0.035126253962516785,-0.009541438892483711,0.9627714157104492,0.6443683505058289,-0.7841343879699707,-0.8041560649871826,0.13290683040781387,285.0165805925523,0.0
32.302,75.46634643691506,1.127174740741483,-0.5797653961800706,59,-0.027976466342806816,0.0038966701831668615,0.9888368844985962,1.59182870388031,-2.3621749877929688,-2.924189805984497,0.13461920899717855,285.0165805925523,0.0
32.352,75.52901233533149,0.9662291213093621,-0.6167783018165178,59,0.004042814951390028,-0.03201373666524887,0.9894048571586609,-1.1023228168487549,3.589639902114868,1.8362492322921753,0.13666802222313143,285.0165805925523,0.0
32.403,75.46119066523046,0.2968082232270433,-0.9609705125042348,59,0.0028168754652142525,-0.011851774528622627,0.9829286336898804,6.047412872314453,-5.791146278381348,-4.3444414138793945,0.13712255866251838,285.0165805925523,0.0
32.453,75.28021300658044,0.49215903030582603,-0.4558125613989068,59,-0.014965501613914967,0.016830530017614365,1.0497864484786987,2.192582845687866,3.2942259311676025,-5.715301513671875,0.13779463280701,285.5015996188142,0.0
32.503,75.22366801419346,1.0093922924846934,0.5251098998296232,59,-0.027485838159918785,0.023900257423520088,1.0050023794174194,-1.6929736137390137,4.213879585266113,2.3716516494750977,0.13797280201120182,285.5015996188142,0.0
32.553,75.30363247301736,1.0547998504410503,0.36842051413378846,59,-0.020524106919765472,-0.0080266697332263,0.9896262288093567,0.9894510507583618,-1.567521095275879,3.6099934577941895,0.13871693520983217,285.5015996188142,0.0
32.604,75.48380026922743,0.5340328330165277,-0.7583991624820299,59,0.01230910886079073,-0.04664112254977226,1.0283082723617554,-1.8459911346435547,4.198233604431152,0.07979799062013626,0.1395400720082714,285.5015996188142,0.0
32.656,75.45315862835588,0.505087359615483,-1.2162624366424177,59,-0.019494442269206047,-0.02012547105550766,0.9996030926704407,1.4457476139068604,-0.6382451057434082,0.2242337018251419,0.14061566950642876,285.5015996188142,0.0
32.706,75.46108681449012,0.7492214080235384,-0.8403358861068785,59,-0.020035166293382645,0.0030191848054528236,1.0031163692474365,-0.31999877095222473,-0.18635021150112152,-0.255955308675766,0.14171411542178278,285.5015996188142,0.0
32.756,75.60052155716562,0.8172301585571902,-0.7227181392211017,59,-0.01084377896040678,-0.01816464401781559,0.9952170252799988,-0.864889919757843,-6.360570430755615,8.23628044128418,0.1427091915258786,285.5015996188142,0.0
32.807,75.68039010129914,-0.12806497171734949,-2.228453342407589,59,0.01136908307671547,-0.05816473066806793,0.9660120606422424,-3.777414560317993,5.635663032531738,-7.098374843597412,0.14336804239859474,285.5015996188142,0.0
32.857,75.45277908996671,0.654378136275582,-1.3659907278371308,59,-0.03361620381474495,0.009898890741169453,1.0058811902999878,2.3891730308532715,-1.506974697113037,-4.568821907043457,0.14557171189553522,285.5015996188142,0.0
32.907,75.41409776742604,1.1117190195795554,-0.10950581677000946,59,-0.02840191125869751,0.02733628824353218,0.9884920120239258,-0.1693093329668045,-2.9939842224121094,0.11265770345926285,0.14671762913226738,285.5015996188142,0.0
32.958,75.59743272902534,0.9707008336331314,-0.3665118794893498,59,0.008886626921594143,-0.039229296147823334,1.0198800563812256,-2.4131836891174316,-2.3954811096191406,8.301730155944824,0.14902305289164494,285.5015996188142,0.0
33.008,75.53348712618929,0.07877473773279842,-1.506186104199405,59,0.0047784787602722645,-0.032673098146915436,0.9453525543212891,1.5334826707839966,1.6189734935760498,-7.403162002563477,0.15193384936125,266.47420584498093,0.0
33.059,75.42457274492298,0.7334129682346626,-1.1543350345637748,59,-0.025438101962208748,-0.00752340629696846,1.04377019405365,-0.36778631806373596,3.3464722633361816,-3.2303690910339355,0.1533306300368308,266.47420584498093,0.0
33.109,75.34512643430352,0.8338665351075052,-0.533217475039737,59,-0.017698122188448906,0.00329994666390121,0.9359470009803772,0.596967875957489,1.2728564739227295,-1.9154257774353027,0.15549986215616235,266.47420584498093,0.0
33.16,75.38631441112584,0.6177897199264607,-0.8525173969334879,59,0.0075422003865242004,-0.029689131304621696,1.0136239528656006,-4.196812152862549,-2.1481900215148926,1.3356479406356812,0.1569898482078912,266.47420584498093,0.0
33.21,75.29303151561432,0.34550818841711756,-0.8740664418212243,59,-0.009058240801095963,0.000952748756390065,1.0231902599334717,6.590331554412842,-4.875373840332031,-6.5655741691589355,0.1587438026205509,266.47420584498093,0.0
33.261,75.28132062767763,0.8627732514943517,0.22574974109198817,59,-0.024124521762132645,0.025370672345161438,1.0084174871444702,-4.142624378204346,2.8747713565826416,2.210463523864746,0.15911707725348498,266.47420584498093,0.0
33.311,75.36238865559692,0.9418486676946134,0.308545073965878,59,-0.023805612698197365,-0.0012518683215603232,0.9799861311912537,-0.4129565358161926,-3.2888078689575195,3.53481125831604,0.16055851099247515,266.47420584498093,0.0
33.361,75.57204901975767,0.40600328656298756,-0.7508226707840063,59,0.02359648607671261,-0.04046555608510971,1.0191954374313354,0.29244866967201233,-3.2616686820983887,4.017010688781738,0.16075904441228497,266.47420584498093,0.0
33.411,75.44818139173441,0.45581526865049715,-0.8078698498948723,59,-0.026938503608107567,0.0014007402351126075,1.0202291011810303,-2.0841293334960938,2.9570698738098145,-3.2460904121398926,0.1615413198452653,266.47420584498093,0.0
33.461,75.52690822435088,0.8880188804237491,-0.427996896565192,59,-0.015675880014896393,-0.01750463806092739,0.9684447050094604,-2.2665443420410156,-0.6393816471099854,4.985310077667236,0.1626247571859963,266.47420584498093,0.0
33.512,75.65337598769007,0.5086125387555221,-1.4210730268778546,59,0.0010569185251370072,-0.053097084164619446,0.9642535448074341,2.6728219985961914,-4.7839813232421875,3.580348491668701,0.16338485475811032,285.5988015797358,0.0
33.562,75.60029052390259,0.208757408137402,-2.3049911937859595,59,-0.005335790105164051,-0.04698857665061951,1.0236647129058838,-1.1352860927581787,6.737395763397217,-7.714139461517334,0.16310245513536592,285.5988015797358,0.0
33.612,75.38432037743122,0.8173860085019097,-1.5946287894259197,59,-0.03860374540090561,-0.00488780764862895,0.9599705934524536,2.9046545028686523,1.8364975452423096,-3.840690851211548,0.16205459214107593,285.5988015797358,0.0
33.663,75.36283652090395,1.223912241018446,-1.0933062492812073,59,-0.024045273661613464,-0.00633607804775238,0.9954527020454407,0.4876302182674408,-5.709927558898926,2.3548367023468018,0.16209149207547596,285.5988015797358,0.0
33.713,75.40353600545035,0.8135918012161969,-1.4037081992358955,59,0.0051044500432908535,-0.03037034347653389,1.069427251815796,0.34628671407699585,-0.4283994138240814,-3.3654918670654297,0.16115978516021456,285.5988015797358,0.0
33.764,75.2943818098211,0.41688180634416405,-0.7620229288689323,59,-0.0042729806154966354,0.005096716340631247,0.9932048320770264,-2.3118507862091064,2.715214729309082,-1.1633657217025757,0.16104778895039418,285.5988015797358,0.0
33.814,75.32125916065685,0.3908871681363856,-0.6431559878660933,59,-0.010913316160440445,-0.013458790257573128,1.0031564235687256,-3.4675049781799316,1.1314456462860107,2.403911828994751,0.16020089682138408,285.5988015797358,0.0
33.864,75.38471539787662,0.27046029315241943,-1.3197532685348532,59,-0.00795883871614933,-0.036272045224905014,0.9597675800323486,-1.3846014738082886,-0.8375555276870728,-1.2560933828353882,0.16000396855756926,285.5988015797358,0.0
33.914,75.39033613227691,0.8482853609805594,-1.349854949013705,59,-0.02269332855939865,-0.023189039900898933,0.9930979609489441,2.574523687362671,-4.064284801483154,3.6288022994995117,0.1603764681071831,285.5988015797358,0.0
33.965,75.39882463419828,0.6273420573142052,-1.4830276630860562,59,-0.009125033393502235,-0.021474085748195648,0.9581881761550903,1.9667588472366333,-1.0126579999923706,-2.4236197471618652,0.15993517273992888,285.5988015797358,0.0
34.015,75.41126314675843,0.7480546917829123,-1.3916210511842313,59,-0.005513664335012436,-0.03366810083389282,0.9784575700759888,-1.8623371124267578,2.8982157707214355,0.5026052594184875,0.1586123235942397,285.5988015797358,0.0
34.066,75.3205310698442,0.8724571213429648,-1.3522309489375157,59,-0.017273152247071266,-0.016657771542668343,1.0297414064407349,8.798062324523926,-5.823046684265137,-2.9871575832366943,0.1571360723393214,256.9409458466062,0.0
34.116,75.32761084480605,0.9015697669435832,-1.2655050177637428,59,-0.011451972648501396,-0.030968405306339264,0.973037838935852,-2.658555269241333,6.633995056152344,1.5357744693756104,0.1565148517773709,256.9409458466062,0.0
34.167,75.30089871250334,0.8275086389631277,-1.5593839138215526,59,-0.019214123487472534,-0.02769056148827076,1.0108823776245117,4.5951457023620605,-1.9301598072052002,-0.8471861481666565,0.15580080672821114,256.9409458466062,0.0
34.217,75.3468286415832,0.9089317853382014,-1.528279050023894,59,-0.013909544795751572,-0.031099915504455566,1.0144661664962769,1.6977789402008057,-2.751739025115967,1.7472782135009766,0.155135397468069,256.9409458466062,0.0
34.268,75.40675120946914,0.7480157169871974,-1.7784324675181864,59,-0.010057332925498486,-0.029594477266073227,0.9453330039978027,-0.8319437503814697,-0.43181076645851135,-1.2423263788223267,0.1539554552305537,256.9409458466062,0.0
34.318,75.43556148441586,0.8170265398168008,-1.8759451074292195,59,-0.01167645025998354,-0.036237653344869614,1.0675874948501587,-0.27333250641822815,3.230285406112671,-0.04608366638422012,0.1530694704724692,256.9409458466062,0.0
34.368,75.30395726160906,0.9608708552865156,-1.3011278314906536,59,-0.028769848868250847,0.003845884231850505,0.9527074098587036,2.1332356929779053,1.5969866514205933,-3.7829267978668213,0.1520908769970509,256.9409458466062,0.0
34.419,75.41362154761622,1.3426736856416535,-0.9817556076248183,59,-0.01307530514895916,-0.0290631465613842,1.0368417501449585,2.0460433959960938,-6.413425445556641,6.433268070220947,0.15166926057694563,256.9409458466062,0.0
34.469,75.4429675658598,0.655781047022826,-1.6074963800433082,59,-0.006197522394359112,-0.03634808585047722,0.9704426527023315,-1.5612378120422363,3.744499683380127,-3.578582763671875,0.1510809044806515,256.9409458466062,0.0
34.519,75.37290933486855,0.7321733697217377,-1.446456352138753,59,-0.019647417590022087,-0.02319181151688099,1.0301920175552368,-3.4843358993530273,4.924434661865234,-2.286973476409912,0.14991514822637952,256.9409458466062,0.0
34.57,75.31847939168985,1.015706762297414,-1.156622342788709,59,-0.02240060642361641,-0.020062990486621857,0.9733828902244568,2.117563247680664,-1.6038482189178467,-0.8291791081428528,0.1489396781138208,285.15221972941737,0.0
34.62,75.33012873112423,1.2452181862915024,-1.3092681646897615,59,-0.021732088178396225,-0.03174643591046333,0.9283396601676941,6.066573143005371,-0.4030362367630005,0.46330195665359497,0.1485352033659733,285.15221972941737,0.0
34.671,75.25462391936306,1.1803891515069562,-1.5383495885610146,59,-0.015485286712646484,-0.024241337552666664,1.0122891664505005,3.698012113571167,4.935142517089844,-4.492657661437988,0.14793682099914024,285.15221972941737,0.0
34.721,75.19217196052236,1.2868526943935308,-1.1532896900274006,59,-0.015406165271997452,-0.0237977746874094,1.0263671875,6.903036594390869,2.5954506397247314,0.1268608421087265,0.1477392714864893,285.15221972941737,0.0
34.772,74.98231267536025,1.3102524752190006,-0.5546382310149837,59,-0.03358983248472214,0.010218771174550056,0.986081600189209,5.962247848510742,0.05320049077272415,-5.117948532104492,0.1466361800935559,285.15221972941737,0.0
34.822,74.98395652950786,1.8614434789042071,0.16447982851670273,59,-0.050618868321180344,0.013841582462191582,1.0283483266830444,-4.004595756530762,2.2760729789733887,1.990110993385315,0.14557902007725698,285.15221972941737,0.0
34.872,75.13547408675815,2.0260561917716133,0.046587529068455535,59,-0.03186303749680519,-0.005031355656683445,0.998885989189148,2.5437896251678467,-4.740438461303711,2.264315128326416,0.14320926277907634,285.15221972941737,0.0
34.923,75.28190610870955,1.6603744632246211,-0.6775652807071679,59,-0.006538611836731434,-0.029255419969558716,1.0393537282943726,0.36338376998901367,1.452741026878357,3.5721030235290527,0.1416132646107352,285.15221972941737,0.0
34.973,75.29011336457674,1.0731569482979437,-1.2182263015672816,59,-0.011897074058651924,-0.03118937276303768,0.9829912185668945,-0.6458314061164856,4.8846588134765625,-2.108264684677124,0.1388998748429015,285.15221972941737,0.0
35.024,75.25414659305517,1.5375170121082284,-1.0251497591495122,59,-0.0410461463034153,-0.005407718010246754,1.031238317489624,3.4962453842163086,-8.508960723876953,0.8236895203590393,0.13788372156425183,285.15221972941737,0.0
35.074,75.32218273370076,1.2810141132879813,-1.0304132930093535,59,-0.0076753851026296616,-0.026991989463567734,0.9892541766166687,-3.790201187133789,0.730316162109375,1.5724232196807861,0.13645802119912956,285.15221972941737,0.0
35.125,75.21365652141422,0.8619950232478875,-1.2732499931131311,59,-0.017564792186021805,-0.013569613918662071,1.0157679319381714,2.571988105773926,1.4744523763656616,-8.107916831970215,0.1355484734199725,285.3850445669184,0.0
35.175,75.07512195910209,1.773627654612573,0.0035561658717385048,59,-0.05450898036360741,0.032314687967300415,0.9901936054229736,-0.4184298515319824,0.11573424190282822,0.4707317054271698,0.13344409222697595,285.3850445669184,0.0
35.225,75.24203558186552,1.7736372880620244,-0.3638658491278255,59,-0.021018268540501595,-0.029224136844277382,0.9969072341918945,-3.2189908027648926,0.4769960641860962,3.8008615970611572,0.13077290165878094,285.3850445669184,0.0
35.276,75.3224825853715,1.3842588070152086,-1.316729743022846,59,-0.011770698241889477,-0.04216461628675461,1.0101288557052612,-0.6893847584724426,-2.9635040760040283,2.824320077896118,0.12951253704031634,285.3850445669184,0.0
35.326,75.27158622747449,0.7864423206527094,-1.824959349603528,59,-0.008286280557513237,-0.027424238622188568,1.0017130374908447,-2.0589702129364014,2.511456251144409,-5.3184051513671875,0.12801541037013764,285.3850445669184,0.0
35.377,75.16274996189598,1.3632910603714437,-0.7442482038197694,59,-0.04472159594297409,0.006713171023875475,0.9769102931022644,-0.5324352383613586,-1.8429290056228638,1.9655776023864746,0.1271597809198807,285.3850445669184,0.0
35.427,75.22817478051633,1.0345869273664492,-1.0768808818006732,59,-0.010089828632771969,-0.019243963062763214,0.971763551235199,0.20307424664497375,2.6625192165374756,-4.705463409423828,0.12689043758137047,285.3850445669184,0.0
35.477,75.16771297523567,1.7730141976548899,-0.0664015339521316,59,-0.047196727246046066,0.018346674740314484,0.999235987663269,-0.27450576424598694,-2.342498779296875,3.558469772338867,0.12679126578180588,285.3850445669184,0.0
35.527,75.32417182345557,1.3606349902936938,-0.5198288055461691,59,-0.015512336976826191,-0.027144528925418854,0.9746942520141602,-1.616661787033081,0.3441257178783417,0.624123752117157,0.12710553672445582,285.3850445669184,0.0
35.578,75.38296692511364,1.3332625527887227,-1.0154051551130272,59,-0.01491481252014637,-0.030427131801843643,1.0103917121887207,2.3459525108337402,-2.0974173545837402,3.2438385486602783,0.12774277942216067,285.3850445669184,0.0
35.628,75.38911044152883,0.9567528986913612,-1.7090387937591007,59,-0.010869848541915417,-0.0346481092274189,0.9783686995506287,0.3671714663505554,2.8611319065093994,-3.2345833778381348,0.12930483117924957,285.3850445669184,0.0
35.678,75.3421061100997,1.1185181028071143,-1.4539541100195843,59,-0.02489248290657997,-0.01944432593882084,1.0148612260818481,-0.7422808408737183,1.1977442502975464,0.15579122304916382,0.13045724440116618,287.5765512512856,0.0
35.728,75.31006049217278,1.1629981114411,-1.0276192092966763,59,-0.022677579894661903,-0.001342068426311016,1.0195530652999878,3.400902271270752,-0.8646669983863831,-1.8570804595947266,0.13142162422152687,287.5765512512856,0.0
35.779,75.38913983090114,1.169323765608791,-0.9570067064190926,59,-0.00791019294410944,-0.028220297768712044,0.9911693930625916,-0.9706881642341614,-0.42964494228363037,4.057615280151367,0.1319676183114867,287.5765512512856,0.0
35.829,75.3934701489838,0.9170909306657862,-1.4464963498774535,59,-0.016788702458143234,-0.03261883184313774,0.9880208969116211,-0.7383524179458618,-1.3639851808547974,-0.016910482197999954,0.1330835438791259,287.5765512512856,0.0
35.88,75.37091858559624,1.0988796619931314,-1.475981189590778,59,-0.026249395683407784,-0.019755272194743156,1.0080487728118896,0.8769335150718689,2.6231226921081543,-2.9775962829589844,0.13380118214686423,287.5765512512856,0.0
35.93,75.3252866374735,1.6665775957935338,-0.9799749612767015,59,-0.039314739406108856,-0.01001506857573986,0.9777164459228516,-0.21428066492080688,0.44060900807380676,3.2132949829101562,0.13464212964425426,287.5765512512856,0.0
35.98,75.38229070334133,1.5342841739790591,-1.096458429668086,59,-0.021636515855789185,-0.01699819229543209,0.9990231394767761,3.297995090484619,-5.703795433044434,2.499238967895508,0.1353587822785299,287.5765512512856,0.0
36.032,75.46899706838919,1.1598039563290792,-1.4922653691043535,59,-0.0033326533157378435,-0.044428642839193344,1.0105780363082886,-5.834250450134277,3.539879560470581,-0.4100891649723053,0.13601060875719914,287.5765512512856,0.0
36.083,75.35545135997211,1.3672302363843578,-1.4816825711778046,59,-0.04303479939699173,-0.005117583554238081,0.9721518158912659,3.291649580001831,-3.4500274658203125,-3.1783084869384766,0.13629714461568815,287.5765512512856,0.0
36.133,75.42219567878338,1.6268717153638768,-1.0033196711145524,59,-0.025765618309378624,-0.016602450981736183,1.0383210182189941,-0.8337183594703674,-1.3719091415405273,3.4264392852783203,0.1372357700854865,287.5765512512856,0.0
36.183,75.39075392374546,1.619132857484269,-0.7699415746128221,59,-0.04211520031094551,-0.002694613067433238,0.9871394634246826,0.5641757845878601,-0.07673139870166779,-2.07362699508667,0.1380313698964808,285.69606975001705,0.0
36.234,75.45882070891295,1.728404480367198,-0.6338397559617833,59,-0.01914238929748535,-0.021780580282211304,0.9755682945251465,3.341906785964966,-5.08849573135376,4.989405632019043,0.13933626295762624,285.69606975001705,0.0
36.284,75.46058576911108,1.4646684469255193,-1.42595242556987,59,-0.03320037201046944,-0.0389585979282856,1.0400139093399048,-3.3127126693725586,3.7343597412109375,-2.7892777919769287,0.1403969063965116,285.69606975001705,0.0
36.335,75.53840859774702,1.7439818114390244,-1.4790396709826041,59,-0.029830804094672203,-0.029719624668359756,1.033319115638733,0.7301257252693176,1.5356146097183228,0.2796328365802765,0.14189160420723224,285.69606975001705,0.0
36.385,75.74227963429055,1.965122339726045,-1.324281692407573,59,-0.04308972880244255,-0.019209060817956924,1.0109940767288208,-5.961827278137207,-2.3003506660461426,6.751762866973877,0.14331192879634239,285.69606975001705,0.0
36.435,76.03074486145263,1.33853676404791,-2.0393917545851,59,-0.0036377364303916693,-0.04638714715838432,0.9967416524887085,-0.25981494784355164,-13.202869415283203,5.20159387588501,0.14428447662239283,285.69606975001705,0.0
36.486,76.23540278620615,0.9122025358732548,-2.3101162045482275,59,0.0019451321568340063,-0.03902417793869972,1.093711018562317,-2.163072347640991,-12.665257453918457,9.115578651428223,0.14622388896033287,285.69606975001705,0.0
36.536,76.34112473466155,0.0902233588631434,-2.3315837100537933,59,-0.0014374081511050463,-0.025985393673181534,1.0086078643798828,-10.348109245300293,2.5255019664764404,-0.2830706238746643,0.1477481934875259,285.69606975001705,0.0
36.586,76.50014011511496,0.07760901018093452,-1.961967727135575,59,-0.00376226007938385,-0.03792891651391983,1.0503805875778198,-7.038370132446289,-2.4298510551452637,7.254558086395264,0.1497764695659225,285.69606975001705,0.0
36.637,76.67566230334205,-0.45279783389613915,-2.5075295370067914,59,0.017881933599710464,-0.05084700882434845,1.0660605430603027,-7.432507514953613,-0.8545814156532288,3.507303476333618,0.1512772760199542,285.69606975001705,0.0
36.687,76.76810354363924,-0.7558308949930311,-2.592454681139669,59,0.00037410500226542354,-0.049624815583229065,0.9582799673080444,-10.257017135620117,6.031773567199707,3.686832904815674,0.15412317495879058,285.69606975001705,0.0
36.737,76.91164331214443,-0.7691421918813961,-2.8879949991900995,59,0.007979953661561012,-0.04830602928996086,1.0353899002075195,3.6058647632598877,-3.374169111251831,0.39685672521591187,0.15625432208325968,286.45704138778854,0.0
36.788,76.9770566069973,-0.3802654782519668,-1.9914368070879604,59,-0.007949774153530598,-0.019225433468818665,1.0260908603668213,-9.362536430358887,1.3194200992584229,4.091554641723633,0.15993947839423292,286.45704138778854,0.0
36.838,77.01363285319468,-0.033664122309967175,-1.2765874621060576,59,-0.027989817783236504,-0.00014928483869880438,1.0373766422271729,-8.731633186340332,-0.537905216217041,1.6363155841827393,0.163173886746894,286.45704138778854,0.0
36.888,77.5872409017998,0.4395381115353655,-0.8301675519524013,59,0.010934303514659405,-0.03732205554842949,0.9439569711685181,-6.131890773773193,-5.723965167999268,20.317153930664062,0.16833777720156048,286.45704138778854,0.0
36.938,77.96783020535797,-0.5911510683596369,-2.223304335146442,59,0.02225598692893982,-0.057858239859342575,0.9891552925109863,-3.714553117752075,2.107158899307251,9.0969877243042,0.1721921061736773,286.45704138778854,0.0
36.989,78.2933527162019,-1.0956093747668934,-2.6744595615276476,59,0.03677680715918541,-0.05059407278895378,0.9651185870170593,6.990870952606201,-14.234474182128906,10.305952072143555,0.17894771683202237,286.45704138778854,0.0
37.039,78.61101219346031,-1.7947884472201163,-3.3605942217808136,59,0.04207697883248329,-0.07436623424291611,0.9663960933685303,-7.948220252990723,10.483863830566406,6.28662633895874,0.18342573749534208,286.45704138778854,0.0
37.09,78.76776087936896,-1.6191601593133953,-3.387079794292581,59,0.04367454722523689,-0.04175671562552452,0.889802098274231,32.19921112060547,-7.681179046630859,1.9131395816802979,0.19161177958091208,286.45704138778854,0.0
37.14,78.64364106324358,-1.1591799437337527,-2.908209243315306,59,-0.00793937873095274,-0.010917927138507366,0.8664169311523438,-13.249907493591309,13.71428394317627,-0.8906852602958679,0.19765630062211986,286.45704138778854,0.0
37.19,78.77972169266917,-0.6031623998698643,-2.815918629335568,59,0.008641384541988373,-0.058519113808870316,1.0415366888046265,-2.5379364490509033,-6.192951679229736,2.2877326011657715,0.20715710236477275,286.45704138778854,0.0
37.241,78.94640562510062,-0.8092927077795996,-2.6555815504422027,59,0.010393825359642506,-0.04499856010079384,0.9201216697692871,-2.358078718185425,-6.241189956665039,2.3330366611480713,0.2130267232954945,285.5015996188142,0.0
37.291,79.07798096607708,-0.7457025096612877,-2.798326014453019,59,0.009238908998668194,-0.044953081756830215,0.9689266681671143,-3.2592391967773438,3.6746344566345215,-2.881626605987549,0.22086609804407228,285.5015996188142,0.0
37.341,79.17106599062036,-0.636758635926591,-2.6087852453552167,59,0.014215310104191303,-0.04050641879439354,0.9442504644393921,0.5996508002281189,-2.2438852787017822,-0.06640607118606567,0.22613622077426754,285.5015996188142,0.0
37.392,79.17901585210299,-0.8429854907266285,-2.4517745904504364,59,0.021841904148459435,-0.03276017680764198,0.9771782159805298,-0.5609234571456909,-0.9080055356025696,-1.553460717201233,0.23361132532449672,285.5015996188142,0.0
37.442,79.17212333994624,-0.6806567697605086,-2.258137088521292,59,0.01078918855637312,-0.04692351073026657,1.0759299993515015,1.3766947984695435,-3.2076754570007324,0.7461574077606201,0.23896747980776314,285.5015996188142,0.0
37.493,79.13588299990609,-0.7885246424920338,-2.285800584950233,59,0.010128416121006012,-0.045347992330789566,0.9442795515060425,-1.6324818134307861,4.832910537719727,-1.3383363485336304,0.24675543543510858,285.5015996188142,0.0
37.543,79.22303746795123,-0.7756943093102958,-2.650105437115435,59,0.01977456361055374,-0.053180158138275146,1.0185891389846802,1.3031998872756958,-3.967121124267578,2.512106418609619,0.2534670560034976,285.5015996188142,0.0
37.593,79.21155281402832,-1.410341683604043,-3.3875291187360137,59,0.035683609545230865,-0.06912820041179657,0.9928291440010071,-0.2168985903263092,2.5044586658477783,-4.306406021118164,0.2582935944051766,285.5015996188142,0.0
37.644,79.04210083941985,-1.1511514898652484,-2.9252508257547447,59,0.011701987124979496,-0.03933178633451462,0.9723780751228333,0.7726062536239624,6.219521522521973,-3.228961229324341,0.265554934503163,285.5015996188142,0.0
37.695,78.95952638010938,-0.9493577772342207,-2.3768284435062674,59,0.008465704508125782,-0.02850618027150631,0.9753474593162537,2.385237693786621,-5.21715784072876,-0.941254198551178,0.27018773043865346,285.5015996188142,0.0
37.745,78.94321557217944,-1.2231517670265433,-2.303777141863725,59,0.03428707271814346,-0.03874503821134567,1.0030434131622314,1.0845853090286255,-0.2690854072570801,-2.4516828060150146,0.2763281424073317,285.5015996188142,0.0
37.796,78.88425445745236,-1.3348121471763472,-1.8800211944696357,59,0.020133817568421364,-0.007958698086440563,1.0325785875320435,-1.0032097101211548,0.3996722400188446,-3.5937492847442627,0.28027187698367995,285.4238856753998,0.0
37.846,78.94245110986847,-1.2725096835072616,-1.523875762804673,59,0.0196108166128397,-0.03405668959021568,1.0004682540893555,-3.437397003173828,13.949163436889648,-1.5570390224456787,0.28520207179548474,285.4238856753998,0.0
37.896,78.89213423179761,-1.2023641572135806,-1.6305680327860548,59,0.020183708518743515,-0.036555372178554535,0.9366939067840576,-0.7822802066802979,3.4285829067230225,-1.8973212242126465,0.2887496054431633,285.4238856753998,0.0
37.946,78.82913552302904,-1.011736771573912,-1.8570050522881083,59,0.019273212179541588,-0.032155342400074005,0.998452365398407,3.0048952102661133,-0.7475220561027527,-1.164270281791687,0.2936339726006493,285.4238856753998,0.0
37.996,78.8026477206571,-1.0482738871934547,-1.798599433481413,59,0.024794915691018105,-0.039206549525260925,1.0064834356307983,2.7061169147491455,-3.2311325073242188,0.03675726428627968,0.2962584856486934,285.4238856753998,0.0
38.047,78.75961345254935,-1.0051380574920734,-1.454479655183114,59,0.009295744821429253,-0.006128373090177774,0.9802125692367554,1.4970049858093262,3.179105758666992,-2.3764328956604004,0.30018824493801277,285.4238856753998,0.0
38.097,78.87645594448205,-1.20402268043217,-1.2048494761059338,59,0.03277533873915672,-0.026178359985351562,0.9706920981407166,-1.0440499782562256,1.8640164136886597,-2.8211405277252197,0.30260261827834795,285.4238856753998,0.0
38.148,78.81902170560716,-1.064107174874319,-1.0666723871758597,59,0.015536368824541569,-0.017480121925473213,1.0192737579345703,1.0405426025390625,-0.2696452736854553,-0.3997418284416199,0.3061119310727616,285.4238856753998,0.0
38.198,78.80240553259664,-0.9683847145329288,-1.0118850963210475,59,0.01579045131802559,-0.016194291412830353,0.9871340990066528,2.0166754722595215,2.0184271335601807,-1.6305630207061768,0.30817259793016477,285.4238856753998,0.0
38.249,78.81020622383092,-0.7354040651903689,-1.043379913655823,59,0.010565233416855335,-0.024274690076708794,0.9899265766143799,1.3707294464111328,-7.196043491363525,3.9924187660217285,0.31172482199978535,285.4238856753998,0.0
38.299,78.89250409220264,-1.216036000326835,-2.028773937177219,59,0.03668542206287384,-0.04918926581740379,1.0119688510894775,-0.29376742243766785,-1.1874377727508545,-1.4113543033599854,0.313665859580547,285.4238856753998,0.0
38.349,78.76370488672657,-1.1402605042969385,-1.7704682255519077,59,0.007910143584012985,-0.013128065504133701,1.014643907546997,-2.0698766708374023,0.6446407437324524,-4.143352031707764,0.3166851497417571,285.5793558929666,0.0
38.4,78.7229882632784,-0.7238480763529713,-1.094724475655352,59,0.003115727100521326,-0.004459631163626909,0.9918678402900696,-1.1745728254318237,-0.23874716460704803,1.12448251247406,0.31838457152738614,285.5793558929666,0.0
38.45,78.7738607534566,-0.7968891684956397,-1.194997956791242,59,0.015575588680803776,-0.029067547991871834,0.9662023782730103,0.12943144142627716,1.9098618030548096,0.37444812059402466,0.32037938516105396,285.5793558929666,0.0
38.5,78.74828674843714,-0.9073651981747908,-1.42916360798389,59,0.020832950249314308,-0.029013004153966904,1.027142882347107,1.6716519594192505,1.7669259309768677,-1.8293293714523315,0.3220784574824301,285.5793558929666,0.0
38.551,78.68796983064514,-0.8406140237913641,-1.0721293570587584,59,0.011031475849449635,-0.012254973873496056,1.0113120079040527,2.703504800796509,-2.6112427711486816,-0.25760897994041443,0.3248753716568455,285.5793558929666,0.0
38.601,78.60757433413377,-0.6432465957709028,-0.5567219929151471,59,0.0028306185267865658,0.009519745595753193,0.9674234390258789,0.47249844670295715,0.6998805999755859,-2.2908730506896973,0.3262987156686434,285.5793558929666,0.0
38.652,78.72583181664001,-0.7867991624249595,-0.3690952647113262,59,0.030727822333574295,-0.01518154051154852,0.9971640110015869,-1.135438323020935,-4.898691177368164,6.087435722351074,0.32861537970828775,285.5793558929666,0.0
38.703,78.73251251809768,-1.374136964141931,-1.448131623874392,59,0.02697690762579441,-0.03769693151116371,0.9988105893135071,-3.243262767791748,3.302508592605591,-4.717008113861084,0.3306716964588334,285.5793558929666,0.0
38.753,78.65008662529047,-0.7363340785365209,-1.154618530697045,59,-0.0017541899578645825,-0.014769921079277992,0.9675868153572083,-1.0865378379821777,3.686793088912964,-0.22531138360500336,0.3320569461080597,285.5793558929666,0.0
38.804,78.61902173619423,-0.5512169669785205,-0.8689606720774202,59,0.008549508638679981,-0.008468976244330406,0.9947873950004578,3.4567675590515137,1.4758427143096924,-0.7668325304985046,0.33466540506444664,285.5793558929666,0.0
38.854,78.63393123097072,-0.8242089716240316,-0.8614112434078002,59,0.019140884280204773,-0.010369024239480495,0.9712440371513367,3.353105306625366,-7.1181745529174805,-0.06798304617404938,0.33631878053681924,241.53780593147135,0.0
38.906,78.74175496406977,-0.9554212529548936,-1.0133311419330795,59,0.030949454754590988,-0.0254655834287405,1.0962547063827515,-2.4485580921173096,-0.8452818989753723,3.730694055557251,0.3384923388968367,241.53780593147135,0.0
38.956,78.73313954117431,-1.7027587635956165,-1.5260389493573594,59,0.0379321351647377,-0.031799547374248505,1.0070021152496338,-7.015275001525879,6.726139068603516,-4.392552852630615,0.3391925673291225,241.53780593147135,0.0
39.006,78.65345396028111,-1.3489419713805977,-1.1168909367332094,59,0.014255975373089314,-0.015264531597495079,0.9654023051261902,2.2545018196105957,-0.036114539951086044,-0.1991051286458969,0.34072527313462475,241.53780593147135,0.0
39.056,78.63337500620337,-1.085507495379698,-1.2388302871224939,59,0.013370543718338013,-0.027292460203170776,1.0123709440231323,2.266350507736206,-0.8841145038604736,-1.5062272548675537,0.34173967071126266,241.53780593147135,0.0
39.107,78.58407411544117,-0.7786217250395061,-1.1342404665061196,59,0.008926556445658207,-0.018906543031334877,0.9900599718093872,0.32231295108795166,-1.387323260307312,0.657832682132721,0.3420813156597311,241.53780593147135,0.0
39.157,78.54180938437592,-0.8601667900866588,-0.9610849951717272,59,0.012925918214023113,-0.004582825116813183,1.0046385526657104,0.8231642842292786,-0.25096559524536133,-2.3356521129608154,0.3416802207196613,241.53780593147135,0.0
39.208,78.47479109073633,-0.944835622506392,-0.6832919446674477,59,0.025775451213121414,-0.0053852093406021595,1.0340502262115479,0.42713597416877747,6.006961345672607,-3.6710991859436035,0.34025769819303636,241.53780593147135,0.0
39.259,78.4315068105013,-0.7370703547216345,-0.11201889395740144,59,0.010291912592947483,0.001108057564124465,0.9973421096801758,2.5039117336273193,-2.9468841552734375,2.8410046100616455,0.33903286009765815,241.53780593147135,0.0
39.309,78.43639736447979,-0.8464187688045904,-0.40620533591013314,59,0.01271278690546751,-0.015012064948678017,0.9875363111495972,-4.380260467529297,4.378403663635254,-1.5507527589797974,0.337409724149526,241.53780593147135,0.0
39.359,78.4028808714731,-0.5493399242969336,-0.5079134419314226,59,0.002520899521186948,-0.012498882599174976,0.9761318564414978,0.8124107718467712,2.6482748985290527,-0.3769148588180542,0.33703545461730966,241.53780593147135,0.0
39.409,78.43640823567912,-0.5160861403988225,-0.7573780217477128,59,0.011961528100073338,-0.026983125135302544,0.9770464897155762,-3.8471715450286865,0.4171028435230255,3.5539207458496094,0.33684960614462645,285.55991285403053,0.0
39.46,78.45944573348547,-0.9566013949339545,-1.4967093471831365,59,0.026807043701410294,-0.03035314939916134,0.9845201969146729,5.498153209686279,-7.931107521057129,-2.7230899333953857,0.3364024605275879,285.55991285403053,0.0
39.51,78.38741205436467,-0.8037853854447895,-0.917397367445396,59,0.010372512973845005,0.00713706761598587,1.0305014848709106,-0.7163628339767456,1.5286999940872192,-0.9000841975212097,0.33479847989549405,285.55991285403053,0.0
39.561,78.41221385523052,-0.9364248448544092,-0.5705579871086418,59,0.020333968102931976,-0.009998990222811699,1.033116102218628,-0.6424987316131592,-1.9095531702041626,0.7011339068412781,0.33319051970439767,285.55991285403053,0.0
39.611,78.41627761424013,-1.1380172865464009,-0.5989669317108265,59,0.022776011377573013,-0.015618089586496353,1.0015332698822021,-0.03452257812023163,2.2316887378692627,-0.8203177452087402,0.3314175180239248,285.55991285403053,0.0
39.661,78.29596520584488,-0.7462373887092505,-0.04609940507587674,59,-0.00976440031081438,0.02395460568368435,0.9483640193939209,1.2624260187149048,0.9753709435462952,-1.221724271774292,0.32980032441878376,285.55991285403053,0.0
39.712,78.42829847522289,-0.7416656362562256,-0.46209679533795656,59,0.02571350522339344,-0.028818689286708832,1.0036826133728027,-2.342615842819214,3.0121073722839355,2.6758275032043457,0.32930884152662954,285.55991285403053,0.0
39.762,78.42571174884398,-0.8216108982875524,-0.905827742619496,59,0.016258414834737778,-0.018912216648459435,1.054880976676941,4.758251190185547,-5.021810054779053,0.6477776765823364,0.32872375262987724,285.55991285403053,0.0
39.812,78.38984519739975,-0.8854964343940079,-0.7168240616997362,59,0.0073677594773471355,-0.007022453006356955,0.9474833011627197,-1.031383991241455,4.198122978210449,-1.3005530834197998,0.32797675776625035,285.55991285403053,0.0
39.862,78.4068839030528,-0.5013857113401092,-0.6994386547512895,59,0.004341630730777979,-0.018591666594147682,0.9591679573059082,1.1940232515335083,-3.6104788780212402,0.9602895975112915,0.32698650503540383,285.55991285403053,0.0
39.913,78.47060940271477,-0.5662548769076359,-1.1267325609631635,59,0.025037402287125587,-0.030828844755887985,1.0048654079437256,2.232776403427124,-4.686079978942871,2.0234246253967285,0.326535869228843,285.8908049894349,0.0
39.963,78.38192114947732,-0.8843851225141619,-1.2257532894080334,59,0.019621720537543297,-0.00526399677619338,0.9910779595375061,1.6565905809402466,1.47800612449646,-4.433768272399902,0.3258506888810674,285.8908049894349,0.0
40.014,78.35085873495791,-0.8578008019984283,-0.7026036757052685,59,0.016700007021427155,-0.004665732383728027,1.0451375246047974,0.03734481334686279,-0.3377769887447357,0.3836062252521515,0.32300007181221485,285.8908049894349,0.0
40.064,78.35401393884831,-1.1250162958504693,-0.885878902236838,59,0.027063922956585884,-0.028578558936715126,1.022942304611206,-5.277668476104736,5.043886184692383,-2.3261091709136963,0.3198635672818553,285.8908049894349,0.0
40.115,78.24436601217792,-0.830825051130315,-0.5668366870287671,59,-0.0038309020455926657,-0.0016931082354858518,1.0091509819030762,-0.22080276906490326,0.05793284997344017,-2.0447463989257812,0.31802412299222094,285.8908049894349,0.0
40.165,78.2704786638485,-0.7348821170568663,-0.47557611440622766,59,0.008758100681006908,-0.010611578822135925,0.91974937915802,3.649958372116089,-2.6629741191864014,-0.9321326017379761,0.3159691255461702,285.8908049894349,0.0
40.216,78.25629485973835,-0.20648113386237446,-0.5152603897039973,59,-0.0024552938994020224,-0.006905784364789724,1.000054121017456,1.7383099794387817,-3.2149569988250732,0.5186859369277954,0.31480919563561033,285.8908049894349,0.0
40.267,78.32222719263123,-0.4043754285250457,-0.554255913082464,59,0.021148813888430595,-0.022377271205186844,0.9962502121925354,0.7046403884887695,-1.0457720756530762,2.5882561206817627,0.3134896783549867,285.8908049894349,0.0
40.317,78.25999985149082,-0.7867418962136071,-0.9415727173898091,59,0.015353710390627384,-0.010687271133065224,0.9928543567657471,0.5019832849502563,0.7000269293785095,-4.121854782104492,0.3122008881639176,285.8908049894349,0.0
40.367,78.19761227725186,-0.3600786853581592,-0.2691322462771551,59,-0.0037667625583708286,0.0038177284877747297,1.032573938369751,0.09103498607873917,1.7510242462158203,0.05972062051296234,0.3106835686182568,285.8908049894349,0.0
40.418,78.24601994575089,-0.44799799957937975,-0.12379995818677217,59,0.01369414571672678,-0.011201918125152588,1.01800537109375,-1.7789608240127563,-2.117520332336426,3.0230207443237305,0.3098505671072906,285.8908049894349,0.0
40.468,78.30953234084521,-0.8649214471989439,-0.9152238356634077,59,0.02180783636868,-0.03447442501783371,1.0127789974212646,-2.242814540863037,3.7779576778411865,-0.6139739751815796,0.3087406461792869,285.4044637996734,0.0
40.518,78.29866418785484,-0.9525655834053373,-0.9785040370196608,59,0.01721297763288021,-0.0193674024194479,0.9546322226524353,1.4655941724777222,-2.88671875,0.6372349858283997,0.3075709158841358,285.4044637996734,0.0
40.569,78.23780637347488,-0.7971969964538309,-0.950493953433056,59,0.0030541270971298218,-0.0025234532076865435,0.9819847345352173,1.7195104360580444,0.7527787089347839,-3.449517250061035,0.3053124430207675,285.4044637996734,0.0
40.619,78.26773673100506,-0.4658226912082655,-0.611041274155758,59,0.011518680490553379,-0.01738317869603634,1.0233947038650513,-0.38161706924438477,0.8473105430603027,1.9552844762802124,0.3032541599980489,285.4044637996734,0.0
40.669,78.21312181092345,-0.5247612679200278,-0.4323710343692487,59,0.004490271210670471,0.0024567043874412775,0.988063633441925,3.1062850952148438,1.1522408723831177,-2.487912178039551,0.3024224563058759,285.4044637996734,0.0
40.719,78.1817849699884,-0.27150942119817834,0.028280227651079588,59,0.0009426729520782828,-0.0005192479584366083,0.9803966283798218,-0.10276675969362259,-1.0029363632202148,3.701338529586792,0.3011332521198534,285.4044637996734,0.0
40.77,78.30686210319568,-0.7225084386199728,-0.8520404148053878,59,0.030490797013044357,-0.035513438284397125,1.0299415588378906,3.529963254928589,-1.1953142881393433,-0.48750361800193787,0.2975734468781143,285.4044637996734,0.0
40.82,78.22489831252301,-0.9065907760588053,-0.9121347886560607,59,0.013838942162692547,-0.013414159417152405,1.0052695274353027,-2.3274431228637695,5.391282081604004,-1.4670181274414062,0.29291307332855426,285.4044637996734,0.0
40.87,78.19467529846533,-1.0087949568182069,-0.8898644408728794,59,0.018184378743171692,-0.022608289495110512,1.0078399181365967,-2.277756452560425,3.0478286743164062,-1.2712606191635132,0.2905681455337136,285.4044637996734,0.0
40.92,78.12257940597297,-0.9339832187902161,-0.8459491047493669,59,0.007269352208822966,-0.011442969553172588,1.0114326477050781,-0.701948881149292,1.2286972999572754,-1.6653308868408203,0.28713092357299635,285.4044637996734,0.0
40.971,78.01118878477975,-0.7347145728750843,-0.4352548177804216,59,0.0020339363254606724,0.006516064517199993,0.9592781066894531,-0.683442234992981,3.4740498065948486,-4.749905586242676,0.2852612541446408,285.4044637996734,0.0
41.021,78.00171949997085,-0.19363438551569762,0.3410733537859992,59,-0.001975922379642725,0.018310602754354477,0.9394184350967407,0.6070578098297119,-3.1334381103515625,4.085816383361816,0.28355284107849105,274.55023892125416,0.0
41.072,78.14474935973422,-0.6932836819758572,-0.5141511895607103,59,0.03336840495467186,-0.030550913885235786,1.069116473197937,3.6639485359191895,-7.302268981933594,1.586580753326416,0.28311070514767833,274.55023892125416,0.0
41.122,78.02606361635965,-0.9736664471989668,-0.3628500393002728,59,0.011073584668338299,0.014832284301519394,0.9937132596969604,-2.9136035442352295,5.431503772735596,-5.580473899841309,0.28286178011101015,274.55023892125416,0.0
41.172,78.02487915238986,-0.4759834293066426,0.3195535072145006,59,0.005415171850472689,0.007574027869850397,1.0215188264846802,-2.9467580318450928,0.0834595337510109,3.9272334575653076,0.2835635594896666,274.55023892125416,0.0
41.223,78.09768041295875,-0.8552232689436691,-0.20007231618097507,59,0.015106658451259136,-0.017683276906609535,0.9795125126838684,1.0050880908966064,-0.9065623879432678,0.3330373167991638,0.2842608755943283,274.55023892125416,0.0
41.273,78.10930802518878,-0.9730340766572134,-0.6442349070325477,59,0.018046677112579346,-0.020868787541985512,0.993250846862793,-4.970992088317871,5.33441162109375,-1.6154539585113525,0.2844976697254125,274.55023892125416,0.0
41.324,78.04121700373672,-0.7915500063188277,-0.6691611456145702,59,0.011608888395130634,-0.008184284903109074,0.9699596762657166,4.272242069244385,-2.263181447982788,-1.2849072217941284,0.2852188376767242,274.55023892125416,0.0
41.374,78.01502107232194,-0.5004673741857356,-0.28251132678049434,59,0.0062440843321383,0.005854730494320393,1.0043073892593384,1.6521285772323608,-4.077868461608887,2.446244955062866,0.2855362901089412,274.55023892125416,0.0
41.425,78.01794554294928,-0.8321869169251046,-0.5508542015572514,59,0.016086718067526817,-0.013324899598956108,1.0024113655090332,-0.7553002834320068,5.358982086181641,-3.7304461002349854,0.2856881769044315,274.55023892125416,0.0
41.475,77.97325833690081,-0.4433515251011597,0.11272945301725694,59,-0.00034098245669156313,0.016391610726714134,1.0058338642120361,3.615241050720215,-4.975939750671387,3.277183771133423,0.28525119282557787,274.55023892125416,0.0
41.527,78.0468732644546,-0.7622018527261242,-0.16215646683111037,59,0.02028469368815422,-0.012992759235203266,1.0078543424606323,-2.9007925987243652,3.6254007816314697,-0.40733593702316284,0.2852375947630113,286.6332262693911,0.0
41.577,78.02544372648477,-0.7868356914164238,-0.14908895365177074,59,0.005901292897760868,-0.0048066298477351665,0.9437445998191833,-2.1653618812561035,2.069291591644287,0.4218346178531647,0.2850651625761385,286.6332262693911,0.0
41.627,78.10711070266981,-0.6993767171140342,-0.6925674774511643,59,0.02022971399128437,-0.025454722344875336,1.0246515274047852,2.9673964977264404,-3.534965753555298,1.568567156791687,0.2841077138826254,286.6332262693911,0.0
41.678,78.10422663574208,-0.9555617562462579,-0.8323204902449068,59,0.02435985766351223,-0.013900396414101124,1.0117723941802979,-1.6765714883804321,1.1984062194824219,0.09582477062940598,0.2842960847608649,286.6332262693911,0.0
41.728,78.00889597792819,-0.892194958053525,-0.5662531400778099,59,0.00225493754260242,0.005257532466202974,0.9574684500694275,0.053746890276670456,4.738345623016357,-3.9442079067230225,0.2844598554181514,286.6332262693911,0.0
41.778,78.0300984222964,-0.36435070956790555,-0.18400795155964547,59,0.006638430990278721,-0.010831769555807114,0.988328754901886,1.6853314638137817,-0.08813737332820892,2.7925541400909424,0.2857200684981171,286.6332262693911,0.0
41.829,78.03204109401086,-0.5551798389156614,-0.4226279522353906,59,0.00847253855317831,-0.007396223489195108,1.0059256553649902,4.1613569259643555,-4.632748126983643,-0.3120151460170746,0.2882228101381322,286.6332262693911,0.0
41.879,78.00300298428186,-0.624790602378746,-0.35204150703223086,59,0.014714381657540798,0.003611951833590865,1.0265507698059082,-1.7465689182281494,3.357487916946411,-2.608840227127075,0.2903453031077423,286.6332262693911,0.0
41.929,78.02016448448408,-0.4418091079879614,0.1692226935948317,59,0.00644676573574543,0.006275039631873369,0.9908192157745361,-1.5163755416870117,-1.5950764417648315,4.277943134307861,0.292077838132153,286.6332262693911,0.0
41.98,78.13678041061397,-0.9573662389141512,-0.3805566956588589,59,0.028318077325820923,-0.02001553401350975,1.0365036725997925,1.517807960510254,-3.1731948852539062,1.3160475492477417,0.29213262781930055,286.6332262693911,0.0
42.032,78.13408837210382,-1.1688896279980552,-0.5803797206405414,59,0.026434728875756264,-0.008906515315175056,1.0062735080718994,1.048724889755249,-0.3877164125442505,-0.2858721613883972,0.2917143514719142,286.6332262693911,0.0
42.083,78.05091102835803,-0.9268244469721483,-0.19320205854745864,59,0.0013780223671346903,0.012485924176871777,0.9853489398956299,-1.3212909698486328,5.232019424438477,-2.3161299228668213,0.2929836389710484,287.95166826857064,0.0
42.133,78.09003337401431,-0.7695658609700776,0.015542497161937719,59,0.014852297492325306,-0.0070684319362044334,0.9712786078453064,-2.876784086227417,-0.8857967853546143,2.241990804672241,0.29399413707779076,287.95166826857064,0.0
42.184,78.15931313311994,-0.9941714375163341,-0.5905073861610641,59,0.024688929319381714,-0.02424847148358822,1.025276780128479,-1.9852486848831177,-1.9375211000442505,0.678687572479248,0.2955227873409149,287.95166826857064,0.0
42.234,78.09542067184803,-1.209047369762463,-0.7510110860906967,59,0.015394631773233414,-0.0020857052877545357,0.9949597120285034,0.6840741634368896,1.121988296508789,-4.491941928863525,0.2962874349722793,287.95166826857064,0.0
42.285,78.03028193450058,-0.7542787616802914,-0.009605961239052805,59,-0.0017618064302951097,0.019939204677939415,0.9601950645446777,-2.077126979827881,3.0575947761535645,-0.6050513386726379,0.29787095424799076,287.95166826857064,0.0
42.335,78.1367368878047,-0.7323411573435112,0.05064154489235752,59,0.021374227479100227,-0.012903344817459583,1.04073965549469,-1.8090459108352661,1.345259428024292,2.513946533203125,0.2987555415127271,287.95166826857064,0.0
42.385,78.15557398030428,-0.9880968469766955,-0.2079065803978393,59,0.019373571500182152,-0.013836859725415707,0.9922491908073425,0.4142070412635803,-0.45562073588371277,0.1788550317287445,0.2997171519206573,287.95166826857064,0.0
42.436,78.08200297887072,-0.9156295493402264,-0.08289134769427949,59,0.003616337664425373,0.016326041892170906,0.9789832830429077,3.4874820709228516,1.392223596572876,-1.3278226852416992,0.3001341320734575,287.95166826857064,0.0
42.486,78.2155684046381,-0.9526935703910793,-0.08777060395693784,59,0.027958257123827934,-0.017644865438342094,1.0275853872299194,-1.953515648841858,-0.6526976823806763,5.512378692626953,0.3016344935877017,287.95166826857064,0.0
42.537,78.2494937766049,-1.370684559089595,-0.8845679934189123,59,0.0289915818721056,-0.025023439899086952,0.9990272521972656,0.2788209319114685,2.220850706100464,-2.12992000579834,0.30335293440359073,287.95166826857064,0.0
42.587,78.19015995518366,-1.1888735247099236,-0.5855547518220818,59,0.012887688353657722,-0.0017555799568071961,1.0132644176483154,-2.091770648956299,2.162973165512085,-0.7558103203773499,0.3065670549114845,286.0467844233786,0.0
42.638,78.1705622988712,-1.0264703834714821,-0.13802525723778286,59,0.009673084132373333,0.0053057498298585415,0.9374045729637146,1.4721226692199707,-1.0369713306427002,0.18573801219463348,0.30957122855125435,286.0467844233786,0.0
42.688,78.2935037999658,-1.0071599281543118,-0.3462899403629037,59,0.03436727449297905,-0.020172709599137306,0.9932370185852051,1.410999059677124,-2.977254629135132,3.8526735305786133,0.31200565775093025,286.0467844233786,0.0
42.739,78.20459453878777,-1.179658325583274,-0.5991748659356699,59,0.016342584043741226,0.001540517434477806,1.0260910987854004,1.939179539680481,-0.1953500211238861,-4.123226642608643,0.3159348343839804,286.0467844233786,0.0
42.789,78.18309034670654,-0.9268969464186548,0.20138781013865995,59,0.01160567905753851,0.01328218448907137,1.0163776874542236,-1.236395239830017,1.529172658920288,2.206838369369507,0.31732907560372703,286.0467844233786,0.0
42.84,78.2983289775583,-1.083099824665894,-0.11451905707373067,59,0.023757243528962135,-0.012440274469554424,1.0078046321868896,-0.2827387750148773,-5.2900800704956055,2.3112525939941406,0.3180858927497479,286.0467844233786,0.0
42.891,78.39740029988207,-1.2337357972458882,-0.6209163117642191,59,0.02858223393559456,-0.027721520513296127,1.006798267364502,0.7918661236763,-4.775060653686523,4.924876689910889,0.3186187495483997,286.0467844233786,0.0
42.941,78.39522931534958,-1.7066647249934424,-1.4888182003014385,59,0.03433357924222946,-0.03865714743733406,0.9914001226425171,-2.787342071533203,6.797738075256348,-5.040753364562988,0.318148824111522,286.0467844233786,0.0
42.992,78.22835208128303,-1.073188263836507,-0.8183342485607173,59,-0.0023993111681193113,0.000750483653973788,0.9846874475479126,-0.754690945148468,3.4299521446228027,-2.031501054763794,0.31844087891031275,286.0467844233786,0.0
43.042,78.23163626540747,-0.6847495833042567,-0.19525417245781237,59,0.013338846154510975,0.005478426348417997,0.9542396068572998,8.84670639038086,-7.504278182983398,2.162607431411743,0.3187152497686587,286.0467844233786,0.0
43.092,78.25953619200003,-0.9070853545179804,-0.491808288712246,59,0.01997588388621807,-0.00815795548260212,1.0091936588287354,-3.2694456577301025,4.060198783874512,0.0969901904463768,0.31926977163825015,286.0467844233786,0.0
43.142,78.30001101291522,-1.163173589728349,-0.7360419259099157,59,0.032767537981271744,-0.028072094544768333,1.0618550777435303,-2.8101744651794434,3.302777051925659,-1.7372723817825317,0.3202824131592261,282.5208136871885,0.0
43.193,78.23695405669842,-1.2400236333168586,-0.5413541286616164,59,0.014620673842728138,0.0015439437702298164,0.9742603898048401,-0.39085152745246887,2.2033579349517822,-0.06743481755256653,0.32052021924766794,282.5208136871885,0.0
43.243,78.1850766888545,-0.9241365268793711,-0.2512487728815538,59,0.005964227486401796,0.006345060188323259,0.9915092587471008,0.13162875175476074,1.3746358156204224,-2.924455404281616,0.32047148157802524,282.5208136871885,0.0
43.294,78.19886069871694,-0.31052736796319086,0.2957793917769009,59,0.0016140289371833205,0.015041480772197247,0.9934938549995422,1.3216793537139893,-2.6603190898895264,1.6340900659561157,0.3197566100645483,282.5208136871885,0.0
43.344,78.33200610837461,-0.5112942289717081,-0.20597744618039796,59,0.027822231873869896,-0.03106730803847313,1.0086324214935303,-1.1505032777786255,-0.9324081540107727,2.719731569290161,0.3181864127659865,282.5208136871885,0.0
43.394,78.26577462896942,-0.9613453461114256,-0.44295341775547664,59,0.00861015822738409,0.005449721589684486,1.0226032733917236,-0.5890793204307556,-1.2604382038116455,-1.458967924118042,0.3171319466640639,282.5208136871885,0.0
43.445,78.26230121542108,-1.0159458123432055,-0.3851021702667588,59,0.01543418224900961,-0.0014755594311282039,0.9710637927055359,-2.004793882369995,1.6089417934417725,-3.3956544399261475,0.3171240873118911,282.5208136871885,0.0
43.495,78.25529422264317,-0.7457495625095711,-0.14622459198316717,59,0.012934784404933453,-0.0035373291466385126,0.9968478679656982,-0.7473617792129517,-0.8480786681175232,2.146466016769409,0.3170946510410414,282.5208136871885,0.0
43.546,78.27269070444987,-0.9302432892335308,-0.3640423040218582,59,0.018816692754626274,-0.010057201609015465,0.9957824349403381,2.287067413330078,-5.990584373474121,-0.21384197473526,0.31788169747294487,282.5208136871885,0.0
43.596,78.25062663472514,-0.7620853336657921,-0.3915673308271318,59,0.008893085643649101,-0.00423127505928278,1.0379672050476074,-0.1286880075931549,3.015765428543091,-1.6614222526550293,0.3181501087039501,282.5208136871885,0.0
43.647,78.25705423229111,-0.5459402376630182,-0.20352547039503172,59,0.013865350745618343,-0.00797399040311575,0.982976496219635,-1.3228754997253418,0.04696809872984886,2.725186347961426,0.3177038181482829,286.3397050791917,0.0
43.697,78.35082911900379,-0.9171250164531216,-1.2177098726475155,59,0.027093440294265747,-0.042715609073638916,0.9997989535331726,4.535068511962891,-7.171113014221191,0.5702160000801086,0.31779902426712464,286.3397050791917,0.0
43.748,78.31655755779758,-1.1625420499699834,-1.6164784018979022,59,0.024432972073554993,-0.03345031291246414,1.0200132131576538,-5.218256950378418,3.4868507385253906,-0.7550289630889893,0.31821185192944307,286.3397050791917,0.0
43.798,78.20180246338012,-1.4272461181886864,-1.6945298850221244,59,0.023231999948620796,-0.02566121518611908,0.9900062680244446,-0.5321636199951172,0.49280455708503723,-6.870008945465088,0.3186216570941761,286.3397050791917,0.0
43.849,78.0653640786725,-1.1696240691945714,-1.4492813011734378,59,0.013967241160571575,-0.019322602078318596,0.9817253947257996,0.6651430726051331,0.02444341592490673,-4.362028121948242,0.3186285864486505,286.3397050791917,0.0
43.899,77.86840220903971,-0.6563099952373531,-0.844643187184791,59,-0.005571732297539711,0.007547236513346434,1.0297812223434448,2.8334293365478516,2.752769947052002,-5.783565998077393,0.31849061385094035,286.3397050791917,0.0
43.95,77.76647148408091,-0.185717611216563,0.16827752363862275,59,-0.002792088082060218,0.019898129627108574,0.9718084931373596,-1.2432968616485596,3.7577972412109375,-0.3344310522079468,0.3181562215125104,286.3397050791917,0.0
44.0,77.83059430028892,-0.28474779807606915,-0.018899554263855367,59,0.014649201184511185,-0.012390680611133575,0.9996837377548218,1.4532029628753662,-5.2509965896606445,2.7862675189971924,0.31775964900495546,286.3397050791917,0.0
44.05,77.87959145766567,-0.5997908501697701,-0.8058009783363481,59,0.018025245517492294,-0.027440369129180908,0.9725322723388672,1.183276653289795,-4.292714595794678,-0.3004366457462311,0.3170719513602894,286.3397050791917,0.0
44.101,77.89196428240312,-0.7148680833129774,-1.4437744265565582,59,0.01865280047059059,-0.03840862214565277,0.9970049858093262,-0.06600867211818695,-1.1104209423065186,-1.1820454597473145,0.3157849442781092,286.3397050791917,0.0
44.151,77.80531334209626,-0.766136170861398,-1.3635227308347446,59,0.006117304787039757,-0.008005320094525814,1.0323703289031982,1.6015619039535522,-0.705639660358429,-2.5462634563446045,0.3145113537644268,286.3397050791917,0.0
44.201,77.79683749141118,-0.9460750127633858,-1.0033166556198891,59,0.024345675483345985,-0.019596824422478676,0.991489052772522,-4.730587005615234,4.284251689910889,-1.608241319656372,0.3137100828496046,285.4821671658045,0.0
44.252,77.77799980511077,-0.9359813822339611,-1.1346944281326146,59,0.017418937757611275,-0.024319572374224663,0.9909287095069885,-2.1134519577026367,-2.4837112426757812,-0.18285176157951355,0.31280278686580587,285.4821671658045,0.0
44.302,77.78634903883177,-1.0383401073757,-1.6213553558915685,59,0.028946712613105774,-0.043015819042921066,1.0538798570632935,0.9845511317253113,1.4471526145935059,-1.5735750198364258,0.31121466959559335,285.4821671658045,0.0
44.352,77.63495162286029,-1.0461467055330096,-1.128853808486064,59,-0.0053796833381056786,0.015189750120043755,0.9880503416061401,1.9099247455596924,-1.9183189868927002,-2.62996244430542,0.3101187725357408,285.4821671658045,0.0
44.403,77.66654112381016,-0.47627920056056483,-0.37491848833789043,59,-7.352607644861564e-05,-0.001066885655745864,1.0173791646957397,-3.1806459426879883,3.467379570007324,3.1698296070098877,0.3079733604417174,285.4821671658045,0.0
44.453,77.80721086840848,-0.6365291892025621,-0.3299855189987542,59,0.017897915095090866,-0.015867872163653374,1.004191279411316,-1.5854578018188477,-1.280422568321228,6.896949291229248,0.3061579399480148,285.4821671658045,0.0
44.503,77.95805591340093,-1.374737868005771,-1.6098728938373312,59,0.04092931002378464,-0.06003422290086746,0.9769104719161987,-0.2266647219657898,-4.5164008140563965,0.8838724493980408,0.30466479486955156,285.4821671658045,0.0
44.553,77.8801449931039,-1.348710492461213,-2.1578841517828695,59,0.01822657696902752,-0.03502163663506508,1.018690824508667,-1.24134361743927,1.7100919485092163,-4.257384777069092,0.3039388011124845,285.4821671658045,0.0
44.604,77.7886083097448,-0.8169752185457053,-1.279722120113566,59,-0.0007772909011691809,-0.0047819227911531925,0.9765161871910095,0.012176161631941795,1.2101550102233887,0.46874040365219116,0.30382296478278153,285.4821671658045,0.0
44.654,77.83881400855256,-0.8358876706818625,-1.1865383223302668,59,0.018960900604724884,-0.020209288224577904,0.979508638381958,2.928213119506836,-6.42976188659668,0.631347119808197,0.3039488037435696,285.4821671658045,0.0
44.704,77.87059690522385,-0.946561462546646,-1.496396019650626,59,0.020651627331972122,-0.03632792830467224,1.0280817747116089,-3.4259021282196045,7.8281755447387695,-0.3498822748661041,0.30377583760189997,285.4821671658045,0.0
44.755,77.82297743543518,-0.8105195441878439,-1.2911351504065651,59,0.004799811635166407,-0.01598258689045906,1.0090653896331787,3.603334665298462,-6.934887886047363,1.780023217201233,0.3042357876506127,262.98225594081134,0.0
44.805,77.92247663135454,-1.1165931487974863,-1.8366293927049293,59,0.03404627740383148,-0.0506405383348465,0.9603683948516846,-3.978902816772461,3.583524703979492,0.39146190881729126,0.3047203826559081,262.98225594081134,0.0
44.855,77.83444650959605,-1.0149831937085518,-2.010508579331122,59,0.0030690545681864023,-0.03656253591179848,1.0043787956237793,2.6280908584594727,-1.2626049518585205,-1.2530083656311035,0.3047579771235712,262.98225594081134,0.0
44.906,77.77487183621638,-0.8527076403016665,-1.7380890454355848,59,0.0119584109634161,-0.01482934970408678,0.9699599742889404,4.979787826538086,-1.5261014699935913,-4.2038702964782715,0.3043874232343815,262.98225594081134,0.0
44.956,77.72061193583224,-0.5739283273237011,-1.176794028027283,59,0.009631314314901829,-0.0075913891196250916,1.0299807786941528,-0.05146770179271698,2.3808486461639404,-0.2956770360469818,0.303952379233645,262.98225594081134,0.0
45.006,77.69794747188595,-0.9390561002322624,-0.9578230179602435,59,0.018990037962794304,-0.01398356631398201,1.0316386222839355,-1.312968373298645,3.705585241317749,-1.2846378087997437,0.30373282688214565,262.98225594081134,0.0
45.056,77.72694327968675,-0.924320021269207,-0.7634381761737913,59,0.017625339329242706,-0.01463334821164608,0.9987107515335083,3.561976671218872,-4.186521530151367,2.4928390979766846,0.30343537988718083,262.98225594081134,0.0
45.106,77.77096250326908,-0.8734541027575655,-1.138086734386786,59,0.008930019102990627,-0.025495070964097977,0.928061842918396,-5.134354114532471,4.854226112365723,0.33758288621902466,0.30319398481540516,262.98225594081134,0.0
45.157,77.83114221452941,-0.5654946620195451,-1.551800687310134,59,0.0019885727670043707,-0.03158329427242279,0.9904698729515076,-4.053369998931885,-0.9389851689338684,1.44590163230896,0.30285558275028757,262.98225594081134,0.0
45.207,78.01443990345179,-0.4216567976845326,-1.5051470078205116,59,0.01763157732784748,-0.030600333586335182,0.9907093048095703,10.50265884399414,-18.160531997680664,9.101752281188965,0.302242819874898,262.98225594081134,0.0
45.257,78.13061372449047,-1.4929377465006932,-2.685984545801071,59,0.0435192845761776,-0.06387303024530411,1.042650818824768,-11.679521560668945,17.433135986328125,-3.9011871814727783,0.3014821943895592,276.55967295265725,0.0
45.308,78.04698351563545,-1.4855336542379916,-2.13600927364552,59,0.018278490751981735,-0.030353806912899017,0.9675201177597046,3.619647979736328,-4.048986434936523,1.8449424505233765,0.30080097335624695,276.55967295265725,0.0
45.358,77.99973660691748,-1.4630396099833414,-2.1910093455065316,59,0.01764450967311859,-0.027314497157931328,0.9672899842262268,2.970640182495117,-3.420788049697876,-4.459144592285156,0.3000544454112508,276.55967295265725,0.0
45.408,77.95187067226921,-0.9103005915073459,-1.6080892347857294,59,0.010854232124984264,-0.019537460058927536,1.024319052696228,-2.3096425533294678,2.4098682403564453,0.4452923834323883,0.29945535562997927,276.55967295265725,0.0
45.459,77.94730879958219,-0.8276274413167434,-1.2111733056656557,59,0.012933897785842419,-0.01658087596297264,0.9722518920898438,3.5219411849975586,0.17595620453357697,0.7285863161087036,0.29798073333852787,276.55967295265725,0.0
45.509,77.98220342510412,-1.0524733877337993,-1.396832534434332,59,0.029368340969085693,-0.030014095827937126,1.0364696979522705,-0.23659029603004456,0.6669576168060303,-0.011555640958249569,0.29718368476586204,276.55967295265725,0.0
45.559,77.96327483860799,-1.0884317954882439,-1.6096975521745052,59,0.02121945656836033,-0.03257565572857857,1.009658694267273,-1.250219464302063,4.216155052185059,-1.6768876314163208,0.2950669850841986,276.55967295265725,0.0
45.61,77.90133969445644,-0.8760511260651452,-1.3734095492938216,59,0.0028861090540885925,-0.020743878558278084,0.9574835300445557,2.087337017059326,2.8173677921295166,0.8247586488723755,0.293250361898188,276.55967295265725,0.0
45.66,77.93344980624998,-0.8165159789148559,-1.4839104196737198,59,0.02040976844727993,-0.033273275941610336,1.0088005065917969,4.157020092010498,0.3234519362449646,0.31511765718460083,0.29061400838911167,276.55967295265725,0.0
45.711,77.91896836252899,-0.9272998818248694,-1.6910049176875268,59,0.02135307900607586,-0.027371520176529884,0.9783676862716675,3.401167392730713,2.6205556392669678,-2.198629140853882,0.2892002443439468,276.55967295265725,0.0
45.761,77.86665991485738,-0.67914542693233,-1.3402943076682727,59,0.0027843050193041563,-0.018033906817436218,1.0544750690460205,-1.322185754776001,3.7522661685943604,-0.16712607443332672,0.2876890004096465,276.55967295265725,0.0
45.811,77.88422668505912,-0.5999923167461306,-0.9148704778119816,59,0.008045890368521214,-0.013532203622162342,0.959767758846283,4.930806636810303,-6.20324182510376,2.7986769676208496,0.28639578961088186,284.243968555164,0.0
45.861,77.93601677508367,-0.7856191679458491,-1.3716047900707335,59,0.016515852883458138,-0.029848570004105568,0.9807416200637817,0.48025473952293396,1.7488033771514893,0.8235940933227539,0.2837447012028587,284.243968555164,0.0
45.912,77.94050596094358,-0.7435290118371307,-1.7604504799637621,59,0.010032899677753448,-0.041700076311826706,0.9841479659080505,-0.25830981135368347,-0.2539976239204407,0.05026949942111969,0.281705258498821,284.243968555164,0.0
45.962,77.85908650252905,-0.5563398687039655,-1.4542776884955917,59,0.0019848132506012917,-0.011175365187227726,1.031217336654663,-3.180238723754883,1.142145037651062,0.2541537284851074,0.27921102474549375,284.243968555164,0.0
46.012,77.90532742165644,-0.8992057775866098,-1.4291935545232404,59,0.02819826267659664,-0.030806060880422592,0.9759094715118408,1.2707109451293945,-0.43248796463012695,-0.2593027949333191,0.2781307500350409,284.243968555164,0.0
46.063,77.85624639412977,-0.8435830128715971,-1.4906638519231992,59,0.008163616061210632,-0.026667185127735138,1.0139888525009155,-2.3100976943969727,6.141339302062988,-0.9101279377937317,0.2757328705915054,284.243968555164,0.0
46.113,77.75733327412111,-0.6360703845697823,-1.2681855124619505,59,-0.001177985337562859,-0.011706015095114708,0.9989160895347595,2.809821128845215,1.909241795539856,-4.242527484893799,0.2743931640908928,284.243968555164,0.0
46.163,77.72262937296671,-0.0770743544710869,-0.8069252663887241,59,-0.010026413016021252,-0.015150425024330616,0.9994421601295471,-0.404363214969635,-0.41610294580459595,1.623353362083435,0.2733940110712466,284.243968555164,0.0
46.214,77.75077154033988,-0.18928273897911424,-0.9177220185409272,59,0.01149609126150608,-0.013138849288225174,0.9826076030731201,3.2198474407196045,-2.11234188079834,-0.3126477599143982,0.2731466680478151,284.243968555164,0.0
46.265,77.77525314500487,-0.24072985323962512,-0.7745607899011073,59,0.00403841445222497,-0.012186113744974136,0.9792199730873108,0.9182255864143372,2.068666934967041,2.942725658416748,0.2732832863830184,284.243968555164,0.0
46.315,77.81767241578018,-0.26783715307756095,-0.9679415553209506,59,0.008207404986023903,-0.017908789217472076,1.0121620893478394,3.8899025917053223,-1.0315437316894531,0.4206884205341339,0.27332455603128736,284.243968555164,0.0
46.365,77.82333419083818,-0.32509299938609626,-0.9362743904118732,59,0.00383625365793705,-0.01792442612349987,0.994498610496521,0.7150838971138,1.8815029859542847,-0.5540664196014404,0.273513051718422,287.5568353215412,0.0
46.416,77.80589222854248,-0.015511129403503179,-0.9444596077296962,59,-0.007374083623290062,-0.017828484997153282,1.003775954246521,1.172139286994934,1.91146981716156,0.47839847207069397,0.27442362994059777,287.5568353215412,0.0
46.467,77.86034888765485,0.03431252172443293,-1.3389796505604008,59,0.005017078015953302,-0.03777075186371803,0.9928877353668213,1.384110689163208,1.4917140007019043,0.477683961391449,0.2750100998005559,287.5568353215412,0.0
46.517,77.78534721610187,0.2676578003027941,-0.9815399294870284,59,-0.01701309345662594,0.005106692668050528,1.0133428573608398,2.9488072395324707,-2.8694567680358887,-0.885738730430603,0.27607271342294026,287.5568353215412,0.0
46.567,77.84574422161117,0.23555544006584606,-0.763465520727075,59,0.0063239592127501965,-0.012068095616996288,1.007287621498108,1.5663155317306519,0.8743153810501099,0.026053400710225105,0.276712585857659,287.5568353215412,0.0
46.617,77.88333473924249,0.22011573032677648,-0.6971257682341976,59,0.0017013107426464558,-0.015864212065935135,1.0471220016479492,-0.30649277567863464,-1.98492431640625,3.7926783561706543,0.2776610873471292,287.5568353215412,0.0
46.668,77.88429857357909,0.10637627217502801,-0.7498109513668227,59,-0.013889346271753311,-0.008421475067734718,1.0431993007659912,0.602260410785675,-4.29612398147583,-0.906019389629364,0.27860690058380677,287.5568353215412,0.0
46.718,77.98232834974189,0.5298835049875835,-0.9393656595578016,59,-0.012004641816020012,-0.028339354321360588,1.016818642616272,-6.475957870483398,-3.286763906478882,4.090642929077148,0.2803979754709122,287.5568353215412,0.0
46.769,78.08421115267086,0.3233760555265434,-1.5355256324588045,59,-0.0038840945344418287,-0.040214329957962036,1.0088496208190918,-0.3565405309200287,-1.5371912717819214,4.859991073608398,0.28149351221577007,287.5568353215412,0.0
46.819,78.2010828195985,-0.21377872777301773,-2.1093104465069903,59,0.013853262178599834,-0.04099913313984871,0.9945075511932373,-1.6868677139282227,-4.368593215942383,3.0543816089630127,0.2837814943033738,287.5568353215412,0.0
46.87,78.26914775110285,-0.6823222515977643,-2.7418595202679072,59,0.030395561829209328,-0.04404018446803093,1.0259671211242676,5.060578346252441,-3.2423129081726074,-4.2705607414245605,0.28543354443793345,283.8400216552751,0.0
46.92,78.24665866637466,-0.46260333493472233,-2.172523023607593,59,0.0020670706871896982,-0.020363885909318924,1.0151442289352417,-2.7591545581817627,-1.507979154586792,5.269311904907227,0.2878171554987849,283.8400216552751,0.0
46.971,78.38476304606165,-0.8580982235717134,-2.2031095608012206,59,0.018247108906507492,-0.03693997114896774,1.040634274482727,1.0660607814788818,-1.8575621843338013,1.7998508214950562,0.2898740793863323,283.8400216552751,0.0
47.021,78.53282729515595,-0.7349287548861805,-1.8323311767505996,59,0.008103745058178902,-0.020641213282942772,1.0331673622131348,-2.723858118057251,-1.4901984930038452,4.275106430053711,0.2934258659344511,283.8400216552751,0.0
47.071,78.74625552835224,-0.5277150110226438,-1.7930563494103997,59,0.011381221003830433,-0.03233647719025612,1.0482317209243774,-1.9553864002227783,-9.432605743408203,8.657885551452637,0.29587498805632234,283.8400216552751,0.0
47.121,78.88726925425456,-1.1688304601538195,-2.5720245153732826,59,0.031446609646081924,-0.06337649375200272,0.9903109669685364,-2.3665552139282227,3.8338277339935303,2.5875964164733887,0.29993386193847216,283.8400216552751,0.0
47.171,78.94822150796222,-1.3905673122687143,-2.786513920233795,59,0.022858189418911934,-0.032976679503917694,1.0301265716552734,-8.789471626281738,-4.049556255340576,1.51077139377594,0.30306003584667146,283.8400216552751,0.0
47.222,79.13129903225295,-1.2959212369253519,-2.2429505810756765,59,0.024450359866023064,-0.03430835157632828,0.9666920304298401,0.2397477924823761,-0.6942864656448364,6.12429141998291,0.3089528428049489,283.8400216552751,0.0
47.272,79.30894924725952,-1.0790599407969512,-1.8244148764806716,59,0.002256230916827917,-0.009966486133635044,1.0013277530670166,-5.9785895347595215,-7.208551406860352,6.550403118133545,0.3137391436161368,283.8400216552751,0.0
47.323,79.6332017205634,-1.1204732469329717,-2.193309721664201,59,0.027696866542100906,-0.06428777426481247,0.9910037517547607,-6.564109802246094,-1.4261486530303955,10.229084968566895,0.32417958680082776,283.8400216552751,0.0
47.373,79.8691591613409,-1.1208166434854197,-2.6311598983608,59,0.003958095330744982,-0.040838491171598434,1.0333904027938843,1.671212077140808,-10.256206512451172,6.376801013946533,0.33449397666779374,283.8400216552751,0.0
47.423,80.18471864519243,-1.2123141764402825,-2.822662923305783,59,0.032669708132743835,-0.0564458966255188,0.9904085397720337,-4.9016265869140625,-1.3421894311904907,12.645895957946777,0.3475915248497085,287.1041139023889,0.0
47.474,80.48710269661139,-2.257099104263302,-4.088601849379182,59,0.0588565468788147,-0.1046101301908493,0.9238458871841431,-5.7683820724487305,14.940053939819336,2.7741329669952393,0.3565280531762281,287.1041139023889,0.0
47.524,80.52073214653275,-2.124158000951009,-3.9004922376440403,59,0.03023325279355049,-0.06098119542002678,0.9493939876556396,6.281980991363525,-8.912696838378906,4.1431803703308105,0.3634048957745666,287.1041139023889,0.0
47.574,80.63976475508146,-2.2629346416685605,-4.220350166245268,59,0.04488805681467056,-0.07945970445871353,0.9133093357086182,3.376574754714966,-3.4979469776153564,2.743010997772217,0.37370561731559815,287.1041139023889,0.0
47.625,80.61336543398038,-2.218595749178518,-4.412449635651426,59,0.029508650302886963,-0.06765178591012955,1.009891152381897,-4.580827236175537,5.047472953796387,-3.2761447429656982,0.3802656863144994,287.1041139023889,0.0
47.675,80.55492294840312,-1.721574389720001,-3.313322565547922,59,0.017745258286595345,-0.040820542722940445,0.9673668146133423,3.41709041595459,1.8151963949203491,0.44846662878990173,0.3894825140875754,287.1041139023889,0.0
47.726,80.61721950175736,-1.5954086036887005,-3.1034297601187313,59,0.029247025027871132,-0.05925344303250313,0.9827266335487366,-3.8790223598480225,0.6516500115394592,3.9343039989471436,0.39483886843286864,287.1041139023889,0.0
47.776,80.63764287281028,-1.9110380377944678,-3.381500833873652,59,0.038924116641283035,-0.06666916608810425,0.9669734835624695,-1.7632336616516113,2.7639009952545166,-2.0419650077819824,0.40262565048907534,287.1041139023889,0.0
47.826,80.64492888105225,-1.9054516454880557,-3.0660430419820863,59,0.031136754900217056,-0.04237537458539009,0.9737904071807861,0.6497370600700378,-4.5408034324646,2.308670997619629,0.40726677956167806,287.1041139023889,0.0
47.877,80.65397167338739,-2.279836064819815,-3.264245734565963,59,0.05041025951504707,-0.06484795361757278,0.9704318642616272,-1.4200336933135986,17.360958099365234,-3.398806095123291,0.41391397000085717,287.1041139023889,0.0
47.927,80.54793909297759,-2.2670045333830235,-2.887654300275212,59,0.03825822472572327,-0.03879731521010399,0.975326418876648,2.8157382011413574,3.615561008453369,-1.8202407360076904,0.41703189237771093,282.19767207158714,0.0
47.977,80.48227731649665,-2.3605052608220163,-2.4411956191171287,59,0.046801015734672546,-0.039512623101472855,0.9999754428863525,1.7726088762283325,7.419785976409912,-2.5102243423461914,0.4206681585415221,282.19767207158714,0.0
48.028,80.3344561155073,-2.2175126169409882,-1.7459143507797006,59,0.028589552268385887,-0.010840059258043766,0.9725084900856018,1.243363380432129,-0.943311870098114,-2.574214458465576,0.42277734163651914,282.19767207158714,0.0
48.078,80.30011418171621,-1.9571378990410835,-1.37383319550745,59,0.03364228084683418,-0.029108256101608276,0.9700378775596619,4.827441692352295,11.973689079284668,-2.5876216888427734,0.42482298873623126,282.19767207158714,0.0
48.129,80.21268594700368,-1.6324315081593446,-0.9216756354555873,59,0.018710799515247345,0.001766561297699809,1.0037397146224976,1.9145973920822144,-3.600064516067505,1.8565714359283447,0.42571811854222164,282.19767207158714,0.0
48.179,80.2958911881097,-1.900334827373201,-1.5377420239149218,59,0.054041750729084015,-0.0624714121222496,0.9863625764846802,4.325797080993652,8.39051628112793,-1.3557151556015015,0.42704241765229334,282.19767207158714,0.0
48.229,80.0838960423083,-1.635491465962563,-1.4482998806419134,59,-0.00357317877933383,0.0020890096202492714,1.0340065956115723,2.855048179626465,-3.136495351791382,-3.550567865371704,0.4278671646537321,282.19767207158714,0.0
48.28,80.102772331081,-1.0243044876215779,-0.9737069389320896,59,0.02057408168911934,-0.02540396712720394,0.9809860587120056,-0.12028142809867859,3.9651262760162354,-0.7680783271789551,0.4279966215402949,282.19767207158714,0.0
48.33,80.12655187204679,-0.6236646934653868,-0.6142336712519071,59,-0.0008589942008256912,-0.002211983548477292,1.0167527198791504,-3.655653238296509,-0.7697232961654663,5.125925064086914,0.4282746947625297,282.19767207158714,0.0
48.381,80.30890661867036,-1.2010941894349068,-1.3544148102275988,59,0.038936492055654526,-0.04945337772369385,1.0093088150024414,1.8570835590362549,-1.618323564529419,4.1227641105651855,0.4286737953702616,282.19767207158714,0.0
48.431,80.31307835579307,-1.9004570928379958,-2.30584712116754,59,0.044177379459142685,-0.05411989241838455,1.0022785663604736,-3.057809591293335,6.341021537780762,-3.3117239475250244,0.4290989339347386,282.19767207158714,0.0
48.482,80.15506666148539,-1.5725292480338269,-1.7582603895097912,59,0.011745139956474304,-0.015537530183792114,1.0185476541519165,-3.0554897785186768,8.072509765625,-3.5338664054870605,0.42912638156135424,288.74459589701223,0.0
48.532,80.06218615211019,-1.3842074059203568,-1.05338482051406,59,0.016130831092596054,-0.007134934887290001,0.958215057849884,-0.44014593958854675,-1.1578760147094727,-1.8806179761886597,0.4294950493664401,288.74459589701223,0.0
48.583,80.16932805691278,-1.352505083200994,-0.7692245561104513,59,0.02396334521472454,-0.0052637094631791115,1.003974437713623,0.68393874168396,0.6626017689704895,-1.422903060913086,0.42916962008284065,288.74459589701223,0.0
48.633,80.14383220241317,-1.3012986583518364,-0.29619569666885626,59,0.02252337895333767,0.0038958045188337564,0.9896121025085449,-1.542237639427185,2.431605339050293,-0.9066001772880554,0.42870562752760016,288.74459589701223,0.0
48.684,80.13212940605078,-1.3112244141098168,-0.03165128563048367,59,0.023137208074331284,-0.0009686530684120953,0.9890308380126953,-0.8221256136894226,-1.6076290607452393,-0.3402530252933502,0.4278226599097633,288.74459589701223,0.0
48.734,80.12799762351489,-1.3374119820022392,0.02852508328243864,59,0.025792768225073814,0.0017620103899389505,1.0204946994781494,0.24498730897903442,0.46607816219329834,0.1371300220489502,0.42698731946442164,288.74459589701223,0.0
48.784,80.15110631781991,-1.5857743811812246,-0.33343622979487325,59,0.039443276822566986,-0.018799003213644028,0.9887053370475769,-1.8613733053207397,3.9479589462280273,-0.2257014513015747,0.42613457780900665,288.74459589701223,0.0
48.835,80.11669222868257,-1.6887009250501988,-0.6272251476041197,59,0.027646968141198158,-0.011763372458517551,1.0118120908737183,-0.34507766366004944,-2.0934176445007324,-0.8190183043479919,0.42400223014855826,288.74459589701223,0.0
48.885,80.12646267461692,-1.6123948348401846,-0.7799131427470808,59,0.02813359908759594,-0.019890369847416878,1.0135350227355957,0.7645583748817444,-2.5011086463928223,0.7229715585708618,0.42345431286186674,288.74459589701223,0.0
48.936,80.08530012896067,-1.599819978267585,-0.7864357668278928,59,0.02087746001780033,-0.0038195957895368338,0.968468427658081,-0.096270352602005,-1.7942591905593872,-1.2549253702163696,0.4228839130279927,288.74459589701223,0.0
48.986,80.08426771945288,-1.4383654846459868,-0.5749953591238645,59,0.022257516160607338,-0.005483746994286776,1.022023320198059,0.32898902893066406,-3.921788215637207,0.6753340363502502,0.4227385819560494,288.74459589701223,0.0
49.036,80.08845928828067,-1.7241021945033008,-0.8406135800536876,59,0.034715741872787476,-0.02078891731798649,0.9966109991073608,-2.75160813331604,2.5795435905456543,-1.8835939168930054,0.4224281959800132,282.6159962266694,0.0
49.087,80.06232058689785,-1.6131299813555209,-0.6744435502853415,59,0.024758897721767426,-0.01150971744209528,0.9529176950454712,3.1644668579101562,-0.43539080023765564,0.8415133953094482,0.4222101039383178,282.6159962266694,0.0
49.139,80.05065237463671,-1.5093902915260686,-0.9184983241195872,59,0.02085229940712452,-0.021708182990550995,1.0331592559814453,-3.8319294452667236,4.674422740936279,-0.9231119155883789,0.4219661607651235,282.6159962266694,0.0
49.189,79.97958329315492,-1.2347424289481594,-0.5731098055800337,59,0.009314303286373615,0.0034119198098778725,0.9720106720924377,-0.4814767837524414,2.5978901386260986,-1.6554741859436035,0.4219426477804116,282.6159962266694,0.0
49.24,80.07712338005517,-1.2222656904460274,-0.41855585434040904,59,0.034429628401994705,-0.020654642954468727,1.0027787685394287,3.117215156555176,-0.2718296945095062,4.778745174407959,0.42199209449169184,282.6159962266694,0.0
49.29,80.08947279472511,-1.5432629252025964,-1.0054648951172462,59,0.027441544458270073,-0.02338518388569355,0.9829650521278381,2.106945753097534,2.7573955059051514,-0.6103098392486572,0.42224715808802427,282.6159962266694,0.0
49.341,80.0671999368953,-1.6567625360327876,-1.1082343201305458,59,0.032881420105695724,-0.023477958515286446,1.0030813217163086,3.528646230697632,4.418173313140869,-3.0524072647094727,0.42284047002320263,282.6159962266694,0.0
49.391,79.92984660613645,-1.4047350767986473,-0.39478393003643675,59,0.015382934361696243,0.013497812673449516,0.9899751543998718,-1.116664171218872,4.124726295471191,-2.129910707473755,0.4231175488715785,282.6159962266694,0.0
49.441,79.95141816505873,-1.1789197078738822,-0.3681891950411805,59,0.023412108421325684,-0.015357745811343193,1.0389480590820312,2.915602922439575,1.798905849456787,0.5248855352401733,0.4231994340835591,282.6159962266694,0.0
49.491,79.9174822847244,-1.4902264084689167,-0.44377243411577016,59,0.029108092188835144,-0.0010135987540706992,1.0102018117904663,-2.0613224506378174,-2.925767183303833,-1.8650797605514526,0.4234461347707232,282.6159962266694,0.0
49.542,79.8819256759897,-1.7465259098233556,-0.5682992012956686,59,0.03184689208865166,-0.011246475391089916,1.030959963798523,-5.073736667633057,4.637237548828125,-3.212552547454834,0.4232929042410149,285.1909974841912,0.0
49.592,79.7535295783994,-1.8944015204284261,-0.6349266772833708,59,0.029660223051905632,-0.013216559775173664,0.9668632745742798,-6.148645877838135,8.716872215270996,-5.700248718261719,0.4232020282254751,285.1909974841912,0.0
49.642,79.61340281815544,-1.4491404667446748,0.1653392138730204,59,0.01041718665510416,0.03535807505249977,0.9575425386428833,3.61985182762146,-2.821943998336792,-2.112199544906616,0.42326815424400543,285.1909974841912,0.0
49.693,79.69993288355741,-1.4575313632740354,0.36284024937475956,59,0.03839994966983795,-0.0029756566509604454,1.0083953142166138,0.22928085923194885,-2.366394519805908,1.6173298358917236,0.4235090873467188,285.1909974841912,0.0
49.743,79.60157649685434,-1.6212672682526459,0.34032645450751736,59,0.027045711874961853,0.015928810462355614,1.0490574836730957,0.22501462697982788,-0.13344475626945496,-3.6045212745666504,0.42377552059055534,285.1909974841912,0.0
49.793,79.63554289449185,-1.6583804297811888,0.4474176728210094,59,0.04178104177117348,-0.011466274037957191,0.9679373502731323,-3.0135552883148193,0.942628800868988,2.573441743850708,0.4239741387268716,285.1909974841912,0.0
49.844,79.59722712282048,-1.8423932880966494,-0.1691549898755715,59,0.027960145846009254,-0.010642405599355698,1.016964316368103,1.9372085332870483,-4.558135032653809,-1.5049097537994385,0.423908843169968,285.1909974841912,0.0
49.894,79.54397809549587,-1.8955016268450697,-0.31676375923911637,59,0.03357663005590439,-0.008929907344281673,0.9851519465446472,-1.9560599327087402,5.040584087371826,-2.9064488410949707,0.42429382992677667,285.1909974841912,0.0
49.944,79.47698337341532,-1.6221910046824173,-0.05033057814296023,59,0.015830527991056442,0.007636301219463348,0.9715344905853271,-1.955991506576538,-1.2279181480407715,-0.10663069039583206,0.42460516064130704,285.1909974841912,0.0
49.994,79.5356641432607,-1.6124626503049764,-0.2087923033234824,59,0.036401450634002686,-0.008998696692287922,0.9709987044334412,4.929543495178223,-2.715247392654419,-1.052794098854065,0.4254745924289659,285.1909974841912,0.0
50.045,79.52172429707187,-1.6169123666755678,-0.11848454132334808,59,0.031698547303676605,0.007461225148290396,1.0430985689163208,-1.344621181488037,1.805826187133789,-0.6263710856437683,0.42597175957849903,285.1909974841912,0.0
50.095,79.55167700164984,-1.7993285429221202,0.15006197630257784,59,0.04418190196156502,-0.0029593014623969793,1.00799560546875,1.4948779344558716,0.009448804892599583,0.9091356992721558,0.4262167897007833,284.20544789266836,0.0
50.146,79.50848690517074,-1.9262793694850553,0.09037326819572088,59,0.028165556490421295,0.004310325253754854,1.0279781818389893,-3.1630640029907227,1.6781916618347168,-0.6736676096916199,0.42615752797908585,284.20544789266836,0.0
50.197,79.45321046775635,-1.8305539022117112,0.473821063494496,59,0.021639753133058548,0.013247658498585224,1.0130205154418945,-0.16266337037086487,2.6400046348571777,-2.0976459980010986,0.42659722044797505,284.20544789266836,0.0
50.247,79.44536330992803,-1.6421804507614468,0.9260772898357311,59,0.019619012251496315,0.02789624035358429,0.9463215470314026,-3.5565669536590576,2.087639093399048,2.7815425395965576,0.4269040123705467,284.20544789266836,0.0
50.297,79.53132165368397,-1.7341964674486705,0.5177847500941345,59,0.03335260972380638,-0.004226233810186386,1.0309991836547852,-0.9560226798057556,-1.623145341873169,-0.2750928997993469,0.42743573361410336,284.20544789266836,0.0
50.347,79.55862133301602,-1.6975203667095138,0.6531896149465116,59,0.03144539147615433,0.015372655354440212,0.9830136299133301,1.8341073989868164,-4.623017311096191,3.267965316772461,0.42770333684025236,284.20544789266836,0.0
50.398,79.61229262470859,-1.8808452541483613,0.21650143644209177,59,0.036391373723745346,-0.006087176036089659,1.0124162435531616,-2.750520706176758,2.1865837574005127,0.6305451393127441,0.42819644147037184,284.20544789266836,0.0
50.448,79.60314564834567,-2.180986303433889,0.11790057223918372,59,0.03802323341369629,0.001036850386299193,0.9602581262588501,-0.9097703695297241,3.0406529903411865,-2.9371390342712402,0.4287417964731905,284.20544789266836,0.0
50.498,79.56739033420895,-1.5655826473460317,0.600341413183197,59,0.01637324132025242,0.020261462777853012,1.0287038087844849,-0.9380397200584412,-1.7111327648162842,2.3495728969573975,0.42963435797863675,284.20544789266836,0.0
50.548,79.66653623389281,-1.8787498594058032,0.13850106237158702,59,0.04470674321055412,-0.014486843720078468,0.9731127023696899,0.7895931005477905,-0.34093549847602844,1.2752152681350708,0.4299546511587907,284.20544789266836,0.0
50.599,79.64781328351924,-2.066700349986375,-0.5003370749007136,59,0.03659703582525253,-0.015842877328395844,1.0333527326583862,0.3532823622226715,-1.227704644203186,-1.5365337133407593,0.4306570154251158,273.15558450016283,0.0
50.65,79.5080274700971,-1.7245962185532941,0.22706599294077165,59,0.012039330787956715,0.034751150757074356,0.9942935705184937,-1.545032024383545,1.4209067821502686,-3.460819721221924,0.4306068852486414,273.15558450016283,0.0
50.7,79.61978759691156,-1.5664810202618125,0.4933828085339775,59,0.039455924183130264,-0.0063234781846404076,1.0041965246200562,-1.483741044998169,-3.6659975051879883,5.7536187171936035,0.4302253251514576,273.15558450016283,0.0
50.75,79.64846015932024,-2.2953279278966057,-0.4203278642033174,59,0.04713431000709534,-0.014918110333383083,1.0157544612884521,0.3862154483795166,0.5679268836975098,-3.2489264011383057,0.42986458260733373,273.15558450016283,0.0
50.801,79.55453442947821,-2.083524571747152,0.1764173031305994,59,0.028261421248316765,0.02235664241015911,1.030076026916504,-0.6345183849334717,-2.088502883911133,-1.5187321901321411,0.42912859278569193,273.15558450016283,0.0
50.851,79.54755070000029,-2.0348735182852113,0.5703871783253652,59,0.036570265889167786,0.00890442542731762,0.9591888785362244,-3.140275478363037,2.688030242919922,0.4177187979221344,0.42808938946608854,273.15558450016283,0.0
50.902,79.59593371454365,-1.857977427814211,0.2941837279871088,59,0.03179463744163513,-0.005705684889107943,1.00749671459198,1.551819920539856,-1.1718717813491821,2.785670518875122,0.42768383939068766,273.15558450016283,0.0
50.952,79.61644344144864,-2.1982010410290234,-0.24637281355199217,59,0.040407102555036545,-0.01613134704530239,0.9624690413475037,-2.709606647491455,2.1543750762939453,0.28593987226486206,0.42809669344960755,273.15558450016283,0.0
51.002,79.55055209840584,-2.1306253075392174,-0.2675021592023571,59,0.028802713379263878,0.003175274468958378,1.0149681568145752,2.4952657222747803,-0.6454078555107117,-3.0063960552215576,0.42817578595440775,273.15558450016283,0.0
51.053,79.49625993874979,-1.9247829864823724,0.20480267483299186,59,0.030676687136292458,0.007412459701299667,1.00255286693573,-0.5615875720977783,-0.3599386215209961,-0.9820507168769836,0.42864028211795663,273.15558450016283,0.0
51.103,79.48628171889298,-1.9849806818760647,0.23225158492185896,59,0.03589809313416481,-0.003113912884145975,0.9805797338485718,-3.440497875213623,4.713754177093506,0.3086415231227875,0.42899573466894114,273.15558450016283,0.0
51.153,79.43305832586742,-2.1972227424101836,0.12926278412723902,59,0.04008057713508606,0.004462472628802061,1.0127649307250977,2.6316440105438232,-1.4008392095565796,-3.340639591217041,0.42988062226576623,285.03594971117906,0.0
51.204,79.34099283786207,-1.8517596197363166,0.756747693964751,59,0.024090342223644257,0.021764738485217094,0.9779869914054871,-0.8565199375152588,4.7624430656433105,-1.264782190322876,0.4304963976523578,285.03594971117906,0.0
51.254,79.31821133192578,-1.7068977279782815,1.1440409340517363,59,0.02761577069759369,0.028581494465470314,1.009445309638977,0.4809470474720001,-3.8520126342773438,2.855689525604248,0.43127682615377305,285.03594971117906,0.0
51.304,79.43243207603535,-2.29137600878947,0.5484396980053167,59,0.06692605465650558,-0.018159950152039528,1.0244626998901367,-4.994081020355225,1.857627272605896,-0.1281021237373352,0.4318051532429232,285.03594971117906,0.0
51.355,79.36893313978379,-2.698566975635632,0.0953533376405089,59,0.0422903411090374,0.0004868734977208078,1.0025800466537476,1.8300118446350098,-3.4581029415130615,-1.8652456998825073,0.4330540649865354,285.03594971117906,0.0
51.405,79.2831159627071,-2.4521881292746883,0.302316105010154,59,0.033184368163347244,0.02464347332715988,0.9751405119895935,-1.7844517230987549,0.5152638554573059,-3.4121570587158203,0.43391870995631315,285.03594971117906,0.0
51.455,79.27111599449647,-2.1691272196488187,0.8008327562340893,59,0.03955645486712456,0.021047523245215416,1.0019899606704712,-2.7977538108825684,-0.9441127777099609,-0.13744451105594635,0.43522777500266463,285.03594971117906,0.0
51.506,79.30319500821805,-2.4559138550256416,0.9269587516210941,59,0.05014622211456299,0.017800219357013702,1.014827013015747,-2.1266777515411377,-1.585359811782837,0.9885563850402832,0.4357271371497097,285.03594971117906,0.0
51.556,79.30255461780408,-2.6322491399355266,0.7434403114738336,59,0.0450311005115509,0.007388624828308821,1.0209650993347168,-2.01231050491333,5.620458602905273,-0.9040195941925049,0.4369412259605618,285.03594971117906,0.0
51.606,79.282154184003,-2.5304900537445025,0.8054121802274079,59,0.03802794963121414,0.01608932763338089,0.9243387579917908,2.6256604194641113,-1.2572215795516968,-0.5915876030921936,0.438143492007283,285.03594971117906,0.0
51.656,79.30379186486465,-2.0199762762120743,0.8251065815590469,59,0.03022421896457672,0.014553110115230083,0.9647704362869263,-3.9363667964935303,3.417177200317383,1.4040491580963135,0.439713184686726,285.03594971117906,0.0
51.707,79.39488026021786,-2.007167283383801,0.6579728453258027,59,0.041849952191114426,0.001403126516379416,1.024474024772644,1.939439296722412,-3.54331374168396,3.8395211696624756,0.4401879510537151,265.49588555513355,0.0
51.757,79.46481484322885,-2.5522673078193545,0.015369655140691798,59,0.0524689182639122,-0.013220550492405891,0.9591226577758789,3.37080979347229,-5.147141933441162,0.46664705872535706,0.4412787870011248,265.49588555513355,0.0
51.807,79.4287211428179,-2.5412903253792676,-0.1430171256362481,59,0.039711568504571915,0.007265731692314148,1.0398225784301758,-1.927376627922058,5.126316547393799,-2.579346179962158,0.44173254831467984,265.49588555513355,0.0
51.858,79.42906154913243,-2.5763911313446375,-0.07739158180076061,59,0.05447232350707054,-0.013889187015593052,0.9958696365356445,-1.4449074268341064,6.620221138000488,-0.9696914553642273,0.4417491131105008,265.49588555513355,0.0
51.908,79.3414408467746,-2.402313172860637,0.13068399984472506,59,0.03029402531683445,0.010821058414876461,0.9876760840415955,7.145772933959961,-4.8663129806518555,-0.10179857164621353,0.4421606435766039,265.49588555513355,0.0
51.958,79.30914114462881,-2.37171375093423,0.21187529274119515,59,0.04113047942519188,0.008236361667513847,0.9915656447410583,0.12196551263332367,2.4663939476013184,-3.331080913543701,0.44333599343048385,265.49588555513355,0.0
52.009,79.28892192107655,-2.04739503659495,0.8079334909126014,59,0.03501060605049133,0.021713633090257645,0.9859071373939514,-0.5016993880271912,-2.5386784076690674,2.9103074073791504,0.4435996807006668,265.49588555513355,0.0
52.059,79.32379066642709,-2.210702276987243,0.46539105580121565,59,0.043198782950639725,-0.00024964564363472164,1.0341521501541138,0.7967608571052551,-2.708763599395752,0.036243390291929245,0.4435689888624938,265.49588555513355,0.0
52.109,79.30261882974962,-2.273143334465142,0.41297340726855475,59,0.03750406205654144,0.012723475694656372,0.9829848408699036,0.8020573258399963,-0.05360449105501175,-0.9231083989143372,0.44304986305097943,265.49588555513355,0.0
52.16,79.34949720313031,-2.2910853757379215,0.22623650556705555,59,0.04832619056105614,-0.006402864586561918,1.031428575515747,-2.4002535343170166,2.921837568283081,0.3793600797653198,0.44275866866878566,265.49588555513355,0.0
52.21,79.31417463550105,-2.187610144995914,0.2162731842874763,59,0.030927272513508797,0.0012716945493593812,1.0325161218643188,0.5790062546730042,-0.2050853818655014,0.4615628719329834,0.44253828218424135,285.44331019463726,0.0
52.261,79.29179004112204,-2.353572089379655,0.1991852071601198,59,0.038875043392181396,0.01208045519888401,0.9168955683708191,-3.5681257247924805,0.3873806297779083,-2.7352490425109863,0.4415111764805346,285.44331019463726,0.0
52.311,79.34565737740722,-1.9985471661559273,0.2464326427600474,59,0.03507139906287193,-0.00531600508838892,1.0520254373550415,-3.5127623081207275,-3.6050994396209717,3.6214725971221924,0.44038526788380683,285.44331019463726,0.0
52.361,79.31353003077366,-2.128994564322548,0.4009704805709803,59,0.03147760033607483,0.02033890411257744,0.9441869258880615,4.2352495193481445,-5.680543899536133,-1.646393895149231,0.44005192709232827,285.44331019463726,0.0
52.412,79.39187743614308,-2.1769106907481532,0.3616210053036966,59,0.04811364412307739,0.001673187012784183,1.0056111812591553,-2.3111732006073,-0.3602450489997864,0.9777403473854065,0.4399232194198705,285.44331019463726,0.0
52.462,79.43746869335008,-2.257644827182032,0.12297995467410265,59,0.04231591522693634,-0.007869768887758255,1.0245797634124756,0.13087734580039978,-1.2039682865142822,2.5942482948303223,0.44040041432035554,285.44331019463726,0.0
52.512,79.43962139930896,-2.686164046750177,-0.15763355887126002,59,0.049159735441207886,-0.002038312843069434,0.9933526515960693,0.3936890959739685,0.5756304860115051,-2.559155225753784,0.440323207210961,285.44331019463726,0.0
52.563,79.466327833675,-2.66142669045725,-0.36074486268012407,59,0.053816135972738266,-0.026832152158021927,1.02970552444458,-3.051661729812622,3.072303533554077,-0.6374400854110718,0.44002053720381035,285.44331019463726,0.0
52.613,79.28917786906062,-2.7189992994192917,-0.23868070679326528,59,0.032055336982011795,0.01850762590765953,0.955350399017334,-2.6096889972686768,2.5898218154907227,-4.861291885375977,0.4395561269030508,285.44331019463726,0.0
52.664,79.24058861697476,-2.290660684440123,0.3032011768782894,59,0.04011695086956024,0.015470507554709911,1.0048145055770874,1.754372000694275,-3.298391580581665,-1.4530929327011108,0.43868975976201013,285.44331019463726,0.0
52.714,79.20323237630524,-2.2560767671730977,0.7613884397567444,59,0.036159634590148926,0.020021850243210793,0.9828243255615234,3.030801773071289,2.649061918258667,0.028846099972724915,0.4387923296621523,285.44331019463726,0.0
52.765,79.24785554562207,-2.342995233977069,0.6457897579967247,59,0.048696357756853104,-0.004663063678890467,1.0264217853546143,0.11787235736846924,-0.8266147971153259,2.9825477600097656,0.4386094857691618,285.69606975001705,0.0
52.815,79.22534044875685,-2.8769278019177884,-0.46616406671577765,59,0.059126727283000946,-0.027506191283464432,0.9839471578598022,1.6005977392196655,4.987792491912842,-6.855911731719971,0.43898983442569633,285.69606975001705,0.0
52.865,79.01994486809433,-2.050755680542017,0.6484887815657364,59,0.011117269285023212,0.05035996437072754,0.9362015128135681,-1.3266681432724,3.91087007522583,-2.315171480178833,0.4396672791149658,285.69606975001705,0.0
52.916,79.1405368961304,-1.5506824263624088,1.045512608290893,59,0.02956828474998474,0.012844925746321678,1.0194926261901855,4.036055088043213,-9.105048179626465,5.866248607635498,0.44036876169728256,285.69606975001705,0.0
52.966,79.32311743588893,-1.9779773114258434,0.20434378801965236,59,0.05497279763221741,-0.024176182225346565,1.049662709236145,2.374545097351074,-7.303661823272705,5.551942348480225,0.4406283664315598,285.69606975001705,0.0
53.017,79.33130502822839,-2.9164153453620467,-0.81011740680353,59,0.062206022441387177,-0.0293329656124115,1.0431108474731445,-3.0380685329437256,5.490301609039307,-1.9771603345870972,0.44070735597281785,285.69606975001705,0.0
53.067,79.18544783344794,-2.7804204394317735,-0.5689335858079492,59,0.03177395090460777,0.005005973391234875,0.9540558457374573,-2.039180040359497,6.8788743019104,-5.033181190490723,0.4404003703817239,285.69606975001705,0.0
53.117,79.17632998888857,-2.1858876419146958,0.030794535492334404,59,0.033534660935401917,-0.0006717655342072248,1.0167503356933594,1.0908180475234985,-3.714712381362915,2.086228609085083,0.4391848739214433,285.69606975001705,0.0
53.167,79.13752106709532,-2.3602731383291338,0.10246996593092562,59,0.04297768324613571,0.002595050260424614,0.9971991181373596,-3.7746613025665283,2.351588487625122,-1.1098885536193848,0.43741920069149887,285.69606975001705,0.0
53.218,79.09074284908517,-2.3712943007120058,0.2733912587395781,59,0.03686513379216194,0.018898848444223404,0.9502720236778259,4.408171653747559,-3.565084934234619,-2.154383420944214,0.436104803690017,285.69606975001705,0.0
53.268,79.10884662414902,-2.2297966763332377,0.3523335894955887,59,0.04382578283548355,0.0068528372794389725,1.0207515954971313,-2.9225223064422607,1.389017105102539,0.6896582841873169,0.43485819875412485,281.3081153588196,0.0
53.319,79.09633610076355,-2.289322337786219,0.3119795749916867,59,0.03339604660868645,-0.0007410190301015973,1.02131187915802,-0.7129261493682861,-0.7969750165939331,0.38648122549057007,0.434715919310994,281.3081153588196,0.0
53.369,79.09648177496285,-2.23812528310031,0.1495631526563301,59,0.03903061896562576,0.00030701220384798944,0.9555742144584656,2.7446675300598145,-1.251084804534912,-0.8896124958992004,0.4352221687259239,281.3081153588196,0.0
53.419,79.10465753133646,-1.9352417913902646,0.4485930118916787,59,0.030695319175720215,0.013648297637701035,0.9635649919509888,-0.8944845795631409,0.5821290016174316,2.6710259914398193,0.4359766778888323,281.3081153588196,0.0
53.47,79.17400615744438,-2.008456113900514,0.09361487682952443,59,0.03851570561528206,-0.013457238674163818,1.0265355110168457,4.102533340454102,-3.281930685043335,1.2877953052520752,0.437596767240353,281.3081153588196,0.0
53.52,79.16662095605741,-2.1426987275342073,-0.1584548241585094,59,0.042825695127248764,-0.007394029293209314,1.0004600286483765,2.118175506591797,-0.4375719428062439,-1.5612488985061646,0.4389226292002996,281.3081153588196,0.0
53.57,79.17236944589108,-2.1320362480955937,-0.1033574845276664,59,0.03964284434914589,-0.008023523725569248,0.9869164228439331,-4.730447769165039,4.163826942443848,1.905310034751892,0.44109408528716,281.3081153588196,0.0
53.621,79.1745373332884,-2.503164656475213,-0.7078938981523448,59,0.04976790025830269,-0.02300354093313217,1.0060592889785767,1.0039267539978027,-1.0166893005371094,-3.8350539207458496,0.44219691358270674,281.3081153588196,0.0
53.671,79.06922316800399,-2.074133203153026,-0.1342400347185607,59,0.020350441336631775,0.017865588888525963,1.0053179264068604,1.1418237686157227,1.7711808681488037,-1.6642217636108398,0.44303030958743905,281.3081153588196,0.0
53.721,79.06636914347601,-1.713843236012714,0.3618669928700527,59,0.024122677743434906,0.012946479953825474,0.9698172211647034,1.5681384801864624,0.07683321088552475,1.2941792011260986,0.4436489924831655,281.3081153588196,0.0
53.772,79.1238273381374,-1.6605880052782827,0.4116037149214095,59,0.028924480080604553,0.010895091108977795,0.9989681839942932,3.0189878940582275,-4.280757904052734,4.988542079925537,0.44324417588645254,281.3081153588196,0.0
53.822,79.2563186454745,-2.006881910036376,-0.40849749567228844,59,0.051952049136161804,-0.029637344181537628,1.0219745635986328,-0.2051888108253479,-1.4059292078018188,-1.7578879594802856,0.4433321408705079,279.3595311043027,0.0
53.873,79.245313067197,-2.0532039301898015,-0.6238515387063682,59,0.03577035665512085,-0.01357519906014204,1.0140085220336914,-0.9769524335861206,-2.2623047828674316,2.4449782371520996,0.444545178290166,279.3595311043027,0.0
53.923,79.24704982771729,-2.13689203582534,-1.0442205430973337,59,0.03805982694029808,-0.016831867396831512,1.0322946310043335,3.8721396923065186,-2.5502853393554688,-2.25571608543396,0.44526496053062076,279.3595311043027,0.0
53.974,79.16114656527246,-1.8476975375628824,-0.20413628877833515,59,0.021908078342676163,0.01606569066643715,0.9286633729934692,-3.1380960941314697,5.979430198669434,-0.5667657852172852,0.44632095672077093,279.3595311043027,0.0
54.024,79.1604782982091,-1.5815555570822128,0.1301223477317528,59,0.025906287133693695,0.0065598031505942345,0.998880922794342,-1.4843506813049316,0.05975653603672981,-0.13876256346702576,0.44732678806024,279.3595311043027,0.0
54.074,79.22225267704665,-1.710102874324494,0.040499583778186986,59,0.037929922342300415,-0.009848439134657383,1.005703330039978,3.009988784790039,-3.094055652618408,-0.11944179981946945,0.448342682474668,279.3595311043027,0.0
54.125,79.17779152017702,-1.7258206969476457,-0.07475346058404479,59,0.03014093078672886,-0.0007491991273127496,0.9861739277839661,-3.156996488571167,6.518934726715088,-1.4627903699874878,0.4486296490339184,279.3595311043027,0.0
54.175,79.16461965108424,-1.4917861713742053,0.10068523401271749,59,0.019505899399518967,0.0018492955714464188,0.9942799806594849,1.9544259309768677,-0.33203884959220886,2.07319712638855,0.4500450728601673,279.3595311043027,0.0
54.225,79.21216781277012,-1.5175100829777022,-0.08660226045069697,59,0.028828438371419907,-0.003724661422893405,1.0151731967926025,2.607769012451172,-3.054699659347534,1.220536470413208,0.4500243262084723,279.3595311043027,0.0
54.276,79.25875946129081,-1.7818805680342655,-0.5956016003679667,59,0.04090019315481186,-0.024681901559233665,0.9613723754882812,-0.530478298664093,2.6308021545410156,-1.4932894706726074,0.44918071856796987,279.3595311043027,0.0
54.326,79.20745887429578,-1.5119495924415245,-0.5489266426992295,59,0.020460329949855804,-0.0058373198844492435,1.0265778303146362,-1.482201337814331,-0.6786574721336365,1.9816439151763916,0.4486803176604109,279.3595311043027,0.0
54.376,79.23674810990335,-1.9624381477900874,-1.194362113495384,59,0.04627198725938797,-0.035118356347084045,0.9488323926925659,3.6268301010131836,-0.8684160113334656,-4.1255717277526855,0.4479876247699078,260.7263007397277,0.0
54.427,79.08005495843713,-1.3301048178487755,-0.17327858735170512,59,0.001380741479806602,0.03965824097394943,1.020826816558838,2.3036720752716064,-3.648298740386963,-0.5832880139350891,0.4471660867239014,260.7263007397277,0.0
54.477,79.16263394346882,-1.1902257666964537,0.1623523616243474,59,0.03288479149341583,9.425374446436763e-05,0.9767205119132996,-0.8009352087974548,-1.6560219526290894,1.8998650312423706,0.44693203398083564,260.7263007397277,0.0
54.528,79.21657532162035,-1.3962493761250192,-0.0733716793986463,59,0.03125634044408798,-0.011553346179425716,1.043764352798462,-0.9955193996429443,-0.08910150080919266,1.846229076385498,0.4466930793349979,260.7263007397277,0.0
54.579,79.23093440424485,-1.7116800090854716,-0.40483286278957087,59,0.03271042928099632,-0.017479581758379936,1.0252563953399658,1.141675353050232,1.182475209236145,-1.099967360496521,0.44625141052600087,260.7263007397277,0.0
54.629,79.20829723702289,-1.6194294081600493,-0.26713377672158306,59,0.023749591782689095,5.881236575078219e-05,0.9958938956260681,-1.5544098615646362,0.6222948431968689,-0.4264935553073883,0.4455058470882988,260.7263007397277,0.0
54.679,79.22874713792129,-1.634099681575577,-0.20366939615154966,59,0.034643977880477905,-0.0037531156558543444,0.9741101861000061,0.767431378364563,-0.9103688597679138,0.6306911706924438,0.4451046597765243,260.7263007397277,0.0
54.73,79.23312870578515,-1.5135847482746063,-0.16835009123326275,59,0.01981816254556179,0.0014306434895843267,0.9861107468605042,-0.22959361970424652,0.15755631029605865,1.9144026041030884,0.44364688706203526,260.7263007397277,0.0
54.78,79.24837918290278,-1.5766763178512284,-0.18563349191824388,59,0.027049466967582703,-0.0034957281313836575,0.9835234880447388,-0.8544281125068665,4.77084493637085,-2.057304859161377,0.4421819017849198,260.7263007397277,0.0
54.831,79.26903632591944,-1.4796133089422376,-0.11349076053850223,59,0.028480350971221924,-0.008089241571724415,1.0081205368041992,1.4857193231582642,1.1497448682785034,-0.4990892708301544,0.44026694998597304,260.7263007397277,0.0
54.881,79.283166508719,-1.17324785514991,-0.05441273282079157,59,0.016613595187664032,-0.009781986474990845,1.0122345685958862,1.1044864654541016,-0.5097364187240601,3.4300875663757324,0.43887247666700685,285.24918389553864,0.0
54.932,79.28351732917707,-1.3236613817687084,-0.44759327473191535,59,0.021022500470280647,-0.006599158514291048,0.9696013331413269,-0.08701600134372711,2.8496413230895996,-1.9774349927902222,0.43693368081327844,285.24918389553864,0.0
54.982,79.30200985147715,-1.3583883067682034,-0.4740923218656364,59,0.03410888835787773,-0.009295148774981499,1.0105704069137573,3.647778272628784,-4.768791198730469,1.2065517902374268,0.4361563819812931,285.24918389553864,0.0
55.033,79.241595209592,-1.5593520203114695,-0.5468171421797503,59,0.027995621785521507,-0.004503027070313692,1.029567837715149,-2.668044090270996,4.317429542541504,-3.2227139472961426,0.4357351342111393,285.24918389553864,0.0
55.083,79.1606459523688,-1.2183638641467984,0.1192226340966969,59,0.0021000681445002556,0.021347062662243843,0.9716784358024597,2.3307628631591797,-2.112828254699707,-0.8488485813140869,0.43533413344946953,285.24918389553864,0.0
55.133,79.19036473118913,-1.0983248588827108,0.01479329696487697,59,0.025815211236476898,-0.007677305955439806,1.013770341873169,-3.8902323246002197,3.5962469577789307,-1.9821912050247192,0.4348031377536281,285.24918389553864,0.0
55.184,79.18389595153941,-1.1433562187056148,0.015601051910607467,59,0.024782536551356316,-0.009160592220723629,1.0234559774398804,-0.6031479835510254,-3.9079320430755615,3.6490633487701416,0.4343075200009496,285.24918389553864,0.0
55.234,79.17148393262192,-1.6023007907057591,-0.6035739434944637,59,0.034171514213085175,-0.013951570726931095,0.9816574454307556,-0.6513618230819702,0.6650789976119995,-3.62105393409729,0.43403700129091555,285.24918389553864,0.0
55.285,79.0585132789746,-1.3137126903345893,0.16221892973302676,59,0.015839720144867897,0.026614947244524956,1.035214900970459,0.9792283773422241,2.1775307655334473,-1.883432388305664,0.43397888479004376,285.24918389553864,0.0
55.335,79.06106510402125,-1.1445779548071664,0.8121332356914575,59,0.014307437464594841,0.026552628725767136,0.9727641940116882,-1.6572778224945068,1.7584843635559082,0.8400704264640808,0.4343640595028305,285.24918389553864,0.0
55.386,79.16895774411881,-1.135089297667372,0.4862871805113196,59,0.025659745559096336,-0.008291110396385193,0.9974133372306824,-1.0214874744415283,-1.5987032651901245,3.8528246879577637,0.43505347121348903,285.24918389553864,0.0
55.436,79.19367142145825,-1.4050647186813927,-0.09187681134374398,59,0.03121752291917801,-0.008577804081141949,0.9678118824958801,0.5132095813751221,0.21306560933589935,-0.22124768793582916,0.4355029813086925,267.45976278535903,0.0
55.487,79.16307078588252,-1.306439962460709,-0.07047243156897079,59,0.021746551617980003,0.001792387687601149,1.0166292190551758,-1.0614774227142334,0.07075268775224686,-0.09188483655452728,0.4358554140688337,267.45976278535903,0.0
55.537,79.16325796449115,-1.2327402232046882,-0.009305173850544352,59,0.01830681413412094,0.0011970407795161009,0.9972927570343018,2.7941839694976807,-0.9134300351142883,-0.5298506021499634,0.4361232964608882,267.45976278535903,0.0
55.588,79.18313537088503,-1.2985019975157117,-0.1613360080455447,59,0.026879433542490005,-0.011725371703505516,0.9648967981338501,-1.4964717626571655,2.5350255966186523,0.229256734251976,0.4368659368571063,267.45976278535903,0.0
55.638,79.16059257423001,-1.260176586052065,-0.16454576945492871,59,0.02154933288693428,-0.0004208088794257492,1.0349327325820923,3.068875789642334,-3.1172690391540527,-0.28757092356681824,0.4372349978772809,267.45976278535903,0.0
55.688,79.14730000185658,-1.2733198547243987,0.040901177227081725,59,0.0210864394903183,0.007463942747563124,0.9823780059814453,2.3619391918182373,-1.7373429536819458,-0.5098096132278442,0.4372554895271812,267.45976278535903,0.0
55.739,79.13640089596699,-1.1704892448679558,0.2308486135853071,59,0.015962066128849983,0.005820308346301317,0.9826590418815613,-2.757337808609009,4.363931179046631,-0.22531770169734955,0.43686194335472006,267.45976278535903,0.0
55.789,79.13156102931612,-1.1254603503702982,0.37125659405034334,59,0.014941981993615627,0.008437136188149452,1.0347585678100586,0.8126829266548157,-0.42602676153182983,-0.6945949196815491,0.4362119793146047,267.45976278535903,0.0
55.84,79.20848035727225,-0.9772059329507745,0.3619672821994993,59,0.02048235945403576,-0.005919249728322029,0.9949114322662354,4.452574253082275,-3.7950901985168457,3.6997506618499756,0.43601394019172734,267.45976278535903,0.0
55.891,79.20033654983041,-0.9989637793660554,-0.08346535131340738,59,0.002797304652631283,0.008227134123444557,0.9611119627952576,-1.0176122188568115,2.6863369941711426,-0.6135560870170593,0.4357343462816464,267.45976278535903,0.0
55.941,79.28350897380854,-0.9579185608377886,-0.06463838129913568,59,0.027581892907619476,-0.008451954461634159,0.993097186088562,0.19947825372219086,-3.8192527294158936,2.7233409881591797,0.43502257422975804,285.3850445669184,0.0
55.992,79.33919697223413,-1.1863922084638907,-0.6054810547925751,59,0.026815420016646385,-0.020071879029273987,1.0529240369796753,0.5938575267791748,-1.6884799003601074,0.8699694871902466,0.4336422780052784,285.3850445669184,0.0
56.042,79.29001825504368,-1.1316404929285002,-0.40864221876949164,59,0.010310550220310688,0.005355860572308302,0.9513587951660156,-0.03222975879907608,0.2388492375612259,-0.5304765105247498,0.432847515855944,285.3850445669184,0.0
56.093,79.30149106461515,-1.0124411494918142,-0.4592808312330315,59,0.016376890242099762,-0.009416831657290459,1.0156644582748413,-0.8462226986885071,2.0409867763519287,-1.8590995073318481,0.4315005184897164,285.3850445669184,0.0
56.143,79.31500884612241,-0.9877288209469915,-0.3400516846789166,59,0.024573275819420815,-0.0048498488031327724,1.015129804611206,3.68329119682312,-6.23824405670166,1.5496459007263184,0.43017069456754997,285.3850445669184,0.0
56.193,79.35375118703435,-1.0900970169140176,-0.4866402365710103,59,0.01799100637435913,-0.014950782991945744,0.9932076930999756,-2.2876076698303223,3.3288416862487793,2.0619513988494873,0.4294072635646614,285.3850445669184,0.0
56.244,79.3228614284175,-1.058315954841517,-0.5104539124050028,59,0.006632257718592882,-0.00033862804411910474,0.9873822331428528,0.39109593629837036,1.830096960067749,-1.376084327697754,0.4281046332429309,285.3850445669184,0.0
56.294,79.35854610198437,-0.7162242123461895,-0.31041943419942747,59,0.009621899574995041,-0.004872370511293411,0.9938846230506897,1.0318604707717896,-0.1737736463546753,0.45247897505760193,0.42721378609937033,285.3850445669184,0.0
56.344,79.43139272351843,-0.6700569805745541,-0.32631272509152687,59,0.016410861164331436,-0.010039526969194412,0.9954648017883301,1.7874690294265747,-2.021369695663452,3.0600805282592773,0.42631116814873815,285.3850445669184,0.0
56.394,79.45301360594077,-0.9529828360882219,-0.6361736705812693,59,0.020458417013287544,-0.014718666672706604,0.9997907876968384,-0.44381004571914673,1.7591264247894287,0.7166593074798584,0.4257506145484064,285.3850445669184,0.0
56.445,79.46314307988352,-0.9371985473990253,-0.8630360341733994,59,0.013608754612505436,-0.024793853983283043,0.9976944923400879,2.6803112030029297,1.5282297134399414,-0.23747479915618896,0.42559156822616195,285.3850445669184,0.0
56.495,79.40911239668453,-0.8458661821512079,-0.7707586256116226,59,0.010664992965757847,-0.004251028411090374,0.965607225894928,1.3057444095611572,1.7001044750213623,-2.117478609085083,0.4254958478647866,283.3989189189189,0.0
56.545,79.36377514569823,-0.641412264018565,-0.531965468744468,59,0.014373482204973698,-4.9147736717714e-05,1.0195105075836182,3.0730559825897217,-3.7876455783843994,-1.0629339218139648,0.4252885055218867,283.3989189189189,0.0
56.596,79.37348148222357,-0.9443394868652344,-0.36797170823996456,59,0.029970809817314148,-0.01086036954075098,0.9974613785743713,-2.8187859058380127,2.8429465293884277,-0.5593679547309875,0.4256380135967518,283.3989189189189,0.0
56.646,79.29847741700355,-0.6680216659659189,0.17587426876203296,59,-0.009356561116874218,0.021921955049037933,0.9915440082550049,1.8382421731948853,-1.4498131275177002,-1.1843262910842896,0.42651454948135015,283.3989189189189,0.0
56.696,79.3970816931276,-0.38299189671574335,0.3318748894167961,59,0.015378731302917004,-0.009247396141290665,1.0079718828201294,-4.17646598815918,4.181994438171387,5.213277816772461,0.4268415448703682,283.3989189189189,0.0
56.747,79.42590021173672,-0.8670851051862769,-0.39479419158069196,59,0.021553730592131615,-0.013381809927523136,0.9774393439292908,7.694952964782715,-6.345531940460205,-1.7172776460647583,0.42696785246385743,283.3989189189189,0.0
56.797,79.43617667604151,-0.7745453252418759,-0.6660277952317195,59,0.014390348456799984,-0.019677789881825447,1.0004991292953491,-1.7085305452346802,3.7634153366088867,0.15341781079769135,0.4266495674016406,283.3989189189189,0.0
56.848,79.37227473638268,-0.21991241858930477,-0.21974709945307505,59,-0.021264001727104187,0.011561048217117786,1.026406168937683,2.4775211811065674,-0.7332004904747009,0.9442238807678223,0.4259551591128963,283.3989189189189,0.0
56.898,79.44987033984773,-0.10712909388058162,-0.33430588351589213,59,0.009540789760649204,-0.0135840168222785,1.003059983253479,2.0311191082000732,-0.36610010266304016,0.712400496006012,0.42588034544690806,283.3989189189189,0.0
56.949,79.48915682664796,-0.2091974987578268,-0.8002727950689492,59,0.014108752831816673,-0.02609759196639061,1.0044018030166626,3.962538957595825,-2.8679163455963135,-0.8394379615783691,0.4262707721665137,283.3989189189189,0.0
56.999,79.5577257862089,-0.1502794070301147,-0.9018965835221063,59,0.005931357387453318,-0.022196568548679352,1.0497708320617676,1.778836727142334,-10.46817684173584,6.138461112976074,0.4263897735838173,283.3989189189189,0.0
57.05,79.57175562388049,-0.5793925211900703,-1.604667634724814,59,0.004046806134283543,-0.027702882885932922,1.050945520401001,-11.217071533203125,6.754978179931641,-3.3376522064208984,0.42695712459205637,284.66838604588025,0.0
57.1,79.6041140726553,-0.15000455859723413,-1.2563605305440264,59,-0.009831356815993786,-0.0264521986246109,1.0351639986038208,-1.5321800708770752,-2.6011922359466553,3.920354127883911,0.427448920216407,284.66838604588025,0.0
57.152,79.65886770280193,0.30517989039220156,-1.2411487268888308,59,-0.0313522107899189,-0.025942297652363777,1.0109126567840576,3.1652982234954834,-10.529562950134277,-1.4989060163497925,0.42917475662171145,284.66838604588025,0.0
57.203,79.76297304782648,0.45853381133254933,-0.8109032893246713,59,0.008783750236034393,-0.015720702707767487,0.9523428082466125,-5.678798675537109,-8.031150817871094,6.327683448791504,0.43103192620025427,284.66838604588025,0.0
57.253,79.84816177578767,0.11643693357982939,-1.5098514891261636,59,0.0073954262770712376,-0.03729741647839546,1.0804966688156128,3.4710006713867188,-19.10194969177246,-0.7237483859062195,0.4308950222280579,284.66838604588025,0.0
57.303,79.93293823884136,-0.13333759846396062,-1.8698579238150757,59,0.021914344280958176,-0.04418937489390373,0.9401731491088867,0.9959657192230225,-1.5459709167480469,1.6176397800445557,0.43085068432405055,284.66838604588025,0.0
57.354,79.92608782250988,0.4317264341053045,-1.475736233957037,59,-0.01922897808253765,-0.0075258538126945496,1.1155829429626465,9.532121658325195,-3.3324122428894043,0.7382375597953796,0.43051933335002274,284.66838604588025,0.0
57.404,80.0552480245503,0.12336243800636497,-0.9323595257946105,59,0.02217182144522667,-0.02660670317709446,0.9668743014335632,0.9112527966499329,14.354833602905273,1.8554503917694092,0.43097122436987023,284.66838604588025,0.0
57.454,79.9251626461408,0.2925690150142458,-0.019971224534634128,59,-0.034236833453178406,0.0316753126680851,1.0453932285308838,12.48510456085205,5.222552299499512,-5.789838790893555,0.4308929237436018,284.66838604588025,0.0
57.505,80.04093090423233,1.379720996737703,0.7345551856924983,59,-0.04095149040222168,-0.005271985195577145,0.9947872161865234,-2.299327850341797,8.326416015625,10.284247398376465,0.43001260931989577,284.66838604588025,0.0
57.555,80.12851029872188,1.3342724549066771,0.03562656698361324,59,-0.025992777198553085,-0.008115393109619617,0.9729111790657043,6.477689743041992,18.632598876953125,-2.767326593399048,0.42945365781718486,275.487947454844,0.0
57.606,80.14106068271485,1.7438887546473412,0.42862780920756044,59,-0.04953585937619209,0.022986965253949165,0.9962390065193176,-11.157593727111816,0.4329786002635956,6.849609851837158,0.4313213985236214,275.487947454844,0.0
57.656,80.43630032672809,1.8745681710852475,0.4519109883015655,59,-0.022749794647097588,0.0017630900256335735,0.9919794201850891,13.666505813598633,12.856295585632324,5.538516044616699,0.4337839494889846,275.487947454844,0.0
57.707,80.51324168658562,1.9556704233921536,0.9903488362507651,59,-0.02019979991018772,0.0223101619631052,1.0974591970443726,14.727413177490234,0.18736569583415985,1.272142767906189,0.4389114626724068,275.487947454844,0.0
57.757,80.59468483752725,1.4733897653452164,1.4466528718703378,59,-0.03915327042341232,0.028251295909285545,0.8572221994400024,-0.22551019489765167,-1.6421778202056885,7.183645725250244,0.44262663548828346,275.487947454844,0.0
57.807,80.95306231940803,1.0009392005364357,0.03955214072445652,59,0.010067135095596313,-0.05330028384923935,1.0863780975341797,-7.6833696365356445,11.448521614074707,3.9410390853881836,0.44843824010721667,275.487947454844,0.0
57.857,80.81030193080966,0.9503657020538733,0.6793388926182634,59,-0.04812149330973625,0.06200460344552994,0.8959463238716125,-1.3823083639144897,-22.711288452148438,-2.36315655708313,0.4533570127935915,275.487947454844,0.0
57.908,81.08008726396359,0.5314812939422724,0.6800332476538771,59,0.025536248460412025,-0.013335867784917355,0.9608049988746643,-20.292449951171875,-9.733949661254883,4.394198417663574,0.4609319360783958,275.487947454844,0.0
57.958,81.05952433170184,-0.31483178145361296,-0.4852597217619538,59,0.00015731435269117355,-0.01007377915084362,0.980816662311554,-6.580319881439209,-16.37540054321289,-2.9722273349761963,0.4659885104796378,275.487947454844,0.0
58.009,80.91174491740516,-0.8505759182016781,-1.4415986735903383,59,0.03535689413547516,-0.0330333486199379,1.079803466796875,-9.632307052612305,2.346825361251831,-7.25652551651001,0.472667317319196,275.487947454844,0.0
58.059,80.7036208389766,-0.9259545882210649,-0.8059783020453825,59,-0.011922650970518589,0.012218699790537357,0.9421708583831787,-13.20238208770752,-0.9261625409126282,0.9209287166595459,0.47704067966048636,275.487947454844,0.0
58.109,80.8902217740336,-0.9741510638455256,-0.4449738219335789,59,0.02870510146021843,-0.006433004979044199,1.0124008655548096,-9.98493480682373,4.636416912078857,2.708770513534546,0.4835517097965196,285.8908049894349,0.0
58.16,80.80482529680414,-1.288348034534012,0.8168985767141633,59,0.015524806454777718,0.055246997624635696,0.9043669700622559,7.942063808441162,-1.7885890007019043,-3.598951578140259,0.4873278076544177,285.8908049894349,0.0
58.21,81.00356398917283,-0.7906127574378397,1.23769920442715,59,0.009508643299341202,0.0014152501244097948,1.0834648609161377,-1.805806040763855,7.035273551940918,11.317155838012695,0.4923317093497721,285.8908049894349,0.0
58.26,81.17974736294263,-0.6966315638361086,0.517472306708979,59,-0.0025362877640873194,-0.01628589630126953,0.9236669540405273,-2.321786642074585,17.462799072265625,-0.16260679066181183,0.49561856385624725,285.8908049894349,0.0
58.31,81.32132890715519,-0.2511151507755025,0.40250626700338993,59,0.018727147951722145,-0.008739366196095943,0.9142632484436035,9.299253463745117,1.0454021692276,8.424132347106934,0.5010828003662177,285.8908049894349,0.0
58.361,81.385528010971,-0.1885008818814552,-0.049374456868955516,59,-0.005741070490330458,-0.00957520492374897,1.0842292308807373,-0.10217916965484619,10.433709144592285,1.900853157043457,0.5042809728018217,285.8908049894349,0.0
58.411,81.49599678656918,0.07421139358139976,0.06517519378090142,59,-0.011878625489771366,0.005453356541693211,0.9093402028083801,3.75346040725708,-7.031408309936523,3.674555540084839,0.5085597949463,285.8908049894349,0.0
58.461,81.67221578258382,-0.3262028761586252,-0.398506854559605,59,0.022672822698950768,-0.010080070234835148,1.0311813354492188,-7.0429158210754395,6.779615879058838,3.402517080307007,0.5125320023763504,285.8908049894349,0.0
58.512,81.69133101223399,-0.8137872642079542,0.4173165865828071,59,0.017604127526283264,0.045049380511045456,0.9374910593032837,6.1678314208984375,-4.054109573364258,0.42204514145851135,0.5150905135939716,285.8908049894349,0.0
58.562,81.74954768125284,-0.8460773431632087,0.9940965755648333,59,0.010255925357341766,0.03382990509271622,1.0448497533798218,-8.195096015930176,7.320349216461182,-1.0262407064437866,0.519320996636031,285.8908049894349,0.0
58.612,81.70870464926699,-0.20048850238902932,2.5048525068245397,59,-0.01794193685054779,0.09213819354772568,0.9793742895126343,1.9497851133346558,-4.995258808135986,-1.2013792991638184,0.5219482921168246,283.37977163705153,0.0
58.662,81.95460465222351,0.270665732502536,3.34936699393266,59,0.013319588266313076,0.05536239966750145,0.97887122631073,0.04495519772171974,-11.584667205810547,12.713339805603027,0.526024358750089,283.37977163705153,0.0
58.713,82.21802380759637,-1.073232594329896,1.4298757910911264,59,0.050559237599372864,-0.01906292699277401,1.0498099327087402,0.9441883563995361,-6.884997367858887,4.2344651222229,0.5283799808150335,283.37977163705153,0.0
58.764,82.24815050566447,-1.836236373234574,0.013958747047333289,59,0.038739144802093506,-0.017018768936395645,0.9986703395843506,-6.775412559509277,11.421440124511719,-3.149885654449463,0.5310263251920894,283.37977163705153,0.0
58.814,82.12928646242545,-1.54593371282073,0.08620516660705796,59,0.015427925623953342,0.003022888908162713,0.9596598744392395,0.36176830530166626,0.6931444406509399,-3.590223550796509,0.5326550725226058,283.37977163705153,0.0
58.864,82.00517415379507,-0.6014937030038298,0.7900325739349637,59,-0.006157952360808849,0.029841100797057152,0.9529657363891602,13.199792861938477,-7.168446063995361,-0.9557619690895081,0.5357309263166169,283.37977163705153,0.0
58.915,81.98596153990448,-0.20251493294999418,0.7359081996449591,59,-0.0018270271830260754,0.014585352502763271,0.9984215497970581,3.7458126544952393,1.3928776979446411,-0.3019914925098419,0.5379273382144113,283.37977163705153,0.0
58.965,81.97028006917766,-0.2720942410175537,0.508324978079632,59,0.020248714834451675,-0.0032369419932365417,1.046539545059204,4.15968132019043,4.73053503036499,-2.6182234287261963,0.5407923953277783,283.37977163705153,0.0
59.016,81.7784769054895,-0.1436598692113415,0.7852835178033779,59,-0.016839273273944855,0.032301489263772964,0.9920687079429626,1.8323488235473633,-2.7590384483337402,-2.9734079837799072,0.5424373170368229,283.37977163705153,0.0
59.066,81.74239893267085,0.2955615480150649,1.3229419917120706,59,-0.0033682496286928654,0.02173350751399994,0.9784101843833923,-0.0032191690988838673,0.7538496851921082,-0.31760525703430176,0.5434762014286969,283.37977163705153,0.0
59.117,81.77337465063829,0.1291334543273764,1.0196682143860625,59,-0.0008278800523839891,0.010687618516385555,1.0059961080551147,-2.392374277114868,4.486549377441406,1.881212592124939,0.5441213706497627,283.37977163705153,0.0
59.167,81.73036115731522,0.24354899170367283,1.2100318201319393,59,-0.01629585772752762,0.032346371561288834,0.965133547782898,2.6169769763946533,-2.979102611541748,-2.0403146743774414,0.5456738352292485,276.65088054877646,0.0
59.219,81.81699905215665,0.443530915833827,0.9916327239795798,59,0.001410305849276483,0.0006558041204698384,1.00606107711792,2.025358200073242,-2.376760721206665,3.793970823287964,0.5459003900386199,276.65088054877646,0.0
59.269,81.79708461535158,0.2434630111429603,0.9031417197797599,59,-0.00811418890953064,0.02044428512454033,0.9706100821495056,8.307500839233398,-5.136605262756348,-0.11197660863399506,0.5459606692038504,276.65088054877646,0.0
59.32,81.84847197990052,0.05690142751208713,0.6549120024223507,59,0.008644076995551586,0.008122268132865429,1.0505136251449585,-1.4416067600250244,0.5685776472091675,-0.1391250193119049,0.5445966603420432,276.65088054877646,0.0
59.37,81.84691910597766,-0.2826322868783687,0.5033845683953722,59,0.010110779665410519,0.010873934254050255,1.0477741956710815,-8.303319931030273,5.766973495483398,-1.1321754455566406,0.543416325878728,276.65088054877646,0.0
59.42,81.78596180247848,-0.2725469280058486,1.2424111767401897,59,-0.003597568953409791,0.04081469029188156,0.9462414979934692,-0.6589698195457458,4.633176803588867,-0.40036144852638245,0.5417254695935463,276.65088054877646,0.0
59.471,81.81053566228061,-0.19815666363553602,1.7560358488331085,59,0.010271541774272919,0.03853520750999451,0.9518760442733765,6.459402561187744,-2.6153664588928223,-0.29905182123184204,0.5408715904046157,276.65088054877646,0.0
59.522,81.80980983900943,0.5787569539817647,2.635287396283622,59,-0.03520635887980461,0.0646897703409195,0.9457547664642334,2.9078495502471924,2.454131603240967,4.23227596282959,0.5393276775693016,276.65088054877646,0.0
59.573,82.01923530355442,0.6877434205671679,1.9387811075730939,59,8.239938324550167e-05,0.006577820982784033,1.0894262790679932,2.6420133113861084,-8.456788063049316,5.862272262573242,0.5382516620695713,276.65088054877646,0.0
59.623,82.14022973017093,-0.2397183635930186,0.38957794238530885,59,0.027923082932829857,-0.022605014964938164,1.0057544708251953,-5.679656028747559,3.68192982673645,0.054936010390520096,0.5358556044276058,276.65088054877646,0.0
59.673,82.09619813211316,-0.49373662313963174,0.2216929927239625,59,0.0073152570985257626,0.0038893395103514194,1.006425142288208,-1.4922232627868652,-2.956480026245117,2.072679281234741,0.5342422736158742,276.65088054877646,0.0
59.724,82.03910834060606,-0.8408845942091141,-0.22351401951072583,59,0.01263609528541565,-0.00211451668292284,0.9913820624351501,-2.697352409362793,3.3977911472320557,-6.6454362869262695,0.5326211983515636,285.7349955719054,0.0
59.774,81.91746653179486,0.08402733151008053,0.9079199961995972,59,-0.023197632282972336,0.040014415979385376,1.0021299123764038,0.9145590662956238,-2.090735673904419,1.506287932395935,0.5306652294165346,285.7349955719054,0.0
59.825,81.98712222332209,-0.17972345203787374,0.8897365684007364,59,0.014245796948671341,0.013162448070943356,0.9964473843574524,-3.712266683578491,-0.8291744589805603,0.6835449934005737,0.5286522952737295,285.7349955719054,0.0
59.875,82.02622613949319,-0.5112937146231264,0.7159091104503791,59,0.019190222024917603,0.007985866628587246,1.016961932182312,-2.244978189468384,-0.5536102056503296,0.7466281056404114,0.528192842072383,285.7349955719054,0.0
59.926,82.0338998276262,-0.5522694770533663,0.5802557613790539,59,0.004454722627997398,0.005465598311275244,1.0346629619598389,-2.2963342666625977,-1.434753179550171,1.7578833103179932,0.5275375312379824,285.7349955719054,0.0
59.976,82.06250712320411,-0.8121048689236902,0.28455450550019357,59,0.01888108253479004,-0.002332869451493025,0.9712268114089966,-3.613237142562866,4.617875576019287,-2.487257957458496,0.5275115378305517,285.7349955719054,0.0
60.026,82.04211426824466,-0.5865288665649091,0.8081555259401844,59,0.003933726344257593,0.0259290412068367,0.9450914859771729,3.5989105701446533,-6.608193397521973,2.823784351348877,0.5280594951041253,285.7349955719054,0.0
60.077,82.08925735131919,-0.528749291422741,0.5216911697371179,59,0.008664448745548725,0.002446307335048914,1.006527066230774,1.9572490453720093,0.12877695262432098,0.3207079768180847,0.5288788543532762,285.7349955719054,0.0
60.127,82.11920021188593,-0.4775887092024343,0.5078415597076118,59,0.009270026348531246,0.00749077508226037,0.9687460660934448,-1.4478881359100342,4.619006633758545,0.3932969868183136,0.5291249932990649,285.7349955719054,0.0
60.177,82.13276891787265,-0.6148332592973048,0.3571480014362116,59,0.01857132278382778,-0.004417515825480223,1.0164846181869507,1.213982343673706,4.2646894454956055,-0.733928918838501,0.5295362217308778,285.7349955719054,0.0
60.228,82.077038433218,-0.557282320057942,0.5945129511772939,59,-0.0021628248505294323,0.016710195690393448,1.0095731019973755,2.3640754222869873,-2.126591444015503,0.4958912134170532,0.5295647798844262,242.96495394774954,0.0
60.278,82.12684555565636,-0.6967555588375796,0.3681571574657512,59,0.02291458286345005,-0.004069649614393711,1.0135743618011475,-2.472235679626465,1.7564047574996948,-0.49918195605278015,0.529808590495271,242.96495394774954,0.0
60.329,82.10165403812051,-0.6259764452055818,0.7221819329281886,59,0.011391042731702328,0.018337266519665718,0.9925273060798645,-3.403916358947754,7.335320472717285,1.36251699924469,0.5300636793699952,242.96495394774954,0.0
60.379,82.01212829796505,-0.4870048242766036,1.480730138997771,59,-0.01591331511735916,0.05837436392903328,0.991911768913269,-0.29999610781669617,-6.330099105834961,-2.1922383308410645,0.5299881205959063,242.96495394774954,0.0
60.429,82.16031097149818,-0.49318877735476085,1.376008881383222,59,0.03484955430030823,-0.001935764099471271,1.01614248752594,-0.05073048919439316,-4.529332160949707,5.5650811195373535,0.5294682787002257,242.96495394774954,0.0
60.479,82.08826585898149,-0.7071506204808592,0.9872755519497749,59,0.0010236408561468124,0.028377719223499298,1.0264812707901,-1.038030982017517,1.5841302871704102,-1.8995026350021362,0.5286331460320183,242.96495394774954,0.0
60.529,82.1574601944914,-1.0348733473737024,0.9855383842592578,59,0.033882301300764084,0.0047025843523442745,0.9674556851387024,-2.8730969429016113,0.2875491678714752,1.9644150733947754,0.5290138577384322,242.96495394774954,0.0
60.58,82.12194238709397,-1.2102206713572574,0.5513042517417637,59,0.014825179241597652,0.010335328988730907,0.9827178716659546,-1.4460735321044922,0.07485641539096832,-2.1498608589172363,0.529534188419847,242.96495394774954,0.0
60.63,82.10647132181248,-0.8182205091127595,0.8331272187079631,59,0.008933735080063343,0.021801752969622612,0.9792248010635376,2.159205675125122,-3.843209743499756,0.9001086950302124,0.5303115768850192,242.96495394774954,0.0
60.68,82.11567333448976,-0.7927692888427893,0.5460116226484397,59,0.014175971038639545,0.0057628764770925045,1.0225480794906616,1.1561375856399536,1.2967032194137573,-1.218011736869812,0.5306719102948182,242.96495394774954,0.0
60.731,82.1243258488873,-0.8722414880649605,0.4984793809437565,59,0.023796098306775093,0.003873041132465005,0.9791616201400757,-1.525892734527588,4.471200466156006,0.013873731717467308,0.5307290579152218,242.96495394774954,0.0
60.782,82.09111659379057,-0.7317650285465676,0.8067472190799794,59,0.008032431825995445,0.019491808488965034,0.9993476867675781,2.5244524478912354,-1.368608832359314,1.8716962337493896,0.5305846495711757,285.26858464258993,0.0
60.832,82.12884498923398,-1.0635572507291036,0.368970242085147,59,0.025157298892736435,-0.0010279534617438912,1.0101786851882935,-1.2654415369033813,4.198174953460693,-1.5099953413009644,0.5305036851707426,285.26858464258993,0.0
60.883,82.11687769723615,-1.0121485804467343,0.5494846250376939,59,0.021275091916322708,0.007750446442514658,1.020024061203003,3.131707191467285,-1.3564188480377197,1.1797726154327393,0.5304316944195647,285.26858464258993,0.0
60.933,82.04382797655383,-0.9786744018382123,1.0353737615692946,59,0.007254297379404306,0.03902144357562065,0.9817038774490356,0.22400979697704315,2.5480010509490967,-2.014280319213867,0.5307157570188624,285.26858464258993,0.0
60.983,82.07765025057616,-0.8021244100161138,1.3539333759363883,59,0.010072452947497368,0.02398432046175003,0.9920812249183655,-3.4514124393463135,4.600955486297607,1.004452109336853,0.5302715284846823,285.26858464258993,0.0
61.033,82.10674545021135,-0.6895148190066943,1.1344728444034247,59,0.012210373766720295,0.010747197084128857,1.0402605533599854,-2.4950687885284424,9.488046646118164,-0.47503018379211426,0.529456798424256,285.26858464258993,0.0
61.083,82.09637495889702,-0.6582834641636395,1.3112609035251277,59,0.006823596078902483,0.029604315757751465,0.9568918943405151,2.2961175441741943,-3.6373932361602783,1.0781011581420898,0.5285137626266752,285.26858464258993,0.0
61.134,82.13012660227696,-0.7269177652446223,1.3190924489552314,59,0.012510277330875397,0.02536117285490036,0.9900612831115723,0.9848785996437073,-1.2787655591964722,-0.31952598690986633,0.5276034469201365,285.26858464258993,0.0
61.184,82.20576528461957,-0.5024009940541835,1.3342685416777826,59,0.0160308126360178,0.01952037401497364,1.0193982124328613,-0.1879437267780304,-2.4413034915924072,4.735556125640869,0.5249794480880173,285.26858464258993,0.0
61.234,82.29699567462892,-1.1045420255098732,0.701786977717702,59,0.04100175201892853,-0.006578724831342697,0.9819766879081726,1.4350755214691162,-5.312261581420898,-0.08557039499282837,0.5228139481199726,285.26858464258993,0.0
61.285,82.22769590505996,-1.2586716448067496,0.5899184470309067,59,0.015101933851838112,0.019048189744353294,0.9805377721786499,0.8763844966888428,-3.306455373764038,-0.73690265417099,0.5214687939657212,285.26858464258993,0.0
61.336,82.18627565611156,-1.2005046935504247,0.6494792804586175,59,0.021405035629868507,0.0108103072270751,1.0156233310699463,-3.1188321113586426,7.63515043258667,-4.400704383850098,0.5205405409698406,282.71124292262067,0.0
61.386,82.08776251763912,-0.5604658887696429,1.3086493253780698,59,-0.007099378388375044,0.032539013773202896,1.0231000185012817,0.40985387563705444,-0.942130446434021,-0.09963151812553406,0.5193589483353872,282.71124292262067,0.0
61.436,82.13633989983938,-0.6141468871394985,1.3128241658663415,59,0.018737317994236946,0.013312858529388905,1.0058982372283936,2.7919418811798096,-9.400938034057617,1.293224811553955,0.5178582597898176,282.71124292262067,0.0
61.487,82.13267650894893,-1.0679669615852794,0.8252791742507674,59,0.027068158611655235,0.00788228027522564,0.99566251039505,-5.964872360229492,11.10661792755127,-2.7458784580230713,0.5170709928578451,282.71124292262067,0.0
61.537,82.02552587544804,-0.9741162112330433,1.3791664044803744,59,0.011707622557878494,0.037564292550086975,1.007830023765564,2.909726619720459,0.900542140007019,-2.6282572746276855,0.516911622409577,282.71124292262067,0.0
61.587,81.98943647356802,-0.502819634353031,2.0730376383092604,59,-0.009239635430276394,0.050351276993751526,0.9613929390907288,0.16943086683750153,-0.35443252325057983,0.3174639642238617,0.5168890295370444,282.71124292262067,0.0
61.637,82.1064050077588,-0.1912298395885672,1.8101817191590739,59,0.009582250379025936,0.009936803951859474,1.0455039739608765,-2.881662368774414,0.06913873553276062,5.1372528076171875,0.5169667751832259,282.71124292262067,0.0
61.688,82.17538161451776,-0.7838973086943741,1.1526022750563432,59,0.025705870240926743,0.0053451526910066605,0.983892023563385,2.592893362045288,-3.5529956817626953,0.7832469344139099,0.5170864172241189,282.71124292262067,0.0
61.738,82.1499290484839,-1.10117541861391,0.9004750748565976,59,0.02031594142317772,0.020092938095331192,0.9717353582382202,-0.4685864746570587,3.3282992839813232,-1.8494857549667358,0.516625196282758,282.71124292262067,0.0
61.789,82.10354741430163,-1.0820819203355816,0.957822635569137,59,0.020694026723504066,0.01905197650194168,0.9969170689582825,-5.686375141143799,8.807923316955566,-2.886289119720459,0.5161635395083192,282.71124292262067,0.0
61.839,82.07443995325865,-0.5421448653036112,1.573932912786492,59,-0.0020282482728362083,0.04216524958610535,0.9916542172431946,11.518454551696777,-13.573153495788574,1.7351139783859253,0.5150410655187525,285.5210347174949,0.0
61.89,82.13415754754207,-0.5711747530071426,1.436713592529367,59,0.013271283358335495,0.022344795987010002,0.9629555940628052,-3.4566240310668945,7.328866004943848,2.1170198917388916,0.5143473888264575,285.5210347174949,0.0
61.94,82.2177649352622,-0.9121867853448354,0.8207930102303279,59,0.0338311493396759,-0.006978241726756096,1.078218936920166,2.2304039001464844,-2.328984022140503,2.0693464279174805,0.5132786257965684,285.5210347174949,0.0
61.99,82.16492658742713,-1.317863822873725,0.48434939342986666,59,0.0241041611880064,0.009223755449056625,0.9644284248352051,-1.1867194175720215,-0.22863811254501343,-2.197387456893921,0.5128222279481466,285.5210347174949,0.0
62.041,82.0379075572758,-1.0518695452743727,0.6223031492511808,59,0.0061027915216982365,0.02910642884671688,1.015644907951355,0.7847127914428711,-1.7870032787322998,-5.680898666381836,0.5124407753242565,285.5210347174949,0.0
62.091,82.01669182515892,-0.3505944052105383,1.2634488966149648,59,0.0013774008257314563,0.01748541183769703,1.0281291007995605,-4.392176628112793,-3.4481537342071533,2.226077079772949,0.512116924854735,285.5210347174949,0.0
62.141,81.99917806509166,-0.7157251520997225,0.8271866688394184,59,0.012473085895180702,0.017440682277083397,1.0119924545288086,-5.103065013885498,4.568228721618652,-3.0618722438812256,0.5121706022597015,285.5210347174949,0.0
62.192,82.01020541379313,-0.8118306112641279,1.0845759061289482,59,0.028360819444060326,0.01454696711152792,0.973666250705719,0.29129981994628906,-1.2377355098724365,0.25852057337760925,0.5125952856419042,285.5210347174949,0.0
62.242,81.94847499835166,-0.5856207056646723,1.8438002524854935,59,0.0013424864737316966,0.04230637848377228,0.9741401672363281,-1.2534199953079224,-0.11406536400318146,3.5721685886383057,0.513663357626807,285.5210347174949,0.0
62.293,81.99415781222763,-1.056724298699036,1.629913187108241,59,0.021096615120768547,0.0321187898516655,0.9626970887184143,1.8541693687438965,-4.132594585418701,-1.25795316696167,0.5146712437994168,285.5210347174949,0.0
62.343,82.0643622376351,-0.9715815866905038,1.5262384765606007,59,0.028234438970685005,0.015253565274178982,0.9966540932655334,0.7610048055648804,-2.4831340312957764,0.2585725486278534,0.5157103740698002,285.5210347174949,0.0
62.394,82.0679574221278,-0.8976214202171938,1.1451380073460877,59,0.009930282831192017,0.01833176240324974,1.015932321548462,3.050333023071289,-7.127852916717529,2.1519806385040283,0.5160017861186463,286.3592544548372,0.0
62.444,82.07640148503123,-0.798090436050712,0.6118265878206022,59,0.008318374864757061,0.01427234522998333,1.002049207687378,-0.2680138051509857,-3.7590391635894775,-0.8217551112174988,0.5169897107005618,286.3592544548372,0.0
62.494,82.09402520866506,-1.0067255214711208,0.6511164285553256,59,0.021675052121281624,0.009544567205011845,0.9509520530700684,-4.281019687652588,3.5636119842529297,-1.2343193292617798,0.5180945641677147,286.3592544548372,0.0
62.544,82.02344141771782,-0.46008635250395963,1.076760833734751,59,-0.011234907433390617,0.03656129911541939,1.0034584999084473,4.814667701721191,-6.440648555755615,2.1793463230133057,0.5194103773575784,286.3592544548372,0.0
62.595,82.1567906937601,-0.7350639140819288,0.4453175372393648,59,0.037543885409832,-0.02068084292113781,1.0242849588394165,-1.660029649734497,0.3184424638748169,1.2097430229187012,0.5197350023871076,286.3592544548372,0.0
62.645,82.0899649383917,-1.3094375229212616,0.24029644148909599,59,0.02219066582620144,0.016048233956098557,0.9961816668510437,1.49618661403656,0.4476304054260254,-2.4927477836608887,0.5201653615149577,286.3592544548372,0.0
62.696,82.0103089996971,-0.8715554868480233,1.1624019821236744,59,0.001458581886254251,0.04346165806055069,0.9891679883003235,-1.154416799545288,3.7781317234039307,-1.5854859352111816,0.5204302220424404,286.3592544548372,0.0
62.746,82.06437346557833,-0.398785917907126,1.7254600799395157,59,0.00031341155408881605,0.03717556223273277,0.9915315508842468,3.1897339820861816,-9.035595893859863,4.111278533935547,0.5209067411822444,286.3592544548372,0.0
62.796,82.1930730885535,-0.6481386640175377,0.8664546535378677,59,0.021063899621367455,-0.010842721909284592,1.028597116470337,-1.1209079027175903,-1.4023523330688477,1.4511183500289917,0.5211119550804597,286.3592544548372,0.0
62.847,82.2271760338243,-0.8361622307221902,0.18145982973391267,59,0.020877350121736526,-0.017374759539961815,1.0074944496154785,-3.8719866275787354,-0.8785806894302368,2.437272310256958,0.5214825317776438,286.3592544548372,0.0
62.898,82.21163703166093,-1.1377611408811388,-0.3564148304247173,59,0.020875442773103714,-0.011205172166228294,0.9601013660430908,-0.1285497099161148,0.6138430237770081,-2.4251065254211426,0.5215295910256761,270.60025806451614,0.0
62.948,82.16937077929757,-0.805526390211833,0.05045902063958016,59,0.00681454548612237,0.01496011484414339,0.9900524020195007,0.9058634042739868,-1.1007663011550903,0.13100847601890564,0.5215659539872054,270.60025806451614,0.0
62.998,82.18320089113291,-0.5031770356123995,0.39527761905737396,59,0.0036831204779446125,0.010485299862921238,1.0020081996917725,3.286978006362915,-1.394400715827942,0.07240980118513107,0.5210875797702933,270.60025806451614,0.0
63.048,82.238612150651,-0.32996079423681285,0.3895500817002508,59,0.0018003856530413032,-0.004100629594177008,1.0174691677093506,-0.010255499742925167,0.46431809663772583,3.547349452972412,0.5206927110630989,270.60025806451614,0.0
63.098,82.28976067593148,-0.8468806641567875,-0.43899668308383677,59,0.028738301247358322,-0.021994080394506454,0.9687017202377319,2.2643685340881348,3.252213478088379,-1.5614813566207886,0.5200518390448177,270.60025806451614,0.0
63.149,82.2410052097121,-0.6165313236785636,-0.4644809430194614,59,0.004356756806373596,-0.004724449943751097,1.0565886497497559,3.4825263023376465,-3.1770455837249756,-0.03662730008363724,0.5193948937377774,270.60025806451614,0.0
63.199,82.18752252554155,-0.44659462580252035,-0.02023613151828519,59,-0.0006790514453314245,0.02181844785809517,0.9609601497650146,0.22836074233055115,-4.473180770874023,-1.6363837718963623,0.517871588698744,270.60025806451614,0.0
63.249,82.1986080099494,-0.3322960014813468,0.1871520796706786,59,0.012095719575881958,0.0007906433893367648,1.0208395719528198,-2.7915756702423096,0.8848623633384705,-0.8152721524238586,0.5174305752459946,270.60025806451614,0.0
63.299,82.22743143172941,-0.5911419303157547,-0.007938563022419224,59,0.024131886661052704,-0.011384651996195316,1.0147674083709717,-0.917542576789856,0.4857326149940491,1.9060275554656982,0.5173880636859308,270.60025806451614,0.0
63.35,82.1653867464034,-1.0483951754703982,-0.3579986358233194,59,0.015812618657946587,0.0045545343309640884,0.9586772918701172,1.583061695098877,-0.2955775558948517,-3.3360767364501953,0.5177051893385648,270.60025806451614,0.0
63.4,82.13882181769249,-0.6807044428052861,-0.013351134158951459,59,0.005020562559366226,0.008747239597141743,1.025126338005066,-0.46808794140815735,1.7308385372161865,-0.9774168133735657,0.5179226266369448,270.60025806451614,0.0
63.45,82.11915888125053,-0.23088268067836848,0.6430217646517855,59,-0.010540894232690334,0.028330255299806595,0.9820533990859985,0.3362562954425812,-1.7205116748809814,1.6344128847122192,0.518063771011368,285.3073940548262,0.0
63.501,82.25904044556864,-0.4942175225153898,0.304092204092109,59,0.03121841698884964,-0.019116783514618874,0.9946227669715881,0.06521689146757126,-2.875495195388794,4.1874918937683105,0.518639779631914,285.3073940548262,0.0
63.551,82.23635248885375,-0.6611011581750428,-0.20620694392590527,59,-0.002532444428652525,-0.0004606028087437153,1.0311709642410278,-0.2837951183319092,-1.4288794994354248,-0.3173265755176544,0.5193895932786063,285.3073940548262,0.0
63.601,82.27108262026256,-0.45236794161368155,-0.10996200901157795,59,0.007149107754230499,-0.010277743451297283,1.01918363571167,-5.592535495758057,7.179721355438232,0.33772677183151245,0.5205961069248094,285.3073940548262,0.0
63.652,82.28556695711015,-0.6619799658776844,-0.38930032279372023,59,0.0232683252543211,-0.019904162734746933,0.9807755351066589,1.670824646949768,-1.1654331684112549,0.24596130847930908,0.521718234751858,285.3073940548262,0.0
63.702,82.18368628568821,-0.4748718735798161,-0.030822055665582437,59,-0.010813040658831596,0.022852236405014992,0.9253950715065002,4.381622314453125,-6.0571136474609375,0.7629953026771545,0.5229300618937932,285.3073940548262,0.0
63.753,82.2302491746563,-0.21213881168396226,0.023618559613401483,59,0.012898859567940235,-0.009794361889362335,1.0126068592071533,0.18490421772003174,2.4337172508239746,-1.3351653814315796,0.5236589061853147,285.3073940548262,0.0
63.803,82.23940933589039,-0.28301949035136575,0.15703837131383383,59,0.01109415851533413,-5.8252382586942986e-05,1.0331815481185913,-0.8178178668022156,1.67188560962677,2.6118855476379395,0.524492957474061,285.3073940548262,0.0
63.854,82.20257337414714,-0.48798270366257546,0.07582568555443205,59,0.002722150180488825,0.009236079640686512,1.0317271947860718,0.045963436365127563,2.9294562339782715,-3.4876604080200195,0.5246122733323534,285.3073940548262,0.0
63.904,82.21348062987121,-0.20938294399938168,0.6028784500664882,59,0.013422762043774128,0.0033481481950730085,0.9840452671051025,-1.2340553998947144,1.1145732402801514,3.086643695831299,0.5248676343779558,285.3073940548262,0.0
63.954,82.19156902354678,-0.6331766051278928,0.471114000865074,59,0.012263843789696693,0.014454163610935211,1.0028600692749023,-2.035609006881714,-0.20863854885101318,-2.2058017253875732,0.5255316439518538,285.3073940548262,0.0
64.005,82.17963638886337,-0.20195976040842897,0.7389361130094865,59,-0.010720713995397091,0.01851600594818592,0.9793695211410522,-0.8963046073913574,0.4500962793827057,-0.4409289062023163,0.5259810798249153,294.3371228070175,0.0
64.055,82.27803835314997,0.08318133595112912,0.6028072829004475,59,0.004517222288995981,-0.004681732971221209,0.9699180722236633,0.5374382138252258,-1.1028655767440796,4.222250938415527,0.5263749246571325,294.3371228070175,0.0
64.105,82.33412137352371,-0.19803377285584836,-0.2843891933112327,59,0.01063088420778513,-0.019395949319005013,1.012211561203003,5.274232864379883,-9.488839149475098,1.4139071702957153,0.5260540618443078,294.3371228070175,0.0
64.155,82.29070742578743,-0.3934034110298258,-0.4874363977745206,59,0.006639478262513876,0.003519300604239106,1.0294328927993774,-0.8315988183021545,4.528313159942627,-3.050649642944336,0.5261194501602432,294.3371228070175,0.0
64.206,82.27550418649044,-0.4295570237377508,0.2621089597999331,59,0.009197060950100422,0.01895892061293125,1.010409951210022,-0.8131741881370544,-1.2473586797714233,1.0748339891433716,0.5263910443847398,294.3371228070175,0.0
64.256,82.27106387732242,-0.5065189169072776,0.6489335433339223,59,0.005900692194700241,0.025297371670603752,0.9791808724403381,0.4196207821369171,0.939831554889679,-1.8254445791244507,0.5274386937153153,294.3371228070175,0.0
64.306,82.31491847759754,-0.12767829042986156,1.0856191026804503,59,-0.002606307389214635,0.01651858538389206,1.0027693510055542,-0.31621965765953064,0.5249837040901184,5.763512134552002,0.5270326886949743,294.3371228070175,0.0
64.356,82.407736736638,-0.6417177641795465,0.29567012943623905,59,0.024115560576319695,-0.011066180653870106,0.9647607803344727,0.15705615282058716,0.6471797227859497,-0.2827739715576172,0.5266825207218618,294.3371228070175,0.0
64.407,82.41600085609979,-0.8157105329329843,0.13504717945577677,59,0.018060527741909027,-0.004530842415988445,0.9934722185134888,-0.033448297530412674,3.6123530864715576,-0.1629919409751892,0.5253158336433206,294.3371228070175,0.0
64.457,82.37017542298368,-0.28789949443417995,0.5099930408293648,59,-0.01981312409043312,0.025035234168171883,0.9815080761909485,0.6950981020927429,-2.10001540184021,0.6724293828010559,0.5232361503377099,294.3371228070175,0.0
64.508,82.50159915087683,0.030176140939433813,0.19934607267340643,59,0.008107783272862434,-0.015084142796695232,1.041221022605896,3.0900330543518066,-3.448404312133789,3.8208882808685303,0.522163821996117,279.76947705442905,0.0
64.558,82.55618257566498,-0.5083513531868554,-0.43987056863209517,59,0.02058541402220726,-0.018451783806085587,1.0100719928741455,-1.171323537826538,-0.3378071188926697,0.289058655500412,0.5213732787408466,279.76947705442905,0.0
64.608,82.54629678588522,-0.8238267992627756,-0.7200736086233788,59,0.01854580268263817,-0.01566115766763687,0.9813060760498047,-0.9956876635551453,2.3101625442504883,-2.3672313690185547,0.5207837941806697,279.76947705442905,0.0
64.658,82.48366840693363,-0.47104880531484106,-0.5448239124554364,59,-0.001773652620613575,-0.0014662843896076083,1.0379886627197266,1.2429769039154053,-4.246362209320068,-0.8843790292739868,0.5205161197671759,279.76947705442905,0.0
64.709,82.4405182257014,-0.30351792894147883,-0.17088702408862166,59,-0.0002837972715497017,0.007904035970568657,0.9943035840988159,-1.9947524070739746,-1.4366683959960938,-0.8385497331619263,0.5206923749928486,279.76947705442905,0.0
64.759,82.41742371952361,-0.3877924682938124,0.30692710733755846,59,0.007019491400569677,0.013902141712605953,0.9648752212524414,-0.26562559604644775,2.1446235179901123,-1.0326323509216309,0.5206185074837735,279.76947705442905,0.0
64.809,82.39559889779633,0.0396991610307069,0.783682722041688,59,-0.018475253134965897,0.02567679062485695,1.0087758302688599,1.2017275094985962,-2.8299570083618164,3.8366353511810303,0.5209522696694695,279.76947705442905,0.0
64.86,82.50225819243514,-0.2538648884918478,0.2103863374597738,59,0.020777929574251175,-0.017111144959926605,1.0099748373031616,-2.8711845874786377,0.38603416085243225,0.843570351600647,0.5210680768992989,279.76947705442905,0.0
64.91,82.51812332380722,-0.404726744322049,0.0847243097897309,59,0.012090909294784069,-0.00155770278070122,1.01189386844635,-0.9360626339912415,-0.2792257070541382,1.6141507625579834,0.5213814893150783,279.76947705442905,0.0
64.96,82.50348356924883,-0.5240289366488008,0.08979996124597592,59,0.002801812719553709,0.007463715970516205,1.0029945373535156,0.16615547239780426,-1.708538293838501,1.187913179397583,0.5226030063250855,279.76947705442905,0.0
65.011,82.56014535135937,-0.6497010035534312,0.022882647259571943,59,0.020803453400731087,-0.006211896426975727,0.980552077293396,0.1086178570985794,1.0119155645370483,-0.8280722498893738,0.5230849627310198,279.76947705442905,0.0
65.061,82.5316986541448,-0.557566478522795,0.22176551719033277,59,0.0017642569728195667,0.009929955005645752,0.9885001182556152,1.6400007009506226,0.04930657893419266,1.3953194618225098,0.5238372399701161,284.70703231061634,0.0
65.111,82.55647200239585,-0.486084088775341,0.20214217123384126,59,0.007035171613097191,0.0025619911029934883,1.0050690174102783,-0.41184911131858826,1.967515230178833,-0.36178725957870483,0.5234707591399728,284.70703231061634,0.0
65.161,82.60120721485929,-0.3296229717929949,0.283104015183467,59,0.0070013501681387424,-0.00029091155738569796,0.9863989949226379,2.7036876678466797,-3.2345550060272217,2.539499521255493,0.5234046191167241,284.70703231061634,0.0
65.212,82.64314781867179,-0.5433518388933832,-0.20339784692121213,59,0.015195164829492569,-0.014241613447666168,1.0011471509933472,0.7602992653846741,-0.12009088695049286,0.47666382789611816,0.5235989779401845,284.70703231061634,0.0
65.262,82.65643752339832,-0.6939454002191149,-0.7083493395811936,59,0.014583632349967957,-0.020899303257465363,1.014329195022583,-1.7691514492034912,0.15312987565994263,-0.051018018275499344,0.5236407713614591,284.70703231061634,0.0
65.312,82.61092287726257,-0.6824381066994942,-0.8005262958688516,59,0.009421849623322487,-0.008292977698147297,0.9958885908126831,-0.7429184317588806,1.9355413913726807,-2.432161569595337,0.5235951495527464,284.70703231061634,0.0
65.362,82.57317795267602,-0.5239313637451088,-0.48686784109863857,59,0.009397403337061405,-0.0053862277418375015,0.984401285648346,1.9304466247558594,-2.691065549850464,0.18482530117034912,0.5244979176887758,284.70703231061634,0.0
65.413,82.51240729805178,-0.473301211344991,-0.3209387422459946,59,-0.002201174385845661,0.009508433751761913,0.9806361198425293,1.763875126838684,-1.8082046508789062,-3.0539238452911377,0.5255225994275463,284.70703231061634,0.0
65.463,82.53565979922772,-0.2966444919079466,-0.24691922657636553,59,0.01563982106745243,-0.012848622165620327,1.0232220888137817,-1.3860723972320557,0.5055162906646729,0.5567948818206787,0.5263086040598268,284.70703231061634,0.0
65.514,82.49903910172739,-0.5612105273488612,-0.30923427458510505,59,0.016444826498627663,-0.003045684425160289,1.0022447109222412,1.2207058668136597,-2.339709520339966,-1.044245719909668,0.5256672535375423,284.70703231061634,0.0
65.564,82.4349895102698,-0.23455557528973836,0.21961407866721164,59,-0.010387100279331207,0.020436348393559456,0.9907166361808777,1.778520941734314,-3.7410969734191895,-0.7410419583320618,0.5249927433935063,284.70703231061634,0.0
65.614,82.49966978850702,0.025721230937680428,0.26186600317940917,59,0.002774239517748356,-0.0073342714458703995,1.021186113357544,-5.656356334686279,2.331399440765381,3.818122386932373,0.5242086846069397,285.96877343696735,0.0
65.665,82.54509303824356,-0.8092841609178771,-0.7074138583671667,59,0.031832266598939896,-0.02861057035624981,0.9937188625335693,0.9210962057113647,-2.7097508907318115,-1.9003100395202637,0.5230185437857598,285.96877343696735,0.0
65.717,82.46571600017894,-0.7016289377122945,-0.6247460993719745,59,-0.0004034558078274131,0.0002723590296227485,0.9916898608207703,-0.46984612941741943,0.8662270903587341,-1.4791656732559204,0.522150981793799,285.96877343696735,0.0
65.768,82.41393820789848,-0.1056720234060382,-0.08224003459906967,59,-0.01910427026450634,0.017014864832162857,1.0144157409667969,-1.6030796766281128,0.035754404962062836,-0.6614237427711487,0.5220268304691371,285.96877343696735,0.0
65.818,82.48868721361107,-0.2587423353848254,-0.029806114406594888,59,0.01940683089196682,-0.010225016623735428,0.9543214440345764,-2.2807960510253906,1.9844890832901,1.4815454483032227,0.523073679016164,285.96877343696735,0.0
65.868,82.49290589103845,-0.262861205693599,-0.2639396360345676,59,0.007565946318209171,-0.011782936751842499,1.027313232421875,-1.8883624076843262,3.8634471893310547,1.3617877960205078,0.5239027283366875,285.96877343696735,0.0
65.919,82.52095778600061,-0.5554205603211221,-0.46019127382072395,59,0.017677830532193184,-0.005955033469945192,0.9510595798492432,6.351651191711426,-5.711445331573486,-0.6470255851745605,0.5245868750145416,285.96877343696735,0.0
65.969,82.51782741695831,-0.20182483083337877,-0.3305662825839465,59,-0.005632458254694939,-0.0016866393852978945,1.0108462572097778,1.6930102109909058,-1.2523452043533325,2.0577147006988525,0.524770209766051,285.96877343696735,0.0
66.02,82.55291358076727,-0.14684466905738763,-0.5537891886555684,59,0.004975189920514822,-0.018036261200904846,1.0268760919570923,1.6374179124832153,-1.7439887523651123,0.499926894903183,0.524846393823704,285.96877343696735,0.0
66.07,82.6107198529433,-0.5838617141810457,-1.1051150394830822,59,0.030919553712010384,-0.03666943311691284,1.0048106908798218,-2.280327320098877,-0.7797362208366394,1.6136727333068848,0.5247038474283267,285.96877343696735,0.0
66.121,82.5126533385548,-0.910458616792975,-1.331575533636312,59,0.005694942083209753,-0.0043344683945178986,0.9704223871231079,2.3234567642211914,-0.5934650897979736,-5.465391635894775,0.5247655437740409,286.08580587954435,0.0
66.171,82.44074300813692,-0.19805800533383938,-0.5083304618675154,59,-0.008071755059063435,0.0026238171849399805,0.9808381795883179,-2.485365867614746,1.1923024654388428,-0.4551420509815216,0.5241698640823876,286.08580587954435,0.0
66.221,82.42344661409781,0.2826171217106389,-0.10724088505354072,59,-0.01611758954823017,0.005256401374936104,1.003669261932373,1.4048293828964233,-1.7678197622299194,1.7625222206115723,0.5245237987139605,286.08580587954435,0.0
66.271,82.5008842252489,-0.23144668016823916,-0.5488269169723397,59,0.023848462849855423,-0.022551601752638817,0.9859389066696167,1.8632489442825317,0.17303279042243958,0.15709279477596283,0.5246199657311994,286.08580587954435,0.0
66.322,82.48166246955816,-0.5996839324447979,-0.8224256403511411,59,0.016271287575364113,-0.01668773964047432,0.9966058731079102,-0.9539819359779358,4.185151100158691,-0.588962197303772,0.5237990678498919,286.08580587954435,0.0
66.372,82.40583878865897,-0.36594267277218373,-0.4413373489630123,59,-0.007455278187990189,0.008536014705896378,0.9986190795898438,2.3299436569213867,-1.23878014087677,-1.6046357154846191,0.5241434656237868,286.08580587954435,0.0
66.423,82.4305448646947,-0.3632299256723126,-0.16380597375573155,59,0.016854610294103622,-0.0012285455595701933,0.975089430809021,-0.75669264793396,2.9031336307525635,-0.8843967318534851,0.5248573359734462,286.08580587954435,0.0
66.473,82.4603892839626,-0.19199625345882687,0.023780555672986037,59,0.002168546663597226,-4.6608670345449354e-06,1.0280334949493408,2.1025376319885254,-4.188157558441162,3.3514299392700195,0.5257359366250459,286.08580587954435,0.0
66.524,82.45724135222451,-0.02681595235267394,-0.08589162138634185,59,-0.01383099053055048,0.006744215730577707,0.9957326054573059,3.986267566680908,-0.9324168562889099,-0.4637051522731781,0.5273324940231067,286.08580587954435,0.0
66.574,82.52982451746028,0.20613360858467283,-0.0791701748099997,59,0.0033042689319700003,-0.009489450603723526,0.9788861870765686,-2.2766265869140625,6.06899881362915,2.259657144546509,0.5290267357120042,286.08580587954435,0.0
66.624,82.5877446886115,0.3842821595763566,-0.11817096204307326,59,-0.006764681544154882,-0.008479944430291653,1.02268385887146,6.980633735656738,-10.64942455291748,5.129245758056641,0.5297247231396185,286.08580587954435,0.0
66.675,82.65603682066018,0.014619453322673911,-0.7197170263396893,59,0.0013625470455735922,-0.014398709870874882,0.9824443459510803,-0.43691328167915344,-0.09362288564443588,-0.8616129755973816,0.5306040561758789,264.10830552232227,0.0
66.725,82.67058291947902,0.12954073719782805,-0.6147760165792587,59,-0.006864717695862055,-0.008773772045969963,1.0154151916503906,-2.1934618949890137,4.778571605682373,0.27803292870521545,0.531411124285134,264.10830552232227,0.0
66.776,82.71245320382297,0.10991645770891258,-0.6968130493302181,59,0.0038551262114197016,-0.016380304470658302,1.0470001697540283,-0.32871681451797485,-3.6436991691589355,1.9524301290512085,0.5328433077461311,264.10830552232227,0.0
66.826,82.70144947860643,-0.11959718949867829,-0.8705821198690031,59,-0.0022838979493826628,-0.01130483765155077,0.9933067560195923,-0.8587144017219543,-2.1479241847991943,-1.6332241296768188,0.5329983919361535,264.10830552232227,0.0
66.877,82.68543153371284,0.2219481109936085,-0.46744268559141766,59,-0.014671276323497295,0.00041740210144780576,1.0085163116455078,-2.894629716873169,1.8404481410980225,1.7562114000320435,0.533673484477627,264.10830552232227,0.0
66.927,82.74156227916447,-0.09194924028570613,-0.8727703322165692,59,0.01686849258840084,-0.03192205727100372,1.012786865234375,-2.6019034385681152,-1.371342420578003,-1.104411005973816,0.5336764381617293,264.10830552232227,0.0
66.977,82.67789927466265,-0.3083829545248804,-0.877212094388391,59,0.0005265987711027265,-0.003891986096277833,0.9715046882629395,-3.670156955718994,1.1028348207473755,-2.23417592048645,0.533563620506248,264.10830552232227,0.0
67.028,82.71677738395579,-0.1276140315798916,-0.8962924106971574,59,0.0028158228378742933,-0.02442874200642109,1.058599591255188,-3.3141283988952637,-2.7826104164123535,1.2828032970428467,0.5342476571136318,264.10830552232227,0.0
67.078,82.76950432597066,-0.3542692475202226,-0.9182450669431399,59,0.01988767459988594,-0.01803004741668701,0.9581201076507568,2.399535655975342,-12.3947114944458,3.1062934398651123,0.5349904577158988,264.10830552232227,0.0
67.129,82.7571055112749,-0.9066250459874997,-1.6174682447051416,59,0.010460705496370792,-0.02485049143433571,0.9729402661323547,-1.3784434795379639,-1.5509181022644043,-2.552699089050293,0.5356922929152853,264.10830552232227,0.0
67.179,82.70920200978358,-0.10711902208405032,-1.290152347777982,59,-0.03355785831809044,0.0024230133276432753,1.024531364440918,4.322604179382324,-6.986314296722412,1.7153794765472412,0.537512020388199,264.10830552232227,0.0
67.229,82.89055341582,0.46120443633071756,-1.224557966975897,59,0.001122770830988884,-0.03604472801089287,1.0282032489776611,-4.715624809265137,-3.8801910877227783,7.575567722320557,0.5379339273605747,282.9782755363649,0.0
67.279,83.06393957703753,-0.25016964851518547,-2.2322090937776116,59,0.02262996695935726,-0.06412854045629501,1.0484528541564941,0.879725456237793,-3.3895392417907715,4.478842735290527,0.538374790560952,282.9782755363649,0.0
67.33,83.16208500553289,-0.7837330983968215,-2.897649187996078,59,0.02728225849568844,-0.06765920668840408,1.0294500589370728,-1.907945990562439,2.5892155170440674,0.5358538031578064,0.5390453427622905,282.9782755363649,0.0
67.38,83.10319421422604,-0.3821427382363957,-2.111108834566103,59,-0.025526128709316254,0.005985659081488848,0.9945200085639954,3.1184544563293457,-2.783764123916626,0.8365182280540466,0.5409668077812514,282.9782755363649,0.0
67.431,83.2963624523968,-0.6304543126211684,-2.509203718264468,59,0.03886236250400543,-0.06199389323592186,1.0614577531814575,-7.164233684539795,3.865586996078491,0.8097341060638428,0.5424045223316822,282.9782755363649,0.0
67.481,83.22965731216256,-0.5312798242022783,-2.1716059061828874,59,-0.010920551605522633,-0.01217141654342413,1.0449858903884888,-2.7951626777648926,-2.246485471725464,0.6361681222915649,0.5441035798066023,282.9782755363649,0.0
67.532,83.26872756476165,-0.4313842710892489,-1.7883081335551072,59,0.012092364020645618,-0.028223024681210518,1.0010476112365723,-4.555705547332764,2.2515108585357666,1.2205809354782104,0.5464017780201607,282.9782755363649,0.0
67.582,83.2994607779788,-0.3296135099956531,-1.2365097402303367,59,-0.007109283935278654,-0.010220509953796864,1.010694980621338,-6.715577125549316,4.809847354888916,0.856995701789856,0.5500621216378401,282.9782755363649,0.0
67.633,83.44457530233042,0.09254740426292705,-0.6790122425779046,59,-0.004500468727201223,-0.0064214239828288555,1.0373963117599487,-4.052100658416748,-1.4602288007736206,7.032474994659424,0.552426416470927,282.9782755363649,0.0
67.683,83.66457900586632,-0.2825415419630824,-1.042207673392464,59,0.010332213714718819,-0.035706520080566406,1.0758610963821411,-12.343170166015625,6.590692520141602,7.623683929443359,0.5555240312665645,282.9782755363649,0.0
67.733,83.9263944380503,-1.216245055999719,-0.9511630276290469,59,0.0306156687438488,-0.019916951656341553,1.0112698078155518,-14.357770919799805,5.103914737701416,7.8499298095703125,0.5599580529175339,282.5779155157313,0.0
67.784,84.20361100934184,-2.218944396701154,-0.9798820736440172,59,0.044144053012132645,-0.019023843109607697,0.9217197895050049,-15.529038429260254,-3.543836832046509,8.333539962768555,0.5637097368157861,282.5779155157313,0.0
67.834,84.39018354885881,-2.615335797160613,-1.327464703141702,59,0.04140636324882507,-0.024792134761810303,0.8988828659057617,-3.982330799102783,-3.2768049240112305,3.3097927570343018,0.5700369687115818,282.5779155157313,0.0
67.885,84.53697814520132,-2.45727570278985,-1.6604131358486203,59,0.04575866460800171,-0.03887290135025978,0.9774149060249329,-8.69366455078125,5.262587547302246,5.587209701538086,0.5747993279839352,282.5779155157313,0.0
67.935,84.68727957708205,-2.9592017663745995,-1.686866441986575,59,0.07225288450717926,-0.022373024374246597,0.8578619360923767,9.888250350952148,-15.400867462158203,2.8375277519226074,0.5820678901836951,282.5779155157313,0.0
67.985,84.7990240754403,-3.1506977941267715,-1.837438128255968,59,0.06040510535240173,-0.03914043307304382,0.8729978799819946,-2.1298253536224365,2.5869345664978027,5.487640857696533,0.5865261537277259,282.5779155157313,0.0
68.036,84.89247744080029,-2.9831559872495026,-2.3241081678872932,59,0.048760030418634415,-0.04382573813199997,1.0382004976272583,8.284693717956543,-7.716327667236328,3.1428587436676025,0.5921626985501294,282.5779155157313,0.0
68.086,85.00624870113815,-3.41117768102113,-2.56766034638876,59,0.0773220807313919,-0.056210361421108246,0.9392778873443604,5.072232723236084,-7.987061977386475,3.0994088649749756,0.5955259769442404,282.5779155157313,0.0
68.137,84.99265666454805,-3.5422200839402818,-2.5195542928442434,59,0.05150945857167244,-0.03005160391330719,0.8935337066650391,2.0923140048980713,11.832104682922363,-1.1196444034576416,0.5993252606142312,282.5779155157313,0.0
68.188,85.01865542798734,-2.733489605294108,-2.2199943429913525,59,0.04118439927697182,-0.04526359587907791,1.0653091669082642,5.490755081176758,-0.6513776779174805,-0.37056764960289,0.6010757989365809,282.5779155157313,0.0
68.238,85.05053451514412,-2.1543709262212016,-2.2704659350215675,59,0.029645543545484543,-0.0462498664855957,1.0354524850845337,5.22042989730835,-3.7921645641326904,3.291989326477051,0.6029191745326301,282.5779155157313,0.0
68.288,85.06276238596683,-2.2250041503387012,-2.7503883306435393,59,0.03885829821228981,-0.054703373461961746,1.0065667629241943,-6.2282562255859375,10.675081253051758,-2.743480682373047,0.603922885119341,288.4269013890799,0.0
68.339,85.04671985788488,-2.228362640300126,-2.3564530256620335,59,0.04746164008975029,-0.048111919313669205,0.9318576455116272,3.7077767848968506,4.914133071899414,-0.15689626336097717,0.6040310512438287,288.4269013890799,0.0
68.39,85.01345418529414,-1.8648149721869844,-2.2907646239492294,59,0.030410248786211014,-0.040801677852869034,1.009782314300537,11.237442016601562,-3.493187665939331,-0.7289389967918396,0.6037623747370963,288.4269013890799,0.0
68.44,84.94109913580085,-1.4508564245774234,-2.069503440506875,59,0.01119979564100504,-0.02327452413737774,1.026222825050354,0.05609854310750961,4.856309413909912,-1.3769294023513794,0.6025430960467247,288.4269013890799,0.0
68.49,84.90234425765561,-1.2953022600801516,-1.817996406462183,59,0.02566174603998661,-0.032150764018297195,1.0300464630126953,2.616595506668091,8.340831756591797,-2.9442875385284424,0.6014202434735039,288.4269013890799,0.0
68.541,84.74608763079245,-0.9817923477882367,-1.1707843700609426,59,0.00532875070348382,-0.012853939086198807,1.015041708946228,1.5915207862854004,9.79802417755127,-3.925690174102783,0.6007436944868482,288.4269013890799,0.0
68.591,84.59923296919267,-0.5405690636814685,-0.43503489824353425,59,-0.007809022441506386,0.004652476869523525,0.9265658259391785,7.754593372344971,10.625686645507812,-2.743748664855957,0.5989265245343041,288.4269013890799,0.0
68.644,84.52807428878239,-0.526897991544255,-0.42507455135533617,59,0.02492639794945717,-0.0035906797274947166,0.9911869168281555,3.67751407623291,-0.3964843451976776,-4.552464962005615,0.5977671930327901,288.4269013890799,0.0
68.695,84.46655930288989,-0.19942658769138424,-0.025094679293851063,59,0.00505042914301157,-0.0029341832268983126,1.0384711027145386,2.531625509262085,-5.828664302825928,2.3279874324798584,0.5962709481055579,288.4269013890799,0.0
68.745,84.35809443579302,-0.46320416787257973,-0.47525557820015424,59,-0.000495745160151273,-0.005699098110198975,1.0177780389785767,2.158480405807495,-4.034246921539307,-2.837247848510742,0.5958120463499224,288.4269013890799,0.0
68.796,84.31927412184793,-0.600904956808385,-0.5571291150606513,59,0.023758696392178535,-0.014138110913336277,0.9565021991729736,-4.739459037780762,2.458489418029785,-2.3592050075531006,0.595372624618012,288.4269013890799,0.0
68.846,84.24812655040952,-1.0463467175491286,-0.775341922341638,59,0.03227680176496506,-0.01918167620897293,1.0204331874847412,-3.253420114517212,-1.0391334295272827,-3.271771192550659,0.5951145932269625,285.13283480625427,0.0
68.897,84.06293306011125,-0.9103808915428527,-0.6915013110047054,59,-0.002095084637403488,0.0027720455545932055,0.9903934001922607,1.8248295783996582,-9.500824928283691,-6.279641151428223,0.5941369259484918,285.13283480625427,0.0
68.947,84.00834785405814,-0.4268238998846133,-0.1481879240222632,59,0.016085097566246986,-0.0010712029179558158,0.9369974732398987,-3.749140501022339,5.640466213226318,0.14400894939899445,0.5932320735192115,285.13283480625427,0.0
68.998,83.97468885307745,-0.17781359407824093,0.14261190513234884,59,-0.009111076593399048,0.005537910386919975,1.0399492979049683,-3.5921061038970947,0.8352134227752686,3.651132106781006,0.5920484126841161,285.13283480625427,0.0
69.048,84.0514756104072,-0.7861221758619531,-0.4724652919745503,59,0.02292547933757305,-0.017345566302537918,0.9840859770774841,-1.9054503440856934,5.3224358558654785,-3.881749391555786,0.5910625428490254,285.13283480625427,0.0
69.098,84.05762958753039,-0.28038005553216755,0.019489840968535357,59,-0.0010436115553602576,0.003043180564418435,1.0277376174926758,0.8681262135505676,1.4770866632461548,4.355827331542969,0.5892811649151957,285.13283480625427,0.0
69.149,84.04498683362573,-0.8600538414746851,0.10224488237217035,59,0.01134216133505106,0.011468122713267803,0.9139624834060669,-3.850277900695801,8.254626274108887,-4.202363014221191,0.5880083471963369,285.13283480625427,0.0
69.2,84.14252928662671,-0.66646948925134,-0.11489652512739615,59,0.02572212927043438,-0.027782302349805832,1.0875571966171265,-0.6680294275283813,2.491417169570923,3.291440963745117,0.5864404759969275,285.13283480625427,0.0
69.25,84.06870483360206,-0.7422935039867444,-0.003901887237469369,59,0.0003109087119810283,0.02102815732359886,0.9803123474121094,-0.03374533727765083,0.9382362961769104,-1.6732481718063354,0.5855154773300968,285.13283480625427,0.0
69.3,84.10052045551312,-0.9353567467149413,-0.0867275472030624,59,0.02829648368060589,-0.012670892290771008,1.0229376554489136,-4.489936828613281,6.791431427001953,-1.4386928081512451,0.5850356141404115,285.13283480625427,0.0
69.351,84.03365304467653,-0.6949557819855916,0.691969813713459,59,0.00044785309000872076,0.035269398242235184,0.9327991008758545,3.8266355991363525,-7.095873832702637,1.0680221319198608,0.5840785711433707,282.8637712435932,0.0
69.402,84.06242165981236,-0.5193252196836469,0.775789381944969,59,0.004589790012687445,0.01845857873558998,1.0386539697647095,-6.784416675567627,5.112346649169922,-1.168720006942749,0.5833923872741286,282.8637712435932,0.0
69.452,84.13266001353698,-0.42471364774669823,1.0723311247444993,59,0.015007455833256245,0.015399807132780552,1.0041640996932983,2.0909149646759033,-9.230473518371582,4.447352409362793,0.5817926375726462,282.8637712435932,0.0
69.502,84.166561758533,-0.8905347921531276,0.4463043163117842,59,0.018927516415715218,0.0013530742144212127,0.9890519380569458,-4.8520121574401855,3.3441052436828613,-0.7310665845870972,0.5808621654709861,282.8637712435932,0.0
69.553,84.19953030198629,-0.9702665538927906,0.5347628151645778,59,0.019900910556316376,0.0035313062835484743,0.9956724643707275,-0.8678410649299622,5.133753776550293,2.116016387939453,0.579930298248141,282.8637712435932,0.0
69.604,84.24939577292709,-1.4479323511057054,0.03892241564787092,59,0.04184609279036522,-0.005438052583485842,1.0031909942626953,2.4669251441955566,-8.47071361541748,-0.01741304248571396,0.578827120345304,282.8637712435932,0.0
69.654,84.17230415847406,-1.5070520580695608,0.3746400243047135,59,0.014764949679374695,0.02774912863969803,0.9353373050689697,-2.4229557514190674,1.457770824432373,-3.943892478942871,0.5771652418012427,282.8637712435932,0.0
69.704,84.16674256670399,-0.7141498651534517,1.0643665466049794,59,-0.005070893559604883,0.025239726528525352,1.0407805442810059,-0.4156392216682434,4.544552326202393,2.377984046936035,0.5761020467014218,282.8637712435932,0.0
69.754,84.24920044688542,-0.4806635260026349,0.7606356982855741,59,0.008130486123263836,7.050739441183396e-06,0.9860024452209473,0.03653206303715706,-1.6119455099105835,2.990260124206543,0.5746311655133791,282.8637712435932,0.0
69.805,84.36676196098172,-0.9997238053524684,-0.40203809270757396,59,0.040003594011068344,-0.03796833008527756,0.9895927309989929,-1.2149159908294678,1.5873112678527832,-0.6538034677505493,0.5741442005795088,282.8637712435932,0.0
69.855,84.29729257282467,-1.4544451449641835,-0.6707229556487359,59,0.025661716237664223,-0.0036038372199982405,1.005881905555725,4.050059795379639,0.35597264766693115,-2.382972478866577,0.5735544829914021,282.8637712435932,0.0
69.905,84.18960194637236,-1.263781906913249,-0.09616856769962942,59,0.009996346198022366,0.022132473066449165,1.0411226749420166,-1.5071219205856323,2.7824649810791016,-2.856844425201416,0.5728494388913787,285.1909974841912,0.0
69.956,84.14833640676746,-0.8862853546067084,0.944411522589188,59,0.009541080333292484,0.0331430658698082,0.9870874881744385,-0.7450721263885498,1.6362943649291992,1.0482343435287476,0.5717610333177717,285.1909974841912,0.0
70.006,84.18194823024436,-1.0659592887727214,1.2103841749810476,59,0.0212179496884346,0.023038050159811974,1.0025984048843384,-7.103107929229736,3.47188663482666,0.5439754128456116,0.5710940308955195,285.1909974841912,0.0
70.057,84.21485047431139,-1.127064166168068,1.09530948914194,59,0.02186363749206066,0.015367193147540092,1.0353635549545288,2.726864814758301,-7.116695404052734,0.9210225939750671,0.57036152758134,285.1909974841912,0.0
70.107,84.24582879657001,-1.2208809424697167,1.0658916531950016,59,0.01986495777964592,0.018500497564673424,0.9454600214958191,-4.222144603729248,3.5791831016540527,1.5962754487991333,0.5705034310975318,285.1909974841912,0.0
70.157,84.27584033452413,-1.3440676660616147,0.7930194006485747,59,0.029044467955827713,0.004126315470784903,1.019260048866272,-1.5289616584777832,2.53498911857605,0.01176006905734539,0.571899705373962,285.1909974841912,0.0
70.208,84.28806245815419,-1.345294807108624,0.8150439007485724,59,0.022133147343993187,0.010970897041261196,0.9793824553489685,4.623088836669922,-3.885950803756714,0.7571541666984558,0.5728073119254962,285.1909974841912,0.0
70.258,84.2829338897901,-1.2443082835087294,1.0522182131078006,59,0.017934730276465416,0.028831036761403084,0.9736968874931335,-2.7680459022521973,5.44244384765625,0.6610671281814575,0.5742508649030779,285.1909974841912,0.0
70.308,84.32866143118069,-1.3541151825379896,1.1699236819785737,59,0.028846880421042442,0.01790570095181465,0.9785099029541016,1.5701106786727905,0.5140784978866577,-0.1251688152551651,0.5759142894696563,285.1909974841912,0.0
70.358,84.38420363811063,-1.3388816167438022,0.9980962673657208,59,0.025845777243375778,0.006253472529351711,0.9931501746177673,4.766922950744629,-1.9584543704986572,3.4265074729919434,0.5768905854569517,285.1909974841912,0.0
70.409,84.4022123509003,-1.3036509439434285,0.45308508251152635,59,0.02217014506459236,-0.003975875675678253,1.0100491046905518,2.6035337448120117,-2.762939214706421,-1.393601655960083,0.5779330231961679,285.1909974841912,0.0
70.459,84.41786028064533,-0.9268997934373077,0.2256124835643951,59,0.02021358162164688,-0.00606545340269804,1.0383068323135376,-0.6013496518135071,-4.194059371948242,2.2953150272369385,0.5789584634818513,284.359593220339,0.0
70.509,84.42103253548683,-1.1089431641404894,-0.12506979425712625,59,0.01711883768439293,-0.005159810185432434,1.0197850465774536,-1.1390869617462158,-1.8511699438095093,0.058571841567754745,0.5790366075970164,284.359593220339,0.0
70.56,84.42971023351663,-1.3688134794142852,-0.2786208609880905,59,0.031077010557055473,-0.011252612806856632,0.9945852160453796,-3.139981508255005,3.791268825531006,-0.7574815154075623,0.5789460758120668,284.359593220339,0.0
70.61,84.35082617475815,-1.2517313825833445,0.0940618895813719,59,0.013847662135958672,0.01683840900659561,0.9755584001541138,4.563964366912842,-3.242455005645752,-1.6541215181350708,0.5782789872739206,284.359593220339,0.0
70.66,84.33225002164077,-1.161120199860026,0.6892863511845908,59,0.022991426289081573,0.022800926119089127,0.9863458871841431,-2.2024145126342773,-0.46277815103530884,0.4041220247745514,0.577265435122921,284.359593220339,0.0
70.71,84.35721039920044,-1.2551304678747446,0.6372102309098626,59,0.024400949478149414,0.0011011003516614437,1.0457097291946411,-4.462142467498779,2.929457664489746,0.3878629803657532,0.5755959621110855,284.359593220339,0.0
70.761,84.35967915885851,-1.26603894120494,0.7236423764969481,59,0.02576572820544243,0.011189302429556847,0.9966920614242554,-0.5064859390258789,-2.388218879699707,1.6349923610687256,0.5751074510536485,284.359593220339,0.0
70.811,84.35223537021724,-1.3848948743470872,0.7174584999319524,59,0.01730232685804367,0.017116356641054153,0.9691144227981567,0.9275984168052673,-0.5905477404594421,-0.02233566902577877,0.5751590688696727,284.359593220339,0.0
70.862,84.37571345460778,-1.1367294295669461,0.7789521018146912,59,0.01423556823283434,0.01356289628893137,1.0142847299575806,0.6904867887496948,2.805072784423828,0.31096383929252625,0.5760040186327784,284.359593220339,0.0
70.912,84.43418407953068,-1.3319641374120463,0.3137715201801607,59,0.03503226488828659,-0.004498883616179228,0.9795330762863159,-0.4099603295326233,-2.323869228363037,0.29624053835868835,0.576984600649654,284.359593220339,0.0
70.963,84.38585743878515,-1.2468232827679617,0.5523754071429762,59,0.012573101557791233,0.020635345950722694,0.9588668346405029,1.9309815168380737,4.215249538421631,-1.1755868196487427,0.5770931015193713,279.5643537959075,0.0
71.013,84.41863568891237,-0.9966772891541156,0.6894790141656676,59,0.020930271595716476,0.002918664598837495,1.041671872138977,-1.9390480518341064,4.419963359832764,1.2218437194824219,0.5776432546745598,279.5643537959075,0.0
71.064,84.41674467645505,-1.2689578017181289,0.6628632900348955,59,0.025743519887328148,0.019271889701485634,0.9702250361442566,2.2403430938720703,-3.352158308029175,0.6273888945579529,0.577730063699272,279.5643537959075,0.0
71.114,84.43617358933567,-1.3698380627853037,0.5231348524239499,59,0.033118125051259995,0.005436957813799381,1.0609596967697144,0.33325469493865967,3.9968502521514893,-2.60545015335083,0.5766370521391113,279.5643537959075,0.0
71.164,84.37843085986569,-0.9932556068161961,1.2583330206738998,59,-0.002879523206502199,0.03937511146068573,0.9821860790252686,0.4219873547554016,-3.4000914096832275,3.2296571731567383,0.5757963135388225,279.5643537959075,0.0
71.215,84.4707231702851,-1.1866882399398937,0.7293945514784494,59,0.02765757590532303,-0.0002154444227926433,1.0118072032928467,-4.4227142333984375,3.182906150817871,-0.0624559186398983,0.5748463626396274,279.5643537959075,0.0
71.265,84.49584214684815,-1.4359721484723944,0.5387858101900092,59,0.03217770531773567,-0.0016606085700914264,0.9615316390991211,-1.0854986906051636,0.2742057740688324,0.6493089199066162,0.5743372684910993,279.5643537959075,0.0
71.316,84.44140328873296,-1.4255834614560163,0.6084919445994631,59,0.019682956859469414,0.019937440752983093,0.9753361344337463,2.192025661468506,2.1812257766723633,-2.5745556354522705,0.5732819616474784,279.5643537959075,0.0
71.366,84.41662472832945,-1.1977363838326538,1.1011596591368453,59,0.018170958384871483,0.026919908821582794,1.004642367362976,2.785966396331787,5.347298622131348,-1.0940961837768555,0.5717893401600491,279.5643537959075,0.0
71.417,84.4125604328967,-0.8977587068451892,1.4870292144708326,59,0.01215802039951086,0.028685394674539566,0.9979509711265564,3.641146183013916,-4.614634037017822,1.7740637063980103,0.5714454978951753,279.5643537959075,0.0
71.467,84.43879528568289,-1.1095316588344735,1.265974593561193,59,0.023565666750073433,0.01818477176129818,0.9832018613815308,-1.8862258195877075,-1.8701374530792236,0.5402198433876038,0.5707354109567989,279.5643537959075,0.0
71.518,84.44721144051292,-1.3396353630779094,0.742128354201804,59,0.026359356939792633,0.0012405497254803777,1.0268231630325317,-0.10142548382282257,2.8405823707580566,-1.274293065071106,0.5703279869762944,284.86172235805486,0.0
71.568,84.34656886102371,-1.0255632209993177,1.1485429922729762,59,0.000488324963953346,0.04058157280087471,0.9974332451820374,1.6815251111984253,0.13833893835544586,-1.478804111480713,0.5706100958547444,284.86172235805486,0.0
71.618,84.38982704382988,-1.0256558555976738,1.2396548220832904,59,0.02731495164334774,0.018128573894500732,1.0070006847381592,-3.4488093852996826,-0.8985408544540405,-0.22508715093135834,0.5708300484207246,284.86172235805486,0.0
71.669,84.39172300483375,-1.0175161311275998,1.437255501972978,59,0.019665751606225967,0.02923949621617794,0.9860768914222717,-1.0961865186691284,-3.283262014389038,1.9326287508010864,0.5710757528617713,284.86172235805486,0.0
71.719,84.43586029181495,-1.38251711884963,0.778679541119496,59,0.03388620913028717,-0.0009492289391346276,0.9652065634727478,4.48060941696167,-0.5402957201004028,-2.55629825592041,0.5715966144813382,284.86172235805486,0.0
71.77,84.39110973499606,-1.0772108707352914,1.1625839734538865,59,0.01019707228988409,0.037009984254837036,0.9595339298248291,0.31100696325302124,-2.16191029548645,1.5723791122436523,0.5728230932120235,284.86172235805486,0.0
71.82,84.43672483542694,-1.2360661701620268,0.6032558481026824,59,0.028279578313231468,0.0006614729063585401,1.0766443014144897,1.4413961172103882,-2.7210776805877686,-3.164994955062866,0.5733860446870611,284.86172235805486,0.0
71.87,84.39435586833447,-0.7722623394505679,1.2041729662607144,59,-0.000714782509021461,0.03870837017893791,1.02767014503479,-3.4950079917907715,0.9856444597244263,2.092508316040039,0.5738486074099355,284.86172235805486,0.0
71.921,84.47944082393364,-1.1597597969794382,0.8178360784667137,59,0.0323660783469677,-0.00448966957628727,1.0020742416381836,-7.1965413093566895,2.804781675338745,0.6074625849723816,0.574101352048493,284.86172235805486,0.0
71.971,84.49758172427163,-1.4843424876264912,0.6374410170870974,59,0.03209159895777702,0.005563219077885151,0.9499869346618652,1.4467464685440063,0.6104356050491333,1.2200486660003662,0.5746855590112367,284.86172235805486,0.0
72.022,84.43995306457371,-1.2474410518549226,0.8115452834767468,59,0.002456475980579853,0.033712197095155716,0.9818397760391235,-0.1562471240758896,1.0104470252990723,-1.5453665256500244,0.576292937050618,294.66797808065195,0.0
72.072,84.48601007387394,-0.949352713855247,1.156044575119007,59,0.014045733958482742,0.021012036129832268,0.9765796661376953,1.2773410081863403,-3.035248279571533,1.3195624351501465,0.5777959634775147,294.66797808065195,0.0
72.122,84.58487614355118,-1.0624587212875,0.7020177696618298,59,0.03551433980464935,-0.008164738304913044,0.9699013233184814,2.2550742626190186,-5.733818054199219,4.437713146209717,0.5783649234413115,294.66797808065195,0.0
72.173,84.55500942316108,-1.0728218186993665,0.05335559092319563,59,-0.00014208017091732472,0.006242840550839901,1.0475479364395142,-1.976345419883728,1.6152347326278687,1.8033989667892456,0.5783509120936652,294.66797808065195,0.0
72.223,84.64462946640103,-1.6183123611886758,-0.41117029619498635,59,0.06544139236211777,-0.04140599071979523,0.9747037887573242,-0.9315633773803711,7.5177083015441895,-1.173210620880127,0.577769217911413,294.66797808065195,0.0
72.274,84.42073209060975,-0.386715379409008,0.8321515400806488,59,-0.027315130457282066,0.051011212170124054,1.0185158252716064,-0.789929211139679,-1.3249200582504272,5.958932399749756,0.5769326067143907,294.66797808065195,0.0
72.325,84.51750425040989,-1.2420730435210536,-0.018859992531506727,59,0.039406560361385345,-0.012295992113649845,0.9937536716461182,5.109087944030762,-1.751030683517456,-6.851861000061035,0.5759625402314037,294.66797808065195,0.0
72.375,84.49845749968722,-1.0859557165983025,0.4629983676917112,59,0.03125549107789993,0.009440233930945396,1.0024830102920532,-5.880989074707031,3.885441303253174,3.079348087310791,0.5747164670961745,294.66797808065195,0.0
72.426,84.42232110469688,-1.2148791327017894,0.5115390041430807,59,0.008036533370614052,0.02848145179450512,1.0050169229507446,0.41214102506637573,1.9595787525177002,-2.785712480545044,0.5740555226055252,294.66797808065195,0.0
72.476,84.46031164232508,-1.3509454509162682,0.5107635520518569,59,0.036720212548971176,-0.0019765403121709824,0.9887654781341553,0.1976696103811264,4.382863998413086,-2.620739221572876,0.573708435369467,294.66797808065195,0.0
72.526,84.46848764132156,-1.0191804534859532,0.8832651610985593,59,0.020810315385460854,0.011905631981790066,1.0412487983703613,-1.3942965269088745,-4.468113899230957,6.474985122680664,0.5726691509371602,294.66797808065195,0.0
72.576,84.413229792034,-1.5982967442933285,0.6160705599338591,59,0.013905351981520653,0.032550934702157974,0.9479433298110962,-0.5465667843818665,1.774578332901001,-6.824239730834961,0.5718557905105537,286.53531903265474,0.0
72.627,84.49699002831083,-1.3019451354499263,0.7075911048768204,59,0.0445016548037529,-0.01357033010572195,1.0072306394577026,-0.282593309879303,-1.7493211030960083,3.02023983001709,0.5721634470710899,286.53531903265474,0.0
72.677,84.38964756063295,-0.7303641864908167,1.1297074355772434,59,-0.023824259638786316,0.04725785553455353,1.0019142627716064,0.8338339924812317,-4.785881996154785,2.644360065460205,0.5723020066771592,286.53531903265474,0.0
72.727,84.55588140532869,-1.2656906291556802,0.27748605846684277,59,0.04311676323413849,-0.025444282218813896,1.0269241333007812,-2.4930295944213867,4.37757682800293,-1.9192873239517212,0.5732235253554894,286.53531903265474,0.0
72.778,84.5112417128489,-1.1861222962685116,0.5015893197322022,59,0.017068082466721535,0.014066535979509354,1.0074889659881592,-3.252375602722168,1.2738251686096191,2.7765469551086426,0.573891554875976,286.53531903265474,0.0
72.828,84.5058127543164,-1.4604074563595104,0.27695305815493737,59,0.021710751578211784,0.011182339861989021,0.9697017073631287,-0.8493869304656982,-0.2241736352443695,-3.752730131149292,0.5748544120869424,286.53531903265474,0.0
72.879,84.5062318994233,-1.080859822953448,0.7815049551279128,59,0.016365082934498787,0.015567380003631115,0.9920823574066162,0.6222856044769287,-1.8142526149749756,2.956683874130249,0.575822425025123,286.53531903265474,0.0
72.929,84.54694398666746,-1.1887422358032969,0.6581522734786216,59,0.02043195441365242,0.007666369900107384,0.9577497243881226,1.5718978643417358,-2.665895938873291,1.2165601253509521,0.5769608625468415,286.53531903265474,0.0
72.98,84.5654473369263,-0.9584891152680122,0.4509496133230319,59,0.008705638349056244,0.012231310829520226,1.0450878143310547,5.086867809295654,-1.1192634105682373,-0.2779889404773712,0.5775522457827225,286.53531903265474,0.0
73.03,84.69714052605889,-1.3696974692195723,-0.17423878551927532,59,0.05234145745635033,-0.03293170779943466,1.038398265838623,-0.3581075668334961,2.148043632507324,2.381375312805176,0.5777242744769987,286.53531903265474,0.0
73.08,84.60935616810887,-1.725138102207115,-0.22590994864306926,59,0.022730067372322083,0.007070237770676613,0.947540819644928,0.46926334500312805,3.6412603855133057,0.5676024556159973,0.5776553856640955,286.53531903265474,0.0
73.13,84.53901140980021,-1.5469650681094422,0.09163930234464533,59,0.01197402086108923,0.021196886897087097,0.9772039651870728,2.7909321784973145,3.901592254638672,-5.837164878845215,0.5778634939062308,296.7527946794963,0.0
73.181,84.55562184639976,-0.7647987489270753,1.0222781197862776,59,0.015493202954530716,0.023516686633229256,0.996105968952179,1.2631111145019531,-2.833116054534912,3.7237305641174316,0.5780153538656905,296.7527946794963,0.0
73.231,84.58643682086529,-1.352320967184059,0.5744950988996993,59,0.03503669425845146,0.0024976355489343405,1.0081124305725098,-0.3992539644241333,0.5099353194236755,0.731615424156189,0.5779923252161989,296.7527946794963,0.0
73.281,84.53892932999509,-1.4823643249829501,0.5042244867904863,59,0.01797647960484028,0.01326266024261713,1.0160354375839233,0.03138948231935501,1.0626205205917358,-2.3523004055023193,0.5781059224520004,296.7527946794963,0.0
73.332,84.52621422947303,-0.9063133293848483,0.9948554102873929,59,0.009265747852623463,0.01878439262509346,1.0292853116989136,2.9909839630126953,-1.092199683189392,1.5034518241882324,0.5780491141271938,296.7527946794963,0.0
73.382,84.55106318637397,-1.1029518389389836,0.9207369817250339,59,0.02330273762345314,0.012640504166483879,0.9537200331687927,1.536785364151001,1.0440226793289185,-1.2208558320999146,0.5783257341982398,296.7527946794963,0.0
73.432,84.53460342381354,-0.9899117585648497,1.0106444887074104,59,0.017924310639500618,0.01984133943915367,1.020180344581604,-3.4644055366516113,3.1548285484313965,-0.1338760107755661,0.5788659037935675,296.7527946794963,0.0
73.483,84.59324029409964,-1.0418394193569775,0.8306628414704895,59,0.025077980011701584,0.0021232853177934885,1.0241495370864868,2.320624351501465,-1.2949777841567993,-0.1452915519475937,0.5788103960412226,296.7527946794963,0.0
73.533,84.58532641164584,-1.079685832792983,0.7865872212913491,59,0.009531245566904545,0.020125756040215492,0.9769030213356018,3.682964563369751,-3.5704007148742676,2.9352784156799316,0.5786828723364807,296.7527946794963,0.0
73.584,84.54959724489126,-1.1218905442869465,0.38193715461880895,59,0.004230922088027,0.01608109101653099,0.9704760313034058,-4.164839744567871,8.906960487365723,-5.016878128051758,0.5788551567690476,296.7527946794963,0.0
73.634,84.64808775343849,-0.5873280493197318,0.6685891163988715,59,0.02246217615902424,-0.013693621382117271,1.0323989391326904,-1.565889596939087,-2.9161317348480225,6.68201208114624,0.5790885069501601,286.75080330894923,0.0
73.684,84.60195666929775,-1.0154352298514564,0.25563077298496456,59,0.0065911863930523396,0.01386741641908884,1.0161716938018799,1.8526796102523804,-0.4089774191379547,-0.7383373975753784,0.5795439817696267,286.75080330894923,0.0
73.735,84.60643509957885,-1.4775716727010717,0.30800993381376635,59,0.04050968587398529,0.0167164858430624,0.9306948781013489,1.5004113912582397,4.979417324066162,-5.17343282699585,0.5802614793761054,286.75080330894923,0.0
73.785,84.71763630444474,-1.293226195729296,0.9984818636913094,59,0.037933047860860825,-0.0011021260870620608,0.968379557132721,-3.880866765975952,4.184073448181152,7.92017126083374,0.5807366419550507,286.75080330894923,0.0
73.835,84.64796539708404,-1.5232701823743129,0.8117708690702917,59,0.012371213175356388,0.03145793452858925,1.0467236042022705,1.8794337511062622,-9.46061897277832,-0.943372905254364,0.5821012879673936,286.75080330894923,0.0
73.885,84.69850272092464,-1.767632853319051,0.7012382579086945,59,0.042605139315128326,0.0011014128103852272,0.9682275652885437,-2.1166179180145264,6.725404262542725,-2.0881576538085938,0.5838202420459736,286.75080330894923,0.0
73.936,84.688893282812,-1.6680809486294408,0.9240496432632618,59,0.03282229229807854,0.01229135412722826,1.016219139099121,0.676455020904541,-2.4114580154418945,2.504669189453125,0.584617966341154,286.75080330894923,0.0
73.986,84.6002253680235,-1.3629416348981602,1.3993847412748595,59,-0.004582332447171211,0.056506961584091187,0.9924815893173218,0.6680619716644287,-0.9153598546981812,-2.126673698425293,0.5851085318208235,286.75080330894923,0.0
74.037,84.69403383308779,-0.9060069019521902,1.6307361410712056,59,0.015021412633359432,0.016355322673916817,1.0162369012832642,0.19082576036453247,1.653296709060669,2.610301971435547,0.5852835568710791,286.75080330894923,0.0
74.087,84.78027251380013,-1.0643458402627421,1.0257442138387651,59,0.02831842750310898,-0.006384147331118584,0.9676691293716431,-3.2429678440093994,1.255039095878601,4.760480880737305,0.5862723639794118,286.75080330894923,0.0
74.137,84.78375362679913,-1.8137873461467813,-0.01882389656127657,59,0.03948204964399338,-0.00854345504194498,0.9524804949760437,1.3525233268737793,0.3329631984233856,-3.794095754623413,0.5876113532866505,286.75080330894923,0.0
74.187,84.6945500236574,-1.491127875961237,0.25371976186676964,59,0.01582052931189537,0.02121644653379917,1.0057437419891357,-0.5299051403999329,-1.595831274986267,-3.1456875801086426,0.5894661934529192,277.27269121438485,0.0
74.237,84.66579237154468,-0.9432547248711737,1.0753712732279574,59,0.014428983442485332,0.02854502573609352,1.0026706457138062,2.499323606491089,-4.553330421447754,1.9458903074264526,0.590469561950982,277.27269121438485,0.0
74.288,84.6833019562652,-1.1991844395926998,1.0969545373288445,59,0.027774585410952568,0.020569784566760063,0.9697674512863159,0.004580083768814802,1.8506194353103638,0.0322553776204586,0.5916668723209852,277.27269121438485,0.0
74.339,84.67984475696096,-1.27228877595386,1.2140471785248494,59,0.021266605705022812,0.026770872995257378,1.0291551351547241,1.4870494604110718,-0.18414601683616638,0.3971710503101349,0.5923409829164651,277.27269121438485,0.0
74.389,84.70053183566634,-1.179096933896875,1.2895391588552723,59,0.015333335846662521,0.02184152603149414,1.0082848072052002,3.2685818672180176,-2.238248586654663,1.4251567125320435,0.5930597399437579,277.27269121438485,0.0
74.439,84.73935226128792,-1.4193410063256062,0.8921163781530244,59,0.028841786086559296,0.005394368898123503,0.9913325309753418,-0.9676196575164795,3.8625402450561523,-2.4907641410827637,0.5935510895227232,277.27269121438485,0.0
74.489,84.74021038894934,-1.0664935887099298,1.1084789893586044,59,0.008440926671028137,0.020735351368784904,1.0117840766906738,-4.69577169418335,-1.2303581237792969,2.917107105255127,0.5939832105096137,277.27269121438485,0.0
74.54,84.79333331574144,-1.3507211832095452,0.7269863132034924,59,0.03215066343545914,0.010610689409077168,0.9576264023780823,4.5046892166137695,-3.398789167404175,-2.2824831008911133,0.5937881547808171,277.27269121438485,0.0
74.591,84.84478521625742,-1.0279241383144904,0.5582166834261756,59,0.02048862725496292,-0.009630969725549221,1.0176609754562378,-4.2176032066345215,-3.0158541202545166,1.2202610969543457,0.5932817022926465,277.27269121438485,0.0
74.641,84.82013476104365,-0.562756572761767,0.18724873505572162,59,-0.002317639999091625,0.0060882908292114735,1.037527084350586,0.3748435378074646,-4.753096580505371,3.074354648590088,0.5927926220338562,277.27269121438485,0.0
74.692,84.86705837522044,-1.2469126587582524,-0.5376183444626984,59,0.044822271913290024,-0.021982917562127113,0.9994051456451416,4.212737560272217,-7.543661594390869,-2.066243886947632,0.5929328051520677,277.27269121438485,0.0
74.742,84.77789634614771,-1.4900657503898582,-0.3913313620563089,59,0.027541382238268852,-0.0025238513480871916,1.0237730741500854,-5.006570816040039,8.312114715576172,-2.6109120845794678,0.5928649179248262,285.81287904599657,0.0
74.793,84.65615489556264,-1.197926641225739,0.6000136244196019,59,0.00358268222771585,0.03445598483085632,1.033994436264038,-6.672755718231201,6.794876575469971,-2.391524076461792,0.5925593629372362,285.81287904599657,0.0
74.843,84.70523449851343,-1.2745262624728793,1.302984975738914,59,0.0306230615824461,0.024247266352176666,0.9279218912124634,3.052830457687378,-3.870586633682251,2.0591881275177,0.5922485530712026,285.81287904599657,0.0
74.894,84.74638973428152,-1.3977051622394077,0.9762332061888012,59,0.024815915152430534,0.008842394687235355,0.9878976345062256,-0.5707737803459167,2.8961164951324463,1.3478461503982544,0.5920875852272609,285.81287904599657,0.0
74.945,84.79185021686791,-1.548701986167881,0.3034491673349891,59,0.03203447535634041,-0.006172155495733023,0.9918031692504883,3.594183921813965,-1.6224859952926636,-0.0023559927940368652,0.5925182308035054,285.81287904599657,0.0
74.995,84.76577640151541,-1.297018101513042,0.24260591937551693,59,0.01298796758055687,0.006203938275575638,1.0322116613388062,-1.4867165088653564,4.887959003448486,-0.14509199559688568,0.5926912186180687,285.81287904599657,0.0
75.045,84.77565622821338,-1.3198402858877472,0.4448258836802,59,0.024955885484814644,0.009716580621898174,0.9848706722259521,2.0464532375335693,1.3246417045593262,0.611146867275238,0.5926379184303786,285.81287904599657,0.0
75.096,84.7478120231808,-1.3923382708374985,0.5716124721910266,59,0.019513441249728203,0.017888624221086502,0.982228696346283,0.7633381485939026,4.754605293273926,-2.399962902069092,0.5925416710982949,285.81287904599657,0.0
75.146,84.78138991215356,-1.145017211675248,1.0689286934670597,59,0.024893155321478844,0.01721603237092495,1.005306601524353,-0.3940179944038391,-1.7995442152023315,2.1702568531036377,0.5919383704585135,285.81287904599657,0.0
75.197,84.78763031173739,-1.1340962457875967,1.1116410779719588,59,0.015522251836955547,0.021723756566643715,1.0172368288040161,-0.42279037833213806,3.529909610748291,1.2048403024673462,0.5917212850533818,285.81287904599657,0.0
75.247,84.84594873882502,-1.23608909471734,1.1331965338964083,59,0.026649432256817818,0.01818198896944523,0.971545934677124,0.536914587020874,-1.385191798210144,0.8137524724006653,0.5914806748564987,285.3073940548262,0.0
75.298,84.87863946357561,-1.230725723245556,0.9084729238576249,59,0.024375349283218384,0.008416706696152687,0.9870843291282654,1.2523760795593262,-1.9734750986099243,2.2948427200317383,0.590830456043544,285.3073940548262,0.0
75.348,84.86767886999576,-1.3399115141225377,0.5428321201089853,59,0.019428284838795662,0.015062346123158932,1.0048153400421143,1.0069811344146729,0.17618586122989655,-2.0274033546447754,0.5899609243540594,285.3073940548262,0.0
75.399,84.86256787284394,-0.8727406207933677,0.9099413284858499,59,0.007642887532711029,0.02458106353878975,1.021065354347229,1.2980952262878418,2.1956474781036377,0.045720480382442474,0.5898266461733471,285.3073940548262,0.0
75.449,84.93362266987096,-0.9972752128907887,1.1841851681300168,59,0.03422960638999939,0.013050742447376251,0.9736305475234985,2.1471452713012695,-8.257637023925781,4.323287010192871,0.5899294132965888,285.3073940548262,0.0
75.499,84.92315244445312,-1.6896360532385406,0.4579118076813911,59,0.029954103752970695,0.011129654012620449,1.0012460947036743,-1.487908959388733,2.7233598232269287,-4.3343610763549805,0.5897238679323256,285.3073940548262,0.0
75.55,84.88069885049401,-0.996119741685639,1.3004140619796232,59,0.005578493233770132,0.03117796964943409,1.028136134147644,-1.207759141921997,0.2033027857542038,2.6558926105499268,0.5894295791486832,285.3073940548262,0.0
75.6,84.92389281905835,-1.1938422750213702,1.1007031318274743,59,0.026226188987493515,0.011976820416748524,0.9875553250312805,1.708156943321228,-0.284332811832428,-0.360782653093338,0.588963823776675,285.3073940548262,0.0
75.651,84.95144051879954,-1.1510260233835108,1.0077226362065947,59,0.026326555758714676,0.012417317368090153,1.012323021888733,-4.191049575805664,-0.4031997323036194,2.2374038696289062,0.588247196734144,285.3073940548262,0.0
75.702,84.92000160421526,-1.179404529451304,0.5090013868922145,59,0.016112856566905975,0.004213918931782246,1.0436630249023438,0.6829023957252502,-4.909756183624268,-1.4124548435211182,0.5878652976122547,285.3073940548262,0.0
75.752,84.93938339760295,-1.1680485170613548,0.34566624316489536,59,0.02718525566160679,-0.010658483020961285,0.9788379669189453,3.1986513137817383,-10.29528522491455,2.8090078830718994,0.5872602135597775,285.3073940548262,0.0
75.803,84.84709649771543,-1.3221774116629663,0.18178876902277405,59,-0.0007924278033897281,0.028068482875823975,1.0140758752822876,-6.078094482421875,8.951952934265137,-5.417958736419678,0.5877585708313676,285.5015996188142,0.0
75.853,84.90518963451443,-0.9865497207586584,1.0704798578261125,59,0.029680272564291954,0.018841475248336792,0.9756510853767395,-2.037203788757324,1.3454924821853638,4.102444171905518,0.5876565070001837,285.5015996188142,0.0
75.904,84.89436414140424,-1.4066057557381946,0.8411302401139011,59,0.025090821087360382,0.01740192249417305,0.9434213638305664,-2.8903849124908447,4.512524604797363,-1.51720130443573,0.5879377088349006,285.5015996188142,0.0
75.954,84.98245007620633,-1.4795119730804123,0.7325267235350272,59,0.04161406680941582,-0.016893742606043816,0.9938190579414368,5.974691390991211,-2.6353557109832764,5.118021488189697,0.5880216028263882,285.5015996188142,0.0
76.004,84.87461385371122,-1.598774714959899,0.6109625999594281,59,-0.001625611912459135,0.04538135975599289,0.9610834717750549,4.5024566650390625,-0.23103927075862885,-4.582152843475342,0.5881640387078526,285.5015996188142,0.0
76.055,84.97484485372061,-1.2082064563090562,0.8986707690618668,59,0.03799189254641533,0.004918680991977453,1.0422393083572388,0.7491002082824707,3.1695396900177,0.04535536840558052,0.5887288899093519,285.5015996188142,0.0
76.105,84.97834964876098,-0.9101198032071294,1.2436497632667898,59,0.013704280368983746,0.021608229726552963,1.0150871276855469,1.0868576765060425,-0.3637799024581909,4.799971580505371,0.5894195478623442,285.5015996188142,0.0
76.156,85.0059030139213,-1.4478898066159467,0.806062941512059,59,0.0270317904651165,0.010663410648703575,0.937271773815155,-0.9996196031570435,5.066025257110596,-2.8496129512786865,0.589812068276404,285.5015996188142,0.0
76.206,84.99746513152441,-1.0182827592087718,1.2503515498560187,59,0.01923179253935814,0.01966879703104496,1.0243786573410034,1.1193698644638062,-1.5724165439605713,3.3904647827148438,0.590133248117194,285.5015996188142,0.0
76.256,85.00363103875567,-1.2899619632908432,1.1088524530561508,59,0.02129015140235424,0.023538196459412575,1.0128108263015747,2.96069073677063,-5.094751834869385,-1.1932774782180786,0.5901460665144013,285.5015996188142,0.0
76.307,85.00941527976128,-1.170093327401915,1.3199467032939578,59,0.01893932744860649,0.0307399220764637,0.9872844815254211,-3.9618988037109375,4.244946002960205,-0.8576825857162476,0.5900798141384599,285.5015996188142,0.0
76.357,85.03393878764196,-0.767335854559902,1.9862188116473147,59,0.011050224304199219,0.03809840604662895,1.002510905265808,0.0073168519884347916,-5.709062099456787,5.846982479095459,0.5899708079365176,276.8700244240544,0.0
76.407,85.0760999975009,-1.3143863267419889,1.21894920835531,59,0.022686533629894257,0.016350748017430305,0.9824769496917725,0.49776533246040344,-1.1261868476867676,-3.2366979122161865,0.589698524761889,276.8700244240544,0.0
76.457,85.12628497564675,-0.9362171220948313,1.2555895605684786,59,0.016104374080896378,0.013913062401115894,0.9987390041351318,0.28225064277648926,-1.3203564882278442,2.2271924018859863,0.5893849707934109,276.8700244240544,0.0
76.508,85.15558845536495,-0.8448159654355711,0.9278535016942246,59,0.012483530677855015,0.012887649238109589,1.043710708618164,-0.35333022475242615,-3.1224637031555176,1.6406362056732178,0.5889139908639549,276.8700244240544,0.0
76.558,85.19217321785763,-1.1480992032162807,0.3806116073143246,59,0.024893376976251602,-0.00742816599085927,0.9892982840538025,0.14664961397647858,-1.0023283958435059,-1.9280521869659424,0.5884704001673264,276.8700244240544,0.0
76.608,85.14400981176236,-0.8253423128192372,0.6477399401519112,59,0.00023234078253153712,0.01987473852932453,0.9901528358459473,-0.8079534769058228,-1.6783623695373535,1.998032808303833,0.5882683495051826,276.8700244240544,0.0
76.659,85.20435920045007,-1.0412981532883965,0.26653661892701097,59,0.03238813951611519,-0.010778950527310371,1.0243170261383057,-3.735395908355713,0.3808956742286682,-0.3984363377094269,0.5881691543160749,276.8700244240544,0.0
76.709,85.13311029493961,-1.2522730408448826,0.03634756543366594,59,0.018667694181203842,0.010200384072959423,0.9979296326637268,1.993586778640747,-1.5196826457977295,-2.2915256023406982,0.588063034793196,276.8700244240544,0.0
76.76,85.11189129062797,-1.1732354584762892,0.5995292416048568,59,0.02218318171799183,0.012713625095784664,0.9580482840538025,1.2783401012420654,-3.252105951309204,0.20761597156524658,0.5878944656839623,276.8700244240544,0.0
76.81,85.06759598995957,-1.1400227072279583,0.7873445873447865,59,0.013628731481730938,0.021759631112217903,0.9698774814605713,-4.136894702911377,3.372037172317505,-1.675114393234253,0.5877145923865273,276.8700244240544,0.0
76.86,85.11470542670729,-1.2153244042356146,0.6512691982917227,59,0.03478770703077316,-0.001803477411158383,1.0223757028579712,0.48644185066223145,-2.6221468448638916,1.1061972379684448,0.5873036980260893,281.4591330022816,0.0
76.911,85.06518976146708,-1.3698942642727534,0.6418001617372263,59,0.01868925429880619,0.019934548065066338,0.9822505116462708,2.048835277557373,-2.9262843132019043,-0.5306220054626465,0.5865311572501953,281.4591330022816,0.0
76.961,85.03757468703505,-1.1397253014486812,1.0497509754478387,59,0.009097292087972164,0.03160150721669197,0.9609824419021606,-1.2465925216674805,5.37041711807251,-0.9829637408256531,0.5857046556505439,281.4591330022816,0.0
77.011,85.06100399910866,-0.577725439890921,1.3397764240301369,59,0.0007657562964595854,0.02554747648537159,1.0232532024383545,1.1494998931884766,3.0560762882232666,2.2547426223754883,0.5852235587200482,281.4591330022816,0.0
77.062,85.19170698616583,-0.5364484863969996,1.04166270138401,59,0.01686399057507515,0.000873595243319869,1.00852370262146,9.634931564331055,-8.502448081970215,4.636395454406738,0.5842161198219825,281.4591330022816,0.0
77.113,85.21702258793714,-0.5431573443632216,0.27411704146908145,59,0.003570632776245475,0.000880155828781426,1.0025410652160645,2.4829373359680176,-3.2799949645996094,-1.960872769355774,0.5834618212060482,281.4591330022816,0.0
77.163,85.30689548967987,0.13922056120306117,0.03449759822072753,59,-0.0024750453885644674,-0.011454306542873383,1.0467350482940674,-1.4038251638412476,-2.1595847606658936,5.381042957305908,0.5824276228948917,281.4591330022816,0.0
77.213,85.37907039284562,-0.2918846225606922,-0.6359760174796264,59,0.012501377612352371,-0.018952473998069763,1.0322725772857666,-1.401384949684143,-4.4210052490234375,2.7744953632354736,0.5821477957377971,281.4591330022816,0.0
77.264,85.43790095360623,-1.005219093844165,-1.0491174346410004,59,0.033177997916936874,-0.01978193037211895,1.0501127243041992,-5.877715110778809,1.0391247272491455,-0.6248635053634644,0.582282267195715,281.4591330022816,0.0
77.314,85.446120745486,-1.222771917641165,-0.6112234115247188,59,0.023928716778755188,-0.0030347066931426525,1.0616308450698853,-6.101462364196777,3.231224298477173,1.293953537940979,0.5825051774422936,281.4591330022816,0.0
77.365,85.49494804154716,-1.8329626315210827,-0.4162215148167957,59,0.05041923746466637,-0.01513729803264141,1.0281105041503906,-9.113348960876465,3.94258189201355,2.612774133682251,0.5833146419223735,281.4591330022816,0.0
77.415,85.41338218464558,-1.9864284889923876,0.28155448552505397,59,0.0021558983717113733,0.038264207541942596,0.9522004723548889,-4.055285453796387,1.6532429456710815,-1.5778779983520508,0.5840449664515864,296.6898210369951,0.0
77.468,85.56519365737734,-2.092362760412335,0.02153755178831078,59,0.046184394508600235,-0.011176025494933128,0.9508967995643616,-0.36601340770721436,-4.859596252441406,-0.9531493782997131,0.5852588016276417,296.6898210369951,0.0
77.518,85.60068532083264,-1.8173172503521562,-0.2789286939573232,59,0.016248436644673347,-0.005393855273723602,1.0025759935379028,-10.520403861999512,-5.987013816833496,5.4852471351623535,0.5865180105605213,296.6898210369951,0.0
77.568,85.67555976138242,-1.877655225510331,-0.5702455273615263,59,0.02465594746172428,0.0031843013130128384,1.0188148021697998,-3.0194835662841797,-2.90217661857605,-0.9346240758895874,0.5888259645352818,296.6898210369951,0.0
77.618,85.73884014740499,-1.8202704580729039,0.0938556703643442,59,0.04203266650438309,0.013911578804254532,0.9873490929603577,2.955404758453369,-12.273316383361816,4.712744235992432,0.5904282409280571,296.6898210369951,0.0
77.669,85.8544359590998,-2.9295617801011744,-0.515131836954185,59,0.07695267349481583,-0.01546818483620882,0.9841344356536865,-8.639728546142578,5.362640380859375,-0.6556442379951477,0.5932272807199015,296.6898210369951,0.0
77.719,85.89992817942972,-2.9867104770020294,-0.5115720553261783,59,0.054970528930425644,-0.012882395647466183,1.04144287109375,-5.799834728240967,3.595040798187256,3.6099743843078613,0.5950300623043295,296.6898210369951,0.0
77.77,86.0217151629339,-3.6331141574016255,-1.7098642460116393,59,0.07931574434041977,-0.0629488006234169,1.0548750162124634,0.11801881343126297,-4.709949970245361,1.5604634284973145,0.5976904855523099,296.6898210369951,0.0
77.82,85.99889356684714,-4.427072512936119,-2.1784297632243432,59,0.08717197179794312,-0.04224199801683426,0.9771671891212463,-10.678511619567871,9.523319244384766,-2.0914924144744873,0.5990085657426982,296.6898210369951,0.0
77.87,85.82239959743397,-4.240837438646155,-1.2323847487430164,59,0.047183990478515625,0.01557125709950924,1.0083521604537964,-6.088438987731934,9.766600608825684,-6.362499713897705,0.6016382244138816,296.6898210369951,0.0
77.921,85.78362569351378,-3.7280625770562423,-0.009525560703600777,59,0.05188469588756561,0.02484211139380932,1.0007768869400024,-6.194945812225342,-6.217391490936279,0.2148514837026596,0.605588891446465,296.6898210369951,0.0
77.971,85.8628153939853,-3.7749576026398093,0.28844830440935315,59,0.06559161096811295,0.00404434883967042,0.949431300163269,-5.790652275085449,-9.724152565002441,4.964059352874756,0.6080118217618752,278.43228890069037,0.0
78.022,85.93737650410085,-4.312596986919729,-0.5476441172242482,59,0.07615526765584946,-0.026302805170416832,1.0401700735092163,-12.158716201782227,1.1887184381484985,1.0480517148971558,0.6128311047308937,278.43228890069037,0.0
78.073,86.03365995803857,-4.608372891470126,-1.0732604237659935,59,0.09168896079063416,-0.036302924156188965,1.0638511180877686,0.4766491651535034,-12.260936737060547,4.367758750915527,0.6163771033268538,278.43228890069037,0.0
78.123,85.9994588773115,-5.363436721829674,-1.3379638898798,59,0.08720499277114868,-0.01814131997525692,0.857945442199707,-12.543617248535156,10.288564682006836,-3.8050427436828613,0.6219779015075982,278.43228890069037,0.0
78.173,86.01054624838297,-4.992801785033002,-0.6490929765957533,59,0.07308800518512726,-0.003278805874288082,1.0378953218460083,-6.97523307800293,14.972991943359375,2.596045732498169,0.626006517247103,278.43228890069037,0.0
78.224,86.18908108827632,-5.27546379197203,0.33173423344817604,59,0.09647738188505173,0.019103772938251495,0.8576829433441162,2.2884931564331055,2.447798013687134,5.29126501083374,0.6321422332727923,278.43228890069037,0.0
78.275,86.3599562019783,-5.23979915387768,0.6191402142254735,59,0.10805343091487885,0.015287334099411964,1.025984287261963,19.99697494506836,-1.5548574924468994,5.453066349029541,0.6356584184739008,278.43228890069037,0.0
78.325,86.51830629132257,-5.632208208381787,0.33587132663561453,59,0.10966640710830688,0.003875914728268981,0.9633665084838867,0.20653249323368073,1.4268765449523926,2.0979714393615723,0.6402724694390999,278.43228890069037,0.0
78.376,86.55224993831567,-5.096173715367474,0.6551121031553806,59,0.0774180144071579,0.011923563666641712,1.003483772277832,-4.183170318603516,-4.038963317871094,3.532646894454956,0.6435927290976556,278.43228890069037,0.0
78.426,86.65535939632625,-5.339012511391528,0.4847689142956014,59,0.09032774716615677,0.0003116508887615055,0.8607603907585144,-0.44252946972846985,-10.23073959350586,5.092740535736084,0.6484738196452886,278.43228890069037,0.0
78.476,86.7692057836532,-5.202134928642042,-0.5709239263769704,59,0.09741290658712387,-0.016816115006804466,1.0116177797317505,6.6921796798706055,-18.197431564331055,0.18288326263427734,0.6514782653595599,287.1237677984666,0.0
78.527,86.85578662235308,-5.220537495733505,-1.6314424147833533,59,0.09993681311607361,-0.04156966134905815,0.9631375074386597,4.573472499847412,-9.587040901184082,0.5400113463401794,0.655070026936362,287.1237677984666,0.0
78.577,86.88555798708414,-5.296640963501112,-2.3339214488333084,59,0.09785129874944687,-0.051739808171987534,1.085982322692871,-0.9968619346618652,7.0637688636779785,-1.1036237478256226,0.6569249440348053,287.1237677984666,0.0
78.628,86.837381756507,-5.368716810994028,-2.179436375568324,59,0.08756162226200104,-0.029481183737516403,0.9379562735557556,2.593170404434204,0.6506856679916382,-0.8660537600517273,0.6594113422752812,287.1237677984666,0.0
78.678,86.73128949299237,-5.408884902463157,-1.948650338960077,59,0.08980084210634232,-0.02489137463271618,0.9783239364624023,2.1194629669189453,7.797939777374268,-5.220405101776123,0.661501023686549,287.1237677984666,0.0
78.728,86.64089770210265,-4.859666165860859,-1.3717753809640794,59,0.0739620178937912,-0.00851452350616455,0.9893250465393066,4.159989356994629,-4.2450432777404785,-2.1228644847869873,0.6646242098293518,287.1237677984666,0.0
78.779,86.59819322560756,-4.184440172596069,-0.767918538239102,59,0.07745883613824844,-0.01825544238090515,0.9949715733528137,3.8898415565490723,-1.9074333906173706,1.9739354848861694,0.666426846904234,287.1237677984666,0.0
78.831,86.57912635109248,-4.860066299653171,-1.024472683571086,59,0.09060513973236084,-0.016705220565199852,0.9679720401763916,2.4878299236297607,2.003297805786133,-1.04123055934906,0.6691919223056635,287.1237677984666,0.0
78.881,86.56437778563136,-4.930274383434543,-1.0994219236199143,59,0.08367571979761124,-0.022744668647646904,1.0372060537338257,-3.8251407146453857,5.457195281982422,-1.2870515584945679,0.6711410341125652,287.1237677984666,0.0
78.931,86.53691981184778,-4.851221092779568,-0.8635645614087266,59,0.0933123230934143,-0.011428778059780598,0.9542276263237,2.0688703060150146,0.6095606684684753,-0.24047885835170746,0.6724043156762857,287.1237677984666,0.0
78.982,86.48072556245539,-4.605282459734626,-0.4379739103638836,59,0.06744728982448578,0.00435742549598217,0.9493139386177063,1.9396798610687256,1.2473726272583008,1.0643702745437622,0.6732020120556658,287.1237677984666,0.0
79.032,86.47386414568149,-4.665390549610723,-0.5560805033589226,59,0.07576204836368561,-0.0072921328246593475,0.9747123718261719,2.122105836868286,4.029244422912598,-3.904510021209717,0.6738873178367284,286.8488578853782,0.0
79.083,86.54456344768982,-4.034592330538561,-0.3359207426457923,59,0.07747672498226166,-0.02131318300962448,1.043770432472229,3.797402858734131,-7.687502861022949,4.344623565673828,0.6760454839771617,286.8488578853782,0.0
79.133,86.54194845940754,-4.206910856657977,-0.9852424346507231,59,0.06529625505208969,-0.013824088498950005,1.0357166528701782,-3.288239002227783,3.3182082176208496,-2.161632776260376,0.6769124007458068,286.8488578853782,0.0
79.184,86.60763511434152,-4.387072981516922,-1.1070480821156248,59,0.09054046124219894,-0.035976141691207886,1.0022591352462769,-5.827593803405762,7.274535179138184,1.4344508647918701,0.6780887807762653,286.8488578853782,0.0
79.234,86.5484536628132,-4.758268289133385,-1.148947750901783,59,0.07873592525720596,-0.01854328252375126,0.9677541851997375,-2.9689323902130127,5.477903366088867,-0.8681520819664001,0.6786949851888932,286.8488578853782,0.0
79.284,86.52148891738497,-5.225888796871521,-1.227149789255921,59,0.09925703704357147,-0.0238657109439373,0.9774956703186035,2.267432451248169,-2.7267673015594482,-3.018385171890259,0.6797399563480323,286.8488578853782,0.0
79.335,86.41937108402978,-4.991768093606896,-0.732482108052107,59,0.08238442987203598,0.004068314563483,1.0112981796264648,2.8676257133483887,1.1911265850067139,-3.3147454261779785,0.680545970723682,286.8488578853782,0.0
79.385,86.36695295701163,-4.567139900477666,-0.06121130726912996,59,0.068535715341568,0.006263541057705879,1.013639211654663,0.21068258583545685,0.5535469651222229,0.10436877608299255,0.6820278551922261,286.8488578853782,0.0
79.435,86.3569101400924,-4.5919030826913705,-0.11202232453909565,59,0.07850991934537888,0.0013874366413801908,0.9696989059448242,-1.7515228986740112,2.875941038131714,1.1884046792984009,0.6822604309053552,286.8488578853782,0.0
79.485,86.39999141234127,-4.76805045502053,-0.4808045546768758,59,0.08848834782838821,-0.02550038881599903,1.0120248794555664,-0.7555108666419983,1.906227469444275,-1.0279921293258667,0.6828181132538897,286.8488578853782,0.0
79.536,86.38115453061006,-4.889539426824535,-0.9521762594010251,59,0.0943477526307106,-0.028123682364821434,0.9857268929481506,1.841772198677063,-2.7322022914886475,2.1025571823120117,0.6835213796572591,285.98827219419064,0.0
79.586,86.30724255278014,-5.401094821999985,-1.464212170478402,59,0.09113044291734695,-0.037476178258657455,1.0204836130142212,-10.641000747680664,14.210399627685547,-5.374773979187012,0.6844912497219174,285.98827219419064,0.0
79.637,86.14482713225229,-5.006330541527416,-0.436770608607468,59,0.07645151019096375,0.016899097710847855,1.0057775974273682,8.908827781677246,-7.2782673835754395,-3.8963847160339355,0.6852061559716479,285.98827219419064,0.0
79.687,86.11254839603758,-4.794114089023313,0.3716431795553627,59,0.08680162578821182,0.018918616697192192,0.9759672284126282,2.5507829189300537,-0.24568814039230347,0.6162002086639404,0.6860649510973504,285.98827219419064,0.0
79.737,86.08418667207906,-4.726667410065823,0.24806176956403483,59,0.07525879889726639,0.0030128327198326588,1.0628855228424072,0.3002455532550812,4.1659932136535645,-1.1726537942886353,0.6866504905099486,285.98827219419064,0.0
79.787,86.08216732196969,-4.799242046579882,0.3199851382821327,59,0.09197023510932922,0.0038997374940663576,0.9839684367179871,-1.6691497564315796,-2.967071056365967,-2.1166117191314697,0.687593074628255,285.98827219419064,0.0
79.838,86.0762053841811,-4.695638258975936,0.19279182965211286,59,0.08649385720491409,-0.007847516797482967,1.0603934526443481,-6.889586925506592,5.106797218322754,1.265668511390686,0.6880435142285327,285.98827219419064,0.0
79.889,86.02197938772038,-5.076815626182993,0.01595577241458306,59,0.08025823533535004,0.013533804565668106,0.9757179021835327,2.762126922607422,-8.357905387878418,-1.1694122552871704,0.6882686425523465,285.98827219419064,0.0
79.939,85.99677243664856,-5.146418896599867,0.13365668239724343,59,0.08516597747802734,0.011019100435078144,0.8904448747634888,-0.8137154579162598,0.7236434817314148,-3.167818307876587,0.6880295311910416,285.98827219419064,0.0
79.989,86.025556856753,-4.51944187579402,0.3998495404871903,59,0.08205032348632812,-0.00220820982940495,0.9885714054107666,6.086505889892578,-7.521657943725586,4.068798542022705,0.6878131845593649,285.98827219419064,0.0
80.04,86.0403214976413,-4.792621093543423,-0.17148776555751136,59,0.08983767032623291,-0.010282549075782299,1.047909140586853,-0.7773671746253967,3.6426055431365967,0.2483370304107666,0.6875173721449229,285.98827219419064,0.0
80.09,86.04574236753892,-5.293726735152744,-0.6065249684768087,59,0.10214172303676605,-0.023612577468156815,1.030178427696228,-1.7065995931625366,2.5028233528137207,-0.44272735714912415,0.6875267127450044,282.95918505025975,0.0
80.14,85.96383796218286,-5.457944293676946,-0.5688283063117553,59,0.08148343861103058,-0.0022999211214482784,0.9747960567474365,-1.4379061460494995,4.933365821838379,-3.8653953075408936,0.688062047938786,282.95918505025975,0.0
80.191,85.92368153686195,-4.763044843834698,0.16409734538376,59,0.07631242275238037,0.011564785614609718,1.0106313228607178,-1.2999342679977417,-0.5781643390655518,0.6129463911056519,0.6880575962222057,282.95918505025975,0.0
80.241,85.93218608833922,-4.580885436342855,0.5081912068242528,59,0.0759873166680336,0.014492282643914223,0.9551657438278198,-1.3594872951507568,-0.07793043553829193,1.8567733764648438,0.688679223695623,282.95918505025975,0.0
80.291,85.99852756296943,-4.971215955030786,0.41534337450488423,59,0.09685500711202621,0.006458122283220291,0.9645183086395264,2.43418025970459,2.025233507156372,0.05393319949507713,0.6889725674503714,282.95918505025975,0.0
80.342,86.03235455391854,-4.59241075006552,0.5249320259231878,59,0.07577601075172424,0.001000371528789401,1.009939193725586,5.6546783447265625,-3.350227117538452,4.500447750091553,0.6895996973896749,282.95918505025975,0.0
80.392,86.03848981094622,-4.793631269324136,-0.025725137359281034,59,0.07741176337003708,-0.005078854504972696,0.9715933799743652,2.236992120742798,1.403930425643921,-2.483165740966797,0.6897483429667169,282.95918505025975,0.0
80.442,86.09948535768338,-5.101951998178879,-0.49009646820355696,59,0.11547866463661194,-0.029331227764487267,0.9728221297264099,-4.732229709625244,1.5066463947296143,1.8876477479934692,0.6893628130079452,282.95918505025975,0.0
80.492,85.99530739902906,-5.196732355774898,-0.7567653810340438,59,0.08116543292999268,-0.011259066872298717,1.0548315048217773,8.09215259552002,-0.012019230052828789,-3.889281988143921,0.6886356705710673,282.95918505025975,0.0
80.543,85.8200585033045,-4.557975796492612,-0.3874203330066035,59,0.054276566952466965,0.008448815904557705,0.9519423842430115,6.0994439125061035,-7.354936122894287,-5.244357109069824,0.6873365592243342,282.95918505025975,0.0
80.595,85.68994310361137,-3.657683552141259,0.4567174829418673,59,0.0443098247051239,0.02962677553296089,0.9945757389068604,2.843242645263672,10.695956230163574,-3.4681575298309326,0.6864850824662118,282.95918505025975,0.0
80.645,85.72493435434676,-3.5145292117188007,1.0027607971477261,59,0.07685890048742294,0.010042536072432995,1.1329028606414795,-5.95662784576416,11.666723251342773,2.627721071243286,0.6854884945932771,281.3081153588196,0.0
80.696,85.67895329611784,-4.43267707266853,1.0846598681508217,59,0.07958456128835678,0.026953386142849922,0.9682515263557434,-0.6793553829193115,4.411051273345947,-1.1818084716796875,0.6850382563205215,281.3081153588196,0.0
80.746,85.72330818090578,-4.814448702111814,0.873427115785573,59,0.10583868622779846,-0.006786250974982977,1.0245299339294434,4.8171257972717285,-3.094071865081787,1.6547762155532837,0.6839576301173307,281.3081153588196,0.0
80.796,85.63236289186868,-5.142404331291979,0.6933123893755836,59,0.07513594627380371,0.023921236395835876,0.8748849034309387,-3.901329755783081,5.013251304626465,-3.657409191131592,0.6833574588070471,281.3081153588196,0.0
80.847,85.59498813544138,-4.322458839378641,0.520200145959904,59,0.06316104531288147,-0.008912676014006138,1.0194885730743408,2.4113681316375732,2.522141218185425,-0.07859231531620026,0.6825019611896435,281.3081153588196,0.0
80.897,85.56876690419946,-3.9121474877817497,-0.13168056530893368,59,0.053996775299310684,-0.01744343340396881,0.9785376191139221,1.0362118482589722,-5.465870380401611,0.8923569917678833,0.6817731989931013,281.3081153588196,0.0
80.949,85.47518770667713,-4.100752730426091,-0.6347510735655417,59,0.07809548825025558,-0.006626209709793329,0.9531682729721069,4.124650955200195,1.4723368883132935,-7.32530403137207,0.6803713320525206,281.3081153588196,0.0
80.999,85.37359547649204,-3.4306590494282765,0.3599816570866149,59,0.05766547471284866,0.02309054136276245,1.0281317234039307,4.333235740661621,-7.666819095611572,1.4524041414260864,0.678851712563202,281.3081153588196,0.0
81.049,85.26081900999513,-3.016025150954913,0.8845358178661056,59,0.02161729894578457,0.04985969513654709,0.9472852945327759,10.47446060180664,-7.64987850189209,-2.4757750034332275,0.6776518388806816,281.3081153588196,0.0
81.099,85.34540298214489,-3.161836320012406,0.20085130369450432,59,0.074905626475811,-0.022779060527682304,1.003444790840149,-4.3506011962890625,4.309775352478027,-2.0723016262054443,0.6755972832217642,281.3081153588196,0.0
81.15,85.26144248893922,-3.351404771676216,0.04009246195229981,59,0.06953245401382446,-0.00039289501728489995,1.0833395719528198,3.4972875118255615,0.4362461566925049,-0.6835210919380188,0.6737156360747277,256.1407022900763,0.0
81.201,85.1791802304485,-3.4617823576976954,-0.3127917993590926,59,0.06359297782182693,-0.009760791435837746,1.0959270000457764,-1.474942922592163,-1.244443655014038,-5.754807472229004,0.6712669889129361,256.1407022900763,0.0
81.251,85.03940916279117,-3.0746407398205453,0.7855679677953988,59,0.04695634916424751,0.027610333636403084,1.028498649597168,1.752924919128418,2.3380842208862305,-1.3861191272735596,0.6698311306994295,256.1407022900763,0.0
81.301,84.96002321077415,-2.8082814193648367,1.5639743226741716,59,0.03209963068366051,0.048982683569192886,0.9675517678260803,-9.86911392211914,5.996270179748535,-1.9164749383926392,0.6686921926164834,256.1407022900763,0.0
81.351,85.04330902492936,-3.204686218696727,1.187993305964171,59,0.08076326549053192,-0.0032935694325715303,0.9263670444488525,-1.8818224668502808,3.058417797088623,-0.43903347849845886,0.6679902827779042,256.1407022900763,0.0
81.402,84.97389461290982,-3.213449492151436,0.8631502361648326,59,0.051790572702884674,0.016263743862509727,0.9837284684181213,2.8212335109710693,-3.5768754482269287,0.20522713661193848,0.6674838202865186,256.1407022900763,0.0
81.453,84.93250795096615,-2.9411046115863138,0.7180801461374205,59,0.047718536108732224,0.021011516451835632,0.9990711212158203,6.477614402770996,-11.48855209350586,-0.4733565151691437,0.6673072547352835,256.1407022900763,0.0
81.503,85.00268910820971,-3.020426997225821,0.38829688837711906,59,0.06424406170845032,-0.01951131410896778,0.9794566035270691,-2.0950088500976562,9.215944290161133,-2.8651862144470215,0.6679044408088505,256.1407022900763,0.0
81.554,84.9671367520521,-2.5019930448129206,0.8607544836597382,59,0.025140313431620598,0.026895934715867043,0.9168336391448975,2.2125561237335205,1.0968540906906128,8.81183910369873,0.6684586185480147,256.1407022900763,0.0
81.604,85.11540012987554,-3.6095268901054545,-1.4491690279952596,59,0.09043262898921967,-0.07293612509965897,1.0191432237625122,-1.3485095500946045,-0.3115052282810211,-10.338520050048828,0.6684497695995288,256.1407022900763,0.0
81.654,84.97460003288188,-2.559985454528976,-0.10986920482858994,59,0.024121927097439766,0.03444676846265793,1.0392951965332031,2.6318295001983643,-18.726987838745117,9.955418586730957,0.6682865391728677,256.1407022900763,0.0
81.705,85.01857305514048,-3.188282676545852,-1.0520330891533098,59,0.06365017592906952,-0.025569846853613853,1.0450316667556763,-10.439384460449219,11.691106796264648,-4.952667236328125,0.6680308226885514,285.3462140281652,0.0
81.755,84.92765480935859,-4.12275517493002,-0.31786357345690236,59,0.10027244687080383,0.000231358761084266,0.9486330151557922,-0.9511644840240479,5.946582317352295,-6.080582618713379,0.6677043127160853,285.3462140281652,0.0
81.805,84.75914692085344,-3.337366482968025,1.243605458632594,59,0.025365129113197327,0.06075701862573624,0.9491246342658997,4.751706600189209,-3.688668727874756,-1.768105149269104,0.6676133623380626,285.3462140281652,0.0
81.855,84.81208307415396,-2.7554424190125895,1.4921798501726058,59,0.039286673069000244,0.02632969059050083,0.9748062491416931,4.749667167663574,2.6296465396881104,0.5855039358139038,0.6671559643247245,285.3462140281652,0.0
81.906,84.86954787417464,-2.9512823692233505,0.6909465190199674,59,0.0641750916838646,-0.01858498714864254,1.0396393537521362,0.8965947031974792,1.1934363842010498,0.23735783994197845,0.6663289966360153,285.3462140281652,0.0
81.956,84.79811483546338,-3.0819224104183025,-0.006764389160316747,59,0.05295342206954956,-0.025103475898504257,1.04988694190979,-3.3908088207244873,4.212031841278076,-3.6880946159362793,0.6672223500910771,285.3462140281652,0.0
82.006,84.61799727099309,-2.9544257453129776,-0.11946713578507659,59,0.04371628910303116,0.006204966455698013,0.9876985549926758,-4.0721564292907715,4.986454963684082,-5.57315731048584,0.6678298936696092,285.3462140281652,0.0
82.057,84.40229635299237,-2.7908059166799575,0.5258212158814258,59,0.03690369054675102,0.02814466878771782,0.981721043586731,3.0140960216522217,-1.28141188621521,-5.393012046813965,0.6692556755011845,285.3462140281652,0.0
82.107,84.2927187577349,-2.300251746077001,1.1537421045456837,59,0.03152088448405266,0.022812630981206894,1.0519368648529053,-2.2140798568725586,-0.8261866569519043,-1.7738808393478394,0.670469473247342,285.3462140281652,0.0
82.158,84.195724549149,-2.556442011987172,1.1815810089773169,59,0.04899396374821663,0.018906189128756523,1.0233495235443115,-5.340685844421387,6.393472194671631,-3.561701774597168,0.672712932702584,285.3462140281652,0.0
82.208,84.13606455596158,-3.100371119621649,1.2977326990145541,59,0.06953564286231995,0.014648426324129105,1.020095944404602,-1.2224003076553345,-2.10064697265625,-1.8117265701293945,0.6748853776741536,285.3462140281652,0.0
82.258,84.00418898187775,-3.578672676525456,1.3172494162297017,59,0.0660870373249054,0.037117455154657364,0.9066656827926636,-3.9759867191314697,-1.6297184228897095,-4.837140083312988,0.6780361934512784,281.9131603710176,0.0
82.309,83.84700719038335,-3.521599461209229,1.4673964545158993,59,0.06281782686710358,0.028638917952775955,0.9572405815124512,0.27392056584358215,-2.8150858879089355,-4.779392242431641,0.6788547002244464,281.9131603710176,0.0
82.359,83.70828664808096,-3.4499884034125006,1.121970051092045,59,0.0476875938475132,0.026328181847929955,1.026200771331787,-1.8164902925491333,-17.71784019470215,-5.106724262237549,0.6803379985189419,281.9131603710176,0.0
82.409,83.59002327709203,-3.2945111812442525,1.1318499491289802,59,0.06665301322937012,0.009659687988460064,0.9919618964195251,-4.68120002746582,3.111936330795288,-3.248800754547119,0.6809209678024779,281.9131603710176,0.0
82.46,83.44849201503773,-3.0780266532035854,1.6551530810880906,59,0.0446491502225399,0.048046182841062546,1.0221469402313232,0.204799622297287,-1.8931316137313843,-1.804292917251587,0.681290135266066,281.9131603710176,0.0
82.51,83.44871014290112,-3.034088740447436,1.4803039752758584,59,0.04922975227236748,0.019374080002307892,1.0053788423538208,3.7493789196014404,-7.012868404388428,0.08677367866039276,0.6818008351948645,281.9131603710176,0.0
82.561,83.48839753037907,-3.5483061629154897,0.38208125919829644,59,0.08032182604074478,-0.01866765506565571,0.9184418320655823,1.0941792726516724,-0.551479160785675,-1.675022006034851,0.6829344595245592,281.9131603710176,0.0
82.611,83.38579386623731,-3.4355409978019718,0.3160598245063644,59,0.054387498646974564,0.01083329040557146,0.9847100973129272,0.8103734254837036,-0.18707960844039917,-0.026166999712586403,0.6839249417752462,281.9131603710176,0.0
82.661,83.36401892130216,-3.2669042743984043,0.38514491907635806,59,0.05008618161082268,0.012341841123998165,1.024318814277649,7.812663555145264,-1.479575753211975,-1.391098141670227,0.684371385073198,281.9131603710176,0.0
82.712,83.3535354030383,-2.9891625526917176,0.692888009416144,59,0.05066376551985741,0.017270809039473534,0.9931924939155579,-1.800897479057312,3.2897205352783203,0.4405587315559387,0.684596811114225,281.9131603710176,0.0
82.762,83.3857399193285,-3.145591555157612,0.6213165381367133,59,0.05672181770205498,0.007097610272467136,1.0303391218185425,-4.953329563140869,11.04987907409668,1.380213737487793,0.6845085639806131,283.9553178525489,0.0
82.813,83.43010169004266,-3.4186211679429794,0.504174678802141,59,0.06170668452978134,6.993683200562373e-05,1.0039669275283813,0.5686074495315552,2.777487277984619,0.5809258222579956,0.6847987676618399,283.9553178525489,0.0
82.863,83.42656099718187,-3.366963549030168,0.38512274566255883,59,0.05279459431767464,0.007642248645424843,0.9458242654800415,8.38400650024414,-2.1606602668762207,-0.5069873332977295,0.685298142471932,283.9553178525489,0.0
82.913,83.42888816414774,-3.11995611004195,0.35237814330340406,59,0.05199703201651573,0.007926689460873604,0.9814579486846924,1.6307270526885986,3.7027721405029297,-0.09440615028142929,0.6842396532564341,283.9553178525489,0.0
82.964,83.42494933899647,-2.661005566812981,0.4611842085303765,59,0.039062127470970154,0.00955689512193203,1.0719870328903198,5.490557670593262,-4.9828691482543945,0.5049547553062439,0.6825141823687635,283.9553178525489,0.0
83.014,83.46582271534133,-2.769142779927172,0.3340629211067145,59,0.06053832545876503,-0.007308640982955694,1.0148496627807617,-3.239297389984131,3.512016773223877,1.2191553115844727,0.6800134393592652,283.9553178525489,0.0
83.065,83.39299635665053,-2.952774831576223,0.5137848075960578,59,0.04748079553246498,0.017766904085874557,1.0126245021820068,-0.26802533864974976,-1.932125449180603,-1.0020813941955566,0.6786791429853386,283.9553178525489,0.0
83.115,83.35497877265183,-3.2716181286267405,0.27175193264620273,59,0.06405938416719437,-0.002873041434213519,0.9882374405860901,-3.8953604698181152,6.078864574432373,-3.975677490234375,0.6777075544203037,283.9553178525489,0.0
83.165,83.24632394828343,-2.618993936634325,1.2078228503521886,59,0.0238915104418993,0.037595443427562714,0.9632070064544678,2.3001132011413574,1.778051495552063,-0.3480735719203949,0.6770146557850278,283.9553178525489,0.0
83.217,83.26357497184691,-2.035109113702525,1.5916235008022201,59,0.030296018347144127,0.03155239671468735,1.0035853385925293,1.666090965270996,-2.387816905975342,2.2760534286499023,0.6771877101842221,283.9553178525489,0.0
83.267,83.34823186191846,-2.4945970498652454,1.0335931952934396,59,0.05818371847271919,0.003260883968323469,0.9719099998474121,1.746045470237732,-3.865535259246826,1.2003124952316284,0.6776797899738647,283.9553178525489,0.0
83.317,83.26183712057028,-2.840033369315333,0.30980539158835446,59,0.05744434893131256,-0.008687815628945827,1.056614875793457,-4.537262439727783,-0.1788800209760666,-0.01370240282267332,0.676665207953743,285.54047246238684,0.0
83.368,83.19314943243562,-3.242908677452608,-0.14354299927789368,59,0.058061692863702774,0.0009097481379285455,0.9769365787506104,-2.444751739501953,2.0607025623321533,-5.106028079986572,0.6757123078138023,285.54047246238684,0.0
83.418,83.09427812499227,-2.957919287384272,0.598350428625558,59,0.043278876692056656,0.02967984601855278,0.976980984210968,-1.9891860485076904,1.1609318256378174,-2.113241195678711,0.673934852500933,285.54047246238684,0.0
83.468,83.06287044123961,-2.9103068876879545,0.8261332308581045,59,0.04723075032234192,0.0230544563382864,1.019186019897461,1.298526406288147,-1.8777028322219849,-2.994781732559204,0.6733336404430699,285.54047246238684,0.0
83.519,83.06026854027135,-2.749317481814887,0.8344421242876866,59,0.05488119646906853,-0.001588083105161786,0.9860137701034546,-0.12782707810401917,-0.0890708789229393,0.8861982226371765,0.6736363286909466,285.54047246238684,0.0
83.569,83.01460795714885,-2.8095562559217804,0.4711585428397751,59,0.04735460504889488,-0.000825031369458884,1.0366367101669312,-1.824223518371582,0.9276216626167297,-0.6934145092964172,0.6737937601511416,285.54047246238684,0.0
83.619,82.98162403654973,-3.2208124852979507,0.01880956439690704,59,0.07055307924747467,-0.009069456718862057,1.0022695064544678,-2.550675392150879,2.9283030033111572,-1.2371538877487183,0.6747690904402284,285.54047246238684,0.0
83.67,82.82053631358838,-3.548433794644435,0.4486730133114837,59,0.044304415583610535,0.029413966462016106,0.9614636301994324,4.196530342102051,-7.382583141326904,-4.273237228393555,0.6759157173282161,285.54047246238684,0.0
83.72,82.73301460328149,-3.029057605016366,0.823970172033114,59,0.04983875900506973,0.013216786086559296,1.0156975984573364,-5.098355293273926,4.6872406005859375,-3.2230100631713867,0.6766774308506478,285.54047246238684,0.0
83.775,82.6267718466439,-2.6503354754892143,1.5895116488416605,59,0.03464419022202492,0.047329455614089966,1.0496970415115356,0.04239246994256973,-7.808558464050293,0.13391827046871185,0.6761567782164503,285.54047246238684,0.0
83.825,82.64856776810954,-3.084642590946122,1.6357832699269372,59,0.05823155492544174,0.03722512349486351,0.9443734884262085,2.4736809730529785,-2.0098445415496826,-1.9343135356903076,0.6756252006119488,285.54047246238684,0.0
83.876,82.67372826141906,-2.9247293182078624,1.7185977604922296,59,0.051391713321208954,0.031232835724949837,1.0157397985458374,-4.2547502517700195,7.499979019165039,1.6863198280334473,0.6746816888245886,279.0992813414959,0.0
83.926,82.7314936435507,-3.238678323812514,1.3167731951361845,59,0.06552941352128983,0.006302278954535723,1.007554292678833,-0.22410652041435242,1.3586037158966064,0.5058555006980896,0.6743521332567484,279.0992813414959,0.0
83.976,82.78173080010424,-3.2789826196370058,1.1680421341186047,59,0.059893377125263214,0.01188378594815731,0.968085765838623,-2.4868738651275635,-1.505298376083374,2.580183267593384,0.6741715413558926,279.0992813414959,0.0
84.027,82.7864901084414,-3.2910392071771666,0.7764509808714471,59,0.04656578600406647,0.015679899603128433,1.0156861543655396,3.1346676349639893,-2.0688552856445312,0.325017511844635,0.6738857884888818,279.0992813414959,0.0
84.077,82.85369796768974,-3.3137207102570327,0.043674037777933106,59,0.06460484862327576,-0.01596948504447937,0.9940431714057922,-1.2790583372116089,1.9077194929122925,-0.6133889555931091,0.67443001677817,279.0992813414959,0.0
84.128,82.81338516529576,-3.228877565738338,0.16067892612391702,59,0.054116521030664444,0.0086105577647686,0.9677042365074158,1.8282285928726196,-1.5338084697723389,0.3467582166194916,0.6750306115459774,279.0992813414959,0.0
84.178,82.7850479931695,-3.087206112947464,0.2932862238558824,59,0.04896213486790657,0.014695143327116966,1.0196274518966675,2.043339967727661,-3.97072696685791,-0.5716850757598877,0.6754605087305879,279.0992813414959,0.0
84.228,82.80658172718337,-3.078113505594463,0.54725775008117,59,0.05809629335999489,0.008358469232916832,0.9841870069503784,1.1635210514068604,-0.7423151731491089,0.7637169361114502,0.675385993472841,279.0992813414959,0.0
84.279,82.81362910157344,-2.9260324087232443,1.023104238696656,59,0.03893803805112839,0.03342791646718979,1.03534734249115,-0.8178099393844604,1.6720664501190186,2.9456934928894043,0.6761435262862185,279.0992813414959,0.0
84.33,82.87779045851148,-3.339300761713362,0.7895329199118245,59,0.06416834890842438,0.012803275138139725,0.9913454651832581,-2.86784029006958,-1.4251784086227417,-0.3304693102836609,0.6772295838945601,279.0992813414959,0.0
84.38,82.96886585304274,-3.4328702201134074,0.7874210497294261,59,0.06509815156459808,0.007435211446136236,0.9470087885856628,-1.7601385116577148,-0.1204598993062973,1.8887356519699097,0.6782042487256454,277.07121152067646,0.0
84.431,83.00348140890272,-3.258876052575935,0.7461016899850414,59,0.051948584616184235,0.015312743373215199,1.0246992111206055,-0.8917809724807739,-2.5038185119628906,3.6095499992370605,0.6789141794041352,277.07121152067646,0.0
84.481,83.16586263566299,-3.846565345874328,0.15291239554472816,59,0.08000356703996658,-0.01319058146327734,1.0085333585739136,0.8876866698265076,-5.028408527374268,2.214616060256958,0.6783924632735758,277.07121152067646,0.0
84.531,83.18182588317617,-3.9636630112120876,-0.05843215711574655,59,0.06390997767448425,-0.0011362012010067701,0.9914644360542297,-0.924919068813324,0.22236107289791107,0.20806743204593658,0.6777002799941019,277.07121152067646,0.0
84.582,83.2561443885827,-3.340576726598162,-0.28006405881357616,59,0.054223086684942245,-0.018412627279758453,1.0416090488433838,-2.3035075664520264,-1.043293833732605,2.242161750793457,0.6769976333737855,277.07121152067646,0.0
84.632,83.28386771472788,-3.2454833275689228,-0.548666650876571,59,0.048534467816352844,-0.01194616500288248,0.9746414422988892,-0.26500147581100464,-2.2975988388061523,1.3893420696258545,0.6763167286309216,277.07121152067646,0.0
84.682,83.31601523242676,-3.4948895613900506,-1.0206235680739906,59,0.06469036638736725,-0.02448876202106476,0.9969419836997986,-5.799691200256348,3.782146692276001,-0.8224642872810364,0.6754361515002144,277.07121152067646,0.0
84.733,83.28156057646059,-3.2884514114892043,-0.4869408963001543,59,0.048814620822668076,0.01159160491079092,0.9986706972122192,2.686708688735962,-5.852437973022461,0.32220107316970825,0.6750993566711009,277.07121152067646,0.0
84.783,83.29589127159353,-3.65614562526725,-0.41555391444074596,59,0.07306253165006638,-0.005253173410892487,0.9708173871040344,0.3671758472919464,2.172478675842285,-0.7218664288520813,0.6747401273546118,277.07121152067646,0.0
84.834,83.28082396541721,-3.6305826094425324,0.3559537507049525,59,0.06820094585418701,0.013851694762706757,0.969685971736908,0.8521592617034912,7.996204853057861,1.6403145790100098,0.6752807583303394,277.07121152067646,0.0
84.884,83.22903962135481,-3.6514734458497897,0.747951903322737,59,0.0497920848429203,0.03274910897016525,0.975179135799408,4.759157180786133,-1.2102940082550049,-0.3296297788619995,0.675707332370089,277.07121152067646,0.0
84.934,83.28713220916349,-3.448488330957169,0.5446057750106736,59,0.05935940891504288,-0.0012539825402200222,1.010668396949768,2.9332056045532227,-5.717909812927246,-0.18575285375118256,0.6760538518496404,277.0346103038309,0.0
84.985,83.34989094752925,-3.2962772578725836,0.20711620295710817,59,0.06396155059337616,-0.015199951827526093,1.002359390258789,-2.476572036743164,4.198090076446533,2.7523133754730225,0.6763561786443324,277.0346103038309,0.0
85.035,83.36902859532825,-3.534425973756406,-0.4880345962466406,59,0.07074807584285736,-0.017990240827202797,0.9699094295501709,4.47976016998291,-6.300334930419922,-0.5918421149253845,0.6771596118202019,277.0346103038309,0.0
85.086,83.35732238673293,-3.4165990593365096,-0.8224544779877047,59,0.057320065796375275,-0.018247311934828758,1.0186089277267456,-1.7785228490829468,1.2659616470336914,-0.0323840007185936,0.676855762596137,277.0346103038309,0.0
85.136,83.28932399133033,-3.444480194972064,-0.8699535552816879,59,0.05921868979930878,-0.010128350928425789,1.0069704055786133,-1.1956055164337158,0.9348145723342896,-2.9501466751098633,0.6772784458696895,277.0346103038309,0.0
85.186,83.23254327945932,-3.2202964773838154,-0.3822781673355419,59,0.0508267879486084,0.0074648065492510796,1.0212376117706299,-0.2350429743528366,-0.5474376678466797,-2.2327077388763428,0.6775109393335764,277.0346103038309,0.0
85.237,83.21952198960561,-2.891072340546912,0.15745031876677906,59,0.04264044016599655,0.0076540266163647175,1.0045685768127441,-2.110564708709717,1.5101535320281982,0.03903168812394142,0.6783462806115181,277.0346103038309,0.0
85.287,83.25007080951609,-2.921418395415782,-0.0808375866819107,59,0.05612700432538986,-0.008942629210650921,1.0108716487884521,-1.1437833309173584,-0.9089375138282776,0.5392353534698486,0.6789538199951651,277.0346103038309,0.0
85.338,83.27447519099528,-3.146041436935334,-0.35102327319457977,59,0.06379678845405579,-0.01478554680943489,1.011432409286499,-2.4922080039978027,2.1157212257385254,0.5045073628425598,0.6796254459018509,277.0346103038309,0.0
85.388,83.23631122261722,-3.2504678610659044,-0.21603782910116595,59,0.05303824320435524,0.006585209164768457,0.9496517777442932,2.621483325958252,-1.6025031805038452,-1.8391680717468262,0.6793106594371612,277.0346103038309,0.0
85.439,83.22176176842842,-2.9384126654366347,0.20278759015471579,59,0.047214895486831665,0.010450194589793682,0.9753754734992981,1.2141832113265991,-1.6889863014221191,1.748414158821106,0.6786559101125771,277.0346103038309,0.0
85.489,83.27950975834088,-3.243166173623166,-0.1934619301368294,59,0.07124777883291245,-0.01723351888358593,1.0281459093093872,-0.6397848129272461,1.2369287014007568,0.36668601632118225,0.6783355211019055,285.7155313351499,0.0
85.54,83.24262131594459,-3.4192048184651016,-0.33383350253039173,59,0.06321839988231659,-0.006733385846018791,1.0038498640060425,-0.6944195628166199,1.1991751194000244,-1.7322306632995605,0.678689385231557,285.7155313351499,0.0
85.591,83.1902402670218,-3.121411227555034,0.12554155555494464,59,0.03867713734507561,0.010754681192338467,0.9974619746208191,-3.5061075687408447,2.2151098251342773,0.142190620303154,0.6781555544043025,285.7155313351499,0.0
85.642,83.17255896956152,-3.292275378554523,0.21325331179094784,59,0.0604134202003479,0.007555664516985416,0.9557908773422241,2.3647470474243164,-0.9090848565101624,-1.6286062002182007,0.6770830623725193,285.7155313351499,0.0
85.693,83.17746776160222,-3.4247599611681783,0.10772126023902548,59,0.06621988117694855,-0.0039964825846254826,1.0040587186813354,-0.4035157859325409,2.7174837589263916,0.3931933641433716,0.675413006738077,285.7155313351499,0.0
85.743,83.15711792096873,-3.212906083669799,0.1203744741479457,59,0.051981206983327866,-0.0018653192091733217,1.0389660596847534,3.5672714710235596,-2.489351511001587,1.1625981330871582,0.6746800179152437,285.7155313351499,0.0
85.794,83.14682407651782,-3.12907991872694,0.42203151222876606,59,0.04652002826333046,0.01809949427843094,0.9483382105827332,-1.9488613605499268,3.4701948165893555,0.06347187608480453,0.6746845729641361,285.7155313351499,0.0
85.844,83.17902857667144,-3.820283405570355,0.09525094155093514,59,0.08460018783807755,-0.0037102028727531433,1.0063538551330566,-4.043185710906982,4.682492256164551,-2.545280933380127,0.6737926040316841,285.7155313351499,0.0
85.894,83.16410243526008,-3.496002772024867,0.6347922942503993,59,0.05574600398540497,0.023393627256155014,1.015294075012207,-0.0721195712685585,-4.079448699951172,1.4000036716461182,0.6737595237295072,285.7155313351499,0.0
85.945,83.16981650417222,-3.113851547236637,0.99771043065585,59,0.03649052605032921,0.029394200071692467,0.9738705158233643,2.7733094692230225,-6.481456279754639,1.3968428373336792,0.6734221828884651,285.7155313351499,0.0
85.995,83.26932352926588,-2.875866175313996,0.7563308762284249,59,0.05330486223101616,-0.0017657270655035973,1.0151166915893555,-2.0754621028900146,-3.3821983337402344,3.434711456298828,0.6720339167693724,283.85923118570656,0.0
86.046,83.35965343555321,-3.3868146618707065,-0.3090062906640805,59,0.07507044076919556,-0.024665771052241325,1.0091150999069214,-1.4431588649749756,5.988266944885254,-0.13661324977874756,0.6707784410543683,283.85923118570656,0.0
86.096,83.34535168702946,-3.4287858612744997,-0.19486570375510914,59,0.057682447135448456,0.0020122884307056665,0.9742054343223572,1.780227780342102,0.1270621418952942,0.48985326290130615,0.6700945221620521,283.85923118570656,0.0
86.146,83.31575159533962,-3.2788100359415804,0.10317186698553026,59,0.04668509215116501,0.018515625968575478,0.9811149835586548,1.5177496671676636,0.7973588109016418,-1.4173935651779175,0.6690425405604676,283.85923118570656,0.0
86.197,83.36229152959477,-2.9175136280863234,0.4234610956111427,59,0.04992194101214409,0.00026199608691968024,1.0141443014144897,-0.4338981807231903,-0.995087742805481,1.990218997001648,0.6677637157107106,283.85923118570656,0.0
86.247,83.40084852786018,-2.9571589136668526,0.1368023032783259,59,0.05622274801135063,-0.004176042973995209,1.0030436515808105,-1.1535497903823853,-0.061214201152324677,2.0009708404541016,0.6665305970227218,283.85923118570656,0.0
86.298,83.41062801002637,-3.35069855743022,-0.1825755775603421,59,0.0645277127623558,-0.005190365482121706,0.9814609289169312,-0.5442008972167969,0.09829141944646835,-1.2928049564361572,0.6654564288755531,283.85923118570656,0.0
86.348,83.39751461122341,-3.2615131926783327,-0.01949490464493934,59,0.05703173950314522,0.004656396806240082,0.9949477910995483,3.13901948928833,-2.843628406524658,1.0383020639419556,0.6654076930417098,283.85923118570656,0.0
86.399,83.40151274590734,-3.1081132781464635,0.09002411833858012,59,0.04414656385779381,0.011142918840050697,0.968453049659729,2.1089775562286377,-5.461254596710205,1.1150542497634888,0.6656976472717958,283.85923118570656,0.0
86.449,83.46654418901302,-3.247923481520344,-0.26871745611650993,59,0.06318279355764389,-0.009851797483861446,1.0095140933990479,-1.3107454776763916,0.5984387397766113,0.7702059745788574,0.6662481207102998,283.85923118570656,0.0
86.499,83.48665841333764,-3.4579401526359757,-0.599241190191148,59,0.06410136818885803,-0.025486323982477188,1.0155768394470215,-2.3997673988342285,-3.505276679992676,0.7555540204048157,0.6671218879441712,283.85923118570656,0.0
86.549,83.45757263926639,-3.425772512339209,-0.6732249211407837,59,0.050045982003211975,-0.007567116990685463,0.968925416469574,-0.9157414436340332,1.4575490951538086,-0.9631567597389221,0.6678670694065001,242.95088044485635,0.0
86.6,83.47215687022867,-2.977339952136165,-0.4389510220774881,59,0.046216100454330444,-0.008259513415396214,1.0051466226577759,1.022299885749817,1.6324777603149414,1.4683681726455688,0.6680682406599165,242.95088044485635,0.0
86.65,83.52321688743022,-3.094789566915398,-0.7170788218378777,59,0.06094896048307419,-0.017493773251771927,0.9892475605010986,1.87049400806427,-4.0218682289123535,1.752142310142517,0.6692674757176186,242.95088044485635,0.0
86.701,83.55573265645872,-3.629157160437023,-1.330180363565841,59,0.07655809819698334,-0.0382111519575119,1.0137544870376587,1.0012762546539307,0.6751238107681274,-1.335939884185791,0.670932597274714,242.95088044485635,0.0
86.751,83.49882554684432,-3.4832473845839123,-1.1861453833199878,59,0.05196477472782135,-0.012854015454649925,1.0084139108657837,-0.7639934420585632,0.7854999899864197,-0.2812226712703705,0.6718883001896813,242.95088044485635,0.0
86.802,83.46617946516625,-3.47425723494066,-0.7739146837831177,59,0.05977606400847435,-0.002299209823831916,0.985962986946106,0.33854940533638,-0.09232304245233536,-2.5313642024993896,0.673322044328784,242.95088044485635,0.0
86.852,83.43558168068625,-3.1677749601904246,-0.02489416162722656,59,0.04670874401926994,0.016399245709180832,0.9755715727806091,-0.6081347465515137,0.5109850168228149,1.1437162160873413,0.6744517680055913,242.95088044485635,0.0
86.902,83.46814088118595,-3.195074155681596,-0.06187719971816216,59,0.05568839609622955,-0.0011470364406704903,0.9873671531677246,3.043649435043335,-0.5564568638801575,0.05804940313100815,0.675516424581098,242.95088044485635,0.0
86.953,83.51159959143156,-3.376479431024943,-0.32467829328961484,59,0.07438862323760986,-0.014729737304151058,0.9913343191146851,1.633230447769165,0.8678064942359924,0.8080167174339294,0.6769774704623873,242.95088044485635,0.0
87.003,83.50604266148484,-3.337733378920431,-0.512557608285008,59,0.05832623317837715,-0.010891657322645187,1.021225929260254,0.7617244720458984,-1.269228458404541,0.052803657948970795,0.6774771636588,242.95088044485635,0.0
87.054,83.50774735897366,-3.3891433277324916,-0.4787628086716937,59,0.05596664547920227,-0.003638739697635174,0.9882996678352356,0.15592311322689056,0.7879315614700317,-0.409096360206604,0.6776949122646138,242.95088044485635,0.0
87.104,83.54287592282914,-3.3498302319733972,-0.31494084449126414,59,0.0645330399274826,-0.006975126918405294,0.9866889119148254,-0.7206657528877258,1.1453083753585815,0.3359600603580475,0.6774851309281701,285.03594971117906,0.0
87.154,83.5546761411518,-2.9332363245122544,0.1586535692615218,59,0.042002201080322266,0.009111040271818638,1.0077366828918457,-0.7565619945526123,-0.8963848352432251,3.3256945610046387,0.6767352465099387,285.03594971117906,0.0
87.205,83.63428713357814,-3.0777963313362355,-0.25011674067267825,59,0.0542345754802227,-0.011366098187863827,0.9784454107284546,1.0012625455856323,-2.3100626468658447,1.935455560684204,0.6762132842248807,285.03594971117906,0.0
87.255,83.70265585942896,-3.068607431319513,-0.7285689339050253,59,0.05386790260672569,-0.021586433053016663,0.9848889708518982,0.8513308763504028,-0.6260195970535278,0.3469185531139374,0.676248074189182,285.03594971117906,0.0
87.305,83.71341612922814,-2.5608643730374108,-0.4606481023175401,59,0.03287040442228317,0.002353926654905081,1.0457215309143066,-2.728351593017578,2.620837450027466,1.7642853260040283,0.6765096803139332,285.03594971117906,0.0
87.356,83.81986956873747,-2.744038859408214,-0.5331586859844779,59,0.06269601732492447,-0.027547840029001236,0.9877083897590637,2.31148099899292,-4.863851070404053,3.574594497680664,0.6779061011128767,285.03594971117906,0.0
87.406,83.83442541898418,-3.2192705521868197,-1.3392214545766061,59,0.05967729911208153,-0.03462116792798042,0.9730871915817261,0.7776588797569275,1.0266156196594238,-1.9510682821273804,0.6793343243573559,285.03594971117906,0.0
87.456,83.7841995284527,-2.824985327528313,-1.152382277710476,59,0.038342785090208054,-0.007624533958733082,1.034754991531372,1.2744174003601074,-2.1713178157806396,-0.4125639796257019,0.6809418284786677,285.03594971117906,0.0
87.507,83.8164286194017,-2.435753081648534,-0.9126530633079901,59,0.04540843516588211,-0.016942426562309265,1.1120525598526,0.8581485152244568,-7.987749099731445,1.1733447313308716,0.6819139923578075,285.03594971117906,0.0
87.557,83.87288110728312,-2.602098308466006,-0.8889865405755399,59,0.04818432405591011,-0.009989370591938496,1.1676249504089355,-13.403853416442871,-1.8781293630599976,2.9775900840759277,0.6840104233995281,285.03594971117906,0.0
87.607,83.98706142437409,-3.7139402341575143,-0.9119317170266346,59,0.08930949866771698,-0.020009564235806465,1.0716118812561035,-12.088741302490234,-2.7872745990753174,3.5621774196624756,0.6859234182334032,268.9863400243699,0.0
87.657,84.03215638303972,-5.171300294795911,-1.308424084594261,59,0.10578930377960205,-0.024921640753746033,1.0518368482589722,-11.786114692687988,1.5653995275497437,-2.0434772968292236,0.6903565286321894,268.9863400243699,0.0
87.708,83.99333114250804,-5.031007573056729,-0.7175893628696877,59,0.07105816900730133,-0.011951840482652187,1.0465768575668335,-13.769246101379395,-0.02980555221438408,0.8017430901527405,0.6944110863711543,268.9863400243699,0.0
87.758,83.95784138211827,-5.496817187584796,-0.5026707212970345,59,0.07366234809160233,0.0025705064181238413,0.8709827661514282,-13.747984886169434,-3.3496525287628174,-1.5815365314483643,0.7012345432690901,268.9863400243699,0.0
87.809,83.93938369394826,-5.312339629897763,-0.46287181044433184,59,0.08005975186824799,-0.0036268180701881647,1.0128225088119507,-21.858230590820312,8.904764175415039,-2.996778964996338,0.7064834551309117,268.9863400243699,0.0
87.859,83.94714946107096,-5.003527235982547,0.48482879517082994,59,0.08541795611381531,0.015650581568479538,0.9064570069313049,-1.1186069250106812,-11.686367988586426,4.458306312561035,0.7149829900043575,268.9863400243699,0.0
87.909,84.06163512309918,-5.8291434020642745,-0.40192791548009554,59,0.1056859940290451,-0.020387249067425728,0.9461967945098877,-15.12794303894043,0.2061627209186554,1.855958104133606,0.7209556361976144,268.9863400243699,0.0
87.959,84.15821694961919,-6.678402416432939,-1.3540595419453334,59,0.14253555238246918,-0.052823469042778015,0.9804617166519165,-8.429146766662598,5.290356636047363,1.4404269456863403,0.7301022671300903,268.9863400243699,0.0
88.01,84.15687461982361,-7.3001394411603355,-1.6737542782306025,59,0.13354207575321198,-0.033316075801849365,0.9678223729133606,-4.237377166748047,-5.148379325866699,1.9950534105300903,0.7366668785110386,268.9863400243699,0.0
88.06,84.14491848716706,-7.983117502951073,-2.000276136729438,59,0.1331900656223297,-0.032645005732774734,0.9068130850791931,-6.140789985656738,4.667987823486328,-1.715728998184204,0.740940266522768,268.9863400243699,0.0
88.111,84.11831964315407,-7.843684891054213,-1.843913596288027,59,0.1329735964536667,-0.026227127760648727,1.0363179445266724,-8.056317329406738,-3.016613483428955,-2.282770872116089,0.7478860811591321,268.9863400243699,0.0
88.161,84.12560806469656,-7.906753909561617,-1.4618388409279428,59,0.1383478045463562,-0.02751401998102665,0.8938149213790894,1.3497837781906128,-6.353463649749756,1.7951873540878296,0.7519294822135454,285.5015996188142,0.0
88.211,84.0619315427608,-7.733021201200072,-1.2056169514907107,59,0.11547844856977463,-0.0059240288101136684,0.9465254545211792,-6.129293441772461,3.671919584274292,-1.6276171207427979,0.7575800593556995,285.5015996188142,0.0
88.262,84.12525840568574,-7.50194823438493,-1.3795768041613088,59,0.13688118755817413,-0.037586525082588196,0.9756088256835938,-1.5306456089019775,-2.911302089691162,2.072129249572754,0.7608989636668982,285.5015996188142,0.0
88.312,84.14266226559087,-7.889279273295964,-1.7926290707215622,59,0.13814471662044525,-0.03276565670967102,0.984980583190918,1.3457651138305664,-3.424180507659912,-0.07341627776622772,0.7654239591360842,285.5015996188142,0.0
88.362,84.15751970237973,-8.179901697137815,-1.6421686893682825,59,0.1435125321149826,-0.0231575146317482,0.9316360354423523,-2.270221471786499,3.1528077125549316,0.3537992537021637,0.7677356589908995,285.5015996188142,0.0
88.413,84.14974275349344,-7.845287346352287,-1.2391634247921388,59,0.12181161344051361,-0.011256588622927666,0.9765664339065552,-1.589318871498108,0.6507973670959473,0.8737238645553589,0.770383912457634,285.5015996188142,0.0
88.463,84.2335060781591,-7.9725243873893,-1.627672707455279,59,0.15110062062740326,-0.04194554686546326,1.0386662483215332,0.6776300072669983,-1.0745675563812256,0.43986615538597107,0.7712773050792667,285.5015996188142,0.0
88.514,84.27319161823632,-7.874744250045435,-1.7842693105641412,59,0.13681045174598694,-0.03732769936323166,1.0082648992538452,3.0914700031280518,-5.86337947845459,2.5064122676849365,0.7729569763005756,285.5015996188142,0.0
88.565,84.30717402570585,-8.175400703093421,-2.3593516654528113,59,0.1522361934185028,-0.05591491982340813,0.9707103967666626,-4.583019733428955,0.029471492394804955,1.0206118822097778,0.7737223153509963,285.5015996188142,0.0
88.615,84.26707194881841,-8.721277312899279,-2.567639258094184,59,0.15224604308605194,-0.035122100263834,0.9387966394424438,-1.8370424509048462,5.266892910003662,-3.311870813369751,0.7743974256313989,285.5015996188142,0.0
88.666,84.18440994689885,-8.162686474749687,-1.422421083634972,59,0.12738919258117676,0.00028375728288665414,1.0128494501113892,5.891192436218262,3.40240478515625,-2.3234219551086426,0.7750551173841732,285.5015996188142,0.0
88.716,84.21698131669781,-7.6762169252025805,-0.7122949180766912,59,0.1359531432390213,-0.00782279297709465,1.0083205699920654,2.463639259338379,-2.714285373687744,1.7719690799713135,0.7756654067907555,285.81287904599657,0.0
88.766,84.27541036097432,-7.912955950199372,-0.5049015986738129,59,0.1501634269952774,-0.014249715954065323,0.9931252598762512,0.7920398116111755,-3.5464060306549072,3.2320234775543213,0.7759823388015588,285.81287904599657,0.0
88.817,84.28270308886961,-8.227632791649,-0.7116882145358909,59,0.14290279150009155,-0.012291946448385715,0.9950848817825317,-2.183499574661255,4.617341041564941,0.20108960568904877,0.7754553214974894,285.81287904599657,0.0
88.867,84.31298986306771,-8.043116501703713,-1.0274399857198413,59,0.1417890191078186,-0.023133959621191025,1.0097917318344116,-1.7696282863616943,-1.610481858253479,-0.7888491749763489,0.7747047583229902,285.81287904599657,0.0
88.918,84.36118972898416,-8.155463336755993,-1.447551676067332,59,0.15611517429351807,-0.05023913457989693,0.9895191192626953,0.656399130821228,6.39727258682251,1.06235933303833,0.7732839235571943,285.81287904599657,0.0
88.968,84.22706063472236,-7.903519832162226,-0.8513014977111413,59,0.10887087881565094,0.013200616464018822,0.8887472152709961,6.1658124923706055,2.239658832550049,-1.8032422065734863,0.7722975082760749,285.81287904599657,0.0
89.018,84.243177012388,-7.325705742100318,-0.7025398341025378,59,0.12712474167346954,-0.021948158740997314,1.0309669971466064,5.754544258117676,1.247092843055725,-0.3961239159107208,0.7707359981393661,285.81287904599657,0.0
89.068,84.21705847016804,-6.932062668150375,-0.5055215271542295,59,0.10729438811540604,-0.0032316013239324093,1.042423963546753,0.634063184261322,-4.5832719802856445,0.4647482633590698,0.7696293231707345,285.81287904599657,0.0
89.119,84.24797735231009,-7.211259878499629,-0.18089622858436807,59,0.13646113872528076,0.004252320155501366,0.9822636246681213,-5.792017459869385,6.605954647064209,0.3059960901737213,0.7673678248969313,285.81287904599657,0.0
89.169,84.28214778288029,-7.439401301149849,0.16942231281078954,59,0.13981278240680695,0.002797499531880021,0.9735788106918335,2.8461763858795166,-0.5883859992027283,2.853039503097534,0.7647222595471328,285.81287904599657,0.0
89.219,84.27836325967871,-7.27346905622697,0.08019524600630061,59,0.10385729372501373,0.00532037578523159,1.0031354427337646,-1.7362362146377563,-1.8723278045654297,-0.641906201839447,0.7627306612390736,262.3899906162027,0.0
89.27,84.36652938892104,-7.1553741483961595,-0.2437967571114022,59,0.1391906887292862,-0.02066236548125744,0.9791611433029175,-1.9983165264129639,-2.1681840419769287,3.0661449432373047,0.7589955238644241,262.3899906162027,0.0
89.32,84.39416638574713,-7.602375679265148,-0.8493159265784301,59,0.1482374668121338,-0.023857681080698967,0.9973974227905273,2.0560827255249023,-4.456609725952148,0.858940064907074,0.7559933702942271,262.3899906162027,0.0
89.37,84.34970390115367,-7.57831839403721,-0.844183181932268,59,0.11608399450778961,-0.0047917175106704235,0.9991583228111267,-3.6781883239746094,3.2354989051818848,-1.3130724430084229,0.7515596396092639,262.3899906162027,0.0
89.421,84.34375141990542,-7.034580845959439,-0.6467405890952492,59,0.10785596817731857,-0.014322260394692421,1.0283377170562744,1.3235490322113037,-1.8005393743515015,-0.027137858793139458,0.7485485967577041,262.3899906162027,0.0
89.472,84.35544642066586,-7.086820614102747,-0.7188394633195939,59,0.12848955392837524,-0.0110612278804183,0.9321993589401245,3.437143564224243,-3.633356809616089,0.07414854317903519,0.7444641446452277,262.3899906162027,0.0
89.523,84.3495136804877,-7.4125811058469555,-1.494992832135145,59,0.13855686783790588,-0.04061967134475708,0.9840662479400635,-2.9712471961975098,1.9691600799560547,-1.8148620128631592,0.7418226697974444,262.3899906162027,0.0
89.574,84.18345956310353,-7.249037023121936,-1.508648330246616,59,0.10622352361679077,-0.00806815642863512,0.9913607835769653,3.8745524883270264,-1.5406440496444702,-4.18853759765625,0.7387873372064785,262.3899906162027,0.0
89.625,84.18577299487887,-6.804554671711497,-1.1546357386616646,59,0.1354569047689438,-0.033011145889759064,1.0204417705535889,-2.3367555141448975,-2.6440513134002686,-1.7442303895950317,0.7368439378516253,262.3899906162027,0.0
89.675,84.06533204394674,-6.672236528638569,-0.6950205070068515,59,0.09798581153154373,0.013776200823485851,0.9789643287658691,-0.5188758373260498,-3.7624754905700684,1.4623996019363403,0.7342409731611521,262.3899906162027,0.0
89.725,84.09165176079105,-6.783076848303377,-0.6672955868135656,59,0.12518680095672607,-0.012604758143424988,1.0140243768692017,-1.9754551649093628,-0.3611581325531006,-0.22866874933242798,0.7328906648639782,262.3899906162027,0.0
89.776,84.17193945950301,-7.2580091048325865,-1.0456822528346619,59,0.15545983612537384,-0.04488619789481163,0.964974045753479,1.1444681882858276,-2.1692185401916504,0.4453964829444885,0.7303795352404128,285.7739320024528,0.0
89.827,84.07939866244891,-7.3997139619771435,-0.9102988738646159,59,0.09992177784442902,0.011272750794887543,0.9984898567199707,-0.2384730875492096,2.8746347427368164,-0.5839359164237976,0.7288921814697215,285.7739320024528,0.0
89.877,84.16307490933936,-7.255810795299136,-1.0151430134025299,59,0.13900138437747955,-0.033950693905353546,1.0229288339614868,0.8420968055725098,-1.4474810361862183,1.3670320510864258,0.7266153080108024,285.7739320024528,0.0
89.927,84.18703581186757,-7.957983091752753,-1.2279307493385263,59,0.15105940401554108,-0.02527775801718235,0.941056489944458,-2.594547748565674,1.908303141593933,0.22430410981178284,0.7245155535806284,285.7739320024528,0.0
89.978,84.16369914649557,-8.070626493402484,-1.1449924614109952,59,0.133214071393013,-0.01538475975394249,0.9662491083145142,0.7747083306312561,-1.4736623764038086,-1.0043941736221313,0.7231495879623682,285.7739320024528,0.0
90.028,84.1515838368823,-7.666115390713684,-0.8682279773401793,59,0.13217569887638092,-0.009974192827939987,0.982161819934845,0.7031164169311523,-0.3315047025680542,0.6983929872512817,0.7206492828137618,285.7739320024528,0.0
90.078,84.15019367806217,-7.819968569571605,-0.919935471337268,59,0.13882310688495636,-0.01752111129462719,0.9946978688240051,1.0721989870071411,-4.123216152191162,-0.6019809246063232,0.7186810864525379,285.7739320024528,0.0
90.129,84.14459010949865,-7.660370214071994,-0.9859829456851734,59,0.12763293087482452,-0.0202113538980484,0.9928086996078491,-2.741497755050659,1.6558855772018433,-0.0508245974779129,0.7166684998601389,285.7739320024528,0.0
90.179,84.16761696281358,-7.726885975323815,-1.2571214387304515,59,0.14537467062473297,-0.03415463864803314,1.006880283355713,2.0204849243164062,-3.2423391342163086,1.2775977849960327,0.71561410453734,285.7739320024528,0.0
90.229,84.0849606899745,-7.792061822063029,-1.3767447469298915,59,0.1219748854637146,-0.012274207547307014,0.9709240794181824,-0.7034754753112793,1.3982369899749756,-3.0014727115631104,0.713845000079102,285.7739320024528,0.0
90.28,84.06330636135101,-7.104747867590295,-1.0166778318684309,59,0.11018022894859314,-0.013306310400366783,0.9987255334854126,-0.5251016020774841,2.193148136138916,-0.07350913435220718,0.712826035908303,285.7739320024528,0.0
90.331,84.05988667873281,-7.046998296200119,-0.6765746109700598,59,0.12886273860931396,-0.008253245614469051,0.9630532264709473,4.899291038513184,-6.231953144073486,0.25005093216896057,0.7104629700586529,280.25551249498864,0.0
90.382,84.07388347282792,-7.1449210868665975,-0.7664916193289637,59,0.12629938125610352,-0.012636302039027214,1.0085395574569702,-2.1998136043548584,0.122942715883255,-0.3295680284500122,0.709307431592788,280.25551249498864,0.0
90.432,84.0606101864459,-7.338810109810869,-0.8202181062425646,59,0.13333985209465027,-0.010675102472305298,1.0382399559020996,-4.671701908111572,7.4199604988098145,-2.3868987560272217,0.7076501410209098,280.25551249498864,0.0
90.483,84.10245012513951,-7.091961552503731,0.10242486364751202,59,0.12282352149486542,0.0008376173209398985,0.9660555720329285,-0.9375544190406799,-3.7591140270233154,6.280988693237305,0.706281824479102,280.25551249498864,0.0
90.533,84.14858018369763,-7.637826783863176,-0.3387396577839419,59,0.12785175442695618,-0.00457880599424243,0.9338096976280212,3.320291757583618,-2.5325658321380615,0.2195684164762497,0.7044518274212841,280.25551249498864,0.0
90.584,84.23660812697797,-7.299111474812872,-0.5181850183471608,59,0.1374649554491043,-0.02816716581583023,1.0303459167480469,-4.676011085510254,5.072062015533447,2.5545814037323,0.7032795081725219,280.25551249498864,0.0
90.634,84.24995338959911,-7.25869746349639,-1.0457930483781035,59,0.10982213169336319,-0.022259674966335297,0.9738219380378723,3.9033544063568115,-8.1539945602417,1.7752654552459717,0.7020358126397306,280.25551249498864,0.0
90.684,84.25354285699247,-7.089014840326768,-1.7069436581746267,59,0.12742391228675842,-0.027290383353829384,0.9814804196357727,-0.4850509762763977,-1.861826777458191,-1.3480850458145142,0.7012003740921745,280.25551249498864,0.0
90.734,84.24824628342286,-7.151133973731785,-2.0570086046278275,59,0.13443902134895325,-0.05162465572357178,1.0051299333572388,-3.205996513366699,2.9895224571228027,0.5312239527702332,0.6994717029001222,280.25551249498864,0.0
90.785,84.18078231954377,-7.242608198476513,-2.238205579411438,59,0.10936959832906723,-0.0254915002733469,0.9934676289558411,3.330289125442505,-0.4617792069911957,-3.24149751663208,0.6982915191021671,280.25551249498864,0.0
90.835,84.15648640019558,-6.891519109113435,-2.0249354852895025,59,0.13086974620819092,-0.04691935330629349,1.0159271955490112,-1.648226022720337,1.0909093618392944,1.2790831327438354,0.6966140240774181,283.8208147245906,0.0
90.886,84.06170395235324,-7.1570391835260905,-1.9265808150264492,59,0.11745918542146683,-0.014330698177218437,1.009650468826294,-1.2311203479766846,0.25448474287986755,-4.3343505859375,0.695954059010282,283.8208147245906,0.0
90.936,84.07126475752453,-6.974600821369793,-1.4250894025057768,59,0.13368579745292664,-0.032952599227428436,0.9958131313323975,-2.3730783462524414,-2.8146045207977295,1.4170255661010742,0.6956326509750718,283.8208147245906,0.0
90.986,83.99344482516568,-7.476318023613952,-1.336817758073849,59,0.13844232261180878,-0.013566646724939346,0.941688597202301,-2.117812395095825,1.1071691513061523,-0.6500948071479797,0.695958243422613,283.8208147245906,0.0
91.037,83.92938307869288,-7.554834426032443,-1.18282418444973,59,0.12323358654975891,-0.009360600262880325,0.9780924320220947,4.008426666259766,-5.736847400665283,-2.475637912750244,0.6959425173984142,283.8208147245906,0.0
91.087,83.88165608411323,-6.968220852562232,-0.5581316869303458,59,0.11420590430498123,0.0126083018258214,0.9884122610092163,4.898046493530273,4.662522792816162,-1.1313928365707397,0.6958798261753858,283.8208147245906,0.0
91.137,83.91649851726099,-6.773761611370923,-0.26287072633819686,59,0.12250685691833496,-0.003576696151867509,1.0016131401062012,1.6524527072906494,6.372485637664795,2.427626371383667,0.6958575159790372,283.8208147245906,0.0
91.188,83.95579747877703,-7.200375769767479,-0.6571497255093526,59,0.1341182440519333,-0.023434830829501152,0.9870129823684692,1.1555721759796143,0.8517143130302429,-0.1510906219482422,0.695405928491689,283.8208147245906,0.0
91.238,83.96746500906765,-7.034681552356616,-1.0476771077340499,59,0.11725813150405884,-0.0282561294734478,0.977221667766571,0.3609628975391388,-0.48073747754096985,0.12067121267318726,0.6952129266439409,283.8208147245906,0.0
91.288,83.96936355427489,-7.166930272554783,-1.527030987403698,59,0.12578485906124115,-0.03767545893788338,1.0089223384857178,-0.40655431151390076,4.8450117111206055,-1.3291500806808472,0.694840349472614,283.8208147245906,0.0
91.339,83.93589850100244,-7.17357274047451,-1.6703205725784867,59,0.12207157909870148,-0.026864079758524895,1.0065032243728638,-2.335946798324585,2.919027805328369,-1.308133840560913,0.6949902795782636,283.8208147245906,0.0
91.389,83.85633529612457,-6.971450668391342,-1.308627713082497,59,0.10627499222755432,-0.0053317188285291195,0.9978340864181519,-1.272660732269287,3.6553122997283936,-3.0158326625823975,0.695655019185305,289.2224520755758,0.0
91.44,83.84789899524091,-6.6170119900039825,-0.555765043952168,59,0.11473798006772995,-0.006565499119460583,0.9791554808616638,0.8555315732955933,-1.9185638427734375,1.469346046447754,0.6960956277466074,289.2224520755758,0.0
91.49,83.86203147198418,-6.858830888221173,-0.6943042950346872,59,0.12616407871246338,-0.01654735393822193,0.9794084429740906,-2.042839527130127,-2.2000725269317627,0.6539439558982849,0.6958930069235192,289.2224520755758,0.0
91.54,83.85291843624437,-7.215241127711017,-1.2187692501759422,59,0.12820126116275787,-0.029958609491586685,0.9955531358718872,-0.4642012119293213,1.2880555391311646,-2.2057247161865234,0.6946305805087265,289.2224520755758,0.0
91.592,83.81566746394925,-7.361828347766684,-1.1998609316841071,59,0.14246831834316254,-0.023927688598632812,0.9594288468360901,-0.4086940884590149,1.6361528635025024,-0.82761549949646,0.6922402702477558,289.2224520755758,0.0
91.642,83.74263992476784,-7.247208210966788,-0.9001298764966154,59,0.1126384511590004,-0.002859145635738969,1.016635537147522,-0.6527079939842224,-0.7776636481285095,0.7122048735618591,0.6901307573525725,289.2224520755758,0.0
91.693,83.70578546918638,-7.070801115358198,-0.34098528636153574,59,0.11248505860567093,0.01801421120762825,0.9640334248542786,2.819305181503296,-3.45870041847229,-0.39644142985343933,0.6856326552714844,289.2224520755758,0.0
91.743,83.79253916540488,-7.004920414054125,-0.22579190656786763,59,0.13888707756996155,-0.01789739727973938,1.0427156686782837,-1.9030449390411377,3.2631804943084717,1.2324751615524292,0.6829598668659628,289.2224520755758,0.0
91.793,83.82309900138289,-7.342075482499087,-0.4291998098905646,59,0.13087598979473114,-0.01008506491780281,0.986057698726654,0.5964428782463074,-3.148327112197876,2.5214574337005615,0.6792168786667453,289.2224520755758,0.0
91.844,83.83633434319343,-7.480032852291387,-0.8904646696741527,58,0.1234150230884552,-0.022430045530200005,0.9552692770957947,-0.5443171858787537,3.1375205516815186,-1.1128041744232178,0.6768149128954432,289.2224520755758,0.0
91.894,83.82869431134286,-6.982941260927206,-0.5566724582603332,58,0.12088260799646378,-0.009838595055043697,0.9285014271736145,-1.8865201473236084,0.7977644205093384,2.417560338973999,0.672739737454307,286.53531903265474,0.0
91.944,83.86223785072475,-7.051992210891999,-1.0394802904493339,58,0.11727489531040192,-0.021210912615060806,1.0259703397750854,3.1525166034698486,-2.3399341106414795,-1.1089997291564941,0.6698135598547799,286.53531903265474,0.0
91.995,83.89010029065756,-6.916061448628642,-1.0707586170401135,58,0.1262732446193695,-0.021976029500365257,1.0480899810791016,2.2818076610565186,3.9678683280944824,0.2573263645172119,0.6662278859801793,286.53531903265474,0.0
92.045,83.86942992731136,-6.892723153052284,-0.5812498034008684,58,0.11486689746379852,0.0016416592989116907,1.006768822669983,0.38050660490989685,0.19684678316116333,1.352023720741272,0.6615964767297383,286.53531903265474,0.0
92.095,83.89080292595851,-6.869516105881302,-0.5144679969173677,59,0.11536083370447159,-0.005568947643041611,0.9858719110488892,-1.239029884338379,-0.3397280275821686,0.7251765727996826,0.658873696602476,286.53531903265474,0.0
92.146,83.92135156560774,-7.101705205128468,-0.5442404665749799,59,0.1315203756093979,-0.008168663829565048,0.9717912673950195,-2.023723840713501,4.210445404052734,-1.1442937850952148,0.6563504410223391,286.53531903265474,0.0
92.196,83.94931420745085,-6.99047203583175,-0.16849422933288496,59,0.11912525445222855,-0.0022024577483534813,0.9620459079742432,1.7839716672897339,-3.277226448059082,2.5918943881988525,0.6526108947872917,286.53531903265474,0.0
92.247,84.00936751860645,-6.944271939533631,-0.37338659776154187,59,0.11867739260196686,-0.011242402717471123,0.9926759600639343,-0.2006421834230423,-3.4026589393615723,2.4450697898864746,0.6493048576122481,286.53531903265474,0.0
92.297,84.08293020730127,-6.693945170079654,-0.8905650931160506,59,0.11070220172405243,-0.029200464487075806,1.009486198425293,0.7561215758323669,-2.265651226043701,1.6553713083267212,0.6467109511146253,286.53531903265474,0.0
92.347,84.12093607960435,-6.765478280552811,-1.3842588011258627,59,0.12219313532114029,-0.031398024410009384,1.02229905128479,-2.6644725799560547,6.062384128570557,0.4100106954574585,0.6430819880732114,286.53531903265474,0.0
92.398,84.1043654599182,-7.308879562001987,-1.5693075607691036,59,0.143260657787323,-0.02576793171465397,0.9884377121925354,-1.987673044204712,-0.26385098695755005,-3.1431591510772705,0.6422102131162848,286.53531903265474,0.0
92.449,84.07248712136958,-7.301820284464674,-0.8717355249743993,59,0.1293027102947235,-0.009953279979526997,0.998808741569519,-4.790097713470459,0.5281426310539246,2.9550042152404785,0.6416664694523632,269.5568123393316,0.0
92.499,84.05868523302463,-7.67112401523399,-0.9246256301878027,59,0.12360597401857376,-0.009972973726689816,0.9573994874954224,0.6388107538223267,-2.837712049484253,-1.3226730823516846,0.6417802109633408,269.5568123393316,0.0
92.549,84.06687909616466,-7.409584039156343,-0.8747634176738861,59,0.1272420734167099,-0.010456959716975689,0.9822726845741272,-2.478125810623169,-1.610540747642517,0.8689566850662231,0.6432226382404939,269.5568123393316,0.0
92.6,84.11576657856816,-7.706011654533972,-1.0614694824822721,59,0.1481160968542099,-0.026733603328466415,0.9747028350830078,0.7187645435333252,0.1855679154396057,-0.3287172019481659,0.64590517766514,269.5568123393316,0.0
92.651,84.10989764206816,-7.627707094245208,-1.1627881852720712,59,0.12492842227220535,-0.023322533816099167,0.9573632478713989,3.3592846393585205,1.7751344442367554,1.0320327281951904,0.6503582992441317,269.5568123393316,0.0
92.702,84.13563539030437,-7.163456718824712,-1.2718726984806543,59,0.1232319250702858,-0.032330505549907684,0.9927391409873962,-0.9722023010253906,-2.6846706867218018,3.7631983757019043,0.6534616130461401,269.5568123393316,0.0
92.752,84.12697705569512,-7.702007699397777,-1.993850685925861,59,0.15055187046527863,-0.04466893523931503,1.0299702882766724,-2.195128917694092,2.825881004333496,-3.2251925468444824,0.6563887561280308,269.5568123393316,0.0
92.802,84.06502792542842,-7.562346557189201,-1.6346760014879316,59,0.12722836434841156,-0.024455079808831215,0.9799473285675049,1.306538462638855,-0.714008092880249,-1.144047737121582,0.6580510966973332,269.5568123393316,0.0
92.853,83.99895292360014,-7.216702266918811,-1.2375422517512498,59,0.11538514494895935,-0.005468488205224276,0.97993004322052,-1.579372763633728,0.05692918971180916,-0.45115894079208374,0.6599835576155263,269.5568123393316,0.0
92.905,84.00453555200704,-7.518308178300002,-1.0763089025729609,59,0.14542841911315918,-0.020752718672156334,0.9802446961402893,2.422710657119751,-1.4606536626815796,-1.8060024976730347,0.6604114260634576,269.5568123393316,0.0
92.955,83.95505600164124,-7.187332372475407,-0.6870779704110924,59,0.11941289156675339,-0.006505636498332024,1.0071232318878174,-0.9383609294891357,1.171759843826294,-0.4662643373012543,0.660786905421073,269.5568123393316,0.0
93.005,83.98825194103783,-7.267987195503883,-0.6298066415547637,59,0.13950900733470917,-0.021575620397925377,0.9818549752235413,-1.960741400718689,-0.13219276070594788,1.3655643463134766,0.6618840960848581,285.98827219419064,0.0
93.056,83.9984231450466,-7.602426162604859,-0.8609708970609697,59,0.1348152458667755,-0.02055465802550316,0.9852877259254456,-1.1713320016860962,-0.7048755288124084,0.6198936700820923,0.6624251798070593,285.98827219419064,0.0
93.106,83.96031404596935,-7.178272904951619,-0.7857381628584257,59,0.1020699292421341,-0.0031725075095891953,1.0072979927062988,0.8459621667861938,-3.663586139678955,-0.8179358839988708,0.6629670665107561,285.98827219419064,0.0
93.156,84.03649419815046,-7.142509964808018,-0.8088721310640276,59,0.1368483603000641,-0.031068000942468643,0.9637404084205627,-1.8705835342407227,-0.4467830955982208,2.177518129348755,0.6637691953742029,285.98827219419064,0.0
93.207,84.02988871681838,-7.253687935092145,-1.0119277135811888,59,0.11991743743419647,-0.014035717584192753,1.0012542009353638,-2.256486654281616,2.7959439754486084,0.7032338380813599,0.6652570684541751,285.98827219419064,0.0
93.257,84.06317832980868,-7.464188627891318,-1.1899330697034858,59,0.13535265624523163,-0.03345050662755966,1.0068720579147339,-0.15233184397220612,1.485371708869934,-0.15747448801994324,0.66604185268158,285.98827219419064,0.0
93.307,84.03751438441182,-7.391388332992164,-1.1611172433725094,59,0.12092269212007523,-0.010943911969661713,0.9719002842903137,1.0754008293151855,-2.024484157562256,-0.29252299666404724,0.6667045070063294,285.98827219419064,0.0
93.357,84.04183756987705,-7.434634967509724,-0.948262333068518,59,0.13000980019569397,-0.01154679711908102,0.973980724811554,-1.527645230293274,-0.054893698543310165,-0.19702626764774323,0.6673284960800443,285.98827219419064,0.0
93.408,84.05124616440811,-7.291100408948865,-0.6470631089486811,59,0.1235605999827385,-0.00797458179295063,1.0265153646469116,1.3064932823181152,-0.5705422759056091,0.29194700717926025,0.6684548346328022,285.98827219419064,0.0
93.458,84.09793222609879,-7.499719644721072,-0.7278759013710068,59,0.14772328734397888,-0.028287118300795555,0.9548996090888977,-0.18509353697299957,0.6801887154579163,1.9210981130599976,0.669333785723892,285.98827219419064,0.0
93.509,84.05711358240981,-7.440410164005473,-0.7047452164880571,59,0.11590246856212616,0.00015732101746834815,0.9944202303886414,-0.4027917981147766,0.14990569651126862,-0.17476646602153778,0.6704271406439487,285.24918389553864,0.0
93.559,84.07573218128209,-7.769567670752395,-1.0055131276482503,59,0.15034104883670807,-0.029429182410240173,0.9749113917350769,0.8743126392364502,1.6330772638320923,-2.110757350921631,0.6720024015284257,285.24918389553864,0.0
93.61,83.9700764446788,-7.408934736512881,-0.5279648713310128,59,0.10950127989053726,0.0023452402092516422,1.0432593822479248,-0.9288567304611206,2.0393660068511963,-0.9501904249191284,0.6735327641336336,285.24918389553864,0.0
93.66,83.87175481970596,-7.140731387656713,-0.2346846410984577,59,0.11514225602149963,0.010100658982992172,0.9316329956054688,0.7944895029067993,-3.637622594833374,-3.462698221206665,0.6745577142138843,285.24918389553864,0.0
93.71,83.72573806497566,-7.839414653456685,-1.2200252831788647,59,0.16379818320274353,-0.041308581829071045,1.0055636167526245,-5.25342321395874,9.32143497467041,-10.867643356323242,0.6747330304278325,285.24918389553864,0.0
93.761,83.43148597068546,-7.351526438031986,-0.0851011884416911,59,0.08996109664440155,0.05546232685446739,0.9741533398628235,6.472273349761963,0.05846492201089859,0.39911019802093506,0.6743761090171163,285.24918389553864,0.0
93.811,83.27591677585534,-7.547321328549552,-0.6667979418725897,59,0.12764136493206024,-0.008099649101495743,1.0139875411987305,6.1925177574157715,-4.814603805541992,-12.810272216796875,0.6731840885663056,285.24918389553864,0.0
93.862,83.20470176825425,-7.648133601194503,-1.2078233154919558,59,0.17730945348739624,-0.08770792186260223,1.0264960527420044,-7.0515828132629395,1.9479211568832397,-4.157193660736084,0.6727623505029537,285.24918389553864,0.0
93.912,82.87053180753574,-8.20552687222243,-2.233588858839827,59,0.14233504235744476,-0.03431282564997673,0.9913289546966553,4.718019485473633,1.9493545293807983,-3.1107561588287354,0.6722508812410158,285.24918389553864,0.0
93.963,82.60910885240558,-8.426115382844579,-1.617657579807085,59,0.1281318962574005,0.01171836443245411,0.9465161561965942,4.128237247467041,8.610848426818848,-10.774236679077148,0.6718964886519014,285.24918389553864,0.0
94.013,82.61423259974488,-6.474316995210373,0.6867754392249018,59,0.1433425098657608,-0.011080768890678883,0.9688377380371094,1.2248890399932861,-0.5557349324226379,5.871313095092773,0.6719085111622537,285.24918389553864,0.0
94.063,82.61671625552923,-6.751956979814297,0.6713897895214335,59,0.10166482627391815,0.018943635746836662,1.0323373079299927,10.59701156616211,-1.1998505592346191,4.960088729858398,0.6708196184999898,251.18601030063482,0.0
94.114,82.75801631039984,-7.2787819284982,-1.2642575601216086,59,0.1516517996788025,-0.08400095254182816,1.0988792181015015,-5.114806652069092,12.661957740783691,-1.9393510818481445,0.6670806034031178,251.18601030063482,0.0
94.164,82.60046399337091,-7.194988742766745,-1.3458017177861752,59,0.12093968689441681,-0.008051223121583462,0.9223370552062988,3.2150001525878906,-2.396709442138672,-5.209341049194336,0.6647313754860001,251.18601030063482,0.0
94.214,82.4214355209124,-6.176505935796942,-0.3701727624941804,59,0.06698530167341232,0.03341872617602348,0.9840728044509888,3.5476508140563965,-9.97011947631836,-3.842100143432617,0.6631250294419858,251.18601030063482,0.0
94.264,82.46680046918291,-5.045418835465128,-0.71371701165205,59,0.09277833253145218,-0.02229817397892475,1.0987346172332764,2.1712992191314697,-14.377366065979004,1.3354856967926025,0.6612872919449667,251.18601030063482,0.0
94.315,82.50435840447004,-6.214273029327235,-0.3903590751060907,59,0.14521504938602448,0.008794312365353107,1.0399367809295654,-7.277438163757324,-8.326410293579102,2.8125557899475098,0.6609859005395008,251.18601030063482,0.0
94.365,82.59252919935696,-7.359799387574843,-1.4395239443963883,59,0.13510261476039886,-0.05595507100224495,0.9752615094184875,-12.757119178771973,5.910962104797363,-0.23179027438163757,0.6612134526604468,251.18601030063482,0.0
94.415,82.45965645539908,-7.501288167329214,-1.8789626622492361,59,0.11623134464025497,-0.008633824065327644,0.7996744513511658,3.1619479656219482,-7.3607964515686035,-5.5334672927856445,0.6606792883588821,251.18601030063482,0.0
94.467,82.33725251349435,-6.148512398202283,-0.17284938535191569,59,0.09352429956197739,0.017907725647091866,0.9392378330230713,7.524603366851807,5.824754238128662,-0.6568832397460938,0.6598313883094302,251.18601030063482,0.0
94.517,82.25553632450686,-5.247020479411109,1.5693934254479733,59,0.07168523967266083,0.0642440915107727,1.0383328199386597,10.705551147460938,-1.9385048151016235,2.746588945388794,0.6589086309946154,251.18601030063482,0.0
94.567,82.40951784727042,-6.678475489596962,0.37694470443641026,59,0.18837971985340118,-0.05252065509557724,1.0597466230392456,-0.6106113791465759,3.598571300506592,-3.520707845687866,0.6554611112537042,284.3981556821264,0.0
94.617,82.16116054290512,-7.648322701249217,-0.32625024157405424,59,0.14481206238269806,-0.016763560473918915,0.9058154821395874,-2.477119207382202,21.05043601989746,-11.91400146484375,0.65277159530159,284.3981556821264,0.0
94.668,81.80316403950305,-6.926959949541276,0.7217728407249655,59,0.139029398560524,-0.0027407854795455933,0.9477364420890808,-0.001021661562845111,6.200911045074463,-3.808840036392212,0.6500147955381684,284.3981556821264,0.0
94.718,81.18433900686763,-6.290316233367722,1.8975800945703083,59,0.044679854065179825,0.11094167083501816,1.080875277519226,14.886398315429688,2.3138771057128906,-13.8838472366333,0.6480215122837811,284.3981556821264,0.0
94.768,81.02524275300584,-7.784582994514891,2.2920879976847868,59,0.2135780155658722,0.02681884914636612,0.9768293499946594,1.1119003295898438,-7.776853084564209,-8.949098587036133,0.6444314889750765,284.3981556821264,0.0
94.819,80.9006054661096,-7.940967537644288,-0.23400227613605928,59,0.12987858057022095,-0.1095617264509201,1.1067086458206177,-12.252612113952637,8.879209518432617,-9.79397964477539,0.6412691193300275,284.3981556821264,0.0
94.869,80.37329285205463,-6.075000089050523,-1.6448033913575542,59,0.06717944145202637,-0.02989218197762966,0.804267168045044,13.75178050994873,-2.1160004138946533,-7.110726833343506,0.6363002869271875,284.3981556821264,0.0
94.919,80.06334041675859,-5.908486911346733,-2.27824863589555,59,0.09696079790592194,-0.04117771238088608,0.9794818162918091,16.487119674682617,14.03330135345459,-20.097148895263672,0.6329799223675452,284.3981556821264,0.0
94.971,79.48533273282283,-3.4870533395224994,1.38518516544547,59,0.015287700109183788,0.1113552674651146,0.9827120304107666,12.796486854553223,19.395483016967773,-8.860669136047363,0.6288013071469768,284.3981556821264,0.0
95.022,79.34128382280913,-2.7597764917640344,5.522924490149237,59,0.07466885447502136,0.1261606365442276,1.022352933883667,3.0843851566314697,6.436957836151123,4.127005100250244,0.6270879863579493,284.3981556821264,0.0
95.072,79.26955086011822,-4.090401903601995,6.496462964215376,59,0.08243581652641296,0.13775038719177246,1.1134250164031982,-5.054980754852295,1.1786518096923828,-1.5354713201522827,0.6266743444305665,284.3981556821264,0.0
95.123,79.31639060684086,-4.66484999856001,6.4697313991172,59,0.08877632021903992,0.09258194267749786,1.066635012626648,-10.667752265930176,-7.2049713134765625,2.5535242557525635,0.6257352574451116,286.75080330894923,0.0
95.173,79.31149869624058,-6.088919794130895,5.881288239292785,59,0.14142951369285583,0.08591252565383911,0.933750569820404,-25.78741455078125,6.921071529388428,1.4826858043670654,0.6261972888446324,286.75080330894923,0.0
95.223,79.32374691890709,-7.045041468345755,4.711201162580708,59,0.11926499009132385,0.05553225800395012,0.9243726134300232,1.9146779775619507,-25.234298706054688,1.1959874629974365,0.6284587328314871,286.75080330894923,0.0
95.274,79.38398023467158,-6.339266642953756,3.282539988828168,59,0.08687745779752731,0.03029548190534115,0.9662795662879944,-3.0375051498413086,-17.12980842590332,3.954796552658081,0.6300795980772639,286.75080330894923,0.0
95.324,79.54546585441489,-5.585381299744603,0.8777844037719816,59,0.08693632483482361,-0.0453258752822876,1.0763335227966309,-7.61844539642334,-16.477828979492188,4.933377742767334,0.6348386116157276,286.75080330894923,0.0
95.375,79.5845302529827,-5.986630569890739,-0.9266932989226832,59,0.11379195749759674,-0.03431517630815506,0.9292160272598267,-3.3774027824401855,-8.197115898132324,1.9457417726516724,0.6384336416455965,286.75080330894923,0.0
95.425,79.53012661383353,-6.541133783207667,-0.8380925524987151,59,0.11394105851650238,0.017884105443954468,1.0192644596099854,-8.694852828979492,-1.0195690393447876,-2.211460590362549,0.6436190047326114,286.75080330894923,0.0
95.475,79.57088816360802,-6.511830364746917,0.22305402080275233,59,0.11351962387561798,0.008118391036987305,0.9883314967155457,5.272060394287109,-9.660685539245605,2.3110101222991943,0.6474908759509109,286.75080330894923,0.0
95.526,79.56018464333005,-6.856459092934924,0.4976546408996684,59,0.1306648552417755,0.03130868822336197,1.0374857187271118,-2.364891290664673,-4.311863422393799,0.6779841184616089,0.6532111850627383,286.75080330894923,0.0
95.577,79.69323439520628,-7.1146203753205945,0.7373443700861454,59,0.13976748287677765,0.0004154508642386645,1.017275333404541,-2.275789260864258,-8.879515647888184,5.241330623626709,0.6576169374739861,286.75080330894923,0.0
95.627,79.75015756957707,-7.794695849981299,0.10179638439906556,59,0.1464952528476715,0.0020367384422570467,0.9106593132019043,-6.1944756507873535,5.426831245422363,-1.2794785499572754,0.6633148020313815,286.75080330894923,0.0
95.677,79.77544898408165,-7.477903492614877,0.12056440492582188,59,0.12957070767879486,-0.005628567188978195,0.9351857304573059,6.276657581329346,-8.110418319702148,1.2654390335083008,0.6659131381209893,284.6297502714441,0.0
95.727,79.75458314270288,-6.6569469238634325,0.2228767798061271,59,0.08486643433570862,0.025301102548837662,0.9841013550758362,9.206605911254883,-5.931878089904785,0.7267895936965942,0.6701394697793087,284.6297502714441,0.0
95.778,79.87041768346457,-5.967730836526968,0.4000575161734865,59,0.10688015818595886,0.004706169944256544,1.0141912698745728,-0.10344118624925613,0.33439359068870544,2.763823986053467,0.6724233904076279,284.6297502714441,0.0
95.828,80.02213042581435,-6.7728174551600615,0.08796286928660568,59,0.15102769434452057,-0.021925723180174828,1.0306658744812012,-1.0620912313461304,8.680645942687988,2.2103452682495117,0.6739995722646221,284.6297502714441,0.0
95.879,80.03567088426898,-7.090618793786876,0.01921138645288463,59,0.1113123819231987,0.020294593647122383,1.054358720779419,-0.6779083609580994,4.437686920166016,3.366436004638672,0.6750754525514728,284.6297502714441,0.0
95.929,80.1749735788631,-7.160369672399196,-0.39629157053039826,59,0.13116902112960815,-0.024232029914855957,0.9670473337173462,2.1288063526153564,-1.9570125341415405,-1.3109320402145386,0.6769291855444683,284.6297502714441,0.0
95.979,80.1705983533425,-6.133858853712151,0.04998920353505026,59,0.08477859199047089,0.005698801949620247,0.8921664953231812,-1.2847682237625122,-2.0834174156188965,5.790520191192627,0.6784453825946796,284.6297502714441,0.0
96.03,80.24605715014134,-6.146696759328532,-0.7887036685745914,59,0.12177446484565735,-0.0364844873547554,1.0120207071304321,-0.08646140992641449,-0.752247154712677,0.07235272228717804,0.6818832184736223,284.6297502714441,0.0
96.08,80.21898124392847,-6.196699536688741,-0.9292927536878589,59,0.1051735058426857,-0.004925750195980072,0.9890696406364441,8.333944320678711,-1.033875584602356,-0.050953615456819534,0.685123716125206,284.6297502714441,0.0
96.13,80.18416613711574,-6.7125411745581705,-0.4940375910355936,59,0.12896916270256042,0.014191746711730957,1.037054181098938,1.4501845836639404,4.937682151794434,-2.373610258102417,0.6873734355119244,284.6297502714441,0.0
96.181,80.14753483404502,-7.275450924572528,-0.12097580108690865,59,0.14462190866470337,0.01075684279203415,1.0184353590011597,4.6970014572143555,2.254082679748535,-4.996553421020508,0.6904277999329642,285.3850445669184,0.0
96.232,80.09094165795989,-7.364972427582017,0.5981720906928029,59,0.13228540122509003,0.009299892000854015,0.9610809683799744,-1.7835426330566406,2.15562105178833,-1.0913835763931274,0.6928036500658877,285.3850445669184,0.0
96.282,80.0042367895699,-7.102916839020385,0.8332160941980382,59,0.10167565941810608,0.02482781745493412,0.9792613983154297,-2.0611629486083984,5.108068466186523,-1.9907792806625366,0.6948003915893826,285.3850445669184,0.0
96.333,79.94391696558048,-5.4441219482727154,1.2527972326988546,59,0.061336539685726166,0.02853771112859249,1.0324130058288574,2.9141581058502197,-4.277126789093018,-0.3334808349609375,0.6967472722449353,285.3850445669184,0.0
96.383,80.07948934520762,-5.046635089231612,1.325187432877488,59,0.1021885946393013,0.0076586040668189526,0.9634741544723511,-0.15453051030635834,-0.33031076192855835,4.789116382598877,0.6997184831192503,285.3850445669184,0.0
96.433,80.17464539254287,-6.066973744614501,0.7299515132916308,59,0.1307549923658371,-0.002083840314298868,1.0191048383712769,-0.6496003866195679,-0.6987622976303101,4.142218112945557,0.7012352582066397,285.3850445669184,0.0
96.484,80.23189488896384,-6.644598426964362,0.8215236135302656,59,0.11388619244098663,0.029126405715942383,0.9355453848838806,0.12197314202785492,-6.438424587249756,3.1142072677612305,0.7032925768969588,285.3850445669184,0.0
96.534,80.35042264842407,-7.361213592715471,0.00430288790639318,59,0.14160268008708954,-0.013219533488154411,1.0219417810440063,-0.14488030970096588,0.9807711243629456,-1.3376659154891968,0.7056150822388512,285.3850445669184,0.0
96.585,80.37409040930893,-6.166830399842312,1.258230415832808,58,0.0678272396326065,0.04981505498290062,0.9418027400970459,3.0719311237335205,-0.08136480301618576,7.357545852661133,0.7089649693663205,285.3850445669184,0.0
96.635,80.58643113841319,-6.036732042560453,0.603866703391147,58,0.10375461727380753,-0.010135553777217865,1.0194112062454224,-0.14222495257854462,0.6420438289642334,3.698882818222046,0.7110229089813896,285.3850445669184,0.0
96.686,80.82849537434171,-6.092959544656478,-0.032650951010401,58,0.1360642910003662,-0.0445917546749115,1.0319784879684448,-2.327467203140259,-5.033651828765869,11.12602710723877,0.7152302583586091,285.3850445669184,0.0
96.736,80.87021023576817,-7.4594202785655295,-1.719505090089125,58,0.13829649984836578,-0.043420761823654175,0.9798186421394348,-0.2098560333251953,1.6589516401290894,-3.340275287628174,0.7178159086524865,250.37631327602674,0.0
96.786,80.81692864332646,-7.356541505919061,-1.6539756797910672,58,0.13158495724201202,-0.02936284989118576,0.9888425469398499,-1.683873176574707,4.943876266479492,-2.434748411178589,0.7222224929725682,250.37631327602674,0.0
96.837,80.72099396406291,-6.846388814485843,-0.36630641659759205,59,0.10748131573200226,0.02225952036678791,0.9776601195335388,0.5207708477973938,-2.4775705337524414,0.30495667457580566,0.7250793433663194,250.37631327602674,0.0
96.888,80.69145675800365,-6.45624698841672,0.02417930920511615,59,0.09285792708396912,0.014258477836847305,1.02800452709198,2.674489974975586,-2.033513069152832,-0.14060114324092865,0.7290454326639539,250.37631327602674,0.0
96.938,80.71707536644229,-6.14926571317058,0.28210996350769146,59,0.11333385854959488,0.0061816927045583725,0.9434197545051575,-1.4432324171066284,0.5745188593864441,-0.5968911647796631,0.73170852541247,250.37631327602674,0.0
96.988,80.722045912046,-6.25790168613006,0.08964072202956538,59,0.1143263429403305,-0.014617281965911388,0.9595021605491638,0.31714919209480286,-1.1097041368484497,-0.31500622630119324,0.7347622046314997,250.37631327602674,0.0
97.039,80.69120632350842,-6.510074349296079,-0.03714741572681283,59,0.11818699538707733,-0.004636981058865786,1.0171470642089844,-0.2618969678878784,-0.060160838067531586,1.2393962144851685,0.7365503230534343,250.37631327602674,0.0
97.089,80.61404116253873,-7.130942443200614,0.06459165273241874,59,0.12110669165849686,0.02104436233639717,0.9951467514038086,2.163748025894165,0.30194517970085144,-3.9246902465820312,0.7389239209931594,250.37631327602674,0.0
97.14,80.55923740399646,-6.9485946415976745,0.754213406863642,59,0.12205628305673599,0.024842368438839912,0.9637587666511536,-0.4198787212371826,1.0161089897155762,-2.7816991806030273,0.7404298426172148,250.37631327602674,0.0
97.19,80.53320196700156,-6.0354473135910425,1.9758469168452788,59,0.07803823798894882,0.056345514953136444,0.9948054552078247,1.1172322034835815,-1.15343177318573,3.4467062950134277,0.7411067141129006,250.37631327602674,0.0
97.241,80.63855786020835,-5.592747123542503,1.70614161960882,59,0.08538911491632462,0.026262691244482994,0.9988791942596436,4.108569145202637,-2.216064214706421,2.1741654872894287,0.7409970696299178,250.37631327602674,0.0
97.291,80.81823735128366,-5.717708505631135,0.2579692946867786,59,0.1228058785200119,-0.045897915959358215,1.0105109214782715,0.751702070236206,-1.8023204803466797,3.9583332538604736,0.7409886584348758,284.3981556821264,0.0
97.342,80.85485921524051,-6.0504011279356655,-1.112692360324153,58,0.11401621252298355,-0.045105498284101486,1.0161184072494507,0.41046109795570374,-4.234405040740967,1.5506532192230225,0.740580180708858,284.3981556821264,0.0
97.392,80.8017605523684,-6.259848787247814,-1.5386892822122409,58,0.10841205716133118,-0.02123696729540825,1.0103017091751099,-1.822067379951477,-0.5991660952568054,-1.2117462158203125,0.740338039593654,284.3981556821264,0.0
97.442,80.7504354642286,-5.999200644357796,-1.1893656309571174,58,0.09944284707307816,-0.01769157126545906,1.0458678007125854,7.145717144012451,-7.932723522186279,0.19437049329280853,0.7407786644384566,284.3981556821264,0.0
97.493,80.56514976788975,-5.924822403979081,-0.3440440981325432,58,0.06512031704187393,0.04982409253716469,0.9839813709259033,-1.3745404481887817,0.18558648228645325,-6.044505596160889,0.7413475244101093,284.3981556821264,0.0
97.543,80.60872673516984,-5.47146807393998,0.28707953927851304,58,0.10896582156419754,0.0027783671393990517,1.1277536153793335,-0.6503945589065552,-0.9363096356391907,-0.5542911291122437,0.7433755012030981,284.3981556821264,0.0
97.593,80.63085884867559,-5.0333376032379755,0.8636707343157728,59,0.06260828673839569,0.034554339945316315,1.0677216053009033,-3.668377637863159,0.5719745755195618,6.955353260040283,0.7451727583239827,284.3981556821264,0.0
97.644,80.88993726660802,-6.302924582378592,-0.19381677732496816,59,0.15468770265579224,-0.022906508296728134,1.0362685918807983,-6.825552940368652,-4.100797176361084,4.717517852783203,0.7474856020974849,284.3981556821264,0.0
97.694,81.07766726993373,-6.538289442781735,-0.641051299637255,59,0.12440305203199387,-0.01512695662677288,1.1179043054580688,-1.4563966989517212,-13.875198364257812,6.736930847167969,0.7492831469545564,284.3981556821264,0.0
97.744,81.11935989180142,-6.773704894317198,-0.6914699728803579,59,0.08797262609004974,0.011613363400101662,1.0158777236938477,-17.112407684326172,11.15455436706543,-2.0310299396514893,0.7523937303560432,284.3981556821264,0.0
97.795,81.51409639432688,-5.756125429231589,1.0142684568997118,59,0.09317661821842194,0.04583634063601494,0.8185474276542664,13.20604133605957,-11.291831970214844,19.931598663330078,0.754128632211079,282.21665993809717,0.0
97.845,82.22776996097639,-7.444722875475189,-1.3796133912092923,59,0.19472818076610565,-0.08678979426622391,1.0239243507385254,-23.267099380493164,4.003728866577148,9.342881202697754,0.7577959583490488,282.21665993809717,0.0
97.896,82.23460322266983,-7.051081316499723,-1.2963082710201363,59,0.09961453825235367,0.0037701930850744247,1.0491502285003662,16.64360237121582,-24.95433235168457,7.403146743774414,0.7613708915103922,282.21665993809717,0.0
97.946,82.39974718924073,-9.076881819507259,-2.9459573830827206,59,0.18851211667060852,-0.08629657328128815,0.8261020183563232,-15.635720252990723,4.162533283233643,-8.197203636169434,0.7667587691949175,282.21665993809717,0.0
97.997,82.26731777364357,-9.69416804494217,-3.336231258713206,59,0.18936969339847565,-0.06924958527088165,0.9522029161453247,-10.323766708374023,10.464195251464844,-5.687892436981201,0.7705680584319767,282.21665993809717,0.0
98.047,81.96386509305559,-8.832659243244315,-1.7497953482213373,59,0.10468823462724686,0.013427885249257088,0.9146876931190491,3.5732970237731934,1.9082587957382202,0.03208613768219948,0.7767992514603534,282.21665993809717,0.0
98.097,82.07300273066915,-9.183358811145089,-2.114234388908034,59,0.20420034229755402,-0.06622102111577988,0.9759752154350281,4.706366062164307,4.350067138671875,-5.6124773025512695,0.7809609696284201,282.21665993809717,0.0
98.148,81.82987388596074,-9.054271324082537,-1.957327384102938,59,0.12574730813503265,-0.006852265447378159,0.9831050634384155,1.1740788221359253,-6.245213508605957,-4.085367679595947,0.7866696515582505,282.21665993809717,0.0
98.198,81.75835901951427,-8.512679675691006,-1.7622187192076586,59,0.1335391402244568,-0.029088592156767845,1.036863923072815,-13.558271408081055,12.643339157104492,-4.08638334274292,0.7906345900119189,282.21665993809717,0.0
98.249,81.73456167954714,-7.673655224710688,-0.2809726173788871,59,0.09717234969139099,0.01596567966043949,0.7930826544761658,7.193005561828613,3.5623199939727783,4.5673699378967285,0.7974679165910582,282.21665993809717,0.0
98.299,81.88226246954463,-7.289038274251545,-0.1926830389803793,59,0.12980952858924866,-0.008494740352034569,0.9874856472015381,7.90886116027832,-1.137278437614441,1.7668378353118896,0.8018103147577662,282.21665993809717,0.0
98.349,81.96615473073612,-6.8375038448184045,-0.7666840783445266,59,0.10564929246902466,-0.023213732987642288,1.013504981994629,13.62936782836914,-13.651269912719727,2.7252237796783447,0.8085664223463314,286.53531903265474,0.0
98.4,82.11541346450618,-7.0939778840184475,-2.2394328145333398,59,0.14558297395706177,-0.0796888917684555,1.0104444026947021,-3.603837728500366,3.041323184967041,0.97768235206604,0.8123977573188872,286.53531903265474,0.0
98.451,82.11392869038151,-7.498348286032841,-2.8914292599895717,59,0.14939460158348083,-0.0634424015879631,0.9871512651443481,1.0083281993865967,-5.1971306800842285,1.775925874710083,0.8183807213264371,286.53531903265474,0.0
98.501,82.05042436037091,-7.999575978187506,-3.624510923096282,59,0.13640525937080383,-0.06510796397924423,1.0378512144088745,1.034301996231079,-5.533780574798584,-3.7998383045196533,0.8244660621415136,286.53531903265474,0.0
98.552,81.97804216923682,-8.161740038249782,-2.989775723689562,59,0.15176239609718323,-0.05009322986006737,0.9886143803596497,-4.491257190704346,8.371503829956055,-1.9184883832931519,0.8281141088701387,286.53531903265474,0.0
98.602,81.86049630858706,-8.422708486700552,-2.2744729343589376,59,0.13645416498184204,-0.015373023226857185,0.9756737947463989,-4.660472869873047,7.06833553314209,-2.608976364135742,0.8325195490262153,286.53531903265474,0.0
98.653,81.81000372631843,-7.936032282166701,-1.468804839454376,59,0.11763593554496765,-0.0010837443405762315,0.9189088344573975,0.48664289712905884,3.5499625205993652,-2.7326459884643555,0.8341185385560093,286.53531903265474,0.0
98.703,81.90212854893788,-7.880419824124928,-1.0481644851207894,59,0.1582174450159073,-0.0353003665804863,0.8971543312072754,-0.7225483059883118,1.5500115156173706,3.835176944732666,0.8359888477704802,286.53531903265474,0.0
98.754,81.92161611650451,-8.20489180932291,-1.7567055103285663,59,0.14883416891098022,-0.04454060643911362,1.069807767868042,7.931501388549805,-8.739274978637695,0.19491708278656006,0.837704263713566,286.53531903265474,0.0
98.804,81.92047139236739,-8.011824248603105,-1.7521669613083184,59,0.13245733082294464,-0.030077628791332245,0.9997538328170776,2.452719211578369,-2.8259336948394775,2.3187592029571533,0.8387905301418241,286.53531903265474,0.0
98.855,81.88547226242017,-7.972593938942319,-1.698648581033664,58,0.11986582726240158,-0.011744435876607895,1.0085653066635132,-1.19954514503479,7.761524200439453,-2.742539405822754,0.8391853786561816,286.53531903265474,0.0
98.905,81.94671404275456,-7.193983094433795,-0.9634763365796647,58,0.11739630252122879,-0.014897758141160011,0.9742043018341064,3.9032771587371826,-6.413328170776367,2.7499208450317383,0.8397706911493626,282.6350404312669,0.0
98.956,82.00986978291571,-7.160198028613647,-1.487859473691104,58,0.12510323524475098,-0.03286956623196602,0.9420916438102722,0.5309664607048035,-2.810922384262085,2.6919586658477783,0.8403316603165462,282.6350404312669,0.0
99.006,82.03317393995279,-7.804252061525446,-2.303488587566372,58,0.15849421918392181,-0.059226393699645996,0.9790156483650208,0.9130794405937195,1.759782075881958,-2.1982741355895996,0.8408790949133558,282.6350404312669,0.0
99.057,81.95464470852778,-7.5925648360986795,-2.1527756345521034,58,0.11883343011140823,-0.02458367869257927,0.9585620164871216,1.6134653091430664,-2.9185006618499756,-1.9086627960205078,0.8409375054495992,282.6350404312669,0.0
99.107,81.94186632973481,-7.4945680241090304,-2.253361032550866,59,0.14647457003593445,-0.046085260808467865,1.0031052827835083,1.8416755199432373,-0.20718498528003693,-2.400341749191284,0.8412909502800863,282.6350404312669,0.0
99.158,81.82615186607342,-7.2713171064873565,-1.6300845083027813,59,0.12508626282215118,-0.012698720209300518,1.0487908124923706,-0.31845396757125854,-2.66237473487854,0.4375714659690857,0.8419698302339018,282.6350404312669,0.0
99.208,81.76704748292893,-7.406291494862346,-1.274716138866319,59,0.1216556578874588,0.0005414648912847042,0.9871966242790222,0.3664723038673401,0.47437578439712524,-4.069833755493164,0.8430440804797569,282.6350404312669,0.0
99.259,81.7736055531304,-7.450973843325643,-0.910282331130077,59,0.14473652839660645,-0.018449997529387474,0.9054023623466492,0.42428481578826904,4.027507305145264,0.45223739743232727,0.8441620748664599,282.6350404312669,0.0
99.309,81.72544522390122,-7.527640076420782,-0.8190237729987336,59,0.12348464876413345,0.006290815304964781,0.9665595889091492,5.310545444488525,-1.7203888893127441,-2.8819642066955566,0.8448059336240252,282.6350404312669,0.0
99.359,81.75221433727957,-6.836847264523984,-0.5339992909754974,58,0.10964849591255188,-0.01181840617209673,1.0194382667541504,-1.2555533647537231,1.0965474843978882,0.5708454847335815,0.8450755950572059,282.6350404312669,0.0
99.41,81.80477096441079,-6.283908130734163,-0.5757598525791647,58,0.10395992547273636,-0.022897232323884964,1.0237551927566528,-2.841207504272461,3.1416571140289307,5.510771751403809,0.8447470301606905,280.8184252811998,0.0
99.46,81.87064127712591,-6.796960406322234,-1.7189468702369217,58,0.12162074446678162,-0.04473207890987396,0.971523642539978,-0.5034658908843994,3.1807971000671387,-2.2405083179473877,0.8436686976792781,280.8184252811998,0.0
99.51,81.92339043702603,-6.505235269926929,-1.833379951982244,58,0.12463446706533432,-0.05355360358953476,0.9855994582176208,4.708775997161865,-3.645580530166626,4.419312953948975,0.8431753798070989,280.8184252811998,0.0
99.561,81.77723937573799,-6.4460777684442565,-1.8038919150433368,58,0.0752466693520546,0.011957526206970215,1.0196473598480225,0.025285053998231888,3.472132921218872,-5.104602336883545,0.8425554067194954,280.8184252811998,0.0
99.611,81.87035740761613,-6.369080091774006,-1.5219703357958478,59,0.14217649400234222,-0.048714250326156616,1.0151114463806152,0.5657176375389099,-0.8475011587142944,0.11565066874027252,0.8423838285884129,280.8184252811998,0.0
99.661,81.85943112689681,-6.573155247517394,-1.5498059914266744,59,0.12069690972566605,-0.03326546028256416,0.9863121509552002,-2.967273235321045,0.9617753624916077,2.6351144313812256,0.8429534711792236,280.8184252811998,0.0
99.711,81.83023476294788,-6.9261202777223945,-1.593315566183455,59,0.12469875067472458,-0.021901512518525124,0.9430486559867859,-2.995582103729248,4.069270610809326,-1.3482190370559692,0.8431105380502898,280.8184252811998,0.0
99.762,81.78842566697448,-6.774550804203915,-1.1986871636477576,59,0.11438151448965073,-0.013914337381720543,0.9942567348480225,1.94869863986969,-2.894632339477539,-1.1947048902511597,0.8427528191755628,280.8184252811998,0.0
99.812,81.76411902310332,-6.053422501694809,-0.6724421445066642,59,0.0852639451622963,6.289704469963908e-05,1.0137412548065186,-1.1663895845413208,-3.4394190311431885,2.5238327980041504,0.842029884522024,280.8184252811998,0.0
99.863,81.84463835874483,-6.074836702518458,-1.0002961071353693,59,0.11195160448551178,-0.031087517738342285,1.0252549648284912,-2.347076177597046,3.4564037322998047,2.4065439701080322,0.8395516175356487,280.8184252811998,0.0
99.913,81.84822254203407,-6.7495128102915425,-1.2731310070212185,59,0.12099246680736542,-0.019903913140296936,0.9105575084686279,1.4952356815338135,-1.9566330909729004,-2.57562518119812,0.8381847512143974,280.8184252811998,0.0
99.964,81.83835198256571,-6.587751842574061,-1.2238592486169648,59,0.11636366695165634,-0.02178199402987957,0.9661560654640198,3.290619134902954,-2.131222724914551,-0.47140583395957947,0.8365043394667299,281.3081153588196,0.0
100.014,81.80282928199823,-5.815828733209251,-1.108264419997649,59,0.07985354959964752,-0.017291586846113205,1.0567165613174438,-0.0737733542919159,-1.488012433052063,3.2294058799743652,0.8352970782354676,281.3081153588196,0.0
100.064,81.86852256853909,-6.794552966533563,-1.735128721622304,59,0.14736169576644897,-0.03143015876412392,0.9795413613319397,2.5200514793395996,-3.4646224975585938,-2.1363861560821533,0.8336802863931274,281.3081153588196,0.0
100.115,81.8505540714985,-6.667939249180691,-1.3494552448459045,59,0.10813082754611969,-0.01650044322013855,1.04278564453125,-1.8868619203567505,2.061232566833496,1.3230804204940796,0.8323596967906458,281.3081153588196,0.0
100.165,81.85124630141564,-6.714696405372994,-1.035245349927595,59,0.11321715265512466,-0.0054742153733968735,0.991908609867096,0.1549708992242813,0.6023791432380676,-1.1718955039978027,0.8308058777560519,281.3081153588196,0.0
100.215,81.89208745841229,-6.722629873943987,-0.8820743508850055,59,0.11960020661354065,-0.0186616163700819,0.9825969934463501,-2.812743902206421,3.7982892990112305,0.9925039410591125,0.8302073117194585,281.3081153588196,0.0
100.266,81.96787312235091,-6.341743749479202,-1.1452471708913265,59,0.10839931666851044,-0.03219965845346451,0.9728098511695862,3.506786584854126,-5.224871635437012,2.3207662105560303,0.8290755423357797,281.3081153588196,0.0
100.316,82.0402362928361,-6.474930313144292,-1.9953955636344465,59,0.1225566640496254,-0.05115165933966637,1.007185459136963,0.35730165243148804,-3.2615010738372803,2.580064296722412,0.8287032518772519,281.3081153588196,0.0
100.366,82.07320428738056,-6.810104404320074,-2.486463304669252,59,0.12212895601987839,-0.05468491092324257,0.9840226769447327,-2.0178639888763428,0.20060484111309052,0.5366438627243042,0.8270686660626905,281.3081153588196,0.0
100.416,82.02071762340306,-7.154593450709277,-2.6558667725907545,59,0.11937370896339417,-0.035276394337415695,1.0230778455734253,-6.067468166351318,4.946073532104492,-4.227160453796387,0.8252098902980143,281.3081153588196,0.0
100.467,82.06282612426678,-6.866820287642637,-2.2681229929939026,59,0.1325240582227707,-0.055925752967596054,0.96990966796875,0.723940908908844,-2.1885602474212646,4.035892009735107,0.8231941958228552,285.3462140281652,0.0
100.517,81.97909706077661,-7.140586955613299,-2.3139529171146855,59,0.11079657822847366,-0.021782806143164635,0.9391638040542603,-4.072486400604248,5.077042102813721,-2.7968528270721436,0.8208123404613955,285.3462140281652,0.0
100.567,81.95100241119047,-6.940732182943118,-2.0221834391347504,58,0.11560411751270294,-0.02834017388522625,1.0300381183624268,-1.5048854351043701,2.258218765258789,-1.7248095273971558,0.8192656790957493,285.3462140281652,0.0
100.618,81.94714418376603,-6.673998948568571,-1.451252643414658,58,0.12316024303436279,-0.025239720940589905,0.968923032283783,2.0684518814086914,-2.9603779315948486,1.9650096893310547,0.8181550512445723,285.3462140281652,0.0
100.668,81.94572578781315,-6.849918706818359,-1.494291009894794,58,0.12165389955043793,-0.02523539401590824,0.9890491366386414,-2.254974126815796,-0.7367398738861084,0.9715142250061035,0.8176548922427478,285.3462140281652,0.0
100.719,81.91790066187889,-6.9187443953882255,-1.6085511688218266,58,0.10956884920597076,-0.01766769029200077,0.9760677218437195,1.8832550048828125,-0.56922447681427,-2.18989634513855,0.816870864045641,285.3462140281652,0.0
100.769,81.94677267357847,-6.59119924626653,-1.4706112887875964,58,0.11062614619731903,-0.02903970330953598,0.9919223189353943,0.7774419188499451,2.5384161472320557,1.3508824110031128,0.8163067453277228,285.3462140281652,0.0
100.82,81.97059917717904,-6.721464633411331,-1.9264212696846315,59,0.11511696875095367,-0.04326889291405678,1.0342586040496826,0.008649450726807117,-1.6605662107467651,-0.909612774848938,0.8148630942132205,285.3462140281652,0.0
100.87,81.97265652541867,-6.808532259362145,-2.0971638329105566,59,0.12416917085647583,-0.042508337646722794,0.96822589635849,0.9214029312133789,-2.3279638290405273,0.12863212823867798,0.814081469884441,285.3462140281652,0.0
100.921,81.94592299085905,-7.308381937113943,-2.4217640777339082,59,0.13677072525024414,-0.04328004643321037,0.980481743812561,-0.7773218750953674,1.5132924318313599,-2.597299337387085,0.8127186942408391,285.3462140281652,0.0
100.971,81.85575627554144,-6.888712716839501,-1.817115853027063,59,0.10806119441986084,-0.01770857535302639,0.9941012263298035,1.799905776977539,-2.856937885284424,-0.8320040702819824,0.8109257640013492,285.3462140281652,0.0
101.021,81.8229023660957,-6.9342529664012025,-1.5222111120605752,59,0.12205242365598679,-0.01652146875858307,0.9652042388916016,-0.7485228776931763,2.156100034713745,-1.4983775615692139,0.8079416829950513,286.7312004375171,0.0
101.071,81.78628362637421,-6.627198927528192,-0.9392540158793081,58,0.10519172996282578,-0.0022652437910437584,1.026585340499878,-2.1919689178466797,1.92724609375,1.2468153238296509,0.8069440544338379,286.7312004375171,0.0
101.122,81.83362025220475,-6.801676282874925,-1.085248353318861,58,0.13002771139144897,-0.027750425040721893,1.0031198263168335,2.229968786239624,-1.4306961297988892,0.15251682698726654,0.8059127369002775,286.7312004375171,0.0
101.172,81.84237585611709,-7.029903271134707,-1.3020266404050165,58,0.1277046501636505,-0.029791224747896194,0.986174464225769,-3.6698124408721924,1.9951003789901733,-1.068507194519043,0.8055210742482096,286.7312004375171,0.0
101.222,81.81386045654125,-6.9113084662539785,-1.1286705270582726,58,0.11099459230899811,-0.011406985111534595,0.9703863263130188,0.5136944055557251,-2.3400700092315674,0.7421726584434509,0.8056111948650155,286.7312004375171,0.0
101.273,81.82129169128508,-7.095576435570278,-1.4882500557291178,58,0.127391055226326,-0.030282925814390182,0.9726609587669373,-3.3208422660827637,0.4255576729774475,-1.8127573728561401,0.8060632783465697,286.7312004375171,0.0
101.324,81.83732497472754,-7.068618394090634,-1.6191377988018913,59,0.1390947699546814,-0.03817761689424515,1.0065480470657349,-1.0543664693832397,-1.4932830333709717,-0.3177029490470886,0.8072165197794742,286.7312004375171,0.0
101.374,81.81266281956711,-7.163227224192316,-1.7531442318899189,59,0.12204975634813309,-0.034218933433294296,1.007277488708496,-2.4739532470703125,0.7874406576156616,0.5785473585128784,0.8081165759929596,286.7312004375171,0.0
101.424,81.81472930355774,-7.337647890018806,-1.8382425793829638,59,0.13388791680335999,-0.04035784304141998,0.9219885468482971,0.2237890511751175,-0.26552367210388184,0.13945408165454865,0.8090166079629629,286.7312004375171,0.0
101.474,81.75541154198747,-7.256614211825021,-1.858156952571628,59,0.11974504590034485,-0.023315979167819023,1.0278133153915405,-1.6211551427841187,-2.266054153442383,-1.104265570640564,0.809661989223975,286.7312004375171,0.0
101.525,81.75473552982632,-7.291273392398647,-1.6211317050167744,59,0.12159164249897003,-0.018561040982604027,0.9797992706298828,2.3231823444366455,0.19892077147960663,-1.0211840867996216,0.8101562508360081,286.7312004375171,0.0
101.575,81.78831800348026,-7.364401485386859,-1.5866994072351832,59,0.14622683823108673,-0.03718538582324982,1.0043469667434692,-1.3330429792404175,-1.3529685735702515,0.799187958240509,0.8102484222065817,286.8292416056897,0.0
101.626,81.76975934691873,-7.9135092729373,-1.7855293470493545,59,0.1433582603931427,-0.028515323996543884,0.916485071182251,-1.55459463596344,0.34478747844696045,-1.0870167016983032,0.8101891645845868,286.8292416056897,0.0
101.676,81.74543508942887,-7.30701656005572,-1.554584935577189,59,0.11449802666902542,-0.022333558648824692,1.0390106439590454,0.16628047823905945,0.5894710421562195,1.6943871974945068,0.8100469966350499,286.8292416056897,0.0
101.726,81.76977925242834,-7.324294190517936,-1.8280885073912627,59,0.13175322115421295,-0.039065223187208176,0.9861791729927063,3.6471965312957764,-2.913473129272461,0.5006611347198486,0.8095276085198826,286.8292416056897,0.0
101.777,81.74928513897764,-7.1546571721087515,-2.142850867240539,59,0.11329919099807739,-0.031781286001205444,0.9710819125175476,-0.10117905586957932,2.038778066635132,-1.1827735900878906,0.8095182882983447,286.8292416056897,0.0
101.828,81.78599713560929,-7.139274897753744,-2.188256363103514,59,0.1359397917985916,-0.05198603868484497,0.9568853974342346,-3.199455738067627,4.388251304626465,0.9600288271903992,0.8098339253695221,286.8292416056897,0.0
101.878,81.74891530445396,-7.219711046608557,-2.3862929792200522,59,0.12201117724180222,-0.03675295412540436,1.0120210647583008,5.970139026641846,-6.768928050994873,-1.4051562547683716,0.8108340976659723,286.8292416056897,0.0
101.928,81.72359698818413,-7.114131907200205,-2.0013777377529127,59,0.12581096589565277,-0.025157419964671135,0.9898048639297485,-2.2291886806488037,5.401918411254883,0.3485165536403656,0.8115027244644948,286.8292416056897,0.0
101.979,81.66472149011817,-7.292519501691079,-1.9528948240989827,59,0.11382552981376648,-0.024067407473921776,1.030538558959961,-0.15329858660697937,3.295464277267456,-4.877624034881592,0.8116302268243664,286.8292416056897,0.0
102.029,81.67118708362919,-6.7249836631077455,-1.1349599406703015,59,0.11717364937067032,-0.017987258732318878,0.9898480176925659,0.18061861395835876,0.921317458152771,2.142911911010742,0.8118195101632261,286.8292416056897,0.0
102.079,81.6638427167237,-6.9019963409619,-1.4088349578031385,59,0.11856400966644287,-0.02722395770251751,1.0174202919006348,0.205579936504364,1.582112193107605,0.4009418189525604,0.8124763480282107,285.07469584720997,0.0
102.129,81.64810203627275,-7.226030976789937,-1.5668678822928015,59,0.12260027229785919,-0.017161967232823372,0.9870582222938538,-0.6500325798988342,0.2605132758617401,-3.1442978382110596,0.8130625013430667,285.07469584720997,0.0
102.18,81.64606912229537,-7.383463989299493,-1.652008020283965,59,0.14497709274291992,-0.042318426072597504,0.963154137134552,-4.338186264038086,3.1092422008514404,-1.2689268589019775,0.8144299985826741,285.07469584720997,0.0
102.23,81.55427348572933,-7.132794145088337,-1.3286492817951172,59,0.11615436524152756,-0.01092762965708971,0.9836763739585876,0.29212531447410583,-4.0950446128845215,0.7063456177711487,0.8155465804256152,285.07469584720997,0.0
102.281,81.53731137840774,-7.455162053372704,-1.5673430381481042,59,0.1294746696949005,-0.028371481224894524,1.022398591041565,0.19380441308021545,0.4855761229991913,-2.6982176303863525,0.8173001941066527,285.07469584720997,0.0
102.332,81.51296161611953,-7.20233894021748,-1.0955778893408161,59,0.12839113175868988,-0.013701186515390873,0.9969474077224731,-4.0151591300964355,2.802422046661377,2.0153799057006836,0.8184915718632432,285.07469584720997,0.0
102.383,81.50522071940661,-7.7380312784047565,-1.111855580632196,59,0.13182279467582703,-0.008454987779259682,0.9635142087936401,2.493501663208008,-3.17594313621521,-1.5370782613754272,0.8201598739009096,285.07469584720997,0.0
102.433,81.52306598067692,-7.653904611225147,-0.9830786244450027,59,0.12939101457595825,-0.014002286829054356,0.9681872725486755,-0.7741997241973877,1.844254493713379,-0.3855661153793335,0.8211854030389732,285.07469584720997,0.0
102.484,81.58001373750915,-7.402100532524709,-0.9241515063698792,59,0.13805945217609406,-0.03322998434305191,0.9956818222999573,-1.004599928855896,-0.7894797921180725,4.182156562805176,0.8227555611832585,285.07469584720997,0.0
102.534,81.59295976582703,-7.620643588864286,-1.4523298965660267,59,0.12524022161960602,-0.024221599102020264,0.9755947589874268,-0.06440211832523346,-1.7777944803237915,0.3001144230365753,0.824392294003383,285.07469584720997,0.0
102.585,81.63292660821716,-7.731803280301031,-1.9330505100260167,59,0.14086522161960602,-0.04892972111701965,1.007566213607788,1.0539058446884155,1.3377281427383423,-0.0904633179306984,0.8270996581599549,285.07469584720997,0.0
102.635,81.58814708793392,-7.7290856540191415,-1.8867821752215974,59,0.13067294657230377,-0.025243910029530525,0.9668732285499573,-0.9298285245895386,5.049324035644531,-0.7208853960037231,0.829023852124158,283.18844102356354,0.0
102.685,81.57887125571575,-7.58587144541402,-1.526000916072766,59,0.12795335054397583,-0.020814556628465652,0.9960300922393799,0.7294638752937317,-2.523049831390381,0.12413568049669266,0.8303669937242455,283.18844102356354,0.0
102.735,81.56533749153502,-7.748417222072568,-1.483668960639061,59,0.135177880525589,-0.016887441277503967,0.97675621509552,4.027997970581055,-2.9437222480773926,-1.4651209115982056,0.8320294498375701,283.18844102356354,0.0
102.786,81.56718457793886,-7.959221189997672,-1.7382569135883186,59,0.1494857221841812,-0.03512853384017944,1.0007351636886597,0.5233205556869507,2.1806421279907227,-1.5700119733810425,0.8345048120023603,283.18844102356354,0.0
102.836,81.56125825230342,-7.75986131934468,-1.4472897377760194,59,0.13318423926830292,-0.026287542656064034,0.9958193898200989,-1.4505136013031006,0.202108234167099,1.7855943441390991,0.8367142264457897,283.18844102356354,0.0
102.886,81.53357615556163,-7.934524916730132,-1.5779027042614244,59,0.1363910734653473,-0.027466706931591034,0.9826228618621826,5.137048244476318,-1.332019329071045,-1.0872431993484497,0.8391469776120875,283.18844102356354,0.0
102.937,81.48109153290153,-7.907239607457335,-1.4540718984886265,59,0.13005700707435608,-0.01629304327070713,0.9654989838600159,-0.09304580092430115,2.1336283683776855,-3.5699005126953125,0.841374013986178,283.18844102356354,0.0
102.987,81.50106501587024,-7.774760689881122,-1.1542720177560313,59,0.1482958346605301,-0.02748228795826435,1.0419005155563354,0.021294545382261276,-0.39568468928337097,0.730333685874939,0.8423823174198417,283.18844102356354,0.0
103.038,81.45383288570233,-7.315788511738161,-0.5862257229889621,59,0.10752034932374954,0.0077667743898928165,0.9389724731445312,-0.8338112831115723,2.9462170600891113,1.6232606172561646,0.8434438356738851,283.18844102356354,0.0
103.089,81.50655111951954,-7.700977492164148,-0.8030712458666948,59,0.14953568577766418,-0.025323670357465744,0.9415334463119507,-0.9033693671226501,-0.9468295574188232,-1.2171615362167358,0.8440378167739482,283.18844102356354,0.0
103.139,81.53829118193688,-7.604144925771954,-1.027791352294092,59,0.13517752289772034,-0.027650032192468643,0.9903605580329895,2.8194937705993652,-7.6102776527404785,2.056522846221924,0.8450850431307619,283.18844102356354,0.0
103.189,81.54655991613363,-7.292665173523852,-1.5230923012300006,59,0.10812343657016754,-0.029914630576968193,1.005713939666748,1.8889122009277344,-4.353710174560547,1.1617757081985474,0.8457526803613882,232.30706175574633,0.0
103.24,81.59184196295075,-7.265004971147082,-2.476435191857796,59,0.13048617541790009,-0.05713037773966789,1.0605521202087402,1.4144598245620728,2.789203405380249,-2.4345102310180664,0.8466479383760942,232.30706175574633,0.0
103.29,81.55927777967918,-7.076145326040734,-2.0640870555350244,59,0.11262775212526321,-0.03091519884765148,1.002258062362671,-2.6633169651031494,6.850320816040039,0.8229223489761353,0.8465055965068033,232.30706175574633,0.0
103.34,81.51419772387624,-7.273786190417681,-1.5518235073777729,59,0.11993752419948578,-0.0017771645216271281,0.9677467346191406,0.3516538441181183,-0.0043566408567130566,-3.0727195739746094,0.8468462142826948,232.30706175574633,0.0
103.391,81.61409762619782,-7.514509297907652,-1.5311648176811827,59,0.16748662292957306,-0.049812737852334976,1.014337182044983,1.380706787109375,-3.344294548034668,2.1267054080963135,0.846796842991653,232.30706175574633,0.0
103.441,81.55586699580371,-7.947645851668144,-1.4787556919893325,59,0.12638644874095917,-0.013023901730775833,0.9533305764198303,-1.0627058744430542,4.25573205947876,-0.2843154966831207,0.8474873806745634,232.30706175574633,0.0
103.492,81.58288716698335,-7.933343624464475,-1.505828908793056,59,0.13489660620689392,-0.02788659930229187,1.0258456468582153,1.5536932945251465,1.7402381896972656,-0.052114635705947876,0.8483938779315598,232.30706175574633,0.0
103.542,81.62349184368117,-7.774006094203004,-1.6717010888976442,59,0.1360245943069458,-0.04197455197572708,0.9772539138793945,2.698500394821167,-1.0789330005645752,0.12976258993148804,0.8496298410959116,232.30706175574633,0.0
103.593,81.6208814100365,-7.440312040362207,-2.002943512816024,58,0.11630026996135712,-0.04050789773464203,1.0106374025344849,-1.5756940841674805,5.369679927825928,1.3337055444717407,0.8502376509218217,232.30706175574633,0.0
103.644,81.61060279794883,-7.406732920476226,-2.1603127334577064,58,0.12782961130142212,-0.03237707540392876,0.9828070998191833,-1.5078740119934082,1.0935627222061157,-0.6665862798690796,0.8503671652087039,232.30706175574633,0.0
103.694,81.5976085756319,-7.53244809017338,-2.47788028541786,58,0.14174871146678925,-0.05549568310379982,1.0157140493392944,-0.09211545437574387,-5.366783618927002,-1.6159911155700684,0.8501676811551769,286.06629382076113,0.0
103.744,81.49947828263848,-7.475365395710424,-2.130317781074615,58,0.1187397688627243,-0.020333388820290565,0.9545104503631592,-1.497402548789978,-1.426849603652954,-2.557558059692383,0.8496268970716554,286.06629382076113,0.0
103.794,81.48364622059748,-7.834576164167088,-2.09765133500817,58,0.1647576242685318,-0.046802014112472534,0.96828693151474,-3.5273630619049072,4.487194538116455,-2.023071527481079,0.8480696350435121,286.06629382076113,0.0
103.844,81.33442842053391,-7.523216956412732,-1.1927275063935572,59,0.10968983918428421,0.009531772695481777,0.9805887341499329,2.5552263259887695,-4.938965320587158,-0.34151631593704224,0.846668267862017,286.06629382076113,0.0
103.895,81.34971805127802,-7.463628897266637,-0.9597295990757112,59,0.13073353469371796,-0.020678803324699402,0.9834873676300049,2.184515953063965,-2.205524206161499,-0.10537552833557129,0.8449077087086923,286.06629382076113,0.0
103.945,81.34133955209764,-7.441277547274317,-0.9726665742540302,59,0.12812291085720062,-0.013532227836549282,1.0394949913024902,0.4202481806278229,3.628159284591675,-0.045173391699790955,0.8436625737819881,286.06629382076113,0.0
103.995,81.35199792003824,-7.902389113407324,-0.9906159956280817,59,0.15114201605319977,-0.01870868168771267,0.9459765553474426,2.255641460418701,5.494770526885986,-2.513230800628662,0.842473918092713,286.06629382076113,0.0
104.046,81.30090403447225,-6.974336586378338,0.05716265992966976,59,0.09328862279653549,0.017775116488337517,0.978036105632782,-0.12043090909719467,5.938539505004883,2.7881276607513428,0.8415400763693108,286.06629382076113,0.0
104.096,81.36387981923158,-6.775870242289243,-0.018826625491139615,59,0.10383940488100052,-0.002695883857086301,0.986192524433136,2.137903928756714,2.8131892681121826,1.223984718322754,0.8399416268745837,286.06629382076113,0.0
104.146,81.45566430886367,-6.798948020921026,-0.6625624207009346,59,0.13027867674827576,-0.03352092206478119,1.0029855966567993,2.7886393070220947,-0.8619056940078735,0.9116498231887817,0.8390987371059498,286.06629382076113,0.0
104.197,81.44267696308971,-6.518922581680389,-0.7455744728682497,59,0.10102561116218567,-0.0017819302156567574,1.0169589519500732,0.07252929359674454,-4.247664928436279,0.979532778263092,0.8381178062916235,286.06629382076113,0.0
104.247,81.51267012118439,-6.658512038449729,-1.0393432325131888,59,0.12381663918495178,-0.023456791415810585,1.0265072584152222,-0.7050153017044067,5.278337478637695,0.5858811736106873,0.8376783031751275,291.7979685543342,0.0
104.297,81.52531942529716,-6.810448443452593,-1.1431154833577153,59,0.12091826647520065,-0.023916635662317276,0.9994696974754333,3.0854930877685547,2.312919855117798,-0.32078641653060913,0.8376708184293011,291.7979685543342,0.0
104.348,81.481299290227,-6.549174152300541,-0.7223326260193249,59,0.10634931921958923,0.004287384916096926,1.010103702545166,-1.1010624170303345,-3.5202510356903076,-1.0413157939910889,0.8372757527801694,291.7979685543342,0.0
104.398,81.52013459289601,-6.473871798272794,-0.3452270925923325,59,0.12088946998119354,-0.014562728814780712,0.9881657958030701,-4.065068244934082,2.277555227279663,3.670654296875,0.8370538215247961,291.7979685543342,0.0
104.448,81.50234202954141,-6.9093785687755975,-0.8575722688757749,59,0.12205283343791962,-0.021115772426128387,0.9689494371414185,-3.2070775032043457,2.9911234378814697,-1.6132826805114746,0.8370285636570372,291.7979685543342,0.0
104.498,81.47601028098568,-6.7553151721408575,-0.7572193185704036,59,0.11377093940973282,-0.011449526995420456,0.9628723859786987,3.4568841457366943,-3.398803949356079,0.1593085527420044,0.8359316359570679,291.7979685543342,0.0
104.549,81.47027581637111,-6.867618221285981,-0.9116607887474525,59,0.1331595480442047,-0.020002899691462517,0.9731314182281494,-0.45784857869148254,-0.7422499060630798,-2.662231683731079,0.8352240524457082,291.7979685543342,0.0
104.599,81.43787354466112,-6.406380508221671,-0.2948527332889151,59,0.10473383963108063,0.0004261448048055172,1.0541720390319824,2.032885789871216,0.051454097032547,4.278504848480225,0.8340534059336532,291.7979685543342,0.0
104.649,81.49136783819777,-7.07685525986937,-0.7843512982359993,59,0.14968493580818176,-0.022624904289841652,0.961536705493927,0.49815183877944946,-2.763223171234131,-1.8659007549285889,0.8335902227133725,291.7979685543342,0.0
104.7,81.4914410131946,-7.182851421772805,-1.2553004799109448,59,0.13012929260730743,-0.028895961120724678,1.0398285388946533,-1.5725855827331543,1.2876663208007812,-0.8649580478668213,0.8327244978175464,291.7979685543342,0.0
104.75,81.52588481106723,-7.1157731446098715,-1.180201349797215,59,0.14191974699497223,-0.03477546572685242,0.9712515473365784,-1.3926364183425903,-3.5761237144470215,2.8834776878356934,0.8320302348972739,291.7979685543342,0.0
104.801,81.4840216045862,-7.916993693000934,-1.7325062654109689,59,0.1443537324666977,-0.028661733493208885,0.9861263632774353,-2.4162933826446533,2.667091131210327,-3.018289804458618,0.8303810853035033,274.9642061098728,0.0
104.851,81.41582049370541,-7.438731661803395,-0.7490624986345844,59,0.11512689292430878,0.008614851161837578,0.9997081160545349,0.9831486940383911,-0.9340384602546692,0.9320850968360901,0.8307689460316688,274.9642061098728,0.0
104.902,81.44255262748291,-7.771065253154387,-0.9978876282246207,59,0.12909971177577972,-0.013920850120484829,0.9781810641288757,1.01806640625,1.1672827005386353,-4.041178226470947,0.8321987859726807,274.9642061098728,0.0
104.952,81.47738476151252,-7.54876753798804,-1.103789604660457,59,0.15381558239459991,-0.04747023060917854,1.0149929523468018,-2.194864273071289,0.15098123252391815,2.9816172122955322,0.8335440000433391,274.9642061098728,0.0
105.002,81.40362750878796,-7.40627324285302,-1.1788147797438748,59,0.10564246028661728,-0.005023414269089699,0.9518846273422241,-2.760776996612549,2.1596591472625732,-0.7985355854034424,0.8358139870813501,274.9642061098728,0.0
105.053,81.44761505527967,-7.343681068212553,-1.1078851057244765,59,0.1292770355939865,-0.019999464973807335,0.9684868454933167,-2.942535638809204,4.194141864776611,-0.24538059532642365,0.8373895408366319,274.9642061098728,0.0
105.103,81.44799397362296,-6.960801699389299,-1.0559226324685358,59,0.10546999424695969,-0.01955024152994156,1.0199968814849854,2.173722743988037,-0.4993293583393097,1.6271394491195679,0.8387419767186233,274.9642061098728,0.0
105.153,81.46656500182289,-6.670119622143156,-1.2093422764927388,59,0.1070263683795929,-0.02619980275630951,1.0136659145355225,-0.7628767490386963,0.36516112089157104,0.7871302962303162,0.8400727137710906,274.9642061098728,0.0
105.204,81.48922631940378,-7.308197101384572,-1.8719662626593956,59,0.14122577011585236,-0.03925499692559242,0.9931517839431763,0.9481379985809326,1.7601957321166992,-3.763537883758545,0.8409234479190606,274.9642061098728,0.0
105.254,81.44317957688475,-6.826537299672739,-1.5177457286565856,59,0.11006764322519302,-0.030216583982110023,1.0146152973175049,-0.9420773386955261,-2.2196474075317383,0.9493101239204407,0.8418956665076445,274.9642061098728,0.0
105.304,81.42773808346918,-7.08061343511431,-1.5695494587113548,59,0.13263437151908875,-0.02724224515259266,0.9396026730537415,-2.7318789958953857,3.30021333694458,0.698836088180542,0.8417569175342731,283.1693221712125,0.0
105.355,81.35068010151116,-7.9250630582964625,-2.0054855989108957,58,0.15187953412532806,-0.027816124260425568,1.0183682441711426,1.4410490989685059,-3.722048759460449,-6.206769943237305,0.8423442995793802,283.1693221712125,0.0
105.405,81.23302780449389,-7.172362406703089,-0.7442571573203786,58,0.10823066532611847,0.012196955271065235,0.9884248971939087,-1.2518924474716187,-2.23103666305542,-1.1363950967788696,0.8431133096667838,283.1693221712125,0.0
105.455,81.21202758392381,-6.7876162022447355,0.011313262855282714,58,0.10362034291028976,0.0171356201171875,0.9735743999481201,0.12387876957654953,-0.3704643249511719,2.140223264694214,0.8441497825505876,283.1693221712125,0.0
105.506,81.33349989460237,-7.41474008223678,-0.7955397410855374,58,0.15678367018699646,-0.045770350843667984,1.0377508401870728,-1.481882095336914,1.2670941352844238,1.0123599767684937,0.845584699783196,283.1693221712125,0.0
105.556,81.30043460682941,-7.651777952807406,-1.1206480542198216,58,0.12521372735500336,-0.020963961258530617,0.9874210357666016,-0.05288619175553322,1.6575297117233276,-1.22847580909729,0.846791692837117,283.1693221712125,0.0
105.606,81.30660240614928,-7.549389110263385,-0.7232021299326677,59,0.13162288069725037,-0.001895315246656537,0.9157136678695679,-0.5773123502731323,-0.5696948170661926,1.3137900829315186,0.8473772625316051,283.1693221712125,0.0
105.657,81.36437474362911,-7.620081708704383,-1.2039087885612394,59,0.137583389878273,-0.03359609097242355,1.0630615949630737,-1.7868382930755615,-2.9351963996887207,0.27815020084381104,0.8483022467698994,283.1693221712125,0.0
105.707,81.37804231179909,-7.245658087621215,-1.0234860962450631,59,0.11531218141317368,-0.022579709067940712,0.9622757434844971,-0.377070814371109,0.48020410537719727,2.098207712173462,0.8487211506805501,283.1693221712125,0.0
105.757,81.36801976250244,-7.282147538669905,-1.081290728920757,59,0.11382275074720383,-0.011265471577644348,0.9812778234481812,-3.7777504920959473,0.7316209077835083,0.8820765018463135,0.8487926069990195,283.1693221712125,0.0
105.807,81.42181057865614,-7.228857350783478,-1.3698961546610402,59,0.1326867789030075,-0.03864855691790581,0.9897878766059875,2.429542303085327,-2.3489296436309814,-0.3617233335971832,0.8486430634523795,283.1693221712125,0.0
105.857,81.39169405190009,-7.3862900571104735,-1.5128877283025524,58,0.13015936315059662,-0.02672327309846878,0.9781396389007568,1.644034743309021,-2.8526649475097656,-1.3889669179916382,0.8485862390747485,253.0805527062089,0.0
105.908,81.3202134853326,-7.278334726794974,-1.1844858665341602,58,0.10979000478982925,-0.00328171462751925,0.9961197972297668,-1.469216227531433,0.03463289886713028,1.0089832544326782,0.8481898076137939,253.0805527062089,0.0
105.959,81.34964145766645,-7.452816107053171,-1.4262771324133636,58,0.13780172169208527,-0.043477945029735565,1.006476640701294,-3.2234389781951904,4.49068546295166,-1.7138655185699463,0.8477162789347733,253.0805527062089,0.0
106.009,81.27536964543927,-7.439598733592006,-1.2248552119824552,58,0.12379772961139679,-0.010909894481301308,0.9929520487785339,-0.5026761889457703,2.3077220916748047,-1.006577730178833,0.8468329475740848,253.0805527062089,0.0
106.06,81.25790572933745,-7.2080773017930975,-0.8080576040701326,59,0.11455845832824707,-0.003912424668669701,0.977669894695282,4.087924480438232,-2.447181463241577,0.21974551677703857,0.8452711998338679,253.0805527062089,0.0
106.11,81.3617178091548,-7.686385211591373,-1.454787674823675,59,0.15765157341957092,-0.04766541346907616,0.9850337505340576,1.3490835428237915,-1.8958234786987305,0.2654052972793579,0.8436884037722506,253.0805527062089,0.0
106.16,81.32731365342909,-7.422482595160022,-1.2220016778375582,59,0.11049575358629227,-0.0013157522771507502,1.0090786218643188,1.3080989122390747,-2.0196807384490967,1.016066312789917,0.8423441982827841,253.0805527062089,0.0
106.211,81.39808162814461,-6.995263077182226,-0.6277757710623947,59,0.11209435760974884,0.003741823835298419,1.0058683156967163,-1.3194574117660522,-0.8277385830879211,3.594804525375366,0.8412601893128919,253.0805527062089,0.0
106.261,81.53354946562393,-7.999756583547095,-1.5311172407717062,59,0.17505700886249542,-0.06129072234034538,1.0319342613220215,-0.7104506492614746,-3.8213741779327393,2.0666310787200928,0.8394371407132001,253.0805527062089,0.0
106.311,81.47250506409456,-8.348797430895681,-2.3375724200117527,59,0.12577074766159058,-0.04185175523161888,0.9979292154312134,-0.8236333727836609,1.7922247648239136,-3.5849761962890625,0.8370432134235503,253.0805527062089,0.0
106.361,81.43950095464773,-7.753302433794619,-1.8715454134860352,59,0.13319191336631775,-0.027934925630688667,0.9637182354927063,-5.898019313812256,7.607868671417236,0.36939218640327454,0.8351878974076583,253.0805527062089,0.0
106.412,81.37455750072264,-7.758819120161022,-1.393095770830457,59,0.1182236447930336,-0.001985550858080387,0.9582163691520691,1.5735725164413452,-0.31412482261657715,-2.567952871322632,0.8324848088258772,282.1786867599569,0.0
106.462,81.423818153642,-7.306473961590359,-0.8991643112308761,59,0.12931056320667267,-0.02210204117000103,0.9668582081794739,0.36801809072494507,-2.585176467895508,3.2538201808929443,0.8313986198793412,282.1786867599569,0.0
106.512,81.48168768472111,-7.542820119619055,-1.4996094667707145,59,0.13551093637943268,-0.03961645066738129,1.0121872425079346,-0.7782371044158936,-2.2622437477111816,2.085381031036377,0.8298861663800321,282.1786867599569,0.0
106.563,81.4917657187248,-7.701007962282716,-2.1923745200259837,59,0.1288551688194275,-0.04247543215751648,1.0108546018600464,-0.6806806325912476,-0.029779518023133278,-1.0412248373031616,0.8292252787163132,282.1786867599569,0.0
106.613,81.50854459689683,-7.69279014802133,-2.463282477827861,59,0.1378772109746933,-0.05342092365026474,1.0036388635635376,-1.928725242614746,4.988221645355225,-0.4606264531612396,0.8277138982531058,282.1786867599569,0.0
106.664,81.41924647766645,-7.769973730945717,-2.0987924165313974,59,0.13311465084552765,-0.01613360457122326,0.9693942070007324,-0.6132974624633789,-0.9965662956237793,-3.0902509689331055,0.8268279772997913,282.1786867599569,0.0
106.714,81.40189512797161,-7.676867605467914,-1.3619112154567112,59,0.14653177559375763,-0.0221371129155159,0.9774022102355957,-0.3219282627105713,-2.680232524871826,1.821630835533142,0.8254660403876296,282.1786867599569,0.0
106.765,81.30079638885267,-7.664523305666489,-0.9526125424784033,59,0.10669780522584915,0.014127926900982857,0.9772903919219971,2.295961618423462,-2.6029882431030273,-3.0119247436523438,0.8244159727161928,282.1786867599569,0.0
106.815,81.37120015826086,-7.5737296611123215,-0.7932780930500271,59,0.1518111675977707,-0.03307240456342697,0.9784460067749023,0.43870246410369873,0.8571804165840149,1.1200131177902222,0.8230327274586902,282.1786867599569,0.0
106.865,81.33938943265197,-7.742890059599945,-1.1325992712237796,59,0.12312322109937668,-0.015558255836367607,1.0211936235427856,0.9502314925193787,-1.2758640050888062,-0.3770049512386322,0.8220356968592061,282.1786867599569,0.0
106.915,81.34585238851686,-7.676660699739994,-1.4537932964171676,59,0.1328483521938324,-0.03013884276151657,1.024990439414978,1.1993964910507202,-0.4559008777141571,-2.0672619342803955,0.8208902138298587,284.70703231061634,0.0
106.966,81.35300005639587,-7.479050231627134,-1.200853382493153,59,0.13645346462726593,-0.019875582307577133,0.9485173225402832,-3.4658167362213135,5.081912994384766,1.9737471342086792,0.8202173472089941,284.70703231061634,0.0
107.016,81.39303100562063,-7.844350954070236,-0.9968795247832062,59,0.14939528703689575,-0.017599867656826973,0.9572674632072449,-0.4321902394294739,-3.559335947036743,3.0232276916503906,0.8194017455972018,284.70703231061634,0.0
107.066,81.39037999189325,-8.157726052762207,-1.2113668783957412,59,0.12817944586277008,-0.009458966553211212,0.9897327423095703,3.0813257694244385,-2.5441503524780273,0.28429579734802246,0.8194150817879664,284.70703231061634,0.0
107.117,81.4473614633485,-7.9185937997042135,-1.3933785372336047,59,0.14479292929172516,-0.04063453897833824,1.0248745679855347,-0.7820522785186768,4.676052570343018,-1.1435717344284058,0.8196644991673093,284.70703231061634,0.0
107.167,81.41942225025451,-7.676604658877069,-1.413746561239969,59,0.1264263391494751,-0.028348606079816818,0.999756395816803,0.932650625705719,-1.4097267389297485,1.7078403234481812,0.8200887757104516,284.70703231061634,0.0
107.218,81.42984907975031,-7.683004360456821,-1.6186192074140902,59,0.1301681250333786,-0.02411440573632717,0.9702538251876831,0.25412604212760925,1.6112103462219238,-1.701827883720398,0.8202602275058453,284.70703231061634,0.0
107.268,81.46217989676661,-7.4723625527176365,-1.2182510543364258,59,0.1373281180858612,-0.0252726748585701,0.9801397323608398,-0.0868396908044815,-1.9346766471862793,1.3529709577560425,0.8204731565750675,284.70703231061634,0.0
107.318,81.47356143960369,-7.5578577768663635,-1.5183812394818335,59,0.12351954728364944,-0.02900552749633789,0.9674204587936401,2.378833532333374,-3.9986085891723633,0.2711896300315857,0.8212418479351019,284.70703231061634,0.0
107.369,81.53495857431808,-7.301400676622796,-1.838032256329908,59,0.13385549187660217,-0.043748561292886734,1.0198044776916504,-2.883415460586548,3.2194762229919434,2.065354585647583,0.8210894812928862,284.70703231061634,0.0
107.419,81.53352960975214,-7.258258628914332,-1.9547642067921704,59,0.12096364051103592,-0.02463330142199993,0.974986732006073,4.4298095703125,0.3881482183933258,-0.4831657111644745,0.8208232316330891,284.70703231061634,0.0
107.47,81.5617870383503,-7.2234386595702125,-1.7843182207493096,59,0.1313394010066986,-0.029240131378173828,0.9870158433914185,1.303776502609253,-0.7012513875961304,0.626819372177124,0.8210084371127171,285.22978578714725,0.0
107.52,81.59462951467977,-7.213173025851134,-1.8584332681509488,59,0.1287156194448471,-0.037171002477407455,1.0496524572372437,-1.7307443618774414,-0.022131359204649925,0.6904310584068298,0.8212534142420572,285.22978578714725,0.0
107.57,81.59652473475569,-7.162697762674739,-1.9007705301647129,58,0.12432149797677994,-0.03293225169181824,1.0466951131820679,-2.552339553833008,0.13929425179958344,0.5086315274238586,0.8216760491339755,285.22978578714725,0.0
107.62,81.59741512352375,-7.342948213935581,-1.6292832224915024,58,0.12777219712734222,-0.025831488892436028,0.9502728581428528,-4.41612434387207,2.1173713207244873,0.7793234586715698,0.8220637256955596,285.22978578714725,0.0
107.671,81.60089796300086,-7.639833633618759,-1.6764726071889076,58,0.1365211457014084,-0.0252554751932621,0.9700750112533569,-2.492300510406494,0.3564940392971039,-1.6858248710632324,0.823127314270554,285.22978578714725,0.0
107.721,81.59002645352108,-7.456237112585672,-1.4109932232582008,58,0.12043184041976929,-0.014996422454714775,0.9807583093643188,-0.2367594987154007,-2.4231154918670654,0.45677605271339417,0.8241861258989301,285.22978578714725,0.0
107.772,81.62288641820594,-7.671174702999608,-1.6553270520431929,58,0.14500488340854645,-0.03617224469780922,0.9886887073516846,-0.6633399724960327,-2.3704512119293213,-0.9875137805938721,0.8249772489882223,285.22978578714725,0.0
107.822,81.59503767070346,-7.910416260334073,-1.9629396781565611,59,0.1474706381559372,-0.04056163877248764,1.0196841955184937,-1.0577561855316162,-2.897136688232422,-1.950740098953247,0.8254090133312162,285.22978578714725,0.0
107.873,81.52243043094273,-7.546520924782211,-1.128012833083275,59,0.11632926017045975,0.0023730157408863306,0.9745718836784363,-1.297141432762146,0.629202127456665,2.040736675262451,0.8265928352063213,285.22978578714725,0.0
107.923,81.52544636518378,-7.777375032567356,-1.1042784012769769,59,0.12940341234207153,-0.006636152043938637,0.9629497528076172,0.9455071091651917,-0.21494683623313904,-3.7375338077545166,0.827507053085515,285.22978578714725,0.0
107.974,81.6350067007385,-6.978087448669505,-0.8433421528548973,59,0.11808077245950699,-0.03010110929608345,1.0304895639419556,2.965470790863037,-5.320435047149658,5.891783714294434,0.8289466914700523,285.22978578714725,0.0
108.024,81.68495245514264,-7.157474359773937,-1.7367695348220555,59,0.11942075937986374,-0.03197859227657318,0.9747697710990906,-2.3939433097839355,-0.512439489364624,1.0807924270629883,0.8301108958924407,281.61031287766883,0.0
108.074,81.8125550660739,-7.560413978660405,-2.5439161992375614,59,0.15535801649093628,-0.07020816206932068,1.0350837707519531,-2.855011463165283,3.196497678756714,0.4863644242286682,0.8312013802110318,281.61031287766883,0.0
108.125,81.78892775560287,-7.861842120295251,-2.8632264242878174,59,0.12879464030265808,-0.04382900148630142,1.0246087312698364,0.5416862368583679,-1.9229109287261963,-0.3592853844165802,0.8318328563311197,281.61031287766883,0.0
108.175,81.77525758419355,-7.652510686696713,-2.6069531228516385,59,0.1214999333024025,-0.03602101653814316,0.9993235468864441,-1.0616945028305054,-2.405158281326294,0.8865868449211121,0.8328860959088021,281.61031287766883,0.0
108.225,81.8000051179002,-7.804401472774717,-3.0054205479179297,59,0.14180634915828705,-0.05868290364742279,1.0812443494796753,-6.289895534515381,2.3599987030029297,-4.678477764129639,0.83325394059205,281.61031287766883,0.0
108.277,81.845954390653,-7.579971720426907,-2.5047115076291306,59,0.14428812265396118,-0.05883524939417839,0.9825398325920105,-6.169094562530518,-4.515302658081055,2.9060161113739014,0.8338404675259549,281.61031287766883,0.0
108.328,81.91527405208701,-7.853337846817708,-2.1899302242672167,58,0.15310341119766235,-0.04820259287953377,1.0177017450332642,4.285295486450195,1.5094410181045532,8.878251075744629,0.8344916477866099,281.61031287766883,0.0
108.378,81.87773475008642,-9.515678180467445,-3.4700405666080805,58,0.16790185868740082,-0.061967480927705765,0.977110743522644,3.0257351398468018,0.10833650082349777,-9.27957820892334,0.83543090437483,281.61031287766883,0.0
108.429,81.86170670009136,-8.132654154321338,-2.4574288187380318,58,0.1292855441570282,-0.025449037551879883,1.0539008378982544,5.899484157562256,0.6224332451820374,1.7940523624420166,0.8367845412503709,281.61031287766883,0.0
108.479,82.00444143511373,-8.127070528056215,-2.1120156221687667,58,0.1588788628578186,-0.04424235597252846,0.9204045534133911,-4.126280307769775,9.565505027770996,7.808236598968506,0.8377273462193506,281.61031287766883,0.0
108.53,82.19729585935397,-7.524292732954139,-1.4784789219404297,58,0.11972875893115997,0.005947204772382975,1.1349128484725952,26.802831649780273,-17.363130569458008,7.0116777420043945,0.8393107776737846,285.26858464258993,0.0
108.58,82.33813715563524,-9.112821759904776,-2.3140550253378436,59,0.18042707443237305,-0.04602089524269104,0.8918625712394714,-11.950209617614746,-3.7454159259796143,-6.942276954650879,0.8405685846659176,285.26858464258993,0.0
108.63,82.42454135166075,-8.370804685766014,-1.8944143822750485,59,0.16558776795864105,-0.06926947087049484,1.129963755607605,7.592842102050781,-13.555660247802734,9.430244445800781,0.8430049302272438,285.26858464258993,0.0
108.681,82.13505125759094,-8.889845089006771,-2.5237578977609343,59,0.09068164974451065,-0.009810447692871094,0.8825197815895081,-10.561721801757812,10.57966423034668,-14.058528900146484,0.8446561103819044,285.26858464258993,0.0
108.731,82.12389756443196,-7.442669319321248,-2.4128135499733685,59,0.15051989257335663,-0.06738497316837311,1.0682367086410522,11.993298530578613,-14.275575637817383,-1.2139390707015991,0.847759294154451,285.26858464258993,0.0
108.781,81.83816914705886,-7.542335012416225,-3.018260938673392,59,0.11319504678249359,-0.049968671053647995,0.9166117310523987,-12.878588676452637,10.186287879943848,-10.367877006530762,0.8502449595475917,285.26858464258993,0.0
108.832,81.67917382965693,-6.712273054116118,-2.528721662872617,59,0.1226806566119194,-0.05838571861386299,0.9609533548355103,18.028017044067383,-8.953539848327637,1.0188342332839966,0.8547132067201921,285.26858464258993,0.0
108.882,81.42452677918153,-7.094682092431649,-3.376596050947837,59,0.09068480134010315,-0.03361883759498596,0.974126398563385,-8.004752159118652,5.7132649421691895,-16.245655059814453,0.8582381742359496,285.26858464258993,0.0
108.933,81.3679553224346,-5.613429687617387,-2.1117486837577313,59,0.12757311761379242,-0.04637699946761131,1.0038173198699951,13.799703598022461,-8.016571044921875,7.204396724700928,0.8633050941364082,285.26858464258993,0.0
108.983,81.20186085143294,-7.030006546024726,-2.723441986672974,59,0.12399929761886597,-0.01765426993370056,0.8447026610374451,-3.139078140258789,3.3919289112091064,-10.68005657196045,0.8663644507902721,285.26858464258993,0.0
109.034,81.22688350582148,-5.7020320042699435,-1.3317322338726605,59,0.10341735929250717,0.005927238147705793,1.0017328262329102,30.2673282623291,-21.40007972717285,6.369070053100586,0.8712077128909138,285.26858464258993,0.0
109.084,81.29418463107483,-6.458309500016769,-2.0451015206065586,59,0.12270663678646088,-0.03833450749516487,0.9058719277381897,-1.1507813930511475,2.7146828174591064,-3.29282546043396,0.8746535283026171,279.47121535181236,0.0
109.135,81.3644237558299,-6.702942675635393,-2.1634797691317074,59,0.1618342399597168,-0.04173262417316437,0.8760544061660767,17.750986099243164,-11.757851600646973,-1.1570199728012085,0.8800600184003479,279.47121535181236,0.0
109.185,81.32397456259984,-6.746731004310692,-2.3149093710308937,59,0.1081557348370552,-0.029640626162290573,0.930224597454071,-2.8184304237365723,3.265685558319092,1.2534575462341309,0.8835774184750416,279.47121535181236,0.0
109.236,81.42087680357476,-6.6063380780504515,-2.5602507687874723,59,0.1311076581478119,-0.060073718428611755,1.0609939098358154,1.7292054891586304,-0.15846194326877594,4.712027072906494,0.8887422858219648,279.47121535181236,0.0
109.286,81.36642227093138,-7.018867726232875,-2.600793064153491,59,0.11467674374580383,-0.02600819803774357,0.9358704686164856,7.458719730377197,0.2099263221025467,-2.2476892471313477,0.891339690218152,279.47121535181236,0.0
109.337,81.51902771071491,-6.091103425821126,-1.7275160957308386,58,0.11113838851451874,-0.045684464275836945,0.9835660457611084,9.600290298461914,11.707411766052246,7.703993797302246,0.895226892830468,279.47121535181236,0.0
109.387,81.60133832392675,-6.645007109006955,-2.482543878783305,58,0.11675695329904556,-0.04476704075932503,0.9463922381401062,-0.7083179950714111,2.158524751663208,-3.9976494312286377,0.8990616207777619,279.47121535181236,0.0
109.437,81.59782821786699,-4.4799929947009645,-0.3555046812825008,58,0.04094051569700241,0.028290651738643646,1.0083954334259033,17.780860900878906,-5.178531646728516,14.37324333190918,0.9014477691021252,279.47121535181236,0.0
109.488,81.97978655619352,-5.717371414530182,-2.493510108931413,58,0.13692596554756165,-0.09325048327445984,0.9975941181182861,-7.2557573318481445,0.7855901122093201,-2.3767080307006836,0.9044977869253813,279.47121535181236,0.0
109.538,81.84698176482354,-4.875765151354273,-2.1780020746329716,58,0.058686546981334686,-0.014712565578520298,1.0134105682373047,6.0264153480529785,-5.278783321380615,2.502246379852295,0.9060707497172692,279.47121535181236,0.0
109.588,81.9194588975979,-5.209669758453328,-2.803194709409611,59,0.10907969623804092,-0.07003611326217651,0.9878286719322205,-4.554919719696045,-0.2963608503341675,-2.5177297592163086,0.9082362512822549,297.426180683591,0.0
109.639,81.81802585785056,-4.903193791633965,-2.605791089031509,59,0.054458700120449066,-0.03187476098537445,0.9922834038734436,1.3315496444702148,4.812539100646973,-4.0604400634765625,0.9089353486709614,297.426180683591,0.0
109.689,81.81802585785056,-4.903193791633965,-2.605791089031509,59,0.054458700120449066,-0.03187476098537445,0.9922834038734436,1.3315496444702148,4.812539100646973,-4.0604400634765625,0.9089353486709614,297.426180683591,0.0
109.739,81.81802585785056,-4.903193791633965,-2.605791089031509,59,0.054458700120449066,-0.03187476098537445,0.9922834038734436,1.3315496444702148,4.812539100646973,-4.0604400634765625,0.9089353486709614,297.426180683591,0.0
109.789,81.81802585785056,-4.903193791633965,-2.605791089031509,59,0.054458700120449066,-0.03187476098537445,0.9922834038734436,1.3315496444702148,4.812539100646973,-4.0604400634765625,0.9089353486709614,297.426180683591,0.0
109.84,81.81802585785056,-4.903193791633965,-2.605791089031509,59,0.054458700120449066,-0.03187476098537445,0.9922834038734436,1.3315496444702148,4.812539100646973,-4.0604400634765625,0.9089353486709614,297.426180683591,0.0
109.89,81.81802585785056,-4.903193791633965,-2.605791089031509,59,0.054458700120449066,-0.03187476098537445,0.9922834038734436,1.3315496444702148,4.812539100646973,-4.0604400634765625,0.9089353486709614,297.426180683591,0.0
109.94,81.81802585785056,-4.903193791633965,-2.605791089031509,59,0.054458700120449066,-0.03187476098537445,0.9922834038734436,1.3315496444702148,4.812539100646973,-4.0604400634765625,0.9089353486709614,297.426180683591,0.0
109.99,81.81802585785056,-4.903193791633965,-2.605791089031509,59,0.054458700120449066,-0.03187476098537445,0.9922834038734436,1.3315496444702148,4.812539100646973,-4.0604400634765625,0.9089353486709614,297.426180683591,0.0
110.041,81.81802585785056,-4.903193791633965,-2.605791089031509,59,0.054458700120449066,-0.03187476098537445,0.9922834038734436,1.3315496444702148,4.812539100646973,-4.0604400634765625,0.9089353486709614,297.426180683591,0.0
110.091,81.81802585785056,-4.903193791633965,-2.605791089031509,59,0.054458700120449066,-0.03187476098537445,0.9922834038734436,1.3315496444702148,4.812539100646973,-4.0604400634765625,0.9089353486709614,297.426180683591,0.0
110.141,81.81802585785056,-4.903193791633965,-2.605791089031509,59,0.054458700120449066,-0.03187476098537445,0.9922834038734436,1.3315496444702148,4.812539100646973,-4.0604400634765625,0.9089353486709614,285.54047246238684,0.0
110.192,81.81802585785056,-4.903193791633965,-2.605791089031509,59,0.054458700120449066,-0.03187476098537445,0.9922834038734436,1.3315496444702148,4.812539100646973,-4.0604400634765625,0.9089353486709614,285.54047246238684,0.0
110.242,81.81802585785056,-4.903193791633965,-2.605791089031509,59,0.054458700120449066,-0.03187476098537445,0.9922834038734436,1.3315496444702148,4.812539100646973,-4.0604400634765625,0.9089353486709614,285.54047246238684,0.0
110.292,81.81802585785056,-4.903193791633965,-2.605791089031509,59,0.054458700120449066,-0.03187476098537445,0.9922834038734436,1.3315496444702148,4.812539100646973,-4.0604400634765625,0.9089353486709614,285.54047246238684,0.0
110.343,81.81802585785056,-4.903193791633965,-2.605791089031509,59,0.054458700120449066,-0.03187476098537445,0.9922834038734436,1.3315496444702148,4.812539100646973,-4.0604400634765625,0.9089353486709614,285.54047246238684,0.0
110.393,81.81802585785056,-4.903193791633965,-2.605791089031509,59,0.054458700120449066,-0.03187476098537445,0.9922834038734436,1.3315496444702148,4.812539100646973,-4.0604400634765625,0.9089353486709614,285.54047246238684,0.0
110.443,81.81802585785056,-4.903193791633965,-2.605791089031509,59,0.054458700120449066,-0.03187476098537445,0.9922834038734436,1.3315496444702148,4.812539100646973,-4.0604400634765625,0.9089353486709614,285.54047246238684,0.0
110.494,81.81802585785056,-4.903193791633965,-2.605791089031509,59,0.054458700120449066,-0.03187476098537445,0.9922834038734436,1.3315496444702148,4.812539100646973,-4.0604400634765625,0.9089353486709614,285.54047246238684,0.0
110.544,81.81802585785056,-4.903193791633965,-2.605791089031509,59,0.054458700120449066,-0.03187476098537445,0.9922834038734436,1.3315496444702148,4.812539100646973,-4.0604400634765625,0.9089353486709614,285.54047246238684,0.0
110.594,81.81802585785056,-4.903193791633965,-2.605791089031509,59,0.054458700120449066,-0.03187476098537445,0.9922834038734436,1.3315496444702148,4.812539100646973,-4.0604400634765625,0.9089353486709614,285.54047246238684,0.0
110.645,81.81802585785056,-4.903193791633965,-2.605791089031509,59,0.054458700120449066,-0.03187476098537445,0.9922834038734436,1.3315496444702148,4.812539100646973,-4.0604400634765625,0.9089353486709614,285.54047246238684,0.0
110.695,81.81802585785056,-4.903193791633965,-2.605791089031509,59,0.054458700120449066,-0.03187476098537445,0.9922834038734436,1.3315496444702148,4.812539100646973,-4.0604400634765625,0.9089353486709614,270.3909231562661,0.0
110.745,81.81802585785056,-4.903193791633965,-2.605791089031509,59,0.054458700120449066,-0.03187476098537445,0.9922834038734436,1.3315496444702148,4.812539100646973,-4.0604400634765625,0.9089353486709614,270.3909231562661,0.0
110.795,81.81802585785056,-4.903193791633965,-2.605791089031509,59,0.054458700120449066,-0.03187476098537445,0.9922834038734436,1.3315496444702148,4.812539100646973,-4.0604400634765625,0.9089353486709614,270.3909231562661,0.0
110.846,81.81802585785056,-4.903193791633965,-2.605791089031509,59,0.054458700120449066,-0.03187476098537445,0.9922834038734436,1.3315496444702148,4.812539100646973,-4.0604400634765625,0.9089353486709614,270.3909231562661,0.0
110.897,81.81802585785056,-4.903193791633965,-2.605791089031509,59,0.054458700120449066,-0.03187476098537445,0.9922834038734436,1.3315496444702148,4.812539100646973,-4.0604400634765625,0.9089353486709614,270.3909231562661,0.0
110.947,81.81802585785056,-4.903193791633965,-2.605791089031509,59,0.054458700120449066,-0.03187476098537445,0.9922834038734436,1.3315496444702148,4.812539100646973,-4.0604400634765625,0.9089353486709614,270.3909231562661,0.0
110.997,81.81802585785056,-4.903193791633965,-2.605791089031509,59,0.054458700120449066,-0.03187476098537445,0.9922834038734436,1.3315496444702148,4.812539100646973,-4.0604400634765625,0.9089353486709614,270.3909231562661,0.0
111.047,81.81802585785056,-4.903193791633965,-2.605791089031509,59,0.054458700120449066,-0.03187476098537445,0.9922834038734436,1.3315496444702148,4.812539100646973,-4.0604400634765625,0.9089353486709614,270.3909231562661,0.0
111.098,81.81802585785056,-4.903193791633965,-2.605791089031509,59,0.054458700120449066,-0.03187476098537445,0.9922834038734436,1.3315496444702148,4.812539100646973,-4.0604400634765625,0.9089353486709614,270.3909231562661,0.0
111.149,81.81802585785056,-4.903193791633965,-2.605791089031509,59,0.054458700120449066,-0.03187476098537445,0.9922834038734436,1.3315496444702148,4.812539100646973,-4.0604400634765625,0.9089353486709614,270.3909231562661,0.0
111.199,81.81802585785056,-4.903193791633965,-2.605791089031509,59,0.054458700120449066,-0.03187476098537445,0.9922834038734436,1.3315496444702148,4.812539100646973,-4.0604400634765625,0.9089353486709614,282.21665993809717,0.0
111.25,81.81802585785056,-4.903193791633965,-2.605791089031509,59,0.054458700120449066,-0.03187476098537445,0.9922834038734436,1.3315496444702148,4.812539100646973,-4.0604400634765625,0.9089353486709614,282.21665993809717,0.0
111.3,81.81802585785056,-4.903193791633965,-2.605791089031509,59,0.054458700120449066,-0.03187476098537445,0.9922834038734436,1.3315496444702148,4.812539100646973,-4.0604400634765625,0.9089353486709614,282.21665993809717,0.0
111.35,81.81802585785056,-4.903193791633965,-2.605791089031509,59,0.054458700120449066,-0.03187476098537445,0.9922834038734436,1.3315496444702148,4.812539100646973,-4.0604400634765625,0.9089353486709614,282.21665993809717,0.0
111.401,81.81802585785056,-4.903193791633965,-2.605791089031509,59,0.054458700120449066,-0.03187476098537445,0.9922834038734436,1.3315496444702148,4.812539100646973,-4.0604400634765625,0.9089353486709614,282.21665993809717,0.0
111.451,81.81802585785056,-4.903193791633965,-2.605791089031509,59,0.054458700120449066,-0.03187476098537445,0.9922834038734436,1.3315496444702148,4.812539100646973,-4.0604400634765625,0.9089353486709614,282.21665993809717,0.0
111.502,81.81802585785056,-4.903193791633965,-2.605791089031509,59,0.054458700120449066,-0.03187476098537445,0.9922834038734436,1.3315496444702148,4.812539100646973,-4.0604400634765625,0.9089353486709614,282.21665993809717,0.0
111.552,81.81802585785056,-4.903193791633965,-2.605791089031509,59,0.054458700120449066,-0.03187476098537445,0.9922834038734436,1.3315496444702148,4.812539100646973,-4.0604400634765625,0.9089353486709614,282.21665993809717,0.0
111.602,81.81802585785056,-4.903193791633965,-2.605791089031509,59,0.054458700120449066,-0.03187476098537445,0.9922834038734436,1.3315496444702148,4.812539100646973,-4.0604400634765625,0.9089353486709614,282.21665993809717,0.0
111.653,81.81802585785056,-4.903193791633965,-2.605791089031509,59,0.054458700120449066,-0.03187476098537445,0.9922834038734436,1.3315496444702148,4.812539100646973,-4.0604400634765625,0.9089353486709614,282.21665993809717,0.0
111.703,81.81802585785056,-4.903193791633965,-2.605791089031509,59,0.054458700120449066,-0.03187476098537445,0.9922834038734436,1.3315496444702148,4.812539100646973,-4.0604400634765625,0.9089353486709614,282.21665993809717,0.0
111.753,81.81802585785056,-4.903193791633965,-2.605791089031509,59,0.054458700120449066,-0.03187476098537445,0.9922834038734436,1.3315496444702148,4.812539100646973,-4.0604400634765625,0.9089353486709614,272.4458590451445,0.0
111.803,81.81802585785056,-4.903193791633965,-2.605791089031509,59,0.054458700120449066,-0.03187476098537445,0.9922834038734436,1.3315496444702148,4.812539100646973,-4.0604400634765625,0.9089353486709614,272.4458590451445,0.0
111.854,81.81802585785056,-4.903193791633965,-2.605791089031509,59,0.054458700120449066,-0.03187476098537445,0.9922834038734436,1.3315496444702148,4.812539100646973,-4.0604400634765625,0.9089353486709614,272.4458590451445,0.0
111.904,81.81802585785056,-4.903193791633965,-2.605791089031509,59,0.054458700120449066,-0.03187476098537445,0.9922834038734436,1.3315496444702148,4.812539100646973,-4.0604400634765625,0.9089353486709614,272.4458590451445,0.0
111.954,81.81802585785056,-4.903193791633965,-2.605791089031509,59,0.054458700120449066,-0.03187476098537445,0.9922834038734436,1.3315496444702148,4.812539100646973,-4.0604400634765625,0.9089353486709614,272.4458590451445,0.0
112.004,81.81802585785056,-4.903193791633965,-2.605791089031509,59,0.054458700120449066,-0.03187476098537445,0.9922834038734436,1.3315496444702148,4.812539100646973,-4.0604400634765625,0.9089353486709614,272.4458590451445,0.0
112.055,81.81802585785056,-4.903193791633965,-2.605791089031509,59,0.054458700120449066,-0.03187476098537445,0.9922834038734436,1.3315496444702148,4.812539100646973,-4.0604400634765625,0.9089353486709614,272.4458590451445,0.0
112.105,81.81802585785056,-4.903193791633965,-2.605791089031509,59,0.054458700120449066,-0.03187476098537445,0.9922834038734436,1.3315496444702148,4.812539100646973,-4.0604400634765625,0.9089353486709614,272.4458590451445,0.0
112.155,81.81802585785056,-4.903193791633965,-2.605791089031509,59,0.054458700120449066,-0.03187476098537445,0.9922834038734436,1.3315496444702148,4.812539100646973,-4.0604400634765625,0.9089353486709614,272.4458590451445,0.0
112.206,81.81802585785056,-4.903193791633965,-2.605791089031509,59,0.054458700120449066,-0.03187476098537445,0.9922834038734436,1.3315496444702148,4.812539100646973,-4.0604400634765625,0.9089353486709614,272.4458590451445,0.0
112.256,81.81802585785056,-4.903193791633965,-2.605791089031509,59,0.054458700120449066,-0.03187476098537445,0.9922834038734436,1.3315496444702148,4.812539100646973,-4.0604400634765625,0.9089353486709614,284.6297502714441,0.0
112.307,81.81802585785056,-4.903193791633965,-2.605791089031509,59,0.054458700120449066,-0.03187476098537445,0.9922834038734436,1.3315496444702148,4.812539100646973,-4.0604400634765625,0.9089353486709614,284.6297502714441,0.0
112.357,81.81802585785056,-4.903193791633965,-2.605791089031509,59,0.054458700120449066,-0.03187476098537445,0.9922834038734436,1.3315496444702148,4.812539100646973,-4.0604400634765625,0.9089353486709614,284.6297502714441,0.0
112.407,81.81802585785056,-4.903193791633965,-2.605791089031509,59,0.054458700120449066,-0.03187476098537445,0.9922834038734436,1.3315496444702148,4.812539100646973,-4.0604400634765625,0.9089353486709614,284.6297502714441,0.0
112.457,81.81802585785056,-4.903193791633965,-2.605791089031509,59,0.054458700120449066,-0.03187476098537445,0.9922834038734436,1.3315496444702148,4.812539100646973,-4.0604400634765625,0.9089353486709614,284.6297502714441,0.0
112.507,81.81802585785056,-4.903193791633965,-2.605791089031509,59,0.054458700120449066,-0.03187476098537445,0.9922834038734436,1.3315496444702148,4.812539100646973,-4.0604400634765625,0.9089353486709614,284.6297502714441,0.0
112.558,81.81802585785056,-4.903193791633965,-2.605791089031509,59,0.054458700120449066,-0.03187476098537445,0.9922834038734436,1.3315496444702148,4.812539100646973,-4.0604400634765625,0.9089353486709614,284.6297502714441,0.0
112.608,81.81802585785056,-4.903193791633965,-2.605791089031509,59,0.054458700120449066,-0.03187476098537445,0.9922834038734436,1.3315496444702148,4.812539100646973,-4.0604400634765625,0.9089353486709614,284.6297502714441,0.0
112.659,81.81802585785056,-4.903193791633965,-2.605791089031509,59,0.054458700120449066,-0.03187476098537445,0.9922834038734436,1.3315496444702148,4.812539100646973,-4.0604400634765625,0.9089353486709614,284.6297502714441,0.0
112.709,81.81802585785056,-4.903193791633965,-2.605791089031509,59,0.054458700120449066,-0.03187476098537445,0.9922834038734436,1.3315496444702148,4.812539100646973,-4.0604400634765625,0.9089353486709614,284.6297502714441,0.0
112.759,81.81802585785056,-4.903193791633965,-2.605791089031509,59,0.054458700120449066,-0.03187476098537445,0.9922834038734436,1.3315496444702148,4.812539100646973,-4.0604400634765625,0.9089353486709614,284.6297502714441,0.0
112.81,81.81802585785056,-4.903193791633965,-2.605791089031509,59,0.054458700120449066,-0.03187476098537445,0.9922834038734436,1.3315496444702148,4.812539100646973,-4.0604400634765625,0.9089353486709614,285.8713195201745,0.0
112.86,81.81802585785056,-4.903193791633965,-2.605791089031509,59,0.054458700120449066,-0.03187476098537445,0.9922834038734436,1.3315496444702148,4.812539100646973,-4.0604400634765625,0.9089353486709614,285.8713195201745,0.0
112.911,81.81802585785056,-4.903193791633965,-2.605791089031509,59,0.054458700120449066,-0.03187476098537445,0.9922834038734436,1.3315496444702148,4.812539100646973,-4.0604400634765625,0.9089353486709614,285.8713195201745,0.0
112.961,81.81802585785056,-4.903193791633965,-2.605791089031509,59,0.054458700120449066,-0.03187476098537445,0.9922834038734436,1.3315496444702148,4.812539100646973,-4.0604400634765625,0.9089353486709614,285.8713195201745,0.0
113.011,81.81802585785056,-4.903193791633965,-2.605791089031509,59,0.054458700120449066,-0.03187476098537445,0.9922834038734436,1.3315496444702148,4.812539100646973,-4.0604400634765625,0.9089353486709614,285.8713195201745,0.0
113.061,81.81802585785056,-4.903193791633965,-2.605791089031509,59,0.054458700120449066,-0.03187476098537445,0.9922834038734436,1.3315496444702148,4.812539100646973,-4.0604400634765625,0.9089353486709614,285.8713195201745,0.0
113.111,81.81802585785056,-4.903193791633965,-2.605791089031509,59,0.054458700120449066,-0.03187476098537445,0.9922834038734436,1.3315496444702148,4.812539100646973,-4.0604400634765625,0.9089353486709614,285.8713195201745,0.0
113.161,81.81802585785056,-4.903193791633965,-2.605791089031509,59,0.054458700120449066,-0.03187476098537445,0.9922834038734436,1.3315496444702148,4.812539100646973,-4.0604400634765625,0.9089353486709614,285.8713195201745,0.0
113.212,81.81802585785056,-4.903193791633965,-2.605791089031509,59,0.054458700120449066,-0.03187476098537445,0.9922834038734436,1.3315496444702148,4.812539100646973,-4.0604400634765625,0.9089353486709614,285.8713195201745,0.0
113.262,81.81802585785056,-4.903193791633965,-2.605791089031509,59,0.054458700120449066,-0.03187476098537445,0.9922834038734436,1.3315496444702148,4.812539100646973,-4.0604400634765625,0.9089353486709614,285.8713195201745,0.0
113.312,81.81802585785056,-4.903193791633965,-2.605791089031509,59,0.054458700120449066,-0.03187476098537445,0.9922834038734436,1.3315496444702148,4.812539100646973,-4.0604400634765625,0.9089353486709614,285.8713195201745,0.0
113.363,81.81802585785056,-4.903193791633965,-2.605791089031509,59,0.054458700120449066,-0.03187476098537445,0.9922834038734436,1.3315496444702148,4.812539100646973,-4.0604400634765625,0.9089353486709614,282.9019290435721,0.0
113.413,81.81802585785056,-4.903193791633965,-2.605791089031509,59,0.054458700120449066,-0.03187476098537445,0.9922834038734436,1.3315496444702148,4.812539100646973,-4.0604400634765625,0.9089353486709614,282.9019290435721,0.0
113.464,81.81802585785056,-4.903193791633965,-2.605791089031509,59,0.054458700120449066,-0.03187476098537445,0.9922834038734436,1.3315496444702148,4.812539100646973,-4.0604400634765625,0.9089353486709614,282.9019290435721,0.0
113.514,81.81802585785056,-4.903193791633965,-2.605791089031509,59,0.054458700120449066,-0.03187476098537445,0.9922834038734436,1.3315496444702148,4.812539100646973,-4.0604400634765625,0.9089353486709614,282.9019290435721,0.0
113.564,81.81802585785056,-4.903193791633965,-2.605791089031509,59,0.054458700120449066,-0.03187476098537445,0.9922834038734436,1.3315496444702148,4.812539100646973,-4.0604400634765625,0.9089353486709614,282.9019290435721,0.0
113.614,81.81802585785056,-4.903193791633965,-2.605791089031509,59,0.054458700120449066,-0.03187476098537445,0.9922834038734436,1.3315496444702148,4.812539100646973,-4.0604400634765625,0.9089353486709614,282.9019290435721,0.0
113.665,81.81802585785056,-4.903193791633965,-2.605791089031509,59,0.054458700120449066,-0.03187476098537445,0.9922834038734436,1.3315496444702148,4.812539100646973,-4.0604400634765625,0.9089353486709614,282.9019290435721,0.0
113.715,81.81802585785056,-4.903193791633965,-2.605791089031509,59,0.054458700120449066,-0.03187476098537445,0.9922834038734436,1.3315496444702148,4.812539100646973,-4.0604400634765625,0.9089353486709614,282.9019290435721,0.0
113.765,81.81802585785056,-4.903193791633965,-2.605791089031509,59,0.054458700120449066,-0.03187476098537445,0.9922834038734436,1.3315496444702148,4.812539100646973,-4.0604400634765625,0.9089353486709614,282.9019290435721,0.0
113.816,81.81802585785056,-4.903193791633965,-2.605791089031509,59,0.054458700120449066,-0.03187476098537445,0.9922834038734436,1.3315496444702148,4.812539100646973,-4.0604400634765625,0.9089353486709614,282.9019290435721,0.0
113.866,81.81802585785056,-4.903193791633965,-2.605791089031509,59,0.054458700120449066,-0.03187476098537445,0.9922834038734436,1.3315496444702148,4.812539100646973,-4.0604400634765625,0.9089353486709614,285.1909974841912,0.0
113.916,81.81802585785056,-4.903193791633965,-2.605791089031509,59,0.054458700120449066,-0.03187476098537445,0.9922834038734436,1.3315496444702148,4.812539100646973,-4.0604400634765625,0.9089353486709614,285.1909974841912,0.0
113.967,81.81802585785056,-4.903193791633965,-2.605791089031509,59,0.054458700120449066,-0.03187476098537445,0.9922834038734436,1.3315496444702148,4.812539100646973,-4.0604400634765625,0.9089353486709614,285.1909974841912,0.0
114.017,81.81802585785056,-4.903193791633965,-2.605791089031509,59,0.054458700120449066,-0.03187476098537445,0.9922834038734436,1.3315496444702148,4.812539100646973,-4.0604400634765625,0.9089353486709614,285.1909974841912,0.0
114.067,81.81802585785056,-4.903193791633965,-2.605791089031509,59,0.054458700120449066,-0.03187476098537445,0.9922834038734436,1.3315496444702148,4.812539100646973,-4.0604400634765625,0.9089353486709614,285.1909974841912,0.0
114.118,81.81802585785056,-4.903193791633965,-2.605791089031509,59,0.054458700120449066,-0.03187476098537445,0.9922834038734436,1.3315496444702148,4.812539100646973,-4.0604400634765625,0.9089353486709614,285.1909974841912,0.0
114.168,81.81802585785056,-4.903193791633965,-2.605791089031509,59,0.054458700120449066,-0.03187476098537445,0.9922834038734436,1.3315496444702148,4.812539100646973,-4.0604400634765625,0.9089353486709614,285.1909974841912,0.0
114.221,81.81802585785056,-4.903193791633965,-2.605791089031509,59,0.054458700120449066,-0.03187476098537445,0.9922834038734436,1.3315496444702148,4.812539100646973,-4.0604400634765625,0.9089353486709614,285.1909974841912,0.0
114.271,81.81802585785056,-4.903193791633965,-2.605791089031509,59,0.054458700120449066,-0.03187476098537445,0.9922834038734436,1.3315496444702148,4.812539100646973,-4.0604400634765625,0.9089353486709614,285.1909974841912,0.0
114.322,81.81802585785056,-4.903193791633965,-2.605791089031509,59,0.054458700120449066,-0.03187476098537445,0.9922834038734436,1.3315496444702148,4.812539100646973,-4.0604400634765625,0.9089353486709614,285.1909974841912,0.0
114.372,81.81802585785056,-4.903193791633965,-2.605791089031509,59,0.054458700120449066,-0.03187476098537445,0.9922834038734436,1.3315496444702148,4.812539100646973,-4.0604400634765625,0.9089353486709614,285.1909974841912,0.0
114.422,81.81802585785056,-4.903193791633965,-2.605791089031509,59,0.054458700120449066,-0.03187476098537445,0.9922834038734436,1.3315496444702148,4.812539100646973,-4.0604400634765625,0.9089353486709614,285.5015996188142,0.0
114.472,81.81802585785056,-4.903193791633965,-2.605791089031509,59,0.054458700120449066,-0.03187476098537445,0.9922834038734436,1.3315496444702148,4.812539100646973,-4.0604400634765625,0.9089353486709614,285.5015996188142,0.0
114.523,81.81802585785056,-4.903193791633965,-2.605791089031509,59,0.054458700120449066,-0.03187476098537445,0.9922834038734436,1.3315496444702148,4.812539100646973,-4.0604400634765625,0.9089353486709614,285.5015996188142,0.0
114.574,81.81802585785056,-4.903193791633965,-2.605791089031509,59,0.054458700120449066,-0.03187476098537445,0.9922834038734436,1.3315496444702148,4.812539100646973,-4.0604400634765625,0.9089353486709614,285.5015996188142,0.0
114.624,81.81802585785056,-4.903193791633965,-2.605791089031509,59,0.054458700120449066,-0.03187476098537445,0.9922834038734436,1.3315496444702148,4.812539100646973,-4.0604400634765625,0.9089353486709614,285.5015996188142,0.0
114.674,81.81802585785056,-4.903193791633965,-2.605791089031509,59,0.054458700120449066,-0.03187476098537445,0.9922834038734436,1.3315496444702148,4.812539100646973,-4.0604400634765625,0.9089353486709614,285.5015996188142,0.0
114.724,81.81802585785056,-4.903193791633965,-2.605791089031509,59,0.054458700120449066,-0.03187476098537445,0.9922834038734436,1.3315496444702148,4.812539100646973,-4.0604400634765625,0.9089353486709614,285.5015996188142,0.0
114.775,81.81802585785056,-4.903193791633965,-2.605791089031509,59,0.054458700120449066,-0.03187476098537445,0.9922834038734436,1.3315496444702148,4.812539100646973,-4.0604400634765625,0.9089353486709614,285.5015996188142,0.0
114.825,81.81802585785056,-4.903193791633965,-2.605791089031509,59,0.054458700120449066,-0.03187476098537445,0.9922834038734436,1.3315496444702148,4.812539100646973,-4.0604400634765625,0.9089353486709614,285.5015996188142,0.0
114.876,81.81802585785056,-4.903193791633965,-2.605791089031509,59,0.054458700120449066,-0.03187476098537445,0.9922834038734436,1.3315496444702148,4.812539100646973,-4.0604400634765625,0.9089353486709614,285.5015996188142,0.0
114.926,81.81802585785056,-4.903193791633965,-2.605791089031509,59,0.054458700120449066,-0.03187476098537445,0.9922834038734436,1.3315496444702148,4.812539100646973,-4.0604400634765625,0.9089353486709614,284.28249966110883,0.0
114.976,81.81802585785056,-4.903193791633965,-2.605791089031509,59,0.054458700120449066,-0.03187476098537445,0.9922834038734436,1.3315496444702148,4.812539100646973,-4.0604400634765625,0.9089353486709614,284.28249966110883,0.0
115.027,81.81802585785056,-4.903193791633965,-2.605791089031509,59,0.054458700120449066,-0.03187476098537445,0.9922834038734436,1.3315496444702148,4.812539100646973,-4.0604400634765625,0.9089353486709614,284.28249966110883,0.0
115.077,81.81802585785056,-4.903193791633965,-2.605791089031509,59,0.054458700120449066,-0.03187476098537445,0.9922834038734436,1.3315496444702148,4.812539100646973,-4.0604400634765625,0.9089353486709614,284.28249966110883,0.0
115.128,81.81802585785056,-4.903193791633965,-2.605791089031509,59,0.054458700120449066,-0.03187476098537445,0.9922834038734436,1.3315496444702148,4.812539100646973,-4.0604400634765625,0.9089353486709614,284.28249966110883,0.0
115.178,81.81802585785056,-4.903193791633965,-2.605791089031509,59,0.054458700120449066,-0.03187476098537445,0.9922834038734436,1.3315496444702148,4.812539100646973,-4.0604400634765625,0.9089353486709614,284.28249966110883,0.0
115.228,81.81802585785056,-4.903193791633965,-2.605791089031509,59,0.054458700120449066,-0.03187476098537445,0.9922834038734436,1.3315496444702148,4.812539100646973,-4.0604400634765625,0.9089353486709614,284.28249966110883,0.0
115.279,81.81802585785056,-4.903193791633965,-2.605791089031509,59,0.054458700120449066,-0.03187476098537445,0.9922834038734436,1.3315496444702148,4.812539100646973,-4.0604400634765625,0.9089353486709614,284.28249966110883,0.0
115.331,81.81802585785056,-4.903193791633965,-2.605791089031509,59,0.054458700120449066,-0.03187476098537445,0.9922834038734436,1.3315496444702148,4.812539100646973,-4.0604400634765625,0.9089353486709614,284.28249966110883,0.0
115.381,81.81802585785056,-4.903193791633965,-2.605791089031509,59,0.054458700120449066,-0.03187476098537445,0.9922834038734436,1.3315496444702148,4.812539100646973,-4.0604400634765625,0.9089353486709614,284.28249966110883,0.0
115.431,81.81802585785056,-4.903193791633965,-2.605791089031509,59,0.054458700120449066,-0.03187476098537445,0.9922834038734436,1.3315496444702148,4.812539100646973,-4.0604400634765625,0.9089353486709614,284.28249966110883,0.0
115.482,81.81802585785056,-4.903193791633965,-2.605791089031509,59,0.054458700120449066,-0.03187476098537445,0.9922834038734436,1.3315496444702148,4.812539100646973,-4.0604400634765625,0.9089353486709614,283.5521903731747,0.0
115.532,81.81802585785056,-4.903193791633965,-2.605791089031509,59,0.054458700120449066,-0.03187476098537445,0.9922834038734436,1.3315496444702148,4.812539100646973,-4.0604400634765625,0.9089353486709614,283.5521903731747,0.0
115.582,81.81802585785056,-4.903193791633965,-2.605791089031509,59,0.054458700120449066,-0.03187476098537445,0.9922834038734436,1.3315496444702148,4.812539100646973,-4.0604400634765625,0.9089353486709614,283.5521903731747,0.0
115.633,81.81802585785056,-4.903193791633965,-2.605791089031509,59,0.054458700120449066,-0.03187476098537445,0.9922834038734436,1.3315496444702148,4.812539100646973,-4.0604400634765625,0.9089353486709614,283.5521903731747,0.0
115.683,81.81802585785056,-4.903193791633965,-2.605791089031509,59,0.054458700120449066,-0.03187476098537445,0.9922834038734436,1.3315496444702148,4.812539100646973,-4.0604400634765625,0.9089353486709614,283.5521903731747,0.0
115.733,81.81802585785056,-4.903193791633965,-2.605791089031509,59,0.054458700120449066,-0.03187476098537445,0.9922834038734436,1.3315496444702148,4.812539100646973,-4.0604400634765625,0.9089353486709614,283.5521903731747,0.0
115.784,81.81802585785056,-4.903193791633965,-2.605791089031509,59,0.054458700120449066,-0.03187476098537445,0.9922834038734436,1.3315496444702148,4.812539100646973,-4.0604400634765625,0.9089353486709614,283.5521903731747,0.0
115.834,81.81802585785056,-4.903193791633965,-2.605791089031509,59,0.054458700120449066,-0.03187476098537445,0.9922834038734436,1.3315496444702148,4.812539100646973,-4.0604400634765625,0.9089353486709614,283.5521903731747,0.0
115.884,81.81802585785056,-4.903193791633965,-2.605791089031509,59,0.054458700120449066,-0.03187476098537445,0.9922834038734436,1.3315496444702148,4.812539100646973,-4.0604400634765625,0.9089353486709614,283.5521903731747,0.0
115.934,81.81802585785056,-4.903193791633965,-2.605791089031509,59,0.054458700120449066,-0.03187476098537445,0.9922834038734436,1.3315496444702148,4.812539100646973,-4.0604400634765625,0.9089353486709614,283.5521903731747,0.0
115.985,81.81802585785056,-4.903193791633965,-2.605791089031509,59,0.054458700120449066,-0.03187476098537445,0.9922834038734436,1.3315496444702148,4.812539100646973,-4.0604400634765625,0.9089353486709614,283.5521903731747,0.0
116.035,81.81802585785056,-4.903193791633965,-2.605791089031509,59,0.054458700120449066,-0.03187476098537445,0.9922834038734436,1.3315496444702148,4.812539100646973,-4.0604400634765625,0.9089353486709614,284.99721410613574,0.0
116.085,81.81802585785056,-4.903193791633965,-2.605791089031509,59,0.054458700120449066,-0.03187476098537445,0.9922834038734436,1.3315496444702148,4.812539100646973,-4.0604400634765625,0.9089353486709614,284.99721410613574,0.0
116.136,81.81802585785056,-4.903193791633965,-2.605791089031509,59,0.054458700120449066,-0.03187476098537445,0.9922834038734436,1.3315496444702148,4.812539100646973,-4.0604400634765625,0.9089353486709614,284.99721410613574,0.0
116.186,81.81802585785056,-4.903193791633965,-2.605791089031509,59,0.054458700120449066,-0.03187476098537445,0.9922834038734436,1.3315496444702148,4.812539100646973,-4.0604400634765625,0.9089353486709614,284.99721410613574,0.0
116.236,81.81802585785056,-4.903193791633965,-2.605791089031509,59,0.054458700120449066,-0.03187476098537445,0.9922834038734436,1.3315496444702148,4.812539100646973,-4.0604400634765625,0.9089353486709614,284.99721410613574,0.0
116.287,81.81802585785056,-4.903193791633965,-2.605791089031509,59,0.054458700120449066,-0.03187476098537445,0.9922834038734436,1.3315496444702148,4.812539100646973,-4.0604400634765625,0.9089353486709614,284.99721410613574,0.0
116.339,81.81802585785056,-4.903193791633965,-2.605791089031509,59,0.054458700120449066,-0.03187476098537445,0.9922834038734436,1.3315496444702148,4.812539100646973,-4.0604400634765625,0.9089353486709614,284.99721410613574,0.0
116.389,81.81802585785056,-4.903193791633965,-2.605791089031509,59,0.054458700120449066,-0.03187476098537445,0.9922834038734436,1.3315496444702148,4.812539100646973,-4.0604400634765625,0.9089353486709614,284.99721410613574,0.0
116.44,81.81802585785056,-4.903193791633965,-2.605791089031509,59,0.054458700120449066,-0.03187476098537445,0.9922834038734436,1.3315496444702148,4.812539100646973,-4.0604400634765625,0.9089353486709614,284.99721410613574,0.0
116.49,81.81802585785056,-4.903193791633965,-2.605791089031509,59,0.054458700120449066,-0.03187476098537445,0.9922834038734436,1.3315496444702148,4.812539100646973,-4.0604400634765625,0.9089353486709614,284.99721410613574,0.0
116.54,81.81802585785056,-4.903193791633965,-2.605791089031509,59,0.054458700120449066,-0.03187476098537445,0.9922834038734436,1.3315496444702148,4.812539100646973,-4.0604400634765625,0.9089353486709614,231.29502591816478,0.0
116.591,81.81802585785056,-4.903193791633965,-2.605791089031509,59,0.054458700120449066,-0.03187476098537445,0.9922834038734436,1.3315496444702148,4.812539100646973,-4.0604400634765625,0.9089353486709614,231.29502591816478,0.0
116.642,81.81802585785056,-4.903193791633965,-2.605791089031509,59,0.054458700120449066,-0.03187476098537445,0.9922834038734436,1.3315496444702148,4.812539100646973,-4.0604400634765625,0.9089353486709614,231.29502591816478,0.0
116.692,81.81802585785056,-4.903193791633965,-2.605791089031509,59,0.054458700120449066,-0.03187476098537445,0.9922834038734436,1.3315496444702148,4.812539100646973,-4.0604400634765625,0.9089353486709614,231.29502591816478,0.0
116.743,81.81802585785056,-4.903193791633965,-2.605791089031509,59,0.054458700120449066,-0.03187476098537445,0.9922834038734436,1.3315496444702148,4.812539100646973,-4.0604400634765625,0.9089353486709614,231.29502591816478,0.0
116.793,81.81802585785056,-4.903193791633965,-2.605791089031509,59,0.054458700120449066,-0.03187476098537445,0.9922834038734436,1.3315496444702148,4.812539100646973,-4.0604400634765625,0.9089353486709614,231.29502591816478,0.0
116.843,81.81802585785056,-4.903193791633965,-2.605791089031509,59,0.054458700120449066,-0.03187476098537445,0.9922834038734436,1.3315496444702148,4.812539100646973,-4.0604400634765625,0.9089353486709614,231.29502591816478,0.0
116.894,81.81802585785056,-4.903193791633965,-2.605791089031509,59,0.054458700120449066,-0.03187476098537445,0.9922834038734436,1.3315496444702148,4.812539100646973,-4.0604400634765625,0.9089353486709614,231.29502591816478,0.0
116.944,81.81802585785056,-4.903193791633965,-2.605791089031509,59,0.054458700120449066,-0.03187476098537445,0.9922834038734436,1.3315496444702148,4.812539100646973,-4.0604400634765625,0.9089353486709614,231.29502591816478,0.0
116.994,81.81802585785056,-4.903193791633965,-2.605791089031509,59,0.054458700120449066,-0.03187476098537445,0.9922834038734436,1.3315496444702148,4.812539100646973,-4.0604400634765625,0.9089353486709614,231.29502591816478,0.0
117.044,81.81802585785056,-4.903193791633965,-2.605791089031509,59,0.054458700120449066,-0.03187476098537445,0.9922834038734436,1.3315496444702148,4.812539100646973,-4.0604400634765625,0.9089353486709614,231.29502591816478,0.0
117.095,81.81802585785056,-4.903193791633965,-2.605791089031509,59,0.054458700120449066,-0.03187476098537445,0.9922834038734436,1.3315496444702148,4.812539100646973,-4.0604400634765625,0.9089353486709614,283.8016103931254,0.0
117.145,81.81802585785056,-4.903193791633965,-2.605791089031509,59,0.054458700120449066,-0.03187476098537445,0.9922834038734436,1.3315496444702148,4.812539100646973,-4.0604400634765625,0.9089353486709614,283.8016103931254,0.0
117.196,81.81802585785056,-4.903193791633965,-2.605791089031509,59,0.054458700120449066,-0.03187476098537445,0.9922834038734436,1.3315496444702148,4.812539100646973,-4.0604400634765625,0.9089353486709614,283.8016103931254,0.0
117.246,81.81802585785056,-4.903193791633965,-2.605791089031509,59,0.054458700120449066,-0.03187476098537445,0.9922834038734436,1.3315496444702148,4.812539100646973,-4.0604400634765625,0.9089353486709614,283.8016103931254,0.0
117.297,81.81802585785056,-4.903193791633965,-2.605791089031509,59,0.054458700120449066,-0.03187476098537445,0.9922834038734436,1.3315496444702148,4.812539100646973,-4.0604400634765625,0.9089353486709614,283.8016103931254,0.0
117.347,81.81802585785056,-4.903193791633965,-2.605791089031509,59,0.054458700120449066,-0.03187476098537445,0.9922834038734436,1.3315496444702148,4.812539100646973,-4.0604400634765625,0.9089353486709614,283.8016103931254,0.0
117.398,81.81802585785056,-4.903193791633965,-2.605791089031509,59,0.054458700120449066,-0.03187476098537445,0.9922834038734436,1.3315496444702148,4.812539100646973,-4.0604400634765625,0.9089353486709614,283.8016103931254,0.0
117.449,81.81802585785056,-4.903193791633965,-2.605791089031509,59,0.054458700120449066,-0.03187476098537445,0.9922834038734436,1.3315496444702148,4.812539100646973,-4.0604400634765625,0.9089353486709614,283.8016103931254,0.0
117.499,81.81802585785056,-4.903193791633965,-2.605791089031509,59,0.054458700120449066,-0.03187476098537445,0.9922834038734436,1.3315496444702148,4.812539100646973,-4.0604400634765625,0.9089353486709614,283.8016103931254,0.0
117.549,81.81802585785056,-4.903193791633965,-2.605791089031509,59,0.054458700120449066,-0.03187476098537445,0.9922834038734436,1.3315496444702148,4.812539100646973,-4.0604400634765625,0.9089353486709614,283.8016103931254,0.0
117.6,81.81802585785056,-4.903193791633965,-2.605791089031509,59,0.054458700120449066,-0.03187476098537445,0.9922834038734436,1.3315496444702148,4.812539100646973,-4.0604400634765625,0.9089353486709614,282.53984506567866,0.0
117.651,81.81802585785056,-4.903193791633965,-2.605791089031509,59,0.054458700120449066,-0.03187476098537445,0.9922834038734436,1.3315496444702148,4.812539100646973,-4.0604400634765625,0.9089353486709614,282.53984506567866,0.0
117.701,81.81802585785056,-4.903193791633965,-2.605791089031509,59,0.054458700120449066,-0.03187476098537445,0.9922834038734436,1.3315496444702148,4.812539100646973,-4.0604400634765625,0.9089353486709614,282.53984506567866,0.0
117.752,81.81802585785056,-4.903193791633965,-2.605791089031509,59,0.054458700120449066,-0.03187476098537445,0.9922834038734436,1.3315496444702148,4.812539100646973,-4.0604400634765625,0.9089353486709614,282.53984506567866,0.0
117.802,81.81802585785056,-4.903193791633965,-2.605791089031509,59,0.054458700120449066,-0.03187476098537445,0.9922834038734436,1.3315496444702148,4.812539100646973,-4.0604400634765625,0.9089353486709614,282.53984506567866,0.0
117.852,81.81802585785056,-4.903193791633965,-2.605791089031509,59,0.054458700120449066,-0.03187476098537445,0.9922834038734436,1.3315496444702148,4.812539100646973,-4.0604400634765625,0.9089353486709614,282.53984506567866,0.0
117.903,81.81802585785056,-4.903193791633965,-2.605791089031509,59,0.054458700120449066,-0.03187476098537445,0.9922834038734436,1.3315496444702148,4.812539100646973,-4.0604400634765625,0.9089353486709614,282.53984506567866,0.0
117.953,81.81802585785056,-4.903193791633965,-2.605791089031509,59,0.054458700120449066,-0.03187476098537445,0.9922834038734436,1.3315496444702148,4.812539100646973,-4.0604400634765625,0.9089353486709614,282.53984506567866,0.0
118.004,81.81802585785056,-4.903193791633965,-2.605791089031509,59,0.054458700120449066,-0.03187476098537445,0.9922834038734436,1.3315496444702148,4.812539100646973,-4.0604400634765625,0.9089353486709614,282.53984506567866,0.0
118.054,81.81802585785056,-4.903193791633965,-2.605791089031509,59,0.054458700120449066,-0.03187476098537445,0.9922834038734436,1.3315496444702148,4.812539100646973,-4.0604400634765625,0.9089353486709614,282.53984506567866,0.0
118.104,81.81802585785056,-4.903193791633965,-2.605791089031509,59,0.054458700120449066,-0.03187476098537445,0.9922834038734436,1.3315496444702148,4.812539100646973,-4.0604400634765625,0.9089353486709614,282.53984506567866,0.0
118.154,81.81802585785056,-4.903193791633965,-2.605791089031509,59,0.054458700120449066,-0.03187476098537445,0.9922834038734436,1.3315496444702148,4.812539100646973,-4.0604400634765625,0.9089353486709614,287.1827456350565,0.0
118.205,81.81802585785056,-4.903193791633965,-2.605791089031509,59,0.054458700120449066,-0.03187476098537445,0.9922834038734436,1.3315496444702148,4.812539100646973,-4.0604400634765625,0.9089353486709614,287.1827456350565,0.0
118.255,81.81802585785056,-4.903193791633965,-2.605791089031509,59,0.054458700120449066,-0.03187476098537445,0.9922834038734436,1.3315496444702148,4.812539100646973,-4.0604400634765625,0.9089353486709614,287.1827456350565,0.0
118.305,81.81802585785056,-4.903193791633965,-2.605791089031509,59,0.054458700120449066,-0.03187476098537445,0.9922834038734436,1.3315496444702148,4.812539100646973,-4.0604400634765625,0.9089353486709614,287.1827456350565,0.0
118.355,81.81802585785056,-4.903193791633965,-2.605791089031509,59,0.054458700120449066,-0.03187476098537445,0.9922834038734436,1.3315496444702148,4.812539100646973,-4.0604400634765625,0.9089353486709614,287.1827456350565,0.0
118.406,81.81802585785056,-4.903193791633965,-2.605791089031509,59,0.054458700120449066,-0.03187476098537445,0.9922834038734436,1.3315496444702148,4.812539100646973,-4.0604400634765625,0.9089353486709614,287.1827456350565,0.0
118.456,81.81802585785056,-4.903193791633965,-2.605791089031509,59,0.054458700120449066,-0.03187476098537445,0.9922834038734436,1.3315496444702148,4.812539100646973,-4.0604400634765625,0.9089353486709614,287.1827456350565,0.0
118.506,81.81802585785056,-4.903193791633965,-2.605791089031509,59,0.054458700120449066,-0.03187476098537445,0.9922834038734436,1.3315496444702148,4.812539100646973,-4.0604400634765625,0.9089353486709614,287.1827456350565,0.0
118.557,81.81802585785056,-4.903193791633965,-2.605791089031509,59,0.054458700120449066,-0.03187476098537445,0.9922834038734436,1.3315496444702148,4.812539100646973,-4.0604400634765625,0.9089353486709614,287.1827456350565,0.0
118.607,81.81802585785056,-4.903193791633965,-2.605791089031509,59,0.054458700120449066,-0.03187476098537445,0.9922834038734436,1.3315496444702148,4.812539100646973,-4.0604400634765625,0.9089353486709614,287.1827456350565,0.0
118.657,81.81802585785056,-4.903193791633965,-2.605791089031509,59,0.054458700120449066,-0.03187476098537445,0.9922834038734436,1.3315496444702148,4.812539100646973,-4.0604400634765625,0.9089353486709614,287.1827456350565,0.0
118.707,81.81802585785056,-4.903193791633965,-2.605791089031509,59,0.054458700120449066,-0.03187476098537445,0.9922834038734436,1.3315496444702148,4.812539100646973,-4.0604400634765625,0.9089353486709614,283.64806925001693,0.0
118.758,81.81802585785056,-4.903193791633965,-2.605791089031509,59,0.054458700120449066,-0.03187476098537445,0.9922834038734436,1.3315496444702148,4.812539100646973,-4.0604400634765625,0.9089353486709614,283.64806925001693,0.0
118.808,81.81802585785056,-4.903193791633965,-2.605791089031509,59,0.054458700120449066,-0.03187476098537445,0.9922834038734436,1.3315496444702148,4.812539100646973,-4.0604400634765625,0.9089353486709614,283.64806925001693,0.0
118.859,81.81802585785056,-4.903193791633965,-2.605791089031509,59,0.054458700120449066,-0.03187476098537445,0.9922834038734436,1.3315496444702148,4.812539100646973,-4.0604400634765625,0.9089353486709614,283.64806925001693,0.0
118.909,81.81802585785056,-4.903193791633965,-2.605791089031509,59,0.054458700120449066,-0.03187476098537445,0.9922834038734436,1.3315496444702148,4.812539100646973,-4.0604400634765625,0.9089353486709614,283.64806925001693,0.0
118.96,81.81802585785056,-4.903193791633965,-2.605791089031509,59,0.054458700120449066,-0.03187476098537445,0.9922834038734436,1.3315496444702148,4.812539100646973,-4.0604400634765625,0.9089353486709614,283.64806925001693,0.0
119.01,81.81802585785056,-4.903193791633965,-2.605791089031509,59,0.054458700120449066,-0.03187476098537445,0.9922834038734436,1.3315496444702148,4.812539100646973,-4.0604400634765625,0.9089353486709614,283.64806925001693,0.0
119.061,81.81802585785056,-4.903193791633965,-2.605791089031509,59,0.054458700120449066,-0.03187476098537445,0.9922834038734436,1.3315496444702148,4.812539100646973,-4.0604400634765625,0.9089353486709614,283.64806925001693,0.0
119.111,81.81802585785056,-4.903193791633965,-2.605791089031509,59,0.054458700120449066,-0.03187476098537445,0.9922834038734436,1.3315496444702148,4.812539100646973,-4.0604400634765625,0.9089353486709614,283.64806925001693,0.0
119.162,81.81802585785056,-4.903193791633965,-2.605791089031509,59,0.054458700120449066,-0.03187476098537445,0.9922834038734436,1.3315496444702148,4.812539100646973,-4.0604400634765625,0.9089353486709614,283.64806925001693,0.0
119.212,81.81802585785056,-4.903193791633965,-2.605791089031509,59,0.054458700120449066,-0.03187476098537445,0.9922834038734436,1.3315496444702148,4.812539100646973,-4.0604400634765625,0.9089353486709614,262.55424100156495,0.0
119.262,81.81802585785056,-4.903193791633965,-2.605791089031509,59,0.054458700120449066,-0.03187476098537445,0.9922834038734436,1.3315496444702148,4.812539100646973,-4.0604400634765625,0.9089353486709614,262.55424100156495,0.0
119.312,81.81802585785056,-4.903193791633965,-2.605791089031509,59,0.054458700120449066,-0.03187476098537445,0.9922834038734436,1.3315496444702148,4.812539100646973,-4.0604400634765625,0.9089353486709614,262.55424100156495,0.0
119.363,81.81802585785056,-4.903193791633965,-2.605791089031509,59,0.054458700120449066,-0.03187476098537445,0.9922834038734436,1.3315496444702148,4.812539100646973,-4.0604400634765625,0.9089353486709614,262.55424100156495,0.0
119.414,81.81802585785056,-4.903193791633965,-2.605791089031509,59,0.054458700120449066,-0.03187476098537445,0.9922834038734436,1.3315496444702148,4.812539100646973,-4.0604400634765625,0.9089353486709614,262.55424100156495,0.0
119.465,81.81802585785056,-4.903193791633965,-2.605791089031509,59,0.054458700120449066,-0.03187476098537445,0.9922834038734436,1.3315496444702148,4.812539100646973,-4.0604400634765625,0.9089353486709614,262.55424100156495,0.0
119.515,81.81802585785056,-4.903193791633965,-2.605791089031509,59,0.054458700120449066,-0.03187476098537445,0.9922834038734436,1.3315496444702148,4.812539100646973,-4.0604400634765625,0.9089353486709614,262.55424100156495,0.0
119.565,81.81802585785056,-4.903193791633965,-2.605791089031509,59,0.054458700120449066,-0.03187476098537445,0.9922834038734436,1.3315496444702148,4.812539100646973,-4.0604400634765625,0.9089353486709614,262.55424100156495,0.0
119.615,81.81802585785056,-4.903193791633965,-2.605791089031509,59,0.054458700120449066,-0.03187476098537445,0.9922834038734436,1.3315496444702148,4.812539100646973,-4.0604400634765625,0.9089353486709614,262.55424100156495,0.0
119.666,81.81802585785056,-4.903193791633965,-2.605791089031509,59,0.054458700120449066,-0.03187476098537445,0.9922834038734436,1.3315496444702148,4.812539100646973,-4.0604400634765625,0.9089353486709614,262.55424100156495,0.0
119.717,81.81802585785056,-4.903193791633965,-2.605791089031509,59,0.054458700120449066,-0.03187476098537445,0.9922834038734436,1.3315496444702148,4.812539100646973,-4.0604400634765625,0.9089353486709614,262.55424100156495,0.0
119.767,81.81802585785056,-4.903193791633965,-2.605791089031509,59,0.054458700120449066,-0.03187476098537445,0.9922834038734436,1.3315496444702148,4.812539100646973,-4.0604400634765625,0.9089353486709614,285.24918389553864,0.0
119.818,81.81802585785056,-4.903193791633965,-2.605791089031509,59,0.054458700120449066,-0.03187476098537445,0.9922834038734436,1.3315496444702148,4.812539100646973,-4.0604400634765625,0.9089353486709614,285.24918389553864,0.0
119.868,81.81802585785056,-4.903193791633965,-2.605791089031509,59,0.054458700120449066,-0.03187476098537445,0.9922834038734436,1.3315496444702148,4.812539100646973,-4.0604400634765625,0.9089353486709614,285.24918389553864,0.0
119.918,81.81802585785056,-4.903193791633965,-2.605791089031509,59,0.054458700120449066,-0.03187476098537445,0.9922834038734436,1.3315496444702148,4.812539100646973,-4.0604400634765625,0.9089353486709614,285.24918389553864,0.0
119.969,81.81802585785056,-4.903193791633965,-2.605791089031509,59,0.054458700120449066,-0.03187476098537445,0.9922834038734436,1.3315496444702148,4.812539100646973,-4.0604400634765625,0.9089353486709614,285.24918389553864,0.0
120.019,81.81802585785056,-4.903193791633965,-2.605791089031509,59,0.054458700120449066,-0.03187476098537445,0.9922834038734436,1.3315496444702148,4.812539100646973,-4.0604400634765625,0.9089353486709614,285.24918389553864,0.0
120.069,81.81802585785056,-4.903193791633965,-2.605791089031509,59,0.054458700120449066,-0.03187476098537445,0.9922834038734436,1.3315496444702148,4.812539100646973,-4.0604400634765625,0.9089353486709614,285.24918389553864,0.0
120.12,81.81802585785056,-4.903193791633965,-2.605791089031509,59,0.054458700120449066,-0.03187476098537445,0.9922834038734436,1.3315496444702148,4.812539100646973,-4.0604400634765625,0.9089353486709614,285.24918389553864,0.0
120.17,81.81802585785056,-4.903193791633965,-2.605791089031509,59,0.054458700120449066,-0.03187476098537445,0.9922834038734436,1.3315496444702148,4.812539100646973,-4.0604400634765625,0.9089353486709614,285.24918389553864,0.0
120.22,81.81802585785056,-4.903193791633965,-2.605791089031509,59,0.054458700120449066,-0.03187476098537445,0.9922834038734436,1.3315496444702148,4.812539100646973,-4.0604400634765625,0.9089353486709614,285.24918389553864,0.0
120.27,81.81802585785056,-4.903193791633965,-2.605791089031509,59,0.054458700120449066,-0.03187476098537445,0.9922834038734436,1.3315496444702148,4.812539100646973,-4.0604400634765625,0.9089353486709614,287.1237677984666,0.0
120.32,81.81802585785056,-4.903193791633965,-2.605791089031509,59,0.054458700120449066,-0.03187476098537445,0.9922834038734436,1.3315496444702148,4.812539100646973,-4.0604400634765625,0.9089353486709614,287.1237677984666,0.0
120.371,81.81802585785056,-4.903193791633965,-2.605791089031509,59,0.054458700120449066,-0.03187476098537445,0.9922834038734436,1.3315496444702148,4.812539100646973,-4.0604400634765625,0.9089353486709614,287.1237677984666,0.0
120.421,81.81802585785056,-4.903193791633965,-2.605791089031509,59,0.054458700120449066,-0.03187476098537445,0.9922834038734436,1.3315496444702148,4.812539100646973,-4.0604400634765625,0.9089353486709614,287.1237677984666,0.0
120.473,81.81802585785056,-4.903193791633965,-2.605791089031509,59,0.054458700120449066,-0.03187476098537445,0.9922834038734436,1.3315496444702148,4.812539100646973,-4.0604400634765625,0.9089353486709614,287.1237677984666,0.0
120.524,81.81802585785056,-4.903193791633965,-2.605791089031509,59,0.054458700120449066,-0.03187476098537445,0.9922834038734436,1.3315496444702148,4.812539100646973,-4.0604400634765625,0.9089353486709614,287.1237677984666,0.0
120.574,81.81802585785056,-4.903193791633965,-2.605791089031509,59,0.054458700120449066,-0.03187476098537445,0.9922834038734436,1.3315496444702148,4.812539100646973,-4.0604400634765625,0.9089353486709614,287.1237677984666,0.0
120.625,81.81802585785056,-4.903193791633965,-2.605791089031509,59,0.054458700120449066,-0.03187476098537445,0.9922834038734436,1.3315496444702148,4.812539100646973,-4.0604400634765625,0.9089353486709614,287.1237677984666,0.0
120.675,81.81802585785056,-4.903193791633965,-2.605791089031509,59,0.054458700120449066,-0.03187476098537445,0.9922834038734436,1.3315496444702148,4.812539100646973,-4.0604400634765625,0.9089353486709614,287.1237677984666,0.0
120.726,81.81802585785056,-4.903193791633965,-2.605791089031509,59,0.054458700120449066,-0.03187476098537445,0.9922834038734436,1.3315496444702148,4.812539100646973,-4.0604400634765625,0.9089353486709614,287.1237677984666,0.0
120.777,81.81802585785056,-4.903193791633965,-2.605791089031509,59,0.054458700120449066,-0.03187476098537445,0.9922834038734436,1.3315496444702148,4.812539100646973,-4.0604400634765625,0.9089353486709614,287.1237677984666,0.0
120.828,81.81802585785056,-4.903193791633965,-2.605791089031509,59,0.054458700120449066,-0.03187476098537445,0.9922834038734436,1.3315496444702148,4.812539100646973,-4.0604400634765625,0.9089353486709614,285.3268027210884,0.0
120.878,81.81802585785056,-4.903193791633965,-2.605791089031509,59,0.054458700120449066,-0.03187476098537445,0.9922834038734436,1.3315496444702148,4.812539100646973,-4.0604400634765625,0.9089353486709614,285.3268027210884,0.0
120.929,81.81802585785056,-4.903193791633965,-2.605791089031509,59,0.054458700120449066,-0.03187476098537445,0.9922834038734436,1.3315496444702148,4.812539100646973,-4.0604400634765625,0.9089353486709614,285.3268027210884,0.0
120.979,81.81802585785056,-4.903193791633965,-2.605791089031509,59,0.054458700120449066,-0.03187476098537445,0.9922834038734436,1.3315496444702148,4.812539100646973,-4.0604400634765625,0.9089353486709614,285.3268027210884,0.0
121.031,81.81802585785056,-4.903193791633965,-2.605791089031509,59,0.054458700120449066,-0.03187476098537445,0.9922834038734436,1.3315496444702148,4.812539100646973,-4.0604400634765625,0.9089353486709614,285.3268027210884,0.0
121.082,81.81802585785056,-4.903193791633965,-2.605791089031509,59,0.054458700120449066,-0.03187476098537445,0.9922834038734436,1.3315496444702148,4.812539100646973,-4.0604400634765625,0.9089353486709614,285.3268027210884,0.0
121.132,81.81802585785056,-4.903193791633965,-2.605791089031509,59,0.054458700120449066,-0.03187476098537445,0.9922834038734436,1.3315496444702148,4.812539100646973,-4.0604400634765625,0.9089353486709614,285.3268027210884,0.0
121.182,81.81802585785056,-4.903193791633965,-2.605791089031509,59,0.054458700120449066,-0.03187476098537445,0.9922834038734436,1.3315496444702148,4.812539100646973,-4.0604400634765625,0.9089353486709614,285.3268027210884,0.0
121.232,81.81802585785056,-4.903193791633965,-2.605791089031509,59,0.054458700120449066,-0.03187476098537445,0.9922834038734436,1.3315496444702148,4.812539100646973,-4.0604400634765625,0.9089353486709614,285.3268027210884,0.0
121.283,81.81802585785056,-4.903193791633965,-2.605791089031509,59,0.054458700120449066,-0.03187476098537445,0.9922834038734436,1.3315496444702148,4.812539100646973,-4.0604400634765625,0.9089353486709614,285.3268027210884,0.0
121.334,81.81802585785056,-4.903193791633965,-2.605791089031509,59,0.054458700120449066,-0.03187476098537445,0.9922834038734436,1.3315496444702148,4.812539100646973,-4.0604400634765625,0.9089353486709614,279.76947705442905,0.0
121.384,81.81802585785056,-4.903193791633965,-2.605791089031509,59,0.054458700120449066,-0.03187476098537445,0.9922834038734436,1.3315496444702148,4.812539100646973,-4.0604400634765625,0.9089353486709614,279.76947705442905,0.0
121.435,81.81802585785056,-4.903193791633965,-2.605791089031509,59,0.054458700120449066,-0.03187476098537445,0.9922834038734436,1.3315496444702148,4.812539100646973,-4.0604400634765625,0.9089353486709614,279.76947705442905,0.0
121.485,81.81802585785056,-4.903193791633965,-2.605791089031509,59,0.054458700120449066,-0.03187476098537445,0.9922834038734436,1.3315496444702148,4.812539100646973,-4.0604400634765625,0.9089353486709614,279.76947705442905,0.0
121.535,81.81802585785056,-4.903193791633965,-2.605791089031509,59,0.054458700120449066,-0.03187476098537445,0.9922834038734436,1.3315496444702148,4.812539100646973,-4.0604400634765625,0.9089353486709614,279.76947705442905,0.0
121.587,81.81802585785056,-4.903193791633965,-2.605791089031509,59,0.054458700120449066,-0.03187476098537445,0.9922834038734436,1.3315496444702148,4.812539100646973,-4.0604400634765625,0.9089353486709614,279.76947705442905,0.0
121.639,81.81802585785056,-4.903193791633965,-2.605791089031509,59,0.054458700120449066,-0.03187476098537445,0.9922834038734436,1.3315496444702148,4.812539100646973,-4.0604400634765625,0.9089353486709614,279.76947705442905,0.0
121.689,81.81802585785056,-4.903193791633965,-2.605791089031509,59,0.054458700120449066,-0.03187476098537445,0.9922834038734436,1.3315496444702148,4.812539100646973,-4.0604400634765625,0.9089353486709614,279.76947705442905,0.0
121.739,81.81802585785056,-4.903193791633965,-2.605791089031509,59,0.054458700120449066,-0.03187476098537445,0.9922834038734436,1.3315496444702148,4.812539100646973,-4.0604400634765625,0.9089353486709614,279.76947705442905,0.0
121.79,81.81802585785056,-4.903193791633965,-2.605791089031509,59,0.054458700120449066,-0.03187476098537445,0.9922834038734436,1.3315496444702148,4.812539100646973,-4.0604400634765625,0.9089353486709614,279.76947705442905,0.0
121.84,81.81802585785056,-4.903193791633965,-2.605791089031509,59,0.054458700120449066,-0.03187476098537445,0.9922834038734436,1.3315496444702148,4.812539100646973,-4.0604400634765625,0.9089353486709614,279.76947705442905,0.0
121.89,81.81802585785056,-4.903193791633965,-2.605791089031509,59,0.054458700120449066,-0.03187476098537445,0.9922834038734436,1.3315496444702148,4.812539100646973,-4.0604400634765625,0.9089353486709614,274.4065423617926,0.0
121.941,81.81802585785056,-4.903193791633965,-2.605791089031509,59,0.054458700120449066,-0.03187476098537445,0.9922834038734436,1.3315496444702148,4.812539100646973,-4.0604400634765625,0.9089353486709614,274.4065423617926,0.0
121.991,81.81802585785056,-4.903193791633965,-2.605791089031509,59,0.054458700120449066,-0.03187476098537445,0.9922834038734436,1.3315496444702148,4.812539100646973,-4.0604400634765625,0.9089353486709614,274.4065423617926,0.0
122.042,81.81802585785056,-4.903193791633965,-2.605791089031509,59,0.054458700120449066,-0.03187476098537445,0.9922834038734436,1.3315496444702148,4.812539100646973,-4.0604400634765625,0.9089353486709614,274.4065423617926,0.0
122.092,81.81802585785056,-4.903193791633965,-2.605791089031509,59,0.054458700120449066,-0.03187476098537445,0.9922834038734436,1.3315496444702148,4.812539100646973,-4.0604400634765625,0.9089353486709614,274.4065423617926,0.0
122.143,81.81802585785056,-4.903193791633965,-2.605791089031509,59,0.054458700120449066,-0.03187476098537445,0.9922834038734436,1.3315496444702148,4.812539100646973,-4.0604400634765625,0.9089353486709614,274.4065423617926,0.0
122.193,81.81802585785056,-4.903193791633965,-2.605791089031509,59,0.054458700120449066,-0.03187476098537445,0.9922834038734436,1.3315496444702148,4.812539100646973,-4.0604400634765625,0.9089353486709614,274.4065423617926,0.0
122.243,81.81802585785056,-4.903193791633965,-2.605791089031509,59,0.054458700120449066,-0.03187476098537445,0.9922834038734436,1.3315496444702148,4.812539100646973,-4.0604400634765625,0.9089353486709614,274.4065423617926,0.0
122.294,81.81802585785056,-4.903193791633965,-2.605791089031509,59,0.054458700120449066,-0.03187476098537445,0.9922834038734436,1.3315496444702148,4.812539100646973,-4.0604400634765625,0.9089353486709614,274.4065423617926,0.0
122.344,81.81802585785056,-4.903193791633965,-2.605791089031509,59,0.054458700120449066,-0.03187476098537445,0.9922834038734436,1.3315496444702148,4.812539100646973,-4.0604400634765625,0.9089353486709614,274.4065423617926,0.0
122.394,81.81802585785056,-4.903193791633965,-2.605791089031509,59,0.054458700120449066,-0.03187476098537445,0.9922834038734436,1.3315496444702148,4.812539100646973,-4.0604400634765625,0.9089353486709614,274.4065423617926,0.0
122.444,81.81802585785056,-4.903193791633965,-2.605791089031509,59,0.054458700120449066,-0.03187476098537445,0.9922834038734436,1.3315496444702148,4.812539100646973,-4.0604400634765625,0.9089353486709614,286.98624700650015,0.0
122.495,81.81802585785056,-4.903193791633965,-2.605791089031509,59,0.054458700120449066,-0.03187476098537445,0.9922834038734436,1.3315496444702148,4.812539100646973,-4.0604400634765625,0.9089353486709614,286.98624700650015,0.0
122.545,81.81802585785056,-4.903193791633965,-2.605791089031509,59,0.054458700120449066,-0.03187476098537445,0.9922834038734436,1.3315496444702148,4.812539100646973,-4.0604400634765625,0.9089353486709614,286.98624700650015,0.0
122.595,81.81802585785056,-4.903193791633965,-2.605791089031509,59,0.054458700120449066,-0.03187476098537445,0.9922834038734436,1.3315496444702148,4.812539100646973,-4.0604400634765625,0.9089353486709614,286.98624700650015,0.0
122.646,81.81802585785056,-4.903193791633965,-2.605791089031509,59,0.054458700120449066,-0.03187476098537445,0.9922834038734436,1.3315496444702148,4.812539100646973,-4.0604400634765625,0.9089353486709614,286.98624700650015,0.0
122.697,81.81802585785056,-4.903193791633965,-2.605791089031509,59,0.054458700120449066,-0.03187476098537445,0.9922834038734436,1.3315496444702148,4.812539100646973,-4.0604400634765625,0.9089353486709614,286.98624700650015,0.0
122.747,81.81802585785056,-4.903193791633965,-2.605791089031509,59,0.054458700120449066,-0.03187476098537445,0.9922834038734436,1.3315496444702148,4.812539100646973,-4.0604400634765625,0.9089353486709614,286.98624700650015,0.0
122.797,81.81802585785056,-4.903193791633965,-2.605791089031509,59,0.054458700120449066,-0.03187476098537445,0.9922834038734436,1.3315496444702148,4.812539100646973,-4.0604400634765625,0.9089353486709614,286.98624700650015,0.0
122.847,81.81802585785056,-4.903193791633965,-2.605791089031509,59,0.054458700120449066,-0.03187476098537445,0.9922834038734436,1.3315496444702148,4.812539100646973,-4.0604400634765625,0.9089353486709614,286.98624700650015,0.0
122.898,81.81802585785056,-4.903193791633965,-2.605791089031509,59,0.054458700120449066,-0.03187476098537445,0.9922834038734436,1.3315496444702148,4.812539100646973,-4.0604400634765625,0.9089353486709614,286.98624700650015,0.0
122.948,81.81802585785056,-4.903193791633965,-2.605791089031509,59,0.054458700120449066,-0.03187476098537445,0.9922834038734436,1.3315496444702148,4.812539100646973,-4.0604400634765625,0.9089353486709614,285.6571545324525,0.0
122.999,81.81802585785056,-4.903193791633965,-2.605791089031509,59,0.054458700120449066,-0.03187476098537445,0.9922834038734436,1.3315496444702148,4.812539100646973,-4.0604400634765625,0.9089353486709614,285.6571545324525,0.0
123.049,81.81802585785056,-4.903193791633965,-2.605791089031509,59,0.054458700120449066,-0.03187476098537445,0.9922834038734436,1.3315496444702148,4.812539100646973,-4.0604400634765625,0.9089353486709614,285.6571545324525,0.0
123.099,81.81802585785056,-4.903193791633965,-2.605791089031509,59,0.054458700120449066,-0.03187476098537445,0.9922834038734436,1.3315496444702148,4.812539100646973,-4.0604400634765625,0.9089353486709614,285.6571545324525,0.0
123.149,81.81802585785056,-4.903193791633965,-2.605791089031509,59,0.054458700120449066,-0.03187476098537445,0.9922834038734436,1.3315496444702148,4.812539100646973,-4.0604400634765625,0.9089353486709614,285.6571545324525,0.0
123.2,81.81802585785056,-4.903193791633965,-2.605791089031509,59,0.054458700120449066,-0.03187476098537445,0.9922834038734436,1.3315496444702148,4.812539100646973,-4.0604400634765625,0.9089353486709614,285.6571545324525,0.0
123.25,81.81802585785056,-4.903193791633965,-2.605791089031509,59,0.054458700120449066,-0.03187476098537445,0.9922834038734436,1.3315496444702148,4.812539100646973,-4.0604400634765625,0.9089353486709614,285.6571545324525,0.0
123.3,81.81802585785056,-4.903193791633965,-2.605791089031509,59,0.054458700120449066,-0.03187476098537445,0.9922834038734436,1.3315496444702148,4.812539100646973,-4.0604400634765625,0.9089353486709614,285.6571545324525,0.0
123.35,81.81802585785056,-4.903193791633965,-2.605791089031509,59,0.054458700120449066,-0.03187476098537445,0.9922834038734436,1.3315496444702148,4.812539100646973,-4.0604400634765625,0.9089353486709614,285.6571545324525,0.0
123.401,81.81802585785056,-4.903193791633965,-2.605791089031509,59,0.054458700120449066,-0.03187476098537445,0.9922834038734436,1.3315496444702148,4.812539100646973,-4.0604400634765625,0.9089353486709614,285.6571545324525,0.0
123.452,81.81802585785056,-4.903193791633965,-2.605791089031509,59,0.054458700120449066,-0.03187476098537445,0.9922834038734436,1.3315496444702148,4.812539100646973,-4.0604400634765625,0.9089353486709614,285.6571545324525,0.0
123.502,81.81802585785056,-4.903193791633965,-2.605791089031509,59,0.054458700120449066,-0.03187476098537445,0.9922834038734436,1.3315496444702148,4.812539100646973,-4.0604400634765625,0.9089353486709614,263.7263581488934,0.0
123.552,81.81802585785056,-4.903193791633965,-2.605791089031509,59,0.054458700120449066,-0.03187476098537445,0.9922834038734436,1.3315496444702148,4.812539100646973,-4.0604400634765625,0.9089353486709614,263.7263581488934,0.0
123.602,81.81802585785056,-4.903193791633965,-2.605791089031509,59,0.054458700120449066,-0.03187476098537445,0.9922834038734436,1.3315496444702148,4.812539100646973,-4.0604400634765625,0.9089353486709614,263.7263581488934,0.0
123.653,81.81802585785056,-4.903193791633965,-2.605791089031509,59,0.054458700120449066,-0.03187476098537445,0.9922834038734436,1.3315496444702148,4.812539100646973,-4.0604400634765625,0.9089353486709614,263.7263581488934,0.0
123.703,81.81802585785056,-4.903193791633965,-2.605791089031509,59,0.054458700120449066,-0.03187476098537445,0.9922834038734436,1.3315496444702148,4.812539100646973,-4.0604400634765625,0.9089353486709614,263.7263581488934,0.0
123.754,81.81802585785056,-4.903193791633965,-2.605791089031509,59,0.054458700120449066,-0.03187476098537445,0.9922834038734436,1.3315496444702148,4.812539100646973,-4.0604400634765625,0.9089353486709614,263.7263581488934,0.0
123.804,81.81802585785056,-4.903193791633965,-2.605791089031509,59,0.054458700120449066,-0.03187476098537445,0.9922834038734436,1.3315496444702148,4.812539100646973,-4.0604400634765625,0.9089353486709614,263.7263581488934,0.0
123.854,81.81802585785056,-4.903193791633965,-2.605791089031509,59,0.054458700120449066,-0.03187476098537445,0.9922834038734436,1.3315496444702148,4.812539100646973,-4.0604400634765625,0.9089353486709614,263.7263581488934,0.0
123.905,81.81802585785056,-4.903193791633965,-2.605791089031509,59,0.054458700120449066,-0.03187476098537445,0.9922834038734436,1.3315496444702148,4.812539100646973,-4.0604400634765625,0.9089353486709614,263.7263581488934,0.0
123.955,81.81802585785056,-4.903193791633965,-2.605791089031509,59,0.054458700120449066,-0.03187476098537445,0.9922834038734436,1.3315496444702148,4.812539100646973,-4.0604400634765625,0.9089353486709614,263.7263581488934,0.0
124.005,81.81802585785056,-4.903193791633965,-2.605791089031509,59,0.054458700120449066,-0.03187476098537445,0.9922834038734436,1.3315496444702148,4.812539100646973,-4.0604400634765625,0.9089353486709614,263.7263581488934,0.0
124.055,81.81802585785056,-4.903193791633965,-2.605791089031509,59,0.054458700120449066,-0.03187476098537445,0.9922834038734436,1.3315496444702148,4.812539100646973,-4.0604400634765625,0.9089353486709614,282.6921884477994,0.0
124.106,81.81802585785056,-4.903193791633965,-2.605791089031509,59,0.054458700120449066,-0.03187476098537445,0.9922834038734436,1.3315496444702148,4.812539100646973,-4.0604400634765625,0.9089353486709614,282.6921884477994,0.0
124.156,81.81802585785056,-4.903193791633965,-2.605791089031509,59,0.054458700120449066,-0.03187476098537445,0.9922834038734436,1.3315496444702148,4.812539100646973,-4.0604400634765625,0.9089353486709614,282.6921884477994,0.0
124.206,81.81802585785056,-4.903193791633965,-2.605791089031509,59,0.054458700120449066,-0.03187476098537445,0.9922834038734436,1.3315496444702148,4.812539100646973,-4.0604400634765625,0.9089353486709614,282.6921884477994,0.0
124.257,81.81802585785056,-4.903193791633965,-2.605791089031509,59,0.054458700120449066,-0.03187476098537445,0.9922834038734436,1.3315496444702148,4.812539100646973,-4.0604400634765625,0.9089353486709614,282.6921884477994,0.0
124.307,81.81802585785056,-4.903193791633965,-2.605791089031509,59,0.054458700120449066,-0.03187476098537445,0.9922834038734436,1.3315496444702148,4.812539100646973,-4.0604400634765625,0.9089353486709614,282.6921884477994,0.0
124.357,81.81802585785056,-4.903193791633965,-2.605791089031509,59,0.054458700120449066,-0.03187476098537445,0.9922834038734436,1.3315496444702148,4.812539100646973,-4.0604400634765625,0.9089353486709614,282.6921884477994,0.0
124.408,81.81802585785056,-4.903193791633965,-2.605791089031509,59,0.054458700120449066,-0.03187476098537445,0.9922834038734436,1.3315496444702148,4.812539100646973,-4.0604400634765625,0.9089353486709614,282.6921884477994,0.0
124.458,81.81802585785056,-4.903193791633965,-2.605791089031509,59,0.054458700120449066,-0.03187476098537445,0.9922834038734436,1.3315496444702148,4.812539100646973,-4.0604400634765625,0.9089353486709614,282.6921884477994,0.0
124.508,81.81802585785056,-4.903193791633965,-2.605791089031509,59,0.054458700120449066,-0.03187476098537445,0.9922834038734436,1.3315496444702148,4.812539100646973,-4.0604400634765625,0.9089353486709614,282.6921884477994,0.0
124.559,81.81802585785056,-4.903193791633965,-2.605791089031509,59,0.054458700120449066,-0.03187476098537445,0.9922834038734436,1.3315496444702148,4.812539100646973,-4.0604400634765625,0.9089353486709614,285.21039031687747,0.0
124.609,81.81802585785056,-4.903193791633965,-2.605791089031509,59,0.054458700120449066,-0.03187476098537445,0.9922834038734436,1.3315496444702148,4.812539100646973,-4.0604400634765625,0.9089353486709614,285.21039031687747,0.0
124.66,81.81802585785056,-4.903193791633965,-2.605791089031509,59,0.054458700120449066,-0.03187476098537445,0.9922834038734436,1.3315496444702148,4.812539100646973,-4.0604400634765625,0.9089353486709614,285.21039031687747,0.0
124.71,81.81802585785056,-4.903193791633965,-2.605791089031509,59,0.054458700120449066,-0.03187476098537445,0.9922834038734436,1.3315496444702148,4.812539100646973,-4.0604400634765625,0.9089353486709614,285.21039031687747,0.0
124.76,81.81802585785056,-4.903193791633965,-2.605791089031509,59,0.054458700120449066,-0.03187476098537445,0.9922834038734436,1.3315496444702148,4.812539100646973,-4.0604400634765625,0.9089353486709614,285.21039031687747,0.0
124.811,81.81802585785056,-4.903193791633965,-2.605791089031509,59,0.054458700120449066,-0.03187476098537445,0.9922834038734436,1.3315496444702148,4.812539100646973,-4.0604400634765625,0.9089353486709614,285.21039031687747,0.0
124.861,81.81802585785056,-4.903193791633965,-2.605791089031509,59,0.054458700120449066,-0.03187476098537445,0.9922834038734436,1.3315496444702148,4.812539100646973,-4.0604400634765625,0.9089353486709614,285.21039031687747,0.0
124.912,81.81802585785056,-4.903193791633965,-2.605791089031509,59,0.054458700120449066,-0.03187476098537445,0.9922834038734436,1.3315496444702148,4.812539100646973,-4.0604400634765625,0.9089353486709614,285.21039031687747,0.0
124.962,81.81802585785056,-4.903193791633965,-2.605791089031509,59,0.054458700120449066,-0.03187476098537445,0.9922834038734436,1.3315496444702148,4.812539100646973,-4.0604400634765625,0.9089353486709614,285.21039031687747,0.0
125.012,81.81802585785056,-4.903193791633965,-2.605791089031509,59,0.054458700120449066,-0.03187476098537445,0.9922834038734436,1.3315496444702148,4.812539100646973,-4.0604400634765625,0.9089353486709614,285.21039031687747,0.0
125.063,81.81802585785056,-4.903193791633965,-2.605791089031509,59,0.054458700120449066,-0.03187476098537445,0.9922834038734436,1.3315496444702148,4.812539100646973,-4.0604400634765625,0.9089353486709614,285.21039031687747,0.0
125.113,81.81802585785056,-4.903193791633965,-2.605791089031509,59,0.054458700120449066,-0.03187476098537445,0.9922834038734436,1.3315496444702148,4.812539100646973,-4.0604400634765625,0.9089353486709614,285.7739320024528,0.0
125.164,81.81802585785056,-4.903193791633965,-2.605791089031509,59,0.054458700120449066,-0.03187476098537445,0.9922834038734436,1.3315496444702148,4.812539100646973,-4.0604400634765625,0.9089353486709614,285.7739320024528,0.0
125.215,81.81802585785056,-4.903193791633965,-2.605791089031509,59,0.054458700120449066,-0.03187476098537445,0.9922834038734436,1.3315496444702148,4.812539100646973,-4.0604400634765625,0.9089353486709614,285.7739320024528,0.0
125.266,81.81802585785056,-4.903193791633965,-2.605791089031509,59,0.054458700120449066,-0.03187476098537445,0.9922834038734436,1.3315496444702148,4.812539100646973,-4.0604400634765625,0.9089353486709614,285.7739320024528,0.0
125.317,81.81802585785056,-4.903193791633965,-2.605791089031509,59,0.054458700120449066,-0.03187476098537445,0.9922834038734436,1.3315496444702148,4.812539100646973,-4.0604400634765625,0.9089353486709614,285.7739320024528,0.0
125.367,81.81802585785056,-4.903193791633965,-2.605791089031509,59,0.054458700120449066,-0.03187476098537445,0.9922834038734436,1.3315496444702148,4.812539100646973,-4.0604400634765625,0.9089353486709614,285.7739320024528,0.0
125.418,81.81802585785056,-4.903193791633965,-2.605791089031509,59,0.054458700120449066,-0.03187476098537445,0.9922834038734436,1.3315496444702148,4.812539100646973,-4.0604400634765625,0.9089353486709614,285.7739320024528,0.0
125.473,81.81802585785056,-4.903193791633965,-2.605791089031509,59,0.054458700120449066,-0.03187476098537445,0.9922834038734436,1.3315496444702148,4.812539100646973,-4.0604400634765625,0.9089353486709614,285.7739320024528,0.0
125.525,81.81802585785056,-4.903193791633965,-2.605791089031509,59,0.054458700120449066,-0.03187476098537445,0.9922834038734436,1.3315496444702148,4.812539100646973,-4.0604400634765625,0.9089353486709614,285.7739320024528,0.0
125.575,81.81802585785056,-4.903193791633965,-2.605791089031509,59,0.054458700120449066,-0.03187476098537445,0.9922834038734436,1.3315496444702148,4.812539100646973,-4.0604400634765625,0.9089353486709614,285.7739320024528,0.0
125.625,81.81802585785056,-4.903193791633965,-2.605791089031509,59,0.054458700120449066,-0.03187476098537445,0.9922834038734436,1.3315496444702148,4.812539100646973,-4.0604400634765625,0.9089353486709614,285.3462140281652,0.0
125.676,81.81802585785056,-4.903193791633965,-2.605791089031509,59,0.054458700120449066,-0.03187476098537445,0.9922834038734436,1.3315496444702148,4.812539100646973,-4.0604400634765625,0.9089353486709614,285.3462140281652,0.0
125.726,81.81802585785056,-4.903193791633965,-2.605791089031509,59,0.054458700120449066,-0.03187476098537445,0.9922834038734436,1.3315496444702148,4.812539100646973,-4.0604400634765625,0.9089353486709614,285.3462140281652,0.0
125.777,81.81802585785056,-4.903193791633965,-2.605791089031509,59,0.054458700120449066,-0.03187476098537445,0.9922834038734436,1.3315496444702148,4.812539100646973,-4.0604400634765625,0.9089353486709614,285.3462140281652,0.0
125.827,81.81802585785056,-4.903193791633965,-2.605791089031509,59,0.054458700120449066,-0.03187476098537445,0.9922834038734436,1.3315496444702148,4.812539100646973,-4.0604400634765625,0.9089353486709614,285.3462140281652,0.0
125.878,81.81802585785056,-4.903193791633965,-2.605791089031509,59,0.054458700120449066,-0.03187476098537445,0.9922834038734436,1.3315496444702148,4.812539100646973,-4.0604400634765625,0.9089353486709614,285.3462140281652,0.0
125.928,81.81802585785056,-4.903193791633965,-2.605791089031509,59,0.054458700120449066,-0.03187476098537445,0.9922834038734436,1.3315496444702148,4.812539100646973,-4.0604400634765625,0.9089353486709614,285.3462140281652,0.0
125.978,81.81802585785056,-4.903193791633965,-2.605791089031509,59,0.054458700120449066,-0.03187476098537445,0.9922834038734436,1.3315496444702148,4.812539100646973,-4.0604400634765625,0.9089353486709614,285.3462140281652,0.0
126.028,81.81802585785056,-4.903193791633965,-2.605791089031509,59,0.054458700120449066,-0.03187476098537445,0.9922834038734436,1.3315496444702148,4.812539100646973,-4.0604400634765625,0.9089353486709614,285.3462140281652,0.0
126.079,81.81802585785056,-4.903193791633965,-2.605791089031509,59,0.054458700120449066,-0.03187476098537445,0.9922834038734436,1.3315496444702148,4.812539100646973,-4.0604400634765625,0.9089353486709614,285.3462140281652,0.0
126.129,81.81802585785056,-4.903193791633965,-2.605791089031509,59,0.054458700120449066,-0.03187476098537445,0.9922834038734436,1.3315496444702148,4.812539100646973,-4.0604400634765625,0.9089353486709614,285.3462140281652,0.0
126.179,81.81802585785056,-4.903193791633965,-2.605791089031509,59,0.054458700120449066,-0.03187476098537445,0.9922834038734436,1.3315496444702148,4.812539100646973,-4.0604400634765625,0.9089353486709614,185.01561535068373,0.0
126.23,81.81802585785056,-4.903193791633965,-2.605791089031509,59,0.054458700120449066,-0.03187476098537445,0.9922834038734436,1.3315496444702148,4.812539100646973,-4.0604400634765625,0.9089353486709614,185.01561535068373,0.0
126.281,81.81802585785056,-4.903193791633965,-2.605791089031509,59,0.054458700120449066,-0.03187476098537445,0.9922834038734436,1.3315496444702148,4.812539100646973,-4.0604400634765625,0.9089353486709614,185.01561535068373,0.0
126.331,81.81802585785056,-4.903193791633965,-2.605791089031509,59,0.054458700120449066,-0.03187476098537445,0.9922834038734436,1.3315496444702148,4.812539100646973,-4.0604400634765625,0.9089353486709614,185.01561535068373,0.0
126.381,81.81802585785056,-4.903193791633965,-2.605791089031509,59,0.054458700120449066,-0.03187476098537445,0.9922834038734436,1.3315496444702148,4.812539100646973,-4.0604400634765625,0.9089353486709614,185.01561535068373,0.0
126.432,81.81802585785056,-4.903193791633965,-2.605791089031509,59,0.054458700120449066,-0.03187476098537445,0.9922834038734436,1.3315496444702148,4.812539100646973,-4.0604400634765625,0.9089353486709614,185.01561535068373,0.0
126.482,81.81802585785056,-4.903193791633965,-2.605791089031509,59,0.054458700120449066,-0.03187476098537445,0.9922834038734436,1.3315496444702148,4.812539100646973,-4.0604400634765625,0.9089353486709614,185.01561535068373,0.0
126.533,81.81802585785056,-4.903193791633965,-2.605791089031509,59,0.054458700120449066,-0.03187476098537445,0.9922834038734436,1.3315496444702148,4.812539100646973,-4.0604400634765625,0.9089353486709614,185.01561535068373,0.0
126.583,81.81802585785056,-4.903193791633965,-2.605791089031509,59,0.054458700120449066,-0.03187476098537445,0.9922834038734436,1.3315496444702148,4.812539100646973,-4.0604400634765625,0.9089353486709614,185.01561535068373,0.0
126.634,81.81802585785056,-4.903193791633965,-2.605791089031509,59,0.054458700120449066,-0.03187476098537445,0.9922834038734436,1.3315496444702148,4.812539100646973,-4.0604400634765625,0.9089353486709614,185.01561535068373,0.0
126.684,81.81802585785056,-4.903193791633965,-2.605791089031509,59,0.054458700120449066,-0.03187476098537445,0.9922834038734436,1.3315496444702148,4.812539100646973,-4.0604400634765625,0.9089353486709614,185.01561535068373,0.0
126.734,81.81802585785056,-4.903193791633965,-2.605791089031509,59,0.054458700120449066,-0.03187476098537445,0.9922834038734436,1.3315496444702148,4.812539100646973,-4.0604400634765625,0.9089353486709614,284.12843788104595,0.0
126.784,81.81802585785056,-4.903193791633965,-2.605791089031509,59,0.054458700120449066,-0.03187476098537445,0.9922834038734436,1.3315496444702148,4.812539100646973,-4.0604400634765625,0.9089353486709614,284.12843788104595,0.0
126.835,81.81802585785056,-4.903193791633965,-2.605791089031509,59,0.054458700120449066,-0.03187476098537445,0.9922834038734436,1.3315496444702148,4.812539100646973,-4.0604400634765625,0.9089353486709614,284.12843788104595,0.0
126.885,81.81802585785056,-4.903193791633965,-2.605791089031509,59,0.054458700120449066,-0.03187476098537445,0.9922834038734436,1.3315496444702148,4.812539100646973,-4.0604400634765625,0.9089353486709614,284.12843788104595,0.0
126.935,81.81802585785056,-4.903193791633965,-2.605791089031509,59,0.054458700120449066,-0.03187476098537445,0.9922834038734436,1.3315496444702148,4.812539100646973,-4.0604400634765625,0.9089353486709614,284.12843788104595,0.0
126.986,81.81802585785056,-4.903193791633965,-2.605791089031509,59,0.054458700120449066,-0.03187476098537445,0.9922834038734436,1.3315496444702148,4.812539100646973,-4.0604400634765625,0.9089353486709614,284.12843788104595,0.0
127.036,81.81802585785056,-4.903193791633965,-2.605791089031509,59,0.054458700120449066,-0.03187476098537445,0.9922834038734436,1.3315496444702148,4.812539100646973,-4.0604400634765625,0.9089353486709614,284.12843788104595,0.0
127.086,81.81802585785056,-4.903193791633965,-2.605791089031509,59,0.054458700120449066,-0.03187476098537445,0.9922834038734436,1.3315496444702148,4.812539100646973,-4.0604400634765625,0.9089353486709614,284.12843788104595,0.0
127.136,81.81802585785056,-4.903193791633965,-2.605791089031509,59,0.054458700120449066,-0.03187476098537445,0.9922834038734436,1.3315496444702148,4.812539100646973,-4.0604400634765625,0.9089353486709614,284.12843788104595,0.0
127.187,81.81802585785056,-4.903193791633965,-2.605791089031509,59,0.054458700120449066,-0.03187476098537445,0.9922834038734436,1.3315496444702148,4.812539100646973,-4.0604400634765625,0.9089353486709614,284.12843788104595,0.0
127.237,81.81802585785056,-4.903193791633965,-2.605791089031509,59,0.054458700120449066,-0.03187476098537445,0.9922834038734436,1.3315496444702148,4.812539100646973,-4.0604400634765625,0.9089353486709614,285.0553214625527,0.0
127.288,81.81802585785056,-4.903193791633965,-2.605791089031509,59,0.054458700120449066,-0.03187476098537445,0.9922834038734436,1.3315496444702148,4.812539100646973,-4.0604400634765625,0.9089353486709614,285.0553214625527,0.0
127.338,81.81802585785056,-4.903193791633965,-2.605791089031509,59,0.054458700120449066,-0.03187476098537445,0.9922834038734436,1.3315496444702148,4.812539100646973,-4.0604400634765625,0.9089353486709614,285.0553214625527,0.0
127.389,81.81802585785056,-4.903193791633965,-2.605791089031509,59,0.054458700120449066,-0.03187476098537445,0.9922834038734436,1.3315496444702148,4.812539100646973,-4.0604400634765625,0.9089353486709614,285.0553214625527,0.0
127.439,81.81802585785056,-4.903193791633965,-2.605791089031509,59,0.054458700120449066,-0.03187476098537445,0.9922834038734436,1.3315496444702148,4.812539100646973,-4.0604400634765625,0.9089353486709614,285.0553214625527,0.0
127.49,81.81802585785056,-4.903193791633965,-2.605791089031509,59,0.054458700120449066,-0.03187476098537445,0.9922834038734436,1.3315496444702148,4.812539100646973,-4.0604400634765625,0.9089353486709614,285.0553214625527,0.0
127.54,81.81802585785056,-4.903193791633965,-2.605791089031509,59,0.054458700120449066,-0.03187476098537445,0.9922834038734436,1.3315496444702148,4.812539100646973,-4.0604400634765625,0.9089353486709614,285.0553214625527,0.0
127.591,81.81802585785056,-4.903193791633965,-2.605791089031509,59,0.054458700120449066,-0.03187476098537445,0.9922834038734436,1.3315496444702148,4.812539100646973,-4.0604400634765625,0.9089353486709614,285.0553214625527,0.0
127.641,81.81802585785056,-4.903193791633965,-2.605791089031509,59,0.054458700120449066,-0.03187476098537445,0.9922834038734436,1.3315496444702148,4.812539100646973,-4.0604400634765625,0.9089353486709614,285.0553214625527,0.0
127.692,81.81802585785056,-4.903193791633965,-2.605791089031509,59,0.054458700120449066,-0.03187476098537445,0.9922834038734436,1.3315496444702148,4.812539100646973,-4.0604400634765625,0.9089353486709614,285.0553214625527,0.0
127.742,81.81802585785056,-4.903193791633965,-2.605791089031509,59,0.054458700120449066,-0.03187476098537445,0.9922834038734436,1.3315496444702148,4.812539100646973,-4.0604400634765625,0.9089353486709614,285.0553214625527,0.0
127.793,81.81802585785056,-4.903193791633965,-2.605791089031509,59,0.054458700120449066,-0.03187476098537445,0.9922834038734436,1.3315496444702148,4.812539100646973,-4.0604400634765625,0.9089353486709614,286.3201583725852,0.0
127.843,81.81802585785056,-4.903193791633965,-2.605791089031509,59,0.054458700120449066,-0.03187476098537445,0.9922834038734436,1.3315496444702148,4.812539100646973,-4.0604400634765625,0.9089353486709614,286.3201583725852,0.0
127.893,81.81802585785056,-4.903193791633965,-2.605791089031509,59,0.054458700120449066,-0.03187476098537445,0.9922834038734436,1.3315496444702148,4.812539100646973,-4.0604400634765625,0.9089353486709614,286.3201583725852,0.0
127.944,81.81802585785056,-4.903193791633965,-2.605791089031509,59,0.054458700120449066,-0.03187476098537445,0.9922834038734436,1.3315496444702148,4.812539100646973,-4.0604400634765625,0.9089353486709614,286.3201583725852,0.0
127.994,81.81802585785056,-4.903193791633965,-2.605791089031509,59,0.054458700120449066,-0.03187476098537445,0.9922834038734436,1.3315496444702148,4.812539100646973,-4.0604400634765625,0.9089353486709614,286.3201583725852,0.0
128.044,81.81802585785056,-4.903193791633965,-2.605791089031509,59,0.054458700120449066,-0.03187476098537445,0.9922834038734436,1.3315496444702148,4.812539100646973,-4.0604400634765625,0.9089353486709614,286.3201583725852,0.0
128.095,81.81802585785056,-4.903193791633965,-2.605791089031509,59,0.054458700120449066,-0.03187476098537445,0.9922834038734436,1.3315496444702148,4.812539100646973,-4.0604400634765625,0.9089353486709614,286.3201583725852,0.0
128.145,81.81802585785056,-4.903193791633965,-2.605791089031509,59,0.054458700120449066,-0.03187476098537445,0.9922834038734436,1.3315496444702148,4.812539100646973,-4.0604400634765625,0.9089353486709614,286.3201583725852,0.0
128.196,81.81802585785056,-4.903193791633965,-2.605791089031509,59,0.054458700120449066,-0.03187476098537445,0.9922834038734436,1.3315496444702148,4.812539100646973,-4.0604400634765625,0.9089353486709614,286.3201583725852,0.0
128.246,81.81802585785056,-4.903193791633965,-2.605791089031509,59,0.054458700120449066,-0.03187476098537445,0.9922834038734436,1.3315496444702148,4.812539100646973,-4.0604400634765625,0.9089353486709614,286.3201583725852,0.0
128.297,81.81802585785056,-4.903193791633965,-2.605791089031509,59,0.054458700120449066,-0.03187476098537445,0.9922834038734436,1.3315496444702148,4.812539100646973,-4.0604400634765625,0.9089353486709614,285.3850445669184,0.0
128.347,81.81802585785056,-4.903193791633965,-2.605791089031509,59,0.054458700120449066,-0.03187476098537445,0.9922834038734436,1.3315496444702148,4.812539100646973,-4.0604400634765625,0.9089353486709614,285.3850445669184,0.0
128.398,81.81802585785056,-4.903193791633965,-2.605791089031509,59,0.054458700120449066,-0.03187476098537445,0.9922834038734436,1.3315496444702148,4.812539100646973,-4.0604400634765625,0.9089353486709614,285.3850445669184,0.0
128.449,81.81802585785056,-4.903193791633965,-2.605791089031509,59,0.054458700120449066,-0.03187476098537445,0.9922834038734436,1.3315496444702148,4.812539100646973,-4.0604400634765625,0.9089353486709614,285.3850445669184,0.0
128.499,81.81802585785056,-4.903193791633965,-2.605791089031509,59,0.054458700120449066,-0.03187476098537445,0.9922834038734436,1.3315496444702148,4.812539100646973,-4.0604400634765625,0.9089353486709614,285.3850445669184,0.0
128.549,81.81802585785056,-4.903193791633965,-2.605791089031509,59,0.054458700120449066,-0.03187476098537445,0.9922834038734436,1.3315496444702148,4.812539100646973,-4.0604400634765625,0.9089353486709614,285.3850445669184,0.0
128.599,81.81802585785056,-4.903193791633965,-2.605791089031509,59,0.054458700120449066,-0.03187476098537445,0.9922834038734436,1.3315496444702148,4.812539100646973,-4.0604400634765625,0.9089353486709614,285.3850445669184,0.0
128.65,81.81802585785056,-4.903193791633965,-2.605791089031509,59,0.054458700120449066,-0.03187476098537445,0.9922834038734436,1.3315496444702148,4.812539100646973,-4.0604400634765625,0.9089353486709614,285.3850445669184,0.0
128.7,81.81802585785056,-4.903193791633965,-2.605791089031509,59,0.054458700120449066,-0.03187476098537445,0.9922834038734436,1.3315496444702148,4.812539100646973,-4.0604400634765625,0.9089353486709614,285.3850445669184,0.0
128.751,81.81802585785056,-4.903193791633965,-2.605791089031509,59,0.054458700120449066,-0.03187476098537445,0.9922834038734436,1.3315496444702148,4.812539100646973,-4.0604400634765625,0.9089353486709614,285.3850445669184,0.0
128.801,81.81802585785056,-4.903193791633965,-2.605791089031509,59,0.054458700120449066,-0.03187476098537445,0.9922834038734436,1.3315496444702148,4.812539100646973,-4.0604400634765625,0.9089353486709614,285.3850445669184,0.0
128.851,81.81802585785056,-4.903193791633965,-2.605791089031509,59,0.054458700120449066,-0.03187476098537445,0.9922834038734436,1.3315496444702148,4.812539100646973,-4.0604400634765625,0.9089353486709614,283.5521903731747,0.0
128.902,81.81802585785056,-4.903193791633965,-2.605791089031509,59,0.054458700120449066,-0.03187476098537445,0.9922834038734436,1.3315496444702148,4.812539100646973,-4.0604400634765625,0.9089353486709614,283.5521903731747,0.0
128.952,81.81802585785056,-4.903193791633965,-2.605791089031509,59,0.054458700120449066,-0.03187476098537445,0.9922834038734436,1.3315496444702148,4.812539100646973,-4.0604400634765625,0.9089353486709614,283.5521903731747,0.0
129.002,81.81802585785056,-4.903193791633965,-2.605791089031509,59,0.054458700120449066,-0.03187476098537445,0.9922834038734436,1.3315496444702148,4.812539100646973,-4.0604400634765625,0.9089353486709614,283.5521903731747,0.0
129.053,81.81802585785056,-4.903193791633965,-2.605791089031509,59,0.054458700120449066,-0.03187476098537445,0.9922834038734436,1.3315496444702148,4.812539100646973,-4.0604400634765625,0.9089353486709614,283.5521903731747,0.0
129.103,81.81802585785056,-4.903193791633965,-2.605791089031509,59,0.054458700120449066,-0.03187476098537445,0.9922834038734436,1.3315496444702148,4.812539100646973,-4.0604400634765625,0.9089353486709614,283.5521903731747,0.0
129.153,81.81802585785056,-4.903193791633965,-2.605791089031509,59,0.054458700120449066,-0.03187476098537445,0.9922834038734436,1.3315496444702148,4.812539100646973,-4.0604400634765625,0.9089353486709614,283.5521903731747,0.0
129.203,81.81802585785056,-4.903193791633965,-2.605791089031509,59,0.054458700120449066,-0.03187476098537445,0.9922834038734436,1.3315496444702148,4.812539100646973,-4.0604400634765625,0.9089353486709614,283.5521903731747,0.0
129.254,81.81802585785056,-4.903193791633965,-2.605791089031509,59,0.054458700120449066,-0.03187476098537445,0.9922834038734436,1.3315496444702148,4.812539100646973,-4.0604400634765625,0.9089353486709614,283.5521903731747,0.0
129.304,81.81802585785056,-4.903193791633965,-2.605791089031509,59,0.054458700120449066,-0.03187476098537445,0.9922834038734436,1.3315496444702148,4.812539100646973,-4.0604400634765625,0.9089353486709614,283.5521903731747,0.0
129.354,81.81802585785056,-4.903193791633965,-2.605791089031509,59,0.054458700120449066,-0.03187476098537445,0.9922834038734436,1.3315496444702148,4.812539100646973,-4.0604400634765625,0.9089353486709614,283.5521903731747,0.0
129.404,81.81802585785056,-4.903193791633965,-2.605791089031509,59,0.054458700120449066,-0.03187476098537445,0.9922834038734436,1.3315496444702148,4.812539100646973,-4.0604400634765625,0.9089353486709614,284.72635937818205,0.0
129.455,81.81802585785056,-4.903193791633965,-2.605791089031509,59,0.054458700120449066,-0.03187476098537445,0.9922834038734436,1.3315496444702148,4.812539100646973,-4.0604400634765625,0.9089353486709614,284.72635937818205,0.0
129.505,81.81802585785056,-4.903193791633965,-2.605791089031509,59,0.054458700120449066,-0.03187476098537445,0.9922834038734436,1.3315496444702148,4.812539100646973,-4.0604400634765625,0.9089353486709614,284.72635937818205,0.0
129.556,81.81802585785056,-4.903193791633965,-2.605791089031509,59,0.054458700120449066,-0.03187476098537445,0.9922834038734436,1.3315496444702148,4.812539100646973,-4.0604400634765625,0.9089353486709614,284.72635937818205,0.0
129.606,81.81802585785056,-4.903193791633965,-2.605791089031509,59,0.054458700120449066,-0.03187476098537445,0.9922834038734436,1.3315496444702148,4.812539100646973,-4.0604400634765625,0.9089353486709614,284.72635937818205,0.0
129.656,81.81802585785056,-4.903193791633965,-2.605791089031509,59,0.054458700120449066,-0.03187476098537445,0.9922834038734436,1.3315496444702148,4.812539100646973,-4.0604400634765625,0.9089353486709614,284.72635937818205,0.0
129.707,81.81802585785056,-4.903193791633965,-2.605791089031509,59,0.054458700120449066,-0.03187476098537445,0.9922834038734436,1.3315496444702148,4.812539100646973,-4.0604400634765625,0.9089353486709614,284.72635937818205,0.0
129.757,81.81802585785056,-4.903193791633965,-2.605791089031509,59,0.054458700120449066,-0.03187476098537445,0.9922834038734436,1.3315496444702148,4.812539100646973,-4.0604400634765625,0.9089353486709614,284.72635937818205,0.0
129.807,81.81802585785056,-4.903193791633965,-2.605791089031509,59,0.054458700120449066,-0.03187476098537445,0.9922834038734436,1.3315496444702148,4.812539100646973,-4.0604400634765625,0.9089353486709614,284.72635937818205,0.0
129.857,81.81802585785056,-4.903193791633965,-2.605791089031509,59,0.054458700120449066,-0.03187476098537445,0.9922834038734436,1.3315496444702148,4.812539100646973,-4.0604400634765625,0.9089353486709614,284.72635937818205,0.0
129.907,81.81802585785056,-4.903193791633965,-2.605791089031509,59,0.054458700120449066,-0.03187476098537445,0.9922834038734436,1.3315496444702148,4.812539100646973,-4.0604400634765625,0.9089353486709614,283.4755339280887,0.0
129.958,81.81802585785056,-4.903193791633965,-2.605791089031509,59,0.054458700120449066,-0.03187476098537445,0.9922834038734436,1.3315496444702148,4.812539100646973,-4.0604400634765625,0.9089353486709614,283.4755339280887,0.0
130.009,81.81802585785056,-4.903193791633965,-2.605791089031509,59,0.054458700120449066,-0.03187476098537445,0.9922834038734436,1.3315496444702148,4.812539100646973,-4.0604400634765625,0.9089353486709614,283.4755339280887,0.0
130.059,81.81802585785056,-4.903193791633965,-2.605791089031509,59,0.054458700120449066,-0.03187476098537445,0.9922834038734436,1.3315496444702148,4.812539100646973,-4.0604400634765625,0.9089353486709614,283.4755339280887,0.0
130.109,81.81802585785056,-4.903193791633965,-2.605791089031509,59,0.054458700120449066,-0.03187476098537445,0.9922834038734436,1.3315496444702148,4.812539100646973,-4.0604400634765625,0.9089353486709614,283.4755339280887,0.0
130.16,81.81802585785056,-4.903193791633965,-2.605791089031509,59,0.054458700120449066,-0.03187476098537445,0.9922834038734436,1.3315496444702148,4.812539100646973,-4.0604400634765625,0.9089353486709614,283.4755339280887,0.0
130.21,81.81802585785056,-4.903193791633965,-2.605791089031509,59,0.054458700120449066,-0.03187476098537445,0.9922834038734436,1.3315496444702148,4.812539100646973,-4.0604400634765625,0.9089353486709614,283.4755339280887,0.0
130.26,81.81802585785056,-4.903193791633965,-2.605791089031509,59,0.054458700120449066,-0.03187476098537445,0.9922834038734436,1.3315496444702148,4.812539100646973,-4.0604400634765625,0.9089353486709614,283.4755339280887,0.0
130.31,81.81802585785056,-4.903193791633965,-2.605791089031509,59,0.054458700120449066,-0.03187476098537445,0.9922834038734436,1.3315496444702148,4.812539100646973,-4.0604400634765625,0.9089353486709614,283.4755339280887,0.0
130.36,81.81802585785056,-4.903193791633965,-2.605791089031509,59,0.054458700120449066,-0.03187476098537445,0.9922834038734436,1.3315496444702148,4.812539100646973,-4.0604400634765625,0.9089353486709614,283.4755339280887,0.0
130.411,81.81802585785056,-4.903193791633965,-2.605791089031509,59,0.054458700120449066,-0.03187476098537445,0.9922834038734436,1.3315496444702148,4.812539100646973,-4.0604400634765625,0.9089353486709614,283.4755339280887,0.0
130.461,81.81802585785056,-4.903193791633965,-2.605791089031509,59,0.054458700120449066,-0.03187476098537445,0.9922834038734436,1.3315496444702148,4.812539100646973,-4.0604400634765625,0.9089353486709614,286.06629382076113,0.0
130.512,81.81802585785056,-4.903193791633965,-2.605791089031509,59,0.054458700120449066,-0.03187476098537445,0.9922834038734436,1.3315496444702148,4.812539100646973,-4.0604400634765625,0.9089353486709614,286.06629382076113,0.0
130.562,81.81802585785056,-4.903193791633965,-2.605791089031509,59,0.054458700120449066,-0.03187476098537445,0.9922834038734436,1.3315496444702148,4.812539100646973,-4.0604400634765625,0.9089353486709614,286.06629382076113,0.0
130.613,81.81802585785056,-4.903193791633965,-2.605791089031509,59,0.054458700120449066,-0.03187476098537445,0.9922834038734436,1.3315496444702148,4.812539100646973,-4.0604400634765625,0.9089353486709614,286.06629382076113,0.0
130.663,81.81802585785056,-4.903193791633965,-2.605791089031509,59,0.054458700120449066,-0.03187476098537445,0.9922834038734436,1.3315496444702148,4.812539100646973,-4.0604400634765625,0.9089353486709614,286.06629382076113,0.0
130.713,81.81802585785056,-4.903193791633965,-2.605791089031509,59,0.054458700120449066,-0.03187476098537445,0.9922834038734436,1.3315496444702148,4.812539100646973,-4.0604400634765625,0.9089353486709614,286.06629382076113,0.0
130.764,81.81802585785056,-4.903193791633965,-2.605791089031509,59,0.054458700120449066,-0.03187476098537445,0.9922834038734436,1.3315496444702148,4.812539100646973,-4.0604400634765625,0.9089353486709614,286.06629382076113,0.0
130.814,81.81802585785056,-4.903193791633965,-2.605791089031509,59,0.054458700120449066,-0.03187476098537445,0.9922834038734436,1.3315496444702148,4.812539100646973,-4.0604400634765625,0.9089353486709614,286.06629382076113,0.0
130.864,81.81802585785056,-4.903193791633965,-2.605791089031509,59,0.054458700120449066,-0.03187476098537445,0.9922834038734436,1.3315496444702148,4.812539100646973,-4.0604400634765625,0.9089353486709614,286.06629382076113,0.0
130.915,81.81802585785056,-4.903193791633965,-2.605791089031509,59,0.054458700120449066,-0.03187476098537445,0.9922834038734436,1.3315496444702148,4.812539100646973,-4.0604400634765625,0.9089353486709614,286.06629382076113,0.0
130.966,81.81802585785056,-4.903193791633965,-2.605791089031509,59,0.054458700120449066,-0.03187476098537445,0.9922834038734436,1.3315496444702148,4.812539100646973,-4.0604400634765625,0.9089353486709614,293.67763618540823,0.0
131.016,81.81802585785056,-4.903193791633965,-2.605791089031509,59,0.054458700120449066,-0.03187476098537445,0.9922834038734436,1.3315496444702148,4.812539100646973,-4.0604400634765625,0.9089353486709614,293.67763618540823,0.0
131.067,81.81802585785056,-4.903193791633965,-2.605791089031509,59,0.054458700120449066,-0.03187476098537445,0.9922834038734436,1.3315496444702148,4.812539100646973,-4.0604400634765625,0.9089353486709614,293.67763618540823,0.0
131.117,81.81802585785056,-4.903193791633965,-2.605791089031509,59,0.054458700120449066,-0.03187476098537445,0.9922834038734436,1.3315496444702148,4.812539100646973,-4.0604400634765625,0.9089353486709614,293.67763618540823,0.0
131.167,81.81802585785056,-4.903193791633965,-2.605791089031509,59,0.054458700120449066,-0.03187476098537445,0.9922834038734436,1.3315496444702148,4.812539100646973,-4.0604400634765625,0.9089353486709614,293.67763618540823,0.0
131.218,81.81802585785056,-4.903193791633965,-2.605791089031509,59,0.054458700120449066,-0.03187476098537445,0.9922834038734436,1.3315496444702148,4.812539100646973,-4.0604400634765625,0.9089353486709614,293.67763618540823,0.0
131.268,81.81802585785056,-4.903193791633965,-2.605791089031509,59,0.054458700120449066,-0.03187476098537445,0.9922834038734436,1.3315496444702148,4.812539100646973,-4.0604400634765625,0.9089353486709614,293.67763618540823,0.0
131.318,81.81802585785056,-4.903193791633965,-2.605791089031509,59,0.054458700120449066,-0.03187476098537445,0.9922834038734436,1.3315496444702148,4.812539100646973,-4.0604400634765625,0.9089353486709614,293.67763618540823,0.0
131.368,81.81802585785056,-4.903193791633965,-2.605791089031509,59,0.054458700120449066,-0.03187476098537445,0.9922834038734436,1.3315496444702148,4.812539100646973,-4.0604400634765625,0.9089353486709614,293.67763618540823,0.0
131.419,81.81802585785056,-4.903193791633965,-2.605791089031509,59,0.054458700120449066,-0.03187476098537445,0.9922834038734436,1.3315496444702148,4.812539100646973,-4.0604400634765625,0.9089353486709614,293.67763618540823,0.0
131.469,81.81802585785056,-4.903193791633965,-2.605791089031509,59,0.054458700120449066,-0.03187476098537445,0.9922834038734436,1.3315496444702148,4.812539100646973,-4.0604400634765625,0.9089353486709614,293.67763618540823,0.0
131.519,81.81802585785056,-4.903193791633965,-2.605791089031509,59,0.054458700120449066,-0.03187476098537445,0.9922834038734436,1.3315496444702148,4.812539100646973,-4.0604400634765625,0.9089353486709614,285.26858464258993,0.0
131.569,81.81802585785056,-4.903193791633965,-2.605791089031509,59,0.054458700120449066,-0.03187476098537445,0.9922834038734436,1.3315496444702148,4.812539100646973,-4.0604400634765625,0.9089353486709614,285.26858464258993,0.0
131.62,81.81802585785056,-4.903193791633965,-2.605791089031509,59,0.054458700120449066,-0.03187476098537445,0.9922834038734436,1.3315496444702148,4.812539100646973,-4.0604400634765625,0.9089353486709614,285.26858464258993,0.0
131.67,81.81802585785056,-4.903193791633965,-2.605791089031509,59,0.054458700120449066,-0.03187476098537445,0.9922834038734436,1.3315496444702148,4.812539100646973,-4.0604400634765625,0.9089353486709614,285.26858464258993,0.0
131.721,81.81802585785056,-4.903193791633965,-2.605791089031509,59,0.054458700120449066,-0.03187476098537445,0.9922834038734436,1.3315496444702148,4.812539100646973,-4.0604400634765625,0.9089353486709614,285.26858464258993,0.0
131.772,81.81802585785056,-4.903193791633965,-2.605791089031509,59,0.054458700120449066,-0.03187476098537445,0.9922834038734436,1.3315496444702148,4.812539100646973,-4.0604400634765625,0.9089353486709614,285.26858464258993,0.0
131.822,81.81802585785056,-4.903193791633965,-2.605791089031509,59,0.054458700120449066,-0.03187476098537445,0.9922834038734436,1.3315496444702148,4.812539100646973,-4.0604400634765625,0.9089353486709614,285.26858464258993,0.0
131.873,81.81802585785056,-4.903193791633965,-2.605791089031509,59,0.054458700120449066,-0.03187476098537445,0.9922834038734436,1.3315496444702148,4.812539100646973,-4.0604400634765625,0.9089353486709614,285.26858464258993,0.0
131.923,81.81802585785056,-4.903193791633965,-2.605791089031509,59,0.054458700120449066,-0.03187476098537445,0.9922834038734436,1.3315496444702148,4.812539100646973,-4.0604400634765625,0.9089353486709614,285.26858464258993,0.0
131.973,81.81802585785056,-4.903193791633965,-2.605791089031509,59,0.054458700120449066,-0.03187476098537445,0.9922834038734436,1.3315496444702148,4.812539100646973,-4.0604400634765625,0.9089353486709614,285.26858464258993,0.0
132.023,81.81802585785056,-4.903193791633965,-2.605791089031509,59,0.054458700120449066,-0.03187476098537445,0.9922834038734436,1.3315496444702148,4.812539100646973,-4.0604400634765625,0.9089353486709614,285.26858464258993,0.0
132.074,81.81802585785056,-4.903193791633965,-2.605791089031509,59,0.054458700120449066,-0.03187476098537445,0.9922834038734436,1.3315496444702148,4.812539100646973,-4.0604400634765625,0.9089353486709614,288.09011607940107,0.0
132.125,81.81802585785056,-4.903193791633965,-2.605791089031509,59,0.054458700120449066,-0.03187476098537445,0.9922834038734436,1.3315496444702148,4.812539100646973,-4.0604400634765625,0.9089353486709614,288.09011607940107,0.0
132.175,81.81802585785056,-4.903193791633965,-2.605791089031509,59,0.054458700120449066,-0.03187476098537445,0.9922834038734436,1.3315496444702148,4.812539100646973,-4.0604400634765625,0.9089353486709614,288.09011607940107,0.0
132.226,81.81802585785056,-4.903193791633965,-2.605791089031509,59,0.054458700120449066,-0.03187476098537445,0.9922834038734436,1.3315496444702148,4.812539100646973,-4.0604400634765625,0.9089353486709614,288.09011607940107,0.0
132.276,81.81802585785056,-4.903193791633965,-2.605791089031509,59,0.054458700120449066,-0.03187476098537445,0.9922834038734436,1.3315496444702148,4.812539100646973,-4.0604400634765625,0.9089353486709614,288.09011607940107,0.0
132.326,81.81802585785056,-4.903193791633965,-2.605791089031509,59,0.054458700120449066,-0.03187476098537445,0.9922834038734436,1.3315496444702148,4.812539100646973,-4.0604400634765625,0.9089353486709614,288.09011607940107,0.0
132.376,81.81802585785056,-4.903193791633965,-2.605791089031509,59,0.054458700120449066,-0.03187476098537445,0.9922834038734436,1.3315496444702148,4.812539100646973,-4.0604400634765625,0.9089353486709614,288.09011607940107,0.0
132.427,81.81802585785056,-4.903193791633965,-2.605791089031509,59,0.054458700120449066,-0.03187476098537445,0.9922834038734436,1.3315496444702148,4.812539100646973,-4.0604400634765625,0.9089353486709614,288.09011607940107,0.0
132.477,81.81802585785056,-4.903193791633965,-2.605791089031509,59,0.054458700120449066,-0.03187476098537445,0.9922834038734436,1.3315496444702148,4.812539100646973,-4.0604400634765625,0.9089353486709614,288.09011607940107,0.0
132.527,81.81802585785056,-4.903193791633965,-2.605791089031509,59,0.054458700120449066,-0.03187476098537445,0.9922834038734436,1.3315496444702148,4.812539100646973,-4.0604400634765625,0.9089353486709614,288.09011607940107,0.0
132.578,81.81802585785056,-4.903193791633965,-2.605791089031509,59,0.054458700120449066,-0.03187476098537445,0.9922834038734436,1.3315496444702148,4.812539100646973,-4.0604400634765625,0.9089353486709614,285.3656279765955,0.0
132.628,81.81802585785056,-4.903193791633965,-2.605791089031509,59,0.054458700120449066,-0.03187476098537445,0.9922834038734436,1.3315496444702148,4.812539100646973,-4.0604400634765625,0.9089353486709614,285.3656279765955,0.0
132.678,81.81802585785056,-4.903193791633965,-2.605791089031509,59,0.054458700120449066,-0.03187476098537445,0.9922834038734436,1.3315496444702148,4.812539100646973,-4.0604400634765625,0.9089353486709614,285.3656279765955,0.0
132.728,81.81802585785056,-4.903193791633965,-2.605791089031509,59,0.054458700120449066,-0.03187476098537445,0.9922834038734436,1.3315496444702148,4.812539100646973,-4.0604400634765625,0.9089353486709614,285.3656279765955,0.0
132.779,81.81802585785056,-4.903193791633965,-2.605791089031509,59,0.054458700120449066,-0.03187476098537445,0.9922834038734436,1.3315496444702148,4.812539100646973,-4.0604400634765625,0.9089353486709614,285.3656279765955,0.0
132.83,81.81802585785056,-4.903193791633965,-2.605791089031509,59,0.054458700120449066,-0.03187476098537445,0.9922834038734436,1.3315496444702148,4.812539100646973,-4.0604400634765625,0.9089353486709614,285.3656279765955,0.0
132.88,81.81802585785056,-4.903193791633965,-2.605791089031509,59,0.054458700120449066,-0.03187476098537445,0.9922834038734436,1.3315496444702148,4.812539100646973,-4.0604400634765625,0.9089353486709614,285.3656279765955,0.0
132.93,81.81802585785056,-4.903193791633965,-2.605791089031509,59,0.054458700120449066,-0.03187476098537445,0.9922834038734436,1.3315496444702148,4.812539100646973,-4.0604400634765625,0.9089353486709614,285.3656279765955,0.0
132.98,81.81802585785056,-4.903193791633965,-2.605791089031509,59,0.054458700120449066,-0.03187476098537445,0.9922834038734436,1.3315496444702148,4.812539100646973,-4.0604400634765625,0.9089353486709614,285.3656279765955,0.0
133.031,81.81802585785056,-4.903193791633965,-2.605791089031509,59,0.054458700120449066,-0.03187476098537445,0.9922834038734436,1.3315496444702148,4.812539100646973,-4.0604400634765625,0.9089353486709614,285.3656279765955,0.0
133.081,81.81802585785056,-4.903193791633965,-2.605791089031509,59,0.054458700120449066,-0.03187476098537445,0.9922834038734436,1.3315496444702148,4.812539100646973,-4.0604400634765625,0.9089353486709614,285.3656279765955,0.0
133.132,81.81802585785056,-4.903193791633965,-2.605791089031509,59,0.054458700120449066,-0.03187476098537445,0.9922834038734436,1.3315496444702148,4.812539100646973,-4.0604400634765625,0.9089353486709614,283.1693221712125,0.0
133.182,81.81802585785056,-4.903193791633965,-2.605791089031509,59,0.054458700120449066,-0.03187476098537445,0.9922834038734436,1.3315496444702148,4.812539100646973,-4.0604400634765625,0.9089353486709614,283.1693221712125,0.0
133.232,81.81802585785056,-4.903193791633965,-2.605791089031509,59,0.054458700120449066,-0.03187476098537445,0.9922834038734436,1.3315496444702148,4.812539100646973,-4.0604400634765625,0.9089353486709614,283.1693221712125,0.0
133.282,81.81802585785056,-4.903193791633965,-2.605791089031509,59,0.054458700120449066,-0.03187476098537445,0.9922834038734436,1.3315496444702148,4.812539100646973,-4.0604400634765625,0.9089353486709614,283.1693221712125,0.0
133.333,81.81802585785056,-4.903193791633965,-2.605791089031509,59,0.054458700120449066,-0.03187476098537445,0.9922834038734436,1.3315496444702148,4.812539100646973,-4.0604400634765625,0.9089353486709614,283.1693221712125,0.0
133.383,81.81802585785056,-4.903193791633965,-2.605791089031509,59,0.054458700120449066,-0.03187476098537445,0.9922834038734436,1.3315496444702148,4.812539100646973,-4.0604400634765625,0.9089353486709614,283.1693221712125,0.0
133.434,81.81802585785056,-4.903193791633965,-2.605791089031509,59,0.054458700120449066,-0.03187476098537445,0.9922834038734436,1.3315496444702148,4.812539100646973,-4.0604400634765625,0.9089353486709614,283.1693221712125,0.0
133.484,81.81802585785056,-4.903193791633965,-2.605791089031509,59,0.054458700120449066,-0.03187476098537445,0.9922834038734436,1.3315496444702148,4.812539100646973,-4.0604400634765625,0.9089353486709614,283.1693221712125,0.0
133.535,81.81802585785056,-4.903193791633965,-2.605791089031509,59,0.054458700120449066,-0.03187476098537445,0.9922834038734436,1.3315496444702148,4.812539100646973,-4.0604400634765625,0.9089353486709614,283.1693221712125,0.0
133.585,81.81802585785056,-4.903193791633965,-2.605791089031509,59,0.054458700120449066,-0.03187476098537445,0.9922834038734436,1.3315496444702148,4.812539100646973,-4.0604400634765625,0.9089353486709614,283.1693221712125,0.0
133.636,81.81802585785056,-4.903193791633965,-2.605791089031509,59,0.054458700120449066,-0.03187476098537445,0.9922834038734436,1.3315496444702148,4.812539100646973,-4.0604400634765625,0.9089353486709614,283.1693221712125,0.0
133.686,81.81802585785056,-4.903193791633965,-2.605791089031509,59,0.054458700120449066,-0.03187476098537445,0.9922834038734436,1.3315496444702148,4.812539100646973,-4.0604400634765625,0.9089353486709614,288.98332644343395,0.0
133.736,81.81802585785056,-4.903193791633965,-2.605791089031509,59,0.054458700120449066,-0.03187476098537445,0.9922834038734436,1.3315496444702148,4.812539100646973,-4.0604400634765625,0.9089353486709614,288.98332644343395,0.0
133.787,81.81802585785056,-4.903193791633965,-2.605791089031509,59,0.054458700120449066,-0.03187476098537445,0.9922834038734436,1.3315496444702148,4.812539100646973,-4.0604400634765625,0.9089353486709614,288.98332644343395,0.0
133.837,81.81802585785056,-4.903193791633965,-2.605791089031509,59,0.054458700120449066,-0.03187476098537445,0.9922834038734436,1.3315496444702148,4.812539100646973,-4.0604400634765625,0.9089353486709614,288.98332644343395,0.0
133.887,81.81802585785056,-4.903193791633965,-2.605791089031509,59,0.054458700120449066,-0.03187476098537445,0.9922834038734436,1.3315496444702148,4.812539100646973,-4.0604400634765625,0.9089353486709614,288.98332644343395,0.0
133.937,81.81802585785056,-4.903193791633965,-2.605791089031509,59,0.054458700120449066,-0.03187476098537445,0.9922834038734436,1.3315496444702148,4.812539100646973,-4.0604400634765625,0.9089353486709614,288.98332644343395,0.0
133.988,81.81802585785056,-4.903193791633965,-2.605791089031509,59,0.054458700120449066,-0.03187476098537445,0.9922834038734436,1.3315496444702148,4.812539100646973,-4.0604400634765625,0.9089353486709614,288.98332644343395,0.0
134.038,81.81802585785056,-4.903193791633965,-2.605791089031509,59,0.054458700120449066,-0.03187476098537445,0.9922834038734436,1.3315496444702148,4.812539100646973,-4.0604400634765625,0.9089353486709614,288.98332644343395,0.0
134.088,81.81802585785056,-4.903193791633965,-2.605791089031509,59,0.054458700120449066,-0.03187476098537445,0.9922834038734436,1.3315496444702148,4.812539100646973,-4.0604400634765625,0.9089353486709614,288.98332644343395,0.0
134.14,81.81802585785056,-4.903193791633965,-2.605791089031509,59,0.054458700120449066,-0.03187476098537445,0.9922834038734436,1.3315496444702148,4.812539100646973,-4.0604400634765625,0.9089353486709614,288.98332644343395,0.0
134.19,81.81802585785056,-4.903193791633965,-2.605791089031509,59,0.054458700120449066,-0.03187476098537445,0.9922834038734436,1.3315496444702148,4.812539100646973,-4.0604400634765625,0.9089353486709614,286.88809849521203,0.0
134.24,81.81802585785056,-4.903193791633965,-2.605791089031509,59,0.054458700120449066,-0.03187476098537445,0.9922834038734436,1.3315496444702148,4.812539100646973,-4.0604400634765625,0.9089353486709614,286.88809849521203,0.0
134.29,81.81802585785056,-4.903193791633965,-2.605791089031509,59,0.054458700120449066,-0.03187476098537445,0.9922834038734436,1.3315496444702148,4.812539100646973,-4.0604400634765625,0.9089353486709614,286.88809849521203,0.0
134.341,81.81802585785056,-4.903193791633965,-2.605791089031509,59,0.054458700120449066,-0.03187476098537445,0.9922834038734436,1.3315496444702148,4.812539100646973,-4.0604400634765625,0.9089353486709614,286.88809849521203,0.0
134.392,81.81802585785056,-4.903193791633965,-2.605791089031509,59,0.054458700120449066,-0.03187476098537445,0.9922834038734436,1.3315496444702148,4.812539100646973,-4.0604400634765625,0.9089353486709614,286.88809849521203,0.0
134.442,81.81802585785056,-4.903193791633965,-2.605791089031509,59,0.054458700120449066,-0.03187476098537445,0.9922834038734436,1.3315496444702148,4.812539100646973,-4.0604400634765625,0.9089353486709614,286.88809849521203,0.0
134.492,81.81802585785056,-4.903193791633965,-2.605791089031509,59,0.054458700120449066,-0.03187476098537445,0.9922834038734436,1.3315496444702148,4.812539100646973,-4.0604400634765625,0.9089353486709614,286.88809849521203,0.0
134.542,81.81802585785056,-4.903193791633965,-2.605791089031509,59,0.054458700120449066,-0.03187476098537445,0.9922834038734436,1.3315496444702148,4.812539100646973,-4.0604400634765625,0.9089353486709614,286.88809849521203,0.0
134.593,81.81802585785056,-4.903193791633965,-2.605791089031509,59,0.054458700120449066,-0.03187476098537445,0.9922834038734436,1.3315496444702148,4.812539100646973,-4.0604400634765625,0.9089353486709614,286.88809849521203,0.0
134.643,81.81802585785056,-4.903193791633965,-2.605791089031509,59,0.054458700120449066,-0.03187476098537445,0.9922834038734436,1.3315496444702148,4.812539100646973,-4.0604400634765625,0.9089353486709614,286.88809849521203,0.0
134.693,81.81802585785056,-4.903193791633965,-2.605791089031509,59,0.054458700120449066,-0.03187476098537445,0.9922834038734436,1.3315496444702148,4.812539100646973,-4.0604400634765625,0.9089353486709614,286.88809849521203,0.0
134.744,81.81802585785056,-4.903193791633965,-2.605791089031509,59,0.054458700120449066,-0.03187476098537445,0.9922834038734436,1.3315496444702148,4.812539100646973,-4.0604400634765625,0.9089353486709614,284.86172235805486,0.0
134.794,81.81802585785056,-4.903193791633965,-2.605791089031509,59,0.054458700120449066,-0.03187476098537445,0.9922834038734436,1.3315496444702148,4.812539100646973,-4.0604400634765625,0.9089353486709614,284.86172235805486,0.0
134.844,81.81802585785056,-4.903193791633965,-2.605791089031509,59,0.054458700120449066,-0.03187476098537445,0.9922834038734436,1.3315496444702148,4.812539100646973,-4.0604400634765625,0.9089353486709614,284.86172235805486,0.0
134.895,81.81802585785056,-4.903193791633965,-2.605791089031509,59,0.054458700120449066,-0.03187476098537445,0.9922834038734436,1.3315496444702148,4.812539100646973,-4.0604400634765625,0.9089353486709614,284.86172235805486,0.0
134.945,81.81802585785056,-4.903193791633965,-2.605791089031509,59,0.054458700120449066,-0.03187476098537445,0.9922834038734436,1.3315496444702148,4.812539100646973,-4.0604400634765625,0.9089353486709614,284.86172235805486,0.0
134.996,81.81802585785056,-4.903193791633965,-2.605791089031509,59,0.054458700120449066,-0.03187476098537445,0.9922834038734436,1.3315496444702148,4.812539100646973,-4.0604400634765625,0.9089353486709614,284.86172235805486,0.0
135.046,81.81802585785056,-4.903193791633965,-2.605791089031509,59,0.054458700120449066,-0.03187476098537445,0.9922834038734436,1.3315496444702148,4.812539100646973,-4.0604400634765625,0.9089353486709614,284.86172235805486,0.0
135.096,81.81802585785056,-4.903193791633965,-2.605791089031509,59,0.054458700120449066,-0.03187476098537445,0.9922834038734436,1.3315496444702148,4.812539100646973,-4.0604400634765625,0.9089353486709614,284.86172235805486,0.0
135.147,81.81802585785056,-4.903193791633965,-2.605791089031509,59,0.054458700120449066,-0.03187476098537445,0.9922834038734436,1.3315496444702148,4.812539100646973,-4.0604400634765625,0.9089353486709614,284.86172235805486,0.0
135.197,81.81802585785056,-4.903193791633965,-2.605791089031509,59,0.054458700120449066,-0.03187476098537445,0.9922834038734436,1.3315496444702148,4.812539100646973,-4.0604400634765625,0.9089353486709614,284.86172235805486,0.0
135.247,81.81802585785056,-4.903193791633965,-2.605791089031509,59,0.054458700120449066,-0.03187476098537445,0.9922834038734436,1.3315496444702148,4.812539100646973,-4.0604400634765625,0.9089353486709614,285.55991285403053,0.0
135.298,81.81802585785056,-4.903193791633965,-2.605791089031509,59,0.054458700120449066,-0.03187476098537445,0.9922834038734436,1.3315496444702148,4.812539100646973,-4.0604400634765625,0.9089353486709614,285.55991285403053,0.0
135.348,81.81802585785056,-4.903193791633965,-2.605791089031509,59,0.054458700120449066,-0.03187476098537445,0.9922834038734436,1.3315496444702148,4.812539100646973,-4.0604400634765625,0.9089353486709614,285.55991285403053,0.0
135.399,81.81802585785056,-4.903193791633965,-2.605791089031509,59,0.054458700120449066,-0.03187476098537445,0.9922834038734436,1.3315496444702148,4.812539100646973,-4.0604400634765625,0.9089353486709614,285.55991285403053,0.0
135.449,81.81802585785056,-4.903193791633965,-2.605791089031509,59,0.054458700120449066,-0.03187476098537445,0.9922834038734436,1.3315496444702148,4.812539100646973,-4.0604400634765625,0.9089353486709614,285.55991285403053,0.0
135.499,81.81802585785056,-4.903193791633965,-2.605791089031509,59,0.054458700120449066,-0.03187476098537445,0.9922834038734436,1.3315496444702148,4.812539100646973,-4.0604400634765625,0.9089353486709614,285.55991285403053,0.0
135.55,81.81802585785056,-4.903193791633965,-2.605791089031509,59,0.054458700120449066,-0.03187476098537445,0.9922834038734436,1.3315496444702148,4.812539100646973,-4.0604400634765625,0.9089353486709614,285.55991285403053,0.0
135.6,81.81802585785056,-4.903193791633965,-2.605791089031509,59,0.054458700120449066,-0.03187476098537445,0.9922834038734436,1.3315496444702148,4.812539100646973,-4.0604400634765625,0.9089353486709614,285.55991285403053,0.0
135.65,81.81802585785056,-4.903193791633965,-2.605791089031509,59,0.054458700120449066,-0.03187476098537445,0.9922834038734436,1.3315496444702148,4.812539100646973,-4.0604400634765625,0.9089353486709614,285.55991285403053,0.0
135.701,81.81802585785056,-4.903193791633965,-2.605791089031509,59,0.054458700120449066,-0.03187476098537445,0.9922834038734436,1.3315496444702148,4.812539100646973,-4.0604400634765625,0.9089353486709614,285.55991285403053,0.0
135.752,81.81802585785056,-4.903193791633965,-2.605791089031509,59,0.054458700120449066,-0.03187476098537445,0.9922834038734436,1.3315496444702148,4.812539100646973,-4.0604400634765625,0.9089353486709614,285.55991285403053,0.0
135.802,81.81802585785056,-4.903193791633965,-2.605791089031509,59,0.054458700120449066,-0.03187476098537445,0.9922834038734436,1.3315496444702148,4.812539100646973,-4.0604400634765625,0.9089353486709614,285.6571545324525,0.0
135.853,81.81802585785056,-4.903193791633965,-2.605791089031509,59,0.054458700120449066,-0.03187476098537445,0.9922834038734436,1.3315496444702148,4.812539100646973,-4.0604400634765625,0.9089353486709614,285.6571545324525,0.0
135.903,81.81802585785056,-4.903193791633965,-2.605791089031509,59,0.054458700120449066,-0.03187476098537445,0.9922834038734436,1.3315496444702148,4.812539100646973,-4.0604400634765625,0.9089353486709614,285.6571545324525,0.0
135.953,81.81802585785056,-4.903193791633965,-2.605791089031509,59,0.054458700120449066,-0.03187476098537445,0.9922834038734436,1.3315496444702148,4.812539100646973,-4.0604400634765625,0.9089353486709614,285.6571545324525,0.0
136.003,81.81802585785056,-4.903193791633965,-2.605791089031509,59,0.054458700120449066,-0.03187476098537445,0.9922834038734436,1.3315496444702148,4.812539100646973,-4.0604400634765625,0.9089353486709614,285.6571545324525,0.0
136.053,81.81802585785056,-4.903193791633965,-2.605791089031509,59,0.054458700120449066,-0.03187476098537445,0.9922834038734436,1.3315496444702148,4.812539100646973,-4.0604400634765625,0.9089353486709614,285.6571545324525,0.0
136.104,81.81802585785056,-4.903193791633965,-2.605791089031509,59,0.054458700120449066,-0.03187476098537445,0.9922834038734436,1.3315496444702148,4.812539100646973,-4.0604400634765625,0.9089353486709614,285.6571545324525,0.0
136.154,81.81802585785056,-4.903193791633965,-2.605791089031509,59,0.054458700120449066,-0.03187476098537445,0.9922834038734436,1.3315496444702148,4.812539100646973,-4.0604400634765625,0.9089353486709614,285.6571545324525,0.0
136.204,81.81802585785056,-4.903193791633965,-2.605791089031509,59,0.054458700120449066,-0.03187476098537445,0.9922834038734436,1.3315496444702148,4.812539100646973,-4.0604400634765625,0.9089353486709614,285.6571545324525,0.0
136.254,81.81802585785056,-4.903193791633965,-2.605791089031509,59,0.054458700120449066,-0.03187476098537445,0.9922834038734436,1.3315496444702148,4.812539100646973,-4.0604400634765625,0.9089353486709614,285.6571545324525,0.0
136.305,81.81802585785056,-4.903193791633965,-2.605791089031509,59,0.054458700120449066,-0.03187476098537445,0.9922834038734436,1.3315496444702148,4.812539100646973,-4.0604400634765625,0.9089353486709614,288.6055184751944,0.0
136.355,81.81802585785056,-4.903193791633965,-2.605791089031509,59,0.054458700120449066,-0.03187476098537445,0.9922834038734436,1.3315496444702148,4.812539100646973,-4.0604400634765625,0.9089353486709614,288.6055184751944,0.0
136.405,81.81802585785056,-4.903193791633965,-2.605791089031509,59,0.054458700120449066,-0.03187476098537445,0.9922834038734436,1.3315496444702148,4.812539100646973,-4.0604400634765625,0.9089353486709614,288.6055184751944,0.0
136.456,81.81802585785056,-4.903193791633965,-2.605791089031509,59,0.054458700120449066,-0.03187476098537445,0.9922834038734436,1.3315496444702148,4.812539100646973,-4.0604400634765625,0.9089353486709614,288.6055184751944,0.0
136.506,81.81802585785056,-4.903193791633965,-2.605791089031509,59,0.054458700120449066,-0.03187476098537445,0.9922834038734436,1.3315496444702148,4.812539100646973,-4.0604400634765625,0.9089353486709614,288.6055184751944,0.0
136.556,81.81802585785056,-4.903193791633965,-2.605791089031509,59,0.054458700120449066,-0.03187476098537445,0.9922834038734436,1.3315496444702148,4.812539100646973,-4.0604400634765625,0.9089353486709614,288.6055184751944,0.0
136.606,81.81802585785056,-4.903193791633965,-2.605791089031509,59,0.054458700120449066,-0.03187476098537445,0.9922834038734436,1.3315496444702148,4.812539100646973,-4.0604400634765625,0.9089353486709614,288.6055184751944,0.0
136.657,81.81802585785056,-4.903193791633965,-2.605791089031509,59,0.054458700120449066,-0.03187476098537445,0.9922834038734436,1.3315496444702148,4.812539100646973,-4.0604400634765625,0.9089353486709614,288.6055184751944,0.0
136.707,81.81802585785056,-4.903193791633965,-2.605791089031509,59,0.054458700120449066,-0.03187476098537445,0.9922834038734436,1.3315496444702148,4.812539100646973,-4.0604400634765625,0.9089353486709614,288.6055184751944,0.0
136.757,81.81802585785056,-4.903193791633965,-2.605791089031509,59,0.054458700120449066,-0.03187476098537445,0.9922834038734436,1.3315496444702148,4.812539100646973,-4.0604400634765625,0.9089353486709614,288.6055184751944,0.0
136.808,81.81802585785056,-4.903193791633965,-2.605791089031509,59,0.054458700120449066,-0.03187476098537445,0.9922834038734436,1.3315496444702148,4.812539100646973,-4.0604400634765625,0.9089353486709614,288.6055184751944,0.0
136.858,81.81802585785056,-4.903193791633965,-2.605791089031509,59,0.054458700120449066,-0.03187476098537445,0.9922834038734436,1.3315496444702148,4.812539100646973,-4.0604400634765625,0.9089353486709614,298.4632462819327,0.0
136.908,81.81802585785056,-4.903193791633965,-2.605791089031509,59,0.054458700120449066,-0.03187476098537445,0.9922834038734436,1.3315496444702148,4.812539100646973,-4.0604400634765625,0.9089353486709614,298.4632462819327,0.0
136.958,81.81802585785056,-4.903193791633965,-2.605791089031509,59,0.054458700120449066,-0.03187476098537445,0.9922834038734436,1.3315496444702148,4.812539100646973,-4.0604400634765625,0.9089353486709614,298.4632462819327,0.0
137.009,81.81802585785056,-4.903193791633965,-2.605791089031509,59,0.054458700120449066,-0.03187476098537445,0.9922834038734436,1.3315496444702148,4.812539100646973,-4.0604400634765625,0.9089353486709614,298.4632462819327,0.0
137.059,81.81802585785056,-4.903193791633965,-2.605791089031509,59,0.054458700120449066,-0.03187476098537445,0.9922834038734436,1.3315496444702148,4.812539100646973,-4.0604400634765625,0.9089353486709614,298.4632462819327,0.0
137.11,81.81802585785056,-4.903193791633965,-2.605791089031509,59,0.054458700120449066,-0.03187476098537445,0.9922834038734436,1.3315496444702148,4.812539100646973,-4.0604400634765625,0.9089353486709614,298.4632462819327,0.0
137.16,81.81802585785056,-4.903193791633965,-2.605791089031509,59,0.054458700120449066,-0.03187476098537445,0.9922834038734436,1.3315496444702148,4.812539100646973,-4.0604400634765625,0.9089353486709614,298.4632462819327,0.0
137.211,81.81802585785056,-4.903193791633965,-2.605791089031509,59,0.054458700120449066,-0.03187476098537445,0.9922834038734436,1.3315496444702148,4.812539100646973,-4.0604400634765625,0.9089353486709614,298.4632462819327,0.0
137.261,81.81802585785056,-4.903193791633965,-2.605791089031509,59,0.054458700120449066,-0.03187476098537445,0.9922834038734436,1.3315496444702148,4.812539100646973,-4.0604400634765625,0.9089353486709614,298.4632462819327,0.0
137.312,81.81802585785056,-4.903193791633965,-2.605791089031509,59,0.054458700120449066,-0.03187476098537445,0.9922834038734436,1.3315496444702148,4.812539100646973,-4.0604400634765625,0.9089353486709614,298.4632462819327,0.0
137.362,81.81802585785056,-4.903193791633965,-2.605791089031509,59,0.054458700120449066,-0.03187476098537445,0.9922834038734436,1.3315496444702148,4.812539100646973,-4.0604400634765625,0.9089353486709614,298.4632462819327,0.0
137.412,81.81802585785056,-4.903193791633965,-2.605791089031509,59,0.054458700120449066,-0.03187476098537445,0.9922834038734436,1.3315496444702148,4.812539100646973,-4.0604400634765625,0.9089353486709614,282.9210118043845,0.0
137.463,81.81802585785056,-4.903193791633965,-2.605791089031509,59,0.054458700120449066,-0.03187476098537445,0.9922834038734436,1.3315496444702148,4.812539100646973,-4.0604400634765625,0.9089353486709614,282.9210118043845,0.0
137.513,81.81802585785056,-4.903193791633965,-2.605791089031509,59,0.054458700120449066,-0.03187476098537445,0.9922834038734436,1.3315496444702148,4.812539100646973,-4.0604400634765625,0.9089353486709614,282.9210118043845,0.0
137.563,81.81802585785056,-4.903193791633965,-2.605791089031509,59,0.054458700120449066,-0.03187476098537445,0.9922834038734436,1.3315496444702148,4.812539100646973,-4.0604400634765625,0.9089353486709614,282.9210118043845,0.0
137.614,81.81802585785056,-4.903193791633965,-2.605791089031509,59,0.054458700120449066,-0.03187476098537445,0.9922834038734436,1.3315496444702148,4.812539100646973,-4.0604400634765625,0.9089353486709614,282.9210118043845,0.0
137.664,81.81802585785056,-4.903193791633965,-2.605791089031509,59,0.054458700120449066,-0.03187476098537445,0.9922834038734436,1.3315496444702148,4.812539100646973,-4.0604400634765625,0.9089353486709614,282.9210118043845,0.0
137.715,81.81802585785056,-4.903193791633965,-2.605791089031509,59,0.054458700120449066,-0.03187476098537445,0.9922834038734436,1.3315496444702148,4.812539100646973,-4.0604400634765625,0.9089353486709614,282.9210118043845,0.0
137.765,81.81802585785056,-4.903193791633965,-2.605791089031509,59,0.054458700120449066,-0.03187476098537445,0.9922834038734436,1.3315496444702148,4.812539100646973,-4.0604400634765625,0.9089353486709614,282.9210118043845,0.0
137.815,81.81802585785056,-4.903193791633965,-2.605791089031509,59,0.054458700120449066,-0.03187476098537445,0.9922834038734436,1.3315496444702148,4.812539100646973,-4.0604400634765625,0.9089353486709614,282.9210118043845,0.0
137.866,81.81802585785056,-4.903193791633965,-2.605791089031509,59,0.054458700120449066,-0.03187476098537445,0.9922834038734436,1.3315496444702148,4.812539100646973,-4.0604400634765625,0.9089353486709614,282.9210118043845,0.0
137.916,81.81802585785056,-4.903193791633965,-2.605791089031509,59,0.054458700120449066,-0.03187476098537445,0.9922834038734436,1.3315496444702148,4.812539100646973,-4.0604400634765625,0.9089353486709614,273.51183567003585,0.0
137.966,81.81802585785056,-4.903193791633965,-2.605791089031509,59,0.054458700120449066,-0.03187476098537445,0.9922834038734436,1.3315496444702148,4.812539100646973,-4.0604400634765625,0.9089353486709614,273.51183567003585,0.0
138.016,81.81802585785056,-4.903193791633965,-2.605791089031509,59,0.054458700120449066,-0.03187476098537445,0.9922834038734436,1.3315496444702148,4.812539100646973,-4.0604400634765625,0.9089353486709614,273.51183567003585,0.0
138.067,81.81802585785056,-4.903193791633965,-2.605791089031509,59,0.054458700120449066,-0.03187476098537445,0.9922834038734436,1.3315496444702148,4.812539100646973,-4.0604400634765625,0.9089353486709614,273.51183567003585,0.0
138.117,81.81802585785056,-4.903193791633965,-2.605791089031509,59,0.054458700120449066,-0.03187476098537445,0.9922834038734436,1.3315496444702148,4.812539100646973,-4.0604400634765625,0.9089353486709614,273.51183567003585,0.0
138.167,81.81802585785056,-4.903193791633965,-2.605791089031509,59,0.054458700120449066,-0.03187476098537445,0.9922834038734436,1.3315496444702148,4.812539100646973,-4.0604400634765625,0.9089353486709614,273.51183567003585,0.0
138.219,81.81802585785056,-4.903193791633965,-2.605791089031509,59,0.054458700120449066,-0.03187476098537445,0.9922834038734436,1.3315496444702148,4.812539100646973,-4.0604400634765625,0.9089353486709614,273.51183567003585,0.0
138.269,81.81802585785056,-4.903193791633965,-2.605791089031509,59,0.054458700120449066,-0.03187476098537445,0.9922834038734436,1.3315496444702148,4.812539100646973,-4.0604400634765625,0.9089353486709614,273.51183567003585,0.0
138.319,81.81802585785056,-4.903193791633965,-2.605791089031509,59,0.054458700120449066,-0.03187476098537445,0.9922834038734436,1.3315496444702148,4.812539100646973,-4.0604400634765625,0.9089353486709614,273.51183567003585,0.0
138.37,81.81802585785056,-4.903193791633965,-2.605791089031509,59,0.054458700120449066,-0.03187476098537445,0.9922834038734436,1.3315496444702148,4.812539100646973,-4.0604400634765625,0.9089353486709614,273.51183567003585,0.0
138.42,81.81802585785056,-4.903193791633965,-2.605791089031509,59,0.054458700120449066,-0.03187476098537445,0.9922834038734436,1.3315496444702148,4.812539100646973,-4.0604400634765625,0.9089353486709614,273.51183567003585,0.0
138.471,81.81802585785056,-4.903193791633965,-2.605791089031509,59,0.054458700120449066,-0.03187476098537445,0.9922834038734436,1.3315496444702148,4.812539100646973,-4.0604400634765625,0.9089353486709614,286.08580587954435,0.0
138.522,81.81802585785056,-4.903193791633965,-2.605791089031509,59,0.054458700120449066,-0.03187476098537445,0.9922834038734436,1.3315496444702148,4.812539100646973,-4.0604400634765625,0.9089353486709614,286.08580587954435,0.0
138.572,81.81802585785056,-4.903193791633965,-2.605791089031509,59,0.054458700120449066,-0.03187476098537445,0.9922834038734436,1.3315496444702148,4.812539100646973,-4.0604400634765625,0.9089353486709614,286.08580587954435,0.0
138.622,81.81802585785056,-4.903193791633965,-2.605791089031509,59,0.054458700120449066,-0.03187476098537445,0.9922834038734436,1.3315496444702148,4.812539100646973,-4.0604400634765625,0.9089353486709614,286.08580587954435,0.0
138.673,81.81802585785056,-4.903193791633965,-2.605791089031509,59,0.054458700120449066,-0.03187476098537445,0.9922834038734436,1.3315496444702148,4.812539100646973,-4.0604400634765625,0.9089353486709614,286.08580587954435,0.0
138.723,81.81802585785056,-4.903193791633965,-2.605791089031509,59,0.054458700120449066,-0.03187476098537445,0.9922834038734436,1.3315496444702148,4.812539100646973,-4.0604400634765625,0.9089353486709614,286.08580587954435,0.0
138.774,81.81802585785056,-4.903193791633965,-2.605791089031509,59,0.054458700120449066,-0.03187476098537445,0.9922834038734436,1.3315496444702148,4.812539100646973,-4.0604400634765625,0.9089353486709614,286.08580587954435,0.0
138.824,81.81802585785056,-4.903193791633965,-2.605791089031509,59,0.054458700120449066,-0.03187476098537445,0.9922834038734436,1.3315496444702148,4.812539100646973,-4.0604400634765625,0.9089353486709614,286.08580587954435,0.0
138.875,81.81802585785056,-4.903193791633965,-2.605791089031509,59,0.054458700120449066,-0.03187476098537445,0.9922834038734436,1.3315496444702148,4.812539100646973,-4.0604400634765625,0.9089353486709614,286.08580587954435,0.0
138.925,81.81802585785056,-4.903193791633965,-2.605791089031509,59,0.054458700120449066,-0.03187476098537445,0.9922834038734436,1.3315496444702148,4.812539100646973,-4.0604400634765625,0.9089353486709614,286.08580587954435,0.0
138.975,81.81802585785056,-4.903193791633965,-2.605791089031509,59,0.054458700120449066,-0.03187476098537445,0.9922834038734436,1.3315496444702148,4.812539100646973,-4.0604400634765625,0.9089353486709614,183.8719915830082,0.0
139.026,81.81802585785056,-4.903193791633965,-2.605791089031509,59,0.054458700120449066,-0.03187476098537445,0.9922834038734436,1.3315496444702148,4.812539100646973,-4.0604400634765625,0.9089353486709614,183.8719915830082,0.0
139.077,81.81802585785056,-4.903193791633965,-2.605791089031509,59,0.054458700120449066,-0.03187476098537445,0.9922834038734436,1.3315496444702148,4.812539100646973,-4.0604400634765625,0.9089353486709614,183.8719915830082,0.0
139.127,81.81802585785056,-4.903193791633965,-2.605791089031509,59,0.054458700120449066,-0.03187476098537445,0.9922834038734436,1.3315496444702148,4.812539100646973,-4.0604400634765625,0.9089353486709614,183.8719915830082,0.0
139.177,81.81802585785056,-4.903193791633965,-2.605791089031509,59,0.054458700120449066,-0.03187476098537445,0.9922834038734436,1.3315496444702148,4.812539100646973,-4.0604400634765625,0.9089353486709614,183.8719915830082,0.0
139.228,81.81802585785056,-4.903193791633965,-2.605791089031509,59,0.054458700120449066,-0.03187476098537445,0.9922834038734436,1.3315496444702148,4.812539100646973,-4.0604400634765625,0.9089353486709614,183.8719915830082,0.0
139.278,81.81802585785056,-4.903193791633965,-2.605791089031509,59,0.054458700120449066,-0.03187476098537445,0.9922834038734436,1.3315496444702148,4.812539100646973,-4.0604400634765625,0.9089353486709614,183.8719915830082,0.0
139.328,81.81802585785056,-4.903193791633965,-2.605791089031509,59,0.054458700120449066,-0.03187476098537445,0.9922834038734436,1.3315496444702148,4.812539100646973,-4.0604400634765625,0.9089353486709614,183.8719915830082,0.0
139.378,81.81802585785056,-4.903193791633965,-2.605791089031509,59,0.054458700120449066,-0.03187476098537445,0.9922834038734436,1.3315496444702148,4.812539100646973,-4.0604400634765625,0.9089353486709614,183.8719915830082,0.0
139.429,81.81802585785056,-4.903193791633965,-2.605791089031509,59,0.054458700120449066,-0.03187476098537445,0.9922834038734436,1.3315496444702148,4.812539100646973,-4.0604400634765625,0.9089353486709614,183.8719915830082,0.0
139.479,81.81802585785056,-4.903193791633965,-2.605791089031509,59,0.054458700120449066,-0.03187476098537445,0.9922834038734436,1.3315496444702148,4.812539100646973,-4.0604400634765625,0.9089353486709614,183.8719915830082,0.0
139.53,81.81802585785056,-4.903193791633965,-2.605791089031509,59,0.054458700120449066,-0.03187476098537445,0.9922834038734436,1.3315496444702148,4.812539100646973,-4.0604400634765625,0.9089353486709614,286.9469795443662,0.0
139.581,81.81802585785056,-4.903193791633965,-2.605791089031509,59,0.054458700120449066,-0.03187476098537445,0.9922834038734436,1.3315496444702148,4.812539100646973,-4.0604400634765625,0.9089353486709614,286.9469795443662,0.0
139.631,81.81802585785056,-4.903193791633965,-2.605791089031509,59,0.054458700120449066,-0.03187476098537445,0.9922834038734436,1.3315496444702148,4.812539100646973,-4.0604400634765625,0.9089353486709614,286.9469795443662,0.0
139.682,81.81802585785056,-4.903193791633965,-2.605791089031509,59,0.054458700120449066,-0.03187476098537445,0.9922834038734436,1.3315496444702148,4.812539100646973,-4.0604400634765625,0.9089353486709614,286.9469795443662,0.0
139.732,81.81802585785056,-4.903193791633965,-2.605791089031509,59,0.054458700120449066,-0.03187476098537445,0.9922834038734436,1.3315496444702148,4.812539100646973,-4.0604400634765625,0.9089353486709614,286.9469795443662,0.0
139.783,81.81802585785056,-4.903193791633965,-2.605791089031509,59,0.054458700120449066,-0.03187476098537445,0.9922834038734436,1.3315496444702148,4.812539100646973,-4.0604400634765625,0.9089353486709614,286.9469795443662,0.0
139.833,81.81802585785056,-4.903193791633965,-2.605791089031509,59,0.054458700120449066,-0.03187476098537445,0.9922834038734436,1.3315496444702148,4.812539100646973,-4.0604400634765625,0.9089353486709614,286.9469795443662,0.0
139.883,81.81802585785056,-4.903193791633965,-2.605791089031509,59,0.054458700120449066,-0.03187476098537445,0.9922834038734436,1.3315496444702148,4.812539100646973,-4.0604400634765625,0.9089353486709614,286.9469795443662,0.0
139.933,81.81802585785056,-4.903193791633965,-2.605791089031509,59,0.054458700120449066,-0.03187476098537445,0.9922834038734436,1.3315496444702148,4.812539100646973,-4.0604400634765625,0.9089353486709614,286.9469795443662,0.0
139.984,81.81802585785056,-4.903193791633965,-2.605791089031509,59,0.054458700120449066,-0.03187476098537445,0.9922834038734436,1.3315496444702148,4.812539100646973,-4.0604400634765625,0.9089353486709614,286.9469795443662,0.0
140.034,81.81802585785056,-4.903193791633965,-2.605791089031509,59,0.054458700120449066,-0.03187476098537445,0.9922834038734436,1.3315496444702148,4.812539100646973,-4.0604400634765625,0.9089353486709614,286.9469795443662,0.0
140.085,81.81802585785056,-4.903193791633965,-2.605791089031509,59,0.054458700120449066,-0.03187476098537445,0.9922834038734436,1.3315496444702148,4.812539100646973,-4.0604400634765625,0.9089353486709614,287.084462696783,0.0
140.136,81.81802585785056,-4.903193791633965,-2.605791089031509,59,0.054458700120449066,-0.03187476098537445,0.9922834038734436,1.3315496444702148,4.812539100646973,-4.0604400634765625,0.9089353486709614,287.084462696783,0.0
140.186,81.81802585785056,-4.903193791633965,-2.605791089031509,59,0.054458700120449066,-0.03187476098537445,0.9922834038734436,1.3315496444702148,4.812539100646973,-4.0604400634765625,0.9089353486709614,287.084462696783,0.0
140.236,81.81802585785056,-4.903193791633965,-2.605791089031509,59,0.054458700120449066,-0.03187476098537445,0.9922834038734436,1.3315496444702148,4.812539100646973,-4.0604400634765625,0.9089353486709614,287.084462696783,0.0
140.287,81.81802585785056,-4.903193791633965,-2.605791089031509,59,0.054458700120449066,-0.03187476098537445,0.9922834038734436,1.3315496444702148,4.812539100646973,-4.0604400634765625,0.9089353486709614,287.084462696783,0.0
140.337,81.81802585785056,-4.903193791633965,-2.605791089031509,59,0.054458700120449066,-0.03187476098537445,0.9922834038734436,1.3315496444702148,4.812539100646973,-4.0604400634765625,0.9089353486709614,287.084462696783,0.0
140.387,81.81802585785056,-4.903193791633965,-2.605791089031509,59,0.054458700120449066,-0.03187476098537445,0.9922834038734436,1.3315496444702148,4.812539100646973,-4.0604400634765625,0.9089353486709614,287.084462696783,0.0
140.438,81.81802585785056,-4.903193791633965,-2.605791089031509,59,0.054458700120449066,-0.03187476098537445,0.9922834038734436,1.3315496444702148,4.812539100646973,-4.0604400634765625,0.9089353486709614,287.084462696783,0.0
140.488,81.81802585785056,-4.903193791633965,-2.605791089031509,59,0.054458700120449066,-0.03187476098537445,0.9922834038734436,1.3315496444702148,4.812539100646973,-4.0604400634765625,0.9089353486709614,287.084462696783,0.0
140.539,81.81802585785056,-4.903193791633965,-2.605791089031509,59,0.054458700120449066,-0.03187476098537445,0.9922834038734436,1.3315496444702148,4.812539100646973,-4.0604400634765625,0.9089353486709614,287.084462696783,0.0
140.589,81.81802585785056,-4.903193791633965,-2.605791089031509,59,0.054458700120449066,-0.03187476098537445,0.9922834038734436,1.3315496444702148,4.812539100646973,-4.0604400634765625,0.9089353486709614,285.13283480625427,0.0
140.64,81.81802585785056,-4.903193791633965,-2.605791089031509,59,0.054458700120449066,-0.03187476098537445,0.9922834038734436,1.3315496444702148,4.812539100646973,-4.0604400634765625,0.9089353486709614,285.13283480625427,0.0
140.69,81.81802585785056,-4.903193791633965,-2.605791089031509,59,0.054458700120449066,-0.03187476098537445,0.9922834038734436,1.3315496444702148,4.812539100646973,-4.0604400634765625,0.9089353486709614,285.13283480625427,0.0
140.74,81.81802585785056,-4.903193791633965,-2.605791089031509,59,0.054458700120449066,-0.03187476098537445,0.9922834038734436,1.3315496444702148,4.812539100646973,-4.0604400634765625,0.9089353486709614,285.13283480625427,0.0
140.791,81.81802585785056,-4.903193791633965,-2.605791089031509,59,0.054458700120449066,-0.03187476098537445,0.9922834038734436,1.3315496444702148,4.812539100646973,-4.0604400634765625,0.9089353486709614,285.13283480625427,0.0
140.841,81.81802585785056,-4.903193791633965,-2.605791089031509,59,0.054458700120449066,-0.03187476098537445,0.9922834038734436,1.3315496444702148,4.812539100646973,-4.0604400634765625,0.9089353486709614,285.13283480625427,0.0
140.892,81.81802585785056,-4.903193791633965,-2.605791089031509,59,0.054458700120449066,-0.03187476098537445,0.9922834038734436,1.3315496444702148,4.812539100646973,-4.0604400634765625,0.9089353486709614,285.13283480625427,0.0
140.942,81.81802585785056,-4.903193791633965,-2.605791089031509,59,0.054458700120449066,-0.03187476098537445,0.9922834038734436,1.3315496444702148,4.812539100646973,-4.0604400634765625,0.9089353486709614,285.13283480625427,0.0
140.993,81.81802585785056,-4.903193791633965,-2.605791089031509,59,0.054458700120449066,-0.03187476098537445,0.9922834038734436,1.3315496444702148,4.812539100646973,-4.0604400634765625,0.9089353486709614,285.13283480625427,0.0
141.043,81.81802585785056,-4.903193791633965,-2.605791089031509,59,0.054458700120449066,-0.03187476098537445,0.9922834038734436,1.3315496444702148,4.812539100646973,-4.0604400634765625,0.9089353486709614,285.13283480625427,0.0
141.094,81.81802585785056,-4.903193791633965,-2.605791089031509,59,0.054458700120449066,-0.03187476098537445,0.9922834038734436,1.3315496444702148,4.812539100646973,-4.0604400634765625,0.9089353486709614,285.13283480625427,0.0
141.144,81.81802585785056,-4.903193791633965,-2.605791089031509,59,0.054458700120449066,-0.03187476098537445,0.9922834038734436,1.3315496444702148,4.812539100646973,-4.0604400634765625,0.9089353486709614,285.5793558929666,0.0
141.195,81.81802585785056,-4.903193791633965,-2.605791089031509,59,0.054458700120449066,-0.03187476098537445,0.9922834038734436,1.3315496444702148,4.812539100646973,-4.0604400634765625,0.9089353486709614,285.5793558929666,0.0
141.245,81.81802585785056,-4.903193791633965,-2.605791089031509,59,0.054458700120449066,-0.03187476098537445,0.9922834038734436,1.3315496444702148,4.812539100646973,-4.0604400634765625,0.9089353486709614,285.5793558929666,0.0
141.295,81.81802585785056,-4.903193791633965,-2.605791089031509,59,0.054458700120449066,-0.03187476098537445,0.9922834038734436,1.3315496444702148,4.812539100646973,-4.0604400634765625,0.9089353486709614,285.5793558929666,0.0
141.346,81.81802585785056,-4.903193791633965,-2.605791089031509,59,0.054458700120449066,-0.03187476098537445,0.9922834038734436,1.3315496444702148,4.812539100646973,-4.0604400634765625,0.9089353486709614,285.5793558929666,0.0
141.396,81.81802585785056,-4.903193791633965,-2.605791089031509,59,0.054458700120449066,-0.03187476098537445,0.9922834038734436,1.3315496444702148,4.812539100646973,-4.0604400634765625,0.9089353486709614,285.5793558929666,0.0
141.446,81.81802585785056,-4.903193791633965,-2.605791089031509,59,0.054458700120449066,-0.03187476098537445,0.9922834038734436,1.3315496444702148,4.812539100646973,-4.0604400634765625,0.9089353486709614,285.5793558929666,0.0
141.496,81.81802585785056,-4.903193791633965,-2.605791089031509,59,0.054458700120449066,-0.03187476098537445,0.9922834038734436,1.3315496444702148,4.812539100646973,-4.0604400634765625,0.9089353486709614,285.5793558929666,0.0
141.547,81.81802585785056,-4.903193791633965,-2.605791089031509,59,0.054458700120449066,-0.03187476098537445,0.9922834038734436,1.3315496444702148,4.812539100646973,-4.0604400634765625,0.9089353486709614,285.5793558929666,0.0
141.597,81.81802585785056,-4.903193791633965,-2.605791089031509,59,0.054458700120449066,-0.03187476098537445,0.9922834038734436,1.3315496444702148,4.812539100646973,-4.0604400634765625,0.9089353486709614,285.5793558929666,0.0
141.648,81.81802585785056,-4.903193791633965,-2.605791089031509,59,0.054458700120449066,-0.03187476098537445,0.9922834038734436,1.3315496444702148,4.812539100646973,-4.0604400634765625,0.9089353486709614,273.3514077163712,0.0
141.698,81.81802585785056,-4.903193791633965,-2.605791089031509,59,0.054458700120449066,-0.03187476098537445,0.9922834038734436,1.3315496444702148,4.812539100646973,-4.0604400634765625,0.9089353486709614,273.3514077163712,0.0
141.748,81.81802585785056,-4.903193791633965,-2.605791089031509,59,0.054458700120449066,-0.03187476098537445,0.9922834038734436,1.3315496444702148,4.812539100646973,-4.0604400634765625,0.9089353486709614,273.3514077163712,0.0
141.798,81.81802585785056,-4.903193791633965,-2.605791089031509,59,0.054458700120449066,-0.03187476098537445,0.9922834038734436,1.3315496444702148,4.812539100646973,-4.0604400634765625,0.9089353486709614,273.3514077163712,0.0
141.849,81.81802585785056,-4.903193791633965,-2.605791089031509,59,0.054458700120449066,-0.03187476098537445,0.9922834038734436,1.3315496444702148,4.812539100646973,-4.0604400634765625,0.9089353486709614,273.3514077163712,0.0
141.901,81.81802585785056,-4.903193791633965,-2.605791089031509,59,0.054458700120449066,-0.03187476098537445,0.9922834038734436,1.3315496444702148,4.812539100646973,-4.0604400634765625,0.9089353486709614,273.3514077163712,0.0
141.951,81.81802585785056,-4.903193791633965,-2.605791089031509,59,0.054458700120449066,-0.03187476098537445,0.9922834038734436,1.3315496444702148,4.812539100646973,-4.0604400634765625,0.9089353486709614,273.3514077163712,0.0
142.001,81.81802585785056,-4.903193791633965,-2.605791089031509,59,0.054458700120449066,-0.03187476098537445,0.9922834038734436,1.3315496444702148,4.812539100646973,-4.0604400634765625,0.9089353486709614,273.3514077163712,0.0
142.052,81.81802585785056,-4.903193791633965,-2.605791089031509,59,0.054458700120449066,-0.03187476098537445,0.9922834038734436,1.3315496444702148,4.812539100646973,-4.0604400634765625,0.9089353486709614,273.3514077163712,0.0
142.102,81.81802585785056,-4.903193791633965,-2.605791089031509,59,0.054458700120449066,-0.03187476098537445,0.9922834038734436,1.3315496444702148,4.812539100646973,-4.0604400634765625,0.9089353486709614,273.3514077163712,0.0
142.152,81.81802585785056,-4.903193791633965,-2.605791089031509,59,0.054458700120449066,-0.03187476098537445,0.9922834038734436,1.3315496444702148,4.812539100646973,-4.0604400634765625,0.9089353486709614,273.3514077163712,0.0
142.203,81.81802585785056,-4.903193791633965,-2.605791089031509,59,0.054458700120449066,-0.03187476098537445,0.9922834038734436,1.3315496444702148,4.812539100646973,-4.0604400634765625,0.9089353486709614,283.8208147245906,0.0
142.253,81.81802585785056,-4.903193791633965,-2.605791089031509,59,0.054458700120449066,-0.03187476098537445,0.9922834038734436,1.3315496444702148,4.812539100646973,-4.0604400634765625,0.9089353486709614,283.8208147245906,0.0
142.303,81.81802585785056,-4.903193791633965,-2.605791089031509,59,0.054458700120449066,-0.03187476098537445,0.9922834038734436,1.3315496444702148,4.812539100646973,-4.0604400634765625,0.9089353486709614,283.8208147245906,0.0
142.353,81.81802585785056,-4.903193791633965,-2.605791089031509,59,0.054458700120449066,-0.03187476098537445,0.9922834038734436,1.3315496444702148,4.812539100646973,-4.0604400634765625,0.9089353486709614,283.8208147245906,0.0
142.404,81.81802585785056,-4.903193791633965,-2.605791089031509,59,0.054458700120449066,-0.03187476098537445,0.9922834038734436,1.3315496444702148,4.812539100646973,-4.0604400634765625,0.9089353486709614,283.8208147245906,0.0
142.454,81.81802585785056,-4.903193791633965,-2.605791089031509,59,0.054458700120449066,-0.03187476098537445,0.9922834038734436,1.3315496444702148,4.812539100646973,-4.0604400634765625,0.9089353486709614,283.8208147245906,0.0
142.504,81.81802585785056,-4.903193791633965,-2.605791089031509,59,0.054458700120449066,-0.03187476098537445,0.9922834038734436,1.3315496444702148,4.812539100646973,-4.0604400634765625,0.9089353486709614,283.8208147245906,0.0
142.555,81.81802585785056,-4.903193791633965,-2.605791089031509,59,0.054458700120449066,-0.03187476098537445,0.9922834038734436,1.3315496444702148,4.812539100646973,-4.0604400634765625,0.9089353486709614,283.8208147245906,0.0
142.605,81.81802585785056,-4.903193791633965,-2.605791089031509,59,0.054458700120449066,-0.03187476098537445,0.9922834038734436,1.3315496444702148,4.812539100646973,-4.0604400634765625,0.9089353486709614,283.8208147245906,0.0
142.655,81.81802585785056,-4.903193791633965,-2.605791089031509,59,0.054458700120449066,-0.03187476098537445,0.9922834038734436,1.3315496444702148,4.812539100646973,-4.0604400634765625,0.9089353486709614,283.8208147245906,0.0
142.706,81.81802585785056,-4.903193791633965,-2.605791089031509,59,0.054458700120449066,-0.03187476098537445,0.9922834038734436,1.3315496444702148,4.812539100646973,-4.0604400634765625,0.9089353486709614,283.8208147245906,0.0
142.756,81.81802585785056,-4.903193791633965,-2.605791089031509,59,0.054458700120449066,-0.03187476098537445,0.9922834038734436,1.3315496444702148,4.812539100646973,-4.0604400634765625,0.9089353486709614,251.11081841585343,0.0
142.806,81.81802585785056,-4.903193791633965,-2.605791089031509,59,0.054458700120449066,-0.03187476098537445,0.9922834038734436,1.3315496444702148,4.812539100646973,-4.0604400634765625,0.9089353486709614,251.11081841585343,0.0
142.857,81.81802585785056,-4.903193791633965,-2.605791089031509,59,0.054458700120449066,-0.03187476098537445,0.9922834038734436,1.3315496444702148,4.812539100646973,-4.0604400634765625,0.9089353486709614,251.11081841585343,0.0
142.907,81.81802585785056,-4.903193791633965,-2.605791089031509,59,0.054458700120449066,-0.03187476098537445,0.9922834038734436,1.3315496444702148,4.812539100646973,-4.0604400634765625,0.9089353486709614,251.11081841585343,0.0
142.958,81.81802585785056,-4.903193791633965,-2.605791089031509,59,0.054458700120449066,-0.03187476098537445,0.9922834038734436,1.3315496444702148,4.812539100646973,-4.0604400634765625,0.9089353486709614,251.11081841585343,0.0
143.008,81.81802585785056,-4.903193791633965,-2.605791089031509,59,0.054458700120449066,-0.03187476098537445,0.9922834038734436,1.3315496444702148,4.812539100646973,-4.0604400634765625,0.9089353486709614,251.11081841585343,0.0
143.059,81.81802585785056,-4.903193791633965,-2.605791089031509,59,0.054458700120449066,-0.03187476098537445,0.9922834038734436,1.3315496444702148,4.812539100646973,-4.0604400634765625,0.9089353486709614,251.11081841585343,0.0
143.109,81.81802585785056,-4.903193791633965,-2.605791089031509,59,0.054458700120449066,-0.03187476098537445,0.9922834038734436,1.3315496444702148,4.812539100646973,-4.0604400634765625,0.9089353486709614,251.11081841585343,0.0
143.16,81.81802585785056,-4.903193791633965,-2.605791089031509,59,0.054458700120449066,-0.03187476098537445,0.9922834038734436,1.3315496444702148,4.812539100646973,-4.0604400634765625,0.9089353486709614,251.11081841585343,0.0
143.21,81.81802585785056,-4.903193791633965,-2.605791089031509,59,0.054458700120449066,-0.03187476098537445,0.9922834038734436,1.3315496444702148,4.812539100646973,-4.0604400634765625,0.9089353486709614,251.11081841585343,0.0
143.26,81.81802585785056,-4.903193791633965,-2.605791089031509,59,0.054458700120449066,-0.03187476098537445,0.9922834038734436,1.3315496444702148,4.812539100646973,-4.0604400634765625,0.9089353486709614,285.5210347174949,0.0
143.311,81.81802585785056,-4.903193791633965,-2.605791089031509,59,0.054458700120449066,-0.03187476098537445,0.9922834038734436,1.3315496444702148,4.812539100646973,-4.0604400634765625,0.9089353486709614,285.5210347174949,0.0
143.361,81.81802585785056,-4.903193791633965,-2.605791089031509,59,0.054458700120449066,-0.03187476098537445,0.9922834038734436,1.3315496444702148,4.812539100646973,-4.0604400634765625,0.9089353486709614,285.5210347174949,0.0
143.411,81.81802585785056,-4.903193791633965,-2.605791089031509,59,0.054458700120449066,-0.03187476098537445,0.9922834038734436,1.3315496444702148,4.812539100646973,-4.0604400634765625,0.9089353486709614,285.5210347174949,0.0
143.462,81.81802585785056,-4.903193791633965,-2.605791089031509,59,0.054458700120449066,-0.03187476098537445,0.9922834038734436,1.3315496444702148,4.812539100646973,-4.0604400634765625,0.9089353486709614,285.5210347174949,0.0
143.512,81.81802585785056,-4.903193791633965,-2.605791089031509,59,0.054458700120449066,-0.03187476098537445,0.9922834038734436,1.3315496444702148,4.812539100646973,-4.0604400634765625,0.9089353486709614,285.5210347174949,0.0
143.562,81.81802585785056,-4.903193791633965,-2.605791089031509,59,0.054458700120449066,-0.03187476098537445,0.9922834038734436,1.3315496444702148,4.812539100646973,-4.0604400634765625,0.9089353486709614,285.5210347174949,0.0
143.613,81.81802585785056,-4.903193791633965,-2.605791089031509,59,0.054458700120449066,-0.03187476098537445,0.9922834038734436,1.3315496444702148,4.812539100646973,-4.0604400634765625,0.9089353486709614,285.5210347174949,0.0
143.663,81.81802585785056,-4.903193791633965,-2.605791089031509,59,0.054458700120449066,-0.03187476098537445,0.9922834038734436,1.3315496444702148,4.812539100646973,-4.0604400634765625,0.9089353486709614,285.5210347174949,0.0
143.714,81.81802585785056,-4.903193791633965,-2.605791089031509,59,0.054458700120449066,-0.03187476098537445,0.9922834038734436,1.3315496444702148,4.812539100646973,-4.0604400634765625,0.9089353486709614,285.5210347174949,0.0
143.764,81.81802585785056,-4.903193791633965,-2.605791089031509,59,0.054458700120449066,-0.03187476098537445,0.9922834038734436,1.3315496444702148,4.812539100646973,-4.0604400634765625,0.9089353486709614,285.5210347174949,0.0
143.814,81.81802585785056,-4.903193791633965,-2.605791089031509,59,0.054458700120449066,-0.03187476098537445,0.9922834038734436,1.3315496444702148,4.812539100646973,-4.0604400634765625,0.9089353486709614,271.3354897140639,0.0
143.865,81.81802585785056,-4.903193791633965,-2.605791089031509,59,0.054458700120449066,-0.03187476098537445,0.9922834038734436,1.3315496444702148,4.812539100646973,-4.0604400634765625,0.9089353486709614,271.3354897140639,0.0
143.915,81.81802585785056,-4.903193791633965,-2.605791089031509,59,0.054458700120449066,-0.03187476098537445,0.9922834038734436,1.3315496444702148,4.812539100646973,-4.0604400634765625,0.9089353486709614,271.3354897140639,0.0
143.965,81.81802585785056,-4.903193791633965,-2.605791089031509,59,0.054458700120449066,-0.03187476098537445,0.9922834038734436,1.3315496444702148,4.812539100646973,-4.0604400634765625,0.9089353486709614,271.3354897140639,0.0
144.015,81.81802585785056,-4.903193791633965,-2.605791089031509,59,0.054458700120449066,-0.03187476098537445,0.9922834038734436,1.3315496444702148,4.812539100646973,-4.0604400634765625,0.9089353486709614,271.3354897140639,0.0
144.066,81.81802585785056,-4.903193791633965,-2.605791089031509,59,0.054458700120449066,-0.03187476098537445,0.9922834038734436,1.3315496444702148,4.812539100646973,-4.0604400634765625,0.9089353486709614,271.3354897140639,0.0
144.116,81.81802585785056,-4.903193791633965,-2.605791089031509,59,0.054458700120449066,-0.03187476098537445,0.9922834038734436,1.3315496444702148,4.812539100646973,-4.0604400634765625,0.9089353486709614,271.3354897140639,0.0
144.166,81.81802585785056,-4.903193791633965,-2.605791089031509,59,0.054458700120449066,-0.03187476098537445,0.9922834038734436,1.3315496444702148,4.812539100646973,-4.0604400634765625,0.9089353486709614,271.3354897140639,0.0
144.217,81.81802585785056,-4.903193791633965,-2.605791089031509,59,0.054458700120449066,-0.03187476098537445,0.9922834038734436,1.3315496444702148,4.812539100646973,-4.0604400634765625,0.9089353486709614,271.3354897140639,0.0
144.267,81.81802585785056,-4.903193791633965,-2.605791089031509,59,0.054458700120449066,-0.03187476098537445,0.9922834038734436,1.3315496444702148,4.812539100646973,-4.0604400634765625,0.9089353486709614,271.3354897140639,0.0
144.318,81.81802585785056,-4.903193791633965,-2.605791089031509,59,0.054458700120449066,-0.03187476098537445,0.9922834038734436,1.3315496444702148,4.812539100646973,-4.0604400634765625,0.9089353486709614,282.88284885681526,0.0
144.368,81.81802585785056,-4.903193791633965,-2.605791089031509,59,0.054458700120449066,-0.03187476098537445,0.9922834038734436,1.3315496444702148,4.812539100646973,-4.0604400634765625,0.9089353486709614,282.88284885681526,0.0
144.419,81.81802585785056,-4.903193791633965,-2.605791089031509,59,0.054458700120449066,-0.03187476098537445,0.9922834038734436,1.3315496444702148,4.812539100646973,-4.0604400634765625,0.9089353486709614,282.88284885681526,0.0
144.469,81.81802585785056,-4.903193791633965,-2.605791089031509,59,0.054458700120449066,-0.03187476098537445,0.9922834038734436,1.3315496444702148,4.812539100646973,-4.0604400634765625,0.9089353486709614,282.88284885681526,0.0
144.519,81.81802585785056,-4.903193791633965,-2.605791089031509,59,0.054458700120449066,-0.03187476098537445,0.9922834038734436,1.3315496444702148,4.812539100646973,-4.0604400634765625,0.9089353486709614,282.88284885681526,0.0
144.569,81.81802585785056,-4.903193791633965,-2.605791089031509,59,0.054458700120449066,-0.03187476098537445,0.9922834038734436,1.3315496444702148,4.812539100646973,-4.0604400634765625,0.9089353486709614,282.88284885681526,0.0
144.62,81.81802585785056,-4.903193791633965,-2.605791089031509,59,0.054458700120449066,-0.03187476098537445,0.9922834038734436,1.3315496444702148,4.812539100646973,-4.0604400634765625,0.9089353486709614,282.88284885681526,0.0
144.67,81.81802585785056,-4.903193791633965,-2.605791089031509,59,0.054458700120449066,-0.03187476098537445,0.9922834038734436,1.3315496444702148,4.812539100646973,-4.0604400634765625,0.9089353486709614,282.88284885681526,0.0
144.72,81.81802585785056,-4.903193791633965,-2.605791089031509,59,0.054458700120449066,-0.03187476098537445,0.9922834038734436,1.3315496444702148,4.812539100646973,-4.0604400634765625,0.9089353486709614,282.88284885681526,0.0
144.771,81.81802585785056,-4.903193791633965,-2.605791089031509,59,0.054458700120449066,-0.03187476098537445,0.9922834038734436,1.3315496444702148,4.812539100646973,-4.0604400634765625,0.9089353486709614,282.88284885681526,0.0
144.821,81.81802585785056,-4.903193791633965,-2.605791089031509,59,0.054458700120449066,-0.03187476098537445,0.9922834038734436,1.3315496444702148,4.812539100646973,-4.0604400634765625,0.9089353486709614,282.88284885681526,0.0
144.871,81.81802585785056,-4.903193791633965,-2.605791089031509,59,0.054458700120449066,-0.03187476098537445,0.9922834038734436,1.3315496444702148,4.812539100646973,-4.0604400634765625,0.9089353486709614,285.3268027210884,0.0
144.922,81.81802585785056,-4.903193791633965,-2.605791089031509,59,0.054458700120449066,-0.03187476098537445,0.9922834038734436,1.3315496444702148,4.812539100646973,-4.0604400634765625,0.9089353486709614,285.3268027210884,0.0
144.972,81.81802585785056,-4.903193791633965,-2.605791089031509,59,0.054458700120449066,-0.03187476098537445,0.9922834038734436,1.3315496444702148,4.812539100646973,-4.0604400634765625,0.9089353486709614,285.3268027210884,0.0
145.023,81.81802585785056,-4.903193791633965,-2.605791089031509,59,0.054458700120449066,-0.03187476098537445,0.9922834038734436,1.3315496444702148,4.812539100646973,-4.0604400634765625,0.9089353486709614,285.3268027210884,0.0
145.074,81.81802585785056,-4.903193791633965,-2.605791089031509,59,0.054458700120449066,-0.03187476098537445,0.9922834038734436,1.3315496444702148,4.812539100646973,-4.0604400634765625,0.9089353486709614,285.3268027210884,0.0
145.124,81.81802585785056,-4.903193791633965,-2.605791089031509,59,0.054458700120449066,-0.03187476098537445,0.9922834038734436,1.3315496444702148,4.812539100646973,-4.0604400634765625,0.9089353486709614,285.3268027210884,0.0
145.174,81.81802585785056,-4.903193791633965,-2.605791089031509,59,0.054458700120449066,-0.03187476098537445,0.9922834038734436,1.3315496444702148,4.812539100646973,-4.0604400634765625,0.9089353486709614,285.3268027210884,0.0
145.225,81.81802585785056,-4.903193791633965,-2.605791089031509,59,0.054458700120449066,-0.03187476098537445,0.9922834038734436,1.3315496444702148,4.812539100646973,-4.0604400634765625,0.9089353486709614,285.3268027210884,0.0
145.276,81.81802585785056,-4.903193791633965,-2.605791089031509,59,0.054458700120449066,-0.03187476098537445,0.9922834038734436,1.3315496444702148,4.812539100646973,-4.0604400634765625,0.9089353486709614,285.3268027210884,0.0
145.326,81.81802585785056,-4.903193791633965,-2.605791089031509,59,0.054458700120449066,-0.03187476098537445,0.9922834038734436,1.3315496444702148,4.812539100646973,-4.0604400634765625,0.9089353486709614,285.3268027210884,0.0
145.376,81.81802585785056,-4.903193791633965,-2.605791089031509,59,0.054458700120449066,-0.03187476098537445,0.9922834038734436,1.3315496444702148,4.812539100646973,-4.0604400634765625,0.9089353486709614,285.3268027210884,0.0
145.426,81.81802585785056,-4.903193791633965,-2.605791089031509,59,0.054458700120449066,-0.03187476098537445,0.9922834038734436,1.3315496444702148,4.812539100646973,-4.0604400634765625,0.9089353486709614,280.3679144385027,0.0
145.477,81.81802585785056,-4.903193791633965,-2.605791089031509,59,0.054458700120449066,-0.03187476098537445,0.9922834038734436,1.3315496444702148,4.812539100646973,-4.0604400634765625,0.9089353486709614,280.3679144385027,0.0
145.527,81.81802585785056,-4.903193791633965,-2.605791089031509,59,0.054458700120449066,-0.03187476098537445,0.9922834038734436,1.3315496444702148,4.812539100646973,-4.0604400634765625,0.9089353486709614,280.3679144385027,0.0
145.577,81.81802585785056,-4.903193791633965,-2.605791089031509,59,0.054458700120449066,-0.03187476098537445,0.9922834038734436,1.3315496444702148,4.812539100646973,-4.0604400634765625,0.9089353486709614,280.3679144385027,0.0
145.628,81.81802585785056,-4.903193791633965,-2.605791089031509,59,0.054458700120449066,-0.03187476098537445,0.9922834038734436,1.3315496444702148,4.812539100646973,-4.0604400634765625,0.9089353486709614,280.3679144385027,0.0
145.678,81.81802585785056,-4.903193791633965,-2.605791089031509,59,0.054458700120449066,-0.03187476098537445,0.9922834038734436,1.3315496444702148,4.812539100646973,-4.0604400634765625,0.9089353486709614,280.3679144385027,0.0
145.728,81.81802585785056,-4.903193791633965,-2.605791089031509,59,0.054458700120449066,-0.03187476098537445,0.9922834038734436,1.3315496444702148,4.812539100646973,-4.0604400634765625,0.9089353486709614,280.3679144385027,0.0
145.778,81.81802585785056,-4.903193791633965,-2.605791089031509,59,0.054458700120449066,-0.03187476098537445,0.9922834038734436,1.3315496444702148,4.812539100646973,-4.0604400634765625,0.9089353486709614,280.3679144385027,0.0
145.829,81.81802585785056,-4.903193791633965,-2.605791089031509,59,0.054458700120449066,-0.03187476098537445,0.9922834038734436,1.3315496444702148,4.812539100646973,-4.0604400634765625,0.9089353486709614,280.3679144385027,0.0
145.879,81.81802585785056,-4.903193791633965,-2.605791089031509,59,0.054458700120449066,-0.03187476098537445,0.9922834038734436,1.3315496444702148,4.812539100646973,-4.0604400634765625,0.9089353486709614,280.3679144385027,0.0
145.929,81.81802585785056,-4.903193791633965,-2.605791089031509,59,0.054458700120449066,-0.03187476098537445,0.9922834038734436,1.3315496444702148,4.812539100646973,-4.0604400634765625,0.9089353486709614,285.6377008989376,0.0
145.979,81.81802585785056,-4.903193791633965,-2.605791089031509,59,0.054458700120449066,-0.03187476098537445,0.9922834038734436,1.3315496444702148,4.812539100646973,-4.0604400634765625,0.9089353486709614,285.6377008989376,0.0
146.03,81.81802585785056,-4.903193791633965,-2.605791089031509,59,0.054458700120449066,-0.03187476098537445,0.9922834038734436,1.3315496444702148,4.812539100646973,-4.0604400634765625,0.9089353486709614,285.6377008989376,0.0
146.081,81.81802585785056,-4.903193791633965,-2.605791089031509,59,0.054458700120449066,-0.03187476098537445,0.9922834038734436,1.3315496444702148,4.812539100646973,-4.0604400634765625,0.9089353486709614,285.6377008989376,0.0
146.131,81.81802585785056,-4.903193791633965,-2.605791089031509,59,0.054458700120449066,-0.03187476098537445,0.9922834038734436,1.3315496444702148,4.812539100646973,-4.0604400634765625,0.9089353486709614,285.6377008989376,0.0
146.181,81.81802585785056,-4.903193791633965,-2.605791089031509,59,0.054458700120449066,-0.03187476098537445,0.9922834038734436,1.3315496444702148,4.812539100646973,-4.0604400634765625,0.9089353486709614,285.6377008989376,0.0
146.232,81.81802585785056,-4.903193791633965,-2.605791089031509,59,0.054458700120449066,-0.03187476098537445,0.9922834038734436,1.3315496444702148,4.812539100646973,-4.0604400634765625,0.9089353486709614,285.6377008989376,0.0
146.282,81.81802585785056,-4.903193791633965,-2.605791089031509,59,0.054458700120449066,-0.03187476098537445,0.9922834038734436,1.3315496444702148,4.812539100646973,-4.0604400634765625,0.9089353486709614,285.6377008989376,0.0
